<?xml version="1.0" encoding="UTF-8"?>
<gpx xmlns:gpxdata="http://www.cluetrust.com/XML/GPXDATA/1/0" xmlns:xsi="http://www.w3.org/2001/XMLSchema-instance" xmlns="http://www.topografix.com/GPX/1/1" version="1.1" creator="http://ridewithgps.com/" xsi:schemaLocation="http://www.topografix.com/GPX/1/1 http://www.topografix.com/GPX/1/1/gpx.xsd http://www.cluetrust.com/XML/GPXDATA/1/0 http://www.cluetrust.com/Schemas/gpxdata10.xsd">
  <metadata>
    <name>Crater Lake Rim Loop from Crater Lake Lodge</name>
    <link href="https://ridewithgps.com/routes/10868996">
      <text>Crater Lake Rim Loop from Crater Lake Lodge</text>
    </link>
    <time>2015-10-19T11:33:47Z</time>
  </metadata>
  <trk>
    <name>Crater Lake Rim Loop from Crater Lake Lodge</name>
    <trkseg>
      <trkpt lat="42.90969" lon="-122.14099">
        <ele>2161.7</ele>
      </trkpt>
      <trkpt lat="42.9097" lon="-122.14099">
        <ele>2161.6</ele>
      </trkpt>
      <trkpt lat="42.909709" lon="-122.141">
        <ele>2161.6</ele>
      </trkpt>
      <trkpt lat="42.90972" lon="-122.14101">
        <ele>2161.6</ele>
      </trkpt>
      <trkpt lat="42.90973" lon="-122.14103">
        <ele>2161.7</ele>
      </trkpt>
      <trkpt lat="42.909745" lon="-122.141037">
        <ele>2161.6</ele>
      </trkpt>
      <trkpt lat="42.90975" lon="-122.14104">
        <ele>2161.6</ele>
      </trkpt>
      <trkpt lat="42.90976" lon="-122.14106">
        <ele>2161.6</ele>
      </trkpt>
      <trkpt lat="42.90977" lon="-122.14108">
        <ele>2161.6</ele>
      </trkpt>
      <trkpt lat="42.90978" lon="-122.14109">
        <ele>2161.6</ele>
      </trkpt>
      <trkpt lat="42.909782" lon="-122.141094">
        <ele>2161.6</ele>
      </trkpt>
      <trkpt lat="42.90979" lon="-122.14111">
        <ele>2161.6</ele>
      </trkpt>
      <trkpt lat="42.9098" lon="-122.14115">
        <ele>2161.7</ele>
      </trkpt>
      <trkpt lat="42.90981" lon="-122.14119">
        <ele>2161.8</ele>
      </trkpt>
      <trkpt lat="42.90982" lon="-122.14124">
        <ele>2161.9</ele>
      </trkpt>
      <trkpt lat="42.90988" lon="-122.14167">
        <ele>2163.4</ele>
      </trkpt>
      <trkpt lat="42.90991" lon="-122.14192">
        <ele>2164.3</ele>
      </trkpt>
      <trkpt lat="42.90991" lon="-122.14192">
        <ele>2164.3</ele>
      </trkpt>
      <trkpt lat="42.91017" lon="-122.14228">
        <ele>2164.6</ele>
      </trkpt>
      <trkpt lat="42.91039" lon="-122.14266">
        <ele>2164.1</ele>
      </trkpt>
      <trkpt lat="42.91055" lon="-122.14293">
        <ele>2163.3</ele>
      </trkpt>
      <trkpt lat="42.91075" lon="-122.1434">
        <ele>2164.0</ele>
      </trkpt>
      <trkpt lat="42.91092" lon="-122.14383">
        <ele>2164.8</ele>
      </trkpt>
      <trkpt lat="42.91102" lon="-122.14417">
        <ele>2164.7</ele>
      </trkpt>
      <trkpt lat="42.91117" lon="-122.14472">
        <ele>2163.6</ele>
      </trkpt>
      <trkpt lat="42.91127" lon="-122.14512">
        <ele>2163.4</ele>
      </trkpt>
      <trkpt lat="42.91132" lon="-122.14534">
        <ele>2163.4</ele>
      </trkpt>
      <trkpt lat="42.91133" lon="-122.14541">
        <ele>2163.4</ele>
      </trkpt>
      <trkpt lat="42.91133" lon="-122.14546">
        <ele>2163.6</ele>
      </trkpt>
      <trkpt lat="42.91133" lon="-122.14552">
        <ele>2163.9</ele>
      </trkpt>
      <trkpt lat="42.91132" lon="-122.14558">
        <ele>2164.4</ele>
      </trkpt>
      <trkpt lat="42.9113" lon="-122.14564">
        <ele>2165.2</ele>
      </trkpt>
      <trkpt lat="42.91127" lon="-122.1457">
        <ele>2166.0</ele>
      </trkpt>
      <trkpt lat="42.91123" lon="-122.14577">
        <ele>2167.1</ele>
      </trkpt>
      <trkpt lat="42.91114" lon="-122.14586">
        <ele>2168.7</ele>
      </trkpt>
      <trkpt lat="42.91106" lon="-122.14593">
        <ele>2169.7</ele>
      </trkpt>
      <trkpt lat="42.91101" lon="-122.146">
        <ele>2170.4</ele>
      </trkpt>
      <trkpt lat="42.91096" lon="-122.14606">
        <ele>2170.9</ele>
      </trkpt>
      <trkpt lat="42.91089" lon="-122.14617">
        <ele>2171.7</ele>
      </trkpt>
      <trkpt lat="42.91084" lon="-122.14628">
        <ele>2171.9</ele>
      </trkpt>
      <trkpt lat="42.9108" lon="-122.14641">
        <ele>2171.6</ele>
      </trkpt>
      <trkpt lat="42.91077" lon="-122.14651">
        <ele>2171.3</ele>
      </trkpt>
      <trkpt lat="42.91075" lon="-122.14667">
        <ele>2171.1</ele>
      </trkpt>
      <trkpt lat="42.91073" lon="-122.14687">
        <ele>2170.8</ele>
      </trkpt>
      <trkpt lat="42.910739" lon="-122.14703">
        <ele>2171.0</ele>
      </trkpt>
      <trkpt lat="42.91075" lon="-122.14723">
        <ele>2170.8</ele>
      </trkpt>
      <trkpt lat="42.91075" lon="-122.14726">
        <ele>2170.7</ele>
      </trkpt>
      <trkpt lat="42.91077" lon="-122.14737">
        <ele>2170.9</ele>
      </trkpt>
      <trkpt lat="42.91079" lon="-122.14749">
        <ele>2170.9</ele>
      </trkpt>
      <trkpt lat="42.91081" lon="-122.14759">
        <ele>2170.8</ele>
      </trkpt>
      <trkpt lat="42.91083" lon="-122.14765">
        <ele>2170.7</ele>
      </trkpt>
      <trkpt lat="42.91086" lon="-122.14769">
        <ele>2170.6</ele>
      </trkpt>
      <trkpt lat="42.91088" lon="-122.14772">
        <ele>2170.5</ele>
      </trkpt>
      <trkpt lat="42.91089" lon="-122.14773">
        <ele>2170.5</ele>
      </trkpt>
      <trkpt lat="42.91093" lon="-122.14778">
        <ele>2170.3</ele>
      </trkpt>
      <trkpt lat="42.91099" lon="-122.14782">
        <ele>2170.1</ele>
      </trkpt>
      <trkpt lat="42.91104" lon="-122.14784">
        <ele>2170.0</ele>
      </trkpt>
      <trkpt lat="42.91106" lon="-122.14784">
        <ele>2170.1</ele>
      </trkpt>
      <trkpt lat="42.91109" lon="-122.14785">
        <ele>2170.2</ele>
      </trkpt>
      <trkpt lat="42.91114" lon="-122.14786">
        <ele>2170.3</ele>
      </trkpt>
      <trkpt lat="42.91117" lon="-122.14785">
        <ele>2170.5</ele>
      </trkpt>
      <trkpt lat="42.911209" lon="-122.14784">
        <ele>2170.7</ele>
      </trkpt>
      <trkpt lat="42.91128" lon="-122.14781">
        <ele>2170.8</ele>
      </trkpt>
      <trkpt lat="42.91135" lon="-122.14774">
        <ele>2170.8</ele>
      </trkpt>
      <trkpt lat="42.9114" lon="-122.14767">
        <ele>2170.7</ele>
      </trkpt>
      <trkpt lat="42.91143" lon="-122.14761">
        <ele>2170.6</ele>
      </trkpt>
      <trkpt lat="42.91143" lon="-122.14759">
        <ele>2170.7</ele>
      </trkpt>
      <trkpt lat="42.91145" lon="-122.14753">
        <ele>2170.7</ele>
      </trkpt>
      <trkpt lat="42.91148" lon="-122.14735">
        <ele>2170.9</ele>
      </trkpt>
      <trkpt lat="42.91151" lon="-122.14726">
        <ele>2170.7</ele>
      </trkpt>
      <trkpt lat="42.91154" lon="-122.14719">
        <ele>2170.4</ele>
      </trkpt>
      <trkpt lat="42.91157" lon="-122.14714">
        <ele>2169.9</ele>
      </trkpt>
      <trkpt lat="42.9116" lon="-122.14711">
        <ele>2169.5</ele>
      </trkpt>
      <trkpt lat="42.91162" lon="-122.14709">
        <ele>2169.2</ele>
      </trkpt>
      <trkpt lat="42.91166" lon="-122.14706">
        <ele>2168.6</ele>
      </trkpt>
      <trkpt lat="42.91171" lon="-122.14704">
        <ele>2167.9</ele>
      </trkpt>
      <trkpt lat="42.91176" lon="-122.14704">
        <ele>2167.1</ele>
      </trkpt>
      <trkpt lat="42.91181" lon="-122.14705">
        <ele>2166.3</ele>
      </trkpt>
      <trkpt lat="42.91186" lon="-122.14708">
        <ele>2165.5</ele>
      </trkpt>
      <trkpt lat="42.9119" lon="-122.14712">
        <ele>2164.8</ele>
      </trkpt>
      <trkpt lat="42.91193" lon="-122.14716">
        <ele>2164.2</ele>
      </trkpt>
      <trkpt lat="42.91195" lon="-122.1472">
        <ele>2163.9</ele>
      </trkpt>
      <trkpt lat="42.911969" lon="-122.14725">
        <ele>2163.5</ele>
      </trkpt>
      <trkpt lat="42.91198" lon="-122.14731">
        <ele>2163.4</ele>
      </trkpt>
      <trkpt lat="42.91198" lon="-122.14738">
        <ele>2163.4</ele>
      </trkpt>
      <trkpt lat="42.91198" lon="-122.14745">
        <ele>2163.5</ele>
      </trkpt>
      <trkpt lat="42.911969" lon="-122.14754">
        <ele>2163.8</ele>
      </trkpt>
      <trkpt lat="42.91194" lon="-122.14767">
        <ele>2164.8</ele>
      </trkpt>
      <trkpt lat="42.91191" lon="-122.1478">
        <ele>2165.6</ele>
      </trkpt>
      <trkpt lat="42.91183" lon="-122.14798">
        <ele>2166.1</ele>
      </trkpt>
      <trkpt lat="42.91183" lon="-122.14798">
        <ele>2166.1</ele>
      </trkpt>
      <trkpt lat="42.91226" lon="-122.14866">
        <ele>2161.1</ele>
      </trkpt>
      <trkpt lat="42.91274" lon="-122.1494">
        <ele>2152.5</ele>
      </trkpt>
      <trkpt lat="42.91314" lon="-122.15001">
        <ele>2150.9</ele>
      </trkpt>
      <trkpt lat="42.91345" lon="-122.15053">
        <ele>2143.7</ele>
      </trkpt>
      <trkpt lat="42.91376" lon="-122.1512">
        <ele>2144.2</ele>
      </trkpt>
      <trkpt lat="42.91388" lon="-122.15153">
        <ele>2148.0</ele>
      </trkpt>
      <trkpt lat="42.91405" lon="-122.15212">
        <ele>2152.9</ele>
      </trkpt>
      <trkpt lat="42.91415" lon="-122.15262">
        <ele>2155.6</ele>
      </trkpt>
      <trkpt lat="42.91426" lon="-122.15322">
        <ele>2157.0</ele>
      </trkpt>
      <trkpt lat="42.91433" lon="-122.15375">
        <ele>2156.4</ele>
      </trkpt>
      <trkpt lat="42.91436" lon="-122.15426">
        <ele>2157.3</ele>
      </trkpt>
      <trkpt lat="42.91437" lon="-122.15484">
        <ele>2157.7</ele>
      </trkpt>
      <trkpt lat="42.91436" lon="-122.15573">
        <ele>2154.8</ele>
      </trkpt>
      <trkpt lat="42.91437" lon="-122.15683">
        <ele>2144.5</ele>
      </trkpt>
      <trkpt lat="42.91435" lon="-122.15766">
        <ele>2141.4</ele>
      </trkpt>
      <trkpt lat="42.91437" lon="-122.15815">
        <ele>2140.8</ele>
      </trkpt>
      <trkpt lat="42.9144" lon="-122.1584">
        <ele>2140.8</ele>
      </trkpt>
      <trkpt lat="42.91444" lon="-122.15861">
        <ele>2141.2</ele>
      </trkpt>
      <trkpt lat="42.91455" lon="-122.15908">
        <ele>2142.5</ele>
      </trkpt>
      <trkpt lat="42.91469" lon="-122.15948">
        <ele>2144.5</ele>
      </trkpt>
      <trkpt lat="42.91484" lon="-122.15982">
        <ele>2145.7</ele>
      </trkpt>
      <trkpt lat="42.91498" lon="-122.16007">
        <ele>2146.9</ele>
      </trkpt>
      <trkpt lat="42.91513" lon="-122.16031">
        <ele>2149.2</ele>
      </trkpt>
      <trkpt lat="42.9153" lon="-122.16052">
        <ele>2151.6</ele>
      </trkpt>
      <trkpt lat="42.91549" lon="-122.16072">
        <ele>2155.4</ele>
      </trkpt>
      <trkpt lat="42.91569" lon="-122.16089">
        <ele>2155.3</ele>
      </trkpt>
      <trkpt lat="42.91589" lon="-122.16103">
        <ele>2154.5</ele>
      </trkpt>
      <trkpt lat="42.91611" lon="-122.16115">
        <ele>2154.1</ele>
      </trkpt>
      <trkpt lat="42.916289" lon="-122.16123">
        <ele>2154.1</ele>
      </trkpt>
      <trkpt lat="42.916469" lon="-122.16128">
        <ele>2155.0</ele>
      </trkpt>
      <trkpt lat="42.91666" lon="-122.16132">
        <ele>2156.6</ele>
      </trkpt>
      <trkpt lat="42.916849" lon="-122.16134">
        <ele>2156.3</ele>
      </trkpt>
      <trkpt lat="42.91704" lon="-122.16135">
        <ele>2153.5</ele>
      </trkpt>
      <trkpt lat="42.91722" lon="-122.16133">
        <ele>2151.5</ele>
      </trkpt>
      <trkpt lat="42.917409" lon="-122.16129">
        <ele>2150.2</ele>
      </trkpt>
      <trkpt lat="42.917589" lon="-122.16124">
        <ele>2150.2</ele>
      </trkpt>
      <trkpt lat="42.91777" lon="-122.16119">
        <ele>2150.5</ele>
      </trkpt>
      <trkpt lat="42.91822" lon="-122.16114">
        <ele>2153.5</ele>
      </trkpt>
      <trkpt lat="42.91839" lon="-122.16116">
        <ele>2155.0</ele>
      </trkpt>
      <trkpt lat="42.91854" lon="-122.16121">
        <ele>2156.0</ele>
      </trkpt>
      <trkpt lat="42.91871" lon="-122.16129">
        <ele>2156.3</ele>
      </trkpt>
      <trkpt lat="42.918819" lon="-122.16137">
        <ele>2155.5</ele>
      </trkpt>
      <trkpt lat="42.91898" lon="-122.16149">
        <ele>2154.7</ele>
      </trkpt>
      <trkpt lat="42.91917" lon="-122.16166">
        <ele>2154.6</ele>
      </trkpt>
      <trkpt lat="42.91931" lon="-122.16178">
        <ele>2155.1</ele>
      </trkpt>
      <trkpt lat="42.91949" lon="-122.16194">
        <ele>2158.3</ele>
      </trkpt>
      <trkpt lat="42.91965" lon="-122.1621">
        <ele>2162.0</ele>
      </trkpt>
      <trkpt lat="42.91987" lon="-122.16229">
        <ele>2163.1</ele>
      </trkpt>
      <trkpt lat="42.920029" lon="-122.16241">
        <ele>2164.3</ele>
      </trkpt>
      <trkpt lat="42.92016" lon="-122.16251">
        <ele>2165.0</ele>
      </trkpt>
      <trkpt lat="42.92027" lon="-122.16262">
        <ele>2165.9</ele>
      </trkpt>
      <trkpt lat="42.92037" lon="-122.16272">
        <ele>2167.0</ele>
      </trkpt>
      <trkpt lat="42.92047" lon="-122.16284">
        <ele>2168.3</ele>
      </trkpt>
      <trkpt lat="42.92055" lon="-122.16296">
        <ele>2169.4</ele>
      </trkpt>
      <trkpt lat="42.92061" lon="-122.16304">
        <ele>2170.1</ele>
      </trkpt>
      <trkpt lat="42.92065" lon="-122.16314">
        <ele>2170.5</ele>
      </trkpt>
      <trkpt lat="42.92073" lon="-122.1633">
        <ele>2172.2</ele>
      </trkpt>
      <trkpt lat="42.92078" lon="-122.16343">
        <ele>2173.5</ele>
      </trkpt>
      <trkpt lat="42.92082" lon="-122.16358">
        <ele>2175.5</ele>
      </trkpt>
      <trkpt lat="42.92087" lon="-122.16375">
        <ele>2179.3</ele>
      </trkpt>
      <trkpt lat="42.92092" lon="-122.16396">
        <ele>2181.3</ele>
      </trkpt>
      <trkpt lat="42.92098" lon="-122.1642">
        <ele>2182.3</ele>
      </trkpt>
      <trkpt lat="42.92107" lon="-122.16452">
        <ele>2182.1</ele>
      </trkpt>
      <trkpt lat="42.9212" lon="-122.16484">
        <ele>2182.0</ele>
      </trkpt>
      <trkpt lat="42.92134" lon="-122.16507">
        <ele>2181.8</ele>
      </trkpt>
      <trkpt lat="42.92149" lon="-122.16526">
        <ele>2181.5</ele>
      </trkpt>
      <trkpt lat="42.92162" lon="-122.1654">
        <ele>2181.1</ele>
      </trkpt>
      <trkpt lat="42.92177" lon="-122.16551">
        <ele>2180.4</ele>
      </trkpt>
      <trkpt lat="42.921909" lon="-122.16559">
        <ele>2179.1</ele>
      </trkpt>
      <trkpt lat="42.92224" lon="-122.16574">
        <ele>2175.2</ele>
      </trkpt>
      <trkpt lat="42.92282" lon="-122.16596">
        <ele>2171.1</ele>
      </trkpt>
      <trkpt lat="42.92333" lon="-122.16615">
        <ele>2171.0</ele>
      </trkpt>
      <trkpt lat="42.92381" lon="-122.16633">
        <ele>2171.2</ele>
      </trkpt>
      <trkpt lat="42.9247" lon="-122.16666">
        <ele>2167.7</ele>
      </trkpt>
      <trkpt lat="42.925579" lon="-122.16699">
        <ele>2162.9</ele>
      </trkpt>
      <trkpt lat="42.92595" lon="-122.16712">
        <ele>2163.0</ele>
      </trkpt>
      <trkpt lat="42.92633" lon="-122.1673">
        <ele>2162.8</ele>
      </trkpt>
      <trkpt lat="42.92653" lon="-122.16741">
        <ele>2163.6</ele>
      </trkpt>
      <trkpt lat="42.92676" lon="-122.1676">
        <ele>2165.2</ele>
      </trkpt>
      <trkpt lat="42.92705" lon="-122.16786">
        <ele>2168.7</ele>
      </trkpt>
      <trkpt lat="42.9273" lon="-122.16812">
        <ele>2170.9</ele>
      </trkpt>
      <trkpt lat="42.92752" lon="-122.16839">
        <ele>2172.2</ele>
      </trkpt>
      <trkpt lat="42.92772" lon="-122.16867">
        <ele>2173.4</ele>
      </trkpt>
      <trkpt lat="42.92794" lon="-122.16898">
        <ele>2175.2</ele>
      </trkpt>
      <trkpt lat="42.9281" lon="-122.16928">
        <ele>2176.8</ele>
      </trkpt>
      <trkpt lat="42.92827" lon="-122.16967">
        <ele>2181.2</ele>
      </trkpt>
      <trkpt lat="42.92842" lon="-122.17006">
        <ele>2183.6</ele>
      </trkpt>
      <trkpt lat="42.9286" lon="-122.17044">
        <ele>2183.8</ele>
      </trkpt>
      <trkpt lat="42.92874" lon="-122.17067">
        <ele>2183.6</ele>
      </trkpt>
      <trkpt lat="42.92886" lon="-122.17082">
        <ele>2183.7</ele>
      </trkpt>
      <trkpt lat="42.92901" lon="-122.171">
        <ele>2183.9</ele>
      </trkpt>
      <trkpt lat="42.92919" lon="-122.17115">
        <ele>2185.1</ele>
      </trkpt>
      <trkpt lat="42.92938" lon="-122.17127">
        <ele>2187.5</ele>
      </trkpt>
      <trkpt lat="42.92965" lon="-122.17138">
        <ele>2187.8</ele>
      </trkpt>
      <trkpt lat="42.92996" lon="-122.17142">
        <ele>2189.0</ele>
      </trkpt>
      <trkpt lat="42.93019" lon="-122.17142">
        <ele>2189.6</ele>
      </trkpt>
      <trkpt lat="42.93037" lon="-122.17137">
        <ele>2189.0</ele>
      </trkpt>
      <trkpt lat="42.93051" lon="-122.1713">
        <ele>2188.3</ele>
      </trkpt>
      <trkpt lat="42.93076" lon="-122.17113">
        <ele>2181.8</ele>
      </trkpt>
      <trkpt lat="42.93107" lon="-122.1709">
        <ele>2178.2</ele>
      </trkpt>
      <trkpt lat="42.93131" lon="-122.17075">
        <ele>2178.5</ele>
      </trkpt>
      <trkpt lat="42.93173" lon="-122.17053">
        <ele>2178.1</ele>
      </trkpt>
      <trkpt lat="42.932139" lon="-122.17025">
        <ele>2178.1</ele>
      </trkpt>
      <trkpt lat="42.93236" lon="-122.17008">
        <ele>2178.2</ele>
      </trkpt>
      <trkpt lat="42.93281" lon="-122.16977">
        <ele>2177.8</ele>
      </trkpt>
      <trkpt lat="42.93301" lon="-122.16968">
        <ele>2177.4</ele>
      </trkpt>
      <trkpt lat="42.93318" lon="-122.16963">
        <ele>2176.7</ele>
      </trkpt>
      <trkpt lat="42.93332" lon="-122.16961">
        <ele>2176.1</ele>
      </trkpt>
      <trkpt lat="42.93352" lon="-122.16961">
        <ele>2177.5</ele>
      </trkpt>
      <trkpt lat="42.93369" lon="-122.16964">
        <ele>2180.1</ele>
      </trkpt>
      <trkpt lat="42.93392" lon="-122.16972">
        <ele>2182.8</ele>
      </trkpt>
      <trkpt lat="42.93414" lon="-122.16982">
        <ele>2185.5</ele>
      </trkpt>
      <trkpt lat="42.93441" lon="-122.16996">
        <ele>2187.0</ele>
      </trkpt>
      <trkpt lat="42.93474" lon="-122.17014">
        <ele>2188.1</ele>
      </trkpt>
      <trkpt lat="42.935139" lon="-122.17034">
        <ele>2189.9</ele>
      </trkpt>
      <trkpt lat="42.93548" lon="-122.17052">
        <ele>2190.6</ele>
      </trkpt>
      <trkpt lat="42.93583" lon="-122.1707">
        <ele>2191.7</ele>
      </trkpt>
      <trkpt lat="42.93623" lon="-122.17092">
        <ele>2192.9</ele>
      </trkpt>
      <trkpt lat="42.93679" lon="-122.17123">
        <ele>2200.0</ele>
      </trkpt>
      <trkpt lat="42.937109" lon="-122.17144">
        <ele>2203.4</ele>
      </trkpt>
      <trkpt lat="42.93744" lon="-122.17174">
        <ele>2206.1</ele>
      </trkpt>
      <trkpt lat="42.93775" lon="-122.17204">
        <ele>2208.0</ele>
      </trkpt>
      <trkpt lat="42.93807" lon="-122.17241">
        <ele>2217.7</ele>
      </trkpt>
      <trkpt lat="42.938339" lon="-122.17275">
        <ele>2220.2</ele>
      </trkpt>
      <trkpt lat="42.93861" lon="-122.17318">
        <ele>2220.6</ele>
      </trkpt>
      <trkpt lat="42.93882" lon="-122.17358">
        <ele>2220.5</ele>
      </trkpt>
      <trkpt lat="42.93902" lon="-122.174">
        <ele>2217.8</ele>
      </trkpt>
      <trkpt lat="42.93922" lon="-122.17448">
        <ele>2223.5</ele>
      </trkpt>
      <trkpt lat="42.93941" lon="-122.17503">
        <ele>2234.3</ele>
      </trkpt>
      <trkpt lat="42.9396" lon="-122.17553">
        <ele>2243.9</ele>
      </trkpt>
      <trkpt lat="42.93979" lon="-122.17609">
        <ele>2245.7</ele>
      </trkpt>
      <trkpt lat="42.93994" lon="-122.17661">
        <ele>2246.9</ele>
      </trkpt>
      <trkpt lat="42.94008" lon="-122.17718">
        <ele>2251.4</ele>
      </trkpt>
      <trkpt lat="42.94013" lon="-122.17753">
        <ele>2254.2</ele>
      </trkpt>
      <trkpt lat="42.94018" lon="-122.17802">
        <ele>2257.8</ele>
      </trkpt>
      <trkpt lat="42.9402" lon="-122.1783">
        <ele>2258.7</ele>
      </trkpt>
      <trkpt lat="42.94021" lon="-122.17864">
        <ele>2258.8</ele>
      </trkpt>
      <trkpt lat="42.94023" lon="-122.17895">
        <ele>2259.2</ele>
      </trkpt>
      <trkpt lat="42.94024" lon="-122.17928">
        <ele>2258.1</ele>
      </trkpt>
      <trkpt lat="42.94027" lon="-122.17948">
        <ele>2257.6</ele>
      </trkpt>
      <trkpt lat="42.940309" lon="-122.17968">
        <ele>2256.9</ele>
      </trkpt>
      <trkpt lat="42.94044" lon="-122.18003">
        <ele>2256.4</ele>
      </trkpt>
      <trkpt lat="42.94059" lon="-122.18028">
        <ele>2256.0</ele>
      </trkpt>
      <trkpt lat="42.94073" lon="-122.1804">
        <ele>2256.3</ele>
      </trkpt>
      <trkpt lat="42.94088" lon="-122.18051">
        <ele>2256.4</ele>
      </trkpt>
      <trkpt lat="42.94106" lon="-122.1806">
        <ele>2257.7</ele>
      </trkpt>
      <trkpt lat="42.941249" lon="-122.18063">
        <ele>2260.3</ele>
      </trkpt>
      <trkpt lat="42.94145" lon="-122.18063">
        <ele>2260.8</ele>
      </trkpt>
      <trkpt lat="42.94161" lon="-122.18059">
        <ele>2260.9</ele>
      </trkpt>
      <trkpt lat="42.94179" lon="-122.18051">
        <ele>2261.1</ele>
      </trkpt>
      <trkpt lat="42.94194" lon="-122.1804">
        <ele>2261.3</ele>
      </trkpt>
      <trkpt lat="42.94208" lon="-122.18026">
        <ele>2261.7</ele>
      </trkpt>
      <trkpt lat="42.94222" lon="-122.1801">
        <ele>2262.3</ele>
      </trkpt>
      <trkpt lat="42.94243" lon="-122.17981">
        <ele>2267.8</ele>
      </trkpt>
      <trkpt lat="42.942659" lon="-122.17946">
        <ele>2271.6</ele>
      </trkpt>
      <trkpt lat="42.94292" lon="-122.17909">
        <ele>2272.2</ele>
      </trkpt>
      <trkpt lat="42.94314" lon="-122.17881">
        <ele>2271.2</ele>
      </trkpt>
      <trkpt lat="42.94335" lon="-122.17855">
        <ele>2268.1</ele>
      </trkpt>
      <trkpt lat="42.94356" lon="-122.17829">
        <ele>2268.9</ele>
      </trkpt>
      <trkpt lat="42.94371" lon="-122.17807">
        <ele>2270.9</ele>
      </trkpt>
      <trkpt lat="42.94383" lon="-122.17788">
        <ele>2267.4</ele>
      </trkpt>
      <trkpt lat="42.94393" lon="-122.17766">
        <ele>2265.0</ele>
      </trkpt>
      <trkpt lat="42.94397" lon="-122.17748">
        <ele>2266.8</ele>
      </trkpt>
      <trkpt lat="42.94405" lon="-122.17711">
        <ele>2279.0</ele>
      </trkpt>
      <trkpt lat="42.94413" lon="-122.1767">
        <ele>2284.0</ele>
      </trkpt>
      <trkpt lat="42.94421" lon="-122.17631">
        <ele>2286.0</ele>
      </trkpt>
      <trkpt lat="42.94427" lon="-122.17599">
        <ele>2289.7</ele>
      </trkpt>
      <trkpt lat="42.94436" lon="-122.1756">
        <ele>2296.4</ele>
      </trkpt>
      <trkpt lat="42.94445" lon="-122.17521">
        <ele>2298.1</ele>
      </trkpt>
      <trkpt lat="42.94458" lon="-122.17468">
        <ele>2303.2</ele>
      </trkpt>
      <trkpt lat="42.94476" lon="-122.17407">
        <ele>2302.2</ele>
      </trkpt>
      <trkpt lat="42.944899" lon="-122.17339">
        <ele>2299.5</ele>
      </trkpt>
      <trkpt lat="42.94493" lon="-122.17289">
        <ele>2302.2</ele>
      </trkpt>
      <trkpt lat="42.944899" lon="-122.17234">
        <ele>2304.6</ele>
      </trkpt>
      <trkpt lat="42.94482" lon="-122.17169">
        <ele>2306.1</ele>
      </trkpt>
      <trkpt lat="42.94478" lon="-122.1714">
        <ele>2307.2</ele>
      </trkpt>
      <trkpt lat="42.94477" lon="-122.17111">
        <ele>2307.6</ele>
      </trkpt>
      <trkpt lat="42.94479" lon="-122.17082">
        <ele>2308.0</ele>
      </trkpt>
      <trkpt lat="42.94485" lon="-122.17054">
        <ele>2308.6</ele>
      </trkpt>
      <trkpt lat="42.94494" lon="-122.17028">
        <ele>2309.2</ele>
      </trkpt>
      <trkpt lat="42.94506" lon="-122.17003">
        <ele>2308.0</ele>
      </trkpt>
      <trkpt lat="42.94521" lon="-122.16982">
        <ele>2308.0</ele>
      </trkpt>
      <trkpt lat="42.94538" lon="-122.16965">
        <ele>2309.2</ele>
      </trkpt>
      <trkpt lat="42.94555" lon="-122.16952">
        <ele>2311.5</ele>
      </trkpt>
      <trkpt lat="42.94556" lon="-122.16952">
        <ele>2311.6</ele>
      </trkpt>
      <trkpt lat="42.94573" lon="-122.16944">
        <ele>2313.5</ele>
      </trkpt>
      <trkpt lat="42.94592" lon="-122.16939">
        <ele>2314.7</ele>
      </trkpt>
      <trkpt lat="42.945971" lon="-122.169385">
        <ele>2315.1</ele>
      </trkpt>
      <trkpt lat="42.94611" lon="-122.16937">
        <ele>2316.4</ele>
      </trkpt>
      <trkpt lat="42.9463" lon="-122.1694">
        <ele>2319.4</ele>
      </trkpt>
      <trkpt lat="42.94649" lon="-122.16946">
        <ele>2322.7</ele>
      </trkpt>
      <trkpt lat="42.94666" lon="-122.16956">
        <ele>2324.2</ele>
      </trkpt>
      <trkpt lat="42.94683" lon="-122.1697">
        <ele>2324.9</ele>
      </trkpt>
      <trkpt lat="42.94693" lon="-122.1698">
        <ele>2325.3</ele>
      </trkpt>
      <trkpt lat="42.94709" lon="-122.17002">
        <ele>2326.4</ele>
      </trkpt>
      <trkpt lat="42.94721" lon="-122.17023">
        <ele>2328.7</ele>
      </trkpt>
      <trkpt lat="42.94741" lon="-122.17065">
        <ele>2331.6</ele>
      </trkpt>
      <trkpt lat="42.94764" lon="-122.17102">
        <ele>2330.6</ele>
      </trkpt>
      <trkpt lat="42.94782" lon="-122.17121">
        <ele>2330.5</ele>
      </trkpt>
      <trkpt lat="42.94816" lon="-122.17154">
        <ele>2329.0</ele>
      </trkpt>
      <trkpt lat="42.94891" lon="-122.17218">
        <ele>2327.2</ele>
      </trkpt>
      <trkpt lat="42.949599" lon="-122.17275">
        <ele>2328.0</ele>
      </trkpt>
      <trkpt lat="42.95005" lon="-122.17314">
        <ele>2327.0</ele>
      </trkpt>
      <trkpt lat="42.950539" lon="-122.17349">
        <ele>2327.6</ele>
      </trkpt>
      <trkpt lat="42.95102" lon="-122.17374">
        <ele>2328.7</ele>
      </trkpt>
      <trkpt lat="42.95138" lon="-122.17388">
        <ele>2325.8</ele>
      </trkpt>
      <trkpt lat="42.951659" lon="-122.174">
        <ele>2323.5</ele>
      </trkpt>
      <trkpt lat="42.95197" lon="-122.17409">
        <ele>2326.6</ele>
      </trkpt>
      <trkpt lat="42.952219" lon="-122.17413">
        <ele>2331.5</ele>
      </trkpt>
      <trkpt lat="42.95257" lon="-122.17418">
        <ele>2334.7</ele>
      </trkpt>
      <trkpt lat="42.95282" lon="-122.17421">
        <ele>2336.2</ele>
      </trkpt>
      <trkpt lat="42.95312" lon="-122.1742">
        <ele>2338.6</ele>
      </trkpt>
      <trkpt lat="42.95336" lon="-122.17415">
        <ele>2340.2</ele>
      </trkpt>
      <trkpt lat="42.953539" lon="-122.17406">
        <ele>2340.2</ele>
      </trkpt>
      <trkpt lat="42.95371" lon="-122.17396">
        <ele>2339.4</ele>
      </trkpt>
      <trkpt lat="42.95388" lon="-122.17385">
        <ele>2336.2</ele>
      </trkpt>
      <trkpt lat="42.95406" lon="-122.17369">
        <ele>2332.1</ele>
      </trkpt>
      <trkpt lat="42.954189" lon="-122.17356">
        <ele>2328.9</ele>
      </trkpt>
      <trkpt lat="42.9543" lon="-122.1734">
        <ele>2326.4</ele>
      </trkpt>
      <trkpt lat="42.95441" lon="-122.17321">
        <ele>2324.2</ele>
      </trkpt>
      <trkpt lat="42.954479" lon="-122.17305">
        <ele>2322.6</ele>
      </trkpt>
      <trkpt lat="42.95454" lon="-122.17285">
        <ele>2321.3</ele>
      </trkpt>
      <trkpt lat="42.95459" lon="-122.17261">
        <ele>2319.9</ele>
      </trkpt>
      <trkpt lat="42.95463" lon="-122.17234">
        <ele>2318.4</ele>
      </trkpt>
      <trkpt lat="42.95467" lon="-122.17206">
        <ele>2317.2</ele>
      </trkpt>
      <trkpt lat="42.95469" lon="-122.17183">
        <ele>2316.8</ele>
      </trkpt>
      <trkpt lat="42.95474" lon="-122.17156">
        <ele>2316.0</ele>
      </trkpt>
      <trkpt lat="42.95481" lon="-122.17129">
        <ele>2314.6</ele>
      </trkpt>
      <trkpt lat="42.9549" lon="-122.171">
        <ele>2311.6</ele>
      </trkpt>
      <trkpt lat="42.955" lon="-122.17074">
        <ele>2310.9</ele>
      </trkpt>
      <trkpt lat="42.95502" lon="-122.17071">
        <ele>2310.8</ele>
      </trkpt>
      <trkpt lat="42.95515" lon="-122.17044">
        <ele>2311.0</ele>
      </trkpt>
      <trkpt lat="42.95531" lon="-122.17017">
        <ele>2311.4</ele>
      </trkpt>
      <trkpt lat="42.95549" lon="-122.16992">
        <ele>2311.7</ele>
      </trkpt>
      <trkpt lat="42.95563" lon="-122.16976">
        <ele>2310.8</ele>
      </trkpt>
      <trkpt lat="42.95582" lon="-122.16957">
        <ele>2308.5</ele>
      </trkpt>
      <trkpt lat="42.95595" lon="-122.16946">
        <ele>2306.4</ele>
      </trkpt>
      <trkpt lat="42.95612" lon="-122.16936">
        <ele>2302.5</ele>
      </trkpt>
      <trkpt lat="42.95638" lon="-122.16921">
        <ele>2299.9</ele>
      </trkpt>
      <trkpt lat="42.95713" lon="-122.1689">
        <ele>2297.6</ele>
      </trkpt>
      <trkpt lat="42.95745" lon="-122.16879">
        <ele>2295.1</ele>
      </trkpt>
      <trkpt lat="42.9577" lon="-122.16865">
        <ele>2288.1</ele>
      </trkpt>
      <trkpt lat="42.95792" lon="-122.16846">
        <ele>2286.4</ele>
      </trkpt>
      <trkpt lat="42.9581" lon="-122.16823">
        <ele>2286.0</ele>
      </trkpt>
      <trkpt lat="42.95826" lon="-122.16796">
        <ele>2284.2</ele>
      </trkpt>
      <trkpt lat="42.958419" lon="-122.16761">
        <ele>2280.5</ele>
      </trkpt>
      <trkpt lat="42.9585" lon="-122.16725">
        <ele>2279.2</ele>
      </trkpt>
      <trkpt lat="42.95854" lon="-122.16685">
        <ele>2279.4</ele>
      </trkpt>
      <trkpt lat="42.95857" lon="-122.16614">
        <ele>2273.9</ele>
      </trkpt>
      <trkpt lat="42.958599" lon="-122.16568">
        <ele>2271.4</ele>
      </trkpt>
      <trkpt lat="42.95862" lon="-122.16532">
        <ele>2270.2</ele>
      </trkpt>
      <trkpt lat="42.95868" lon="-122.16486">
        <ele>2269.9</ele>
      </trkpt>
      <trkpt lat="42.95879" lon="-122.16452">
        <ele>2269.4</ele>
      </trkpt>
      <trkpt lat="42.95893" lon="-122.16418">
        <ele>2269.1</ele>
      </trkpt>
      <trkpt lat="42.95904" lon="-122.16398">
        <ele>2267.7</ele>
      </trkpt>
      <trkpt lat="42.95918" lon="-122.16379">
        <ele>2266.2</ele>
      </trkpt>
      <trkpt lat="42.95937" lon="-122.16359">
        <ele>2265.9</ele>
      </trkpt>
      <trkpt lat="42.95958" lon="-122.16341">
        <ele>2266.2</ele>
      </trkpt>
      <trkpt lat="42.95977" lon="-122.16324">
        <ele>2266.5</ele>
      </trkpt>
      <trkpt lat="42.96" lon="-122.16307">
        <ele>2265.6</ele>
      </trkpt>
      <trkpt lat="42.96026" lon="-122.16282">
        <ele>2263.2</ele>
      </trkpt>
      <trkpt lat="42.9604" lon="-122.16266">
        <ele>2260.9</ele>
      </trkpt>
      <trkpt lat="42.96055" lon="-122.16242">
        <ele>2259.1</ele>
      </trkpt>
      <trkpt lat="42.96069" lon="-122.16213">
        <ele>2259.2</ele>
      </trkpt>
      <trkpt lat="42.96081" lon="-122.16185">
        <ele>2260.2</ele>
      </trkpt>
      <trkpt lat="42.96088" lon="-122.16156">
        <ele>2262.4</ele>
      </trkpt>
      <trkpt lat="42.96093" lon="-122.16125">
        <ele>2263.2</ele>
      </trkpt>
      <trkpt lat="42.960949" lon="-122.16099">
        <ele>2261.6</ele>
      </trkpt>
      <trkpt lat="42.96097" lon="-122.16072">
        <ele>2257.9</ele>
      </trkpt>
      <trkpt lat="42.96097" lon="-122.16046">
        <ele>2256.7</ele>
      </trkpt>
      <trkpt lat="42.96099" lon="-122.1602">
        <ele>2255.3</ele>
      </trkpt>
      <trkpt lat="42.96103" lon="-122.15993">
        <ele>2253.1</ele>
      </trkpt>
      <trkpt lat="42.9611" lon="-122.15964">
        <ele>2251.1</ele>
      </trkpt>
      <trkpt lat="42.96119" lon="-122.15939">
        <ele>2250.0</ele>
      </trkpt>
      <trkpt lat="42.9613" lon="-122.15911">
        <ele>2249.7</ele>
      </trkpt>
      <trkpt lat="42.96146" lon="-122.15874">
        <ele>2249.0</ele>
      </trkpt>
      <trkpt lat="42.96156" lon="-122.15849">
        <ele>2248.2</ele>
      </trkpt>
      <trkpt lat="42.96163" lon="-122.1582">
        <ele>2246.9</ele>
      </trkpt>
      <trkpt lat="42.9617" lon="-122.1578">
        <ele>2245.2</ele>
      </trkpt>
      <trkpt lat="42.96179" lon="-122.15741">
        <ele>2244.8</ele>
      </trkpt>
      <trkpt lat="42.96188" lon="-122.15706">
        <ele>2242.3</ele>
      </trkpt>
      <trkpt lat="42.961979" lon="-122.15684">
        <ele>2239.3</ele>
      </trkpt>
      <trkpt lat="42.96209" lon="-122.15659">
        <ele>2237.0</ele>
      </trkpt>
      <trkpt lat="42.96222" lon="-122.1564">
        <ele>2235.8</ele>
      </trkpt>
      <trkpt lat="42.96234" lon="-122.15625">
        <ele>2234.9</ele>
      </trkpt>
      <trkpt lat="42.96255" lon="-122.15605">
        <ele>2233.8</ele>
      </trkpt>
      <trkpt lat="42.96275" lon="-122.15584">
        <ele>2232.8</ele>
      </trkpt>
      <trkpt lat="42.96299" lon="-122.1556">
        <ele>2232.3</ele>
      </trkpt>
      <trkpt lat="42.96316" lon="-122.15545">
        <ele>2230.7</ele>
      </trkpt>
      <trkpt lat="42.96335" lon="-122.15523">
        <ele>2226.7</ele>
      </trkpt>
      <trkpt lat="42.96356" lon="-122.15497">
        <ele>2224.4</ele>
      </trkpt>
      <trkpt lat="42.96373" lon="-122.15472">
        <ele>2223.4</ele>
      </trkpt>
      <trkpt lat="42.96391" lon="-122.15441">
        <ele>2222.3</ele>
      </trkpt>
      <trkpt lat="42.96404" lon="-122.15414">
        <ele>2221.0</ele>
      </trkpt>
      <trkpt lat="42.96417" lon="-122.15383">
        <ele>2220.3</ele>
      </trkpt>
      <trkpt lat="42.96429" lon="-122.15351">
        <ele>2220.1</ele>
      </trkpt>
      <trkpt lat="42.964419" lon="-122.15324">
        <ele>2219.5</ele>
      </trkpt>
      <trkpt lat="42.96457" lon="-122.15297">
        <ele>2218.0</ele>
      </trkpt>
      <trkpt lat="42.96481" lon="-122.15263">
        <ele>2216.1</ele>
      </trkpt>
      <trkpt lat="42.96504" lon="-122.15235">
        <ele>2215.3</ele>
      </trkpt>
      <trkpt lat="42.96521" lon="-122.15218">
        <ele>2214.6</ele>
      </trkpt>
      <trkpt lat="42.96524" lon="-122.15215">
        <ele>2214.5</ele>
      </trkpt>
      <trkpt lat="42.96546" lon="-122.15196">
        <ele>2213.4</ele>
      </trkpt>
      <trkpt lat="42.965739" lon="-122.15177">
        <ele>2212.2</ele>
      </trkpt>
      <trkpt lat="42.96605" lon="-122.15158">
        <ele>2211.7</ele>
      </trkpt>
      <trkpt lat="42.96605" lon="-122.15158">
        <ele>2211.7</ele>
      </trkpt>
      <trkpt lat="42.96604" lon="-122.15138">
        <ele>2213.2</ele>
      </trkpt>
      <trkpt lat="42.96603" lon="-122.15123">
        <ele>2214.2</ele>
      </trkpt>
      <trkpt lat="42.96603" lon="-122.15106">
        <ele>2215.3</ele>
      </trkpt>
      <trkpt lat="42.96604" lon="-122.15092">
        <ele>2216.2</ele>
      </trkpt>
      <trkpt lat="42.96605" lon="-122.1509">
        <ele>2216.3</ele>
      </trkpt>
      <trkpt lat="42.96607" lon="-122.15075">
        <ele>2217.3</ele>
      </trkpt>
      <trkpt lat="42.96611" lon="-122.1506">
        <ele>2218.6</ele>
      </trkpt>
      <trkpt lat="42.96617" lon="-122.15044">
        <ele>2219.9</ele>
      </trkpt>
      <trkpt lat="42.96623" lon="-122.15032">
        <ele>2220.7</ele>
      </trkpt>
      <trkpt lat="42.966299" lon="-122.15019">
        <ele>2221.3</ele>
      </trkpt>
      <trkpt lat="42.96638" lon="-122.15008">
        <ele>2221.6</ele>
      </trkpt>
      <trkpt lat="42.96646" lon="-122.14999">
        <ele>2221.7</ele>
      </trkpt>
      <trkpt lat="42.96655" lon="-122.1499">
        <ele>2221.8</ele>
      </trkpt>
      <trkpt lat="42.96667" lon="-122.14981">
        <ele>2222.1</ele>
      </trkpt>
      <trkpt lat="42.966769" lon="-122.14973">
        <ele>2222.4</ele>
      </trkpt>
      <trkpt lat="42.96692" lon="-122.14963">
        <ele>2222.8</ele>
      </trkpt>
      <trkpt lat="42.9671" lon="-122.14953">
        <ele>2223.6</ele>
      </trkpt>
      <trkpt lat="42.96731" lon="-122.14944">
        <ele>2224.8</ele>
      </trkpt>
      <trkpt lat="42.96744" lon="-122.14939">
        <ele>2225.5</ele>
      </trkpt>
      <trkpt lat="42.96757" lon="-122.14935">
        <ele>2226.3</ele>
      </trkpt>
      <trkpt lat="42.96775" lon="-122.14933">
        <ele>2227.3</ele>
      </trkpt>
      <trkpt lat="42.96793" lon="-122.14936">
        <ele>2228.4</ele>
      </trkpt>
      <trkpt lat="42.96803" lon="-122.1494">
        <ele>2228.8</ele>
      </trkpt>
      <trkpt lat="42.96826" lon="-122.14953">
        <ele>2230.3</ele>
      </trkpt>
      <trkpt lat="42.96843" lon="-122.14961">
        <ele>2235.3</ele>
      </trkpt>
      <trkpt lat="42.96858" lon="-122.1497">
        <ele>2236.9</ele>
      </trkpt>
      <trkpt lat="42.96873" lon="-122.14978">
        <ele>2237.2</ele>
      </trkpt>
      <trkpt lat="42.96886" lon="-122.14984">
        <ele>2237.6</ele>
      </trkpt>
      <trkpt lat="42.96906" lon="-122.1499">
        <ele>2238.3</ele>
      </trkpt>
      <trkpt lat="42.96924" lon="-122.14994">
        <ele>2238.7</ele>
      </trkpt>
      <trkpt lat="42.96942" lon="-122.14997">
        <ele>2238.9</ele>
      </trkpt>
      <trkpt lat="42.9696" lon="-122.14997">
        <ele>2239.6</ele>
      </trkpt>
      <trkpt lat="42.96978" lon="-122.14994">
        <ele>2240.5</ele>
      </trkpt>
      <trkpt lat="42.96996" lon="-122.1499">
        <ele>2241.0</ele>
      </trkpt>
      <trkpt lat="42.97013" lon="-122.14983">
        <ele>2241.3</ele>
      </trkpt>
      <trkpt lat="42.9703" lon="-122.14974">
        <ele>2241.6</ele>
      </trkpt>
      <trkpt lat="42.97046" lon="-122.14963">
        <ele>2241.8</ele>
      </trkpt>
      <trkpt lat="42.97055" lon="-122.14956">
        <ele>2241.7</ele>
      </trkpt>
      <trkpt lat="42.97063" lon="-122.14949">
        <ele>2241.6</ele>
      </trkpt>
      <trkpt lat="42.970709" lon="-122.14941">
        <ele>2241.4</ele>
      </trkpt>
      <trkpt lat="42.97078" lon="-122.14933">
        <ele>2241.3</ele>
      </trkpt>
      <trkpt lat="42.97086" lon="-122.14924">
        <ele>2241.1</ele>
      </trkpt>
      <trkpt lat="42.97093" lon="-122.14914">
        <ele>2241.2</ele>
      </trkpt>
      <trkpt lat="42.97099" lon="-122.14904">
        <ele>2241.7</ele>
      </trkpt>
      <trkpt lat="42.97105" lon="-122.14894">
        <ele>2242.6</ele>
      </trkpt>
      <trkpt lat="42.97113" lon="-122.14882">
        <ele>2244.3</ele>
      </trkpt>
      <trkpt lat="42.9713" lon="-122.1485">
        <ele>2245.6</ele>
      </trkpt>
      <trkpt lat="42.97144" lon="-122.1482">
        <ele>2246.8</ele>
      </trkpt>
      <trkpt lat="42.97153" lon="-122.14795">
        <ele>2247.6</ele>
      </trkpt>
      <trkpt lat="42.97171" lon="-122.14741">
        <ele>2250.7</ele>
      </trkpt>
      <trkpt lat="42.97189" lon="-122.14688">
        <ele>2253.1</ele>
      </trkpt>
      <trkpt lat="42.972029" lon="-122.14641">
        <ele>2259.3</ele>
      </trkpt>
      <trkpt lat="42.97214" lon="-122.14612">
        <ele>2260.8</ele>
      </trkpt>
      <trkpt lat="42.97222" lon="-122.14587">
        <ele>2262.4</ele>
      </trkpt>
      <trkpt lat="42.97233" lon="-122.14559">
        <ele>2263.9</ele>
      </trkpt>
      <trkpt lat="42.97238" lon="-122.14545">
        <ele>2264.6</ele>
      </trkpt>
      <trkpt lat="42.97244" lon="-122.14532">
        <ele>2265.1</ele>
      </trkpt>
      <trkpt lat="42.97251" lon="-122.14519">
        <ele>2265.5</ele>
      </trkpt>
      <trkpt lat="42.97258" lon="-122.14507">
        <ele>2266.4</ele>
      </trkpt>
      <trkpt lat="42.97265" lon="-122.14494">
        <ele>2269.4</ele>
      </trkpt>
      <trkpt lat="42.97273" lon="-122.14483">
        <ele>2271.5</ele>
      </trkpt>
      <trkpt lat="42.97281" lon="-122.14471">
        <ele>2272.4</ele>
      </trkpt>
      <trkpt lat="42.97289" lon="-122.1446">
        <ele>2273.0</ele>
      </trkpt>
      <trkpt lat="42.97299" lon="-122.14448">
        <ele>2273.4</ele>
      </trkpt>
      <trkpt lat="42.9731" lon="-122.14437">
        <ele>2273.5</ele>
      </trkpt>
      <trkpt lat="42.9732" lon="-122.14426">
        <ele>2274.0</ele>
      </trkpt>
      <trkpt lat="42.97332" lon="-122.14416">
        <ele>2274.2</ele>
      </trkpt>
      <trkpt lat="42.97343" lon="-122.14406">
        <ele>2274.9</ele>
      </trkpt>
      <trkpt lat="42.97355" lon="-122.14398">
        <ele>2275.2</ele>
      </trkpt>
      <trkpt lat="42.97367" lon="-122.1439">
        <ele>2275.7</ele>
      </trkpt>
      <trkpt lat="42.9738" lon="-122.14383">
        <ele>2275.8</ele>
      </trkpt>
      <trkpt lat="42.97387" lon="-122.14378">
        <ele>2276.1</ele>
      </trkpt>
      <trkpt lat="42.97395" lon="-122.14374">
        <ele>2276.1</ele>
      </trkpt>
      <trkpt lat="42.97403" lon="-122.14371">
        <ele>2276.1</ele>
      </trkpt>
      <trkpt lat="42.9741" lon="-122.14367">
        <ele>2276.4</ele>
      </trkpt>
      <trkpt lat="42.974179" lon="-122.14363">
        <ele>2276.6</ele>
      </trkpt>
      <trkpt lat="42.97426" lon="-122.1436">
        <ele>2276.6</ele>
      </trkpt>
      <trkpt lat="42.97434" lon="-122.14357">
        <ele>2276.8</ele>
      </trkpt>
      <trkpt lat="42.97442" lon="-122.14354">
        <ele>2276.9</ele>
      </trkpt>
      <trkpt lat="42.97458" lon="-122.14349">
        <ele>2276.8</ele>
      </trkpt>
      <trkpt lat="42.97475" lon="-122.14345">
        <ele>2276.2</ele>
      </trkpt>
      <trkpt lat="42.974939" lon="-122.14341">
        <ele>2275.4</ele>
      </trkpt>
      <trkpt lat="42.9752" lon="-122.14334">
        <ele>2275.2</ele>
      </trkpt>
      <trkpt lat="42.97563" lon="-122.14325">
        <ele>2274.3</ele>
      </trkpt>
      <trkpt lat="42.9761" lon="-122.14312">
        <ele>2267.2</ele>
      </trkpt>
      <trkpt lat="42.976529" lon="-122.14301">
        <ele>2264.9</ele>
      </trkpt>
      <trkpt lat="42.97689" lon="-122.14292">
        <ele>2263.6</ele>
      </trkpt>
      <trkpt lat="42.97718" lon="-122.14285">
        <ele>2263.0</ele>
      </trkpt>
      <trkpt lat="42.97744" lon="-122.14279">
        <ele>2262.6</ele>
      </trkpt>
      <trkpt lat="42.9778" lon="-122.14269">
        <ele>2261.9</ele>
      </trkpt>
      <trkpt lat="42.97795" lon="-122.14264">
        <ele>2261.4</ele>
      </trkpt>
      <trkpt lat="42.97804" lon="-122.1426">
        <ele>2261.2</ele>
      </trkpt>
      <trkpt lat="42.97813" lon="-122.14256">
        <ele>2260.9</ele>
      </trkpt>
      <trkpt lat="42.97828" lon="-122.14247">
        <ele>2260.4</ele>
      </trkpt>
      <trkpt lat="42.97848" lon="-122.14234">
        <ele>2259.6</ele>
      </trkpt>
      <trkpt lat="42.97877" lon="-122.14211">
        <ele>2256.7</ele>
      </trkpt>
      <trkpt lat="42.979059" lon="-122.14183">
        <ele>2253.3</ele>
      </trkpt>
      <trkpt lat="42.97936" lon="-122.14146">
        <ele>2252.8</ele>
      </trkpt>
      <trkpt lat="42.97955" lon="-122.1412">
        <ele>2252.1</ele>
      </trkpt>
      <trkpt lat="42.97967" lon="-122.141">
        <ele>2251.7</ele>
      </trkpt>
      <trkpt lat="42.97984" lon="-122.14064">
        <ele>2250.7</ele>
      </trkpt>
      <trkpt lat="42.97993" lon="-122.14042">
        <ele>2249.7</ele>
      </trkpt>
      <trkpt lat="42.98019" lon="-122.13987">
        <ele>2245.6</ele>
      </trkpt>
      <trkpt lat="42.9804" lon="-122.13936">
        <ele>2240.9</ele>
      </trkpt>
      <trkpt lat="42.98053" lon="-122.13906">
        <ele>2239.8</ele>
      </trkpt>
      <trkpt lat="42.98068" lon="-122.13875">
        <ele>2238.6</ele>
      </trkpt>
      <trkpt lat="42.98102" lon="-122.13793">
        <ele>2239.1</ele>
      </trkpt>
      <trkpt lat="42.98148" lon="-122.13682">
        <ele>2230.9</ele>
      </trkpt>
      <trkpt lat="42.98175" lon="-122.13624">
        <ele>2227.1</ele>
      </trkpt>
      <trkpt lat="42.98193" lon="-122.13579">
        <ele>2225.0</ele>
      </trkpt>
      <trkpt lat="42.98211" lon="-122.13522">
        <ele>2222.0</ele>
      </trkpt>
      <trkpt lat="42.98218" lon="-122.13496">
        <ele>2218.9</ele>
      </trkpt>
      <trkpt lat="42.98225" lon="-122.13464">
        <ele>2214.9</ele>
      </trkpt>
      <trkpt lat="42.98229" lon="-122.13433">
        <ele>2213.3</ele>
      </trkpt>
      <trkpt lat="42.98232" lon="-122.13405">
        <ele>2212.1</ele>
      </trkpt>
      <trkpt lat="42.98234" lon="-122.13357">
        <ele>2211.3</ele>
      </trkpt>
      <trkpt lat="42.982349" lon="-122.13329">
        <ele>2210.7</ele>
      </trkpt>
      <trkpt lat="42.982349" lon="-122.13316">
        <ele>2210.4</ele>
      </trkpt>
      <trkpt lat="42.98232" lon="-122.13274">
        <ele>2209.4</ele>
      </trkpt>
      <trkpt lat="42.98227" lon="-122.13227">
        <ele>2208.6</ele>
      </trkpt>
      <trkpt lat="42.9822" lon="-122.1318">
        <ele>2207.5</ele>
      </trkpt>
      <trkpt lat="42.9821" lon="-122.13143">
        <ele>2203.1</ele>
      </trkpt>
      <trkpt lat="42.981969" lon="-122.13103">
        <ele>2200.6</ele>
      </trkpt>
      <trkpt lat="42.98184" lon="-122.1307">
        <ele>2199.2</ele>
      </trkpt>
      <trkpt lat="42.98164" lon="-122.1303">
        <ele>2197.4</ele>
      </trkpt>
      <trkpt lat="42.98142" lon="-122.1299">
        <ele>2195.4</ele>
      </trkpt>
      <trkpt lat="42.98116" lon="-122.1295">
        <ele>2193.6</ele>
      </trkpt>
      <trkpt lat="42.98072" lon="-122.12882">
        <ele>2189.6</ele>
      </trkpt>
      <trkpt lat="42.98064" lon="-122.12863">
        <ele>2188.7</ele>
      </trkpt>
      <trkpt lat="42.98061" lon="-122.1285">
        <ele>2187.5</ele>
      </trkpt>
      <trkpt lat="42.980559" lon="-122.12833">
        <ele>2186.3</ele>
      </trkpt>
      <trkpt lat="42.98051" lon="-122.12816">
        <ele>2185.6</ele>
      </trkpt>
      <trkpt lat="42.98048" lon="-122.128">
        <ele>2184.6</ele>
      </trkpt>
      <trkpt lat="42.98044" lon="-122.12782">
        <ele>2184.0</ele>
      </trkpt>
      <trkpt lat="42.98042" lon="-122.12765">
        <ele>2183.2</ele>
      </trkpt>
      <trkpt lat="42.9804" lon="-122.12748">
        <ele>2182.5</ele>
      </trkpt>
      <trkpt lat="42.980379" lon="-122.1273">
        <ele>2182.3</ele>
      </trkpt>
      <trkpt lat="42.98037" lon="-122.12713">
        <ele>2182.0</ele>
      </trkpt>
      <trkpt lat="42.98036" lon="-122.12695">
        <ele>2181.5</ele>
      </trkpt>
      <trkpt lat="42.98036" lon="-122.12677">
        <ele>2179.8</ele>
      </trkpt>
      <trkpt lat="42.98037" lon="-122.1266">
        <ele>2177.1</ele>
      </trkpt>
      <trkpt lat="42.980379" lon="-122.12642">
        <ele>2175.1</ele>
      </trkpt>
      <trkpt lat="42.9804" lon="-122.12625">
        <ele>2173.6</ele>
      </trkpt>
      <trkpt lat="42.98042" lon="-122.12608">
        <ele>2172.8</ele>
      </trkpt>
      <trkpt lat="42.98044" lon="-122.1259">
        <ele>2173.7</ele>
      </trkpt>
      <trkpt lat="42.98048" lon="-122.12573">
        <ele>2174.5</ele>
      </trkpt>
      <trkpt lat="42.98062" lon="-122.12538">
        <ele>2175.1</ele>
      </trkpt>
      <trkpt lat="42.98089" lon="-122.12479">
        <ele>2175.3</ele>
      </trkpt>
      <trkpt lat="42.98107" lon="-122.12438">
        <ele>2174.6</ele>
      </trkpt>
      <trkpt lat="42.9811" lon="-122.12428">
        <ele>2174.5</ele>
      </trkpt>
      <trkpt lat="42.98113" lon="-122.12418">
        <ele>2174.4</ele>
      </trkpt>
      <trkpt lat="42.98116" lon="-122.12408">
        <ele>2174.5</ele>
      </trkpt>
      <trkpt lat="42.98118" lon="-122.12398">
        <ele>2174.8</ele>
      </trkpt>
      <trkpt lat="42.98119" lon="-122.12387">
        <ele>2175.2</ele>
      </trkpt>
      <trkpt lat="42.98121" lon="-122.12377">
        <ele>2175.3</ele>
      </trkpt>
      <trkpt lat="42.98121" lon="-122.12366">
        <ele>2175.6</ele>
      </trkpt>
      <trkpt lat="42.98122" lon="-122.12356">
        <ele>2175.6</ele>
      </trkpt>
      <trkpt lat="42.98122" lon="-122.12341">
        <ele>2175.6</ele>
      </trkpt>
      <trkpt lat="42.98121" lon="-122.12327">
        <ele>2175.3</ele>
      </trkpt>
      <trkpt lat="42.9812" lon="-122.12313">
        <ele>2174.7</ele>
      </trkpt>
      <trkpt lat="42.98118" lon="-122.12299">
        <ele>2174.0</ele>
      </trkpt>
      <trkpt lat="42.98115" lon="-122.12285">
        <ele>2172.5</ele>
      </trkpt>
      <trkpt lat="42.98112" lon="-122.12271">
        <ele>2169.2</ele>
      </trkpt>
      <trkpt lat="42.98108" lon="-122.12258">
        <ele>2164.8</ele>
      </trkpt>
      <trkpt lat="42.981029" lon="-122.12245">
        <ele>2161.3</ele>
      </trkpt>
      <trkpt lat="42.981" lon="-122.12239">
        <ele>2160.3</ele>
      </trkpt>
      <trkpt lat="42.98022" lon="-122.12128">
        <ele>2155.9</ele>
      </trkpt>
      <trkpt lat="42.98017" lon="-122.1212">
        <ele>2154.9</ele>
      </trkpt>
      <trkpt lat="42.98013" lon="-122.12113">
        <ele>2153.7</ele>
      </trkpt>
      <trkpt lat="42.980089" lon="-122.12105">
        <ele>2152.2</ele>
      </trkpt>
      <trkpt lat="42.98005" lon="-122.12097">
        <ele>2151.1</ele>
      </trkpt>
      <trkpt lat="42.98002" lon="-122.12088">
        <ele>2150.3</ele>
      </trkpt>
      <trkpt lat="42.97999" lon="-122.1208">
        <ele>2149.9</ele>
      </trkpt>
      <trkpt lat="42.97996" lon="-122.12071">
        <ele>2149.6</ele>
      </trkpt>
      <trkpt lat="42.97993" lon="-122.12062">
        <ele>2149.5</ele>
      </trkpt>
      <trkpt lat="42.979909" lon="-122.12053">
        <ele>2149.4</ele>
      </trkpt>
      <trkpt lat="42.97988" lon="-122.12043">
        <ele>2149.6</ele>
      </trkpt>
      <trkpt lat="42.97987" lon="-122.12033">
        <ele>2149.6</ele>
      </trkpt>
      <trkpt lat="42.97985" lon="-122.12023">
        <ele>2149.8</ele>
      </trkpt>
      <trkpt lat="42.97984" lon="-122.12013">
        <ele>2149.8</ele>
      </trkpt>
      <trkpt lat="42.97983" lon="-122.12003">
        <ele>2149.9</ele>
      </trkpt>
      <trkpt lat="42.97983" lon="-122.11992">
        <ele>2149.7</ele>
      </trkpt>
      <trkpt lat="42.97983" lon="-122.11982">
        <ele>2149.6</ele>
      </trkpt>
      <trkpt lat="42.97983" lon="-122.11967">
        <ele>2149.4</ele>
      </trkpt>
      <trkpt lat="42.97993" lon="-122.1177">
        <ele>2138.7</ele>
      </trkpt>
      <trkpt lat="42.98001" lon="-122.11596">
        <ele>2134.9</ele>
      </trkpt>
      <trkpt lat="42.98012" lon="-122.11315">
        <ele>2137.4</ele>
      </trkpt>
      <trkpt lat="42.98014" lon="-122.11271">
        <ele>2139.2</ele>
      </trkpt>
      <trkpt lat="42.98015" lon="-122.11261">
        <ele>2139.2</ele>
      </trkpt>
      <trkpt lat="42.98016" lon="-122.11252">
        <ele>2139.3</ele>
      </trkpt>
      <trkpt lat="42.98017" lon="-122.11242">
        <ele>2139.4</ele>
      </trkpt>
      <trkpt lat="42.98019" lon="-122.11233">
        <ele>2139.3</ele>
      </trkpt>
      <trkpt lat="42.98021" lon="-122.11224">
        <ele>2139.1</ele>
      </trkpt>
      <trkpt lat="42.98023" lon="-122.11215">
        <ele>2139.0</ele>
      </trkpt>
      <trkpt lat="42.98026" lon="-122.11206">
        <ele>2138.7</ele>
      </trkpt>
      <trkpt lat="42.980289" lon="-122.11197">
        <ele>2138.4</ele>
      </trkpt>
      <trkpt lat="42.98032" lon="-122.11188">
        <ele>2138.1</ele>
      </trkpt>
      <trkpt lat="42.98036" lon="-122.1118">
        <ele>2137.7</ele>
      </trkpt>
      <trkpt lat="42.9804" lon="-122.11172">
        <ele>2137.4</ele>
      </trkpt>
      <trkpt lat="42.98044" lon="-122.11165">
        <ele>2137.2</ele>
      </trkpt>
      <trkpt lat="42.98049" lon="-122.11157">
        <ele>2136.9</ele>
      </trkpt>
      <trkpt lat="42.98054" lon="-122.1115">
        <ele>2136.8</ele>
      </trkpt>
      <trkpt lat="42.98059" lon="-122.11144">
        <ele>2136.2</ele>
      </trkpt>
      <trkpt lat="42.98082" lon="-122.1111">
        <ele>2136.4</ele>
      </trkpt>
      <trkpt lat="42.98106" lon="-122.11076">
        <ele>2137.2</ele>
      </trkpt>
      <trkpt lat="42.98114" lon="-122.11062">
        <ele>2137.8</ele>
      </trkpt>
      <trkpt lat="42.98121" lon="-122.11046">
        <ele>2138.4</ele>
      </trkpt>
      <trkpt lat="42.98125" lon="-122.11036">
        <ele>2138.6</ele>
      </trkpt>
      <trkpt lat="42.98131" lon="-122.1102">
        <ele>2138.8</ele>
      </trkpt>
      <trkpt lat="42.98136" lon="-122.11004">
        <ele>2138.7</ele>
      </trkpt>
      <trkpt lat="42.9814" lon="-122.10987">
        <ele>2138.0</ele>
      </trkpt>
      <trkpt lat="42.98142" lon="-122.10969">
        <ele>2136.8</ele>
      </trkpt>
      <trkpt lat="42.98144" lon="-122.10952">
        <ele>2135.1</ele>
      </trkpt>
      <trkpt lat="42.98145" lon="-122.10934">
        <ele>2133.2</ele>
      </trkpt>
      <trkpt lat="42.98144" lon="-122.10916">
        <ele>2131.8</ele>
      </trkpt>
      <trkpt lat="42.98143" lon="-122.10898">
        <ele>2130.7</ele>
      </trkpt>
      <trkpt lat="42.981409" lon="-122.10883">
        <ele>2130.2</ele>
      </trkpt>
      <trkpt lat="42.98138" lon="-122.10869">
        <ele>2129.9</ele>
      </trkpt>
      <trkpt lat="42.98134" lon="-122.10854">
        <ele>2129.8</ele>
      </trkpt>
      <trkpt lat="42.9813" lon="-122.1084">
        <ele>2129.5</ele>
      </trkpt>
      <trkpt lat="42.98124" lon="-122.10826">
        <ele>2129.0</ele>
      </trkpt>
      <trkpt lat="42.98118" lon="-122.10813">
        <ele>2128.4</ele>
      </trkpt>
      <trkpt lat="42.98112" lon="-122.10801">
        <ele>2127.7</ele>
      </trkpt>
      <trkpt lat="42.98104" lon="-122.10789">
        <ele>2126.9</ele>
      </trkpt>
      <trkpt lat="42.981" lon="-122.10783">
        <ele>2126.4</ele>
      </trkpt>
      <trkpt lat="42.98095" lon="-122.10778">
        <ele>2126.1</ele>
      </trkpt>
      <trkpt lat="42.9809" lon="-122.10772">
        <ele>2125.7</ele>
      </trkpt>
      <trkpt lat="42.980849" lon="-122.10767">
        <ele>2125.4</ele>
      </trkpt>
      <trkpt lat="42.9808" lon="-122.10762">
        <ele>2125.0</ele>
      </trkpt>
      <trkpt lat="42.98075" lon="-122.10757">
        <ele>2124.5</ele>
      </trkpt>
      <trkpt lat="42.98069" lon="-122.10753">
        <ele>2124.2</ele>
      </trkpt>
      <trkpt lat="42.98064" lon="-122.10748">
        <ele>2123.6</ele>
      </trkpt>
      <trkpt lat="42.98055" lon="-122.10742">
        <ele>2123.1</ele>
      </trkpt>
      <trkpt lat="42.98046" lon="-122.10737">
        <ele>2122.7</ele>
      </trkpt>
      <trkpt lat="42.98037" lon="-122.10732">
        <ele>2122.4</ele>
      </trkpt>
      <trkpt lat="42.98028" lon="-122.10728">
        <ele>2121.8</ele>
      </trkpt>
      <trkpt lat="42.98018" lon="-122.10724">
        <ele>2121.1</ele>
      </trkpt>
      <trkpt lat="42.98008" lon="-122.10721">
        <ele>2120.5</ele>
      </trkpt>
      <trkpt lat="42.97999" lon="-122.10719">
        <ele>2120.0</ele>
      </trkpt>
      <trkpt lat="42.97989" lon="-122.10718">
        <ele>2119.4</ele>
      </trkpt>
      <trkpt lat="42.97943" lon="-122.10708">
        <ele>2113.8</ele>
      </trkpt>
      <trkpt lat="42.97904" lon="-122.10702">
        <ele>2113.1</ele>
      </trkpt>
      <trkpt lat="42.97864" lon="-122.10693">
        <ele>2112.3</ele>
      </trkpt>
      <trkpt lat="42.97835" lon="-122.10685">
        <ele>2111.6</ele>
      </trkpt>
      <trkpt lat="42.97801" lon="-122.10673">
        <ele>2111.1</ele>
      </trkpt>
      <trkpt lat="42.9777" lon="-122.10655">
        <ele>2110.1</ele>
      </trkpt>
      <trkpt lat="42.97751" lon="-122.1064">
        <ele>2109.4</ele>
      </trkpt>
      <trkpt lat="42.97729" lon="-122.1061">
        <ele>2109.4</ele>
      </trkpt>
      <trkpt lat="42.97717" lon="-122.10586">
        <ele>2109.8</ele>
      </trkpt>
      <trkpt lat="42.97706" lon="-122.10549">
        <ele>2109.2</ele>
      </trkpt>
      <trkpt lat="42.976999" lon="-122.10512">
        <ele>2107.2</ele>
      </trkpt>
      <trkpt lat="42.97698" lon="-122.10473">
        <ele>2106.7</ele>
      </trkpt>
      <trkpt lat="42.97703" lon="-122.10442">
        <ele>2105.9</ele>
      </trkpt>
      <trkpt lat="42.977089" lon="-122.1041">
        <ele>2105.0</ele>
      </trkpt>
      <trkpt lat="42.97717" lon="-122.10377">
        <ele>2103.6</ele>
      </trkpt>
      <trkpt lat="42.97741" lon="-122.10304">
        <ele>2098.1</ele>
      </trkpt>
      <trkpt lat="42.97758" lon="-122.10242">
        <ele>2094.6</ele>
      </trkpt>
      <trkpt lat="42.97792" lon="-122.10148">
        <ele>2089.6</ele>
      </trkpt>
      <trkpt lat="42.97807" lon="-122.10085">
        <ele>2089.1</ele>
      </trkpt>
      <trkpt lat="42.97816" lon="-122.10003">
        <ele>2088.9</ele>
      </trkpt>
      <trkpt lat="42.97821" lon="-122.0993">
        <ele>2088.6</ele>
      </trkpt>
      <trkpt lat="42.97818" lon="-122.09844">
        <ele>2087.4</ele>
      </trkpt>
      <trkpt lat="42.97817" lon="-122.09759">
        <ele>2075.7</ele>
      </trkpt>
      <trkpt lat="42.97825" lon="-122.09659">
        <ele>2075.3</ele>
      </trkpt>
      <trkpt lat="42.9783" lon="-122.09588">
        <ele>2074.4</ele>
      </trkpt>
      <trkpt lat="42.9784" lon="-122.09503">
        <ele>2068.9</ele>
      </trkpt>
      <trkpt lat="42.978499" lon="-122.0943">
        <ele>2063.5</ele>
      </trkpt>
      <trkpt lat="42.97854" lon="-122.0939">
        <ele>2063.1</ele>
      </trkpt>
      <trkpt lat="42.97856" lon="-122.0933">
        <ele>2063.2</ele>
      </trkpt>
      <trkpt lat="42.97853" lon="-122.09285">
        <ele>2062.7</ele>
      </trkpt>
      <trkpt lat="42.97849" lon="-122.09234">
        <ele>2061.7</ele>
      </trkpt>
      <trkpt lat="42.97846" lon="-122.09182">
        <ele>2062.0</ele>
      </trkpt>
      <trkpt lat="42.97847" lon="-122.09137">
        <ele>2062.9</ele>
      </trkpt>
      <trkpt lat="42.978499" lon="-122.09086">
        <ele>2062.6</ele>
      </trkpt>
      <trkpt lat="42.97856" lon="-122.09022">
        <ele>2061.8</ele>
      </trkpt>
      <trkpt lat="42.97862" lon="-122.08985">
        <ele>2062.4</ele>
      </trkpt>
      <trkpt lat="42.97869" lon="-122.08949">
        <ele>2063.0</ele>
      </trkpt>
      <trkpt lat="42.97874" lon="-122.08925">
        <ele>2063.3</ele>
      </trkpt>
      <trkpt lat="42.9788" lon="-122.08899">
        <ele>2063.7</ele>
      </trkpt>
      <trkpt lat="42.97886" lon="-122.08881">
        <ele>2063.9</ele>
      </trkpt>
      <trkpt lat="42.97895" lon="-122.0886">
        <ele>2063.8</ele>
      </trkpt>
      <trkpt lat="42.97904" lon="-122.08832">
        <ele>2064.0</ele>
      </trkpt>
      <trkpt lat="42.97915" lon="-122.08797">
        <ele>2063.9</ele>
      </trkpt>
      <trkpt lat="42.9792" lon="-122.0878">
        <ele>2063.9</ele>
      </trkpt>
      <trkpt lat="42.97925" lon="-122.08763">
        <ele>2063.7</ele>
      </trkpt>
      <trkpt lat="42.9793" lon="-122.08745">
        <ele>2063.7</ele>
      </trkpt>
      <trkpt lat="42.97934" lon="-122.08728">
        <ele>2063.8</ele>
      </trkpt>
      <trkpt lat="42.97938" lon="-122.0871">
        <ele>2063.9</ele>
      </trkpt>
      <trkpt lat="42.97942" lon="-122.08693">
        <ele>2063.9</ele>
      </trkpt>
      <trkpt lat="42.97945" lon="-122.08675">
        <ele>2063.9</ele>
      </trkpt>
      <trkpt lat="42.97948" lon="-122.08657">
        <ele>2063.9</ele>
      </trkpt>
      <trkpt lat="42.97951" lon="-122.08636">
        <ele>2064.3</ele>
      </trkpt>
      <trkpt lat="42.97954" lon="-122.08615">
        <ele>2065.0</ele>
      </trkpt>
      <trkpt lat="42.97955" lon="-122.08594">
        <ele>2066.7</ele>
      </trkpt>
      <trkpt lat="42.97957" lon="-122.08573">
        <ele>2069.2</ele>
      </trkpt>
      <trkpt lat="42.97958" lon="-122.08552">
        <ele>2071.4</ele>
      </trkpt>
      <trkpt lat="42.97958" lon="-122.08531">
        <ele>2072.1</ele>
      </trkpt>
      <trkpt lat="42.97958" lon="-122.08509">
        <ele>2072.5</ele>
      </trkpt>
      <trkpt lat="42.97958" lon="-122.08488">
        <ele>2072.9</ele>
      </trkpt>
      <trkpt lat="42.97957" lon="-122.08463">
        <ele>2073.5</ele>
      </trkpt>
      <trkpt lat="42.97957" lon="-122.08446">
        <ele>2073.8</ele>
      </trkpt>
      <trkpt lat="42.97957" lon="-122.08429">
        <ele>2074.1</ele>
      </trkpt>
      <trkpt lat="42.97958" lon="-122.08415">
        <ele>2074.1</ele>
      </trkpt>
      <trkpt lat="42.97959" lon="-122.08398">
        <ele>2074.5</ele>
      </trkpt>
      <trkpt lat="42.97962" lon="-122.08379">
        <ele>2076.1</ele>
      </trkpt>
      <trkpt lat="42.97965" lon="-122.08363">
        <ele>2077.8</ele>
      </trkpt>
      <trkpt lat="42.97974" lon="-122.08328">
        <ele>2082.4</ele>
      </trkpt>
      <trkpt lat="42.97977" lon="-122.0832">
        <ele>2083.7</ele>
      </trkpt>
      <trkpt lat="42.979774" lon="-122.083185">
        <ele>2083.9</ele>
      </trkpt>
      <trkpt lat="42.97994" lon="-122.08268">
        <ele>2088.4</ele>
      </trkpt>
      <trkpt lat="42.98014" lon="-122.08208">
        <ele>2096.6</ele>
      </trkpt>
      <trkpt lat="42.98025" lon="-122.08168">
        <ele>2098.3</ele>
      </trkpt>
      <trkpt lat="42.98036" lon="-122.08127">
        <ele>2099.5</ele>
      </trkpt>
      <trkpt lat="42.980469" lon="-122.08086">
        <ele>2105.7</ele>
      </trkpt>
      <trkpt lat="42.980559" lon="-122.08045">
        <ele>2108.0</ele>
      </trkpt>
      <trkpt lat="42.98065" lon="-122.08003">
        <ele>2108.8</ele>
      </trkpt>
      <trkpt lat="42.98074" lon="-122.07961">
        <ele>2109.7</ele>
      </trkpt>
      <trkpt lat="42.98081" lon="-122.07919">
        <ele>2110.5</ele>
      </trkpt>
      <trkpt lat="42.98088" lon="-122.07876">
        <ele>2111.4</ele>
      </trkpt>
      <trkpt lat="42.98092" lon="-122.0785">
        <ele>2112.1</ele>
      </trkpt>
      <trkpt lat="42.98095" lon="-122.07824">
        <ele>2111.9</ele>
      </trkpt>
      <trkpt lat="42.98098" lon="-122.07797">
        <ele>2111.7</ele>
      </trkpt>
      <trkpt lat="42.98101" lon="-122.07771">
        <ele>2111.7</ele>
      </trkpt>
      <trkpt lat="42.98104" lon="-122.07744">
        <ele>2110.6</ele>
      </trkpt>
      <trkpt lat="42.98106" lon="-122.07717">
        <ele>2107.7</ele>
      </trkpt>
      <trkpt lat="42.98109" lon="-122.07691">
        <ele>2105.3</ele>
      </trkpt>
      <trkpt lat="42.98112" lon="-122.0766">
        <ele>2104.1</ele>
      </trkpt>
      <trkpt lat="42.98115" lon="-122.07639">
        <ele>2102.2</ele>
      </trkpt>
      <trkpt lat="42.98117" lon="-122.07626">
        <ele>2100.3</ele>
      </trkpt>
      <trkpt lat="42.98117" lon="-122.07613">
        <ele>2098.6</ele>
      </trkpt>
      <trkpt lat="42.98117" lon="-122.07601">
        <ele>2096.7</ele>
      </trkpt>
      <trkpt lat="42.98117" lon="-122.07588">
        <ele>2094.6</ele>
      </trkpt>
      <trkpt lat="42.98115" lon="-122.07575">
        <ele>2092.9</ele>
      </trkpt>
      <trkpt lat="42.98113" lon="-122.07562">
        <ele>2091.2</ele>
      </trkpt>
      <trkpt lat="42.9811" lon="-122.0755">
        <ele>2089.9</ele>
      </trkpt>
      <trkpt lat="42.98107" lon="-122.07538">
        <ele>2088.7</ele>
      </trkpt>
      <trkpt lat="42.981029" lon="-122.07526">
        <ele>2087.7</ele>
      </trkpt>
      <trkpt lat="42.98098" lon="-122.07515">
        <ele>2087.0</ele>
      </trkpt>
      <trkpt lat="42.98093" lon="-122.07505">
        <ele>2086.4</ele>
      </trkpt>
      <trkpt lat="42.98087" lon="-122.07495">
        <ele>2085.8</ele>
      </trkpt>
      <trkpt lat="42.9808" lon="-122.07485">
        <ele>2084.8</ele>
      </trkpt>
      <trkpt lat="42.98073" lon="-122.07477">
        <ele>2084.0</ele>
      </trkpt>
      <trkpt lat="42.980289" lon="-122.07442">
        <ele>2077.9</ele>
      </trkpt>
      <trkpt lat="42.979999" lon="-122.0741">
        <ele>2075.5</ele>
      </trkpt>
      <trkpt lat="42.97984" lon="-122.07391">
        <ele>2077.3</ele>
      </trkpt>
      <trkpt lat="42.97971" lon="-122.07366">
        <ele>2079.2</ele>
      </trkpt>
      <trkpt lat="42.97963" lon="-122.07344">
        <ele>2081.0</ele>
      </trkpt>
      <trkpt lat="42.979529" lon="-122.07308">
        <ele>2084.8</ele>
      </trkpt>
      <trkpt lat="42.97934" lon="-122.07225">
        <ele>2092.3</ele>
      </trkpt>
      <trkpt lat="42.97912" lon="-122.07136">
        <ele>2097.2</ele>
      </trkpt>
      <trkpt lat="42.97884" lon="-122.07024">
        <ele>2103.7</ele>
      </trkpt>
      <trkpt lat="42.97874" lon="-122.06987">
        <ele>2103.8</ele>
      </trkpt>
      <trkpt lat="42.97869" lon="-122.06973">
        <ele>2104.5</ele>
      </trkpt>
      <trkpt lat="42.97863" lon="-122.0696">
        <ele>2106.0</ele>
      </trkpt>
      <trkpt lat="42.97858" lon="-122.06947">
        <ele>2106.7</ele>
      </trkpt>
      <trkpt lat="42.97851" lon="-122.06935">
        <ele>2109.1</ele>
      </trkpt>
      <trkpt lat="42.97845" lon="-122.06923">
        <ele>2110.9</ele>
      </trkpt>
      <trkpt lat="42.97837" lon="-122.06911">
        <ele>2112.8</ele>
      </trkpt>
      <trkpt lat="42.9783" lon="-122.069">
        <ele>2114.0</ele>
      </trkpt>
      <trkpt lat="42.97822" lon="-122.0689">
        <ele>2114.9</ele>
      </trkpt>
      <trkpt lat="42.97815" lon="-122.06881">
        <ele>2115.2</ele>
      </trkpt>
      <trkpt lat="42.97807" lon="-122.06873">
        <ele>2115.2</ele>
      </trkpt>
      <trkpt lat="42.97799" lon="-122.06865">
        <ele>2115.1</ele>
      </trkpt>
      <trkpt lat="42.97791" lon="-122.06858">
        <ele>2114.8</ele>
      </trkpt>
      <trkpt lat="42.97782" lon="-122.06851">
        <ele>2114.4</ele>
      </trkpt>
      <trkpt lat="42.97774" lon="-122.06845">
        <ele>2113.7</ele>
      </trkpt>
      <trkpt lat="42.97765" lon="-122.06839">
        <ele>2112.7</ele>
      </trkpt>
      <trkpt lat="42.977559" lon="-122.06834">
        <ele>2111.7</ele>
      </trkpt>
      <trkpt lat="42.97741" lon="-122.06826">
        <ele>2110.3</ele>
      </trkpt>
      <trkpt lat="42.97726" lon="-122.0682">
        <ele>2109.0</ele>
      </trkpt>
      <trkpt lat="42.9771" lon="-122.06816">
        <ele>2107.8</ele>
      </trkpt>
      <trkpt lat="42.97694" lon="-122.06813">
        <ele>2106.8</ele>
      </trkpt>
      <trkpt lat="42.97678" lon="-122.06812">
        <ele>2106.1</ele>
      </trkpt>
      <trkpt lat="42.976619" lon="-122.06812">
        <ele>2105.4</ele>
      </trkpt>
      <trkpt lat="42.97646" lon="-122.06814">
        <ele>2104.9</ele>
      </trkpt>
      <trkpt lat="42.9763" lon="-122.06817">
        <ele>2104.3</ele>
      </trkpt>
      <trkpt lat="42.97616" lon="-122.06821">
        <ele>2104.0</ele>
      </trkpt>
      <trkpt lat="42.97603" lon="-122.06826">
        <ele>2103.6</ele>
      </trkpt>
      <trkpt lat="42.9759" lon="-122.06832">
        <ele>2103.3</ele>
      </trkpt>
      <trkpt lat="42.97577" lon="-122.0684">
        <ele>2103.0</ele>
      </trkpt>
      <trkpt lat="42.97564" lon="-122.06848">
        <ele>2102.6</ele>
      </trkpt>
      <trkpt lat="42.97552" lon="-122.06858">
        <ele>2102.3</ele>
      </trkpt>
      <trkpt lat="42.9754" lon="-122.06868">
        <ele>2102.0</ele>
      </trkpt>
      <trkpt lat="42.97529" lon="-122.06879">
        <ele>2101.8</ele>
      </trkpt>
      <trkpt lat="42.9752" lon="-122.06889">
        <ele>2101.5</ele>
      </trkpt>
      <trkpt lat="42.975119" lon="-122.069">
        <ele>2101.4</ele>
      </trkpt>
      <trkpt lat="42.97498" lon="-122.0692">
        <ele>2101.1</ele>
      </trkpt>
      <trkpt lat="42.97471" lon="-122.06969">
        <ele>2099.0</ele>
      </trkpt>
      <trkpt lat="42.97433" lon="-122.0703">
        <ele>2093.9</ele>
      </trkpt>
      <trkpt lat="42.97406" lon="-122.07065">
        <ele>2090.6</ele>
      </trkpt>
      <trkpt lat="42.97378" lon="-122.07085">
        <ele>2087.0</ele>
      </trkpt>
      <trkpt lat="42.97343" lon="-122.071">
        <ele>2081.4</ele>
      </trkpt>
      <trkpt lat="42.973149" lon="-122.07105">
        <ele>2078.7</ele>
      </trkpt>
      <trkpt lat="42.9729" lon="-122.07104">
        <ele>2077.0</ele>
      </trkpt>
      <trkpt lat="42.97256" lon="-122.07099">
        <ele>2075.9</ele>
      </trkpt>
      <trkpt lat="42.97235" lon="-122.07086">
        <ele>2075.2</ele>
      </trkpt>
      <trkpt lat="42.97209" lon="-122.07066">
        <ele>2073.9</ele>
      </trkpt>
      <trkpt lat="42.97179" lon="-122.07043">
        <ele>2069.3</ele>
      </trkpt>
      <trkpt lat="42.9714" lon="-122.07009">
        <ele>2070.0</ele>
      </trkpt>
      <trkpt lat="42.97117" lon="-122.06988">
        <ele>2074.7</ele>
      </trkpt>
      <trkpt lat="42.97111" lon="-122.06981">
        <ele>2075.2</ele>
      </trkpt>
      <trkpt lat="42.97101" lon="-122.06971">
        <ele>2075.6</ele>
      </trkpt>
      <trkpt lat="42.97091" lon="-122.06959">
        <ele>2075.8</ele>
      </trkpt>
      <trkpt lat="42.97081" lon="-122.06947">
        <ele>2075.8</ele>
      </trkpt>
      <trkpt lat="42.97072" lon="-122.06934">
        <ele>2075.6</ele>
      </trkpt>
      <trkpt lat="42.97063" lon="-122.06921">
        <ele>2074.9</ele>
      </trkpt>
      <trkpt lat="42.97055" lon="-122.06907">
        <ele>2073.5</ele>
      </trkpt>
      <trkpt lat="42.97047" lon="-122.06892">
        <ele>2070.3</ele>
      </trkpt>
      <trkpt lat="42.9704" lon="-122.06877">
        <ele>2067.8</ele>
      </trkpt>
      <trkpt lat="42.97032" lon="-122.06846">
        <ele>2063.9</ele>
      </trkpt>
      <trkpt lat="42.970239" lon="-122.06806">
        <ele>2062.2</ele>
      </trkpt>
      <trkpt lat="42.97016" lon="-122.06754">
        <ele>2061.0</ele>
      </trkpt>
      <trkpt lat="42.970059" lon="-122.06699">
        <ele>2058.0</ele>
      </trkpt>
      <trkpt lat="42.97002" lon="-122.06662">
        <ele>2055.4</ele>
      </trkpt>
      <trkpt lat="42.96989" lon="-122.06595">
        <ele>2050.4</ele>
      </trkpt>
      <trkpt lat="42.96979" lon="-122.06562">
        <ele>2048.7</ele>
      </trkpt>
      <trkpt lat="42.96963" lon="-122.06529">
        <ele>2047.3</ele>
      </trkpt>
      <trkpt lat="42.96952" lon="-122.06509">
        <ele>2046.4</ele>
      </trkpt>
      <trkpt lat="42.96937" lon="-122.06489">
        <ele>2045.2</ele>
      </trkpt>
      <trkpt lat="42.96927" lon="-122.06478">
        <ele>2044.7</ele>
      </trkpt>
      <trkpt lat="42.969119" lon="-122.06462">
        <ele>2043.1</ele>
      </trkpt>
      <trkpt lat="42.9688" lon="-122.06442">
        <ele>2039.1</ele>
      </trkpt>
      <trkpt lat="42.96858" lon="-122.06436">
        <ele>2038.8</ele>
      </trkpt>
      <trkpt lat="42.96833" lon="-122.06427">
        <ele>2038.6</ele>
      </trkpt>
      <trkpt lat="42.9681" lon="-122.06418">
        <ele>2038.7</ele>
      </trkpt>
      <trkpt lat="42.96799" lon="-122.06413">
        <ele>2038.4</ele>
      </trkpt>
      <trkpt lat="42.96794" lon="-122.06409">
        <ele>2037.9</ele>
      </trkpt>
      <trkpt lat="42.96782" lon="-122.06398">
        <ele>2037.0</ele>
      </trkpt>
      <trkpt lat="42.967709" lon="-122.06386">
        <ele>2036.8</ele>
      </trkpt>
      <trkpt lat="42.9676" lon="-122.06372">
        <ele>2036.9</ele>
      </trkpt>
      <trkpt lat="42.96751" lon="-122.06356">
        <ele>2037.1</ele>
      </trkpt>
      <trkpt lat="42.96743" lon="-122.0634">
        <ele>2037.6</ele>
      </trkpt>
      <trkpt lat="42.96736" lon="-122.06322">
        <ele>2038.1</ele>
      </trkpt>
      <trkpt lat="42.9673" lon="-122.06304">
        <ele>2038.6</ele>
      </trkpt>
      <trkpt lat="42.96725" lon="-122.06285">
        <ele>2039.0</ele>
      </trkpt>
      <trkpt lat="42.96723" lon="-122.0627">
        <ele>2039.3</ele>
      </trkpt>
      <trkpt lat="42.96721" lon="-122.06254">
        <ele>2039.5</ele>
      </trkpt>
      <trkpt lat="42.9672" lon="-122.06238">
        <ele>2039.8</ele>
      </trkpt>
      <trkpt lat="42.9672" lon="-122.06222">
        <ele>2040.4</ele>
      </trkpt>
      <trkpt lat="42.9672" lon="-122.06206">
        <ele>2041.1</ele>
      </trkpt>
      <trkpt lat="42.96722" lon="-122.0619">
        <ele>2042.0</ele>
      </trkpt>
      <trkpt lat="42.96725" lon="-122.06174">
        <ele>2042.7</ele>
      </trkpt>
      <trkpt lat="42.96728" lon="-122.06159">
        <ele>2043.4</ele>
      </trkpt>
      <trkpt lat="42.96738" lon="-122.06123">
        <ele>2044.0</ele>
      </trkpt>
      <trkpt lat="42.96747" lon="-122.06094">
        <ele>2044.4</ele>
      </trkpt>
      <trkpt lat="42.96758" lon="-122.06063">
        <ele>2044.9</ele>
      </trkpt>
      <trkpt lat="42.96781" lon="-122.06003">
        <ele>2049.1</ele>
      </trkpt>
      <trkpt lat="42.96797" lon="-122.05963">
        <ele>2051.2</ele>
      </trkpt>
      <trkpt lat="42.96806" lon="-122.05935">
        <ele>2050.6</ele>
      </trkpt>
      <trkpt lat="42.968089" lon="-122.05925">
        <ele>2050.2</ele>
      </trkpt>
      <trkpt lat="42.96811" lon="-122.05916">
        <ele>2050.0</ele>
      </trkpt>
      <trkpt lat="42.96813" lon="-122.05905">
        <ele>2049.7</ele>
      </trkpt>
      <trkpt lat="42.96815" lon="-122.05896">
        <ele>2049.3</ele>
      </trkpt>
      <trkpt lat="42.96817" lon="-122.05879">
        <ele>2048.8</ele>
      </trkpt>
      <trkpt lat="42.968179" lon="-122.0586">
        <ele>2049.6</ele>
      </trkpt>
      <trkpt lat="42.96819" lon="-122.05839">
        <ele>2051.4</ele>
      </trkpt>
      <trkpt lat="42.96819" lon="-122.05798">
        <ele>2054.0</ele>
      </trkpt>
      <trkpt lat="42.9682" lon="-122.05766">
        <ele>2056.3</ele>
      </trkpt>
      <trkpt lat="42.9682" lon="-122.05747">
        <ele>2058.6</ele>
      </trkpt>
      <trkpt lat="42.96823" lon="-122.05727">
        <ele>2059.4</ele>
      </trkpt>
      <trkpt lat="42.96825" lon="-122.0571">
        <ele>2060.4</ele>
      </trkpt>
      <trkpt lat="42.9683" lon="-122.05691">
        <ele>2061.1</ele>
      </trkpt>
      <trkpt lat="42.96835" lon="-122.05674">
        <ele>2062.4</ele>
      </trkpt>
      <trkpt lat="42.96843" lon="-122.05656">
        <ele>2063.3</ele>
      </trkpt>
      <trkpt lat="42.96849" lon="-122.05642">
        <ele>2063.8</ele>
      </trkpt>
      <trkpt lat="42.96854" lon="-122.05633">
        <ele>2063.8</ele>
      </trkpt>
      <trkpt lat="42.96866" lon="-122.05611">
        <ele>2063.4</ele>
      </trkpt>
      <trkpt lat="42.96875" lon="-122.05595">
        <ele>2062.7</ele>
      </trkpt>
      <trkpt lat="42.96884" lon="-122.05578">
        <ele>2062.2</ele>
      </trkpt>
      <trkpt lat="42.9689" lon="-122.05561">
        <ele>2062.3</ele>
      </trkpt>
      <trkpt lat="42.96894" lon="-122.05542">
        <ele>2063.2</ele>
      </trkpt>
      <trkpt lat="42.96896" lon="-122.05524">
        <ele>2064.8</ele>
      </trkpt>
      <trkpt lat="42.96897" lon="-122.05502">
        <ele>2066.3</ele>
      </trkpt>
      <trkpt lat="42.96895" lon="-122.05481">
        <ele>2067.4</ele>
      </trkpt>
      <trkpt lat="42.96893" lon="-122.0546">
        <ele>2068.3</ele>
      </trkpt>
      <trkpt lat="42.96891" lon="-122.05452">
        <ele>2068.7</ele>
      </trkpt>
      <trkpt lat="42.96889" lon="-122.05441">
        <ele>2069.1</ele>
      </trkpt>
      <trkpt lat="42.96886" lon="-122.05431">
        <ele>2069.4</ele>
      </trkpt>
      <trkpt lat="42.96882" lon="-122.05421">
        <ele>2069.8</ele>
      </trkpt>
      <trkpt lat="42.96878" lon="-122.05412">
        <ele>2070.0</ele>
      </trkpt>
      <trkpt lat="42.968739" lon="-122.05402">
        <ele>2070.1</ele>
      </trkpt>
      <trkpt lat="42.96869" lon="-122.05394">
        <ele>2070.3</ele>
      </trkpt>
      <trkpt lat="42.96863" lon="-122.05385">
        <ele>2070.4</ele>
      </trkpt>
      <trkpt lat="42.96858" lon="-122.05377">
        <ele>2070.5</ele>
      </trkpt>
      <trkpt lat="42.96852" lon="-122.0537">
        <ele>2070.6</ele>
      </trkpt>
      <trkpt lat="42.96846" lon="-122.05364">
        <ele>2070.6</ele>
      </trkpt>
      <trkpt lat="42.9684" lon="-122.05358">
        <ele>2070.5</ele>
      </trkpt>
      <trkpt lat="42.96833" lon="-122.05352">
        <ele>2070.5</ele>
      </trkpt>
      <trkpt lat="42.96826" lon="-122.05347">
        <ele>2070.5</ele>
      </trkpt>
      <trkpt lat="42.96819" lon="-122.05343">
        <ele>2070.5</ele>
      </trkpt>
      <trkpt lat="42.96812" lon="-122.05339">
        <ele>2070.4</ele>
      </trkpt>
      <trkpt lat="42.96805" lon="-122.05335">
        <ele>2070.3</ele>
      </trkpt>
      <trkpt lat="42.96786" lon="-122.05326">
        <ele>2069.7</ele>
      </trkpt>
      <trkpt lat="42.96749" lon="-122.05316">
        <ele>2067.5</ele>
      </trkpt>
      <trkpt lat="42.96584" lon="-122.05291">
        <ele>2056.8</ele>
      </trkpt>
      <trkpt lat="42.96537" lon="-122.05286">
        <ele>2056.1</ele>
      </trkpt>
      <trkpt lat="42.965179" lon="-122.05285">
        <ele>2055.9</ele>
      </trkpt>
      <trkpt lat="42.96499" lon="-122.05284">
        <ele>2055.6</ele>
      </trkpt>
      <trkpt lat="42.964799" lon="-122.05281">
        <ele>2055.0</ele>
      </trkpt>
      <trkpt lat="42.96461" lon="-122.05278">
        <ele>2054.2</ele>
      </trkpt>
      <trkpt lat="42.964419" lon="-122.05274">
        <ele>2053.2</ele>
      </trkpt>
      <trkpt lat="42.964239" lon="-122.0527">
        <ele>2052.1</ele>
      </trkpt>
      <trkpt lat="42.96405" lon="-122.05264">
        <ele>2050.9</ele>
      </trkpt>
      <trkpt lat="42.96387" lon="-122.05258">
        <ele>2050.3</ele>
      </trkpt>
      <trkpt lat="42.96376" lon="-122.05254">
        <ele>2050.0</ele>
      </trkpt>
      <trkpt lat="42.96366" lon="-122.0525">
        <ele>2049.2</ele>
      </trkpt>
      <trkpt lat="42.96356" lon="-122.05246">
        <ele>2047.9</ele>
      </trkpt>
      <trkpt lat="42.96345" lon="-122.05241">
        <ele>2046.7</ele>
      </trkpt>
      <trkpt lat="42.96335" lon="-122.05237">
        <ele>2046.1</ele>
      </trkpt>
      <trkpt lat="42.96325" lon="-122.05232">
        <ele>2045.8</ele>
      </trkpt>
      <trkpt lat="42.96315" lon="-122.05227">
        <ele>2045.6</ele>
      </trkpt>
      <trkpt lat="42.96305" lon="-122.05221">
        <ele>2045.4</ele>
      </trkpt>
      <trkpt lat="42.96304" lon="-122.05221">
        <ele>2045.5</ele>
      </trkpt>
      <trkpt lat="42.96304" lon="-122.0522">
        <ele>2045.3</ele>
      </trkpt>
      <trkpt lat="42.96303" lon="-122.0522">
        <ele>2045.4</ele>
      </trkpt>
      <trkpt lat="42.96297" lon="-122.05216">
        <ele>2045.3</ele>
      </trkpt>
      <trkpt lat="42.9629" lon="-122.05211">
        <ele>2045.0</ele>
      </trkpt>
      <trkpt lat="42.96284" lon="-122.05207">
        <ele>2044.8</ele>
      </trkpt>
      <trkpt lat="42.96278" lon="-122.05202">
        <ele>2044.6</ele>
      </trkpt>
      <trkpt lat="42.96272" lon="-122.05197">
        <ele>2044.4</ele>
      </trkpt>
      <trkpt lat="42.96266" lon="-122.05192">
        <ele>2044.1</ele>
      </trkpt>
      <trkpt lat="42.9626" lon="-122.05187">
        <ele>2043.7</ele>
      </trkpt>
      <trkpt lat="42.96254" lon="-122.05182">
        <ele>2043.3</ele>
      </trkpt>
      <trkpt lat="42.96248" lon="-122.05176">
        <ele>2042.6</ele>
      </trkpt>
      <trkpt lat="42.96241" lon="-122.0517">
        <ele>2041.8</ele>
      </trkpt>
      <trkpt lat="42.96235" lon="-122.05163">
        <ele>2041.0</ele>
      </trkpt>
      <trkpt lat="42.96229" lon="-122.05156">
        <ele>2040.5</ele>
      </trkpt>
      <trkpt lat="42.96223" lon="-122.0515">
        <ele>2040.3</ele>
      </trkpt>
      <trkpt lat="42.96217" lon="-122.05142">
        <ele>2040.4</ele>
      </trkpt>
      <trkpt lat="42.96211" lon="-122.05135">
        <ele>2041.0</ele>
      </trkpt>
      <trkpt lat="42.96206" lon="-122.05127">
        <ele>2041.7</ele>
      </trkpt>
      <trkpt lat="42.96199" lon="-122.05117">
        <ele>2043.1</ele>
      </trkpt>
      <trkpt lat="42.96192" lon="-122.05107">
        <ele>2044.9</ele>
      </trkpt>
      <trkpt lat="42.96186" lon="-122.05096">
        <ele>2046.6</ele>
      </trkpt>
      <trkpt lat="42.96181" lon="-122.05085">
        <ele>2047.6</ele>
      </trkpt>
      <trkpt lat="42.96175" lon="-122.05074">
        <ele>2048.5</ele>
      </trkpt>
      <trkpt lat="42.9617" lon="-122.05063">
        <ele>2049.0</ele>
      </trkpt>
      <trkpt lat="42.96165" lon="-122.05051">
        <ele>2049.5</ele>
      </trkpt>
      <trkpt lat="42.9616" lon="-122.05039">
        <ele>2050.1</ele>
      </trkpt>
      <trkpt lat="42.96148" lon="-122.05004">
        <ele>2051.2</ele>
      </trkpt>
      <trkpt lat="42.96139" lon="-122.04973">
        <ele>2052.4</ele>
      </trkpt>
      <trkpt lat="42.9613" lon="-122.04942">
        <ele>2055.5</ele>
      </trkpt>
      <trkpt lat="42.96125" lon="-122.04923">
        <ele>2058.1</ele>
      </trkpt>
      <trkpt lat="42.96122" lon="-122.0491">
        <ele>2059.5</ele>
      </trkpt>
      <trkpt lat="42.96119" lon="-122.04898">
        <ele>2060.7</ele>
      </trkpt>
      <trkpt lat="42.96118" lon="-122.04894">
        <ele>2061.0</ele>
      </trkpt>
      <trkpt lat="42.96117" lon="-122.04889">
        <ele>2061.3</ele>
      </trkpt>
      <trkpt lat="42.96115" lon="-122.04883">
        <ele>2061.9</ele>
      </trkpt>
      <trkpt lat="42.96113" lon="-122.04877">
        <ele>2062.4</ele>
      </trkpt>
      <trkpt lat="42.9611" lon="-122.04871">
        <ele>2063.2</ele>
      </trkpt>
      <trkpt lat="42.96108" lon="-122.04865">
        <ele>2063.6</ele>
      </trkpt>
      <trkpt lat="42.96105" lon="-122.04859">
        <ele>2064.2</ele>
      </trkpt>
      <trkpt lat="42.96103" lon="-122.04854">
        <ele>2064.5</ele>
      </trkpt>
      <trkpt lat="42.961" lon="-122.04848">
        <ele>2065.1</ele>
      </trkpt>
      <trkpt lat="42.96097" lon="-122.04842">
        <ele>2065.7</ele>
      </trkpt>
      <trkpt lat="42.96094" lon="-122.04837">
        <ele>2066.1</ele>
      </trkpt>
      <trkpt lat="42.9609" lon="-122.04831">
        <ele>2066.7</ele>
      </trkpt>
      <trkpt lat="42.96087" lon="-122.04826">
        <ele>2067.2</ele>
      </trkpt>
      <trkpt lat="42.96083" lon="-122.04821">
        <ele>2067.7</ele>
      </trkpt>
      <trkpt lat="42.96079" lon="-122.04816">
        <ele>2068.1</ele>
      </trkpt>
      <trkpt lat="42.96075" lon="-122.04811">
        <ele>2068.5</ele>
      </trkpt>
      <trkpt lat="42.96071" lon="-122.04807">
        <ele>2068.9</ele>
      </trkpt>
      <trkpt lat="42.96067" lon="-122.04802">
        <ele>2069.2</ele>
      </trkpt>
      <trkpt lat="42.96062" lon="-122.04798">
        <ele>2069.6</ele>
      </trkpt>
      <trkpt lat="42.96058" lon="-122.04793">
        <ele>2069.9</ele>
      </trkpt>
      <trkpt lat="42.96053" lon="-122.04789">
        <ele>2070.2</ele>
      </trkpt>
      <trkpt lat="42.960479" lon="-122.04785">
        <ele>2070.4</ele>
      </trkpt>
      <trkpt lat="42.96043" lon="-122.04782">
        <ele>2070.7</ele>
      </trkpt>
      <trkpt lat="42.96038" lon="-122.04778">
        <ele>2070.9</ele>
      </trkpt>
      <trkpt lat="42.96033" lon="-122.04775">
        <ele>2071.2</ele>
      </trkpt>
      <trkpt lat="42.96028" lon="-122.04772">
        <ele>2071.6</ele>
      </trkpt>
      <trkpt lat="42.96018" lon="-122.04768">
        <ele>2072.6</ele>
      </trkpt>
      <trkpt lat="42.96004" lon="-122.04763">
        <ele>2074.1</ele>
      </trkpt>
      <trkpt lat="42.95981" lon="-122.04756">
        <ele>2076.1</ele>
      </trkpt>
      <trkpt lat="42.95924" lon="-122.04741">
        <ele>2080.4</ele>
      </trkpt>
      <trkpt lat="42.95836" lon="-122.04721">
        <ele>2089.0</ele>
      </trkpt>
      <trkpt lat="42.95793" lon="-122.04709">
        <ele>2091.8</ele>
      </trkpt>
      <trkpt lat="42.95743" lon="-122.04696">
        <ele>2095.9</ele>
      </trkpt>
      <trkpt lat="42.95708" lon="-122.04685">
        <ele>2099.1</ele>
      </trkpt>
      <trkpt lat="42.95673" lon="-122.04676">
        <ele>2100.8</ele>
      </trkpt>
      <trkpt lat="42.95642" lon="-122.04668">
        <ele>2102.0</ele>
      </trkpt>
      <trkpt lat="42.95587" lon="-122.04657">
        <ele>2103.2</ele>
      </trkpt>
      <trkpt lat="42.95556" lon="-122.04647">
        <ele>2103.3</ele>
      </trkpt>
      <trkpt lat="42.95505" lon="-122.04636">
        <ele>2103.3</ele>
      </trkpt>
      <trkpt lat="42.95473" lon="-122.04628">
        <ele>2104.8</ele>
      </trkpt>
      <trkpt lat="42.95405" lon="-122.04602">
        <ele>2110.5</ele>
      </trkpt>
      <trkpt lat="42.95368" lon="-122.04575">
        <ele>2111.0</ele>
      </trkpt>
      <trkpt lat="42.95338" lon="-122.04544">
        <ele>2112.2</ele>
      </trkpt>
      <trkpt lat="42.95309" lon="-122.04505">
        <ele>2114.2</ele>
      </trkpt>
      <trkpt lat="42.95292" lon="-122.04471">
        <ele>2117.0</ele>
      </trkpt>
      <trkpt lat="42.9528" lon="-122.04448">
        <ele>2120.4</ele>
      </trkpt>
      <trkpt lat="42.95264" lon="-122.04411">
        <ele>2122.1</ele>
      </trkpt>
      <trkpt lat="42.95254" lon="-122.04389">
        <ele>2122.9</ele>
      </trkpt>
      <trkpt lat="42.95246" lon="-122.04372">
        <ele>2123.7</ele>
      </trkpt>
      <trkpt lat="42.9524" lon="-122.0436">
        <ele>2124.5</ele>
      </trkpt>
      <trkpt lat="42.95231" lon="-122.04346">
        <ele>2126.0</ele>
      </trkpt>
      <trkpt lat="42.95226" lon="-122.04338">
        <ele>2127.0</ele>
      </trkpt>
      <trkpt lat="42.9522" lon="-122.0433">
        <ele>2128.2</ele>
      </trkpt>
      <trkpt lat="42.95214" lon="-122.04322">
        <ele>2129.7</ele>
      </trkpt>
      <trkpt lat="42.95207" lon="-122.04315">
        <ele>2131.8</ele>
      </trkpt>
      <trkpt lat="42.952" lon="-122.04309">
        <ele>2133.3</ele>
      </trkpt>
      <trkpt lat="42.95193" lon="-122.04303">
        <ele>2134.1</ele>
      </trkpt>
      <trkpt lat="42.95185" lon="-122.04299">
        <ele>2134.9</ele>
      </trkpt>
      <trkpt lat="42.95177" lon="-122.04295">
        <ele>2135.9</ele>
      </trkpt>
      <trkpt lat="42.95172" lon="-122.04292">
        <ele>2136.7</ele>
      </trkpt>
      <trkpt lat="42.95167" lon="-122.0429">
        <ele>2137.6</ele>
      </trkpt>
      <trkpt lat="42.95162" lon="-122.04289">
        <ele>2138.5</ele>
      </trkpt>
      <trkpt lat="42.95156" lon="-122.04287">
        <ele>2139.4</ele>
      </trkpt>
      <trkpt lat="42.95151" lon="-122.04286">
        <ele>2140.1</ele>
      </trkpt>
      <trkpt lat="42.95146" lon="-122.04286">
        <ele>2140.8</ele>
      </trkpt>
      <trkpt lat="42.9514" lon="-122.04286">
        <ele>2141.6</ele>
      </trkpt>
      <trkpt lat="42.95135" lon="-122.04286">
        <ele>2142.1</ele>
      </trkpt>
      <trkpt lat="42.95127" lon="-122.04286">
        <ele>2142.9</ele>
      </trkpt>
      <trkpt lat="42.9512" lon="-122.04286">
        <ele>2143.5</ele>
      </trkpt>
      <trkpt lat="42.95112" lon="-122.04288">
        <ele>2144.1</ele>
      </trkpt>
      <trkpt lat="42.95105" lon="-122.0429">
        <ele>2144.5</ele>
      </trkpt>
      <trkpt lat="42.95097" lon="-122.04292">
        <ele>2144.9</ele>
      </trkpt>
      <trkpt lat="42.9509" lon="-122.04295">
        <ele>2145.3</ele>
      </trkpt>
      <trkpt lat="42.95083" lon="-122.04298">
        <ele>2145.5</ele>
      </trkpt>
      <trkpt lat="42.95076" lon="-122.04302">
        <ele>2145.7</ele>
      </trkpt>
      <trkpt lat="42.95071" lon="-122.04306">
        <ele>2145.9</ele>
      </trkpt>
      <trkpt lat="42.95066" lon="-122.04309">
        <ele>2146.0</ele>
      </trkpt>
      <trkpt lat="42.95061" lon="-122.04313">
        <ele>2146.3</ele>
      </trkpt>
      <trkpt lat="42.95056" lon="-122.04318">
        <ele>2146.7</ele>
      </trkpt>
      <trkpt lat="42.95052" lon="-122.04322">
        <ele>2147.1</ele>
      </trkpt>
      <trkpt lat="42.95047" lon="-122.04327">
        <ele>2147.7</ele>
      </trkpt>
      <trkpt lat="42.95043" lon="-122.04331">
        <ele>2148.1</ele>
      </trkpt>
      <trkpt lat="42.95039" lon="-122.04337">
        <ele>2148.7</ele>
      </trkpt>
      <trkpt lat="42.95033" lon="-122.04344">
        <ele>2149.1</ele>
      </trkpt>
      <trkpt lat="42.95028" lon="-122.04352">
        <ele>2149.6</ele>
      </trkpt>
      <trkpt lat="42.95023" lon="-122.0436">
        <ele>2150.0</ele>
      </trkpt>
      <trkpt lat="42.95018" lon="-122.04369">
        <ele>2150.3</ele>
      </trkpt>
      <trkpt lat="42.95014" lon="-122.04378">
        <ele>2150.6</ele>
      </trkpt>
      <trkpt lat="42.9501" lon="-122.04387">
        <ele>2150.9</ele>
      </trkpt>
      <trkpt lat="42.95006" lon="-122.04396">
        <ele>2151.3</ele>
      </trkpt>
      <trkpt lat="42.95003" lon="-122.04406">
        <ele>2151.9</ele>
      </trkpt>
      <trkpt lat="42.949979" lon="-122.04427">
        <ele>2153.6</ele>
      </trkpt>
      <trkpt lat="42.94996" lon="-122.04438">
        <ele>2154.6</ele>
      </trkpt>
      <trkpt lat="42.94992" lon="-122.04453">
        <ele>2156.0</ele>
      </trkpt>
      <trkpt lat="42.94986" lon="-122.04477">
        <ele>2158.2</ele>
      </trkpt>
      <trkpt lat="42.94981" lon="-122.04498">
        <ele>2160.0</ele>
      </trkpt>
      <trkpt lat="42.94968" lon="-122.04537">
        <ele>2163.0</ele>
      </trkpt>
      <trkpt lat="42.94953" lon="-122.04585">
        <ele>2165.8</ele>
      </trkpt>
      <trkpt lat="42.949309" lon="-122.04633">
        <ele>2168.9</ele>
      </trkpt>
      <trkpt lat="42.94908" lon="-122.04678">
        <ele>2171.1</ele>
      </trkpt>
      <trkpt lat="42.94888" lon="-122.04712">
        <ele>2171.7</ele>
      </trkpt>
      <trkpt lat="42.94865" lon="-122.04747">
        <ele>2174.8</ele>
      </trkpt>
      <trkpt lat="42.94852" lon="-122.04767">
        <ele>2175.3</ele>
      </trkpt>
      <trkpt lat="42.94838" lon="-122.04786">
        <ele>2175.5</ele>
      </trkpt>
      <trkpt lat="42.948099" lon="-122.04816">
        <ele>2175.7</ele>
      </trkpt>
      <trkpt lat="42.9478" lon="-122.04844">
        <ele>2176.9</ele>
      </trkpt>
      <trkpt lat="42.947539" lon="-122.04863">
        <ele>2179.4</ele>
      </trkpt>
      <trkpt lat="42.94739" lon="-122.04871">
        <ele>2181.7</ele>
      </trkpt>
      <trkpt lat="42.947249" lon="-122.04877">
        <ele>2183.7</ele>
      </trkpt>
      <trkpt lat="42.9471" lon="-122.04881">
        <ele>2184.4</ele>
      </trkpt>
      <trkpt lat="42.94694" lon="-122.04883">
        <ele>2183.8</ele>
      </trkpt>
      <trkpt lat="42.946869" lon="-122.04883">
        <ele>2183.7</ele>
      </trkpt>
      <trkpt lat="42.9468" lon="-122.04882">
        <ele>2183.7</ele>
      </trkpt>
      <trkpt lat="42.94673" lon="-122.04881">
        <ele>2183.8</ele>
      </trkpt>
      <trkpt lat="42.94666" lon="-122.04879">
        <ele>2183.8</ele>
      </trkpt>
      <trkpt lat="42.94659" lon="-122.04877">
        <ele>2183.8</ele>
      </trkpt>
      <trkpt lat="42.94652" lon="-122.04874">
        <ele>2183.8</ele>
      </trkpt>
      <trkpt lat="42.94646" lon="-122.04871">
        <ele>2183.8</ele>
      </trkpt>
      <trkpt lat="42.94639" lon="-122.04867">
        <ele>2183.9</ele>
      </trkpt>
      <trkpt lat="42.94635" lon="-122.04864">
        <ele>2184.0</ele>
      </trkpt>
      <trkpt lat="42.9463" lon="-122.04861">
        <ele>2184.2</ele>
      </trkpt>
      <trkpt lat="42.94626" lon="-122.04857">
        <ele>2184.2</ele>
      </trkpt>
      <trkpt lat="42.946219" lon="-122.04854">
        <ele>2184.2</ele>
      </trkpt>
      <trkpt lat="42.94617" lon="-122.04849">
        <ele>2184.2</ele>
      </trkpt>
      <trkpt lat="42.946129" lon="-122.04845">
        <ele>2184.3</ele>
      </trkpt>
      <trkpt lat="42.9461" lon="-122.04841">
        <ele>2184.3</ele>
      </trkpt>
      <trkpt lat="42.94606" lon="-122.04836">
        <ele>2184.3</ele>
      </trkpt>
      <trkpt lat="42.94601" lon="-122.0483">
        <ele>2184.4</ele>
      </trkpt>
      <trkpt lat="42.94597" lon="-122.04824">
        <ele>2184.5</ele>
      </trkpt>
      <trkpt lat="42.94593" lon="-122.04817">
        <ele>2184.6</ele>
      </trkpt>
      <trkpt lat="42.94589" lon="-122.0481">
        <ele>2184.9</ele>
      </trkpt>
      <trkpt lat="42.94585" lon="-122.04803">
        <ele>2185.2</ele>
      </trkpt>
      <trkpt lat="42.94581" lon="-122.04796">
        <ele>2185.7</ele>
      </trkpt>
      <trkpt lat="42.94578" lon="-122.04788">
        <ele>2186.0</ele>
      </trkpt>
      <trkpt lat="42.945749" lon="-122.04781">
        <ele>2186.4</ele>
      </trkpt>
      <trkpt lat="42.94572" lon="-122.04773">
        <ele>2186.9</ele>
      </trkpt>
      <trkpt lat="42.9457" lon="-122.04764">
        <ele>2187.2</ele>
      </trkpt>
      <trkpt lat="42.94568" lon="-122.04756">
        <ele>2187.5</ele>
      </trkpt>
      <trkpt lat="42.94567" lon="-122.04747">
        <ele>2187.7</ele>
      </trkpt>
      <trkpt lat="42.945659" lon="-122.04738">
        <ele>2188.1</ele>
      </trkpt>
      <trkpt lat="42.94565" lon="-122.0473">
        <ele>2188.6</ele>
      </trkpt>
      <trkpt lat="42.94564" lon="-122.04721">
        <ele>2189.4</ele>
      </trkpt>
      <trkpt lat="42.94564" lon="-122.04712">
        <ele>2190.2</ele>
      </trkpt>
      <trkpt lat="42.94564" lon="-122.04705">
        <ele>2190.8</ele>
      </trkpt>
      <trkpt lat="42.94564" lon="-122.04698">
        <ele>2191.5</ele>
      </trkpt>
      <trkpt lat="42.94564" lon="-122.04691">
        <ele>2192.3</ele>
      </trkpt>
      <trkpt lat="42.94565" lon="-122.04684">
        <ele>2192.6</ele>
      </trkpt>
      <trkpt lat="42.945659" lon="-122.04677">
        <ele>2192.8</ele>
      </trkpt>
      <trkpt lat="42.94567" lon="-122.0467">
        <ele>2193.1</ele>
      </trkpt>
      <trkpt lat="42.94568" lon="-122.04663">
        <ele>2193.3</ele>
      </trkpt>
      <trkpt lat="42.9457" lon="-122.04656">
        <ele>2193.1</ele>
      </trkpt>
      <trkpt lat="42.945749" lon="-122.04635">
        <ele>2193.3</ele>
      </trkpt>
      <trkpt lat="42.94582" lon="-122.04618">
        <ele>2192.6</ele>
      </trkpt>
      <trkpt lat="42.946129" lon="-122.0454">
        <ele>2197.4</ele>
      </trkpt>
      <trkpt lat="42.94623" lon="-122.04514">
        <ele>2198.6</ele>
      </trkpt>
      <trkpt lat="42.94634" lon="-122.04482">
        <ele>2200.3</ele>
      </trkpt>
      <trkpt lat="42.94639" lon="-122.04462">
        <ele>2201.6</ele>
      </trkpt>
      <trkpt lat="42.94642" lon="-122.04444">
        <ele>2203.5</ele>
      </trkpt>
      <trkpt lat="42.94644" lon="-122.04415">
        <ele>2209.3</ele>
      </trkpt>
      <trkpt lat="42.94644" lon="-122.04396">
        <ele>2214.3</ele>
      </trkpt>
      <trkpt lat="42.94643" lon="-122.04366">
        <ele>2221.0</ele>
      </trkpt>
      <trkpt lat="42.9464" lon="-122.04329">
        <ele>2221.0</ele>
      </trkpt>
      <trkpt lat="42.94639" lon="-122.04297">
        <ele>2222.1</ele>
      </trkpt>
      <trkpt lat="42.94633" lon="-122.0422">
        <ele>2219.2</ele>
      </trkpt>
      <trkpt lat="42.946309" lon="-122.04167">
        <ele>2215.7</ele>
      </trkpt>
      <trkpt lat="42.946309" lon="-122.0416">
        <ele>2216.0</ele>
      </trkpt>
      <trkpt lat="42.9463" lon="-122.04153">
        <ele>2217.1</ele>
      </trkpt>
      <trkpt lat="42.9463" lon="-122.04146">
        <ele>2217.3</ele>
      </trkpt>
      <trkpt lat="42.9463" lon="-122.04138">
        <ele>2217.3</ele>
      </trkpt>
      <trkpt lat="42.94629" lon="-122.04131">
        <ele>2217.8</ele>
      </trkpt>
      <trkpt lat="42.94628" lon="-122.04124">
        <ele>2218.1</ele>
      </trkpt>
      <trkpt lat="42.94627" lon="-122.04117">
        <ele>2218.3</ele>
      </trkpt>
      <trkpt lat="42.94626" lon="-122.0411">
        <ele>2218.6</ele>
      </trkpt>
      <trkpt lat="42.94625" lon="-122.04102">
        <ele>2218.7</ele>
      </trkpt>
      <trkpt lat="42.94623" lon="-122.04095">
        <ele>2219.3</ele>
      </trkpt>
      <trkpt lat="42.946219" lon="-122.04087">
        <ele>2219.4</ele>
      </trkpt>
      <trkpt lat="42.9462" lon="-122.0408">
        <ele>2219.8</ele>
      </trkpt>
      <trkpt lat="42.94618" lon="-122.04073">
        <ele>2220.1</ele>
      </trkpt>
      <trkpt lat="42.94615" lon="-122.04065">
        <ele>2220.7</ele>
      </trkpt>
      <trkpt lat="42.946129" lon="-122.04058">
        <ele>2220.9</ele>
      </trkpt>
      <trkpt lat="42.9461" lon="-122.04051">
        <ele>2221.4</ele>
      </trkpt>
      <trkpt lat="42.94607" lon="-122.04045">
        <ele>2221.9</ele>
      </trkpt>
      <trkpt lat="42.94604" lon="-122.04039">
        <ele>2222.5</ele>
      </trkpt>
      <trkpt lat="42.94601" lon="-122.04034">
        <ele>2223.1</ele>
      </trkpt>
      <trkpt lat="42.94597" lon="-122.04028">
        <ele>2223.9</ele>
      </trkpt>
      <trkpt lat="42.94594" lon="-122.04023">
        <ele>2224.4</ele>
      </trkpt>
      <trkpt lat="42.9459" lon="-122.04018">
        <ele>2225.1</ele>
      </trkpt>
      <trkpt lat="42.94586" lon="-122.04013">
        <ele>2225.8</ele>
      </trkpt>
      <trkpt lat="42.94582" lon="-122.04008">
        <ele>2226.4</ele>
      </trkpt>
      <trkpt lat="42.945749" lon="-122.04">
        <ele>2227.6</ele>
      </trkpt>
      <trkpt lat="42.94567" lon="-122.03993">
        <ele>2229.3</ele>
      </trkpt>
      <trkpt lat="42.94559" lon="-122.03987">
        <ele>2231.3</ele>
      </trkpt>
      <trkpt lat="42.9455" lon="-122.03981">
        <ele>2233.3</ele>
      </trkpt>
      <trkpt lat="42.94541" lon="-122.03976">
        <ele>2234.8</ele>
      </trkpt>
      <trkpt lat="42.94532" lon="-122.03973">
        <ele>2236.0</ele>
      </trkpt>
      <trkpt lat="42.94523" lon="-122.0397">
        <ele>2236.7</ele>
      </trkpt>
      <trkpt lat="42.94514" lon="-122.03967">
        <ele>2237.2</ele>
      </trkpt>
      <trkpt lat="42.94508" lon="-122.03967">
        <ele>2237.5</ele>
      </trkpt>
      <trkpt lat="42.94502" lon="-122.03966">
        <ele>2237.6</ele>
      </trkpt>
      <trkpt lat="42.94496" lon="-122.03966">
        <ele>2237.7</ele>
      </trkpt>
      <trkpt lat="42.944899" lon="-122.03966">
        <ele>2237.7</ele>
      </trkpt>
      <trkpt lat="42.94483" lon="-122.03967">
        <ele>2237.7</ele>
      </trkpt>
      <trkpt lat="42.94477" lon="-122.03968">
        <ele>2237.5</ele>
      </trkpt>
      <trkpt lat="42.94471" lon="-122.0397">
        <ele>2237.4</ele>
      </trkpt>
      <trkpt lat="42.94466" lon="-122.03972">
        <ele>2237.3</ele>
      </trkpt>
      <trkpt lat="42.94459" lon="-122.03975">
        <ele>2237.1</ele>
      </trkpt>
      <trkpt lat="42.94452" lon="-122.03978">
        <ele>2236.9</ele>
      </trkpt>
      <trkpt lat="42.94445" lon="-122.03982">
        <ele>2236.8</ele>
      </trkpt>
      <trkpt lat="42.94439" lon="-122.03986">
        <ele>2236.7</ele>
      </trkpt>
      <trkpt lat="42.94433" lon="-122.03991">
        <ele>2236.8</ele>
      </trkpt>
      <trkpt lat="42.94427" lon="-122.03996">
        <ele>2237.0</ele>
      </trkpt>
      <trkpt lat="42.94421" lon="-122.04002">
        <ele>2237.2</ele>
      </trkpt>
      <trkpt lat="42.94415" lon="-122.04008">
        <ele>2237.4</ele>
      </trkpt>
      <trkpt lat="42.94403" lon="-122.04024">
        <ele>2238.1</ele>
      </trkpt>
      <trkpt lat="42.94367" lon="-122.04072">
        <ele>2239.7</ele>
      </trkpt>
      <trkpt lat="42.94338" lon="-122.0411">
        <ele>2240.5</ele>
      </trkpt>
      <trkpt lat="42.94321" lon="-122.0413">
        <ele>2240.8</ele>
      </trkpt>
      <trkpt lat="42.94317" lon="-122.04135">
        <ele>2240.9</ele>
      </trkpt>
      <trkpt lat="42.943129" lon="-122.0414">
        <ele>2241.1</ele>
      </trkpt>
      <trkpt lat="42.94309" lon="-122.04144">
        <ele>2241.2</ele>
      </trkpt>
      <trkpt lat="42.94305" lon="-122.04149">
        <ele>2241.5</ele>
      </trkpt>
      <trkpt lat="42.943" lon="-122.04153">
        <ele>2241.6</ele>
      </trkpt>
      <trkpt lat="42.94296" lon="-122.04157">
        <ele>2241.7</ele>
      </trkpt>
      <trkpt lat="42.94292" lon="-122.04161">
        <ele>2242.0</ele>
      </trkpt>
      <trkpt lat="42.94288" lon="-122.04165">
        <ele>2242.3</ele>
      </trkpt>
      <trkpt lat="42.94283" lon="-122.04168">
        <ele>2242.6</ele>
      </trkpt>
      <trkpt lat="42.94278" lon="-122.04172">
        <ele>2243.0</ele>
      </trkpt>
      <trkpt lat="42.94274" lon="-122.04175">
        <ele>2243.7</ele>
      </trkpt>
      <trkpt lat="42.94269" lon="-122.04179">
        <ele>2244.7</ele>
      </trkpt>
      <trkpt lat="42.94264" lon="-122.04182">
        <ele>2245.6</ele>
      </trkpt>
      <trkpt lat="42.94259" lon="-122.04185">
        <ele>2246.4</ele>
      </trkpt>
      <trkpt lat="42.94255" lon="-122.04188">
        <ele>2246.6</ele>
      </trkpt>
      <trkpt lat="42.9425" lon="-122.0419">
        <ele>2246.9</ele>
      </trkpt>
      <trkpt lat="42.94213" lon="-122.04211">
        <ele>2248.0</ele>
      </trkpt>
      <trkpt lat="42.94116" lon="-122.04258">
        <ele>2252.2</ele>
      </trkpt>
      <trkpt lat="42.94066" lon="-122.04284">
        <ele>2253.5</ele>
      </trkpt>
      <trkpt lat="42.94029" lon="-122.04301">
        <ele>2258.1</ele>
      </trkpt>
      <trkpt lat="42.94006" lon="-122.04311">
        <ele>2263.3</ele>
      </trkpt>
      <trkpt lat="42.93991" lon="-122.04313">
        <ele>2262.7</ele>
      </trkpt>
      <trkpt lat="42.939749" lon="-122.04315">
        <ele>2261.9</ele>
      </trkpt>
      <trkpt lat="42.93951" lon="-122.04313">
        <ele>2260.1</ele>
      </trkpt>
      <trkpt lat="42.93921" lon="-122.043">
        <ele>2256.8</ele>
      </trkpt>
      <trkpt lat="42.939" lon="-122.04288">
        <ele>2257.1</ele>
      </trkpt>
      <trkpt lat="42.9388" lon="-122.04269">
        <ele>2258.3</ele>
      </trkpt>
      <trkpt lat="42.93864" lon="-122.04253">
        <ele>2262.5</ele>
      </trkpt>
      <trkpt lat="42.93853" lon="-122.04237">
        <ele>2268.6</ele>
      </trkpt>
      <trkpt lat="42.93832" lon="-122.0419">
        <ele>2272.5</ele>
      </trkpt>
      <trkpt lat="42.93817" lon="-122.04151">
        <ele>2274.8</ele>
      </trkpt>
      <trkpt lat="42.93807" lon="-122.04128">
        <ele>2274.7</ele>
      </trkpt>
      <trkpt lat="42.938" lon="-122.04116">
        <ele>2274.4</ele>
      </trkpt>
      <trkpt lat="42.93786" lon="-122.04098">
        <ele>2274.6</ele>
      </trkpt>
      <trkpt lat="42.93772" lon="-122.04081">
        <ele>2275.9</ele>
      </trkpt>
      <trkpt lat="42.93757" lon="-122.04066">
        <ele>2278.5</ele>
      </trkpt>
      <trkpt lat="42.93722" lon="-122.04033">
        <ele>2278.9</ele>
      </trkpt>
      <trkpt lat="42.93671" lon="-122.03983">
        <ele>2279.9</ele>
      </trkpt>
      <trkpt lat="42.93632" lon="-122.03947">
        <ele>2282.9</ele>
      </trkpt>
      <trkpt lat="42.93609" lon="-122.0393">
        <ele>2286.8</ele>
      </trkpt>
      <trkpt lat="42.935809" lon="-122.03914">
        <ele>2295.7</ele>
      </trkpt>
      <trkpt lat="42.93553" lon="-122.03903">
        <ele>2296.9</ele>
      </trkpt>
      <trkpt lat="42.93522" lon="-122.03893">
        <ele>2295.8</ele>
      </trkpt>
      <trkpt lat="42.93483" lon="-122.03881">
        <ele>2295.8</ele>
      </trkpt>
      <trkpt lat="42.93451" lon="-122.03864">
        <ele>2303.7</ele>
      </trkpt>
      <trkpt lat="42.93423" lon="-122.03844">
        <ele>2306.8</ele>
      </trkpt>
      <trkpt lat="42.93398" lon="-122.0382">
        <ele>2309.0</ele>
      </trkpt>
      <trkpt lat="42.93372" lon="-122.03788">
        <ele>2307.6</ele>
      </trkpt>
      <trkpt lat="42.93353" lon="-122.03755">
        <ele>2307.0</ele>
      </trkpt>
      <trkpt lat="42.93336" lon="-122.03717">
        <ele>2307.8</ele>
      </trkpt>
      <trkpt lat="42.93324" lon="-122.03683">
        <ele>2309.0</ele>
      </trkpt>
      <trkpt lat="42.933169" lon="-122.0365">
        <ele>2315.6</ele>
      </trkpt>
      <trkpt lat="42.93312" lon="-122.03603">
        <ele>2317.7</ele>
      </trkpt>
      <trkpt lat="42.933079" lon="-122.03547">
        <ele>2318.8</ele>
      </trkpt>
      <trkpt lat="42.932989" lon="-122.03367">
        <ele>2333.7</ele>
      </trkpt>
      <trkpt lat="42.93295" lon="-122.03254">
        <ele>2331.1</ele>
      </trkpt>
      <trkpt lat="42.93283" lon="-122.03078">
        <ele>2322.5</ele>
      </trkpt>
      <trkpt lat="42.93276" lon="-122.03038">
        <ele>2320.4</ele>
      </trkpt>
      <trkpt lat="42.93262" lon="-122.02994">
        <ele>2320.4</ele>
      </trkpt>
      <trkpt lat="42.93249" lon="-122.02967">
        <ele>2323.8</ele>
      </trkpt>
      <trkpt lat="42.93224" lon="-122.0293">
        <ele>2324.4</ele>
      </trkpt>
      <trkpt lat="42.93194" lon="-122.029">
        <ele>2322.8</ele>
      </trkpt>
      <trkpt lat="42.93172" lon="-122.02882">
        <ele>2323.0</ele>
      </trkpt>
      <trkpt lat="42.93141" lon="-122.02868">
        <ele>2324.3</ele>
      </trkpt>
      <trkpt lat="42.93119" lon="-122.02862">
        <ele>2325.1</ele>
      </trkpt>
      <trkpt lat="42.93089" lon="-122.02859">
        <ele>2326.5</ele>
      </trkpt>
      <trkpt lat="42.930875" lon="-122.028592">
        <ele>2326.6</ele>
      </trkpt>
      <trkpt lat="42.93062" lon="-122.02863">
        <ele>2328.8</ele>
      </trkpt>
      <trkpt lat="42.93036" lon="-122.02868">
        <ele>2331.0</ele>
      </trkpt>
      <trkpt lat="42.93011" lon="-122.02881">
        <ele>2331.8</ele>
      </trkpt>
      <trkpt lat="42.929789" lon="-122.02905">
        <ele>2333.4</ele>
      </trkpt>
      <trkpt lat="42.92951" lon="-122.0294">
        <ele>2339.1</ele>
      </trkpt>
      <trkpt lat="42.92937" lon="-122.02962">
        <ele>2342.1</ele>
      </trkpt>
      <trkpt lat="42.92922" lon="-122.02991">
        <ele>2344.2</ele>
      </trkpt>
      <trkpt lat="42.92913" lon="-122.03013">
        <ele>2345.0</ele>
      </trkpt>
      <trkpt lat="42.92913" lon="-122.03014">
        <ele>2345.0</ele>
      </trkpt>
      <trkpt lat="42.92907" lon="-122.03038">
        <ele>2345.4</ele>
      </trkpt>
      <trkpt lat="42.929" lon="-122.03068">
        <ele>2345.9</ele>
      </trkpt>
      <trkpt lat="42.92898" lon="-122.0309">
        <ele>2346.2</ele>
      </trkpt>
      <trkpt lat="42.92897" lon="-122.03118">
        <ele>2346.7</ele>
      </trkpt>
      <trkpt lat="42.92897" lon="-122.0314">
        <ele>2347.1</ele>
      </trkpt>
      <trkpt lat="42.92899" lon="-122.03168">
        <ele>2347.5</ele>
      </trkpt>
      <trkpt lat="42.92902" lon="-122.03189">
        <ele>2347.8</ele>
      </trkpt>
      <trkpt lat="42.92906" lon="-122.03213">
        <ele>2348.1</ele>
      </trkpt>
      <trkpt lat="42.92906" lon="-122.03213">
        <ele>2348.1</ele>
      </trkpt>
      <trkpt lat="42.92925" lon="-122.0326">
        <ele>2350.3</ele>
      </trkpt>
      <trkpt lat="42.9294" lon="-122.03287">
        <ele>2352.4</ele>
      </trkpt>
      <trkpt lat="42.92957" lon="-122.03311">
        <ele>2355.0</ele>
      </trkpt>
      <trkpt lat="42.92981" lon="-122.03342">
        <ele>2356.4</ele>
      </trkpt>
      <trkpt lat="42.93024" lon="-122.03392">
        <ele>2354.9</ele>
      </trkpt>
      <trkpt lat="42.93028" lon="-122.03396">
        <ele>2354.7</ele>
      </trkpt>
      <trkpt lat="42.93066" lon="-122.03437">
        <ele>2355.6</ele>
      </trkpt>
      <trkpt lat="42.9311" lon="-122.03492">
        <ele>2361.4</ele>
      </trkpt>
      <trkpt lat="42.9313" lon="-122.03512">
        <ele>2365.9</ele>
      </trkpt>
      <trkpt lat="42.93145" lon="-122.03529">
        <ele>2368.5</ele>
      </trkpt>
      <trkpt lat="42.93155" lon="-122.03542">
        <ele>2369.4</ele>
      </trkpt>
      <trkpt lat="42.93162" lon="-122.03553">
        <ele>2369.5</ele>
      </trkpt>
      <trkpt lat="42.93171" lon="-122.0357">
        <ele>2368.9</ele>
      </trkpt>
      <trkpt lat="42.93179" lon="-122.03587">
        <ele>2367.5</ele>
      </trkpt>
      <trkpt lat="42.93183" lon="-122.03599">
        <ele>2366.9</ele>
      </trkpt>
      <trkpt lat="42.93187" lon="-122.03611">
        <ele>2366.2</ele>
      </trkpt>
      <trkpt lat="42.9319" lon="-122.03631">
        <ele>2366.5</ele>
      </trkpt>
      <trkpt lat="42.93193" lon="-122.03648">
        <ele>2366.5</ele>
      </trkpt>
      <trkpt lat="42.93194" lon="-122.0367">
        <ele>2366.1</ele>
      </trkpt>
      <trkpt lat="42.93195" lon="-122.03691">
        <ele>2364.9</ele>
      </trkpt>
      <trkpt lat="42.931959" lon="-122.03779">
        <ele>2363.7</ele>
      </trkpt>
      <trkpt lat="42.931959" lon="-122.03843">
        <ele>2365.1</ele>
      </trkpt>
      <trkpt lat="42.93198" lon="-122.03881">
        <ele>2364.9</ele>
      </trkpt>
      <trkpt lat="42.93201" lon="-122.03908">
        <ele>2364.6</ele>
      </trkpt>
      <trkpt lat="42.93207" lon="-122.03932">
        <ele>2363.1</ele>
      </trkpt>
      <trkpt lat="42.932139" lon="-122.03957">
        <ele>2363.9</ele>
      </trkpt>
      <trkpt lat="42.93227" lon="-122.03984">
        <ele>2363.8</ele>
      </trkpt>
      <trkpt lat="42.93241" lon="-122.04007">
        <ele>2365.3</ele>
      </trkpt>
      <trkpt lat="42.93257" lon="-122.04028">
        <ele>2366.3</ele>
      </trkpt>
      <trkpt lat="42.93275" lon="-122.04044">
        <ele>2367.4</ele>
      </trkpt>
      <trkpt lat="42.93296" lon="-122.04056">
        <ele>2368.8</ele>
      </trkpt>
      <trkpt lat="42.933169" lon="-122.04064">
        <ele>2370.2</ele>
      </trkpt>
      <trkpt lat="42.93335" lon="-122.04068">
        <ele>2370.7</ele>
      </trkpt>
      <trkpt lat="42.9336" lon="-122.04071">
        <ele>2370.8</ele>
      </trkpt>
      <trkpt lat="42.93386" lon="-122.04073">
        <ele>2370.3</ele>
      </trkpt>
      <trkpt lat="42.93408" lon="-122.04079">
        <ele>2370.0</ele>
      </trkpt>
      <trkpt lat="42.9343" lon="-122.04087">
        <ele>2368.7</ele>
      </trkpt>
      <trkpt lat="42.93451" lon="-122.04098">
        <ele>2367.6</ele>
      </trkpt>
      <trkpt lat="42.9347" lon="-122.0411">
        <ele>2366.8</ele>
      </trkpt>
      <trkpt lat="42.93488" lon="-122.04126">
        <ele>2366.0</ele>
      </trkpt>
      <trkpt lat="42.93507" lon="-122.04144">
        <ele>2364.8</ele>
      </trkpt>
      <trkpt lat="42.935339" lon="-122.04181">
        <ele>2363.8</ele>
      </trkpt>
      <trkpt lat="42.93545" lon="-122.04198">
        <ele>2363.1</ele>
      </trkpt>
      <trkpt lat="42.93555" lon="-122.04219">
        <ele>2363.3</ele>
      </trkpt>
      <trkpt lat="42.93568" lon="-122.04252">
        <ele>2364.6</ele>
      </trkpt>
      <trkpt lat="42.93578" lon="-122.04282">
        <ele>2366.3</ele>
      </trkpt>
      <trkpt lat="42.93584" lon="-122.04313">
        <ele>2369.1</ele>
      </trkpt>
      <trkpt lat="42.93589" lon="-122.04342">
        <ele>2374.7</ele>
      </trkpt>
      <trkpt lat="42.935899" lon="-122.04369">
        <ele>2379.9</ele>
      </trkpt>
      <trkpt lat="42.93588" lon="-122.04396">
        <ele>2381.9</ele>
      </trkpt>
      <trkpt lat="42.93583" lon="-122.04451">
        <ele>2377.5</ele>
      </trkpt>
      <trkpt lat="42.93574" lon="-122.04529">
        <ele>2377.9</ele>
      </trkpt>
      <trkpt lat="42.9355" lon="-122.04715">
        <ele>2396.3</ele>
      </trkpt>
      <trkpt lat="42.93549" lon="-122.04724">
        <ele>2397.1</ele>
      </trkpt>
      <trkpt lat="42.93547" lon="-122.04735">
        <ele>2398.0</ele>
      </trkpt>
      <trkpt lat="42.93544" lon="-122.04753">
        <ele>2399.5</ele>
      </trkpt>
      <trkpt lat="42.93542" lon="-122.04765">
        <ele>2400.3</ele>
      </trkpt>
      <trkpt lat="42.93538" lon="-122.04778">
        <ele>2401.1</ele>
      </trkpt>
      <trkpt lat="42.935339" lon="-122.04791">
        <ele>2401.9</ele>
      </trkpt>
      <trkpt lat="42.93529" lon="-122.04806">
        <ele>2402.8</ele>
      </trkpt>
      <trkpt lat="42.93524" lon="-122.04819">
        <ele>2403.6</ele>
      </trkpt>
      <trkpt lat="42.93518" lon="-122.04832">
        <ele>2404.0</ele>
      </trkpt>
      <trkpt lat="42.93511" lon="-122.04843">
        <ele>2403.8</ele>
      </trkpt>
      <trkpt lat="42.93507" lon="-122.04848">
        <ele>2403.7</ele>
      </trkpt>
      <trkpt lat="42.93504" lon="-122.04851">
        <ele>2403.5</ele>
      </trkpt>
      <trkpt lat="42.93502" lon="-122.04854">
        <ele>2403.4</ele>
      </trkpt>
      <trkpt lat="42.93498" lon="-122.04855">
        <ele>2403.1</ele>
      </trkpt>
      <trkpt lat="42.934959" lon="-122.04855">
        <ele>2402.9</ele>
      </trkpt>
      <trkpt lat="42.93495" lon="-122.04856">
        <ele>2402.8</ele>
      </trkpt>
      <trkpt lat="42.93493" lon="-122.04855">
        <ele>2402.6</ele>
      </trkpt>
      <trkpt lat="42.9349" lon="-122.04855">
        <ele>2402.3</ele>
      </trkpt>
      <trkpt lat="42.934869" lon="-122.04853">
        <ele>2401.9</ele>
      </trkpt>
      <trkpt lat="42.93484" lon="-122.04851">
        <ele>2401.6</ele>
      </trkpt>
      <trkpt lat="42.93482" lon="-122.04848">
        <ele>2401.3</ele>
      </trkpt>
      <trkpt lat="42.9348" lon="-122.04847">
        <ele>2401.1</ele>
      </trkpt>
      <trkpt lat="42.9348" lon="-122.04845">
        <ele>2401.1</ele>
      </trkpt>
      <trkpt lat="42.93478" lon="-122.04842">
        <ele>2400.9</ele>
      </trkpt>
      <trkpt lat="42.93477" lon="-122.04838">
        <ele>2400.8</ele>
      </trkpt>
      <trkpt lat="42.93477" lon="-122.048364">
        <ele>2400.8</ele>
      </trkpt>
      <trkpt lat="42.93477" lon="-122.04834">
        <ele>2400.7</ele>
      </trkpt>
      <trkpt lat="42.93477" lon="-122.04829">
        <ele>2400.7</ele>
      </trkpt>
      <trkpt lat="42.93477" lon="-122.04824">
        <ele>2400.7</ele>
      </trkpt>
      <trkpt lat="42.93478" lon="-122.0482">
        <ele>2400.8</ele>
      </trkpt>
      <trkpt lat="42.93479" lon="-122.04816">
        <ele>2400.9</ele>
      </trkpt>
      <trkpt lat="42.93481" lon="-122.04813">
        <ele>2401.0</ele>
      </trkpt>
      <trkpt lat="42.93484" lon="-122.04809">
        <ele>2401.1</ele>
      </trkpt>
      <trkpt lat="42.93488" lon="-122.04805">
        <ele>2401.2</ele>
      </trkpt>
      <trkpt lat="42.93493" lon="-122.04801">
        <ele>2401.3</ele>
      </trkpt>
      <trkpt lat="42.93502" lon="-122.04794">
        <ele>2401.3</ele>
      </trkpt>
      <trkpt lat="42.93512" lon="-122.04784">
        <ele>2401.2</ele>
      </trkpt>
      <trkpt lat="42.9352" lon="-122.04776">
        <ele>2401.0</ele>
      </trkpt>
      <trkpt lat="42.93527" lon="-122.04765">
        <ele>2400.5</ele>
      </trkpt>
      <trkpt lat="42.935339" lon="-122.04753">
        <ele>2399.7</ele>
      </trkpt>
      <trkpt lat="42.93537" lon="-122.04749">
        <ele>2399.4</ele>
      </trkpt>
      <trkpt lat="42.93539" lon="-122.04745">
        <ele>2399.1</ele>
      </trkpt>
      <trkpt lat="42.93541" lon="-122.04739">
        <ele>2398.6</ele>
      </trkpt>
      <trkpt lat="42.935429" lon="-122.04732">
        <ele>2398.1</ele>
      </trkpt>
      <trkpt lat="42.93545" lon="-122.04727">
        <ele>2397.6</ele>
      </trkpt>
      <trkpt lat="42.93547" lon="-122.04722">
        <ele>2397.1</ele>
      </trkpt>
      <trkpt lat="42.9355" lon="-122.04715">
        <ele>2396.3</ele>
      </trkpt>
      <trkpt lat="42.93574" lon="-122.04529">
        <ele>2377.9</ele>
      </trkpt>
      <trkpt lat="42.93583" lon="-122.04451">
        <ele>2377.5</ele>
      </trkpt>
      <trkpt lat="42.93588" lon="-122.04396">
        <ele>2381.9</ele>
      </trkpt>
      <trkpt lat="42.935899" lon="-122.04369">
        <ele>2379.9</ele>
      </trkpt>
      <trkpt lat="42.93589" lon="-122.04342">
        <ele>2374.7</ele>
      </trkpt>
      <trkpt lat="42.93584" lon="-122.04313">
        <ele>2369.1</ele>
      </trkpt>
      <trkpt lat="42.93578" lon="-122.04282">
        <ele>2366.3</ele>
      </trkpt>
      <trkpt lat="42.93568" lon="-122.04252">
        <ele>2364.6</ele>
      </trkpt>
      <trkpt lat="42.93555" lon="-122.04219">
        <ele>2363.3</ele>
      </trkpt>
      <trkpt lat="42.93545" lon="-122.04198">
        <ele>2363.1</ele>
      </trkpt>
      <trkpt lat="42.935339" lon="-122.04181">
        <ele>2363.8</ele>
      </trkpt>
      <trkpt lat="42.93507" lon="-122.04144">
        <ele>2364.8</ele>
      </trkpt>
      <trkpt lat="42.93488" lon="-122.04126">
        <ele>2366.0</ele>
      </trkpt>
      <trkpt lat="42.9347" lon="-122.0411">
        <ele>2366.8</ele>
      </trkpt>
      <trkpt lat="42.93451" lon="-122.04098">
        <ele>2367.6</ele>
      </trkpt>
      <trkpt lat="42.9343" lon="-122.04087">
        <ele>2368.7</ele>
      </trkpt>
      <trkpt lat="42.93408" lon="-122.04079">
        <ele>2370.0</ele>
      </trkpt>
      <trkpt lat="42.93386" lon="-122.04073">
        <ele>2370.3</ele>
      </trkpt>
      <trkpt lat="42.9336" lon="-122.04071">
        <ele>2370.8</ele>
      </trkpt>
      <trkpt lat="42.93335" lon="-122.04068">
        <ele>2370.7</ele>
      </trkpt>
      <trkpt lat="42.933169" lon="-122.04064">
        <ele>2370.2</ele>
      </trkpt>
      <trkpt lat="42.93296" lon="-122.04056">
        <ele>2368.8</ele>
      </trkpt>
      <trkpt lat="42.93275" lon="-122.04044">
        <ele>2367.4</ele>
      </trkpt>
      <trkpt lat="42.93257" lon="-122.04028">
        <ele>2366.3</ele>
      </trkpt>
      <trkpt lat="42.93241" lon="-122.04007">
        <ele>2365.3</ele>
      </trkpt>
      <trkpt lat="42.93227" lon="-122.03984">
        <ele>2363.8</ele>
      </trkpt>
      <trkpt lat="42.932139" lon="-122.03957">
        <ele>2363.9</ele>
      </trkpt>
      <trkpt lat="42.93207" lon="-122.03932">
        <ele>2363.1</ele>
      </trkpt>
      <trkpt lat="42.93201" lon="-122.03908">
        <ele>2364.6</ele>
      </trkpt>
      <trkpt lat="42.93198" lon="-122.03881">
        <ele>2364.9</ele>
      </trkpt>
      <trkpt lat="42.931959" lon="-122.03843">
        <ele>2365.1</ele>
      </trkpt>
      <trkpt lat="42.931959" lon="-122.03779">
        <ele>2363.7</ele>
      </trkpt>
      <trkpt lat="42.93195" lon="-122.03691">
        <ele>2364.9</ele>
      </trkpt>
      <trkpt lat="42.93194" lon="-122.0367">
        <ele>2366.1</ele>
      </trkpt>
      <trkpt lat="42.93193" lon="-122.03648">
        <ele>2366.5</ele>
      </trkpt>
      <trkpt lat="42.9319" lon="-122.03631">
        <ele>2366.5</ele>
      </trkpt>
      <trkpt lat="42.93187" lon="-122.03611">
        <ele>2366.2</ele>
      </trkpt>
      <trkpt lat="42.93183" lon="-122.03599">
        <ele>2366.9</ele>
      </trkpt>
      <trkpt lat="42.93179" lon="-122.03587">
        <ele>2367.5</ele>
      </trkpt>
      <trkpt lat="42.93171" lon="-122.0357">
        <ele>2368.9</ele>
      </trkpt>
      <trkpt lat="42.93162" lon="-122.03553">
        <ele>2369.5</ele>
      </trkpt>
      <trkpt lat="42.93155" lon="-122.03542">
        <ele>2369.4</ele>
      </trkpt>
      <trkpt lat="42.93145" lon="-122.03529">
        <ele>2368.5</ele>
      </trkpt>
      <trkpt lat="42.9313" lon="-122.03512">
        <ele>2365.9</ele>
      </trkpt>
      <trkpt lat="42.9311" lon="-122.03492">
        <ele>2361.4</ele>
      </trkpt>
      <trkpt lat="42.9311" lon="-122.03492">
        <ele>2361.4</ele>
      </trkpt>
      <trkpt lat="42.93079" lon="-122.03482">
        <ele>2359.9</ele>
      </trkpt>
      <trkpt lat="42.93059" lon="-122.03478">
        <ele>2360.2</ele>
      </trkpt>
      <trkpt lat="42.93038" lon="-122.03476">
        <ele>2360.6</ele>
      </trkpt>
      <trkpt lat="42.930169" lon="-122.03479">
        <ele>2360.9</ele>
      </trkpt>
      <trkpt lat="42.92996" lon="-122.03487">
        <ele>2360.5</ele>
      </trkpt>
      <trkpt lat="42.92983" lon="-122.03494">
        <ele>2359.7</ele>
      </trkpt>
      <trkpt lat="42.92975" lon="-122.03498">
        <ele>2358.7</ele>
      </trkpt>
      <trkpt lat="42.92956" lon="-122.03514">
        <ele>2355.3</ele>
      </trkpt>
      <trkpt lat="42.9293" lon="-122.03546">
        <ele>2352.2</ele>
      </trkpt>
      <trkpt lat="42.92915" lon="-122.03567">
        <ele>2350.2</ele>
      </trkpt>
      <trkpt lat="42.92907" lon="-122.0358">
        <ele>2349.2</ele>
      </trkpt>
      <trkpt lat="42.92907" lon="-122.0358">
        <ele>2349.2</ele>
      </trkpt>
      <trkpt lat="42.92888" lon="-122.0363">
        <ele>2347.4</ele>
      </trkpt>
      <trkpt lat="42.92869" lon="-122.03669">
        <ele>2342.1</ele>
      </trkpt>
      <trkpt lat="42.92848" lon="-122.03717">
        <ele>2338.9</ele>
      </trkpt>
      <trkpt lat="42.92801" lon="-122.03819">
        <ele>2328.1</ele>
      </trkpt>
      <trkpt lat="42.9275" lon="-122.03925">
        <ele>2331.4</ele>
      </trkpt>
      <trkpt lat="42.92705" lon="-122.04034">
        <ele>2326.8</ele>
      </trkpt>
      <trkpt lat="42.92681" lon="-122.0411">
        <ele>2321.6</ele>
      </trkpt>
      <trkpt lat="42.92675" lon="-122.0415">
        <ele>2324.3</ele>
      </trkpt>
      <trkpt lat="42.92665" lon="-122.04216">
        <ele>2322.8</ele>
      </trkpt>
      <trkpt lat="42.92657" lon="-122.04318">
        <ele>2304.8</ele>
      </trkpt>
      <trkpt lat="42.9265" lon="-122.04407">
        <ele>2298.2</ele>
      </trkpt>
      <trkpt lat="42.92644" lon="-122.04477">
        <ele>2294.4</ele>
      </trkpt>
      <trkpt lat="42.92643" lon="-122.04508">
        <ele>2294.2</ele>
      </trkpt>
      <trkpt lat="42.92641" lon="-122.04539">
        <ele>2292.5</ele>
      </trkpt>
      <trkpt lat="42.92641" lon="-122.04564">
        <ele>2292.0</ele>
      </trkpt>
      <trkpt lat="42.92641" lon="-122.04589">
        <ele>2291.2</ele>
      </trkpt>
      <trkpt lat="42.92643" lon="-122.04614">
        <ele>2291.3</ele>
      </trkpt>
      <trkpt lat="42.92649" lon="-122.04658">
        <ele>2289.1</ele>
      </trkpt>
      <trkpt lat="42.926609" lon="-122.04713">
        <ele>2282.5</ele>
      </trkpt>
      <trkpt lat="42.926699" lon="-122.04771">
        <ele>2270.0</ele>
      </trkpt>
      <trkpt lat="42.92677" lon="-122.04833">
        <ele>2268.9</ele>
      </trkpt>
      <trkpt lat="42.92681" lon="-122.04891">
        <ele>2270.3</ele>
      </trkpt>
      <trkpt lat="42.92684" lon="-122.04951">
        <ele>2271.1</ele>
      </trkpt>
      <trkpt lat="42.92687" lon="-122.0498">
        <ele>2272.0</ele>
      </trkpt>
      <trkpt lat="42.92692" lon="-122.05008">
        <ele>2272.9</ele>
      </trkpt>
      <trkpt lat="42.92703" lon="-122.05058">
        <ele>2271.5</ele>
      </trkpt>
      <trkpt lat="42.92718" lon="-122.05113">
        <ele>2265.4</ele>
      </trkpt>
      <trkpt lat="42.92736" lon="-122.05169">
        <ele>2264.2</ele>
      </trkpt>
      <trkpt lat="42.92752" lon="-122.0522">
        <ele>2263.4</ele>
      </trkpt>
      <trkpt lat="42.92768" lon="-122.05271">
        <ele>2263.7</ele>
      </trkpt>
      <trkpt lat="42.92778" lon="-122.05311">
        <ele>2265.3</ele>
      </trkpt>
      <trkpt lat="42.92785" lon="-122.05351">
        <ele>2267.6</ele>
      </trkpt>
      <trkpt lat="42.92786" lon="-122.05386">
        <ele>2268.9</ele>
      </trkpt>
      <trkpt lat="42.92785" lon="-122.05419">
        <ele>2265.1</ele>
      </trkpt>
      <trkpt lat="42.92781" lon="-122.05447">
        <ele>2260.2</ele>
      </trkpt>
      <trkpt lat="42.927729" lon="-122.05476">
        <ele>2258.7</ele>
      </trkpt>
      <trkpt lat="42.927639" lon="-122.05507">
        <ele>2258.2</ele>
      </trkpt>
      <trkpt lat="42.92753" lon="-122.05536">
        <ele>2258.1</ele>
      </trkpt>
      <trkpt lat="42.92737" lon="-122.05563">
        <ele>2258.0</ele>
      </trkpt>
      <trkpt lat="42.92718" lon="-122.0559">
        <ele>2258.2</ele>
      </trkpt>
      <trkpt lat="42.92702" lon="-122.05606">
        <ele>2259.1</ele>
      </trkpt>
      <trkpt lat="42.92695" lon="-122.05612">
        <ele>2259.6</ele>
      </trkpt>
      <trkpt lat="42.92674" lon="-122.05625">
        <ele>2260.7</ele>
      </trkpt>
      <trkpt lat="42.92657" lon="-122.05637">
        <ele>2261.8</ele>
      </trkpt>
      <trkpt lat="42.92635" lon="-122.05656">
        <ele>2263.7</ele>
      </trkpt>
      <trkpt lat="42.926139" lon="-122.05675">
        <ele>2265.4</ele>
      </trkpt>
      <trkpt lat="42.92596" lon="-122.05697">
        <ele>2266.5</ele>
      </trkpt>
      <trkpt lat="42.92583" lon="-122.05723">
        <ele>2267.7</ele>
      </trkpt>
      <trkpt lat="42.9257" lon="-122.05755">
        <ele>2268.7</ele>
      </trkpt>
      <trkpt lat="42.9256" lon="-122.05791">
        <ele>2269.1</ele>
      </trkpt>
      <trkpt lat="42.92553" lon="-122.05824">
        <ele>2269.7</ele>
      </trkpt>
      <trkpt lat="42.92548" lon="-122.05849">
        <ele>2270.9</ele>
      </trkpt>
      <trkpt lat="42.92545" lon="-122.05859">
        <ele>2271.3</ele>
      </trkpt>
      <trkpt lat="42.92541" lon="-122.05874">
        <ele>2271.4</ele>
      </trkpt>
      <trkpt lat="42.92535" lon="-122.05891">
        <ele>2271.1</ele>
      </trkpt>
      <trkpt lat="42.92532" lon="-122.05897">
        <ele>2270.8</ele>
      </trkpt>
      <trkpt lat="42.925289" lon="-122.05903">
        <ele>2271.0</ele>
      </trkpt>
      <trkpt lat="42.92526" lon="-122.05908">
        <ele>2271.3</ele>
      </trkpt>
      <trkpt lat="42.92523" lon="-122.05914">
        <ele>2271.2</ele>
      </trkpt>
      <trkpt lat="42.92519" lon="-122.05919">
        <ele>2271.3</ele>
      </trkpt>
      <trkpt lat="42.92516" lon="-122.05924">
        <ele>2271.3</ele>
      </trkpt>
      <trkpt lat="42.92512" lon="-122.05929">
        <ele>2271.2</ele>
      </trkpt>
      <trkpt lat="42.92508" lon="-122.05934">
        <ele>2271.1</ele>
      </trkpt>
      <trkpt lat="42.92501" lon="-122.05942">
        <ele>2271.1</ele>
      </trkpt>
      <trkpt lat="42.92494" lon="-122.0595">
        <ele>2271.1</ele>
      </trkpt>
      <trkpt lat="42.92486" lon="-122.05957">
        <ele>2271.1</ele>
      </trkpt>
      <trkpt lat="42.92478" lon="-122.05963">
        <ele>2271.2</ele>
      </trkpt>
      <trkpt lat="42.9247" lon="-122.05969">
        <ele>2271.1</ele>
      </trkpt>
      <trkpt lat="42.92461" lon="-122.05974">
        <ele>2271.0</ele>
      </trkpt>
      <trkpt lat="42.92453" lon="-122.05979">
        <ele>2270.9</ele>
      </trkpt>
      <trkpt lat="42.92444" lon="-122.05983">
        <ele>2270.7</ele>
      </trkpt>
      <trkpt lat="42.92438" lon="-122.05986">
        <ele>2270.6</ele>
      </trkpt>
      <trkpt lat="42.92309" lon="-122.06054">
        <ele>2270.4</ele>
      </trkpt>
      <trkpt lat="42.9228" lon="-122.06069">
        <ele>2270.2</ele>
      </trkpt>
      <trkpt lat="42.92264" lon="-122.06078">
        <ele>2268.1</ele>
      </trkpt>
      <trkpt lat="42.92253" lon="-122.06086">
        <ele>2266.0</ele>
      </trkpt>
      <trkpt lat="42.92241" lon="-122.06095">
        <ele>2264.0</ele>
      </trkpt>
      <trkpt lat="42.92231" lon="-122.06102">
        <ele>2262.8</ele>
      </trkpt>
      <trkpt lat="42.92223" lon="-122.06108">
        <ele>2262.0</ele>
      </trkpt>
      <trkpt lat="42.92217" lon="-122.06109">
        <ele>2261.6</ele>
      </trkpt>
      <trkpt lat="42.92213" lon="-122.06109">
        <ele>2261.4</ele>
      </trkpt>
      <trkpt lat="42.92209" lon="-122.06109">
        <ele>2261.3</ele>
      </trkpt>
      <trkpt lat="42.92204" lon="-122.06105">
        <ele>2261.2</ele>
      </trkpt>
      <trkpt lat="42.92199" lon="-122.061">
        <ele>2261.1</ele>
      </trkpt>
      <trkpt lat="42.92195" lon="-122.06094">
        <ele>2261.0</ele>
      </trkpt>
      <trkpt lat="42.921909" lon="-122.06088">
        <ele>2260.8</ele>
      </trkpt>
      <trkpt lat="42.92177" lon="-122.06071">
        <ele>2260.1</ele>
      </trkpt>
      <trkpt lat="42.92159" lon="-122.06046">
        <ele>2259.4</ele>
      </trkpt>
      <trkpt lat="42.921439" lon="-122.06024">
        <ele>2258.5</ele>
      </trkpt>
      <trkpt lat="42.921259" lon="-122.05997">
        <ele>2257.0</ele>
      </trkpt>
      <trkpt lat="42.92104" lon="-122.05965">
        <ele>2253.8</ele>
      </trkpt>
      <trkpt lat="42.92057" lon="-122.05902">
        <ele>2247.9</ele>
      </trkpt>
      <trkpt lat="42.91962" lon="-122.05779">
        <ele>2236.0</ele>
      </trkpt>
      <trkpt lat="42.91849" lon="-122.05628">
        <ele>2226.2</ele>
      </trkpt>
      <trkpt lat="42.91744" lon="-122.05487">
        <ele>2213.5</ele>
      </trkpt>
      <trkpt lat="42.91723" lon="-122.05457">
        <ele>2209.6</ele>
      </trkpt>
      <trkpt lat="42.91714" lon="-122.05444">
        <ele>2208.4</ele>
      </trkpt>
      <trkpt lat="42.91704" lon="-122.05432">
        <ele>2208.0</ele>
      </trkpt>
      <trkpt lat="42.916939" lon="-122.05421">
        <ele>2207.8</ele>
      </trkpt>
      <trkpt lat="42.91684" lon="-122.05411">
        <ele>2207.7</ele>
      </trkpt>
      <trkpt lat="42.91673" lon="-122.05401">
        <ele>2207.8</ele>
      </trkpt>
      <trkpt lat="42.91661" lon="-122.05392">
        <ele>2208.0</ele>
      </trkpt>
      <trkpt lat="42.9165" lon="-122.05384">
        <ele>2207.8</ele>
      </trkpt>
      <trkpt lat="42.916379" lon="-122.05377">
        <ele>2207.7</ele>
      </trkpt>
      <trkpt lat="42.91627" lon="-122.05371">
        <ele>2206.3</ele>
      </trkpt>
      <trkpt lat="42.91616" lon="-122.05366">
        <ele>2204.2</ele>
      </trkpt>
      <trkpt lat="42.91605" lon="-122.05362">
        <ele>2203.0</ele>
      </trkpt>
      <trkpt lat="42.91594" lon="-122.05359">
        <ele>2202.5</ele>
      </trkpt>
      <trkpt lat="42.915819" lon="-122.05356">
        <ele>2202.1</ele>
      </trkpt>
      <trkpt lat="42.91571" lon="-122.05354">
        <ele>2201.7</ele>
      </trkpt>
      <trkpt lat="42.91559" lon="-122.05353">
        <ele>2201.2</ele>
      </trkpt>
      <trkpt lat="42.91548" lon="-122.05353">
        <ele>2200.8</ele>
      </trkpt>
      <trkpt lat="42.91534" lon="-122.05354">
        <ele>2199.6</ele>
      </trkpt>
      <trkpt lat="42.91507" lon="-122.05361">
        <ele>2198.2</ele>
      </trkpt>
      <trkpt lat="42.914409" lon="-122.05387">
        <ele>2187.4</ele>
      </trkpt>
      <trkpt lat="42.91375" lon="-122.05413">
        <ele>2188.3</ele>
      </trkpt>
      <trkpt lat="42.91312" lon="-122.05438">
        <ele>2181.7</ele>
      </trkpt>
      <trkpt lat="42.91263" lon="-122.05457">
        <ele>2179.9</ele>
      </trkpt>
      <trkpt lat="42.91232" lon="-122.0547">
        <ele>2179.4</ele>
      </trkpt>
      <trkpt lat="42.91193" lon="-122.05489">
        <ele>2178.4</ele>
      </trkpt>
      <trkpt lat="42.91151" lon="-122.05508">
        <ele>2168.7</ele>
      </trkpt>
      <trkpt lat="42.91109" lon="-122.05523">
        <ele>2166.2</ele>
      </trkpt>
      <trkpt lat="42.910739" lon="-122.05537">
        <ele>2164.5</ele>
      </trkpt>
      <trkpt lat="42.91038" lon="-122.0555">
        <ele>2163.2</ele>
      </trkpt>
      <trkpt lat="42.91023" lon="-122.05555">
        <ele>2162.4</ele>
      </trkpt>
      <trkpt lat="42.91004" lon="-122.05563">
        <ele>2159.3</ele>
      </trkpt>
      <trkpt lat="42.90983" lon="-122.05575">
        <ele>2158.3</ele>
      </trkpt>
      <trkpt lat="42.90965" lon="-122.05587">
        <ele>2158.8</ele>
      </trkpt>
      <trkpt lat="42.90956" lon="-122.05595">
        <ele>2158.8</ele>
      </trkpt>
      <trkpt lat="42.90948" lon="-122.05606">
        <ele>2158.7</ele>
      </trkpt>
      <trkpt lat="42.90942" lon="-122.05617">
        <ele>2158.7</ele>
      </trkpt>
      <trkpt lat="42.9093" lon="-122.0564">
        <ele>2157.8</ele>
      </trkpt>
      <trkpt lat="42.909239" lon="-122.05662">
        <ele>2157.9</ele>
      </trkpt>
      <trkpt lat="42.90917" lon="-122.05695">
        <ele>2158.3</ele>
      </trkpt>
      <trkpt lat="42.90909" lon="-122.05756">
        <ele>2155.3</ele>
      </trkpt>
      <trkpt lat="42.90904" lon="-122.05787">
        <ele>2152.2</ele>
      </trkpt>
      <trkpt lat="42.909" lon="-122.05821">
        <ele>2150.9</ele>
      </trkpt>
      <trkpt lat="42.90898" lon="-122.05857">
        <ele>2150.4</ele>
      </trkpt>
      <trkpt lat="42.90898" lon="-122.05892">
        <ele>2150.9</ele>
      </trkpt>
      <trkpt lat="42.909" lon="-122.05922">
        <ele>2150.8</ele>
      </trkpt>
      <trkpt lat="42.90904" lon="-122.05963">
        <ele>2147.7</ele>
      </trkpt>
      <trkpt lat="42.909149" lon="-122.06019">
        <ele>2142.4</ele>
      </trkpt>
      <trkpt lat="42.90928" lon="-122.06087">
        <ele>2134.5</ele>
      </trkpt>
      <trkpt lat="42.90946" lon="-122.06186">
        <ele>2124.1</ele>
      </trkpt>
      <trkpt lat="42.90975" lon="-122.06352">
        <ele>2117.2</ele>
      </trkpt>
      <trkpt lat="42.90983" lon="-122.06397">
        <ele>2116.7</ele>
      </trkpt>
      <trkpt lat="42.90989" lon="-122.06429">
        <ele>2114.9</ele>
      </trkpt>
      <trkpt lat="42.90994" lon="-122.06453">
        <ele>2112.4</ele>
      </trkpt>
      <trkpt lat="42.91003" lon="-122.06483">
        <ele>2111.0</ele>
      </trkpt>
      <trkpt lat="42.91022" lon="-122.06516">
        <ele>2112.0</ele>
      </trkpt>
      <trkpt lat="42.9104" lon="-122.06543">
        <ele>2110.5</ele>
      </trkpt>
      <trkpt lat="42.91059" lon="-122.06563">
        <ele>2108.6</ele>
      </trkpt>
      <trkpt lat="42.91083" lon="-122.06583">
        <ele>2103.8</ele>
      </trkpt>
      <trkpt lat="42.91113" lon="-122.06603">
        <ele>2100.6</ele>
      </trkpt>
      <trkpt lat="42.91154" lon="-122.06624">
        <ele>2098.6</ele>
      </trkpt>
      <trkpt lat="42.91225" lon="-122.0666">
        <ele>2092.3</ele>
      </trkpt>
      <trkpt lat="42.91268" lon="-122.06681">
        <ele>2089.3</ele>
      </trkpt>
      <trkpt lat="42.91313" lon="-122.06706">
        <ele>2089.1</ele>
      </trkpt>
      <trkpt lat="42.91342" lon="-122.06723">
        <ele>2088.7</ele>
      </trkpt>
      <trkpt lat="42.91352" lon="-122.06732">
        <ele>2087.4</ele>
      </trkpt>
      <trkpt lat="42.91369" lon="-122.06748">
        <ele>2086.2</ele>
      </trkpt>
      <trkpt lat="42.91381" lon="-122.06762">
        <ele>2085.6</ele>
      </trkpt>
      <trkpt lat="42.91396" lon="-122.06781">
        <ele>2084.3</ele>
      </trkpt>
      <trkpt lat="42.91405" lon="-122.06797">
        <ele>2081.5</ele>
      </trkpt>
      <trkpt lat="42.91424" lon="-122.06836">
        <ele>2078.1</ele>
      </trkpt>
      <trkpt lat="42.914243" lon="-122.068373">
        <ele>2078.1</ele>
      </trkpt>
      <trkpt lat="42.91424" lon="-122.06837">
        <ele>2078.0</ele>
      </trkpt>
      <trkpt lat="42.9143" lon="-122.06854">
        <ele>2077.4</ele>
      </trkpt>
      <trkpt lat="42.91435" lon="-122.06876">
        <ele>2075.7</ele>
      </trkpt>
      <trkpt lat="42.91438" lon="-122.06894">
        <ele>2074.1</ele>
      </trkpt>
      <trkpt lat="42.9144" lon="-122.06912">
        <ele>2072.5</ele>
      </trkpt>
      <trkpt lat="42.9144" lon="-122.06946">
        <ele>2069.5</ele>
      </trkpt>
      <trkpt lat="42.91439" lon="-122.06962">
        <ele>2068.2</ele>
      </trkpt>
      <trkpt lat="42.91438" lon="-122.06974">
        <ele>2067.0</ele>
      </trkpt>
      <trkpt lat="42.91437" lon="-122.06982">
        <ele>2066.1</ele>
      </trkpt>
      <trkpt lat="42.91437" lon="-122.06982">
        <ele>2066.1</ele>
      </trkpt>
      <trkpt lat="42.91439" lon="-122.07001">
        <ele>2064.8</ele>
      </trkpt>
      <trkpt lat="42.914409" lon="-122.07008">
        <ele>2064.8</ele>
      </trkpt>
      <trkpt lat="42.91442" lon="-122.07016">
        <ele>2064.6</ele>
      </trkpt>
      <trkpt lat="42.91445" lon="-122.07025">
        <ele>2064.6</ele>
      </trkpt>
      <trkpt lat="42.914499" lon="-122.070399">
        <ele>2064.2</ele>
      </trkpt>
      <trkpt lat="42.91451" lon="-122.07043">
        <ele>2064.1</ele>
      </trkpt>
      <trkpt lat="42.914513" lon="-122.070451">
        <ele>2064.0</ele>
      </trkpt>
      <trkpt lat="42.91452" lon="-122.07048">
        <ele>2063.9</ele>
      </trkpt>
      <trkpt lat="42.91453" lon="-122.07055">
        <ele>2063.7</ele>
      </trkpt>
      <trkpt lat="42.91453" lon="-122.0706">
        <ele>2063.5</ele>
      </trkpt>
      <trkpt lat="42.91453" lon="-122.07065">
        <ele>2063.3</ele>
      </trkpt>
      <trkpt lat="42.91451" lon="-122.07072">
        <ele>2062.3</ele>
      </trkpt>
      <trkpt lat="42.91449" lon="-122.07079">
        <ele>2061.0</ele>
      </trkpt>
      <trkpt lat="42.91447" lon="-122.07085">
        <ele>2059.7</ele>
      </trkpt>
      <trkpt lat="42.91437" lon="-122.07105">
        <ele>2055.5</ele>
      </trkpt>
      <trkpt lat="42.91436" lon="-122.07107">
        <ele>2055.1</ele>
      </trkpt>
      <trkpt lat="42.91434" lon="-122.0711">
        <ele>2054.7</ele>
      </trkpt>
      <trkpt lat="42.914319" lon="-122.07112">
        <ele>2054.5</ele>
      </trkpt>
      <trkpt lat="42.91427" lon="-122.07117">
        <ele>2054.2</ele>
      </trkpt>
      <trkpt lat="42.91421" lon="-122.07122">
        <ele>2053.8</ele>
      </trkpt>
      <trkpt lat="42.91409" lon="-122.07129">
        <ele>2053.4</ele>
      </trkpt>
      <trkpt lat="42.91391" lon="-122.07136">
        <ele>2052.9</ele>
      </trkpt>
      <trkpt lat="42.91368" lon="-122.07142">
        <ele>2052.1</ele>
      </trkpt>
      <trkpt lat="42.91351" lon="-122.07145">
        <ele>2051.1</ele>
      </trkpt>
      <trkpt lat="42.91351" lon="-122.07145">
        <ele>2051.1</ele>
      </trkpt>
      <trkpt lat="42.91344" lon="-122.07152">
        <ele>2050.7</ele>
      </trkpt>
      <trkpt lat="42.91315" lon="-122.0718">
        <ele>2047.7</ele>
      </trkpt>
      <trkpt lat="42.912919" lon="-122.071981">
        <ele>2047.0</ele>
      </trkpt>
      <trkpt lat="42.91287" lon="-122.07202">
        <ele>2046.8</ele>
      </trkpt>
      <trkpt lat="42.91287" lon="-122.07207">
        <ele>2047.3</ele>
      </trkpt>
      <trkpt lat="42.91285" lon="-122.07213">
        <ele>2047.6</ele>
      </trkpt>
      <trkpt lat="42.91283" lon="-122.07219">
        <ele>2048.0</ele>
      </trkpt>
      <trkpt lat="42.91278" lon="-122.07224">
        <ele>2048.0</ele>
      </trkpt>
      <trkpt lat="42.91237" lon="-122.0725">
        <ele>2047.1</ele>
      </trkpt>
      <trkpt lat="42.91228" lon="-122.07256">
        <ele>2047.1</ele>
      </trkpt>
      <trkpt lat="42.912149" lon="-122.07263">
        <ele>2046.7</ele>
      </trkpt>
      <trkpt lat="42.912149" lon="-122.07263">
        <ele>2046.7</ele>
      </trkpt>
      <trkpt lat="42.91193" lon="-122.07273">
        <ele>2045.6</ele>
      </trkpt>
      <trkpt lat="42.91152" lon="-122.0729">
        <ele>2041.7</ele>
      </trkpt>
      <trkpt lat="42.91096" lon="-122.07309">
        <ele>2046.0</ele>
      </trkpt>
      <trkpt lat="42.91024" lon="-122.07334">
        <ele>2053.1</ele>
      </trkpt>
      <trkpt lat="42.90964" lon="-122.07348">
        <ele>2054.9</ele>
      </trkpt>
      <trkpt lat="42.90907" lon="-122.07354">
        <ele>2060.8</ele>
      </trkpt>
      <trkpt lat="42.90851" lon="-122.07353">
        <ele>2060.4</ele>
      </trkpt>
      <trkpt lat="42.90809" lon="-122.07347">
        <ele>2060.9</ele>
      </trkpt>
      <trkpt lat="42.90772" lon="-122.07338">
        <ele>2063.7</ele>
      </trkpt>
      <trkpt lat="42.9072" lon="-122.07322">
        <ele>2066.9</ele>
      </trkpt>
      <trkpt lat="42.90701" lon="-122.07313">
        <ele>2065.3</ele>
      </trkpt>
      <trkpt lat="42.90674" lon="-122.07304">
        <ele>2064.6</ele>
      </trkpt>
      <trkpt lat="42.90664" lon="-122.07302">
        <ele>2065.1</ele>
      </trkpt>
      <trkpt lat="42.90651" lon="-122.07301">
        <ele>2066.6</ele>
      </trkpt>
      <trkpt lat="42.90626" lon="-122.07299">
        <ele>2069.3</ele>
      </trkpt>
      <trkpt lat="42.90605" lon="-122.07299">
        <ele>2073.2</ele>
      </trkpt>
      <trkpt lat="42.90579" lon="-122.07297">
        <ele>2074.5</ele>
      </trkpt>
      <trkpt lat="42.90563" lon="-122.07294">
        <ele>2074.6</ele>
      </trkpt>
      <trkpt lat="42.90547" lon="-122.07285">
        <ele>2073.0</ele>
      </trkpt>
      <trkpt lat="42.90522" lon="-122.07266">
        <ele>2070.2</ele>
      </trkpt>
      <trkpt lat="42.904829" lon="-122.07233">
        <ele>2069.5</ele>
      </trkpt>
      <trkpt lat="42.90437" lon="-122.07202">
        <ele>2066.8</ele>
      </trkpt>
      <trkpt lat="42.90404" lon="-122.0719">
        <ele>2074.1</ele>
      </trkpt>
      <trkpt lat="42.90364" lon="-122.07177">
        <ele>2085.4</ele>
      </trkpt>
      <trkpt lat="42.90321" lon="-122.07157">
        <ele>2088.6</ele>
      </trkpt>
      <trkpt lat="42.902769" lon="-122.07127">
        <ele>2090.8</ele>
      </trkpt>
      <trkpt lat="42.90224" lon="-122.07086">
        <ele>2096.1</ele>
      </trkpt>
      <trkpt lat="42.90194" lon="-122.07054">
        <ele>2092.3</ele>
      </trkpt>
      <trkpt lat="42.90164" lon="-122.07022">
        <ele>2093.5</ele>
      </trkpt>
      <trkpt lat="42.90137" lon="-122.06985">
        <ele>2102.8</ele>
      </trkpt>
      <trkpt lat="42.90111" lon="-122.06949">
        <ele>2108.0</ele>
      </trkpt>
      <trkpt lat="42.900889" lon="-122.06919">
        <ele>2106.3</ele>
      </trkpt>
      <trkpt lat="42.90063" lon="-122.06889">
        <ele>2112.0</ele>
      </trkpt>
      <trkpt lat="42.90039" lon="-122.06868">
        <ele>2113.8</ele>
      </trkpt>
      <trkpt lat="42.90019" lon="-122.06857">
        <ele>2116.2</ele>
      </trkpt>
      <trkpt lat="42.90004" lon="-122.06849">
        <ele>2117.8</ele>
      </trkpt>
      <trkpt lat="42.89982" lon="-122.06844">
        <ele>2119.2</ele>
      </trkpt>
      <trkpt lat="42.89964" lon="-122.06843">
        <ele>2119.7</ele>
      </trkpt>
      <trkpt lat="42.899479" lon="-122.06843">
        <ele>2120.3</ele>
      </trkpt>
      <trkpt lat="42.899299" lon="-122.06843">
        <ele>2120.9</ele>
      </trkpt>
      <trkpt lat="42.89913" lon="-122.06844">
        <ele>2121.7</ele>
      </trkpt>
      <trkpt lat="42.89894" lon="-122.06843">
        <ele>2122.5</ele>
      </trkpt>
      <trkpt lat="42.89877" lon="-122.06841">
        <ele>2123.1</ele>
      </trkpt>
      <trkpt lat="42.89847" lon="-122.06837">
        <ele>2124.0</ele>
      </trkpt>
      <trkpt lat="42.89818" lon="-122.06829">
        <ele>2126.1</ele>
      </trkpt>
      <trkpt lat="42.89786" lon="-122.06819">
        <ele>2132.2</ele>
      </trkpt>
      <trkpt lat="42.89758" lon="-122.06808">
        <ele>2135.6</ele>
      </trkpt>
      <trkpt lat="42.89738" lon="-122.06802">
        <ele>2137.0</ele>
      </trkpt>
      <trkpt lat="42.89725" lon="-122.06799">
        <ele>2137.7</ele>
      </trkpt>
      <trkpt lat="42.8971" lon="-122.06797">
        <ele>2138.5</ele>
      </trkpt>
      <trkpt lat="42.89693" lon="-122.06795">
        <ele>2139.4</ele>
      </trkpt>
      <trkpt lat="42.89671" lon="-122.06795">
        <ele>2140.7</ele>
      </trkpt>
      <trkpt lat="42.89659" lon="-122.06796">
        <ele>2141.4</ele>
      </trkpt>
      <trkpt lat="42.89644" lon="-122.06797">
        <ele>2142.2</ele>
      </trkpt>
      <trkpt lat="42.8959" lon="-122.06804">
        <ele>2146.6</ele>
      </trkpt>
      <trkpt lat="42.89574" lon="-122.06806">
        <ele>2148.2</ele>
      </trkpt>
      <trkpt lat="42.89564" lon="-122.06806">
        <ele>2148.7</ele>
      </trkpt>
      <trkpt lat="42.89539" lon="-122.06805">
        <ele>2149.9</ele>
      </trkpt>
      <trkpt lat="42.8952" lon="-122.06803">
        <ele>2151.5</ele>
      </trkpt>
      <trkpt lat="42.89508" lon="-122.068">
        <ele>2152.6</ele>
      </trkpt>
      <trkpt lat="42.89488" lon="-122.06794">
        <ele>2154.3</ele>
      </trkpt>
      <trkpt lat="42.89472" lon="-122.06787">
        <ele>2155.1</ele>
      </trkpt>
      <trkpt lat="42.89447" lon="-122.06773">
        <ele>2157.1</ele>
      </trkpt>
      <trkpt lat="42.89415" lon="-122.0675">
        <ele>2158.6</ele>
      </trkpt>
      <trkpt lat="42.89393" lon="-122.06733">
        <ele>2160.1</ele>
      </trkpt>
      <trkpt lat="42.89363" lon="-122.06713">
        <ele>2163.8</ele>
      </trkpt>
      <trkpt lat="42.89343" lon="-122.06698">
        <ele>2165.6</ele>
      </trkpt>
      <trkpt lat="42.89331" lon="-122.06691">
        <ele>2167.5</ele>
      </trkpt>
      <trkpt lat="42.89322" lon="-122.06686">
        <ele>2168.9</ele>
      </trkpt>
      <trkpt lat="42.89312" lon="-122.06683">
        <ele>2170.0</ele>
      </trkpt>
      <trkpt lat="42.89302" lon="-122.0668">
        <ele>2170.7</ele>
      </trkpt>
      <trkpt lat="42.892919" lon="-122.06677">
        <ele>2171.3</ele>
      </trkpt>
      <trkpt lat="42.89282" lon="-122.06675">
        <ele>2172.1</ele>
      </trkpt>
      <trkpt lat="42.89272" lon="-122.06674">
        <ele>2172.9</ele>
      </trkpt>
      <trkpt lat="42.89262" lon="-122.06674">
        <ele>2173.8</ele>
      </trkpt>
      <trkpt lat="42.89249" lon="-122.06675">
        <ele>2174.9</ele>
      </trkpt>
      <trkpt lat="42.892359" lon="-122.06676">
        <ele>2175.7</ele>
      </trkpt>
      <trkpt lat="42.89224" lon="-122.06679">
        <ele>2176.5</ele>
      </trkpt>
      <trkpt lat="42.89211" lon="-122.06683">
        <ele>2177.6</ele>
      </trkpt>
      <trkpt lat="42.89199" lon="-122.06689">
        <ele>2178.7</ele>
      </trkpt>
      <trkpt lat="42.89187" lon="-122.06695">
        <ele>2179.6</ele>
      </trkpt>
      <trkpt lat="42.89175" lon="-122.06702">
        <ele>2180.4</ele>
      </trkpt>
      <trkpt lat="42.89164" lon="-122.0671">
        <ele>2181.3</ele>
      </trkpt>
      <trkpt lat="42.89149" lon="-122.06723">
        <ele>2182.2</ele>
      </trkpt>
      <trkpt lat="42.8913" lon="-122.06741">
        <ele>2183.2</ele>
      </trkpt>
      <trkpt lat="42.89116" lon="-122.06758">
        <ele>2186.2</ele>
      </trkpt>
      <trkpt lat="42.89105" lon="-122.06772">
        <ele>2188.6</ele>
      </trkpt>
      <trkpt lat="42.89094" lon="-122.06792">
        <ele>2190.9</ele>
      </trkpt>
      <trkpt lat="42.89081" lon="-122.06827">
        <ele>2192.9</ele>
      </trkpt>
      <trkpt lat="42.89073" lon="-122.06856">
        <ele>2194.1</ele>
      </trkpt>
      <trkpt lat="42.89067" lon="-122.06882">
        <ele>2195.2</ele>
      </trkpt>
      <trkpt lat="42.8906" lon="-122.06918">
        <ele>2195.8</ele>
      </trkpt>
      <trkpt lat="42.89051" lon="-122.0698">
        <ele>2194.9</ele>
      </trkpt>
      <trkpt lat="42.89016" lon="-122.07202">
        <ele>2204.3</ele>
      </trkpt>
      <trkpt lat="42.89" lon="-122.07292">
        <ele>2208.6</ele>
      </trkpt>
      <trkpt lat="42.88991" lon="-122.07335">
        <ele>2209.6</ele>
      </trkpt>
      <trkpt lat="42.88982" lon="-122.07371">
        <ele>2212.5</ele>
      </trkpt>
      <trkpt lat="42.88968" lon="-122.07407">
        <ele>2214.1</ele>
      </trkpt>
      <trkpt lat="42.88953" lon="-122.07437">
        <ele>2215.4</ele>
      </trkpt>
      <trkpt lat="42.88932" lon="-122.07467">
        <ele>2217.3</ele>
      </trkpt>
      <trkpt lat="42.88905" lon="-122.07501">
        <ele>2218.0</ele>
      </trkpt>
      <trkpt lat="42.8887" lon="-122.07533">
        <ele>2223.7</ele>
      </trkpt>
      <trkpt lat="42.88842" lon="-122.07562">
        <ele>2226.5</ele>
      </trkpt>
      <trkpt lat="42.8881" lon="-122.07592">
        <ele>2227.1</ele>
      </trkpt>
      <trkpt lat="42.88779" lon="-122.0762">
        <ele>2227.5</ele>
      </trkpt>
      <trkpt lat="42.88746" lon="-122.07652">
        <ele>2228.3</ele>
      </trkpt>
      <trkpt lat="42.88645" lon="-122.07749">
        <ele>2239.2</ele>
      </trkpt>
      <trkpt lat="42.88572" lon="-122.07819">
        <ele>2238.8</ele>
      </trkpt>
      <trkpt lat="42.88523" lon="-122.07864">
        <ele>2240.0</ele>
      </trkpt>
      <trkpt lat="42.88487" lon="-122.07897">
        <ele>2240.8</ele>
      </trkpt>
      <trkpt lat="42.88462" lon="-122.07924">
        <ele>2245.1</ele>
      </trkpt>
      <trkpt lat="42.88452" lon="-122.07936">
        <ele>2246.1</ele>
      </trkpt>
      <trkpt lat="42.88442" lon="-122.07948">
        <ele>2246.8</ele>
      </trkpt>
      <trkpt lat="42.88433" lon="-122.07961">
        <ele>2247.6</ele>
      </trkpt>
      <trkpt lat="42.88425" lon="-122.07975">
        <ele>2248.4</ele>
      </trkpt>
      <trkpt lat="42.88417" lon="-122.0799">
        <ele>2248.9</ele>
      </trkpt>
      <trkpt lat="42.884099" lon="-122.08005">
        <ele>2249.5</ele>
      </trkpt>
      <trkpt lat="42.88403" lon="-122.08021">
        <ele>2250.1</ele>
      </trkpt>
      <trkpt lat="42.88397" lon="-122.0804">
        <ele>2250.7</ele>
      </trkpt>
      <trkpt lat="42.88391" lon="-122.08059">
        <ele>2251.3</ele>
      </trkpt>
      <trkpt lat="42.88387" lon="-122.08078">
        <ele>2252.0</ele>
      </trkpt>
      <trkpt lat="42.88383" lon="-122.08098">
        <ele>2252.6</ele>
      </trkpt>
      <trkpt lat="42.883809" lon="-122.08119">
        <ele>2253.4</ele>
      </trkpt>
      <trkpt lat="42.88379" lon="-122.08139">
        <ele>2253.9</ele>
      </trkpt>
      <trkpt lat="42.88379" lon="-122.0816">
        <ele>2254.5</ele>
      </trkpt>
      <trkpt lat="42.8838" lon="-122.0818">
        <ele>2255.0</ele>
      </trkpt>
      <trkpt lat="42.8838" lon="-122.08192">
        <ele>2255.2</ele>
      </trkpt>
      <trkpt lat="42.88382" lon="-122.08204">
        <ele>2255.4</ele>
      </trkpt>
      <trkpt lat="42.88383" lon="-122.08215">
        <ele>2255.5</ele>
      </trkpt>
      <trkpt lat="42.88385" lon="-122.08227">
        <ele>2255.6</ele>
      </trkpt>
      <trkpt lat="42.88388" lon="-122.08238">
        <ele>2255.7</ele>
      </trkpt>
      <trkpt lat="42.8839" lon="-122.08249">
        <ele>2255.8</ele>
      </trkpt>
      <trkpt lat="42.88394" lon="-122.0826">
        <ele>2255.9</ele>
      </trkpt>
      <trkpt lat="42.88397" lon="-122.08271">
        <ele>2255.9</ele>
      </trkpt>
      <trkpt lat="42.88401" lon="-122.08283">
        <ele>2256.1</ele>
      </trkpt>
      <trkpt lat="42.88406" lon="-122.08295">
        <ele>2256.4</ele>
      </trkpt>
      <trkpt lat="42.88411" lon="-122.08306">
        <ele>2256.5</ele>
      </trkpt>
      <trkpt lat="42.88416" lon="-122.08317">
        <ele>2256.5</ele>
      </trkpt>
      <trkpt lat="42.88422" lon="-122.08328">
        <ele>2256.5</ele>
      </trkpt>
      <trkpt lat="42.884279" lon="-122.08338">
        <ele>2256.2</ele>
      </trkpt>
      <trkpt lat="42.88434" lon="-122.08348">
        <ele>2255.6</ele>
      </trkpt>
      <trkpt lat="42.88441" lon="-122.08358">
        <ele>2255.1</ele>
      </trkpt>
      <trkpt lat="42.88449" lon="-122.08368">
        <ele>2254.4</ele>
      </trkpt>
      <trkpt lat="42.88469" lon="-122.08389">
        <ele>2249.5</ele>
      </trkpt>
      <trkpt lat="42.88502" lon="-122.08415">
        <ele>2247.1</ele>
      </trkpt>
      <trkpt lat="42.88553" lon="-122.08447">
        <ele>2244.6</ele>
      </trkpt>
      <trkpt lat="42.88598" lon="-122.08475">
        <ele>2241.4</ele>
      </trkpt>
      <trkpt lat="42.88639" lon="-122.08499">
        <ele>2235.4</ele>
      </trkpt>
      <trkpt lat="42.88677" lon="-122.08523">
        <ele>2233.5</ele>
      </trkpt>
      <trkpt lat="42.88723" lon="-122.08549">
        <ele>2232.3</ele>
      </trkpt>
      <trkpt lat="42.88791" lon="-122.0859">
        <ele>2232.2</ele>
      </trkpt>
      <trkpt lat="42.88839" lon="-122.08623">
        <ele>2224.4</ele>
      </trkpt>
      <trkpt lat="42.88888" lon="-122.08651">
        <ele>2221.2</ele>
      </trkpt>
      <trkpt lat="42.88926" lon="-122.08672">
        <ele>2219.2</ele>
      </trkpt>
      <trkpt lat="42.88984" lon="-122.08707">
        <ele>2214.0</ele>
      </trkpt>
      <trkpt lat="42.89031" lon="-122.0874">
        <ele>2209.3</ele>
      </trkpt>
      <trkpt lat="42.89079" lon="-122.08779">
        <ele>2205.2</ele>
      </trkpt>
      <trkpt lat="42.89137" lon="-122.08826">
        <ele>2199.8</ele>
      </trkpt>
      <trkpt lat="42.892" lon="-122.08887">
        <ele>2196.8</ele>
      </trkpt>
      <trkpt lat="42.89251" lon="-122.08939">
        <ele>2196.1</ele>
      </trkpt>
      <trkpt lat="42.89297" lon="-122.08983">
        <ele>2194.4</ele>
      </trkpt>
      <trkpt lat="42.89319" lon="-122.09005">
        <ele>2192.8</ele>
      </trkpt>
      <trkpt lat="42.893569" lon="-122.09032">
        <ele>2191.7</ele>
      </trkpt>
      <trkpt lat="42.89428" lon="-122.09091">
        <ele>2189.4</ele>
      </trkpt>
      <trkpt lat="42.89465" lon="-122.09119">
        <ele>2187.3</ele>
      </trkpt>
      <trkpt lat="42.894979" lon="-122.09146">
        <ele>2186.1</ele>
      </trkpt>
      <trkpt lat="42.89522" lon="-122.09168">
        <ele>2182.5</ele>
      </trkpt>
      <trkpt lat="42.89556" lon="-122.09203">
        <ele>2175.4</ele>
      </trkpt>
      <trkpt lat="42.89588" lon="-122.09237">
        <ele>2178.7</ele>
      </trkpt>
      <trkpt lat="42.89602" lon="-122.09252">
        <ele>2181.6</ele>
      </trkpt>
      <trkpt lat="42.89611" lon="-122.09267">
        <ele>2181.2</ele>
      </trkpt>
      <trkpt lat="42.89621" lon="-122.09283">
        <ele>2180.7</ele>
      </trkpt>
      <trkpt lat="42.89629" lon="-122.09298">
        <ele>2179.2</ele>
      </trkpt>
      <trkpt lat="42.896389" lon="-122.09318">
        <ele>2177.4</ele>
      </trkpt>
      <trkpt lat="42.8965" lon="-122.09339">
        <ele>2176.7</ele>
      </trkpt>
      <trkpt lat="42.89659" lon="-122.09353">
        <ele>2177.1</ele>
      </trkpt>
      <trkpt lat="42.89667" lon="-122.09365">
        <ele>2176.6</ele>
      </trkpt>
      <trkpt lat="42.89681" lon="-122.0938">
        <ele>2174.0</ele>
      </trkpt>
      <trkpt lat="42.89689" lon="-122.0939">
        <ele>2168.5</ele>
      </trkpt>
      <trkpt lat="42.89698" lon="-122.09399">
        <ele>2164.4</ele>
      </trkpt>
      <trkpt lat="42.89703" lon="-122.09404">
        <ele>2162.5</ele>
      </trkpt>
      <trkpt lat="42.8971" lon="-122.09408">
        <ele>2161.6</ele>
      </trkpt>
      <trkpt lat="42.89728" lon="-122.09415">
        <ele>2160.6</ele>
      </trkpt>
      <trkpt lat="42.89753" lon="-122.09421">
        <ele>2159.2</ele>
      </trkpt>
      <trkpt lat="42.89812" lon="-122.09433">
        <ele>2152.9</ele>
      </trkpt>
      <trkpt lat="42.89857" lon="-122.09441">
        <ele>2152.0</ele>
      </trkpt>
      <trkpt lat="42.89879" lon="-122.09447">
        <ele>2151.1</ele>
      </trkpt>
      <trkpt lat="42.898919" lon="-122.09452">
        <ele>2150.2</ele>
      </trkpt>
      <trkpt lat="42.89907" lon="-122.09459">
        <ele>2149.3</ele>
      </trkpt>
      <trkpt lat="42.89927" lon="-122.09471">
        <ele>2147.8</ele>
      </trkpt>
      <trkpt lat="42.89935" lon="-122.09478">
        <ele>2147.0</ele>
      </trkpt>
      <trkpt lat="42.89947" lon="-122.0949">
        <ele>2146.3</ele>
      </trkpt>
      <trkpt lat="42.89956" lon="-122.09501">
        <ele>2145.5</ele>
      </trkpt>
      <trkpt lat="42.89962" lon="-122.09509">
        <ele>2144.8</ele>
      </trkpt>
      <trkpt lat="42.89975" lon="-122.09528">
        <ele>2143.2</ele>
      </trkpt>
      <trkpt lat="42.89987" lon="-122.09552">
        <ele>2142.4</ele>
      </trkpt>
      <trkpt lat="42.899949" lon="-122.09571">
        <ele>2142.1</ele>
      </trkpt>
      <trkpt lat="42.90002" lon="-122.09592">
        <ele>2142.1</ele>
      </trkpt>
      <trkpt lat="42.90006" lon="-122.09611">
        <ele>2141.8</ele>
      </trkpt>
      <trkpt lat="42.90011" lon="-122.09641">
        <ele>2141.5</ele>
      </trkpt>
      <trkpt lat="42.90013" lon="-122.0967">
        <ele>2140.8</ele>
      </trkpt>
      <trkpt lat="42.90012" lon="-122.09702">
        <ele>2139.6</ele>
      </trkpt>
      <trkpt lat="42.90007" lon="-122.09735">
        <ele>2137.1</ele>
      </trkpt>
      <trkpt lat="42.89998" lon="-122.09772">
        <ele>2135.3</ele>
      </trkpt>
      <trkpt lat="42.89983" lon="-122.09808">
        <ele>2134.1</ele>
      </trkpt>
      <trkpt lat="42.89966" lon="-122.09837">
        <ele>2132.6</ele>
      </trkpt>
      <trkpt lat="42.899479" lon="-122.0986">
        <ele>2130.6</ele>
      </trkpt>
      <trkpt lat="42.8992" lon="-122.09886">
        <ele>2128.0</ele>
      </trkpt>
      <trkpt lat="42.89897" lon="-122.099">
        <ele>2125.3</ele>
      </trkpt>
      <trkpt lat="42.89858" lon="-122.09915">
        <ele>2116.9</ele>
      </trkpt>
      <trkpt lat="42.89804" lon="-122.09933">
        <ele>2114.2</ele>
      </trkpt>
      <trkpt lat="42.89755" lon="-122.09949">
        <ele>2112.2</ele>
      </trkpt>
      <trkpt lat="42.89706" lon="-122.09965">
        <ele>2105.5</ele>
      </trkpt>
      <trkpt lat="42.89664" lon="-122.09976">
        <ele>2104.0</ele>
      </trkpt>
      <trkpt lat="42.89619" lon="-122.09985">
        <ele>2101.8</ele>
      </trkpt>
      <trkpt lat="42.89588" lon="-122.09989">
        <ele>2099.2</ele>
      </trkpt>
      <trkpt lat="42.89546" lon="-122.09988">
        <ele>2090.3</ele>
      </trkpt>
      <trkpt lat="42.89515" lon="-122.09983">
        <ele>2089.1</ele>
      </trkpt>
      <trkpt lat="42.89478" lon="-122.09974">
        <ele>2087.0</ele>
      </trkpt>
      <trkpt lat="42.89443" lon="-122.09963">
        <ele>2086.0</ele>
      </trkpt>
      <trkpt lat="42.89414" lon="-122.09951">
        <ele>2083.9</ele>
      </trkpt>
      <trkpt lat="42.89379" lon="-122.0993">
        <ele>2076.7</ele>
      </trkpt>
      <trkpt lat="42.89352" lon="-122.09911">
        <ele>2074.8</ele>
      </trkpt>
      <trkpt lat="42.89315" lon="-122.09877">
        <ele>2072.5</ele>
      </trkpt>
      <trkpt lat="42.8924" lon="-122.09788">
        <ele>2063.6</ele>
      </trkpt>
      <trkpt lat="42.89213" lon="-122.09752">
        <ele>2061.5</ele>
      </trkpt>
      <trkpt lat="42.89197" lon="-122.09731">
        <ele>2059.9</ele>
      </trkpt>
      <trkpt lat="42.89181" lon="-122.09711">
        <ele>2057.9</ele>
      </trkpt>
      <trkpt lat="42.89161" lon="-122.09691">
        <ele>2055.8</ele>
      </trkpt>
      <trkpt lat="42.89138" lon="-122.0967">
        <ele>2053.2</ele>
      </trkpt>
      <trkpt lat="42.891129" lon="-122.09652">
        <ele>2051.3</ele>
      </trkpt>
      <trkpt lat="42.89082" lon="-122.09636">
        <ele>2049.4</ele>
      </trkpt>
      <trkpt lat="42.89056" lon="-122.09626">
        <ele>2048.9</ele>
      </trkpt>
      <trkpt lat="42.89036" lon="-122.09621">
        <ele>2048.6</ele>
      </trkpt>
      <trkpt lat="42.89016" lon="-122.09617">
        <ele>2048.4</ele>
      </trkpt>
      <trkpt lat="42.890009" lon="-122.09616">
        <ele>2048.2</ele>
      </trkpt>
      <trkpt lat="42.88962" lon="-122.09613">
        <ele>2045.1</ele>
      </trkpt>
      <trkpt lat="42.88936" lon="-122.09614">
        <ele>2041.4</ele>
      </trkpt>
      <trkpt lat="42.88849" lon="-122.09615">
        <ele>2037.5</ele>
      </trkpt>
      <trkpt lat="42.88767" lon="-122.09618">
        <ele>2028.4</ele>
      </trkpt>
      <trkpt lat="42.8872" lon="-122.09623">
        <ele>2027.4</ele>
      </trkpt>
      <trkpt lat="42.88688" lon="-122.0963">
        <ele>2026.6</ele>
      </trkpt>
      <trkpt lat="42.88675" lon="-122.09635">
        <ele>2026.9</ele>
      </trkpt>
      <trkpt lat="42.88658" lon="-122.09642">
        <ele>2027.4</ele>
      </trkpt>
      <trkpt lat="42.88642" lon="-122.0965">
        <ele>2028.0</ele>
      </trkpt>
      <trkpt lat="42.88629" lon="-122.09658">
        <ele>2026.7</ele>
      </trkpt>
      <trkpt lat="42.8861" lon="-122.09672">
        <ele>2020.5</ele>
      </trkpt>
      <trkpt lat="42.88595" lon="-122.09685">
        <ele>2019.7</ele>
      </trkpt>
      <trkpt lat="42.88577" lon="-122.09702">
        <ele>2019.3</ele>
      </trkpt>
      <trkpt lat="42.88557" lon="-122.09722">
        <ele>2019.2</ele>
      </trkpt>
      <trkpt lat="42.88544" lon="-122.09737">
        <ele>2019.3</ele>
      </trkpt>
      <trkpt lat="42.88526" lon="-122.09759">
        <ele>2018.8</ele>
      </trkpt>
      <trkpt lat="42.88506" lon="-122.09789">
        <ele>2015.0</ele>
      </trkpt>
      <trkpt lat="42.88486" lon="-122.09822">
        <ele>2012.0</ele>
      </trkpt>
      <trkpt lat="42.8845" lon="-122.09879">
        <ele>2011.3</ele>
      </trkpt>
      <trkpt lat="42.884251" lon="-122.099162">
        <ele>2009.0</ele>
      </trkpt>
      <trkpt lat="42.88414" lon="-122.09933">
        <ele>2008.4</ele>
      </trkpt>
      <trkpt lat="42.88394" lon="-122.09962">
        <ele>2007.5</ele>
      </trkpt>
      <trkpt lat="42.88379" lon="-122.09979">
        <ele>2009.2</ele>
      </trkpt>
      <trkpt lat="42.88345" lon="-122.10011">
        <ele>2008.2</ele>
      </trkpt>
      <trkpt lat="42.8829" lon="-122.10058">
        <ele>2008.8</ele>
      </trkpt>
      <trkpt lat="42.88201" lon="-122.10126">
        <ele>2008.4</ele>
      </trkpt>
      <trkpt lat="42.88171" lon="-122.10149">
        <ele>2009.1</ele>
      </trkpt>
      <trkpt lat="42.88134" lon="-122.10172">
        <ele>2009.4</ele>
      </trkpt>
      <trkpt lat="42.88104" lon="-122.10192">
        <ele>2010.1</ele>
      </trkpt>
      <trkpt lat="42.88075" lon="-122.10211">
        <ele>2009.5</ele>
      </trkpt>
      <trkpt lat="42.88044" lon="-122.10233">
        <ele>2009.9</ele>
      </trkpt>
      <trkpt lat="42.88017" lon="-122.10248">
        <ele>2009.3</ele>
      </trkpt>
      <trkpt lat="42.87988" lon="-122.10266">
        <ele>2010.4</ele>
      </trkpt>
      <trkpt lat="42.87961" lon="-122.1028">
        <ele>2017.3</ele>
      </trkpt>
      <trkpt lat="42.87932" lon="-122.10296">
        <ele>2017.9</ele>
      </trkpt>
      <trkpt lat="42.87903" lon="-122.10313">
        <ele>2018.4</ele>
      </trkpt>
      <trkpt lat="42.87874" lon="-122.10331">
        <ele>2019.3</ele>
      </trkpt>
      <trkpt lat="42.87858" lon="-122.1034">
        <ele>2019.7</ele>
      </trkpt>
      <trkpt lat="42.87838" lon="-122.1035">
        <ele>2019.7</ele>
      </trkpt>
      <trkpt lat="42.87822" lon="-122.10357">
        <ele>2019.6</ele>
      </trkpt>
      <trkpt lat="42.87806" lon="-122.1036">
        <ele>2018.9</ele>
      </trkpt>
      <trkpt lat="42.87787" lon="-122.10364">
        <ele>2018.9</ele>
      </trkpt>
      <trkpt lat="42.87761" lon="-122.10368">
        <ele>2019.1</ele>
      </trkpt>
      <trkpt lat="42.877429" lon="-122.10372">
        <ele>2019.7</ele>
      </trkpt>
      <trkpt lat="42.87723" lon="-122.10378">
        <ele>2023.1</ele>
      </trkpt>
      <trkpt lat="42.8771" lon="-122.10384">
        <ele>2028.1</ele>
      </trkpt>
      <trkpt lat="42.87699" lon="-122.1039">
        <ele>2030.0</ele>
      </trkpt>
      <trkpt lat="42.87682" lon="-122.10405">
        <ele>2033.9</ele>
      </trkpt>
      <trkpt lat="42.87668" lon="-122.10419">
        <ele>2035.4</ele>
      </trkpt>
      <trkpt lat="42.87657" lon="-122.10435">
        <ele>2036.6</ele>
      </trkpt>
      <trkpt lat="42.87648" lon="-122.10452">
        <ele>2037.3</ele>
      </trkpt>
      <trkpt lat="42.876399" lon="-122.10472">
        <ele>2037.2</ele>
      </trkpt>
      <trkpt lat="42.87633" lon="-122.10494">
        <ele>2036.7</ele>
      </trkpt>
      <trkpt lat="42.87629" lon="-122.10518">
        <ele>2036.1</ele>
      </trkpt>
      <trkpt lat="42.87628" lon="-122.10538">
        <ele>2035.3</ele>
      </trkpt>
      <trkpt lat="42.87628" lon="-122.10558">
        <ele>2033.9</ele>
      </trkpt>
      <trkpt lat="42.87629" lon="-122.10576">
        <ele>2032.7</ele>
      </trkpt>
      <trkpt lat="42.87634" lon="-122.10601">
        <ele>2031.8</ele>
      </trkpt>
      <trkpt lat="42.876399" lon="-122.10621">
        <ele>2031.6</ele>
      </trkpt>
      <trkpt lat="42.87651" lon="-122.10646">
        <ele>2031.7</ele>
      </trkpt>
      <trkpt lat="42.87659" lon="-122.10661">
        <ele>2032.0</ele>
      </trkpt>
      <trkpt lat="42.87675" lon="-122.10682">
        <ele>2032.7</ele>
      </trkpt>
      <trkpt lat="42.87703" lon="-122.10715">
        <ele>2033.5</ele>
      </trkpt>
      <trkpt lat="42.87745" lon="-122.10764">
        <ele>2035.4</ele>
      </trkpt>
      <trkpt lat="42.87797" lon="-122.10829">
        <ele>2039.9</ele>
      </trkpt>
      <trkpt lat="42.87829" lon="-122.10877">
        <ele>2043.5</ele>
      </trkpt>
      <trkpt lat="42.87848" lon="-122.10913">
        <ele>2044.6</ele>
      </trkpt>
      <trkpt lat="42.87861" lon="-122.1094">
        <ele>2045.3</ele>
      </trkpt>
      <trkpt lat="42.87882" lon="-122.10984">
        <ele>2046.7</ele>
      </trkpt>
      <trkpt lat="42.87883" lon="-122.10987">
        <ele>2046.7</ele>
      </trkpt>
      <trkpt lat="42.87895" lon="-122.11024">
        <ele>2050.1</ele>
      </trkpt>
      <trkpt lat="42.87908" lon="-122.1107">
        <ele>2055.0</ele>
      </trkpt>
      <trkpt lat="42.8792" lon="-122.11121">
        <ele>2059.5</ele>
      </trkpt>
      <trkpt lat="42.87932" lon="-122.11177">
        <ele>2060.9</ele>
      </trkpt>
      <trkpt lat="42.87946" lon="-122.11263">
        <ele>2060.1</ele>
      </trkpt>
      <trkpt lat="42.87959" lon="-122.1135">
        <ele>2068.2</ele>
      </trkpt>
      <trkpt lat="42.8798" lon="-122.11477">
        <ele>2074.3</ele>
      </trkpt>
      <trkpt lat="42.87999" lon="-122.11592">
        <ele>2072.2</ele>
      </trkpt>
      <trkpt lat="42.8802" lon="-122.1173">
        <ele>2066.9</ele>
      </trkpt>
      <trkpt lat="42.8803" lon="-122.118">
        <ele>2061.7</ele>
      </trkpt>
      <trkpt lat="42.880339" lon="-122.11835">
        <ele>2058.9</ele>
      </trkpt>
      <trkpt lat="42.88035" lon="-122.11849">
        <ele>2057.8</ele>
      </trkpt>
      <trkpt lat="42.88035" lon="-122.11861">
        <ele>2056.9</ele>
      </trkpt>
      <trkpt lat="42.88035" lon="-122.11875">
        <ele>2056.1</ele>
      </trkpt>
      <trkpt lat="42.880339" lon="-122.11889">
        <ele>2055.3</ele>
      </trkpt>
      <trkpt lat="42.88033" lon="-122.11904">
        <ele>2054.5</ele>
      </trkpt>
      <trkpt lat="42.88026" lon="-122.11942">
        <ele>2054.3</ele>
      </trkpt>
      <trkpt lat="42.88017" lon="-122.1197">
        <ele>2053.5</ele>
      </trkpt>
      <trkpt lat="42.88006" lon="-122.12">
        <ele>2051.7</ele>
      </trkpt>
      <trkpt lat="42.87991" lon="-122.12028">
        <ele>2050.0</ele>
      </trkpt>
      <trkpt lat="42.879779" lon="-122.12051">
        <ele>2049.6</ele>
      </trkpt>
      <trkpt lat="42.87964" lon="-122.12072">
        <ele>2049.2</ele>
      </trkpt>
      <trkpt lat="42.87954" lon="-122.12095">
        <ele>2048.9</ele>
      </trkpt>
      <trkpt lat="42.87943" lon="-122.12121">
        <ele>2047.5</ele>
      </trkpt>
      <trkpt lat="42.87937" lon="-122.12146">
        <ele>2045.7</ele>
      </trkpt>
      <trkpt lat="42.87934" lon="-122.12163">
        <ele>2044.3</ele>
      </trkpt>
      <trkpt lat="42.87933" lon="-122.12183">
        <ele>2042.6</ele>
      </trkpt>
      <trkpt lat="42.87934" lon="-122.12207">
        <ele>2040.5</ele>
      </trkpt>
      <trkpt lat="42.87938" lon="-122.12233">
        <ele>2039.7</ele>
      </trkpt>
      <trkpt lat="42.87945" lon="-122.12258">
        <ele>2039.2</ele>
      </trkpt>
      <trkpt lat="42.87953" lon="-122.12277">
        <ele>2038.7</ele>
      </trkpt>
      <trkpt lat="42.87973" lon="-122.12309">
        <ele>2036.1</ele>
      </trkpt>
      <trkpt lat="42.87998" lon="-122.12334">
        <ele>2032.5</ele>
      </trkpt>
      <trkpt lat="42.88018" lon="-122.12352">
        <ele>2027.1</ele>
      </trkpt>
      <trkpt lat="42.8804" lon="-122.12369">
        <ele>2023.3</ele>
      </trkpt>
      <trkpt lat="42.88057" lon="-122.12385">
        <ele>2022.3</ele>
      </trkpt>
      <trkpt lat="42.88073" lon="-122.12407">
        <ele>2021.5</ele>
      </trkpt>
      <trkpt lat="42.88082" lon="-122.12418">
        <ele>2021.7</ele>
      </trkpt>
      <trkpt lat="42.88088" lon="-122.12428">
        <ele>2021.8</ele>
      </trkpt>
      <trkpt lat="42.88095" lon="-122.12442">
        <ele>2022.2</ele>
      </trkpt>
      <trkpt lat="42.88101" lon="-122.12456">
        <ele>2023.0</ele>
      </trkpt>
      <trkpt lat="42.88111" lon="-122.12489">
        <ele>2023.6</ele>
      </trkpt>
      <trkpt lat="42.88115" lon="-122.12506">
        <ele>2023.7</ele>
      </trkpt>
      <trkpt lat="42.88117" lon="-122.12522">
        <ele>2023.5</ele>
      </trkpt>
      <trkpt lat="42.88118" lon="-122.12539">
        <ele>2023.0</ele>
      </trkpt>
      <trkpt lat="42.881189" lon="-122.12563">
        <ele>2021.9</ele>
      </trkpt>
      <trkpt lat="42.8812" lon="-122.12647">
        <ele>2017.4</ele>
      </trkpt>
      <trkpt lat="42.8812" lon="-122.12669">
        <ele>2015.5</ele>
      </trkpt>
      <trkpt lat="42.88121" lon="-122.12691">
        <ele>2013.9</ele>
      </trkpt>
      <trkpt lat="42.88124" lon="-122.12712">
        <ele>2012.4</ele>
      </trkpt>
      <trkpt lat="42.881279" lon="-122.12729">
        <ele>2011.2</ele>
      </trkpt>
      <trkpt lat="42.88131" lon="-122.12745">
        <ele>2009.8</ele>
      </trkpt>
      <trkpt lat="42.88136" lon="-122.12763">
        <ele>2008.4</ele>
      </trkpt>
      <trkpt lat="42.8815" lon="-122.12797">
        <ele>2006.0</ele>
      </trkpt>
      <trkpt lat="42.88168" lon="-122.12826">
        <ele>2003.8</ele>
      </trkpt>
      <trkpt lat="42.88196" lon="-122.12856">
        <ele>2002.0</ele>
      </trkpt>
      <trkpt lat="42.882309" lon="-122.1288">
        <ele>2001.1</ele>
      </trkpt>
      <trkpt lat="42.88267" lon="-122.12895">
        <ele>1995.4</ele>
      </trkpt>
      <trkpt lat="42.88308" lon="-122.12911">
        <ele>1989.7</ele>
      </trkpt>
      <trkpt lat="42.88336" lon="-122.12921">
        <ele>1988.5</ele>
      </trkpt>
      <trkpt lat="42.88371" lon="-122.12937">
        <ele>1986.0</ele>
      </trkpt>
      <trkpt lat="42.88412" lon="-122.12957">
        <ele>1986.7</ele>
      </trkpt>
      <trkpt lat="42.88573" lon="-122.13024">
        <ele>1976.1</ele>
      </trkpt>
      <trkpt lat="42.886539" lon="-122.13058">
        <ele>1968.9</ele>
      </trkpt>
      <trkpt lat="42.887009" lon="-122.13079">
        <ele>1967.2</ele>
      </trkpt>
      <trkpt lat="42.88747" lon="-122.13098">
        <ele>1965.3</ele>
      </trkpt>
      <trkpt lat="42.88864" lon="-122.13142">
        <ele>1950.6</ele>
      </trkpt>
      <trkpt lat="42.889629" lon="-122.13178">
        <ele>1941.8</ele>
      </trkpt>
      <trkpt lat="42.89041" lon="-122.13206">
        <ele>1939.4</ele>
      </trkpt>
      <trkpt lat="42.89083" lon="-122.13228">
        <ele>1941.8</ele>
      </trkpt>
      <trkpt lat="42.89131" lon="-122.13254">
        <ele>1946.9</ele>
      </trkpt>
      <trkpt lat="42.89202" lon="-122.13304">
        <ele>1953.1</ele>
      </trkpt>
      <trkpt lat="42.8923" lon="-122.13327">
        <ele>1954.1</ele>
      </trkpt>
      <trkpt lat="42.89299" lon="-122.13382">
        <ele>1955.8</ele>
      </trkpt>
      <trkpt lat="42.8933" lon="-122.13409">
        <ele>1956.3</ele>
      </trkpt>
      <trkpt lat="42.89344" lon="-122.1342">
        <ele>1956.6</ele>
      </trkpt>
      <trkpt lat="42.8937" lon="-122.13437">
        <ele>1957.4</ele>
      </trkpt>
      <trkpt lat="42.89397" lon="-122.13446">
        <ele>1958.5</ele>
      </trkpt>
      <trkpt lat="42.89422" lon="-122.13451">
        <ele>1960.0</ele>
      </trkpt>
      <trkpt lat="42.894419" lon="-122.13452">
        <ele>1961.3</ele>
      </trkpt>
      <trkpt lat="42.895234" lon="-122.134402">
        <ele>1965.7</ele>
      </trkpt>
      <trkpt lat="42.89532" lon="-122.13439">
        <ele>1965.9</ele>
      </trkpt>
      <trkpt lat="42.89571" lon="-122.13403">
        <ele>1967.2</ele>
      </trkpt>
      <trkpt lat="42.89585" lon="-122.1339">
        <ele>1967.9</ele>
      </trkpt>
      <trkpt lat="42.89628" lon="-122.13346">
        <ele>1970.9</ele>
      </trkpt>
      <trkpt lat="42.896293" lon="-122.13345">
        <ele>1971.0</ele>
      </trkpt>
      <trkpt lat="42.89663" lon="-122.1332">
        <ele>1973.2</ele>
      </trkpt>
      <trkpt lat="42.89702" lon="-122.13304">
        <ele>1975.1</ele>
      </trkpt>
      <trkpt lat="42.89739" lon="-122.13292">
        <ele>1975.9</ele>
      </trkpt>
      <trkpt lat="42.89787" lon="-122.13284">
        <ele>1980.1</ele>
      </trkpt>
      <trkpt lat="42.898269" lon="-122.13278">
        <ele>1983.7</ele>
      </trkpt>
      <trkpt lat="42.89869" lon="-122.13275">
        <ele>1985.9</ele>
      </trkpt>
      <trkpt lat="42.89913" lon="-122.13277">
        <ele>1987.7</ele>
      </trkpt>
      <trkpt lat="42.8995" lon="-122.13287">
        <ele>1988.3</ele>
      </trkpt>
      <trkpt lat="42.89989" lon="-122.13295">
        <ele>1996.4</ele>
      </trkpt>
      <trkpt lat="42.90028" lon="-122.13308">
        <ele>1999.2</ele>
      </trkpt>
      <trkpt lat="42.90106" lon="-122.13326">
        <ele>2005.8</ele>
      </trkpt>
      <trkpt lat="42.90163" lon="-122.13338">
        <ele>2009.8</ele>
      </trkpt>
      <trkpt lat="42.901919" lon="-122.13347">
        <ele>2011.4</ele>
      </trkpt>
      <trkpt lat="42.902119" lon="-122.13361">
        <ele>2013.5</ele>
      </trkpt>
      <trkpt lat="42.902299" lon="-122.13378">
        <ele>2016.0</ele>
      </trkpt>
      <trkpt lat="42.90252" lon="-122.13404">
        <ele>2019.9</ele>
      </trkpt>
      <trkpt lat="42.90269" lon="-122.13426">
        <ele>2021.9</ele>
      </trkpt>
      <trkpt lat="42.90287" lon="-122.13446">
        <ele>2023.0</ele>
      </trkpt>
      <trkpt lat="42.90305" lon="-122.13466">
        <ele>2024.0</ele>
      </trkpt>
      <trkpt lat="42.90344" lon="-122.13487">
        <ele>2026.7</ele>
      </trkpt>
      <trkpt lat="42.90384" lon="-122.13509">
        <ele>2032.0</ele>
      </trkpt>
      <trkpt lat="42.90437" lon="-122.13533">
        <ele>2036.0</ele>
      </trkpt>
      <trkpt lat="42.9048" lon="-122.13556">
        <ele>2038.3</ele>
      </trkpt>
      <trkpt lat="42.90499" lon="-122.13566">
        <ele>2040.6</ele>
      </trkpt>
      <trkpt lat="42.90508" lon="-122.13575">
        <ele>2041.2</ele>
      </trkpt>
      <trkpt lat="42.90514" lon="-122.13586">
        <ele>2041.9</ele>
      </trkpt>
      <trkpt lat="42.90516" lon="-122.13594">
        <ele>2041.9</ele>
      </trkpt>
      <trkpt lat="42.90517" lon="-122.136">
        <ele>2042.0</ele>
      </trkpt>
      <trkpt lat="42.90517" lon="-122.13607">
        <ele>2041.7</ele>
      </trkpt>
      <trkpt lat="42.90515" lon="-122.13614">
        <ele>2040.7</ele>
      </trkpt>
      <trkpt lat="42.905119" lon="-122.13623">
        <ele>2039.4</ele>
      </trkpt>
      <trkpt lat="42.90507" lon="-122.13629">
        <ele>2038.0</ele>
      </trkpt>
      <trkpt lat="42.90496" lon="-122.13637">
        <ele>2036.9</ele>
      </trkpt>
      <trkpt lat="42.9046" lon="-122.13656">
        <ele>2042.1</ele>
      </trkpt>
      <trkpt lat="42.90421" lon="-122.13674">
        <ele>2041.9</ele>
      </trkpt>
      <trkpt lat="42.90391" lon="-122.13686">
        <ele>2043.2</ele>
      </trkpt>
      <trkpt lat="42.90364" lon="-122.13685">
        <ele>2045.3</ele>
      </trkpt>
      <trkpt lat="42.90331" lon="-122.13673">
        <ele>2046.4</ele>
      </trkpt>
      <trkpt lat="42.90314" lon="-122.13672">
        <ele>2048.4</ele>
      </trkpt>
      <trkpt lat="42.90309" lon="-122.13674">
        <ele>2049.9</ele>
      </trkpt>
      <trkpt lat="42.90305" lon="-122.13678">
        <ele>2051.5</ele>
      </trkpt>
      <trkpt lat="42.903" lon="-122.13684">
        <ele>2052.7</ele>
      </trkpt>
      <trkpt lat="42.90296" lon="-122.1369">
        <ele>2053.3</ele>
      </trkpt>
      <trkpt lat="42.90294" lon="-122.13697">
        <ele>2054.0</ele>
      </trkpt>
      <trkpt lat="42.90293" lon="-122.13704">
        <ele>2054.9</ele>
      </trkpt>
      <trkpt lat="42.90292" lon="-122.13714">
        <ele>2056.3</ele>
      </trkpt>
      <trkpt lat="42.90292" lon="-122.13722">
        <ele>2057.2</ele>
      </trkpt>
      <trkpt lat="42.90294" lon="-122.13731">
        <ele>2058.4</ele>
      </trkpt>
      <trkpt lat="42.90298" lon="-122.13739">
        <ele>2059.7</ele>
      </trkpt>
      <trkpt lat="42.90302" lon="-122.13746">
        <ele>2060.5</ele>
      </trkpt>
      <trkpt lat="42.90308" lon="-122.13754">
        <ele>2061.5</ele>
      </trkpt>
      <trkpt lat="42.90313" lon="-122.13759">
        <ele>2061.9</ele>
      </trkpt>
      <trkpt lat="42.90319" lon="-122.13762">
        <ele>2062.4</ele>
      </trkpt>
      <trkpt lat="42.903329" lon="-122.13772">
        <ele>2063.0</ele>
      </trkpt>
      <trkpt lat="42.90345" lon="-122.13781">
        <ele>2065.2</ele>
      </trkpt>
      <trkpt lat="42.90354" lon="-122.13789">
        <ele>2068.0</ele>
      </trkpt>
      <trkpt lat="42.9036" lon="-122.13798">
        <ele>2069.8</ele>
      </trkpt>
      <trkpt lat="42.903619" lon="-122.13805">
        <ele>2070.3</ele>
      </trkpt>
      <trkpt lat="42.90364" lon="-122.13813">
        <ele>2070.6</ele>
      </trkpt>
      <trkpt lat="42.90364" lon="-122.1382">
        <ele>2070.3</ele>
      </trkpt>
      <trkpt lat="42.90363" lon="-122.13827">
        <ele>2069.9</ele>
      </trkpt>
      <trkpt lat="42.903619" lon="-122.13833">
        <ele>2069.6</ele>
      </trkpt>
      <trkpt lat="42.90359" lon="-122.13838">
        <ele>2069.0</ele>
      </trkpt>
      <trkpt lat="42.90355" lon="-122.13842">
        <ele>2068.2</ele>
      </trkpt>
      <trkpt lat="42.90349" lon="-122.13848">
        <ele>2067.1</ele>
      </trkpt>
      <trkpt lat="42.903419" lon="-122.13851">
        <ele>2066.2</ele>
      </trkpt>
      <trkpt lat="42.90335" lon="-122.13852">
        <ele>2065.5</ele>
      </trkpt>
      <trkpt lat="42.90331" lon="-122.13852">
        <ele>2065.1</ele>
      </trkpt>
      <trkpt lat="42.90318" lon="-122.1385">
        <ele>2063.9</ele>
      </trkpt>
      <trkpt lat="42.90309" lon="-122.13848">
        <ele>2063.4</ele>
      </trkpt>
      <trkpt lat="42.90295" lon="-122.13845">
        <ele>2063.1</ele>
      </trkpt>
      <trkpt lat="42.90283" lon="-122.1384">
        <ele>2062.8</ele>
      </trkpt>
      <trkpt lat="42.90275" lon="-122.13835">
        <ele>2062.6</ele>
      </trkpt>
      <trkpt lat="42.902679" lon="-122.13831">
        <ele>2062.5</ele>
      </trkpt>
      <trkpt lat="42.902589" lon="-122.13824">
        <ele>2062.0</ele>
      </trkpt>
      <trkpt lat="42.90248" lon="-122.13818">
        <ele>2060.8</ele>
      </trkpt>
      <trkpt lat="42.90242" lon="-122.13816">
        <ele>2060.8</ele>
      </trkpt>
      <trkpt lat="42.90235" lon="-122.13817">
        <ele>2061.8</ele>
      </trkpt>
      <trkpt lat="42.902299" lon="-122.13818">
        <ele>2062.4</ele>
      </trkpt>
      <trkpt lat="42.90224" lon="-122.13821">
        <ele>2063.3</ele>
      </trkpt>
      <trkpt lat="42.9022" lon="-122.13827">
        <ele>2064.2</ele>
      </trkpt>
      <trkpt lat="42.90217" lon="-122.13834">
        <ele>2064.9</ele>
      </trkpt>
      <trkpt lat="42.90215" lon="-122.13843">
        <ele>2065.6</ele>
      </trkpt>
      <trkpt lat="42.90214" lon="-122.1385">
        <ele>2066.3</ele>
      </trkpt>
      <trkpt lat="42.90214" lon="-122.13858">
        <ele>2067.2</ele>
      </trkpt>
      <trkpt lat="42.90215" lon="-122.13865">
        <ele>2068.0</ele>
      </trkpt>
      <trkpt lat="42.90217" lon="-122.13872">
        <ele>2069.1</ele>
      </trkpt>
      <trkpt lat="42.90219" lon="-122.13878">
        <ele>2070.2</ele>
      </trkpt>
      <trkpt lat="42.902209" lon="-122.13883">
        <ele>2071.2</ele>
      </trkpt>
      <trkpt lat="42.90225" lon="-122.13887">
        <ele>2072.3</ele>
      </trkpt>
      <trkpt lat="42.90235" lon="-122.13894">
        <ele>2073.9</ele>
      </trkpt>
      <trkpt lat="42.90244" lon="-122.13897">
        <ele>2074.5</ele>
      </trkpt>
      <trkpt lat="42.902589" lon="-122.13898">
        <ele>2074.9</ele>
      </trkpt>
      <trkpt lat="42.90271" lon="-122.13899">
        <ele>2074.9</ele>
      </trkpt>
      <trkpt lat="42.902859" lon="-122.13901">
        <ele>2074.8</ele>
      </trkpt>
      <trkpt lat="42.90288" lon="-122.13901">
        <ele>2074.8</ele>
      </trkpt>
      <trkpt lat="42.9029" lon="-122.13902">
        <ele>2074.8</ele>
      </trkpt>
      <trkpt lat="42.90294" lon="-122.13906">
        <ele>2075.1</ele>
      </trkpt>
      <trkpt lat="42.90298" lon="-122.13911">
        <ele>2075.4</ele>
      </trkpt>
      <trkpt lat="42.90301" lon="-122.13917">
        <ele>2075.9</ele>
      </trkpt>
      <trkpt lat="42.90305" lon="-122.13924">
        <ele>2076.5</ele>
      </trkpt>
      <trkpt lat="42.90309" lon="-122.13936">
        <ele>2077.7</ele>
      </trkpt>
      <trkpt lat="42.90311" lon="-122.13945">
        <ele>2078.6</ele>
      </trkpt>
      <trkpt lat="42.90312" lon="-122.13953">
        <ele>2079.3</ele>
      </trkpt>
      <trkpt lat="42.90313" lon="-122.13975">
        <ele>2081.0</ele>
      </trkpt>
      <trkpt lat="42.90314" lon="-122.13987">
        <ele>2081.6</ele>
      </trkpt>
      <trkpt lat="42.903149" lon="-122.13992">
        <ele>2081.9</ele>
      </trkpt>
      <trkpt lat="42.90316" lon="-122.13997">
        <ele>2082.1</ele>
      </trkpt>
      <trkpt lat="42.90318" lon="-122.14003">
        <ele>2082.5</ele>
      </trkpt>
      <trkpt lat="42.90321" lon="-122.14009">
        <ele>2082.9</ele>
      </trkpt>
      <trkpt lat="42.90325" lon="-122.14014">
        <ele>2083.4</ele>
      </trkpt>
      <trkpt lat="42.90329" lon="-122.14019">
        <ele>2084.0</ele>
      </trkpt>
      <trkpt lat="42.90334" lon="-122.14022">
        <ele>2084.4</ele>
      </trkpt>
      <trkpt lat="42.90341" lon="-122.14027">
        <ele>2085.0</ele>
      </trkpt>
      <trkpt lat="42.90347" lon="-122.14029">
        <ele>2085.6</ele>
      </trkpt>
      <trkpt lat="42.90353" lon="-122.14031">
        <ele>2086.6</ele>
      </trkpt>
      <trkpt lat="42.90359" lon="-122.14031">
        <ele>2088.5</ele>
      </trkpt>
      <trkpt lat="42.90366" lon="-122.14027">
        <ele>2090.9</ele>
      </trkpt>
      <trkpt lat="42.90372" lon="-122.14023">
        <ele>2092.9</ele>
      </trkpt>
      <trkpt lat="42.90378" lon="-122.14017">
        <ele>2094.0</ele>
      </trkpt>
      <trkpt lat="42.90382" lon="-122.14011">
        <ele>2094.1</ele>
      </trkpt>
      <trkpt lat="42.9039" lon="-122.13992">
        <ele>2093.1</ele>
      </trkpt>
      <trkpt lat="42.90403" lon="-122.1396">
        <ele>2091.1</ele>
      </trkpt>
      <trkpt lat="42.904089" lon="-122.13947">
        <ele>2090.5</ele>
      </trkpt>
      <trkpt lat="42.90413" lon="-122.13939">
        <ele>2090.4</ele>
      </trkpt>
      <trkpt lat="42.90417" lon="-122.13934">
        <ele>2090.5</ele>
      </trkpt>
      <trkpt lat="42.9042" lon="-122.1393">
        <ele>2090.8</ele>
      </trkpt>
      <trkpt lat="42.90424" lon="-122.13928">
        <ele>2091.6</ele>
      </trkpt>
      <trkpt lat="42.90428" lon="-122.13928">
        <ele>2092.6</ele>
      </trkpt>
      <trkpt lat="42.90432" lon="-122.13928">
        <ele>2093.5</ele>
      </trkpt>
      <trkpt lat="42.904359" lon="-122.13929">
        <ele>2094.6</ele>
      </trkpt>
      <trkpt lat="42.9044" lon="-122.13931">
        <ele>2095.8</ele>
      </trkpt>
      <trkpt lat="42.90444" lon="-122.13934">
        <ele>2097.0</ele>
      </trkpt>
      <trkpt lat="42.90447" lon="-122.13937">
        <ele>2098.2</ele>
      </trkpt>
      <trkpt lat="42.90449" lon="-122.1394">
        <ele>2099.1</ele>
      </trkpt>
      <trkpt lat="42.90451" lon="-122.13945">
        <ele>2100.1</ele>
      </trkpt>
      <trkpt lat="42.90454" lon="-122.13953">
        <ele>2101.9</ele>
      </trkpt>
      <trkpt lat="42.90455" lon="-122.13959">
        <ele>2102.9</ele>
      </trkpt>
      <trkpt lat="42.90455" lon="-122.13961">
        <ele>2103.1</ele>
      </trkpt>
      <trkpt lat="42.90455" lon="-122.13964">
        <ele>2103.4</ele>
      </trkpt>
      <trkpt lat="42.90455" lon="-122.13968">
        <ele>2103.8</ele>
      </trkpt>
      <trkpt lat="42.90455" lon="-122.1397">
        <ele>2104.0</ele>
      </trkpt>
      <trkpt lat="42.90452" lon="-122.13984">
        <ele>2104.0</ele>
      </trkpt>
      <trkpt lat="42.90448" lon="-122.13998">
        <ele>2103.1</ele>
      </trkpt>
      <trkpt lat="42.90446" lon="-122.14001">
        <ele>2102.3</ele>
      </trkpt>
      <trkpt lat="42.9044" lon="-122.14014">
        <ele>2101.2</ele>
      </trkpt>
      <trkpt lat="42.90435" lon="-122.14024">
        <ele>2101.0</ele>
      </trkpt>
      <trkpt lat="42.90428" lon="-122.14046">
        <ele>2105.4</ele>
      </trkpt>
      <trkpt lat="42.90423" lon="-122.14062">
        <ele>2107.2</ele>
      </trkpt>
      <trkpt lat="42.90415" lon="-122.14085">
        <ele>2107.5</ele>
      </trkpt>
      <trkpt lat="42.90411" lon="-122.14098">
        <ele>2107.6</ele>
      </trkpt>
      <trkpt lat="42.90406" lon="-122.14114">
        <ele>2107.8</ele>
      </trkpt>
      <trkpt lat="42.90401" lon="-122.14127">
        <ele>2108.3</ele>
      </trkpt>
      <trkpt lat="42.90397" lon="-122.14137">
        <ele>2108.9</ele>
      </trkpt>
      <trkpt lat="42.90394" lon="-122.14143">
        <ele>2109.3</ele>
      </trkpt>
      <trkpt lat="42.9039" lon="-122.14149">
        <ele>2109.9</ele>
      </trkpt>
      <trkpt lat="42.90385" lon="-122.14153">
        <ele>2110.0</ele>
      </trkpt>
      <trkpt lat="42.90378" lon="-122.14157">
        <ele>2110.0</ele>
      </trkpt>
      <trkpt lat="42.90364" lon="-122.14159">
        <ele>2108.8</ele>
      </trkpt>
      <trkpt lat="42.90345" lon="-122.1416">
        <ele>2107.1</ele>
      </trkpt>
      <trkpt lat="42.90321" lon="-122.14162">
        <ele>2106.6</ele>
      </trkpt>
      <trkpt lat="42.90314" lon="-122.14164">
        <ele>2107.8</ele>
      </trkpt>
      <trkpt lat="42.90307" lon="-122.14167">
        <ele>2109.6</ele>
      </trkpt>
      <trkpt lat="42.90302" lon="-122.14172">
        <ele>2111.0</ele>
      </trkpt>
      <trkpt lat="42.90288" lon="-122.1419">
        <ele>2113.5</ele>
      </trkpt>
      <trkpt lat="42.9028" lon="-122.14207">
        <ele>2115.0</ele>
      </trkpt>
      <trkpt lat="42.90274" lon="-122.14219">
        <ele>2116.3</ele>
      </trkpt>
      <trkpt lat="42.90266" lon="-122.14229">
        <ele>2117.4</ele>
      </trkpt>
      <trkpt lat="42.90257" lon="-122.14236">
        <ele>2117.9</ele>
      </trkpt>
      <trkpt lat="42.90232" lon="-122.14255">
        <ele>2118.2</ele>
      </trkpt>
      <trkpt lat="42.90214" lon="-122.14269">
        <ele>2120.8</ele>
      </trkpt>
      <trkpt lat="42.90198" lon="-122.14285">
        <ele>2128.3</ele>
      </trkpt>
      <trkpt lat="42.90168" lon="-122.14316">
        <ele>2131.0</ele>
      </trkpt>
      <trkpt lat="42.90137" lon="-122.14349">
        <ele>2132.2</ele>
      </trkpt>
      <trkpt lat="42.90101" lon="-122.14385">
        <ele>2132.8</ele>
      </trkpt>
      <trkpt lat="42.90075" lon="-122.14424">
        <ele>2134.4</ele>
      </trkpt>
      <trkpt lat="42.900709" lon="-122.14432">
        <ele>2135.0</ele>
      </trkpt>
      <trkpt lat="42.90066" lon="-122.14446">
        <ele>2136.2</ele>
      </trkpt>
      <trkpt lat="42.90064" lon="-122.14456">
        <ele>2136.8</ele>
      </trkpt>
      <trkpt lat="42.90061" lon="-122.14471">
        <ele>2137.4</ele>
      </trkpt>
      <trkpt lat="42.90061" lon="-122.14487">
        <ele>2137.9</ele>
      </trkpt>
      <trkpt lat="42.90062" lon="-122.14507">
        <ele>2138.4</ele>
      </trkpt>
      <trkpt lat="42.90066" lon="-122.14527">
        <ele>2138.7</ele>
      </trkpt>
      <trkpt lat="42.90086" lon="-122.14601">
        <ele>2138.7</ele>
      </trkpt>
      <trkpt lat="42.90107" lon="-122.14678">
        <ele>2138.2</ele>
      </trkpt>
      <trkpt lat="42.90126" lon="-122.14745">
        <ele>2138.3</ele>
      </trkpt>
      <trkpt lat="42.90152" lon="-122.14793">
        <ele>2138.6</ele>
      </trkpt>
      <trkpt lat="42.90164" lon="-122.14807">
        <ele>2138.8</ele>
      </trkpt>
      <trkpt lat="42.90188" lon="-122.14829">
        <ele>2139.3</ele>
      </trkpt>
      <trkpt lat="42.90206" lon="-122.14841">
        <ele>2139.8</ele>
      </trkpt>
      <trkpt lat="42.90227" lon="-122.14854">
        <ele>2140.0</ele>
      </trkpt>
      <trkpt lat="42.90248" lon="-122.14861">
        <ele>2140.5</ele>
      </trkpt>
      <trkpt lat="42.90269" lon="-122.14864">
        <ele>2140.5</ele>
      </trkpt>
      <trkpt lat="42.90298" lon="-122.14859">
        <ele>2140.2</ele>
      </trkpt>
      <trkpt lat="42.90323" lon="-122.14849">
        <ele>2140.1</ele>
      </trkpt>
      <trkpt lat="42.9035" lon="-122.1483">
        <ele>2140.7</ele>
      </trkpt>
      <trkpt lat="42.90373" lon="-122.14806">
        <ele>2141.2</ele>
      </trkpt>
      <trkpt lat="42.90393" lon="-122.14783">
        <ele>2140.9</ele>
      </trkpt>
      <trkpt lat="42.90419" lon="-122.14746">
        <ele>2141.1</ele>
      </trkpt>
      <trkpt lat="42.90439" lon="-122.14724">
        <ele>2142.3</ele>
      </trkpt>
      <trkpt lat="42.90457" lon="-122.14708">
        <ele>2143.4</ele>
      </trkpt>
      <trkpt lat="42.90473" lon="-122.14698">
        <ele>2144.1</ele>
      </trkpt>
      <trkpt lat="42.90485" lon="-122.14692">
        <ele>2144.6</ele>
      </trkpt>
      <trkpt lat="42.90496" lon="-122.14688">
        <ele>2145.0</ele>
      </trkpt>
      <trkpt lat="42.90542" lon="-122.14674">
        <ele>2144.9</ele>
      </trkpt>
      <trkpt lat="42.90588" lon="-122.14658">
        <ele>2149.4</ele>
      </trkpt>
      <trkpt lat="42.90684" lon="-122.14632">
        <ele>2152.6</ele>
      </trkpt>
      <trkpt lat="42.90716" lon="-122.14626">
        <ele>2152.9</ele>
      </trkpt>
      <trkpt lat="42.9074" lon="-122.14626">
        <ele>2153.0</ele>
      </trkpt>
      <trkpt lat="42.90767" lon="-122.14631">
        <ele>2153.2</ele>
      </trkpt>
      <trkpt lat="42.90808" lon="-122.14642">
        <ele>2153.2</ele>
      </trkpt>
      <trkpt lat="42.90838" lon="-122.14651">
        <ele>2153.0</ele>
      </trkpt>
      <trkpt lat="42.90878" lon="-122.14664">
        <ele>2152.7</ele>
      </trkpt>
      <trkpt lat="42.90914" lon="-122.14681">
        <ele>2152.7</ele>
      </trkpt>
      <trkpt lat="42.90938" lon="-122.147">
        <ele>2152.8</ele>
      </trkpt>
      <trkpt lat="42.909619" lon="-122.14729">
        <ele>2153.3</ele>
      </trkpt>
      <trkpt lat="42.909709" lon="-122.14742">
        <ele>2153.7</ele>
      </trkpt>
      <trkpt lat="42.9098" lon="-122.14757">
        <ele>2154.5</ele>
      </trkpt>
      <trkpt lat="42.90989" lon="-122.14781">
        <ele>2155.4</ele>
      </trkpt>
      <trkpt lat="42.90996" lon="-122.14807">
        <ele>2156.2</ele>
      </trkpt>
      <trkpt lat="42.91001" lon="-122.14834">
        <ele>2156.5</ele>
      </trkpt>
      <trkpt lat="42.91006" lon="-122.14865">
        <ele>2156.3</ele>
      </trkpt>
      <trkpt lat="42.910089" lon="-122.1488">
        <ele>2156.0</ele>
      </trkpt>
      <trkpt lat="42.9101" lon="-122.14889">
        <ele>2155.7</ele>
      </trkpt>
      <trkpt lat="42.91013" lon="-122.14897">
        <ele>2155.6</ele>
      </trkpt>
      <trkpt lat="42.91016" lon="-122.14903">
        <ele>2155.5</ele>
      </trkpt>
      <trkpt lat="42.91025" lon="-122.14912">
        <ele>2155.7</ele>
      </trkpt>
      <trkpt lat="42.91034" lon="-122.14916">
        <ele>2156.1</ele>
      </trkpt>
      <trkpt lat="42.91042" lon="-122.14917">
        <ele>2156.5</ele>
      </trkpt>
      <trkpt lat="42.91051" lon="-122.14916">
        <ele>2157.1</ele>
      </trkpt>
      <trkpt lat="42.910649" lon="-122.14911">
        <ele>2158.7</ele>
      </trkpt>
      <trkpt lat="42.91087" lon="-122.14898">
        <ele>2160.3</ele>
      </trkpt>
      <trkpt lat="42.911119" lon="-122.14878">
        <ele>2161.4</ele>
      </trkpt>
      <trkpt lat="42.91132" lon="-122.1486">
        <ele>2163.5</ele>
      </trkpt>
      <trkpt lat="42.911589" lon="-122.14836">
        <ele>2165.3</ele>
      </trkpt>
      <trkpt lat="42.911679" lon="-122.14823">
        <ele>2165.9</ele>
      </trkpt>
      <trkpt lat="42.91174" lon="-122.14814">
        <ele>2166.1</ele>
      </trkpt>
      <trkpt lat="42.91183" lon="-122.14798">
        <ele>2166.1</ele>
      </trkpt>
      <trkpt lat="42.91183" lon="-122.14798">
        <ele>2166.1</ele>
      </trkpt>
      <trkpt lat="42.91191" lon="-122.1478">
        <ele>2165.6</ele>
      </trkpt>
      <trkpt lat="42.91194" lon="-122.14767">
        <ele>2164.8</ele>
      </trkpt>
      <trkpt lat="42.911969" lon="-122.14754">
        <ele>2163.8</ele>
      </trkpt>
      <trkpt lat="42.91198" lon="-122.14745">
        <ele>2163.5</ele>
      </trkpt>
      <trkpt lat="42.91198" lon="-122.14738">
        <ele>2163.4</ele>
      </trkpt>
      <trkpt lat="42.91198" lon="-122.14731">
        <ele>2163.4</ele>
      </trkpt>
      <trkpt lat="42.911969" lon="-122.14725">
        <ele>2163.5</ele>
      </trkpt>
      <trkpt lat="42.91195" lon="-122.1472">
        <ele>2163.9</ele>
      </trkpt>
      <trkpt lat="42.91193" lon="-122.14716">
        <ele>2164.2</ele>
      </trkpt>
      <trkpt lat="42.9119" lon="-122.14712">
        <ele>2164.8</ele>
      </trkpt>
      <trkpt lat="42.91186" lon="-122.14708">
        <ele>2165.5</ele>
      </trkpt>
      <trkpt lat="42.91181" lon="-122.14705">
        <ele>2166.3</ele>
      </trkpt>
      <trkpt lat="42.91176" lon="-122.14704">
        <ele>2167.1</ele>
      </trkpt>
      <trkpt lat="42.91171" lon="-122.14704">
        <ele>2167.9</ele>
      </trkpt>
      <trkpt lat="42.91166" lon="-122.14706">
        <ele>2168.6</ele>
      </trkpt>
      <trkpt lat="42.91162" lon="-122.14709">
        <ele>2169.2</ele>
      </trkpt>
      <trkpt lat="42.9116" lon="-122.14711">
        <ele>2169.5</ele>
      </trkpt>
      <trkpt lat="42.91157" lon="-122.14714">
        <ele>2169.9</ele>
      </trkpt>
      <trkpt lat="42.91154" lon="-122.14719">
        <ele>2170.4</ele>
      </trkpt>
      <trkpt lat="42.91151" lon="-122.14726">
        <ele>2170.7</ele>
      </trkpt>
      <trkpt lat="42.91148" lon="-122.14735">
        <ele>2170.9</ele>
      </trkpt>
      <trkpt lat="42.91145" lon="-122.14753">
        <ele>2170.7</ele>
      </trkpt>
      <trkpt lat="42.91143" lon="-122.14759">
        <ele>2170.7</ele>
      </trkpt>
      <trkpt lat="42.91143" lon="-122.14761">
        <ele>2170.6</ele>
      </trkpt>
      <trkpt lat="42.9114" lon="-122.14767">
        <ele>2170.7</ele>
      </trkpt>
      <trkpt lat="42.91135" lon="-122.14774">
        <ele>2170.8</ele>
      </trkpt>
      <trkpt lat="42.91128" lon="-122.14781">
        <ele>2170.8</ele>
      </trkpt>
      <trkpt lat="42.911209" lon="-122.14784">
        <ele>2170.7</ele>
      </trkpt>
      <trkpt lat="42.91117" lon="-122.14785">
        <ele>2170.5</ele>
      </trkpt>
      <trkpt lat="42.91114" lon="-122.14786">
        <ele>2170.3</ele>
      </trkpt>
      <trkpt lat="42.91109" lon="-122.14785">
        <ele>2170.2</ele>
      </trkpt>
      <trkpt lat="42.91106" lon="-122.14784">
        <ele>2170.1</ele>
      </trkpt>
      <trkpt lat="42.91104" lon="-122.14784">
        <ele>2170.0</ele>
      </trkpt>
      <trkpt lat="42.91099" lon="-122.14782">
        <ele>2170.1</ele>
      </trkpt>
      <trkpt lat="42.91093" lon="-122.14778">
        <ele>2170.3</ele>
      </trkpt>
      <trkpt lat="42.91089" lon="-122.14773">
        <ele>2170.5</ele>
      </trkpt>
      <trkpt lat="42.91088" lon="-122.14772">
        <ele>2170.5</ele>
      </trkpt>
      <trkpt lat="42.91086" lon="-122.14769">
        <ele>2170.6</ele>
      </trkpt>
      <trkpt lat="42.91083" lon="-122.14765">
        <ele>2170.7</ele>
      </trkpt>
      <trkpt lat="42.91081" lon="-122.14759">
        <ele>2170.8</ele>
      </trkpt>
      <trkpt lat="42.91079" lon="-122.14749">
        <ele>2170.9</ele>
      </trkpt>
      <trkpt lat="42.91077" lon="-122.14737">
        <ele>2170.9</ele>
      </trkpt>
      <trkpt lat="42.91075" lon="-122.14726">
        <ele>2170.7</ele>
      </trkpt>
      <trkpt lat="42.91075" lon="-122.14723">
        <ele>2170.8</ele>
      </trkpt>
      <trkpt lat="42.910739" lon="-122.14703">
        <ele>2171.0</ele>
      </trkpt>
      <trkpt lat="42.91073" lon="-122.14687">
        <ele>2170.8</ele>
      </trkpt>
      <trkpt lat="42.91075" lon="-122.14667">
        <ele>2171.1</ele>
      </trkpt>
      <trkpt lat="42.91077" lon="-122.14651">
        <ele>2171.3</ele>
      </trkpt>
      <trkpt lat="42.9108" lon="-122.14641">
        <ele>2171.6</ele>
      </trkpt>
      <trkpt lat="42.91084" lon="-122.14628">
        <ele>2171.9</ele>
      </trkpt>
      <trkpt lat="42.91089" lon="-122.14617">
        <ele>2171.7</ele>
      </trkpt>
      <trkpt lat="42.91096" lon="-122.14606">
        <ele>2170.9</ele>
      </trkpt>
      <trkpt lat="42.91101" lon="-122.146">
        <ele>2170.4</ele>
      </trkpt>
      <trkpt lat="42.91106" lon="-122.14593">
        <ele>2169.7</ele>
      </trkpt>
      <trkpt lat="42.91114" lon="-122.14586">
        <ele>2168.7</ele>
      </trkpt>
      <trkpt lat="42.91123" lon="-122.14577">
        <ele>2167.1</ele>
      </trkpt>
      <trkpt lat="42.91127" lon="-122.1457">
        <ele>2166.0</ele>
      </trkpt>
      <trkpt lat="42.9113" lon="-122.14564">
        <ele>2165.2</ele>
      </trkpt>
      <trkpt lat="42.91132" lon="-122.14558">
        <ele>2164.4</ele>
      </trkpt>
      <trkpt lat="42.91133" lon="-122.14552">
        <ele>2163.9</ele>
      </trkpt>
      <trkpt lat="42.91133" lon="-122.14546">
        <ele>2163.6</ele>
      </trkpt>
      <trkpt lat="42.91133" lon="-122.14541">
        <ele>2163.4</ele>
      </trkpt>
      <trkpt lat="42.91132" lon="-122.14534">
        <ele>2163.4</ele>
      </trkpt>
      <trkpt lat="42.91127" lon="-122.14512">
        <ele>2163.4</ele>
      </trkpt>
      <trkpt lat="42.91117" lon="-122.14472">
        <ele>2163.6</ele>
      </trkpt>
      <trkpt lat="42.91102" lon="-122.14417">
        <ele>2164.7</ele>
      </trkpt>
      <trkpt lat="42.91092" lon="-122.14383">
        <ele>2164.8</ele>
      </trkpt>
      <trkpt lat="42.91075" lon="-122.1434">
        <ele>2164.0</ele>
      </trkpt>
      <trkpt lat="42.91055" lon="-122.14293">
        <ele>2163.3</ele>
      </trkpt>
      <trkpt lat="42.91039" lon="-122.14266">
        <ele>2164.1</ele>
      </trkpt>
      <trkpt lat="42.91017" lon="-122.14228">
        <ele>2164.6</ele>
      </trkpt>
      <trkpt lat="42.90991" lon="-122.14192">
        <ele>2164.3</ele>
      </trkpt>
      <trkpt lat="42.90985" lon="-122.14184">
        <ele>2164.1</ele>
      </trkpt>
      <trkpt lat="42.90985" lon="-122.14184">
        <ele>2164.1</ele>
      </trkpt>
      <trkpt lat="42.90964" lon="-122.14156">
        <ele>2163.5</ele>
      </trkpt>
      <trkpt lat="42.90956" lon="-122.14145">
        <ele>2163.1</ele>
      </trkpt>
      <trkpt lat="42.909529" lon="-122.1414">
        <ele>2162.9</ele>
      </trkpt>
      <trkpt lat="42.90951" lon="-122.14137">
        <ele>2162.8</ele>
      </trkpt>
      <trkpt lat="42.9095" lon="-122.14136">
        <ele>2162.8</ele>
      </trkpt>
      <trkpt lat="42.90949" lon="-122.14134">
        <ele>2162.7</ele>
      </trkpt>
      <trkpt lat="42.90948" lon="-122.14132">
        <ele>2162.6</ele>
      </trkpt>
      <trkpt lat="42.90948" lon="-122.1413">
        <ele>2162.6</ele>
      </trkpt>
      <trkpt lat="42.90948" lon="-122.14128">
        <ele>2162.5</ele>
      </trkpt>
      <trkpt lat="42.90947" lon="-122.14126">
        <ele>2162.5</ele>
      </trkpt>
      <trkpt lat="42.90947" lon="-122.14124">
        <ele>2162.5</ele>
      </trkpt>
      <trkpt lat="42.90947" lon="-122.14122">
        <ele>2162.4</ele>
      </trkpt>
      <trkpt lat="42.90947" lon="-122.14119">
        <ele>2162.3</ele>
      </trkpt>
      <trkpt lat="42.90947" lon="-122.14117">
        <ele>2162.3</ele>
      </trkpt>
      <trkpt lat="42.90948" lon="-122.14115">
        <ele>2162.3</ele>
      </trkpt>
      <trkpt lat="42.90948" lon="-122.14113">
        <ele>2162.2</ele>
      </trkpt>
      <trkpt lat="42.90949" lon="-122.14111">
        <ele>2162.2</ele>
      </trkpt>
      <trkpt lat="42.90949" lon="-122.14109">
        <ele>2162.1</ele>
      </trkpt>
      <trkpt lat="42.90951" lon="-122.14106">
        <ele>2162.1</ele>
      </trkpt>
      <trkpt lat="42.90952" lon="-122.14104">
        <ele>2162.0</ele>
      </trkpt>
      <trkpt lat="42.909529" lon="-122.14103">
        <ele>2162.0</ele>
      </trkpt>
      <trkpt lat="42.90954" lon="-122.14102">
        <ele>2162.0</ele>
      </trkpt>
      <trkpt lat="42.90956" lon="-122.141">
        <ele>2161.9</ele>
      </trkpt>
      <trkpt lat="42.90956" lon="-122.141">
        <ele>2161.9</ele>
      </trkpt>
      <trkpt lat="42.90957" lon="-122.14099">
        <ele>2161.9</ele>
      </trkpt>
      <trkpt lat="42.90958" lon="-122.14098">
        <ele>2161.9</ele>
      </trkpt>
      <trkpt lat="42.9096" lon="-122.14098">
        <ele>2161.8</ele>
      </trkpt>
      <trkpt lat="42.90963" lon="-122.14097">
        <ele>2161.8</ele>
      </trkpt>
      <trkpt lat="42.90964" lon="-122.14097">
        <ele>2161.8</ele>
      </trkpt>
      <trkpt lat="42.90966" lon="-122.14097">
        <ele>2161.7</ele>
      </trkpt>
      <trkpt lat="42.90967" lon="-122.14098">
        <ele>2161.7</ele>
      </trkpt>
      <trkpt lat="42.90968" lon="-122.14099">
        <ele>2161.7</ele>
      </trkpt>
      <trkpt lat="42.90969" lon="-122.14099">
        <ele>2161.7</ele>
      </trkpt>
    </trkseg>
  </trk>
</gpx>
