<?xml version="1.0" encoding="UTF-8"?>
<gpx xmlns:gpxdata="http://www.cluetrust.com/XML/GPXDATA/1/0" xmlns:xsi="http://www.w3.org/2001/XMLSchema-instance" xmlns="http://www.topografix.com/GPX/1/1" version="1.1" creator="http://ridewithgps.com/" xsi:schemaLocation="http://www.topografix.com/GPX/1/1 http://www.topografix.com/GPX/1/1/gpx.xsd http://www.cluetrust.com/XML/GPXDATA/1/0 http://www.cluetrust.com/Schemas/gpxdata10.xsd">
  <metadata>
    <name>Croatia_Day5</name>
    <link href="https://ridewithgps.com/routes/54979433">
      <text>Croatia_Day5</text>
    </link>
    <time>2026-05-05T09:07:15Z</time>
  </metadata>
  <trk>
    <name>Croatia_Day5</name>
    <trkseg>
      <trkpt lat="45.227161" lon="13.592262">
        <ele>2.8</ele>
      </trkpt>
      <trkpt lat="45.227081" lon="13.59291">
        <ele>3.3</ele>
      </trkpt>
      <trkpt lat="45.227032" lon="13.593463">
        <ele>3.6</ele>
      </trkpt>
      <trkpt lat="45.226971" lon="13.593627">
        <ele>4.0</ele>
      </trkpt>
      <trkpt lat="45.226917" lon="13.593957">
        <ele>3.6</ele>
      </trkpt>
      <trkpt lat="45.226791" lon="13.594284">
        <ele>3.8</ele>
      </trkpt>
      <trkpt lat="45.226685" lon="13.594436">
        <ele>4.0</ele>
      </trkpt>
      <trkpt lat="45.226608" lon="13.594484">
        <ele>3.8</ele>
      </trkpt>
      <trkpt lat="45.226471" lon="13.594527">
        <ele>3.6</ele>
      </trkpt>
      <trkpt lat="45.226234" lon="13.594637">
        <ele>3.6</ele>
      </trkpt>
      <trkpt lat="45.225815" lon="13.594965">
        <ele>3.1</ele>
      </trkpt>
      <trkpt lat="45.225506" lon="13.595259">
        <ele>3.3</ele>
      </trkpt>
      <trkpt lat="45.225403" lon="13.595468">
        <ele>4.1</ele>
      </trkpt>
      <trkpt lat="45.225399" lon="13.595544">
        <ele>4.6</ele>
      </trkpt>
      <trkpt lat="45.225353" lon="13.595698">
        <ele>4.6</ele>
      </trkpt>
      <trkpt lat="45.225128" lon="13.596346">
        <ele>5.0</ele>
      </trkpt>
      <trkpt lat="45.225101" lon="13.596385">
        <ele>5.3</ele>
      </trkpt>
      <trkpt lat="45.224907" lon="13.596437">
        <ele>5.0</ele>
      </trkpt>
      <trkpt lat="45.224239" lon="13.596474">
        <ele>3.8</ele>
      </trkpt>
      <trkpt lat="45.223701" lon="13.596534">
        <ele>4.0</ele>
      </trkpt>
      <trkpt lat="45.223625" lon="13.596549">
        <ele>4.0</ele>
      </trkpt>
      <trkpt lat="45.223564" lon="13.596583">
        <ele>4.0</ele>
      </trkpt>
      <trkpt lat="45.223484" lon="13.59672">
        <ele>4.0</ele>
      </trkpt>
      <trkpt lat="45.223427" lon="13.596772">
        <ele>4.0</ele>
      </trkpt>
      <trkpt lat="45.223309" lon="13.596796">
        <ele>3.8</ele>
      </trkpt>
      <trkpt lat="45.222797" lon="13.596819">
        <ele>4.8</ele>
      </trkpt>
      <trkpt lat="45.222626" lon="13.59675">
        <ele>6.0</ele>
      </trkpt>
      <trkpt lat="45.222313" lon="13.596551">
        <ele>8.0</ele>
      </trkpt>
      <trkpt lat="45.22205" lon="13.596346">
        <ele>10.0</ele>
      </trkpt>
      <trkpt lat="45.221504" lon="13.595986">
        <ele>11.8</ele>
      </trkpt>
      <trkpt lat="45.221313" lon="13.595924">
        <ele>11.3</ele>
      </trkpt>
      <trkpt lat="45.220512" lon="13.595726">
        <ele>7.1</ele>
      </trkpt>
      <trkpt lat="45.220341" lon="13.595651">
        <ele>7.0</ele>
      </trkpt>
      <trkpt lat="45.220158" lon="13.595595">
        <ele>7.1</ele>
      </trkpt>
      <trkpt lat="45.220116" lon="13.59551">
        <ele>7.3</ele>
      </trkpt>
      <trkpt lat="45.220112" lon="13.595459">
        <ele>7.3</ele>
      </trkpt>
      <trkpt lat="45.220135" lon="13.595178">
        <ele>6.6</ele>
      </trkpt>
      <trkpt lat="45.220135" lon="13.594871">
        <ele>5.6</ele>
      </trkpt>
      <trkpt lat="45.220165" lon="13.594666">
        <ele>5.1</ele>
      </trkpt>
      <trkpt lat="45.220024" lon="13.594414">
        <ele>5.1</ele>
      </trkpt>
      <trkpt lat="45.219906" lon="13.593811">
        <ele>5.6</ele>
      </trkpt>
      <trkpt lat="45.219833" lon="13.593525">
        <ele>5.6</ele>
      </trkpt>
      <trkpt lat="45.21973" lon="13.593411">
        <ele>5.6</ele>
      </trkpt>
      <trkpt lat="45.2197" lon="13.593343">
        <ele>5.8</ele>
      </trkpt>
      <trkpt lat="45.219604" lon="13.593217">
        <ele>6.1</ele>
      </trkpt>
      <trkpt lat="45.219284" lon="13.592705">
        <ele>6.0</ele>
      </trkpt>
      <trkpt lat="45.219166" lon="13.592565">
        <ele>5.8</ele>
      </trkpt>
      <trkpt lat="45.219055" lon="13.592514">
        <ele>5.8</ele>
      </trkpt>
      <trkpt lat="45.218769" lon="13.592512">
        <ele>6.6</ele>
      </trkpt>
      <trkpt lat="45.218506" lon="13.592473">
        <ele>7.0</ele>
      </trkpt>
      <trkpt lat="45.218456" lon="13.592438">
        <ele>7.1</ele>
      </trkpt>
      <trkpt lat="45.218369" lon="13.592324">
        <ele>7.3</ele>
      </trkpt>
      <trkpt lat="45.218269" lon="13.592278">
        <ele>6.8</ele>
      </trkpt>
      <trkpt lat="45.218052" lon="13.592271">
        <ele>6.0</ele>
      </trkpt>
      <trkpt lat="45.217937" lon="13.592301">
        <ele>5.8</ele>
      </trkpt>
      <trkpt lat="45.217819" lon="13.592359">
        <ele>5.6</ele>
      </trkpt>
      <trkpt lat="45.217731" lon="13.592425">
        <ele>5.3</ele>
      </trkpt>
      <trkpt lat="45.217613" lon="13.59255">
        <ele>5.0</ele>
      </trkpt>
      <trkpt lat="45.217461" lon="13.592822">
        <ele>4.1</ele>
      </trkpt>
      <trkpt lat="45.217407" lon="13.593023">
        <ele>4.1</ele>
      </trkpt>
      <trkpt lat="45.217293" lon="13.593319">
        <ele>4.3</ele>
      </trkpt>
      <trkpt lat="45.21727" lon="13.593491">
        <ele>4.3</ele>
      </trkpt>
      <trkpt lat="45.217129" lon="13.593777">
        <ele>4.8</ele>
      </trkpt>
      <trkpt lat="45.216988" lon="13.593911">
        <ele>5.6</ele>
      </trkpt>
      <trkpt lat="45.216934" lon="13.593934">
        <ele>6.0</ele>
      </trkpt>
      <trkpt lat="45.216827" lon="13.59393">
        <ele>6.0</ele>
      </trkpt>
      <trkpt lat="45.216469" lon="13.594141">
        <ele>5.1</ele>
      </trkpt>
      <trkpt lat="45.21624" lon="13.594378">
        <ele>5.0</ele>
      </trkpt>
      <trkpt lat="45.216034" lon="13.594664">
        <ele>4.3</ele>
      </trkpt>
      <trkpt lat="45.215973" lon="13.594786">
        <ele>4.6</ele>
      </trkpt>
      <trkpt lat="45.215923" lon="13.595002">
        <ele>5.1</ele>
      </trkpt>
      <trkpt lat="45.21587" lon="13.595061">
        <ele>5.1</ele>
      </trkpt>
      <trkpt lat="45.215805" lon="13.595067">
        <ele>5.1</ele>
      </trkpt>
      <trkpt lat="45.215687" lon="13.595047">
        <ele>5.1</ele>
      </trkpt>
      <trkpt lat="45.215572" lon="13.595005">
        <ele>5.1</ele>
      </trkpt>
      <trkpt lat="45.215431" lon="13.594858">
        <ele>5.1</ele>
      </trkpt>
      <trkpt lat="45.215401" lon="13.59485">
        <ele>5.3</ele>
      </trkpt>
      <trkpt lat="45.215214" lon="13.594895">
        <ele>5.6</ele>
      </trkpt>
      <trkpt lat="45.21513" lon="13.594899">
        <ele>6.1</ele>
      </trkpt>
      <trkpt lat="45.214809" lon="13.594824">
        <ele>7.6</ele>
      </trkpt>
      <trkpt lat="45.214638" lon="13.594831">
        <ele>7.6</ele>
      </trkpt>
      <trkpt lat="45.214466" lon="13.594893">
        <ele>6.3</ele>
      </trkpt>
      <trkpt lat="45.214432" lon="13.594934">
        <ele>6.0</ele>
      </trkpt>
      <trkpt lat="45.21439" lon="13.595067">
        <ele>5.6</ele>
      </trkpt>
      <trkpt lat="45.214352" lon="13.595121">
        <ele>5.3</ele>
      </trkpt>
      <trkpt lat="45.214222" lon="13.595125">
        <ele>4.8</ele>
      </trkpt>
      <trkpt lat="45.214054" lon="13.595061">
        <ele>3.3</ele>
      </trkpt>
      <trkpt lat="45.213989" lon="13.594997">
        <ele>3.0</ele>
      </trkpt>
      <trkpt lat="45.213921" lon="13.594857">
        <ele>2.6</ele>
      </trkpt>
      <trkpt lat="45.213715" lon="13.594068">
        <ele>5.6</ele>
      </trkpt>
      <trkpt lat="45.2136" lon="13.593778">
        <ele>5.1</ele>
      </trkpt>
      <trkpt lat="45.213455" lon="13.593513">
        <ele>5.0</ele>
      </trkpt>
      <trkpt lat="45.213287" lon="13.593068">
        <ele>5.1</ele>
      </trkpt>
      <trkpt lat="45.213238" lon="13.592801">
        <ele>5.8</ele>
      </trkpt>
      <trkpt lat="45.213257" lon="13.592725">
        <ele>5.8</ele>
      </trkpt>
      <trkpt lat="45.213295" lon="13.592665">
        <ele>6.0</ele>
      </trkpt>
      <trkpt lat="45.213337" lon="13.592187">
        <ele>6.0</ele>
      </trkpt>
      <trkpt lat="45.213417" lon="13.59176">
        <ele>8.3</ele>
      </trkpt>
      <trkpt lat="45.213448" lon="13.591473">
        <ele>9.3</ele>
      </trkpt>
      <trkpt lat="45.213497" lon="13.591244">
        <ele>10.0</ele>
      </trkpt>
      <trkpt lat="45.213509" lon="13.591076">
        <ele>10.3</ele>
      </trkpt>
      <trkpt lat="45.213474" lon="13.590864">
        <ele>10.3</ele>
      </trkpt>
      <trkpt lat="45.213367" lon="13.590658">
        <ele>10.3</ele>
      </trkpt>
      <trkpt lat="45.213188" lon="13.590457">
        <ele>10.3</ele>
      </trkpt>
      <trkpt lat="45.213081" lon="13.590416">
        <ele>9.8</ele>
      </trkpt>
      <trkpt lat="45.212921" lon="13.590534">
        <ele>8.1</ele>
      </trkpt>
      <trkpt lat="45.212658" lon="13.590835">
        <ele>7.0</ele>
      </trkpt>
      <trkpt lat="45.212383" lon="13.591099">
        <ele>7.1</ele>
      </trkpt>
      <trkpt lat="45.212303" lon="13.591218">
        <ele>8.0</ele>
      </trkpt>
      <trkpt lat="45.212273" lon="13.591224">
        <ele>8.1</ele>
      </trkpt>
      <trkpt lat="45.212242" lon="13.591201">
        <ele>8.3</ele>
      </trkpt>
      <trkpt lat="45.21217" lon="13.591047">
        <ele>8.8</ele>
      </trkpt>
      <trkpt lat="45.212105" lon="13.590955">
        <ele>8.3</ele>
      </trkpt>
      <trkpt lat="45.212063" lon="13.590922">
        <ele>8.1</ele>
      </trkpt>
      <trkpt lat="45.211979" lon="13.590905">
        <ele>7.8</ele>
      </trkpt>
      <trkpt lat="45.211838" lon="13.59094">
        <ele>8.0</ele>
      </trkpt>
      <trkpt lat="45.211769" lon="13.59094">
        <ele>8.6</ele>
      </trkpt>
      <trkpt lat="45.211567" lon="13.59092">
        <ele>9.8</ele>
      </trkpt>
      <trkpt lat="45.211445" lon="13.590837">
        <ele>10.0</ele>
      </trkpt>
      <trkpt lat="45.211369" lon="13.59083">
        <ele>10.1</ele>
      </trkpt>
      <trkpt lat="45.211285" lon="13.590867">
        <ele>10.6</ele>
      </trkpt>
      <trkpt lat="45.210869" lon="13.591124">
        <ele>13.0</ele>
      </trkpt>
      <trkpt lat="45.210804" lon="13.591184">
        <ele>13.2</ele>
      </trkpt>
      <trkpt lat="45.210686" lon="13.59136">
        <ele>13.7</ele>
      </trkpt>
      <trkpt lat="45.210461" lon="13.591365">
        <ele>7.3</ele>
      </trkpt>
      <trkpt lat="45.210201" lon="13.591562">
        <ele>6.1</ele>
      </trkpt>
      <trkpt lat="45.210091" lon="13.591671">
        <ele>5.6</ele>
      </trkpt>
      <trkpt lat="45.210037" lon="13.591753">
        <ele>5.1</ele>
      </trkpt>
      <trkpt lat="45.209969" lon="13.591993">
        <ele>6.0</ele>
      </trkpt>
      <trkpt lat="45.209957" lon="13.592337">
        <ele>8.8</ele>
      </trkpt>
      <trkpt lat="45.209927" lon="13.592445">
        <ele>9.8</ele>
      </trkpt>
      <trkpt lat="45.209801" lon="13.592588">
        <ele>9.1</ele>
      </trkpt>
      <trkpt lat="45.209721" lon="13.592634">
        <ele>8.6</ele>
      </trkpt>
      <trkpt lat="45.209538" lon="13.5927">
        <ele>6.8</ele>
      </trkpt>
      <trkpt lat="45.209396" lon="13.592673">
        <ele>5.3</ele>
      </trkpt>
      <trkpt lat="45.209354" lon="13.592703">
        <ele>5.1</ele>
      </trkpt>
      <trkpt lat="45.209297" lon="13.592908">
        <ele>4.6</ele>
      </trkpt>
      <trkpt lat="45.209183" lon="13.593477">
        <ele>5.3</ele>
      </trkpt>
      <trkpt lat="45.209064" lon="13.593605">
        <ele>5.6</ele>
      </trkpt>
      <trkpt lat="45.208897" lon="13.593673">
        <ele>5.1</ele>
      </trkpt>
      <trkpt lat="45.208771" lon="13.593699">
        <ele>5.0</ele>
      </trkpt>
      <trkpt lat="45.208736" lon="13.593721">
        <ele>5.0</ele>
      </trkpt>
      <trkpt lat="45.208714" lon="13.593759">
        <ele>5.0</ele>
      </trkpt>
      <trkpt lat="45.208286" lon="13.595702">
        <ele>5.0</ele>
      </trkpt>
      <trkpt lat="45.208233" lon="13.595805">
        <ele>5.0</ele>
      </trkpt>
      <trkpt lat="45.208191" lon="13.595844">
        <ele>5.0</ele>
      </trkpt>
      <trkpt lat="45.207851" lon="13.596067">
        <ele>4.0</ele>
      </trkpt>
      <trkpt lat="45.207771" lon="13.596179">
        <ele>3.8</ele>
      </trkpt>
      <trkpt lat="45.207558" lon="13.596842">
        <ele>3.3</ele>
      </trkpt>
      <trkpt lat="45.207348" lon="13.597405">
        <ele>3.8</ele>
      </trkpt>
      <trkpt lat="45.207283" lon="13.597525">
        <ele>3.8</ele>
      </trkpt>
      <trkpt lat="45.207245" lon="13.597569">
        <ele>3.8</ele>
      </trkpt>
      <trkpt lat="45.207153" lon="13.59763">
        <ele>3.8</ele>
      </trkpt>
      <trkpt lat="45.206726" lon="13.597878">
        <ele>4.6</ele>
      </trkpt>
      <trkpt lat="45.206184" lon="13.598166">
        <ele>4.3</ele>
      </trkpt>
      <trkpt lat="45.206081" lon="13.598192">
        <ele>4.1</ele>
      </trkpt>
      <trkpt lat="45.205452" lon="13.598252">
        <ele>2.3</ele>
      </trkpt>
      <trkpt lat="45.205399" lon="13.598263">
        <ele>2.3</ele>
      </trkpt>
      <trkpt lat="45.205307" lon="13.598316">
        <ele>2.3</ele>
      </trkpt>
      <trkpt lat="45.205219" lon="13.598412">
        <ele>2.6</ele>
      </trkpt>
      <trkpt lat="45.205151" lon="13.598534">
        <ele>2.3</ele>
      </trkpt>
      <trkpt lat="45.204819" lon="13.599213">
        <ele>2.1</ele>
      </trkpt>
      <trkpt lat="45.204666" lon="13.599362">
        <ele>2.8</ele>
      </trkpt>
      <trkpt lat="45.204571" lon="13.599401">
        <ele>3.0</ele>
      </trkpt>
      <trkpt lat="45.204472" lon="13.599398">
        <ele>3.0</ele>
      </trkpt>
      <trkpt lat="45.203995" lon="13.599223">
        <ele>4.1</ele>
      </trkpt>
      <trkpt lat="45.203693" lon="13.599044">
        <ele>3.3</ele>
      </trkpt>
      <trkpt lat="45.202923" lon="13.598507">
        <ele>2.8</ele>
      </trkpt>
      <trkpt lat="45.202782" lon="13.598363">
        <ele>3.2</ele>
      </trkpt>
      <trkpt lat="45.202713" lon="13.598325">
        <ele>3.8</ele>
      </trkpt>
      <trkpt lat="45.202637" lon="13.59813">
        <ele>5.3</ele>
      </trkpt>
      <trkpt lat="45.202618" lon="13.59798">
        <ele>6.6</ele>
      </trkpt>
      <trkpt lat="45.202576" lon="13.59782">
        <ele>7.6</ele>
      </trkpt>
      <trkpt lat="45.202526" lon="13.597717">
        <ele>8.3</ele>
      </trkpt>
      <trkpt lat="45.202442" lon="13.597634">
        <ele>9.3</ele>
      </trkpt>
      <trkpt lat="45.202206" lon="13.597489">
        <ele>10.8</ele>
      </trkpt>
      <trkpt lat="45.202103" lon="13.59745">
        <ele>11.0</ele>
      </trkpt>
      <trkpt lat="45.201538" lon="13.597272">
        <ele>11.6</ele>
      </trkpt>
      <trkpt lat="45.201427" lon="13.59722">
        <ele>12.0</ele>
      </trkpt>
      <trkpt lat="45.20134" lon="13.59724">
        <ele>12.0</ele>
      </trkpt>
      <trkpt lat="45.201305" lon="13.597309">
        <ele>12.0</ele>
      </trkpt>
      <trkpt lat="45.201382" lon="13.597516">
        <ele>11.6</ele>
      </trkpt>
      <trkpt lat="45.201424" lon="13.597792">
        <ele>11.0</ele>
      </trkpt>
      <trkpt lat="45.201424" lon="13.597896">
        <ele>10.8</ele>
      </trkpt>
      <trkpt lat="45.201363" lon="13.598463">
        <ele>9.1</ele>
      </trkpt>
      <trkpt lat="45.201267" lon="13.598945">
        <ele>8.0</ele>
      </trkpt>
      <trkpt lat="45.201271" lon="13.599129">
        <ele>7.6</ele>
      </trkpt>
      <trkpt lat="45.201424" lon="13.599567">
        <ele>6.0</ele>
      </trkpt>
      <trkpt lat="45.201935" lon="13.600634">
        <ele>4.0</ele>
      </trkpt>
      <trkpt lat="45.202007" lon="13.60075">
        <ele>4.0</ele>
      </trkpt>
      <trkpt lat="45.202091" lon="13.600832">
        <ele>4.0</ele>
      </trkpt>
      <trkpt lat="45.202564" lon="13.601205">
        <ele>4.6</ele>
      </trkpt>
      <trkpt lat="45.202721" lon="13.601279">
        <ele>6.0</ele>
      </trkpt>
      <trkpt lat="45.202915" lon="13.601421">
        <ele>7.6</ele>
      </trkpt>
      <trkpt lat="45.203026" lon="13.601541">
        <ele>7.8</ele>
      </trkpt>
      <trkpt lat="45.203209" lon="13.601702">
        <ele>8.6</ele>
      </trkpt>
      <trkpt lat="45.203987" lon="13.602327">
        <ele>11.8</ele>
      </trkpt>
      <trkpt lat="45.204369" lon="13.602579">
        <ele>14.2</ele>
      </trkpt>
      <trkpt lat="45.204716" lon="13.602838">
        <ele>16.3</ele>
      </trkpt>
      <trkpt lat="45.204937" lon="13.602917">
        <ele>18.0</ele>
      </trkpt>
      <trkpt lat="45.204945" lon="13.603074">
        <ele>18.6</ele>
      </trkpt>
      <trkpt lat="45.204876" lon="13.603209">
        <ele>18.6</ele>
      </trkpt>
      <trkpt lat="45.204823" lon="13.603457">
        <ele>18.0</ele>
      </trkpt>
      <trkpt lat="45.204769" lon="13.603627">
        <ele>18.0</ele>
      </trkpt>
      <trkpt lat="45.204594" lon="13.603931">
        <ele>17.7</ele>
      </trkpt>
      <trkpt lat="45.204308" lon="13.604317">
        <ele>17.0</ele>
      </trkpt>
      <trkpt lat="45.204216" lon="13.604414">
        <ele>16.7</ele>
      </trkpt>
      <trkpt lat="45.204113" lon="13.604485">
        <ele>16.6</ele>
      </trkpt>
      <trkpt lat="45.203949" lon="13.604557">
        <ele>16.3</ele>
      </trkpt>
      <trkpt lat="45.203835" lon="13.604588">
        <ele>16.2</ele>
      </trkpt>
      <trkpt lat="45.203224" lon="13.604602">
        <ele>15.2</ele>
      </trkpt>
      <trkpt lat="45.203106" lon="13.604615">
        <ele>14.7</ele>
      </trkpt>
      <trkpt lat="45.20298" lon="13.604651">
        <ele>14.2</ele>
      </trkpt>
      <trkpt lat="45.202717" lon="13.604803">
        <ele>12.3</ele>
      </trkpt>
      <trkpt lat="45.202023" lon="13.60539">
        <ele>7.3</ele>
      </trkpt>
      <trkpt lat="45.201775" lon="13.605533">
        <ele>5.3</ele>
      </trkpt>
      <trkpt lat="45.20166" lon="13.605571">
        <ele>4.8</ele>
      </trkpt>
      <trkpt lat="45.201488" lon="13.605597">
        <ele>4.0</ele>
      </trkpt>
      <trkpt lat="45.201218" lon="13.605577">
        <ele>3.6</ele>
      </trkpt>
      <trkpt lat="45.201061" lon="13.605583">
        <ele>3.4</ele>
      </trkpt>
      <trkpt lat="45.200916" lon="13.605624">
        <ele>3.8</ele>
      </trkpt>
      <trkpt lat="45.200714" lon="13.605721">
        <ele>5.8</ele>
      </trkpt>
      <trkpt lat="45.200584" lon="13.605762">
        <ele>6.6</ele>
      </trkpt>
      <trkpt lat="45.200405" lon="13.605722">
        <ele>7.3</ele>
      </trkpt>
      <trkpt lat="45.20031" lon="13.605742">
        <ele>7.6</ele>
      </trkpt>
      <trkpt lat="45.200222" lon="13.605823">
        <ele>7.6</ele>
      </trkpt>
      <trkpt lat="45.200104" lon="13.606091">
        <ele>7.3</ele>
      </trkpt>
      <trkpt lat="45.200016" lon="13.606207">
        <ele>7.1</ele>
      </trkpt>
      <trkpt lat="45.199905" lon="13.606287">
        <ele>6.6</ele>
      </trkpt>
      <trkpt lat="45.199661" lon="13.606415">
        <ele>6.0</ele>
      </trkpt>
      <trkpt lat="45.19952" lon="13.60651">
        <ele>5.8</ele>
      </trkpt>
      <trkpt lat="45.199345" lon="13.606694">
        <ele>6.1</ele>
      </trkpt>
      <trkpt lat="45.199036" lon="13.60727">
        <ele>7.3</ele>
      </trkpt>
      <trkpt lat="45.198997" lon="13.607395">
        <ele>7.6</ele>
      </trkpt>
      <trkpt lat="45.198994" lon="13.607612">
        <ele>7.8</ele>
      </trkpt>
      <trkpt lat="45.198963" lon="13.607841">
        <ele>7.6</ele>
      </trkpt>
      <trkpt lat="45.198704" lon="13.608999">
        <ele>9.0</ele>
      </trkpt>
      <trkpt lat="45.198273" lon="13.610397">
        <ele>10.3</ele>
      </trkpt>
      <trkpt lat="45.197983" lon="13.61217">
        <ele>12.6</ele>
      </trkpt>
      <trkpt lat="45.197857" lon="13.612776">
        <ele>14.3</ele>
      </trkpt>
      <trkpt lat="45.197758" lon="13.613005">
        <ele>15.0</ele>
      </trkpt>
      <trkpt lat="45.197678" lon="13.613137">
        <ele>15.3</ele>
      </trkpt>
      <trkpt lat="45.197281" lon="13.613692">
        <ele>16.7</ele>
      </trkpt>
      <trkpt lat="45.196907" lon="13.614182">
        <ele>22.0</ele>
      </trkpt>
      <trkpt lat="45.196598" lon="13.614667">
        <ele>25.6</ele>
      </trkpt>
      <trkpt lat="45.196392" lon="13.614944">
        <ele>26.7</ele>
      </trkpt>
      <trkpt lat="45.195358" lon="13.616447">
        <ele>34.3</ele>
      </trkpt>
      <trkpt lat="45.195309" lon="13.616577">
        <ele>34.7</ele>
      </trkpt>
      <trkpt lat="45.195278" lon="13.616755">
        <ele>35.3</ele>
      </trkpt>
      <trkpt lat="45.195137" lon="13.617862">
        <ele>37.3</ele>
      </trkpt>
      <trkpt lat="45.19508" lon="13.618137">
        <ele>37.0</ele>
      </trkpt>
      <trkpt lat="45.195038" lon="13.618244">
        <ele>36.7</ele>
      </trkpt>
      <trkpt lat="45.19445" lon="13.619054">
        <ele>38.3</ele>
      </trkpt>
      <trkpt lat="45.19434" lon="13.619177">
        <ele>39.2</ele>
      </trkpt>
      <trkpt lat="45.194275" lon="13.619208">
        <ele>39.6</ele>
      </trkpt>
      <trkpt lat="45.194141" lon="13.619219">
        <ele>40.2</ele>
      </trkpt>
      <trkpt lat="45.194012" lon="13.619196">
        <ele>41.0</ele>
      </trkpt>
      <trkpt lat="45.193802" lon="13.61915">
        <ele>41.6</ele>
      </trkpt>
      <trkpt lat="45.19339" lon="13.619029">
        <ele>44.6</ele>
      </trkpt>
      <trkpt lat="45.193184" lon="13.618991">
        <ele>46.2</ele>
      </trkpt>
      <trkpt lat="45.19313" lon="13.618994">
        <ele>46.6</ele>
      </trkpt>
      <trkpt lat="45.193054" lon="13.619034">
        <ele>47.0</ele>
      </trkpt>
      <trkpt lat="45.192924" lon="13.619179">
        <ele>47.6</ele>
      </trkpt>
      <trkpt lat="45.19276" lon="13.619427">
        <ele>48.2</ele>
      </trkpt>
      <trkpt lat="45.192539" lon="13.61967">
        <ele>49.2</ele>
      </trkpt>
      <trkpt lat="45.192314" lon="13.619967">
        <ele>49.3</ele>
      </trkpt>
      <trkpt lat="45.192051" lon="13.620413">
        <ele>49.6</ele>
      </trkpt>
      <trkpt lat="45.191952" lon="13.620621">
        <ele>49.3</ele>
      </trkpt>
      <trkpt lat="45.191738" lon="13.620943">
        <ele>49.2</ele>
      </trkpt>
      <trkpt lat="45.19162" lon="13.621152">
        <ele>49.2</ele>
      </trkpt>
      <trkpt lat="45.191528" lon="13.621408">
        <ele>48.7</ele>
      </trkpt>
      <trkpt lat="45.191414" lon="13.621892">
        <ele>48.0</ele>
      </trkpt>
      <trkpt lat="45.191368" lon="13.622289">
        <ele>47.6</ele>
      </trkpt>
      <trkpt lat="45.191353" lon="13.622584">
        <ele>47.2</ele>
      </trkpt>
      <trkpt lat="45.191353" lon="13.623428">
        <ele>46.7</ele>
      </trkpt>
      <trkpt lat="45.191383" lon="13.623844">
        <ele>46.3</ele>
      </trkpt>
      <trkpt lat="45.191402" lon="13.625273">
        <ele>44.6</ele>
      </trkpt>
      <trkpt lat="45.191551" lon="13.626221">
        <ele>43.6</ele>
      </trkpt>
      <trkpt lat="45.19157" lon="13.626485">
        <ele>42.3</ele>
      </trkpt>
      <trkpt lat="45.191551" lon="13.626888">
        <ele>40.7</ele>
      </trkpt>
      <trkpt lat="45.191517" lon="13.627088">
        <ele>40.0</ele>
      </trkpt>
      <trkpt lat="45.19146" lon="13.627267">
        <ele>39.3</ele>
      </trkpt>
      <trkpt lat="45.19133" lon="13.627567">
        <ele>39.3</ele>
      </trkpt>
      <trkpt lat="45.191219" lon="13.627715">
        <ele>40.2</ele>
      </trkpt>
      <trkpt lat="45.191101" lon="13.627792">
        <ele>41.2</ele>
      </trkpt>
      <trkpt lat="45.190788" lon="13.627883">
        <ele>44.0</ele>
      </trkpt>
      <trkpt lat="45.190647" lon="13.627964">
        <ele>44.6</ele>
      </trkpt>
      <trkpt lat="45.190449" lon="13.628162">
        <ele>45.0</ele>
      </trkpt>
      <trkpt lat="45.18993" lon="13.628771">
        <ele>45.6</ele>
      </trkpt>
      <trkpt lat="45.189789" lon="13.629027">
        <ele>45.6</ele>
      </trkpt>
      <trkpt lat="45.189476" lon="13.629772">
        <ele>43.6</ele>
      </trkpt>
      <trkpt lat="45.189354" lon="13.629992">
        <ele>43.2</ele>
      </trkpt>
      <trkpt lat="45.189163" lon="13.630282">
        <ele>43.2</ele>
      </trkpt>
      <trkpt lat="45.189034" lon="13.630529">
        <ele>43.0</ele>
      </trkpt>
      <trkpt lat="45.188442" lon="13.631924">
        <ele>43.6</ele>
      </trkpt>
      <trkpt lat="45.188263" lon="13.632295">
        <ele>43.3</ele>
      </trkpt>
      <trkpt lat="45.188171" lon="13.632429">
        <ele>43.3</ele>
      </trkpt>
      <trkpt lat="45.188057" lon="13.632544">
        <ele>43.3</ele>
      </trkpt>
      <trkpt lat="45.187691" lon="13.632815">
        <ele>43.2</ele>
      </trkpt>
      <trkpt lat="45.187588" lon="13.632938">
        <ele>43.3</ele>
      </trkpt>
      <trkpt lat="45.187546" lon="13.633015">
        <ele>43.3</ele>
      </trkpt>
      <trkpt lat="45.187485" lon="13.63318">
        <ele>43.6</ele>
      </trkpt>
      <trkpt lat="45.187447" lon="13.633351">
        <ele>43.7</ele>
      </trkpt>
      <trkpt lat="45.187237" lon="13.63493">
        <ele>46.2</ele>
      </trkpt>
      <trkpt lat="45.187057" lon="13.636077">
        <ele>47.7</ele>
      </trkpt>
      <trkpt lat="45.186878" lon="13.636578">
        <ele>48.7</ele>
      </trkpt>
      <trkpt lat="45.186756" lon="13.636772">
        <ele>49.3</ele>
      </trkpt>
      <trkpt lat="45.1866" lon="13.637074">
        <ele>50.3</ele>
      </trkpt>
      <trkpt lat="45.186474" lon="13.637227">
        <ele>51.0</ele>
      </trkpt>
      <trkpt lat="45.186131" lon="13.637487">
        <ele>51.6</ele>
      </trkpt>
      <trkpt lat="45.185585" lon="13.637749">
        <ele>54.0</ele>
      </trkpt>
      <trkpt lat="45.184841" lon="13.638068">
        <ele>56.3</ele>
      </trkpt>
      <trkpt lat="45.184601" lon="13.638145">
        <ele>58.0</ele>
      </trkpt>
      <trkpt lat="45.184353" lon="13.638261">
        <ele>59.2</ele>
      </trkpt>
      <trkpt lat="45.184231" lon="13.638361">
        <ele>59.6</ele>
      </trkpt>
      <trkpt lat="45.184044" lon="13.638565">
        <ele>60.2</ele>
      </trkpt>
      <trkpt lat="45.183926" lon="13.638716">
        <ele>60.6</ele>
      </trkpt>
      <trkpt lat="45.183769" lon="13.638959">
        <ele>61.2</ele>
      </trkpt>
      <trkpt lat="45.183704" lon="13.639091">
        <ele>61.3</ele>
      </trkpt>
      <trkpt lat="45.183666" lon="13.639215">
        <ele>62.0</ele>
      </trkpt>
      <trkpt lat="45.183384" lon="13.641">
        <ele>70.3</ele>
      </trkpt>
      <trkpt lat="45.183342" lon="13.641148">
        <ele>71.2</ele>
      </trkpt>
      <trkpt lat="45.183247" lon="13.641385">
        <ele>72.3</ele>
      </trkpt>
      <trkpt lat="45.183163" lon="13.641562">
        <ele>73.3</ele>
      </trkpt>
      <trkpt lat="45.183018" lon="13.641762">
        <ele>74.6</ele>
      </trkpt>
      <trkpt lat="45.182793" lon="13.641925">
        <ele>75.6</ele>
      </trkpt>
      <trkpt lat="45.182671" lon="13.641966">
        <ele>76.2</ele>
      </trkpt>
      <trkpt lat="45.182453" lon="13.642079">
        <ele>76.7</ele>
      </trkpt>
      <trkpt lat="45.182346" lon="13.642242">
        <ele>76.7</ele>
      </trkpt>
      <trkpt lat="45.182316" lon="13.64233">
        <ele>76.3</ele>
      </trkpt>
      <trkpt lat="45.18214" lon="13.643204">
        <ele>72.7</ele>
      </trkpt>
      <trkpt lat="45.182037" lon="13.643867">
        <ele>69.7</ele>
      </trkpt>
      <trkpt lat="45.182003" lon="13.644432">
        <ele>69.6</ele>
      </trkpt>
      <trkpt lat="45.181931" lon="13.646639">
        <ele>74.0</ele>
      </trkpt>
      <trkpt lat="45.181938" lon="13.646876">
        <ele>74.6</ele>
      </trkpt>
      <trkpt lat="45.181995" lon="13.64734">
        <ele>74.7</ele>
      </trkpt>
      <trkpt lat="45.181976" lon="13.647536">
        <ele>74.3</ele>
      </trkpt>
      <trkpt lat="45.181919" lon="13.647831">
        <ele>73.6</ele>
      </trkpt>
      <trkpt lat="45.181839" lon="13.648114">
        <ele>73.0</ele>
      </trkpt>
      <trkpt lat="45.181721" lon="13.648411">
        <ele>72.2</ele>
      </trkpt>
      <trkpt lat="45.181286" lon="13.649364">
        <ele>69.7</ele>
      </trkpt>
      <trkpt lat="45.18103" lon="13.650288">
        <ele>68.2</ele>
      </trkpt>
      <trkpt lat="45.180962" lon="13.650462">
        <ele>68.7</ele>
      </trkpt>
      <trkpt lat="45.180847" lon="13.650602">
        <ele>69.2</ele>
      </trkpt>
      <trkpt lat="45.180546" lon="13.650807">
        <ele>68.0</ele>
      </trkpt>
      <trkpt lat="45.180248" lon="13.651114">
        <ele>66.2</ele>
      </trkpt>
      <trkpt lat="45.180145" lon="13.651259">
        <ele>65.6</ele>
      </trkpt>
      <trkpt lat="45.180096" lon="13.651375">
        <ele>65.2</ele>
      </trkpt>
      <trkpt lat="45.180077" lon="13.65148">
        <ele>64.7</ele>
      </trkpt>
      <trkpt lat="45.180092" lon="13.651683">
        <ele>64.0</ele>
      </trkpt>
      <trkpt lat="45.180141" lon="13.651853">
        <ele>64.0</ele>
      </trkpt>
      <trkpt lat="45.18029" lon="13.652267">
        <ele>65.2</ele>
      </trkpt>
      <trkpt lat="45.1805" lon="13.652744">
        <ele>65.2</ele>
      </trkpt>
      <trkpt lat="45.180515" lon="13.652827">
        <ele>65.2</ele>
      </trkpt>
      <trkpt lat="45.1805" lon="13.652993">
        <ele>65.2</ele>
      </trkpt>
      <trkpt lat="45.180439" lon="13.653143">
        <ele>65.2</ele>
      </trkpt>
      <trkpt lat="45.180351" lon="13.653274">
        <ele>65.2</ele>
      </trkpt>
      <trkpt lat="45.180244" lon="13.653376">
        <ele>65.2</ele>
      </trkpt>
      <trkpt lat="45.180004" lon="13.653522">
        <ele>65.0</ele>
      </trkpt>
      <trkpt lat="45.179878" lon="13.653624">
        <ele>64.6</ele>
      </trkpt>
      <trkpt lat="45.179626" lon="13.653909">
        <ele>63.3</ele>
      </trkpt>
      <trkpt lat="45.179493" lon="13.654132">
        <ele>62.7</ele>
      </trkpt>
      <trkpt lat="45.179295" lon="13.654603">
        <ele>62.6</ele>
      </trkpt>
      <trkpt lat="45.179237" lon="13.65485">
        <ele>62.2</ele>
      </trkpt>
      <trkpt lat="45.179203" lon="13.655288">
        <ele>62.3</ele>
      </trkpt>
      <trkpt lat="45.179169" lon="13.656191">
        <ele>64.0</ele>
      </trkpt>
      <trkpt lat="45.179111" lon="13.656636">
        <ele>66.7</ele>
      </trkpt>
      <trkpt lat="45.179062" lon="13.656797">
        <ele>68.3</ele>
      </trkpt>
      <trkpt lat="45.178917" lon="13.657098">
        <ele>71.2</ele>
      </trkpt>
      <trkpt lat="45.17878" lon="13.657283">
        <ele>72.7</ele>
      </trkpt>
      <trkpt lat="45.178688" lon="13.657366">
        <ele>74.0</ele>
      </trkpt>
      <trkpt lat="45.178326" lon="13.657578">
        <ele>75.7</ele>
      </trkpt>
      <trkpt lat="45.178146" lon="13.657702">
        <ele>76.3</ele>
      </trkpt>
      <trkpt lat="45.178036" lon="13.657804">
        <ele>76.2</ele>
      </trkpt>
      <trkpt lat="45.177982" lon="13.657882">
        <ele>76.0</ele>
      </trkpt>
      <trkpt lat="45.177914" lon="13.658054">
        <ele>75.6</ele>
      </trkpt>
      <trkpt lat="45.177887" lon="13.658195">
        <ele>75.2</ele>
      </trkpt>
      <trkpt lat="45.177868" lon="13.65869">
        <ele>74.3</ele>
      </trkpt>
      <trkpt lat="45.177826" lon="13.658989">
        <ele>74.3</ele>
      </trkpt>
      <trkpt lat="45.177734" lon="13.659244">
        <ele>73.3</ele>
      </trkpt>
      <trkpt lat="45.177479" lon="13.659733">
        <ele>71.6</ele>
      </trkpt>
      <trkpt lat="45.177288" lon="13.660011">
        <ele>72.3</ele>
      </trkpt>
      <trkpt lat="45.177135" lon="13.660177">
        <ele>72.3</ele>
      </trkpt>
      <trkpt lat="45.17654" lon="13.660919">
        <ele>71.3</ele>
      </trkpt>
      <trkpt lat="45.1763" lon="13.661188">
        <ele>71.0</ele>
      </trkpt>
      <trkpt lat="45.17614" lon="13.661316">
        <ele>71.2</ele>
      </trkpt>
      <trkpt lat="45.176022" lon="13.661318">
        <ele>71.2</ele>
      </trkpt>
      <trkpt lat="45.175976" lon="13.661294">
        <ele>71.3</ele>
      </trkpt>
      <trkpt lat="45.175716" lon="13.66104">
        <ele>73.3</ele>
      </trkpt>
      <trkpt lat="45.175537" lon="13.660892">
        <ele>74.3</ele>
      </trkpt>
      <trkpt lat="45.174675" lon="13.660405">
        <ele>74.3</ele>
      </trkpt>
      <trkpt lat="45.174412" lon="13.660289">
        <ele>74.3</ele>
      </trkpt>
      <trkpt lat="45.174313" lon="13.660276">
        <ele>74.3</ele>
      </trkpt>
      <trkpt lat="45.174206" lon="13.660284">
        <ele>74.6</ele>
      </trkpt>
      <trkpt lat="45.174057" lon="13.660361">
        <ele>75.6</ele>
      </trkpt>
      <trkpt lat="45.173927" lon="13.660474">
        <ele>76.3</ele>
      </trkpt>
      <trkpt lat="45.173611" lon="13.660871">
        <ele>77.6</ele>
      </trkpt>
      <trkpt lat="45.173275" lon="13.661254">
        <ele>76.2</ele>
      </trkpt>
      <trkpt lat="45.173092" lon="13.661397">
        <ele>75.0</ele>
      </trkpt>
      <trkpt lat="45.172962" lon="13.661456">
        <ele>74.6</ele>
      </trkpt>
      <trkpt lat="45.172829" lon="13.661485">
        <ele>74.2</ele>
      </trkpt>
      <trkpt lat="45.172615" lon="13.661477">
        <ele>73.3</ele>
      </trkpt>
      <trkpt lat="45.172325" lon="13.661413">
        <ele>72.2</ele>
      </trkpt>
      <trkpt lat="45.1721" lon="13.661324">
        <ele>71.6</ele>
      </trkpt>
      <trkpt lat="45.171947" lon="13.661304">
        <ele>71.0</ele>
      </trkpt>
      <trkpt lat="45.171803" lon="13.66133">
        <ele>70.6</ele>
      </trkpt>
      <trkpt lat="45.171429" lon="13.661478">
        <ele>70.0</ele>
      </trkpt>
      <trkpt lat="45.17123" lon="13.66152">
        <ele>70.7</ele>
      </trkpt>
      <trkpt lat="45.170967" lon="13.661557">
        <ele>72.3</ele>
      </trkpt>
      <trkpt lat="45.170658" lon="13.661576">
        <ele>72.6</ele>
      </trkpt>
      <trkpt lat="45.170555" lon="13.661617">
        <ele>72.7</ele>
      </trkpt>
      <trkpt lat="45.170101" lon="13.6619">
        <ele>74.0</ele>
      </trkpt>
      <trkpt lat="45.169857" lon="13.662073">
        <ele>75.3</ele>
      </trkpt>
      <trkpt lat="45.169781" lon="13.662149">
        <ele>75.7</ele>
      </trkpt>
      <trkpt lat="45.16943" lon="13.662377">
        <ele>77.6</ele>
      </trkpt>
      <trkpt lat="45.169262" lon="13.662508">
        <ele>78.2</ele>
      </trkpt>
      <trkpt lat="45.168934" lon="13.662678">
        <ele>77.2</ele>
      </trkpt>
      <trkpt lat="45.168758" lon="13.662723">
        <ele>76.3</ele>
      </trkpt>
      <trkpt lat="45.168259" lon="13.662722">
        <ele>73.2</ele>
      </trkpt>
      <trkpt lat="45.16811" lon="13.662764">
        <ele>72.0</ele>
      </trkpt>
      <trkpt lat="45.167839" lon="13.662942">
        <ele>71.3</ele>
      </trkpt>
      <trkpt lat="45.167473" lon="13.663248">
        <ele>72.0</ele>
      </trkpt>
      <trkpt lat="45.167191" lon="13.663462">
        <ele>72.7</ele>
      </trkpt>
      <trkpt lat="45.166996" lon="13.663589">
        <ele>72.7</ele>
      </trkpt>
      <trkpt lat="45.166843" lon="13.663717">
        <ele>72.6</ele>
      </trkpt>
      <trkpt lat="45.166744" lon="13.663828">
        <ele>72.6</ele>
      </trkpt>
      <trkpt lat="45.166656" lon="13.663965">
        <ele>72.3</ele>
      </trkpt>
      <trkpt lat="45.166424" lon="13.664416">
        <ele>73.0</ele>
      </trkpt>
      <trkpt lat="45.166351" lon="13.664515">
        <ele>73.0</ele>
      </trkpt>
      <trkpt lat="45.166306" lon="13.664548">
        <ele>73.0</ele>
      </trkpt>
      <trkpt lat="45.166248" lon="13.66456">
        <ele>73.0</ele>
      </trkpt>
      <trkpt lat="45.166187" lon="13.664547">
        <ele>72.7</ele>
      </trkpt>
      <trkpt lat="45.166126" lon="13.66451">
        <ele>72.3</ele>
      </trkpt>
      <trkpt lat="45.165802" lon="13.664203">
        <ele>70.2</ele>
      </trkpt>
      <trkpt lat="45.165634" lon="13.664086">
        <ele>70.2</ele>
      </trkpt>
      <trkpt lat="45.165508" lon="13.664038">
        <ele>70.2</ele>
      </trkpt>
      <trkpt lat="45.16526" lon="13.66403">
        <ele>70.2</ele>
      </trkpt>
      <trkpt lat="45.164948" lon="13.664104">
        <ele>70.3</ele>
      </trkpt>
      <trkpt lat="45.164597" lon="13.664254">
        <ele>73.6</ele>
      </trkpt>
      <trkpt lat="45.164528" lon="13.664297">
        <ele>75.0</ele>
      </trkpt>
      <trkpt lat="45.164303" lon="13.664496">
        <ele>76.3</ele>
      </trkpt>
      <trkpt lat="45.164169" lon="13.66466">
        <ele>77.2</ele>
      </trkpt>
      <trkpt lat="45.164169" lon="13.66477">
        <ele>77.3</ele>
      </trkpt>
      <trkpt lat="45.16428" lon="13.665312">
        <ele>77.3</ele>
      </trkpt>
      <trkpt lat="45.164371" lon="13.665883">
        <ele>78.3</ele>
      </trkpt>
      <trkpt lat="45.164379" lon="13.66612">
        <ele>78.7</ele>
      </trkpt>
      <trkpt lat="45.164349" lon="13.666338">
        <ele>79.6</ele>
      </trkpt>
      <trkpt lat="45.164223" lon="13.666666">
        <ele>80.6</ele>
      </trkpt>
      <trkpt lat="45.164173" lon="13.66675">
        <ele>80.7</ele>
      </trkpt>
      <trkpt lat="45.164062" lon="13.66687">
        <ele>81.2</ele>
      </trkpt>
      <trkpt lat="45.164032" lon="13.666877">
        <ele>81.3</ele>
      </trkpt>
      <trkpt lat="45.164021" lon="13.666858">
        <ele>81.3</ele>
      </trkpt>
      <trkpt lat="45.164021" lon="13.666828">
        <ele>81.3</ele>
      </trkpt>
      <trkpt lat="45.164047" lon="13.666787">
        <ele>81.2</ele>
      </trkpt>
      <trkpt lat="45.164196" lon="13.666751">
        <ele>81.3</ele>
      </trkpt>
      <trkpt lat="45.164261" lon="13.666698">
        <ele>81.3</ele>
      </trkpt>
      <trkpt lat="45.164391" lon="13.666349">
        <ele>80.6</ele>
      </trkpt>
      <trkpt lat="45.164436" lon="13.665897">
        <ele>79.2</ele>
      </trkpt>
      <trkpt lat="45.164394" lon="13.665733">
        <ele>79.0</ele>
      </trkpt>
      <trkpt lat="45.164364" lon="13.665714">
        <ele>78.7</ele>
      </trkpt>
      <trkpt lat="45.164364" lon="13.665784">
        <ele>78.7</ele>
      </trkpt>
      <trkpt lat="45.164379" lon="13.665833">
        <ele>78.7</ele>
      </trkpt>
      <trkpt lat="45.164394" lon="13.665835">
        <ele>78.7</ele>
      </trkpt>
      <trkpt lat="45.164402" lon="13.665817">
        <ele>78.7</ele>
      </trkpt>
      <trkpt lat="45.164391" lon="13.665606">
        <ele>78.6</ele>
      </trkpt>
      <trkpt lat="45.164356" lon="13.665471">
        <ele>78.3</ele>
      </trkpt>
      <trkpt lat="45.164341" lon="13.665463">
        <ele>78.2</ele>
      </trkpt>
      <trkpt lat="45.164333" lon="13.665527">
        <ele>78.2</ele>
      </trkpt>
      <trkpt lat="45.164391" lon="13.665976">
        <ele>78.3</ele>
      </trkpt>
      <trkpt lat="45.164368" lon="13.666262">
        <ele>79.2</ele>
      </trkpt>
      <trkpt lat="45.164322" lon="13.666426">
        <ele>79.6</ele>
      </trkpt>
      <trkpt lat="45.16423" lon="13.666656">
        <ele>80.3</ele>
      </trkpt>
      <trkpt lat="45.164165" lon="13.666749">
        <ele>80.7</ele>
      </trkpt>
      <trkpt lat="45.164143" lon="13.666759">
        <ele>81.0</ele>
      </trkpt>
      <trkpt lat="45.16412" lon="13.666745">
        <ele>81.0</ele>
      </trkpt>
      <trkpt lat="45.16412" lon="13.666718">
        <ele>81.2</ele>
      </trkpt>
      <trkpt lat="45.164127" lon="13.666699">
        <ele>81.2</ele>
      </trkpt>
      <trkpt lat="45.164238" lon="13.666698">
        <ele>81.3</ele>
      </trkpt>
      <trkpt lat="45.164272" lon="13.666671">
        <ele>81.3</ele>
      </trkpt>
      <trkpt lat="45.16428" lon="13.666622">
        <ele>81.3</ele>
      </trkpt>
      <trkpt lat="45.164265" lon="13.666595">
        <ele>81.2</ele>
      </trkpt>
      <trkpt lat="45.164204" lon="13.666671">
        <ele>81.0</ele>
      </trkpt>
      <trkpt lat="45.164131" lon="13.666677">
        <ele>81.2</ele>
      </trkpt>
      <trkpt lat="45.164101" lon="13.666759">
        <ele>81.2</ele>
      </trkpt>
      <trkpt lat="45.164085" lon="13.666762">
        <ele>81.2</ele>
      </trkpt>
      <trkpt lat="45.164074" lon="13.666745">
        <ele>81.2</ele>
      </trkpt>
      <trkpt lat="45.164093" lon="13.666693">
        <ele>81.2</ele>
      </trkpt>
      <trkpt lat="45.164146" lon="13.666669">
        <ele>81.0</ele>
      </trkpt>
      <trkpt lat="45.164162" lon="13.666696">
        <ele>81.2</ele>
      </trkpt>
      <trkpt lat="45.164135" lon="13.666825">
        <ele>81.3</ele>
      </trkpt>
      <trkpt lat="45.164101" lon="13.666891">
        <ele>81.6</ele>
      </trkpt>
      <trkpt lat="45.163597" lon="13.667726">
        <ele>81.6</ele>
      </trkpt>
      <trkpt lat="45.16309" lon="13.668454">
        <ele>82.3</ele>
      </trkpt>
      <trkpt lat="45.162979" lon="13.668735">
        <ele>82.3</ele>
      </trkpt>
      <trkpt lat="45.162895" lon="13.669178">
        <ele>82.7</ele>
      </trkpt>
      <trkpt lat="45.162952" lon="13.669091">
        <ele>82.7</ele>
      </trkpt>
      <trkpt lat="45.163002" lon="13.668838">
        <ele>82.2</ele>
      </trkpt>
      <trkpt lat="45.163067" lon="13.668639">
        <ele>82.0</ele>
      </trkpt>
      <trkpt lat="45.163204" lon="13.668361">
        <ele>81.7</ele>
      </trkpt>
      <trkpt lat="45.163628" lon="13.667754">
        <ele>81.7</ele>
      </trkpt>
      <trkpt lat="45.164135" lon="13.666908">
        <ele>81.6</ele>
      </trkpt>
      <trkpt lat="45.164268" lon="13.666722">
        <ele>81.6</ele>
      </trkpt>
      <trkpt lat="45.164322" lon="13.666704">
        <ele>81.6</ele>
      </trkpt>
      <trkpt lat="45.16423" lon="13.666679">
        <ele>82.2</ele>
      </trkpt>
      <trkpt lat="45.164215" lon="13.666696">
        <ele>82.0</ele>
      </trkpt>
      <trkpt lat="45.163612" lon="13.667706">
        <ele>83.7</ele>
      </trkpt>
      <trkpt lat="45.163185" lon="13.668305">
        <ele>82.3</ele>
      </trkpt>
      <trkpt lat="45.163063" lon="13.668505">
        <ele>82.7</ele>
      </trkpt>
      <trkpt lat="45.162971" lon="13.668753">
        <ele>82.7</ele>
      </trkpt>
      <trkpt lat="45.162937" lon="13.668893">
        <ele>82.7</ele>
      </trkpt>
      <trkpt lat="45.162907" lon="13.669114">
        <ele>82.6</ele>
      </trkpt>
      <trkpt lat="45.162876" lon="13.66959">
        <ele>82.3</ele>
      </trkpt>
      <trkpt lat="45.162823" lon="13.66982">
        <ele>82.3</ele>
      </trkpt>
      <trkpt lat="45.162281" lon="13.671055">
        <ele>82.3</ele>
      </trkpt>
      <trkpt lat="45.161861" lon="13.67216">
        <ele>84.2</ele>
      </trkpt>
      <trkpt lat="45.161777" lon="13.672488">
        <ele>84.6</ele>
      </trkpt>
      <trkpt lat="45.161762" lon="13.674143">
        <ele>84.2</ele>
      </trkpt>
      <trkpt lat="45.161728" lon="13.674522">
        <ele>84.0</ele>
      </trkpt>
      <trkpt lat="45.161552" lon="13.675543">
        <ele>83.6</ele>
      </trkpt>
      <trkpt lat="45.161518" lon="13.676114">
        <ele>83.6</ele>
      </trkpt>
      <trkpt lat="45.161514" lon="13.677153">
        <ele>84.2</ele>
      </trkpt>
      <trkpt lat="45.161541" lon="13.677884">
        <ele>85.6</ele>
      </trkpt>
      <trkpt lat="45.16153" lon="13.678098">
        <ele>86.0</ele>
      </trkpt>
      <trkpt lat="45.161526" lon="13.681906">
        <ele>95.2</ele>
      </trkpt>
      <trkpt lat="45.161533" lon="13.682082">
        <ele>95.6</ele>
      </trkpt>
      <trkpt lat="45.161575" lon="13.682293">
        <ele>96.7</ele>
      </trkpt>
      <trkpt lat="45.161839" lon="13.682874">
        <ele>100.0</ele>
      </trkpt>
      <trkpt lat="45.161926" lon="13.683153">
        <ele>101.6</ele>
      </trkpt>
      <trkpt lat="45.161957" lon="13.68339">
        <ele>102.3</ele>
      </trkpt>
      <trkpt lat="45.161968" lon="13.683685">
        <ele>103.0</ele>
      </trkpt>
      <trkpt lat="45.162014" lon="13.684182">
        <ele>103.0</ele>
      </trkpt>
      <trkpt lat="45.161976" lon="13.684696">
        <ele>102.6</ele>
      </trkpt>
      <trkpt lat="45.161613" lon="13.687168">
        <ele>101.7</ele>
      </trkpt>
      <trkpt lat="45.161564" lon="13.687413">
        <ele>102.0</ele>
      </trkpt>
      <trkpt lat="45.161465" lon="13.687716">
        <ele>102.3</ele>
      </trkpt>
      <trkpt lat="45.161324" lon="13.688049">
        <ele>103.3</ele>
      </trkpt>
      <trkpt lat="45.161194" lon="13.688268">
        <ele>104.6</ele>
      </trkpt>
      <trkpt lat="45.16032" lon="13.689397">
        <ele>104.7</ele>
      </trkpt>
      <trkpt lat="45.15987" lon="13.690009">
        <ele>105.3</ele>
      </trkpt>
      <trkpt lat="45.159603" lon="13.690596">
        <ele>106.6</ele>
      </trkpt>
      <trkpt lat="45.159386" lon="13.691452">
        <ele>107.2</ele>
      </trkpt>
      <trkpt lat="45.159344" lon="13.69283">
        <ele>108.6</ele>
      </trkpt>
      <trkpt lat="45.159126" lon="13.694102">
        <ele>111.3</ele>
      </trkpt>
      <trkpt lat="45.159119" lon="13.694366">
        <ele>111.6</ele>
      </trkpt>
      <trkpt lat="45.159172" lon="13.694821">
        <ele>111.6</ele>
      </trkpt>
      <trkpt lat="45.159313" lon="13.695456">
        <ele>112.0</ele>
      </trkpt>
      <trkpt lat="45.159439" lon="13.695853">
        <ele>112.0</ele>
      </trkpt>
      <trkpt lat="45.159653" lon="13.6963">
        <ele>112.0</ele>
      </trkpt>
      <trkpt lat="45.159756" lon="13.696723">
        <ele>113.0</ele>
      </trkpt>
      <trkpt lat="45.159775" lon="13.696913">
        <ele>113.3</ele>
      </trkpt>
      <trkpt lat="45.159824" lon="13.698412">
        <ele>117.0</ele>
      </trkpt>
      <trkpt lat="45.159874" lon="13.698732">
        <ele>118.0</ele>
      </trkpt>
      <trkpt lat="45.159966" lon="13.699154">
        <ele>118.7</ele>
      </trkpt>
      <trkpt lat="45.160027" lon="13.699562">
        <ele>120.0</ele>
      </trkpt>
      <trkpt lat="45.160034" lon="13.699714">
        <ele>120.3</ele>
      </trkpt>
      <trkpt lat="45.160015" lon="13.699893">
        <ele>121.3</ele>
      </trkpt>
      <trkpt lat="45.159935" lon="13.700268">
        <ele>123.2</ele>
      </trkpt>
      <trkpt lat="45.159786" lon="13.700815">
        <ele>125.2</ele>
      </trkpt>
      <trkpt lat="45.159756" lon="13.701054">
        <ele>125.7</ele>
      </trkpt>
      <trkpt lat="45.159786" lon="13.701562">
        <ele>127.6</ele>
      </trkpt>
      <trkpt lat="45.159779" lon="13.702248">
        <ele>131.0</ele>
      </trkpt>
      <trkpt lat="45.159809" lon="13.702688">
        <ele>133.0</ele>
      </trkpt>
      <trkpt lat="45.159878" lon="13.703274">
        <ele>135.0</ele>
      </trkpt>
      <trkpt lat="45.159863" lon="13.703574">
        <ele>136.3</ele>
      </trkpt>
      <trkpt lat="45.159813" lon="13.703854">
        <ele>137.0</ele>
      </trkpt>
      <trkpt lat="45.159706" lon="13.704205">
        <ele>138.0</ele>
      </trkpt>
      <trkpt lat="45.159454" lon="13.704818">
        <ele>140.6</ele>
      </trkpt>
      <trkpt lat="45.159363" lon="13.705001">
        <ele>141.3</ele>
      </trkpt>
      <trkpt lat="45.159256" lon="13.705146">
        <ele>142.3</ele>
      </trkpt>
      <trkpt lat="45.159168" lon="13.705226">
        <ele>143.3</ele>
      </trkpt>
      <trkpt lat="45.159046" lon="13.705303">
        <ele>144.3</ele>
      </trkpt>
      <trkpt lat="45.158749" lon="13.705449">
        <ele>146.0</ele>
      </trkpt>
      <trkpt lat="45.158615" lon="13.705543">
        <ele>146.7</ele>
      </trkpt>
      <trkpt lat="45.15852" lon="13.705649">
        <ele>147.3</ele>
      </trkpt>
      <trkpt lat="45.158451" lon="13.705812">
        <ele>147.6</ele>
      </trkpt>
      <trkpt lat="45.158398" lon="13.706066">
        <ele>148.0</ele>
      </trkpt>
      <trkpt lat="45.158329" lon="13.706794">
        <ele>148.0</ele>
      </trkpt>
      <trkpt lat="45.15834" lon="13.706985">
        <ele>147.7</ele>
      </trkpt>
      <trkpt lat="45.158379" lon="13.707189">
        <ele>148.0</ele>
      </trkpt>
      <trkpt lat="45.158371" lon="13.707332">
        <ele>148.0</ele>
      </trkpt>
      <trkpt lat="45.158325" lon="13.707522">
        <ele>147.7</ele>
      </trkpt>
      <trkpt lat="45.158195" lon="13.707805">
        <ele>146.7</ele>
      </trkpt>
      <trkpt lat="45.158161" lon="13.707943">
        <ele>146.3</ele>
      </trkpt>
      <trkpt lat="45.158005" lon="13.708373">
        <ele>145.0</ele>
      </trkpt>
      <trkpt lat="45.157875" lon="13.708899">
        <ele>144.3</ele>
      </trkpt>
      <trkpt lat="45.157558" lon="13.711437">
        <ele>132.3</ele>
      </trkpt>
      <trkpt lat="45.157402" lon="13.713037">
        <ele>128.7</ele>
      </trkpt>
      <trkpt lat="45.157398" lon="13.713469">
        <ele>129.0</ele>
      </trkpt>
      <trkpt lat="45.157421" lon="13.713675">
        <ele>129.7</ele>
      </trkpt>
      <trkpt lat="45.157574" lon="13.71454">
        <ele>128.6</ele>
      </trkpt>
      <trkpt lat="45.157787" lon="13.71602">
        <ele>130.0</ele>
      </trkpt>
      <trkpt lat="45.15789" lon="13.716587">
        <ele>131.7</ele>
      </trkpt>
      <trkpt lat="45.157936" lon="13.717342">
        <ele>135.6</ele>
      </trkpt>
      <trkpt lat="45.157997" lon="13.717822">
        <ele>136.2</ele>
      </trkpt>
      <trkpt lat="45.158249" lon="13.719049">
        <ele>134.0</ele>
      </trkpt>
      <trkpt lat="45.15834" lon="13.719426">
        <ele>135.2</ele>
      </trkpt>
      <trkpt lat="45.158451" lon="13.720053">
        <ele>137.0</ele>
      </trkpt>
      <trkpt lat="45.158482" lon="13.720366">
        <ele>137.6</ele>
      </trkpt>
      <trkpt lat="45.158485" lon="13.72078">
        <ele>138.3</ele>
      </trkpt>
      <trkpt lat="45.158512" lon="13.721051">
        <ele>139.2</ele>
      </trkpt>
      <trkpt lat="45.158672" lon="13.721756">
        <ele>140.2</ele>
      </trkpt>
      <trkpt lat="45.158897" lon="13.722592">
        <ele>141.3</ele>
      </trkpt>
      <trkpt lat="45.159012" lon="13.722965">
        <ele>142.7</ele>
      </trkpt>
      <trkpt lat="45.159286" lon="13.723664">
        <ele>143.2</ele>
      </trkpt>
      <trkpt lat="45.159489" lon="13.724277">
        <ele>144.3</ele>
      </trkpt>
      <trkpt lat="45.159527" lon="13.724555">
        <ele>146.0</ele>
      </trkpt>
      <trkpt lat="45.159531" lon="13.724693">
        <ele>146.3</ele>
      </trkpt>
      <trkpt lat="45.159466" lon="13.725491">
        <ele>146.0</ele>
      </trkpt>
      <trkpt lat="45.159374" lon="13.726182">
        <ele>144.6</ele>
      </trkpt>
      <trkpt lat="45.159161" lon="13.727489">
        <ele>140.7</ele>
      </trkpt>
      <trkpt lat="45.159058" lon="13.727921">
        <ele>140.2</ele>
      </trkpt>
      <trkpt lat="45.158817" lon="13.728747">
        <ele>140.6</ele>
      </trkpt>
      <trkpt lat="45.158768" lon="13.729066">
        <ele>140.2</ele>
      </trkpt>
      <trkpt lat="45.158794" lon="13.72942">
        <ele>139.4</ele>
      </trkpt>
      <trkpt lat="45.158993" lon="13.73055">
        <ele>137.6</ele>
      </trkpt>
      <trkpt lat="45.159111" lon="13.731323">
        <ele>136.0</ele>
      </trkpt>
      <trkpt lat="45.15926" lon="13.731984">
        <ele>135.3</ele>
      </trkpt>
      <trkpt lat="45.159302" lon="13.732267">
        <ele>135.3</ele>
      </trkpt>
      <trkpt lat="45.15929" lon="13.732539">
        <ele>135.6</ele>
      </trkpt>
      <trkpt lat="45.159138" lon="13.733234">
        <ele>139.3</ele>
      </trkpt>
      <trkpt lat="45.159088" lon="13.733683">
        <ele>140.7</ele>
      </trkpt>
      <trkpt lat="45.1591" lon="13.733953">
        <ele>141.6</ele>
      </trkpt>
      <trkpt lat="45.159142" lon="13.734213">
        <ele>142.0</ele>
      </trkpt>
      <trkpt lat="45.159191" lon="13.734351">
        <ele>142.2</ele>
      </trkpt>
      <trkpt lat="45.159393" lon="13.734743">
        <ele>143.7</ele>
      </trkpt>
      <trkpt lat="45.159435" lon="13.734976">
        <ele>144.3</ele>
      </trkpt>
      <trkpt lat="45.159428" lon="13.735184">
        <ele>144.7</ele>
      </trkpt>
      <trkpt lat="45.159382" lon="13.73559">
        <ele>145.7</ele>
      </trkpt>
      <trkpt lat="45.159248" lon="13.736063">
        <ele>145.7</ele>
      </trkpt>
      <trkpt lat="45.159222" lon="13.736279">
        <ele>145.6</ele>
      </trkpt>
      <trkpt lat="45.159218" lon="13.736646">
        <ele>144.7</ele>
      </trkpt>
      <trkpt lat="45.159248" lon="13.736996">
        <ele>144.6</ele>
      </trkpt>
      <trkpt lat="45.159332" lon="13.737246">
        <ele>144.6</ele>
      </trkpt>
      <trkpt lat="45.159496" lon="13.737633">
        <ele>144.0</ele>
      </trkpt>
      <trkpt lat="45.159615" lon="13.738001">
        <ele>143.7</ele>
      </trkpt>
      <trkpt lat="45.15974" lon="13.738774">
        <ele>143.2</ele>
      </trkpt>
      <trkpt lat="45.159843" lon="13.739219">
        <ele>143.3</ele>
      </trkpt>
      <trkpt lat="45.159977" lon="13.739509">
        <ele>143.0</ele>
      </trkpt>
      <trkpt lat="45.160378" lon="13.740224">
        <ele>140.0</ele>
      </trkpt>
      <trkpt lat="45.160877" lon="13.741165">
        <ele>136.0</ele>
      </trkpt>
      <trkpt lat="45.161022" lon="13.741407">
        <ele>135.2</ele>
      </trkpt>
      <trkpt lat="45.161144" lon="13.741529">
        <ele>134.6</ele>
      </trkpt>
      <trkpt lat="45.161362" lon="13.74167">
        <ele>133.7</ele>
      </trkpt>
      <trkpt lat="45.161652" lon="13.741818">
        <ele>132.7</ele>
      </trkpt>
      <trkpt lat="45.161865" lon="13.741885">
        <ele>132.3</ele>
      </trkpt>
      <trkpt lat="45.162136" lon="13.741921">
        <ele>132.3</ele>
      </trkpt>
      <trkpt lat="45.162445" lon="13.741885">
        <ele>132.7</ele>
      </trkpt>
      <trkpt lat="45.162949" lon="13.741695">
        <ele>134.2</ele>
      </trkpt>
      <trkpt lat="45.163197" lon="13.741641">
        <ele>135.3</ele>
      </trkpt>
      <trkpt lat="45.163349" lon="13.741642">
        <ele>136.0</ele>
      </trkpt>
      <trkpt lat="45.163494" lon="13.741693">
        <ele>136.7</ele>
      </trkpt>
      <trkpt lat="45.163837" lon="13.741924">
        <ele>140.6</ele>
      </trkpt>
      <trkpt lat="45.16423" lon="13.742115">
        <ele>143.0</ele>
      </trkpt>
      <trkpt lat="45.16449" lon="13.742329">
        <ele>143.6</ele>
      </trkpt>
      <trkpt lat="45.164711" lon="13.742401">
        <ele>143.7</ele>
      </trkpt>
      <trkpt lat="45.164921" lon="13.74255">
        <ele>144.2</ele>
      </trkpt>
      <trkpt lat="45.165142" lon="13.742763">
        <ele>145.3</ele>
      </trkpt>
      <trkpt lat="45.165379" lon="13.743022">
        <ele>146.7</ele>
      </trkpt>
      <trkpt lat="45.16584" lon="13.743612">
        <ele>148.3</ele>
      </trkpt>
      <trkpt lat="45.166653" lon="13.744254">
        <ele>151.6</ele>
      </trkpt>
      <trkpt lat="45.166759" lon="13.744304">
        <ele>152.2</ele>
      </trkpt>
      <trkpt lat="45.167309" lon="13.744442">
        <ele>154.2</ele>
      </trkpt>
      <trkpt lat="45.167427" lon="13.744486">
        <ele>154.7</ele>
      </trkpt>
      <trkpt lat="45.167538" lon="13.744551">
        <ele>155.2</ele>
      </trkpt>
      <trkpt lat="45.167709" lon="13.744694">
        <ele>155.7</ele>
      </trkpt>
      <trkpt lat="45.16782" lon="13.744751">
        <ele>156.2</ele>
      </trkpt>
      <trkpt lat="45.168137" lon="13.744785">
        <ele>157.2</ele>
      </trkpt>
      <trkpt lat="45.168285" lon="13.744834">
        <ele>157.7</ele>
      </trkpt>
      <trkpt lat="45.168728" lon="13.74504">
        <ele>159.6</ele>
      </trkpt>
      <trkpt lat="45.168793" lon="13.745084">
        <ele>160.0</ele>
      </trkpt>
      <trkpt lat="45.168896" lon="13.745119">
        <ele>160.2</ele>
      </trkpt>
      <trkpt lat="45.16909" lon="13.745228">
        <ele>160.0</ele>
      </trkpt>
      <trkpt lat="45.169605" lon="13.745459">
        <ele>159.7</ele>
      </trkpt>
      <trkpt lat="45.17017" lon="13.745818">
        <ele>161.3</ele>
      </trkpt>
      <trkpt lat="45.17041" lon="13.745938">
        <ele>162.7</ele>
      </trkpt>
      <trkpt lat="45.170532" lon="13.746043">
        <ele>163.2</ele>
      </trkpt>
      <trkpt lat="45.170742" lon="13.746178">
        <ele>164.3</ele>
      </trkpt>
      <trkpt lat="45.170872" lon="13.746306">
        <ele>165.0</ele>
      </trkpt>
      <trkpt lat="45.171043" lon="13.746565">
        <ele>166.3</ele>
      </trkpt>
      <trkpt lat="45.171112" lon="13.746629">
        <ele>166.7</ele>
      </trkpt>
      <trkpt lat="45.171211" lon="13.746689">
        <ele>167.3</ele>
      </trkpt>
      <trkpt lat="45.171295" lon="13.746698">
        <ele>168.0</ele>
      </trkpt>
      <trkpt lat="45.171593" lon="13.746782">
        <ele>169.0</ele>
      </trkpt>
      <trkpt lat="45.17207" lon="13.746873">
        <ele>171.2</ele>
      </trkpt>
      <trkpt lat="45.172287" lon="13.746944">
        <ele>172.2</ele>
      </trkpt>
      <trkpt lat="45.172665" lon="13.747032">
        <ele>174.7</ele>
      </trkpt>
      <trkpt lat="45.173107" lon="13.747114">
        <ele>178.7</ele>
      </trkpt>
      <trkpt lat="45.173332" lon="13.74714">
        <ele>181.2</ele>
      </trkpt>
      <trkpt lat="45.173386" lon="13.747212">
        <ele>182.3</ele>
      </trkpt>
      <trkpt lat="45.173393" lon="13.747296">
        <ele>183.0</ele>
      </trkpt>
      <trkpt lat="45.17326" lon="13.7478">
        <ele>182.7</ele>
      </trkpt>
      <trkpt lat="45.173012" lon="13.748572">
        <ele>180.7</ele>
      </trkpt>
      <trkpt lat="45.172771" lon="13.74949">
        <ele>178.6</ele>
      </trkpt>
      <trkpt lat="45.172672" lon="13.749973">
        <ele>177.7</ele>
      </trkpt>
      <trkpt lat="45.172554" lon="13.750809">
        <ele>176.3</ele>
      </trkpt>
      <trkpt lat="45.172508" lon="13.751023">
        <ele>176.0</ele>
      </trkpt>
      <trkpt lat="45.172405" lon="13.751319">
        <ele>175.3</ele>
      </trkpt>
      <trkpt lat="45.172314" lon="13.751509">
        <ele>175.2</ele>
      </trkpt>
      <trkpt lat="45.172157" lon="13.751769">
        <ele>175.2</ele>
      </trkpt>
      <trkpt lat="45.172039" lon="13.751905">
        <ele>175.2</ele>
      </trkpt>
      <trkpt lat="45.171974" lon="13.751956">
        <ele>175.2</ele>
      </trkpt>
      <trkpt lat="45.17141" lon="13.752199">
        <ele>174.6</ele>
      </trkpt>
      <trkpt lat="45.171146" lon="13.75234">
        <ele>174.3</ele>
      </trkpt>
      <trkpt lat="45.170971" lon="13.752463">
        <ele>174.2</ele>
      </trkpt>
      <trkpt lat="45.170677" lon="13.752725">
        <ele>173.7</ele>
      </trkpt>
      <trkpt lat="45.170498" lon="13.752913">
        <ele>173.6</ele>
      </trkpt>
      <trkpt lat="45.170326" lon="13.753117">
        <ele>173.6</ele>
      </trkpt>
      <trkpt lat="45.170082" lon="13.753455">
        <ele>174.2</ele>
      </trkpt>
      <trkpt lat="45.169888" lon="13.753639">
        <ele>175.0</ele>
      </trkpt>
      <trkpt lat="45.169678" lon="13.753764">
        <ele>175.7</ele>
      </trkpt>
      <trkpt lat="45.169098" lon="13.753976">
        <ele>178.6</ele>
      </trkpt>
      <trkpt lat="45.16901" lon="13.754034">
        <ele>178.7</ele>
      </trkpt>
      <trkpt lat="45.168926" lon="13.754119">
        <ele>179.0</ele>
      </trkpt>
      <trkpt lat="45.168777" lon="13.754329">
        <ele>179.2</ele>
      </trkpt>
      <trkpt lat="45.16869" lon="13.754506">
        <ele>179.3</ele>
      </trkpt>
      <trkpt lat="45.168236" lon="13.756248">
        <ele>177.6</ele>
      </trkpt>
      <trkpt lat="45.168156" lon="13.756485">
        <ele>178.0</ele>
      </trkpt>
      <trkpt lat="45.168037" lon="13.75668">
        <ele>178.3</ele>
      </trkpt>
      <trkpt lat="45.167664" lon="13.75703">
        <ele>178.3</ele>
      </trkpt>
      <trkpt lat="45.167091" lon="13.757497">
        <ele>178.0</ele>
      </trkpt>
      <trkpt lat="45.16687" lon="13.757717">
        <ele>177.6</ele>
      </trkpt>
      <trkpt lat="45.166725" lon="13.757894">
        <ele>177.7</ele>
      </trkpt>
      <trkpt lat="45.166542" lon="13.758158">
        <ele>178.0</ele>
      </trkpt>
      <trkpt lat="45.166023" lon="13.759076">
        <ele>178.0</ele>
      </trkpt>
      <trkpt lat="45.165852" lon="13.759328">
        <ele>178.2</ele>
      </trkpt>
      <trkpt lat="45.165466" lon="13.759759">
        <ele>178.7</ele>
      </trkpt>
      <trkpt lat="45.164093" lon="13.761174">
        <ele>182.3</ele>
      </trkpt>
      <trkpt lat="45.163914" lon="13.76142">
        <ele>183.7</ele>
      </trkpt>
      <trkpt lat="45.163742" lon="13.761717">
        <ele>185.7</ele>
      </trkpt>
      <trkpt lat="45.16362" lon="13.761857">
        <ele>187.0</ele>
      </trkpt>
      <trkpt lat="45.163372" lon="13.762114">
        <ele>189.2</ele>
      </trkpt>
      <trkpt lat="45.163055" lon="13.762383">
        <ele>192.2</ele>
      </trkpt>
      <trkpt lat="45.162922" lon="13.762599">
        <ele>193.3</ele>
      </trkpt>
      <trkpt lat="45.162804" lon="13.762875">
        <ele>194.3</ele>
      </trkpt>
      <trkpt lat="45.162766" lon="13.763001">
        <ele>194.6</ele>
      </trkpt>
      <trkpt lat="45.162487" lon="13.763597">
        <ele>196.7</ele>
      </trkpt>
      <trkpt lat="45.162319" lon="13.763863">
        <ele>198.0</ele>
      </trkpt>
      <trkpt lat="45.16206" lon="13.764179">
        <ele>199.6</ele>
      </trkpt>
      <trkpt lat="45.161346" lon="13.764941">
        <ele>204.0</ele>
      </trkpt>
      <trkpt lat="45.161133" lon="13.76513">
        <ele>205.4</ele>
      </trkpt>
      <trkpt lat="45.160606" lon="13.765532">
        <ele>208.7</ele>
      </trkpt>
      <trkpt lat="45.160213" lon="13.765917">
        <ele>210.7</ele>
      </trkpt>
      <trkpt lat="45.160084" lon="13.766">
        <ele>211.4</ele>
      </trkpt>
      <trkpt lat="45.159782" lon="13.766032">
        <ele>212.7</ele>
      </trkpt>
      <trkpt lat="45.159733" lon="13.766075">
        <ele>213.0</ele>
      </trkpt>
      <trkpt lat="45.159695" lon="13.766143">
        <ele>213.0</ele>
      </trkpt>
      <trkpt lat="45.159607" lon="13.766633">
        <ele>214.4</ele>
      </trkpt>
      <trkpt lat="45.159584" lon="13.766903">
        <ele>215.2</ele>
      </trkpt>
      <trkpt lat="45.159477" lon="13.767465">
        <ele>217.4</ele>
      </trkpt>
      <trkpt lat="45.159389" lon="13.767738">
        <ele>218.2</ele>
      </trkpt>
      <trkpt lat="45.159317" lon="13.7679">
        <ele>218.7</ele>
      </trkpt>
      <trkpt lat="45.15926" lon="13.768142">
        <ele>219.6</ele>
      </trkpt>
      <trkpt lat="45.159035" lon="13.770689">
        <ele>225.2</ele>
      </trkpt>
      <trkpt lat="45.158955" lon="13.771155">
        <ele>226.2</ele>
      </trkpt>
      <trkpt lat="45.158661" lon="13.772449">
        <ele>229.2</ele>
      </trkpt>
      <trkpt lat="45.158592" lon="13.772823">
        <ele>230.0</ele>
      </trkpt>
      <trkpt lat="45.158463" lon="13.773382">
        <ele>231.6</ele>
      </trkpt>
      <trkpt lat="45.158401" lon="13.773575">
        <ele>232.0</ele>
      </trkpt>
      <trkpt lat="45.157837" lon="13.77472">
        <ele>232.0</ele>
      </trkpt>
      <trkpt lat="45.15773" lon="13.775007">
        <ele>231.7</ele>
      </trkpt>
      <trkpt lat="45.157627" lon="13.775385">
        <ele>231.2</ele>
      </trkpt>
      <trkpt lat="45.15741" lon="13.776467">
        <ele>229.7</ele>
      </trkpt>
      <trkpt lat="45.157303" lon="13.776917">
        <ele>229.4</ele>
      </trkpt>
      <trkpt lat="45.157207" lon="13.777535">
        <ele>229.4</ele>
      </trkpt>
      <trkpt lat="45.157047" lon="13.779487">
        <ele>230.2</ele>
      </trkpt>
      <trkpt lat="45.157051" lon="13.779667">
        <ele>230.4</ele>
      </trkpt>
      <trkpt lat="45.157261" lon="13.781703">
        <ele>232.7</ele>
      </trkpt>
      <trkpt lat="45.15741" lon="13.783415">
        <ele>234.2</ele>
      </trkpt>
      <trkpt lat="45.157513" lon="13.784357">
        <ele>235.0</ele>
      </trkpt>
      <trkpt lat="45.157536" lon="13.784721">
        <ele>235.4</ele>
      </trkpt>
      <trkpt lat="45.15752" lon="13.784948">
        <ele>235.4</ele>
      </trkpt>
      <trkpt lat="45.157413" lon="13.785652">
        <ele>236.0</ele>
      </trkpt>
      <trkpt lat="45.157238" lon="13.786573">
        <ele>236.6</ele>
      </trkpt>
      <trkpt lat="45.157055" lon="13.787715">
        <ele>238.0</ele>
      </trkpt>
      <trkpt lat="45.156925" lon="13.788426">
        <ele>238.0</ele>
      </trkpt>
      <trkpt lat="45.15686" lon="13.788692">
        <ele>237.7</ele>
      </trkpt>
      <trkpt lat="45.156811" lon="13.789062">
        <ele>238.0</ele>
      </trkpt>
      <trkpt lat="45.156631" lon="13.789992">
        <ele>235.7</ele>
      </trkpt>
      <trkpt lat="45.156406" lon="13.79145">
        <ele>232.6</ele>
      </trkpt>
      <trkpt lat="45.156219" lon="13.792446">
        <ele>231.7</ele>
      </trkpt>
      <trkpt lat="45.156147" lon="13.792983">
        <ele>232.7</ele>
      </trkpt>
      <trkpt lat="45.156052" lon="13.794474">
        <ele>235.7</ele>
      </trkpt>
      <trkpt lat="45.156094" lon="13.795855">
        <ele>237.4</ele>
      </trkpt>
      <trkpt lat="45.156086" lon="13.796043">
        <ele>237.6</ele>
      </trkpt>
      <trkpt lat="45.15593" lon="13.796745">
        <ele>238.6</ele>
      </trkpt>
      <trkpt lat="45.15588" lon="13.797183">
        <ele>239.4</ele>
      </trkpt>
      <trkpt lat="45.15601" lon="13.798496">
        <ele>241.4</ele>
      </trkpt>
      <trkpt lat="45.156017" lon="13.798936">
        <ele>243.0</ele>
      </trkpt>
      <trkpt lat="45.15601" lon="13.799259">
        <ele>244.6</ele>
      </trkpt>
      <trkpt lat="45.155983" lon="13.799541">
        <ele>245.6</ele>
      </trkpt>
      <trkpt lat="45.155983" lon="13.799911">
        <ele>246.7</ele>
      </trkpt>
      <trkpt lat="45.156002" lon="13.8002">
        <ele>247.6</ele>
      </trkpt>
      <trkpt lat="45.156052" lon="13.800529">
        <ele>248.4</ele>
      </trkpt>
      <trkpt lat="45.156063" lon="13.800832">
        <ele>249.4</ele>
      </trkpt>
      <trkpt lat="45.156052" lon="13.800982">
        <ele>250.0</ele>
      </trkpt>
      <trkpt lat="45.155888" lon="13.801489">
        <ele>250.7</ele>
      </trkpt>
      <trkpt lat="45.15559" lon="13.802204">
        <ele>252.7</ele>
      </trkpt>
      <trkpt lat="45.155472" lon="13.802549">
        <ele>253.6</ele>
      </trkpt>
      <trkpt lat="45.155399" lon="13.803177">
        <ele>255.2</ele>
      </trkpt>
      <trkpt lat="45.155354" lon="13.803835">
        <ele>256.0</ele>
      </trkpt>
      <trkpt lat="45.155254" lon="13.804486">
        <ele>257.6</ele>
      </trkpt>
      <trkpt lat="45.155205" lon="13.804682">
        <ele>258.0</ele>
      </trkpt>
      <trkpt lat="45.155064" lon="13.805049">
        <ele>257.4</ele>
      </trkpt>
      <trkpt lat="45.154556" lon="13.806084">
        <ele>257.0</ele>
      </trkpt>
      <trkpt lat="45.154251" lon="13.806664">
        <ele>257.0</ele>
      </trkpt>
      <trkpt lat="45.153976" lon="13.807326">
        <ele>257.4</ele>
      </trkpt>
      <trkpt lat="45.153904" lon="13.807565">
        <ele>257.6</ele>
      </trkpt>
      <trkpt lat="45.153873" lon="13.807697">
        <ele>257.6</ele>
      </trkpt>
      <trkpt lat="45.153824" lon="13.808123">
        <ele>258.2</ele>
      </trkpt>
      <trkpt lat="45.153893" lon="13.808825">
        <ele>259.7</ele>
      </trkpt>
      <trkpt lat="45.153908" lon="13.809297">
        <ele>260.7</ele>
      </trkpt>
      <trkpt lat="45.153881" lon="13.809653">
        <ele>261.7</ele>
      </trkpt>
      <trkpt lat="45.153786" lon="13.810037">
        <ele>261.7</ele>
      </trkpt>
      <trkpt lat="45.153683" lon="13.810346">
        <ele>261.6</ele>
      </trkpt>
      <trkpt lat="45.153511" lon="13.810735">
        <ele>261.7</ele>
      </trkpt>
      <trkpt lat="45.153439" lon="13.81085">
        <ele>261.7</ele>
      </trkpt>
      <trkpt lat="45.153221" lon="13.811118">
        <ele>262.0</ele>
      </trkpt>
      <trkpt lat="45.153095" lon="13.811239">
        <ele>261.6</ele>
      </trkpt>
      <trkpt lat="45.152889" lon="13.811396">
        <ele>261.7</ele>
      </trkpt>
      <trkpt lat="45.152645" lon="13.811527">
        <ele>262.6</ele>
      </trkpt>
      <trkpt lat="45.152412" lon="13.811694">
        <ele>264.2</ele>
      </trkpt>
      <trkpt lat="45.152119" lon="13.81216">
        <ele>266.6</ele>
      </trkpt>
      <trkpt lat="45.152" lon="13.812241">
        <ele>267.2</ele>
      </trkpt>
      <trkpt lat="45.151863" lon="13.812228">
        <ele>267.6</ele>
      </trkpt>
      <trkpt lat="45.151768" lon="13.812179">
        <ele>268.2</ele>
      </trkpt>
      <trkpt lat="45.151714" lon="13.812131">
        <ele>268.4</ele>
      </trkpt>
      <trkpt lat="45.151627" lon="13.811984">
        <ele>269.0</ele>
      </trkpt>
      <trkpt lat="45.151405" lon="13.811424">
        <ele>270.7</ele>
      </trkpt>
      <trkpt lat="45.151283" lon="13.811278">
        <ele>271.6</ele>
      </trkpt>
      <trkpt lat="45.151207" lon="13.811235">
        <ele>272.0</ele>
      </trkpt>
      <trkpt lat="45.151157" lon="13.811225">
        <ele>272.2</ele>
      </trkpt>
      <trkpt lat="45.151051" lon="13.811237">
        <ele>272.6</ele>
      </trkpt>
      <trkpt lat="45.150997" lon="13.811289">
        <ele>272.7</ele>
      </trkpt>
      <trkpt lat="45.150913" lon="13.811445">
        <ele>273.4</ele>
      </trkpt>
      <trkpt lat="45.15089" lon="13.811597">
        <ele>274.0</ele>
      </trkpt>
      <trkpt lat="45.150909" lon="13.811913">
        <ele>275.4</ele>
      </trkpt>
      <trkpt lat="45.150997" lon="13.812389">
        <ele>277.7</ele>
      </trkpt>
      <trkpt lat="45.151051" lon="13.812889">
        <ele>279.6</ele>
      </trkpt>
      <trkpt lat="45.15102" lon="13.813252">
        <ele>280.7</ele>
      </trkpt>
      <trkpt lat="45.150822" lon="13.814576">
        <ele>285.6</ele>
      </trkpt>
      <trkpt lat="45.150822" lon="13.814712">
        <ele>286.0</ele>
      </trkpt>
      <trkpt lat="45.150902" lon="13.815475">
        <ele>289.2</ele>
      </trkpt>
      <trkpt lat="45.150898" lon="13.816017">
        <ele>291.0</ele>
      </trkpt>
      <trkpt lat="45.150951" lon="13.816245">
        <ele>291.7</ele>
      </trkpt>
      <trkpt lat="45.151005" lon="13.816374">
        <ele>292.0</ele>
      </trkpt>
      <trkpt lat="45.15126" lon="13.816731">
        <ele>293.0</ele>
      </trkpt>
      <trkpt lat="45.151283" lon="13.816749">
        <ele>293.2</ele>
      </trkpt>
      <trkpt lat="45.151405" lon="13.816766">
        <ele>294.4</ele>
      </trkpt>
      <trkpt lat="45.151382" lon="13.816824">
        <ele>294.4</ele>
      </trkpt>
      <trkpt lat="45.151394" lon="13.816895">
        <ele>294.4</ele>
      </trkpt>
      <trkpt lat="45.151501" lon="13.817043">
        <ele>294.6</ele>
      </trkpt>
      <trkpt lat="45.15181" lon="13.817574">
        <ele>295.2</ele>
      </trkpt>
      <trkpt lat="45.151932" lon="13.817753">
        <ele>295.6</ele>
      </trkpt>
      <trkpt lat="45.151951" lon="13.817819">
        <ele>295.7</ele>
      </trkpt>
      <trkpt lat="45.151939" lon="13.817893">
        <ele>295.7</ele>
      </trkpt>
      <trkpt lat="45.15176" lon="13.818171">
        <ele>295.0</ele>
      </trkpt>
      <trkpt lat="45.151432" lon="13.818808">
        <ele>293.0</ele>
      </trkpt>
      <trkpt lat="45.151295" lon="13.819186">
        <ele>291.4</ele>
      </trkpt>
      <trkpt lat="45.151211" lon="13.819226">
        <ele>291.2</ele>
      </trkpt>
      <trkpt lat="45.150784" lon="13.819688">
        <ele>287.6</ele>
      </trkpt>
      <trkpt lat="45.15052" lon="13.819882">
        <ele>285.6</ele>
      </trkpt>
      <trkpt lat="45.150375" lon="13.819958">
        <ele>284.4</ele>
      </trkpt>
      <trkpt lat="45.150146" lon="13.819995">
        <ele>283.4</ele>
      </trkpt>
      <trkpt lat="45.149517" lon="13.819963">
        <ele>282.6</ele>
      </trkpt>
      <trkpt lat="45.149193" lon="13.819969">
        <ele>282.4</ele>
      </trkpt>
      <trkpt lat="45.148918" lon="13.820031">
        <ele>282.0</ele>
      </trkpt>
      <trkpt lat="45.148258" lon="13.820273">
        <ele>280.7</ele>
      </trkpt>
      <trkpt lat="45.148132" lon="13.820303">
        <ele>280.6</ele>
      </trkpt>
      <trkpt lat="45.147869" lon="13.820333">
        <ele>279.6</ele>
      </trkpt>
      <trkpt lat="45.146976" lon="13.820345">
        <ele>274.6</ele>
      </trkpt>
      <trkpt lat="45.146095" lon="13.820316">
        <ele>271.2</ele>
      </trkpt>
      <trkpt lat="45.145203" lon="13.820424">
        <ele>268.6</ele>
      </trkpt>
      <trkpt lat="45.144894" lon="13.820415">
        <ele>268.6</ele>
      </trkpt>
      <trkpt lat="45.144753" lon="13.820371">
        <ele>268.7</ele>
      </trkpt>
      <trkpt lat="45.144691" lon="13.820334">
        <ele>269.0</ele>
      </trkpt>
      <trkpt lat="45.144398" lon="13.82009">
        <ele>270.0</ele>
      </trkpt>
      <trkpt lat="45.144043" lon="13.819889">
        <ele>269.4</ele>
      </trkpt>
      <trkpt lat="45.143593" lon="13.819572">
        <ele>267.6</ele>
      </trkpt>
      <trkpt lat="45.143276" lon="13.819311">
        <ele>266.4</ele>
      </trkpt>
      <trkpt lat="45.143162" lon="13.819185">
        <ele>266.0</ele>
      </trkpt>
      <trkpt lat="45.14307" lon="13.819036">
        <ele>265.6</ele>
      </trkpt>
      <trkpt lat="45.142941" lon="13.818616">
        <ele>265.6</ele>
      </trkpt>
      <trkpt lat="45.142578" lon="13.817609">
        <ele>263.4</ele>
      </trkpt>
      <trkpt lat="45.142345" lon="13.81686">
        <ele>260.6</ele>
      </trkpt>
      <trkpt lat="45.142204" lon="13.816527">
        <ele>261.0</ele>
      </trkpt>
      <trkpt lat="45.141819" lon="13.815852">
        <ele>261.7</ele>
      </trkpt>
      <trkpt lat="45.141533" lon="13.81526">
        <ele>261.0</ele>
      </trkpt>
      <trkpt lat="45.141216" lon="13.814723">
        <ele>259.0</ele>
      </trkpt>
      <trkpt lat="45.140907" lon="13.814064">
        <ele>256.6</ele>
      </trkpt>
      <trkpt lat="45.140434" lon="13.813148">
        <ele>252.4</ele>
      </trkpt>
      <trkpt lat="45.140305" lon="13.812943">
        <ele>251.4</ele>
      </trkpt>
      <trkpt lat="45.140064" lon="13.812643">
        <ele>249.4</ele>
      </trkpt>
      <trkpt lat="45.139904" lon="13.812508">
        <ele>247.7</ele>
      </trkpt>
      <trkpt lat="45.139687" lon="13.812391">
        <ele>246.6</ele>
      </trkpt>
      <trkpt lat="45.139496" lon="13.812349">
        <ele>245.4</ele>
      </trkpt>
      <trkpt lat="45.139389" lon="13.812349">
        <ele>245.0</ele>
      </trkpt>
      <trkpt lat="45.139282" lon="13.812374">
        <ele>244.6</ele>
      </trkpt>
      <trkpt lat="45.139088" lon="13.812469">
        <ele>243.7</ele>
      </trkpt>
      <trkpt lat="45.138611" lon="13.812764">
        <ele>242.6</ele>
      </trkpt>
      <trkpt lat="45.138271" lon="13.813001">
        <ele>242.4</ele>
      </trkpt>
      <trkpt lat="45.138187" lon="13.813029">
        <ele>242.6</ele>
      </trkpt>
      <trkpt lat="45.1381" lon="13.81303">
        <ele>242.6</ele>
      </trkpt>
      <trkpt lat="45.13802" lon="13.813001">
        <ele>242.7</ele>
      </trkpt>
      <trkpt lat="45.13773" lon="13.812718">
        <ele>243.7</ele>
      </trkpt>
      <trkpt lat="45.137676" lon="13.812686">
        <ele>244.0</ele>
      </trkpt>
      <trkpt lat="45.137566" lon="13.812659">
        <ele>244.6</ele>
      </trkpt>
      <trkpt lat="45.137192" lon="13.812706">
        <ele>245.2</ele>
      </trkpt>
      <trkpt lat="45.137062" lon="13.812698">
        <ele>244.6</ele>
      </trkpt>
      <trkpt lat="45.136932" lon="13.812657">
        <ele>244.2</ele>
      </trkpt>
      <trkpt lat="45.136745" lon="13.812525">
        <ele>243.4</ele>
      </trkpt>
      <trkpt lat="45.136513" lon="13.812285">
        <ele>242.0</ele>
      </trkpt>
      <trkpt lat="45.136387" lon="13.812042">
        <ele>241.2</ele>
      </trkpt>
      <trkpt lat="45.136337" lon="13.811868">
        <ele>241.0</ele>
      </trkpt>
      <trkpt lat="45.136288" lon="13.811601">
        <ele>241.2</ele>
      </trkpt>
      <trkpt lat="45.136215" lon="13.811003">
        <ele>242.4</ele>
      </trkpt>
      <trkpt lat="45.136147" lon="13.810625">
        <ele>242.4</ele>
      </trkpt>
      <trkpt lat="45.136101" lon="13.810474">
        <ele>242.2</ele>
      </trkpt>
      <trkpt lat="45.136028" lon="13.810353">
        <ele>242.0</ele>
      </trkpt>
      <trkpt lat="45.135941" lon="13.810264">
        <ele>242.0</ele>
      </trkpt>
      <trkpt lat="45.13583" lon="13.810205">
        <ele>241.7</ele>
      </trkpt>
      <trkpt lat="45.135651" lon="13.810168">
        <ele>241.4</ele>
      </trkpt>
      <trkpt lat="45.135323" lon="13.810148">
        <ele>240.2</ele>
      </trkpt>
      <trkpt lat="45.13509" lon="13.810204">
        <ele>238.6</ele>
      </trkpt>
      <trkpt lat="45.134857" lon="13.810336">
        <ele>237.2</ele>
      </trkpt>
      <trkpt lat="45.134777" lon="13.810371">
        <ele>236.7</ele>
      </trkpt>
      <trkpt lat="45.134686" lon="13.810384">
        <ele>236.4</ele>
      </trkpt>
      <trkpt lat="45.134594" lon="13.810368">
        <ele>235.7</ele>
      </trkpt>
      <trkpt lat="45.134502" lon="13.810322">
        <ele>235.4</ele>
      </trkpt>
      <trkpt lat="45.134323" lon="13.810174">
        <ele>233.7</ele>
      </trkpt>
      <trkpt lat="45.134167" lon="13.809969">
        <ele>231.6</ele>
      </trkpt>
      <trkpt lat="45.134106" lon="13.809853">
        <ele>230.7</ele>
      </trkpt>
      <trkpt lat="45.133934" lon="13.809394">
        <ele>230.0</ele>
      </trkpt>
      <trkpt lat="45.133793" lon="13.809162">
        <ele>231.0</ele>
      </trkpt>
      <trkpt lat="45.133598" lon="13.808935">
        <ele>233.0</ele>
      </trkpt>
      <trkpt lat="45.133366" lon="13.808712">
        <ele>233.2</ele>
      </trkpt>
      <trkpt lat="45.133244" lon="13.808572">
        <ele>232.4</ele>
      </trkpt>
      <trkpt lat="45.133034" lon="13.808184">
        <ele>230.2</ele>
      </trkpt>
      <trkpt lat="45.132908" lon="13.80799">
        <ele>229.0</ele>
      </trkpt>
      <trkpt lat="45.132423" lon="13.80745">
        <ele>224.0</ele>
      </trkpt>
      <trkpt lat="45.131989" lon="13.806827">
        <ele>221.0</ele>
      </trkpt>
      <trkpt lat="45.131779" lon="13.806393">
        <ele>221.0</ele>
      </trkpt>
      <trkpt lat="45.13155" lon="13.80577">
        <ele>221.7</ele>
      </trkpt>
      <trkpt lat="45.131248" lon="13.805118">
        <ele>224.0</ele>
      </trkpt>
      <trkpt lat="45.130959" lon="13.804313">
        <ele>228.6</ele>
      </trkpt>
      <trkpt lat="45.130878" lon="13.804189">
        <ele>229.2</ele>
      </trkpt>
      <trkpt lat="45.130833" lon="13.804132">
        <ele>229.4</ele>
      </trkpt>
      <trkpt lat="45.130733" lon="13.804052">
        <ele>230.0</ele>
      </trkpt>
      <trkpt lat="45.13007" lon="13.803744">
        <ele>233.7</ele>
      </trkpt>
      <trkpt lat="45.129837" lon="13.803656">
        <ele>235.7</ele>
      </trkpt>
      <trkpt lat="45.12965" lon="13.803557">
        <ele>237.4</ele>
      </trkpt>
      <trkpt lat="45.129097" lon="13.803204">
        <ele>239.6</ele>
      </trkpt>
      <trkpt lat="45.128975" lon="13.803098">
        <ele>239.6</ele>
      </trkpt>
      <trkpt lat="45.128845" lon="13.802952">
        <ele>239.4</ele>
      </trkpt>
      <trkpt lat="45.128635" lon="13.802659">
        <ele>239.0</ele>
      </trkpt>
      <trkpt lat="45.128532" lon="13.802469">
        <ele>238.7</ele>
      </trkpt>
      <trkpt lat="45.128468" lon="13.802301">
        <ele>238.4</ele>
      </trkpt>
      <trkpt lat="45.128429" lon="13.802111">
        <ele>238.2</ele>
      </trkpt>
      <trkpt lat="45.128387" lon="13.801656">
        <ele>237.7</ele>
      </trkpt>
      <trkpt lat="45.128304" lon="13.801251">
        <ele>236.4</ele>
      </trkpt>
      <trkpt lat="45.128227" lon="13.801073">
        <ele>235.4</ele>
      </trkpt>
      <trkpt lat="45.128185" lon="13.801029">
        <ele>235.2</ele>
      </trkpt>
      <trkpt lat="45.128082" lon="13.80098">
        <ele>234.2</ele>
      </trkpt>
      <trkpt lat="45.127785" lon="13.800972">
        <ele>231.4</ele>
      </trkpt>
      <trkpt lat="45.127666" lon="13.800934">
        <ele>230.4</ele>
      </trkpt>
      <trkpt lat="45.127613" lon="13.800897">
        <ele>229.7</ele>
      </trkpt>
      <trkpt lat="45.127563" lon="13.80084">
        <ele>229.0</ele>
      </trkpt>
      <trkpt lat="45.127422" lon="13.800553">
        <ele>227.0</ele>
      </trkpt>
      <trkpt lat="45.127331" lon="13.800427">
        <ele>226.4</ele>
      </trkpt>
      <trkpt lat="45.12727" lon="13.800382">
        <ele>226.0</ele>
      </trkpt>
      <trkpt lat="45.127052" lon="13.800276">
        <ele>225.0</ele>
      </trkpt>
      <trkpt lat="45.126911" lon="13.800179">
        <ele>224.0</ele>
      </trkpt>
      <trkpt lat="45.126591" lon="13.799885">
        <ele>222.2</ele>
      </trkpt>
      <trkpt lat="45.126068" lon="13.799446">
        <ele>221.0</ele>
      </trkpt>
      <trkpt lat="45.125664" lon="13.799037">
        <ele>219.7</ele>
      </trkpt>
      <trkpt lat="45.125404" lon="13.798819">
        <ele>218.6</ele>
      </trkpt>
      <trkpt lat="45.12476" lon="13.798225">
        <ele>214.7</ele>
      </trkpt>
      <trkpt lat="45.124245" lon="13.797825">
        <ele>212.2</ele>
      </trkpt>
      <trkpt lat="45.124172" lon="13.797786">
        <ele>212.0</ele>
      </trkpt>
      <trkpt lat="45.124126" lon="13.797792">
        <ele>211.7</ele>
      </trkpt>
      <trkpt lat="45.124077" lon="13.797846">
        <ele>211.6</ele>
      </trkpt>
      <trkpt lat="45.124008" lon="13.798005">
        <ele>211.0</ele>
      </trkpt>
      <trkpt lat="45.12397" lon="13.798236">
        <ele>210.4</ele>
      </trkpt>
      <trkpt lat="45.123974" lon="13.798506">
        <ele>209.6</ele>
      </trkpt>
      <trkpt lat="45.124027" lon="13.798781">
        <ele>208.6</ele>
      </trkpt>
      <trkpt lat="45.1241" lon="13.798962">
        <ele>207.7</ele>
      </trkpt>
      <trkpt lat="45.124249" lon="13.799217">
        <ele>206.6</ele>
      </trkpt>
      <trkpt lat="45.124916" lon="13.800201">
        <ele>200.0</ele>
      </trkpt>
      <trkpt lat="45.125519" lon="13.801172">
        <ele>195.0</ele>
      </trkpt>
      <trkpt lat="45.125755" lon="13.801702">
        <ele>191.7</ele>
      </trkpt>
      <trkpt lat="45.125874" lon="13.80189">
        <ele>190.3</ele>
      </trkpt>
      <trkpt lat="45.125938" lon="13.802023">
        <ele>189.7</ele>
      </trkpt>
      <trkpt lat="45.126198" lon="13.802617">
        <ele>186.6</ele>
      </trkpt>
      <trkpt lat="45.126404" lon="13.80312">
        <ele>183.6</ele>
      </trkpt>
      <trkpt lat="45.126671" lon="13.803851">
        <ele>178.7</ele>
      </trkpt>
      <trkpt lat="45.126892" lon="13.804544">
        <ele>175.2</ele>
      </trkpt>
      <trkpt lat="45.126999" lon="13.804986">
        <ele>173.3</ele>
      </trkpt>
      <trkpt lat="45.12706" lon="13.805461">
        <ele>171.3</ele>
      </trkpt>
      <trkpt lat="45.12709" lon="13.80631">
        <ele>167.3</ele>
      </trkpt>
      <trkpt lat="45.127144" lon="13.806898">
        <ele>165.2</ele>
      </trkpt>
      <trkpt lat="45.12719" lon="13.807128">
        <ele>164.7</ele>
      </trkpt>
      <trkpt lat="45.127228" lon="13.807227">
        <ele>164.6</ele>
      </trkpt>
      <trkpt lat="45.127342" lon="13.807396">
        <ele>164.0</ele>
      </trkpt>
      <trkpt lat="45.127422" lon="13.807466">
        <ele>163.6</ele>
      </trkpt>
      <trkpt lat="45.127693" lon="13.807628">
        <ele>161.6</ele>
      </trkpt>
      <trkpt lat="45.128197" lon="13.807837">
        <ele>158.0</ele>
      </trkpt>
      <trkpt lat="45.128811" lon="13.808009">
        <ele>154.0</ele>
      </trkpt>
      <trkpt lat="45.129025" lon="13.808043">
        <ele>153.6</ele>
      </trkpt>
      <trkpt lat="45.129066" lon="13.808071">
        <ele>153.6</ele>
      </trkpt>
      <trkpt lat="45.129089" lon="13.808116">
        <ele>153.3</ele>
      </trkpt>
      <trkpt lat="45.129086" lon="13.808165">
        <ele>153.3</ele>
      </trkpt>
      <trkpt lat="45.129051" lon="13.808199">
        <ele>153.3</ele>
      </trkpt>
      <trkpt lat="45.128876" lon="13.80815">
        <ele>152.6</ele>
      </trkpt>
      <trkpt lat="45.128742" lon="13.808137">
        <ele>151.7</ele>
      </trkpt>
      <trkpt lat="45.128361" lon="13.808134">
        <ele>149.3</ele>
      </trkpt>
      <trkpt lat="45.12788" lon="13.808177">
        <ele>146.0</ele>
      </trkpt>
      <trkpt lat="45.127487" lon="13.808187">
        <ele>143.3</ele>
      </trkpt>
      <trkpt lat="45.126797" lon="13.808112">
        <ele>138.0</ele>
      </trkpt>
      <trkpt lat="45.126747" lon="13.808133">
        <ele>138.2</ele>
      </trkpt>
      <trkpt lat="45.126709" lon="13.808184">
        <ele>138.2</ele>
      </trkpt>
      <trkpt lat="45.126698" lon="13.80825">
        <ele>138.2</ele>
      </trkpt>
      <trkpt lat="45.126724" lon="13.80831">
        <ele>138.0</ele>
      </trkpt>
      <trkpt lat="45.12677" lon="13.808346">
        <ele>137.7</ele>
      </trkpt>
      <trkpt lat="45.127045" lon="13.808367">
        <ele>136.0</ele>
      </trkpt>
      <trkpt lat="45.127594" lon="13.808561">
        <ele>133.0</ele>
      </trkpt>
      <trkpt lat="45.127922" lon="13.808705">
        <ele>130.3</ele>
      </trkpt>
      <trkpt lat="45.128525" lon="13.809013">
        <ele>126.3</ele>
      </trkpt>
      <trkpt lat="45.128803" lon="13.809206">
        <ele>124.3</ele>
      </trkpt>
      <trkpt lat="45.128963" lon="13.809351">
        <ele>123.2</ele>
      </trkpt>
      <trkpt lat="45.129044" lon="13.809484">
        <ele>122.3</ele>
      </trkpt>
      <trkpt lat="45.12907" lon="13.809565">
        <ele>122.0</ele>
      </trkpt>
      <trkpt lat="45.129086" lon="13.809653">
        <ele>121.2</ele>
      </trkpt>
      <trkpt lat="45.129082" lon="13.809742">
        <ele>120.7</ele>
      </trkpt>
      <trkpt lat="45.129059" lon="13.809825">
        <ele>120.2</ele>
      </trkpt>
      <trkpt lat="45.128983" lon="13.809964">
        <ele>119.2</ele>
      </trkpt>
      <trkpt lat="45.128468" lon="13.810557">
        <ele>117.3</ele>
      </trkpt>
      <trkpt lat="45.128448" lon="13.810643">
        <ele>118.0</ele>
      </trkpt>
      <trkpt lat="45.128391" lon="13.810647">
        <ele>117.3</ele>
      </trkpt>
      <trkpt lat="45.12822" lon="13.810779">
        <ele>118.6</ele>
      </trkpt>
      <trkpt lat="45.128113" lon="13.810801">
        <ele>119.6</ele>
      </trkpt>
      <trkpt lat="45.12801" lon="13.810796">
        <ele>120.7</ele>
      </trkpt>
      <trkpt lat="45.127892" lon="13.810759">
        <ele>122.0</ele>
      </trkpt>
      <trkpt lat="45.127697" lon="13.810736">
        <ele>123.6</ele>
      </trkpt>
      <trkpt lat="45.127571" lon="13.810741">
        <ele>124.7</ele>
      </trkpt>
      <trkpt lat="45.127453" lon="13.810766">
        <ele>125.7</ele>
      </trkpt>
      <trkpt lat="45.127266" lon="13.810853">
        <ele>127.3</ele>
      </trkpt>
      <trkpt lat="45.126938" lon="13.811092">
        <ele>130.0</ele>
      </trkpt>
      <trkpt lat="45.126854" lon="13.811178">
        <ele>130.6</ele>
      </trkpt>
      <trkpt lat="45.126759" lon="13.811343">
        <ele>131.3</ele>
      </trkpt>
      <trkpt lat="45.126583" lon="13.811576">
        <ele>133.2</ele>
      </trkpt>
      <trkpt lat="45.126366" lon="13.811926">
        <ele>135.6</ele>
      </trkpt>
      <trkpt lat="45.126205" lon="13.812281">
        <ele>137.7</ele>
      </trkpt>
      <trkpt lat="45.126152" lon="13.812444">
        <ele>138.7</ele>
      </trkpt>
      <trkpt lat="45.126137" lon="13.812604">
        <ele>140.0</ele>
      </trkpt>
      <trkpt lat="45.126167" lon="13.812759">
        <ele>141.2</ele>
      </trkpt>
      <trkpt lat="45.126251" lon="13.812999">
        <ele>142.7</ele>
      </trkpt>
      <trkpt lat="45.126293" lon="13.813078">
        <ele>143.2</ele>
      </trkpt>
      <trkpt lat="45.126312" lon="13.813103">
        <ele>143.3</ele>
      </trkpt>
      <trkpt lat="45.126362" lon="13.813088">
        <ele>142.0</ele>
      </trkpt>
      <trkpt lat="45.126305" lon="13.813102">
        <ele>142.0</ele>
      </trkpt>
      <trkpt lat="45.126228" lon="13.813169">
        <ele>142.7</ele>
      </trkpt>
      <trkpt lat="45.126137" lon="13.813376">
        <ele>144.2</ele>
      </trkpt>
      <trkpt lat="45.126007" lon="13.813614">
        <ele>145.6</ele>
      </trkpt>
      <trkpt lat="45.125916" lon="13.813861">
        <ele>146.7</ele>
      </trkpt>
      <trkpt lat="45.125664" lon="13.814672">
        <ele>151.2</ele>
      </trkpt>
      <trkpt lat="45.12558" lon="13.815096">
        <ele>153.7</ele>
      </trkpt>
      <trkpt lat="45.125557" lon="13.815289">
        <ele>155.0</ele>
      </trkpt>
      <trkpt lat="45.125546" lon="13.81553">
        <ele>156.2</ele>
      </trkpt>
      <trkpt lat="45.125557" lon="13.815922">
        <ele>157.3</ele>
      </trkpt>
      <trkpt lat="45.125656" lon="13.816711">
        <ele>161.3</ele>
      </trkpt>
      <trkpt lat="45.12574" lon="13.817136">
        <ele>163.3</ele>
      </trkpt>
      <trkpt lat="45.125729" lon="13.817379">
        <ele>164.2</ele>
      </trkpt>
      <trkpt lat="45.125671" lon="13.817556">
        <ele>164.7</ele>
      </trkpt>
      <trkpt lat="45.12561" lon="13.817666">
        <ele>165.3</ele>
      </trkpt>
      <trkpt lat="45.125443" lon="13.817932">
        <ele>166.3</ele>
      </trkpt>
      <trkpt lat="45.125137" lon="13.818361">
        <ele>168.2</ele>
      </trkpt>
      <trkpt lat="45.124992" lon="13.818612">
        <ele>169.7</ele>
      </trkpt>
      <trkpt lat="45.124847" lon="13.819085">
        <ele>171.7</ele>
      </trkpt>
      <trkpt lat="45.124714" lon="13.819674">
        <ele>174.0</ele>
      </trkpt>
      <trkpt lat="45.124687" lon="13.819985">
        <ele>175.2</ele>
      </trkpt>
      <trkpt lat="45.124695" lon="13.820166">
        <ele>176.0</ele>
      </trkpt>
      <trkpt lat="45.124683" lon="13.820336">
        <ele>176.6</ele>
      </trkpt>
      <trkpt lat="45.124722" lon="13.820828">
        <ele>178.6</ele>
      </trkpt>
      <trkpt lat="45.124702" lon="13.821072">
        <ele>179.7</ele>
      </trkpt>
      <trkpt lat="45.124702" lon="13.821362">
        <ele>181.3</ele>
      </trkpt>
      <trkpt lat="45.124794" lon="13.821829">
        <ele>183.3</ele>
      </trkpt>
      <trkpt lat="45.124779" lon="13.822011">
        <ele>184.0</ele>
      </trkpt>
      <trkpt lat="45.124813" lon="13.822333">
        <ele>185.6</ele>
      </trkpt>
      <trkpt lat="45.124802" lon="13.822541">
        <ele>186.6</ele>
      </trkpt>
      <trkpt lat="45.124821" lon="13.822681">
        <ele>187.3</ele>
      </trkpt>
      <trkpt lat="45.124828" lon="13.823074">
        <ele>189.6</ele>
      </trkpt>
      <trkpt lat="45.124859" lon="13.823438">
        <ele>191.6</ele>
      </trkpt>
      <trkpt lat="45.124847" lon="13.823683">
        <ele>192.7</ele>
      </trkpt>
      <trkpt lat="45.124825" lon="13.823771">
        <ele>193.2</ele>
      </trkpt>
      <trkpt lat="45.124783" lon="13.823843">
        <ele>193.7</ele>
      </trkpt>
      <trkpt lat="45.124683" lon="13.823944">
        <ele>195.2</ele>
      </trkpt>
      <trkpt lat="45.124641" lon="13.823964">
        <ele>195.6</ele>
      </trkpt>
      <trkpt lat="45.124542" lon="13.823973">
        <ele>196.2</ele>
      </trkpt>
      <trkpt lat="45.124458" lon="13.823927">
        <ele>197.0</ele>
      </trkpt>
      <trkpt lat="45.12442" lon="13.823856">
        <ele>197.6</ele>
      </trkpt>
      <trkpt lat="45.124397" lon="13.823766">
        <ele>198.0</ele>
      </trkpt>
      <trkpt lat="45.124378" lon="13.823586">
        <ele>198.7</ele>
      </trkpt>
      <trkpt lat="45.124386" lon="13.823387">
        <ele>199.2</ele>
      </trkpt>
      <trkpt lat="45.124352" lon="13.822622">
        <ele>201.2</ele>
      </trkpt>
      <trkpt lat="45.12439" lon="13.822133">
        <ele>203.0</ele>
      </trkpt>
      <trkpt lat="45.124367" lon="13.821676">
        <ele>204.2</ele>
      </trkpt>
      <trkpt lat="45.124275" lon="13.821049">
        <ele>206.4</ele>
      </trkpt>
      <trkpt lat="45.124146" lon="13.820483">
        <ele>209.0</ele>
      </trkpt>
      <trkpt lat="45.124069" lon="13.819965">
        <ele>210.7</ele>
      </trkpt>
      <trkpt lat="45.124012" lon="13.819427">
        <ele>213.0</ele>
      </trkpt>
      <trkpt lat="45.12397" lon="13.819287">
        <ele>213.4</ele>
      </trkpt>
      <trkpt lat="45.12389" lon="13.819173">
        <ele>214.0</ele>
      </trkpt>
      <trkpt lat="45.123775" lon="13.819062">
        <ele>214.7</ele>
      </trkpt>
      <trkpt lat="45.12318" lon="13.818547">
        <ele>218.2</ele>
      </trkpt>
      <trkpt lat="45.122986" lon="13.818422">
        <ele>219.6</ele>
      </trkpt>
      <trkpt lat="45.122803" lon="13.81837">
        <ele>220.6</ele>
      </trkpt>
      <trkpt lat="45.12273" lon="13.818376">
        <ele>221.0</ele>
      </trkpt>
      <trkpt lat="45.122627" lon="13.81841">
        <ele>222.0</ele>
      </trkpt>
      <trkpt lat="45.122478" lon="13.818582">
        <ele>223.2</ele>
      </trkpt>
      <trkpt lat="45.122314" lon="13.818924">
        <ele>225.0</ele>
      </trkpt>
      <trkpt lat="45.122234" lon="13.819159">
        <ele>226.0</ele>
      </trkpt>
      <trkpt lat="45.122181" lon="13.819368">
        <ele>226.7</ele>
      </trkpt>
      <trkpt lat="45.122143" lon="13.819658">
        <ele>227.6</ele>
      </trkpt>
      <trkpt lat="45.122139" lon="13.819884">
        <ele>228.2</ele>
      </trkpt>
      <trkpt lat="45.122185" lon="13.820562">
        <ele>229.7</ele>
      </trkpt>
      <trkpt lat="45.122162" lon="13.821301">
        <ele>231.2</ele>
      </trkpt>
      <trkpt lat="45.121906" lon="13.824909">
        <ele>239.0</ele>
      </trkpt>
      <trkpt lat="45.121899" lon="13.825362">
        <ele>241.2</ele>
      </trkpt>
      <trkpt lat="45.121868" lon="13.82581">
        <ele>243.2</ele>
      </trkpt>
      <trkpt lat="45.121864" lon="13.825982">
        <ele>244.0</ele>
      </trkpt>
      <trkpt lat="45.12188" lon="13.826127">
        <ele>244.6</ele>
      </trkpt>
      <trkpt lat="45.121861" lon="13.826269">
        <ele>245.4</ele>
      </trkpt>
      <trkpt lat="45.121861" lon="13.826708">
        <ele>247.2</ele>
      </trkpt>
      <trkpt lat="45.121819" lon="13.82725">
        <ele>250.0</ele>
      </trkpt>
      <trkpt lat="45.121769" lon="13.8276">
        <ele>251.6</ele>
      </trkpt>
      <trkpt lat="45.121758" lon="13.827996">
        <ele>253.4</ele>
      </trkpt>
      <trkpt lat="45.121723" lon="13.828253">
        <ele>254.7</ele>
      </trkpt>
      <trkpt lat="45.121716" lon="13.828501">
        <ele>255.7</ele>
      </trkpt>
      <trkpt lat="45.121723" lon="13.829103">
        <ele>258.2</ele>
      </trkpt>
      <trkpt lat="45.121773" lon="13.829322">
        <ele>258.6</ele>
      </trkpt>
      <trkpt lat="45.122005" lon="13.83005">
        <ele>260.7</ele>
      </trkpt>
      <trkpt lat="45.122074" lon="13.830346">
        <ele>261.4</ele>
      </trkpt>
      <trkpt lat="45.122078" lon="13.830617">
        <ele>262.2</ele>
      </trkpt>
      <trkpt lat="45.121986" lon="13.83115">
        <ele>264.0</ele>
      </trkpt>
      <trkpt lat="45.121693" lon="13.832346">
        <ele>266.2</ele>
      </trkpt>
      <trkpt lat="45.121582" lon="13.833061">
        <ele>267.0</ele>
      </trkpt>
      <trkpt lat="45.121296" lon="13.834036">
        <ele>269.6</ele>
      </trkpt>
      <trkpt lat="45.121277" lon="13.834373">
        <ele>270.2</ele>
      </trkpt>
      <trkpt lat="45.121437" lon="13.834578">
        <ele>271.0</ele>
      </trkpt>
      <trkpt lat="45.121895" lon="13.835351">
        <ele>272.6</ele>
      </trkpt>
      <trkpt lat="45.122097" lon="13.835636">
        <ele>273.7</ele>
      </trkpt>
      <trkpt lat="45.122375" lon="13.836157">
        <ele>275.6</ele>
      </trkpt>
      <trkpt lat="45.122475" lon="13.836314">
        <ele>276.2</ele>
      </trkpt>
      <trkpt lat="45.122887" lon="13.837109">
        <ele>279.6</ele>
      </trkpt>
      <trkpt lat="45.122948" lon="13.837351">
        <ele>281.0</ele>
      </trkpt>
      <trkpt lat="45.123009" lon="13.837869">
        <ele>282.4</ele>
      </trkpt>
      <trkpt lat="45.123161" lon="13.838352">
        <ele>283.7</ele>
      </trkpt>
      <trkpt lat="45.123295" lon="13.838695">
        <ele>285.0</ele>
      </trkpt>
      <trkpt lat="45.123558" lon="13.839049">
        <ele>286.7</ele>
      </trkpt>
      <trkpt lat="45.123596" lon="13.839006">
        <ele>285.0</ele>
      </trkpt>
      <trkpt lat="45.123894" lon="13.839314">
        <ele>286.7</ele>
      </trkpt>
      <trkpt lat="45.124229" lon="13.839543">
        <ele>288.4</ele>
      </trkpt>
      <trkpt lat="45.124451" lon="13.839665">
        <ele>290.0</ele>
      </trkpt>
      <trkpt lat="45.124767" lon="13.839964">
        <ele>291.2</ele>
      </trkpt>
      <trkpt lat="45.125008" lon="13.840225">
        <ele>292.0</ele>
      </trkpt>
      <trkpt lat="45.12537" lon="13.840553">
        <ele>293.0</ele>
      </trkpt>
      <trkpt lat="45.125439" lon="13.840624">
        <ele>293.0</ele>
      </trkpt>
      <trkpt lat="45.125553" lon="13.840796">
        <ele>293.2</ele>
      </trkpt>
      <trkpt lat="45.12566" lon="13.841062">
        <ele>293.6</ele>
      </trkpt>
      <trkpt lat="45.125732" lon="13.841401">
        <ele>294.6</ele>
      </trkpt>
      <trkpt lat="45.125786" lon="13.842657">
        <ele>297.0</ele>
      </trkpt>
      <trkpt lat="45.125793" lon="13.842738">
        <ele>297.2</ele>
      </trkpt>
      <trkpt lat="45.125816" lon="13.842798">
        <ele>297.2</ele>
      </trkpt>
      <trkpt lat="45.12624" lon="13.842879">
        <ele>296.0</ele>
      </trkpt>
      <trkpt lat="45.126408" lon="13.842931">
        <ele>295.2</ele>
      </trkpt>
      <trkpt lat="45.126469" lon="13.842969">
        <ele>294.7</ele>
      </trkpt>
      <trkpt lat="45.126942" lon="13.84352">
        <ele>291.0</ele>
      </trkpt>
      <trkpt lat="45.127731" lon="13.844182">
        <ele>287.4</ele>
      </trkpt>
      <trkpt lat="45.127892" lon="13.84425">
        <ele>287.2</ele>
      </trkpt>
      <trkpt lat="45.128117" lon="13.844246">
        <ele>287.7</ele>
      </trkpt>
      <trkpt lat="45.128353" lon="13.844266">
        <ele>287.6</ele>
      </trkpt>
      <trkpt lat="45.12851" lon="13.844302">
        <ele>287.0</ele>
      </trkpt>
      <trkpt lat="45.128674" lon="13.844362">
        <ele>286.2</ele>
      </trkpt>
      <trkpt lat="45.129265" lon="13.844648">
        <ele>283.6</ele>
      </trkpt>
      <trkpt lat="45.129436" lon="13.844748">
        <ele>283.0</ele>
      </trkpt>
      <trkpt lat="45.129944" lon="13.845125">
        <ele>280.4</ele>
      </trkpt>
      <trkpt lat="45.130344" lon="13.845456">
        <ele>278.6</ele>
      </trkpt>
      <trkpt lat="45.130562" lon="13.845675">
        <ele>277.4</ele>
      </trkpt>
      <trkpt lat="45.130756" lon="13.845913">
        <ele>277.0</ele>
      </trkpt>
      <trkpt lat="45.131191" lon="13.846512">
        <ele>276.2</ele>
      </trkpt>
      <trkpt lat="45.131306" lon="13.846624">
        <ele>275.7</ele>
      </trkpt>
      <trkpt lat="45.131626" lon="13.846825">
        <ele>275.2</ele>
      </trkpt>
      <trkpt lat="45.131802" lon="13.846981">
        <ele>275.0</ele>
      </trkpt>
      <trkpt lat="45.132217" lon="13.847451">
        <ele>274.4</ele>
      </trkpt>
      <trkpt lat="45.132469" lon="13.847705">
        <ele>273.7</ele>
      </trkpt>
      <trkpt lat="45.132961" lon="13.848378">
        <ele>274.2</ele>
      </trkpt>
      <trkpt lat="45.13306" lon="13.848472">
        <ele>274.2</ele>
      </trkpt>
      <trkpt lat="45.133175" lon="13.84852">
        <ele>274.0</ele>
      </trkpt>
      <trkpt lat="45.133366" lon="13.84852">
        <ele>273.6</ele>
      </trkpt>
      <trkpt lat="45.133812" lon="13.848404">
        <ele>272.7</ele>
      </trkpt>
      <trkpt lat="45.133995" lon="13.848377">
        <ele>273.0</ele>
      </trkpt>
      <trkpt lat="45.134178" lon="13.848369">
        <ele>273.4</ele>
      </trkpt>
      <trkpt lat="45.134407" lon="13.848393">
        <ele>272.2</ele>
      </trkpt>
      <trkpt lat="45.13456" lon="13.848391">
        <ele>272.4</ele>
      </trkpt>
      <trkpt lat="45.135387" lon="13.848201">
        <ele>273.6</ele>
      </trkpt>
      <trkpt lat="45.135483" lon="13.848164">
        <ele>273.7</ele>
      </trkpt>
      <trkpt lat="45.135624" lon="13.848081">
        <ele>274.2</ele>
      </trkpt>
      <trkpt lat="45.135761" lon="13.847944">
        <ele>274.2</ele>
      </trkpt>
      <trkpt lat="45.135986" lon="13.847634">
        <ele>274.0</ele>
      </trkpt>
      <trkpt lat="45.136108" lon="13.847432">
        <ele>274.0</ele>
      </trkpt>
      <trkpt lat="45.136353" lon="13.846948">
        <ele>274.0</ele>
      </trkpt>
      <trkpt lat="45.136555" lon="13.846382">
        <ele>273.7</ele>
      </trkpt>
      <trkpt lat="45.136711" lon="13.845609">
        <ele>272.2</ele>
      </trkpt>
      <trkpt lat="45.136768" lon="13.845449">
        <ele>271.7</ele>
      </trkpt>
      <trkpt lat="45.136841" lon="13.845305">
        <ele>271.7</ele>
      </trkpt>
      <trkpt lat="45.136978" lon="13.845121">
        <ele>271.4</ele>
      </trkpt>
      <trkpt lat="45.137089" lon="13.845024">
        <ele>271.2</ele>
      </trkpt>
      <trkpt lat="45.137215" lon="13.844955">
        <ele>271.0</ele>
      </trkpt>
      <trkpt lat="45.137356" lon="13.844945">
        <ele>270.6</ele>
      </trkpt>
      <trkpt lat="45.137497" lon="13.845003">
        <ele>269.7</ele>
      </trkpt>
      <trkpt lat="45.137642" lon="13.845088">
        <ele>269.2</ele>
      </trkpt>
      <trkpt lat="45.137833" lon="13.845263">
        <ele>268.6</ele>
      </trkpt>
      <trkpt lat="45.138065" lon="13.845514">
        <ele>267.6</ele>
      </trkpt>
      <trkpt lat="45.13887" lon="13.846172">
        <ele>268.2</ele>
      </trkpt>
      <trkpt lat="45.13913" lon="13.846333">
        <ele>267.2</ele>
      </trkpt>
      <trkpt lat="45.139309" lon="13.846421">
        <ele>267.2</ele>
      </trkpt>
      <trkpt lat="45.139778" lon="13.846615">
        <ele>269.0</ele>
      </trkpt>
      <trkpt lat="45.139889" lon="13.846676">
        <ele>270.0</ele>
      </trkpt>
      <trkpt lat="45.139965" lon="13.846741">
        <ele>271.2</ele>
      </trkpt>
      <trkpt lat="45.140045" lon="13.846828">
        <ele>272.4</ele>
      </trkpt>
      <trkpt lat="45.140167" lon="13.847008">
        <ele>274.4</ele>
      </trkpt>
      <trkpt lat="45.140293" lon="13.847286">
        <ele>276.0</ele>
      </trkpt>
      <trkpt lat="45.140667" lon="13.847945">
        <ele>276.7</ele>
      </trkpt>
      <trkpt lat="45.140743" lon="13.848112">
        <ele>276.7</ele>
      </trkpt>
      <trkpt lat="45.140793" lon="13.848336">
        <ele>276.7</ele>
      </trkpt>
      <trkpt lat="45.140793" lon="13.848482">
        <ele>277.0</ele>
      </trkpt>
      <trkpt lat="45.140724" lon="13.849097">
        <ele>277.0</ele>
      </trkpt>
      <trkpt lat="45.140736" lon="13.849136">
        <ele>277.0</ele>
      </trkpt>
      <trkpt lat="45.140778" lon="13.849181">
        <ele>277.2</ele>
      </trkpt>
      <trkpt lat="45.140984" lon="13.849191">
        <ele>278.2</ele>
      </trkpt>
      <trkpt lat="45.141045" lon="13.849209">
        <ele>278.4</ele>
      </trkpt>
      <trkpt lat="45.141087" lon="13.849249">
        <ele>278.6</ele>
      </trkpt>
      <trkpt lat="45.141125" lon="13.849347">
        <ele>278.6</ele>
      </trkpt>
      <trkpt lat="45.141136" lon="13.849891">
        <ele>278.7</ele>
      </trkpt>
      <trkpt lat="45.141201" lon="13.850471">
        <ele>278.7</ele>
      </trkpt>
      <trkpt lat="45.141415" lon="13.85164">
        <ele>279.4</ele>
      </trkpt>
      <trkpt lat="45.141468" lon="13.852077">
        <ele>279.6</ele>
      </trkpt>
      <trkpt lat="45.141495" lon="13.852579">
        <ele>279.2</ele>
      </trkpt>
      <trkpt lat="45.141483" lon="13.853048">
        <ele>279.4</ele>
      </trkpt>
      <trkpt lat="45.141407" lon="13.853836">
        <ele>281.7</ele>
      </trkpt>
      <trkpt lat="45.141285" lon="13.854562">
        <ele>283.7</ele>
      </trkpt>
      <trkpt lat="45.141296" lon="13.854785">
        <ele>284.2</ele>
      </trkpt>
      <trkpt lat="45.14135" lon="13.854913">
        <ele>284.2</ele>
      </trkpt>
      <trkpt lat="45.141338" lon="13.854943">
        <ele>284.2</ele>
      </trkpt>
      <trkpt lat="45.141323" lon="13.854939">
        <ele>284.2</ele>
      </trkpt>
      <trkpt lat="45.141262" lon="13.854727">
        <ele>283.7</ele>
      </trkpt>
      <trkpt lat="45.141266" lon="13.854774">
        <ele>282.7</ele>
      </trkpt>
      <trkpt lat="45.141319" lon="13.854901">
        <ele>282.7</ele>
      </trkpt>
      <trkpt lat="45.141441" lon="13.85506">
        <ele>282.2</ele>
      </trkpt>
      <trkpt lat="45.141609" lon="13.855178">
        <ele>282.2</ele>
      </trkpt>
      <trkpt lat="45.141785" lon="13.855262">
        <ele>282.2</ele>
      </trkpt>
      <trkpt lat="45.142075" lon="13.855268">
        <ele>281.4</ele>
      </trkpt>
      <trkpt lat="45.14254" lon="13.855246">
        <ele>281.2</ele>
      </trkpt>
      <trkpt lat="45.143135" lon="13.855365">
        <ele>281.4</ele>
      </trkpt>
      <trkpt lat="45.14423" lon="13.855289">
        <ele>284.2</ele>
      </trkpt>
      <trkpt lat="45.144535" lon="13.855291">
        <ele>285.2</ele>
      </trkpt>
      <trkpt lat="45.144985" lon="13.855212">
        <ele>287.0</ele>
      </trkpt>
      <trkpt lat="45.145184" lon="13.855209">
        <ele>288.0</ele>
      </trkpt>
      <trkpt lat="45.145428" lon="13.855228">
        <ele>290.2</ele>
      </trkpt>
      <trkpt lat="45.145573" lon="13.855291">
        <ele>291.7</ele>
      </trkpt>
      <trkpt lat="45.145638" lon="13.855366">
        <ele>292.4</ele>
      </trkpt>
      <trkpt lat="45.145706" lon="13.855491">
        <ele>293.4</ele>
      </trkpt>
      <trkpt lat="45.145741" lon="13.855587">
        <ele>294.0</ele>
      </trkpt>
      <trkpt lat="45.145821" lon="13.855967">
        <ele>296.2</ele>
      </trkpt>
      <trkpt lat="45.145882" lon="13.856148">
        <ele>297.2</ele>
      </trkpt>
      <trkpt lat="45.145901" lon="13.856274">
        <ele>297.6</ele>
      </trkpt>
      <trkpt lat="45.145901" lon="13.856881">
        <ele>299.7</ele>
      </trkpt>
      <trkpt lat="45.145863" lon="13.857304">
        <ele>300.7</ele>
      </trkpt>
      <trkpt lat="45.145805" lon="13.85748">
        <ele>301.6</ele>
      </trkpt>
      <trkpt lat="45.145653" lon="13.857759">
        <ele>302.9</ele>
      </trkpt>
      <trkpt lat="45.145638" lon="13.85784">
        <ele>303.1</ele>
      </trkpt>
      <trkpt lat="45.145653" lon="13.857915">
        <ele>303.3</ele>
      </trkpt>
      <trkpt lat="45.145691" lon="13.857978">
        <ele>303.5</ele>
      </trkpt>
      <trkpt lat="45.145866" lon="13.85815">
        <ele>304.3</ele>
      </trkpt>
      <trkpt lat="45.145882" lon="13.85813">
        <ele>304.4</ele>
      </trkpt>
      <trkpt lat="45.145866" lon="13.858064">
        <ele>304.6</ele>
      </trkpt>
      <trkpt lat="45.145844" lon="13.858044">
        <ele>305.0</ele>
      </trkpt>
      <trkpt lat="45.145832" lon="13.85804">
        <ele>305.0</ele>
      </trkpt>
      <trkpt lat="45.145813" lon="13.858104">
        <ele>304.7</ele>
      </trkpt>
      <trkpt lat="45.145802" lon="13.858236">
        <ele>304.6</ele>
      </trkpt>
      <trkpt lat="45.145576" lon="13.859077">
        <ele>303.7</ele>
      </trkpt>
      <trkpt lat="45.14555" lon="13.859495">
        <ele>305.2</ele>
      </trkpt>
      <trkpt lat="45.145527" lon="13.859627">
        <ele>305.4</ele>
      </trkpt>
      <trkpt lat="45.145454" lon="13.859885">
        <ele>305.6</ele>
      </trkpt>
      <trkpt lat="45.145321" lon="13.86025">
        <ele>305.7</ele>
      </trkpt>
      <trkpt lat="45.145279" lon="13.860394">
        <ele>306.0</ele>
      </trkpt>
      <trkpt lat="45.145256" lon="13.860554">
        <ele>305.7</ele>
      </trkpt>
      <trkpt lat="45.145252" lon="13.860781">
        <ele>306.0</ele>
      </trkpt>
      <trkpt lat="45.145264" lon="13.860852">
        <ele>306.0</ele>
      </trkpt>
      <trkpt lat="45.145432" lon="13.86148">
        <ele>307.6</ele>
      </trkpt>
      <trkpt lat="45.145489" lon="13.861801">
        <ele>308.7</ele>
      </trkpt>
      <trkpt lat="45.145485" lon="13.862119">
        <ele>310.2</ele>
      </trkpt>
      <trkpt lat="45.145447" lon="13.86275">
        <ele>310.7</ele>
      </trkpt>
      <trkpt lat="45.145443" lon="13.863187">
        <ele>310.7</ele>
      </trkpt>
      <trkpt lat="45.145401" lon="13.863408">
        <ele>310.4</ele>
      </trkpt>
      <trkpt lat="45.145359" lon="13.863541">
        <ele>310.4</ele>
      </trkpt>
      <trkpt lat="45.145046" lon="13.864271">
        <ele>311.2</ele>
      </trkpt>
      <trkpt lat="45.144897" lon="13.864682">
        <ele>313.6</ele>
      </trkpt>
      <trkpt lat="45.144863" lon="13.864848">
        <ele>314.0</ele>
      </trkpt>
      <trkpt lat="45.144848" lon="13.865085">
        <ele>314.6</ele>
      </trkpt>
      <trkpt lat="45.144875" lon="13.865514">
        <ele>315.0</ele>
      </trkpt>
      <trkpt lat="45.144867" lon="13.866003">
        <ele>315.4</ele>
      </trkpt>
      <trkpt lat="45.144905" lon="13.866275">
        <ele>316.2</ele>
      </trkpt>
      <trkpt lat="45.145107" lon="13.8672">
        <ele>319.4</ele>
      </trkpt>
      <trkpt lat="45.14521" lon="13.867577">
        <ele>320.2</ele>
      </trkpt>
      <trkpt lat="45.145252" lon="13.867919">
        <ele>320.2</ele>
      </trkpt>
      <trkpt lat="45.145267" lon="13.86852">
        <ele>320.2</ele>
      </trkpt>
      <trkpt lat="45.145298" lon="13.868769">
        <ele>320.4</ele>
      </trkpt>
      <trkpt lat="45.145416" lon="13.869184">
        <ele>320.7</ele>
      </trkpt>
      <trkpt lat="45.145493" lon="13.869397">
        <ele>321.0</ele>
      </trkpt>
      <trkpt lat="45.145512" lon="13.869565">
        <ele>321.4</ele>
      </trkpt>
      <trkpt lat="45.145508" lon="13.869695">
        <ele>321.4</ele>
      </trkpt>
      <trkpt lat="45.145473" lon="13.869827">
        <ele>321.4</ele>
      </trkpt>
      <trkpt lat="45.145416" lon="13.869944">
        <ele>321.2</ele>
      </trkpt>
      <trkpt lat="45.144981" lon="13.870657">
        <ele>323.6</ele>
      </trkpt>
      <trkpt lat="45.144779" lon="13.870865">
        <ele>324.6</ele>
      </trkpt>
      <trkpt lat="45.144703" lon="13.871071">
        <ele>325.0</ele>
      </trkpt>
      <trkpt lat="45.144661" lon="13.871378">
        <ele>325.2</ele>
      </trkpt>
      <trkpt lat="45.144638" lon="13.871884">
        <ele>326.7</ele>
      </trkpt>
      <trkpt lat="45.144402" lon="13.872725">
        <ele>327.0</ele>
      </trkpt>
      <trkpt lat="45.144386" lon="13.872928">
        <ele>326.6</ele>
      </trkpt>
      <trkpt lat="45.144394" lon="13.873315">
        <ele>325.7</ele>
      </trkpt>
      <trkpt lat="45.144341" lon="13.873662">
        <ele>327.0</ele>
      </trkpt>
      <trkpt lat="45.144077" lon="13.874452">
        <ele>333.0</ele>
      </trkpt>
      <trkpt lat="45.144005" lon="13.874809">
        <ele>333.7</ele>
      </trkpt>
      <trkpt lat="45.143993" lon="13.875574">
        <ele>335.4</ele>
      </trkpt>
      <trkpt lat="45.143936" lon="13.876515">
        <ele>336.0</ele>
      </trkpt>
      <trkpt lat="45.143826" lon="13.877068">
        <ele>338.0</ele>
      </trkpt>
      <trkpt lat="45.143738" lon="13.877385">
        <ele>339.2</ele>
      </trkpt>
      <trkpt lat="45.143719" lon="13.877593">
        <ele>339.4</ele>
      </trkpt>
      <trkpt lat="45.143719" lon="13.878319">
        <ele>339.0</ele>
      </trkpt>
      <trkpt lat="45.143745" lon="13.878471">
        <ele>339.2</ele>
      </trkpt>
      <trkpt lat="45.143894" lon="13.879045">
        <ele>340.0</ele>
      </trkpt>
      <trkpt lat="45.144123" lon="13.879666">
        <ele>340.2</ele>
      </trkpt>
      <trkpt lat="45.144176" lon="13.88002">
        <ele>340.0</ele>
      </trkpt>
      <trkpt lat="45.144253" lon="13.880313">
        <ele>339.6</ele>
      </trkpt>
      <trkpt lat="45.144417" lon="13.880726">
        <ele>340.0</ele>
      </trkpt>
      <trkpt lat="45.144699" lon="13.881322">
        <ele>341.0</ele>
      </trkpt>
      <trkpt lat="45.144787" lon="13.881642">
        <ele>341.0</ele>
      </trkpt>
      <trkpt lat="45.144806" lon="13.881781">
        <ele>341.6</ele>
      </trkpt>
      <trkpt lat="45.144814" lon="13.882068">
        <ele>341.6</ele>
      </trkpt>
      <trkpt lat="45.144779" lon="13.882964">
        <ele>342.0</ele>
      </trkpt>
      <trkpt lat="45.144741" lon="13.883266">
        <ele>342.0</ele>
      </trkpt>
      <trkpt lat="45.144688" lon="13.883486">
        <ele>342.2</ele>
      </trkpt>
      <trkpt lat="45.144592" lon="13.883736">
        <ele>342.4</ele>
      </trkpt>
      <trkpt lat="45.144497" lon="13.883893">
        <ele>342.7</ele>
      </trkpt>
      <trkpt lat="45.144363" lon="13.884056">
        <ele>343.0</ele>
      </trkpt>
      <trkpt lat="45.144123" lon="13.884269">
        <ele>343.4</ele>
      </trkpt>
      <trkpt lat="45.143913" lon="13.884398">
        <ele>343.6</ele>
      </trkpt>
      <trkpt lat="45.143593" lon="13.88455">
        <ele>344.4</ele>
      </trkpt>
      <trkpt lat="45.143394" lon="13.884673">
        <ele>344.4</ele>
      </trkpt>
      <trkpt lat="45.143299" lon="13.884782">
        <ele>344.4</ele>
      </trkpt>
      <trkpt lat="45.143238" lon="13.884964">
        <ele>344.4</ele>
      </trkpt>
      <trkpt lat="45.143211" lon="13.885238">
        <ele>345.4</ele>
      </trkpt>
      <trkpt lat="45.143204" lon="13.88554">
        <ele>346.7</ele>
      </trkpt>
      <trkpt lat="45.143135" lon="13.886015">
        <ele>348.7</ele>
      </trkpt>
      <trkpt lat="45.143105" lon="13.886402">
        <ele>349.6</ele>
      </trkpt>
      <trkpt lat="45.143154" lon="13.886885">
        <ele>349.2</ele>
      </trkpt>
      <trkpt lat="45.143147" lon="13.887158">
        <ele>348.7</ele>
      </trkpt>
      <trkpt lat="45.143055" lon="13.887573">
        <ele>348.2</ele>
      </trkpt>
      <trkpt lat="45.142971" lon="13.888057">
        <ele>348.6</ele>
      </trkpt>
      <trkpt lat="45.142967" lon="13.88825">
        <ele>349.0</ele>
      </trkpt>
      <trkpt lat="45.143017" lon="13.888871">
        <ele>350.0</ele>
      </trkpt>
      <trkpt lat="45.142982" lon="13.889244">
        <ele>350.0</ele>
      </trkpt>
      <trkpt lat="45.142864" lon="13.890052">
        <ele>350.0</ele>
      </trkpt>
      <trkpt lat="45.142803" lon="13.89133">
        <ele>350.4</ele>
      </trkpt>
      <trkpt lat="45.142841" lon="13.892555">
        <ele>350.0</ele>
      </trkpt>
      <trkpt lat="45.142891" lon="13.892881">
        <ele>348.6</ele>
      </trkpt>
      <trkpt lat="45.143009" lon="13.893306">
        <ele>347.2</ele>
      </trkpt>
      <trkpt lat="45.143074" lon="13.89364">
        <ele>346.6</ele>
      </trkpt>
      <trkpt lat="45.143131" lon="13.894126">
        <ele>347.7</ele>
      </trkpt>
      <trkpt lat="45.143261" lon="13.89486">
        <ele>348.4</ele>
      </trkpt>
      <trkpt lat="45.143341" lon="13.895099">
        <ele>348.6</ele>
      </trkpt>
      <trkpt lat="45.14344" lon="13.895249">
        <ele>348.7</ele>
      </trkpt>
      <trkpt lat="45.143627" lon="13.89547">
        <ele>347.6</ele>
      </trkpt>
      <trkpt lat="45.143768" lon="13.895696">
        <ele>347.6</ele>
      </trkpt>
      <trkpt lat="45.143833" lon="13.89587">
        <ele>347.6</ele>
      </trkpt>
      <trkpt lat="45.143856" lon="13.895992">
        <ele>348.4</ele>
      </trkpt>
      <trkpt lat="45.14386" lon="13.896192">
        <ele>349.4</ele>
      </trkpt>
      <trkpt lat="45.14381" lon="13.896688">
        <ele>350.6</ele>
      </trkpt>
      <trkpt lat="45.143803" lon="13.896926">
        <ele>350.6</ele>
      </trkpt>
      <trkpt lat="45.143852" lon="13.897838">
        <ele>352.0</ele>
      </trkpt>
      <trkpt lat="45.143925" lon="13.89874">
        <ele>354.0</ele>
      </trkpt>
      <trkpt lat="45.143929" lon="13.899138">
        <ele>354.2</ele>
      </trkpt>
      <trkpt lat="45.143864" lon="13.899456">
        <ele>354.6</ele>
      </trkpt>
      <trkpt lat="45.14373" lon="13.899959">
        <ele>354.0</ele>
      </trkpt>
      <trkpt lat="45.143723" lon="13.900129">
        <ele>353.6</ele>
      </trkpt>
      <trkpt lat="45.143776" lon="13.90059">
        <ele>353.4</ele>
      </trkpt>
      <trkpt lat="45.143791" lon="13.901117">
        <ele>354.6</ele>
      </trkpt>
      <trkpt lat="45.143784" lon="13.901206">
        <ele>354.7</ele>
      </trkpt>
      <trkpt lat="45.143703" lon="13.901469">
        <ele>354.4</ele>
      </trkpt>
      <trkpt lat="45.143692" lon="13.901701">
        <ele>354.0</ele>
      </trkpt>
      <trkpt lat="45.143707" lon="13.901734">
        <ele>354.0</ele>
      </trkpt>
      <trkpt lat="45.14373" lon="13.901745">
        <ele>354.0</ele>
      </trkpt>
      <trkpt lat="45.143776" lon="13.901723">
        <ele>353.7</ele>
      </trkpt>
      <trkpt lat="45.143803" lon="13.901688">
        <ele>354.6</ele>
      </trkpt>
      <trkpt lat="45.143875" lon="13.901657">
        <ele>354.6</ele>
      </trkpt>
      <trkpt lat="45.143948" lon="13.901667">
        <ele>355.0</ele>
      </trkpt>
      <trkpt lat="45.14431" lon="13.901914">
        <ele>355.4</ele>
      </trkpt>
      <trkpt lat="45.144497" lon="13.902102">
        <ele>356.2</ele>
      </trkpt>
      <trkpt lat="45.144588" lon="13.902151">
        <ele>356.6</ele>
      </trkpt>
      <trkpt lat="45.144634" lon="13.90215">
        <ele>356.6</ele>
      </trkpt>
      <trkpt lat="45.144695" lon="13.902115">
        <ele>356.7</ele>
      </trkpt>
      <trkpt lat="45.144783" lon="13.901974">
        <ele>357.0</ele>
      </trkpt>
      <trkpt lat="45.144814" lon="13.901904">
        <ele>357.0</ele>
      </trkpt>
      <trkpt lat="45.144802" lon="13.901731">
        <ele>358.6</ele>
      </trkpt>
      <trkpt lat="45.144867" lon="13.901905">
        <ele>358.7</ele>
      </trkpt>
      <trkpt lat="45.14481" lon="13.901955">
        <ele>358.7</ele>
      </trkpt>
      <trkpt lat="45.144756" lon="13.901977">
        <ele>358.4</ele>
      </trkpt>
      <trkpt lat="45.144714" lon="13.902021">
        <ele>358.0</ele>
      </trkpt>
      <trkpt lat="45.144684" lon="13.902086">
        <ele>356.7</ele>
      </trkpt>
      <trkpt lat="45.144619" lon="13.902092">
        <ele>356.4</ele>
      </trkpt>
      <trkpt lat="45.144169" lon="13.901731">
        <ele>355.2</ele>
      </trkpt>
      <trkpt lat="45.143867" lon="13.901553">
        <ele>354.4</ele>
      </trkpt>
      <trkpt lat="45.14378" lon="13.901513">
        <ele>355.4</ele>
      </trkpt>
      <trkpt lat="45.143719" lon="13.901509">
        <ele>355.4</ele>
      </trkpt>
      <trkpt lat="45.143692" lon="13.901538">
        <ele>355.2</ele>
      </trkpt>
      <trkpt lat="45.143673" lon="13.901691">
        <ele>354.7</ele>
      </trkpt>
      <trkpt lat="45.143635" lon="13.901815">
        <ele>354.6</ele>
      </trkpt>
      <trkpt lat="45.143368" lon="13.902286">
        <ele>354.2</ele>
      </trkpt>
      <trkpt lat="45.143311" lon="13.902416">
        <ele>354.0</ele>
      </trkpt>
      <trkpt lat="45.143188" lon="13.902766">
        <ele>354.6</ele>
      </trkpt>
      <trkpt lat="45.143162" lon="13.902909">
        <ele>354.6</ele>
      </trkpt>
      <trkpt lat="45.143005" lon="13.90334">
        <ele>354.6</ele>
      </trkpt>
      <trkpt lat="45.142975" lon="13.903388">
        <ele>354.7</ele>
      </trkpt>
      <trkpt lat="45.142895" lon="13.903445">
        <ele>355.7</ele>
      </trkpt>
      <trkpt lat="45.142853" lon="13.903444">
        <ele>356.2</ele>
      </trkpt>
      <trkpt lat="45.142735" lon="13.903389">
        <ele>357.4</ele>
      </trkpt>
      <trkpt lat="45.142605" lon="13.903399">
        <ele>357.7</ele>
      </trkpt>
      <trkpt lat="45.142509" lon="13.903481">
        <ele>358.0</ele>
      </trkpt>
      <trkpt lat="45.142464" lon="13.903601">
        <ele>358.0</ele>
      </trkpt>
      <trkpt lat="45.142586" lon="13.90402">
        <ele>358.2</ele>
      </trkpt>
      <trkpt lat="45.142826" lon="13.905268">
        <ele>362.2</ele>
      </trkpt>
      <trkpt lat="45.142929" lon="13.905663">
        <ele>363.7</ele>
      </trkpt>
      <trkpt lat="45.143047" lon="13.90591">
        <ele>364.7</ele>
      </trkpt>
      <trkpt lat="45.143326" lon="13.90628">
        <ele>366.0</ele>
      </trkpt>
      <trkpt lat="45.143356" lon="13.906432">
        <ele>366.6</ele>
      </trkpt>
      <trkpt lat="45.143444" lon="13.907448">
        <ele>368.0</ele>
      </trkpt>
      <trkpt lat="45.143475" lon="13.907619">
        <ele>368.2</ele>
      </trkpt>
      <trkpt lat="45.143543" lon="13.907837">
        <ele>368.2</ele>
      </trkpt>
      <trkpt lat="45.14378" lon="13.908303">
        <ele>368.4</ele>
      </trkpt>
      <trkpt lat="45.143909" lon="13.908472">
        <ele>368.6</ele>
      </trkpt>
      <trkpt lat="45.144039" lon="13.908565">
        <ele>368.4</ele>
      </trkpt>
      <trkpt lat="45.144485" lon="13.908686">
        <ele>368.0</ele>
      </trkpt>
      <trkpt lat="45.144527" lon="13.908713">
        <ele>368.0</ele>
      </trkpt>
      <trkpt lat="45.14455" lon="13.908765">
        <ele>368.0</ele>
      </trkpt>
      <trkpt lat="45.14455" lon="13.908826">
        <ele>368.0</ele>
      </trkpt>
      <trkpt lat="45.144505" lon="13.908909">
        <ele>368.0</ele>
      </trkpt>
      <trkpt lat="45.14444" lon="13.908948">
        <ele>368.2</ele>
      </trkpt>
      <trkpt lat="45.144264" lon="13.908997">
        <ele>369.0</ele>
      </trkpt>
      <trkpt lat="45.14399" lon="13.909118">
        <ele>370.6</ele>
      </trkpt>
      <trkpt lat="45.143913" lon="13.909125">
        <ele>370.7</ele>
      </trkpt>
      <trkpt lat="45.143883" lon="13.909096">
        <ele>371.0</ele>
      </trkpt>
      <trkpt lat="45.143894" lon="13.909123">
        <ele>371.2</ele>
      </trkpt>
      <trkpt lat="45.143875" lon="13.90919">
        <ele>371.0</ele>
      </trkpt>
      <trkpt lat="45.14373" lon="13.909266">
        <ele>371.0</ele>
      </trkpt>
      <trkpt lat="45.143669" lon="13.909266">
        <ele>370.7</ele>
      </trkpt>
      <trkpt lat="45.143612" lon="13.909223">
        <ele>370.6</ele>
      </trkpt>
      <trkpt lat="45.143295" lon="13.908792">
        <ele>371.7</ele>
      </trkpt>
      <trkpt lat="45.1432" lon="13.908701">
        <ele>372.2</ele>
      </trkpt>
      <trkpt lat="45.143169" lon="13.908632">
        <ele>372.4</ele>
      </trkpt>
      <trkpt lat="45.143082" lon="13.908582">
        <ele>373.2</ele>
      </trkpt>
      <trkpt lat="45.142963" lon="13.908462">
        <ele>374.6</ele>
      </trkpt>
      <trkpt lat="45.142899" lon="13.908328">
        <ele>375.6</ele>
      </trkpt>
      <trkpt lat="45.142834" lon="13.908101">
        <ele>376.6</ele>
      </trkpt>
      <trkpt lat="45.142746" lon="13.907937">
        <ele>377.4</ele>
      </trkpt>
      <trkpt lat="45.142761" lon="13.907797">
        <ele>378.0</ele>
      </trkpt>
      <trkpt lat="45.142715" lon="13.907399">
        <ele>378.2</ele>
      </trkpt>
      <trkpt lat="45.142666" lon="13.907141">
        <ele>378.2</ele>
      </trkpt>
      <trkpt lat="45.142662" lon="13.907025">
        <ele>378.6</ele>
      </trkpt>
      <trkpt lat="45.142605" lon="13.906816">
        <ele>378.4</ele>
      </trkpt>
      <trkpt lat="45.142658" lon="13.906891">
        <ele>379.4</ele>
      </trkpt>
      <trkpt lat="45.142708" lon="13.90683">
        <ele>379.4</ele>
      </trkpt>
      <trkpt lat="45.142765" lon="13.906836">
        <ele>379.4</ele>
      </trkpt>
      <trkpt lat="45.142773" lon="13.906853">
        <ele>379.6</ele>
      </trkpt>
      <trkpt lat="45.142773" lon="13.906886">
        <ele>380.0</ele>
      </trkpt>
      <trkpt lat="45.142712" lon="13.906849">
        <ele>381.2</ele>
      </trkpt>
      <trkpt lat="45.14267" lon="13.906721">
        <ele>381.0</ele>
      </trkpt>
      <trkpt lat="45.14262" lon="13.90665">
        <ele>380.6</ele>
      </trkpt>
      <trkpt lat="45.142582" lon="13.906612">
        <ele>380.4</ele>
      </trkpt>
      <trkpt lat="45.142517" lon="13.906598">
        <ele>379.7</ele>
      </trkpt>
      <trkpt lat="45.14249" lon="13.906623">
        <ele>379.6</ele>
      </trkpt>
      <trkpt lat="45.142464" lon="13.906749">
        <ele>378.7</ele>
      </trkpt>
      <trkpt lat="45.142429" lon="13.906819">
        <ele>378.4</ele>
      </trkpt>
      <trkpt lat="45.142239" lon="13.906942">
        <ele>376.7</ele>
      </trkpt>
      <trkpt lat="45.142147" lon="13.907174">
        <ele>374.4</ele>
      </trkpt>
      <trkpt lat="45.141914" lon="13.907344">
        <ele>370.2</ele>
      </trkpt>
      <trkpt lat="45.141846" lon="13.907414">
        <ele>369.4</ele>
      </trkpt>
      <trkpt lat="45.141758" lon="13.907592">
        <ele>368.7</ele>
      </trkpt>
      <trkpt lat="45.141731" lon="13.907734">
        <ele>368.4</ele>
      </trkpt>
      <trkpt lat="45.141708" lon="13.907775">
        <ele>368.0</ele>
      </trkpt>
      <trkpt lat="45.141693" lon="13.908051">
        <ele>367.6</ele>
      </trkpt>
      <trkpt lat="45.141647" lon="13.908113">
        <ele>367.2</ele>
      </trkpt>
      <trkpt lat="45.141644" lon="13.908277">
        <ele>367.0</ele>
      </trkpt>
      <trkpt lat="45.141563" lon="13.908425">
        <ele>366.6</ele>
      </trkpt>
      <trkpt lat="45.141552" lon="13.908575">
        <ele>366.4</ele>
      </trkpt>
      <trkpt lat="45.141399" lon="13.908987">
        <ele>365.0</ele>
      </trkpt>
      <trkpt lat="45.141228" lon="13.909572">
        <ele>363.2</ele>
      </trkpt>
      <trkpt lat="45.141174" lon="13.909669">
        <ele>363.0</ele>
      </trkpt>
      <trkpt lat="45.140461" lon="13.91058">
        <ele>361.6</ele>
      </trkpt>
      <trkpt lat="45.140087" lon="13.91098">
        <ele>359.2</ele>
      </trkpt>
      <trkpt lat="45.139923" lon="13.911108">
        <ele>357.7</ele>
      </trkpt>
      <trkpt lat="45.139755" lon="13.911199">
        <ele>356.6</ele>
      </trkpt>
      <trkpt lat="45.139404" lon="13.911313">
        <ele>354.7</ele>
      </trkpt>
      <trkpt lat="45.139149" lon="13.911367">
        <ele>354.2</ele>
      </trkpt>
      <trkpt lat="45.138988" lon="13.911373">
        <ele>353.7</ele>
      </trkpt>
      <trkpt lat="45.138489" lon="13.911281">
        <ele>354.0</ele>
      </trkpt>
      <trkpt lat="45.138336" lon="13.911246">
        <ele>353.6</ele>
      </trkpt>
      <trkpt lat="45.137955" lon="13.911097">
        <ele>351.7</ele>
      </trkpt>
      <trkpt lat="45.137699" lon="13.911016">
        <ele>351.7</ele>
      </trkpt>
      <trkpt lat="45.137283" lon="13.910968">
        <ele>355.6</ele>
      </trkpt>
      <trkpt lat="45.137192" lon="13.910945">
        <ele>356.4</ele>
      </trkpt>
      <trkpt lat="45.137012" lon="13.910875">
        <ele>357.4</ele>
      </trkpt>
      <trkpt lat="45.136753" lon="13.910744">
        <ele>357.6</ele>
      </trkpt>
      <trkpt lat="45.136662" lon="13.910673">
        <ele>357.2</ele>
      </trkpt>
      <trkpt lat="45.13657" lon="13.910564">
        <ele>356.7</ele>
      </trkpt>
      <trkpt lat="45.136223" lon="13.909971">
        <ele>355.2</ele>
      </trkpt>
      <trkpt lat="45.136089" lon="13.909815">
        <ele>355.2</ele>
      </trkpt>
      <trkpt lat="45.13604" lon="13.909781">
        <ele>355.2</ele>
      </trkpt>
      <trkpt lat="45.135899" lon="13.909727">
        <ele>355.6</ele>
      </trkpt>
      <trkpt lat="45.135551" lon="13.909704">
        <ele>356.6</ele>
      </trkpt>
      <trkpt lat="45.13533" lon="13.909651">
        <ele>357.0</ele>
      </trkpt>
      <trkpt lat="45.134995" lon="13.909492">
        <ele>358.4</ele>
      </trkpt>
      <trkpt lat="45.134655" lon="13.90942">
        <ele>360.0</ele>
      </trkpt>
      <trkpt lat="45.134579" lon="13.909389">
        <ele>360.6</ele>
      </trkpt>
      <trkpt lat="45.134483" lon="13.909308">
        <ele>361.2</ele>
      </trkpt>
      <trkpt lat="45.134426" lon="13.90922">
        <ele>361.6</ele>
      </trkpt>
      <trkpt lat="45.134327" lon="13.908871">
        <ele>364.2</ele>
      </trkpt>
      <trkpt lat="45.134281" lon="13.908803">
        <ele>364.4</ele>
      </trkpt>
      <trkpt lat="45.134216" lon="13.90876">
        <ele>364.6</ele>
      </trkpt>
      <trkpt lat="45.13414" lon="13.908743">
        <ele>364.6</ele>
      </trkpt>
      <trkpt lat="45.133785" lon="13.908724">
        <ele>364.7</ele>
      </trkpt>
      <trkpt lat="45.13356" lon="13.908688">
        <ele>365.0</ele>
      </trkpt>
      <trkpt lat="45.133114" lon="13.908572">
        <ele>366.7</ele>
      </trkpt>
      <trkpt lat="45.132965" lon="13.908513">
        <ele>367.6</ele>
      </trkpt>
      <trkpt lat="45.13282" lon="13.908393">
        <ele>369.0</ele>
      </trkpt>
      <trkpt lat="45.13213" lon="13.907556">
        <ele>367.2</ele>
      </trkpt>
      <trkpt lat="45.131966" lon="13.907422">
        <ele>367.2</ele>
      </trkpt>
      <trkpt lat="45.131863" lon="13.90739">
        <ele>367.2</ele>
      </trkpt>
      <trkpt lat="45.131706" lon="13.907377">
        <ele>367.2</ele>
      </trkpt>
      <trkpt lat="45.131012" lon="13.907413">
        <ele>369.7</ele>
      </trkpt>
      <trkpt lat="45.130299" lon="13.907383">
        <ele>372.2</ele>
      </trkpt>
      <trkpt lat="45.128941" lon="13.907563">
        <ele>372.2</ele>
      </trkpt>
      <trkpt lat="45.128799" lon="13.907568">
        <ele>371.0</ele>
      </trkpt>
      <trkpt lat="45.128597" lon="13.90753">
        <ele>370.0</ele>
      </trkpt>
      <trkpt lat="45.128326" lon="13.907415">
        <ele>369.2</ele>
      </trkpt>
      <trkpt lat="45.127892" lon="13.907141">
        <ele>366.2</ele>
      </trkpt>
      <trkpt lat="45.127426" lon="13.90695">
        <ele>364.0</ele>
      </trkpt>
      <trkpt lat="45.127213" lon="13.906879">
        <ele>364.2</ele>
      </trkpt>
      <trkpt lat="45.127007" lon="13.906839">
        <ele>364.4</ele>
      </trkpt>
      <trkpt lat="45.126751" lon="13.906828">
        <ele>365.6</ele>
      </trkpt>
      <trkpt lat="45.126755" lon="13.906791">
        <ele>366.0</ele>
      </trkpt>
      <trkpt lat="45.126862" lon="13.90662">
        <ele>365.4</ele>
      </trkpt>
      <trkpt lat="45.126877" lon="13.906474">
        <ele>365.0</ele>
      </trkpt>
      <trkpt lat="45.126827" lon="13.906307">
        <ele>364.6</ele>
      </trkpt>
      <trkpt lat="45.126736" lon="13.906141">
        <ele>364.4</ele>
      </trkpt>
      <trkpt lat="45.126663" lon="13.906043">
        <ele>364.2</ele>
      </trkpt>
      <trkpt lat="45.126572" lon="13.905965">
        <ele>364.0</ele>
      </trkpt>
      <trkpt lat="45.126469" lon="13.90592">
        <ele>363.7</ele>
      </trkpt>
      <trkpt lat="45.126366" lon="13.905901">
        <ele>363.4</ele>
      </trkpt>
      <trkpt lat="45.125965" lon="13.90591">
        <ele>363.6</ele>
      </trkpt>
      <trkpt lat="45.125526" lon="13.905858">
        <ele>363.0</ele>
      </trkpt>
      <trkpt lat="45.125145" lon="13.905661">
        <ele>362.2</ele>
      </trkpt>
      <trkpt lat="45.12484" lon="13.905471">
        <ele>362.2</ele>
      </trkpt>
      <trkpt lat="45.124508" lon="13.905302">
        <ele>362.7</ele>
      </trkpt>
      <trkpt lat="45.124195" lon="13.905081">
        <ele>363.4</ele>
      </trkpt>
      <trkpt lat="45.12405" lon="13.904947">
        <ele>362.7</ele>
      </trkpt>
      <trkpt lat="45.123943" lon="13.904896">
        <ele>362.2</ele>
      </trkpt>
      <trkpt lat="45.123829" lon="13.904908">
        <ele>361.6</ele>
      </trkpt>
      <trkpt lat="45.123772" lon="13.904943">
        <ele>361.2</ele>
      </trkpt>
      <trkpt lat="45.123337" lon="13.905326">
        <ele>359.0</ele>
      </trkpt>
      <trkpt lat="45.123219" lon="13.905413">
        <ele>358.7</ele>
      </trkpt>
      <trkpt lat="45.123158" lon="13.905444">
        <ele>358.7</ele>
      </trkpt>
      <trkpt lat="45.123032" lon="13.905469">
        <ele>358.7</ele>
      </trkpt>
      <trkpt lat="45.122917" lon="13.905459">
        <ele>358.7</ele>
      </trkpt>
      <trkpt lat="45.122814" lon="13.905426">
        <ele>359.2</ele>
      </trkpt>
      <trkpt lat="45.122063" lon="13.905046">
        <ele>361.2</ele>
      </trkpt>
      <trkpt lat="45.121834" lon="13.904949">
        <ele>360.2</ele>
      </trkpt>
      <trkpt lat="45.121593" lon="13.904892">
        <ele>359.4</ele>
      </trkpt>
      <trkpt lat="45.120846" lon="13.904802">
        <ele>359.0</ele>
      </trkpt>
      <trkpt lat="45.120701" lon="13.90481">
        <ele>358.0</ele>
      </trkpt>
      <trkpt lat="45.120483" lon="13.904859">
        <ele>356.7</ele>
      </trkpt>
      <trkpt lat="45.119999" lon="13.905046">
        <ele>356.7</ele>
      </trkpt>
      <trkpt lat="45.119656" lon="13.90521">
        <ele>356.6</ele>
      </trkpt>
      <trkpt lat="45.11935" lon="13.905323">
        <ele>355.7</ele>
      </trkpt>
      <trkpt lat="45.119164" lon="13.905376">
        <ele>355.2</ele>
      </trkpt>
      <trkpt lat="45.119038" lon="13.905382">
        <ele>354.7</ele>
      </trkpt>
      <trkpt lat="45.118782" lon="13.905319">
        <ele>354.0</ele>
      </trkpt>
      <trkpt lat="45.118496" lon="13.905198">
        <ele>353.7</ele>
      </trkpt>
      <trkpt lat="45.118389" lon="13.905141">
        <ele>354.0</ele>
      </trkpt>
      <trkpt lat="45.118099" lon="13.904936">
        <ele>354.4</ele>
      </trkpt>
      <trkpt lat="45.117779" lon="13.904775">
        <ele>356.0</ele>
      </trkpt>
      <trkpt lat="45.117748" lon="13.904745">
        <ele>356.4</ele>
      </trkpt>
      <trkpt lat="45.117733" lon="13.904701">
        <ele>356.6</ele>
      </trkpt>
      <trkpt lat="45.117733" lon="13.904648">
        <ele>356.7</ele>
      </trkpt>
      <trkpt lat="45.117802" lon="13.904429">
        <ele>356.4</ele>
      </trkpt>
      <trkpt lat="45.118179" lon="13.903438">
        <ele>353.2</ele>
      </trkpt>
      <trkpt lat="45.11837" lon="13.902871">
        <ele>353.0</ele>
      </trkpt>
      <trkpt lat="45.118446" lon="13.902684">
        <ele>353.0</ele>
      </trkpt>
      <trkpt lat="45.118706" lon="13.902224">
        <ele>353.2</ele>
      </trkpt>
      <trkpt lat="45.118843" lon="13.90181">
        <ele>353.7</ele>
      </trkpt>
      <trkpt lat="45.118866" lon="13.901693">
        <ele>354.0</ele>
      </trkpt>
      <trkpt lat="45.118839" lon="13.901461">
        <ele>354.7</ele>
      </trkpt>
      <trkpt lat="45.118694" lon="13.900904">
        <ele>355.4</ele>
      </trkpt>
      <trkpt lat="45.118668" lon="13.900366">
        <ele>355.7</ele>
      </trkpt>
      <trkpt lat="45.118633" lon="13.900097">
        <ele>355.4</ele>
      </trkpt>
      <trkpt lat="45.118595" lon="13.899953">
        <ele>355.0</ele>
      </trkpt>
      <trkpt lat="45.118477" lon="13.899657">
        <ele>353.7</ele>
      </trkpt>
      <trkpt lat="45.118401" lon="13.899417">
        <ele>353.0</ele>
      </trkpt>
      <trkpt lat="45.118385" lon="13.899266">
        <ele>352.6</ele>
      </trkpt>
      <trkpt lat="45.118416" lon="13.899019">
        <ele>352.7</ele>
      </trkpt>
      <trkpt lat="45.118614" lon="13.898489">
        <ele>352.7</ele>
      </trkpt>
      <trkpt lat="45.118706" lon="13.898304">
        <ele>353.0</ele>
      </trkpt>
      <trkpt lat="45.118809" lon="13.898163">
        <ele>353.2</ele>
      </trkpt>
      <trkpt lat="45.119091" lon="13.897854">
        <ele>353.7</ele>
      </trkpt>
      <trkpt lat="45.119198" lon="13.897694">
        <ele>354.0</ele>
      </trkpt>
      <trkpt lat="45.119282" lon="13.897477">
        <ele>353.4</ele>
      </trkpt>
      <trkpt lat="45.119358" lon="13.897168">
        <ele>352.2</ele>
      </trkpt>
      <trkpt lat="45.119568" lon="13.896479">
        <ele>353.0</ele>
      </trkpt>
      <trkpt lat="45.119797" lon="13.896106">
        <ele>354.7</ele>
      </trkpt>
      <trkpt lat="45.11985" lon="13.895899">
        <ele>355.2</ele>
      </trkpt>
      <trkpt lat="45.119865" lon="13.895076">
        <ele>354.0</ele>
      </trkpt>
      <trkpt lat="45.119911" lon="13.894473">
        <ele>354.0</ele>
      </trkpt>
      <trkpt lat="45.119904" lon="13.894246">
        <ele>353.7</ele>
      </trkpt>
      <trkpt lat="45.119827" lon="13.893393">
        <ele>350.4</ele>
      </trkpt>
      <trkpt lat="45.119625" lon="13.892486">
        <ele>346.6</ele>
      </trkpt>
      <trkpt lat="45.119568" lon="13.892155">
        <ele>346.2</ele>
      </trkpt>
      <trkpt lat="45.119541" lon="13.891562">
        <ele>346.2</ele>
      </trkpt>
      <trkpt lat="45.119556" lon="13.891279">
        <ele>346.0</ele>
      </trkpt>
      <trkpt lat="45.119583" lon="13.891094">
        <ele>345.6</ele>
      </trkpt>
      <trkpt lat="45.119732" lon="13.890505">
        <ele>345.0</ele>
      </trkpt>
      <trkpt lat="45.119816" lon="13.890091">
        <ele>345.0</ele>
      </trkpt>
      <trkpt lat="45.120045" lon="13.888545">
        <ele>342.6</ele>
      </trkpt>
      <trkpt lat="45.120071" lon="13.888287">
        <ele>341.0</ele>
      </trkpt>
      <trkpt lat="45.120056" lon="13.888016">
        <ele>339.2</ele>
      </trkpt>
      <trkpt lat="45.119972" lon="13.887351">
        <ele>336.4</ele>
      </trkpt>
      <trkpt lat="45.119888" lon="13.886912">
        <ele>336.7</ele>
      </trkpt>
      <trkpt lat="45.119778" lon="13.886452">
        <ele>338.2</ele>
      </trkpt>
      <trkpt lat="45.119747" lon="13.886206">
        <ele>339.2</ele>
      </trkpt>
      <trkpt lat="45.119785" lon="13.885987">
        <ele>340.2</ele>
      </trkpt>
      <trkpt lat="45.120083" lon="13.885283">
        <ele>343.2</ele>
      </trkpt>
      <trkpt lat="45.12019" lon="13.884952">
        <ele>343.7</ele>
      </trkpt>
      <trkpt lat="45.120255" lon="13.884672">
        <ele>343.6</ele>
      </trkpt>
      <trkpt lat="45.120338" lon="13.884168">
        <ele>341.2</ele>
      </trkpt>
      <trkpt lat="45.120445" lon="13.883714">
        <ele>339.0</ele>
      </trkpt>
      <trkpt lat="45.120514" lon="13.883287">
        <ele>338.7</ele>
      </trkpt>
      <trkpt lat="45.120575" lon="13.881721">
        <ele>342.7</ele>
      </trkpt>
      <trkpt lat="45.120594" lon="13.881544">
        <ele>343.4</ele>
      </trkpt>
      <trkpt lat="45.120529" lon="13.879915">
        <ele>344.4</ele>
      </trkpt>
      <trkpt lat="45.120533" lon="13.87969">
        <ele>344.2</ele>
      </trkpt>
      <trkpt lat="45.120575" lon="13.879244">
        <ele>342.7</ele>
      </trkpt>
      <trkpt lat="45.120705" lon="13.878747">
        <ele>341.0</ele>
      </trkpt>
      <trkpt lat="45.120731" lon="13.878553">
        <ele>340.0</ele>
      </trkpt>
      <trkpt lat="45.12077" lon="13.87799">
        <ele>338.6</ele>
      </trkpt>
      <trkpt lat="45.120876" lon="13.876912">
        <ele>338.0</ele>
      </trkpt>
      <trkpt lat="45.120876" lon="13.876218">
        <ele>335.4</ele>
      </trkpt>
      <trkpt lat="45.120827" lon="13.875805">
        <ele>334.0</ele>
      </trkpt>
      <trkpt lat="45.120728" lon="13.875297">
        <ele>333.6</ele>
      </trkpt>
      <trkpt lat="45.12051" lon="13.874758">
        <ele>332.2</ele>
      </trkpt>
      <trkpt lat="45.120186" lon="13.874075">
        <ele>329.7</ele>
      </trkpt>
      <trkpt lat="45.120075" lon="13.873738">
        <ele>328.2</ele>
      </trkpt>
      <trkpt lat="45.119999" lon="13.873379">
        <ele>327.2</ele>
      </trkpt>
      <trkpt lat="45.119949" lon="13.872901">
        <ele>326.7</ele>
      </trkpt>
      <trkpt lat="45.119907" lon="13.8727">
        <ele>327.2</ele>
      </trkpt>
      <trkpt lat="45.119835" lon="13.872614">
        <ele>327.4</ele>
      </trkpt>
      <trkpt lat="45.119705" lon="13.872567">
        <ele>327.7</ele>
      </trkpt>
      <trkpt lat="45.119629" lon="13.872514">
        <ele>328.0</ele>
      </trkpt>
      <trkpt lat="45.119572" lon="13.872421">
        <ele>327.7</ele>
      </trkpt>
      <trkpt lat="45.119492" lon="13.872082">
        <ele>327.2</ele>
      </trkpt>
      <trkpt lat="45.119347" lon="13.871746">
        <ele>326.6</ele>
      </trkpt>
      <trkpt lat="45.119286" lon="13.87142">
        <ele>325.7</ele>
      </trkpt>
      <trkpt lat="45.119225" lon="13.871245">
        <ele>325.6</ele>
      </trkpt>
      <trkpt lat="45.118954" lon="13.870863">
        <ele>325.0</ele>
      </trkpt>
      <trkpt lat="45.11871" lon="13.870573">
        <ele>324.2</ele>
      </trkpt>
      <trkpt lat="45.118618" lon="13.870489">
        <ele>324.0</ele>
      </trkpt>
      <trkpt lat="45.11834" lon="13.870309">
        <ele>322.7</ele>
      </trkpt>
      <trkpt lat="45.118015" lon="13.870125">
        <ele>321.4</ele>
      </trkpt>
      <trkpt lat="45.117874" lon="13.870076">
        <ele>320.7</ele>
      </trkpt>
      <trkpt lat="45.117733" lon="13.870056">
        <ele>320.2</ele>
      </trkpt>
      <trkpt lat="45.117584" lon="13.870069">
        <ele>319.6</ele>
      </trkpt>
      <trkpt lat="45.11755" lon="13.870057">
        <ele>319.6</ele>
      </trkpt>
      <trkpt lat="45.116989" lon="13.86974">
        <ele>317.6</ele>
      </trkpt>
      <trkpt lat="45.116882" lon="13.86964">
        <ele>317.0</ele>
      </trkpt>
      <trkpt lat="45.116795" lon="13.869505">
        <ele>316.2</ele>
      </trkpt>
      <trkpt lat="45.116684" lon="13.869179">
        <ele>315.0</ele>
      </trkpt>
      <trkpt lat="45.1166" lon="13.868736">
        <ele>314.2</ele>
      </trkpt>
      <trkpt lat="45.11636" lon="13.867848">
        <ele>313.4</ele>
      </trkpt>
      <trkpt lat="45.116211" lon="13.867435">
        <ele>313.2</ele>
      </trkpt>
      <trkpt lat="45.115921" lon="13.86678">
        <ele>313.4</ele>
      </trkpt>
      <trkpt lat="45.115677" lon="13.866005">
        <ele>315.6</ele>
      </trkpt>
      <trkpt lat="45.115601" lon="13.865515">
        <ele>315.0</ele>
      </trkpt>
      <trkpt lat="45.115574" lon="13.864945">
        <ele>312.6</ele>
      </trkpt>
      <trkpt lat="45.115452" lon="13.863937">
        <ele>309.4</ele>
      </trkpt>
      <trkpt lat="45.115437" lon="13.863688">
        <ele>309.4</ele>
      </trkpt>
      <trkpt lat="45.115475" lon="13.863479">
        <ele>309.4</ele>
      </trkpt>
      <trkpt lat="45.11573" lon="13.862736">
        <ele>307.6</ele>
      </trkpt>
      <trkpt lat="45.116196" lon="13.861626">
        <ele>308.0</ele>
      </trkpt>
      <trkpt lat="45.11631" lon="13.861453">
        <ele>308.2</ele>
      </trkpt>
      <trkpt lat="45.116436" lon="13.861305">
        <ele>308.6</ele>
      </trkpt>
      <trkpt lat="45.116676" lon="13.861045">
        <ele>309.6</ele>
      </trkpt>
      <trkpt lat="45.116913" lon="13.860818">
        <ele>310.0</ele>
      </trkpt>
      <trkpt lat="45.117035" lon="13.860667">
        <ele>309.6</ele>
      </trkpt>
      <trkpt lat="45.117348" lon="13.859874">
        <ele>305.4</ele>
      </trkpt>
      <trkpt lat="45.117569" lon="13.859394">
        <ele>303.7</ele>
      </trkpt>
      <trkpt lat="45.117664" lon="13.859022">
        <ele>304.2</ele>
      </trkpt>
      <trkpt lat="45.117638" lon="13.85849">
        <ele>304.4</ele>
      </trkpt>
      <trkpt lat="45.117584" lon="13.858016">
        <ele>303.7</ele>
      </trkpt>
      <trkpt lat="45.117321" lon="13.857108">
        <ele>303.4</ele>
      </trkpt>
      <trkpt lat="45.117157" lon="13.856118">
        <ele>304.4</ele>
      </trkpt>
      <trkpt lat="45.116901" lon="13.85519">
        <ele>304.2</ele>
      </trkpt>
      <trkpt lat="45.11673" lon="13.854465">
        <ele>303.4</ele>
      </trkpt>
      <trkpt lat="45.11668" lon="13.85402">
        <ele>304.2</ele>
      </trkpt>
      <trkpt lat="45.116657" lon="13.853092">
        <ele>304.4</ele>
      </trkpt>
      <trkpt lat="45.116673" lon="13.852629">
        <ele>304.2</ele>
      </trkpt>
      <trkpt lat="45.116695" lon="13.852369">
        <ele>304.2</ele>
      </trkpt>
      <trkpt lat="45.116879" lon="13.851542">
        <ele>306.6</ele>
      </trkpt>
      <trkpt lat="45.116909" lon="13.85117">
        <ele>306.7</ele>
      </trkpt>
      <trkpt lat="45.116936" lon="13.849968">
        <ele>306.2</ele>
      </trkpt>
      <trkpt lat="45.116955" lon="13.849786">
        <ele>306.0</ele>
      </trkpt>
      <trkpt lat="45.117054" lon="13.849232">
        <ele>305.0</ele>
      </trkpt>
      <trkpt lat="45.117054" lon="13.848844">
        <ele>304.7</ele>
      </trkpt>
      <trkpt lat="45.117077" lon="13.848733">
        <ele>304.7</ele>
      </trkpt>
      <trkpt lat="45.117496" lon="13.847847">
        <ele>304.4</ele>
      </trkpt>
      <trkpt lat="45.118019" lon="13.846831">
        <ele>304.2</ele>
      </trkpt>
      <trkpt lat="45.118366" lon="13.846034">
        <ele>303.0</ele>
      </trkpt>
      <trkpt lat="45.118889" lon="13.844907">
        <ele>299.2</ele>
      </trkpt>
      <trkpt lat="45.119007" lon="13.844613">
        <ele>298.4</ele>
      </trkpt>
      <trkpt lat="45.119068" lon="13.844417">
        <ele>298.0</ele>
      </trkpt>
      <trkpt lat="45.119106" lon="13.844211">
        <ele>297.6</ele>
      </trkpt>
      <trkpt lat="45.119106" lon="13.843366">
        <ele>295.2</ele>
      </trkpt>
      <trkpt lat="45.119152" lon="13.843032">
        <ele>294.2</ele>
      </trkpt>
      <trkpt lat="45.119331" lon="13.842507">
        <ele>295.0</ele>
      </trkpt>
      <trkpt lat="45.11945" lon="13.842218">
        <ele>295.6</ele>
      </trkpt>
      <trkpt lat="45.119587" lon="13.841955">
        <ele>295.2</ele>
      </trkpt>
      <trkpt lat="45.120033" lon="13.841352">
        <ele>291.7</ele>
      </trkpt>
      <trkpt lat="45.120419" lon="13.840652">
        <ele>288.7</ele>
      </trkpt>
      <trkpt lat="45.120853" lon="13.840062">
        <ele>287.2</ele>
      </trkpt>
      <trkpt lat="45.12109" lon="13.839708">
        <ele>285.7</ele>
      </trkpt>
      <trkpt lat="45.121231" lon="13.839566">
        <ele>284.7</ele>
      </trkpt>
      <trkpt lat="45.121384" lon="13.839458">
        <ele>284.2</ele>
      </trkpt>
      <trkpt lat="45.121819" lon="13.839231">
        <ele>284.2</ele>
      </trkpt>
      <trkpt lat="45.122028" lon="13.839154">
        <ele>284.7</ele>
      </trkpt>
      <trkpt lat="45.122696" lon="13.838955">
        <ele>286.4</ele>
      </trkpt>
      <trkpt lat="45.123146" lon="13.838786">
        <ele>288.6</ele>
      </trkpt>
      <trkpt lat="45.123283" lon="13.838757">
        <ele>288.6</ele>
      </trkpt>
      <trkpt lat="45.123367" lon="13.838766">
        <ele>288.7</ele>
      </trkpt>
      <trkpt lat="45.123394" lon="13.838736">
        <ele>288.7</ele>
      </trkpt>
      <trkpt lat="45.123394" lon="13.838698">
        <ele>288.7</ele>
      </trkpt>
      <trkpt lat="45.123222" lon="13.838338">
        <ele>287.7</ele>
      </trkpt>
      <trkpt lat="45.123074" lon="13.837868">
        <ele>286.4</ele>
      </trkpt>
      <trkpt lat="45.123028" lon="13.837619">
        <ele>285.6</ele>
      </trkpt>
      <trkpt lat="45.123001" lon="13.837309">
        <ele>284.6</ele>
      </trkpt>
      <trkpt lat="45.122936" lon="13.837064">
        <ele>284.0</ele>
      </trkpt>
      <trkpt lat="45.122192" lon="13.835679">
        <ele>277.0</ele>
      </trkpt>
      <trkpt lat="45.12199" lon="13.835358">
        <ele>275.7</ele>
      </trkpt>
      <trkpt lat="45.121761" lon="13.835039">
        <ele>274.7</ele>
      </trkpt>
      <trkpt lat="45.121525" lon="13.834604">
        <ele>274.7</ele>
      </trkpt>
      <trkpt lat="45.121315" lon="13.83436">
        <ele>273.6</ele>
      </trkpt>
      <trkpt lat="45.120155" lon="13.833341">
        <ele>266.4</ele>
      </trkpt>
      <trkpt lat="45.119781" lon="13.832986">
        <ele>263.7</ele>
      </trkpt>
      <trkpt lat="45.119106" lon="13.832129">
        <ele>258.7</ele>
      </trkpt>
      <trkpt lat="45.118904" lon="13.831847">
        <ele>257.2</ele>
      </trkpt>
      <trkpt lat="45.118698" lon="13.831514">
        <ele>255.4</ele>
      </trkpt>
      <trkpt lat="45.118015" lon="13.830148">
        <ele>246.4</ele>
      </trkpt>
      <trkpt lat="45.117836" lon="13.829724">
        <ele>243.4</ele>
      </trkpt>
      <trkpt lat="45.117393" lon="13.828568">
        <ele>238.7</ele>
      </trkpt>
      <trkpt lat="45.117035" lon="13.827751">
        <ele>235.7</ele>
      </trkpt>
      <trkpt lat="45.116879" lon="13.827315">
        <ele>235.0</ele>
      </trkpt>
      <trkpt lat="45.116062" lon="13.824423">
        <ele>229.4</ele>
      </trkpt>
      <trkpt lat="45.116005" lon="13.824057">
        <ele>228.7</ele>
      </trkpt>
      <trkpt lat="45.115986" lon="13.823659">
        <ele>228.0</ele>
      </trkpt>
      <trkpt lat="45.116219" lon="13.817974">
        <ele>223.6</ele>
      </trkpt>
      <trkpt lat="45.116283" lon="13.81733">
        <ele>223.0</ele>
      </trkpt>
      <trkpt lat="45.116543" lon="13.816046">
        <ele>220.6</ele>
      </trkpt>
      <trkpt lat="45.116592" lon="13.815732">
        <ele>220.2</ele>
      </trkpt>
      <trkpt lat="45.116653" lon="13.815033">
        <ele>218.7</ele>
      </trkpt>
      <trkpt lat="45.116653" lon="13.814598">
        <ele>218.2</ele>
      </trkpt>
      <trkpt lat="45.116631" lon="13.814247">
        <ele>218.0</ele>
      </trkpt>
      <trkpt lat="45.11657" lon="13.813785">
        <ele>217.2</ele>
      </trkpt>
      <trkpt lat="45.116478" lon="13.81334">
        <ele>216.2</ele>
      </trkpt>
      <trkpt lat="45.116245" lon="13.812601">
        <ele>216.2</ele>
      </trkpt>
      <trkpt lat="45.113689" lon="13.806069">
        <ele>207.2</ele>
      </trkpt>
      <trkpt lat="45.113651" lon="13.805928">
        <ele>206.7</ele>
      </trkpt>
      <trkpt lat="45.113621" lon="13.805611">
        <ele>206.6</ele>
      </trkpt>
      <trkpt lat="45.113594" lon="13.805534">
        <ele>206.6</ele>
      </trkpt>
      <trkpt lat="45.113453" lon="13.805345">
        <ele>206.2</ele>
      </trkpt>
      <trkpt lat="45.113415" lon="13.805266">
        <ele>206.0</ele>
      </trkpt>
      <trkpt lat="45.113174" lon="13.804635">
        <ele>205.0</ele>
      </trkpt>
      <trkpt lat="45.112892" lon="13.803801">
        <ele>204.2</ele>
      </trkpt>
      <trkpt lat="45.112701" lon="13.803124">
        <ele>202.2</ele>
      </trkpt>
      <trkpt lat="45.112095" lon="13.801395">
        <ele>203.2</ele>
      </trkpt>
      <trkpt lat="45.111679" lon="13.800314">
        <ele>204.6</ele>
      </trkpt>
      <trkpt lat="45.110897" lon="13.797999">
        <ele>198.2</ele>
      </trkpt>
      <trkpt lat="45.110802" lon="13.797776">
        <ele>197.6</ele>
      </trkpt>
      <trkpt lat="45.110687" lon="13.797562">
        <ele>197.0</ele>
      </trkpt>
      <trkpt lat="45.11031" lon="13.797054">
        <ele>195.6</ele>
      </trkpt>
      <trkpt lat="45.110126" lon="13.796755">
        <ele>194.6</ele>
      </trkpt>
      <trkpt lat="45.109985" lon="13.796395">
        <ele>193.6</ele>
      </trkpt>
      <trkpt lat="45.109928" lon="13.796072">
        <ele>192.6</ele>
      </trkpt>
      <trkpt lat="45.109921" lon="13.795703">
        <ele>192.3</ele>
      </trkpt>
      <trkpt lat="45.109974" lon="13.795378">
        <ele>192.2</ele>
      </trkpt>
      <trkpt lat="45.110027" lon="13.795153">
        <ele>192.0</ele>
      </trkpt>
      <trkpt lat="45.110332" lon="13.794112">
        <ele>190.2</ele>
      </trkpt>
      <trkpt lat="45.110474" lon="13.793503">
        <ele>189.0</ele>
      </trkpt>
      <trkpt lat="45.110538" lon="13.793003">
        <ele>188.0</ele>
      </trkpt>
      <trkpt lat="45.110558" lon="13.792617">
        <ele>186.7</ele>
      </trkpt>
      <trkpt lat="45.11055" lon="13.792352">
        <ele>186.0</ele>
      </trkpt>
      <trkpt lat="45.110493" lon="13.791825">
        <ele>185.0</ele>
      </trkpt>
      <trkpt lat="45.110378" lon="13.791187">
        <ele>185.2</ele>
      </trkpt>
      <trkpt lat="45.109432" lon="13.786883">
        <ele>187.6</ele>
      </trkpt>
      <trkpt lat="45.108879" lon="13.784182">
        <ele>186.3</ele>
      </trkpt>
      <trkpt lat="45.108829" lon="13.783894">
        <ele>186.3</ele>
      </trkpt>
      <trkpt lat="45.108715" lon="13.78286">
        <ele>187.3</ele>
      </trkpt>
      <trkpt lat="45.108486" lon="13.779829">
        <ele>187.6</ele>
      </trkpt>
      <trkpt lat="45.108475" lon="13.779112">
        <ele>186.6</ele>
      </trkpt>
      <trkpt lat="45.108536" lon="13.778484">
        <ele>185.3</ele>
      </trkpt>
      <trkpt lat="45.109032" lon="13.775995">
        <ele>188.2</ele>
      </trkpt>
      <trkpt lat="45.109093" lon="13.775439">
        <ele>188.0</ele>
      </trkpt>
      <trkpt lat="45.1091" lon="13.775043">
        <ele>187.3</ele>
      </trkpt>
      <trkpt lat="45.109062" lon="13.774524">
        <ele>186.6</ele>
      </trkpt>
      <trkpt lat="45.109013" lon="13.774205">
        <ele>186.3</ele>
      </trkpt>
      <trkpt lat="45.108891" lon="13.773687">
        <ele>185.6</ele>
      </trkpt>
      <trkpt lat="45.108589" lon="13.772635">
        <ele>184.2</ele>
      </trkpt>
      <trkpt lat="45.108471" lon="13.772171">
        <ele>183.2</ele>
      </trkpt>
      <trkpt lat="45.108402" lon="13.771797">
        <ele>182.3</ele>
      </trkpt>
      <trkpt lat="45.10836" lon="13.771409">
        <ele>181.6</ele>
      </trkpt>
      <trkpt lat="45.108345" lon="13.770896">
        <ele>181.0</ele>
      </trkpt>
      <trkpt lat="45.108345" lon="13.76767">
        <ele>174.0</ele>
      </trkpt>
      <trkpt lat="45.108376" lon="13.765785">
        <ele>170.6</ele>
      </trkpt>
      <trkpt lat="45.108364" lon="13.764217">
        <ele>167.3</ele>
      </trkpt>
      <trkpt lat="45.108376" lon="13.760748">
        <ele>161.7</ele>
      </trkpt>
      <trkpt lat="45.108353" lon="13.760216">
        <ele>162.2</ele>
      </trkpt>
      <trkpt lat="45.108318" lon="13.759818">
        <ele>162.7</ele>
      </trkpt>
      <trkpt lat="45.108265" lon="13.759454">
        <ele>162.7</ele>
      </trkpt>
      <trkpt lat="45.108116" lon="13.758723">
        <ele>163.7</ele>
      </trkpt>
      <trkpt lat="45.107964" lon="13.758171">
        <ele>165.0</ele>
      </trkpt>
      <trkpt lat="45.107712" lon="13.757363">
        <ele>166.6</ele>
      </trkpt>
      <trkpt lat="45.107567" lon="13.756825">
        <ele>168.2</ele>
      </trkpt>
      <trkpt lat="45.10741" lon="13.756371">
        <ele>169.6</ele>
      </trkpt>
      <trkpt lat="45.107265" lon="13.755878">
        <ele>170.7</ele>
      </trkpt>
      <trkpt lat="45.107071" lon="13.755331">
        <ele>173.2</ele>
      </trkpt>
      <trkpt lat="45.106861" lon="13.754623">
        <ele>174.3</ele>
      </trkpt>
      <trkpt lat="45.10672" lon="13.753961">
        <ele>174.3</ele>
      </trkpt>
      <trkpt lat="45.106678" lon="13.753578">
        <ele>174.7</ele>
      </trkpt>
      <trkpt lat="45.106556" lon="13.751243">
        <ele>170.7</ele>
      </trkpt>
      <trkpt lat="45.106537" lon="13.750189">
        <ele>167.0</ele>
      </trkpt>
      <trkpt lat="45.106674" lon="13.74821">
        <ele>160.2</ele>
      </trkpt>
      <trkpt lat="45.106827" lon="13.746485">
        <ele>156.2</ele>
      </trkpt>
      <trkpt lat="45.106857" lon="13.745787">
        <ele>155.0</ele>
      </trkpt>
      <trkpt lat="45.106857" lon="13.745254">
        <ele>154.3</ele>
      </trkpt>
      <trkpt lat="45.106758" lon="13.744277">
        <ele>155.0</ele>
      </trkpt>
      <trkpt lat="45.10651" lon="13.742488">
        <ele>157.0</ele>
      </trkpt>
      <trkpt lat="45.106384" lon="13.74148">
        <ele>156.3</ele>
      </trkpt>
      <trkpt lat="45.106346" lon="13.741046">
        <ele>155.6</ele>
      </trkpt>
      <trkpt lat="45.106194" lon="13.737123">
        <ele>150.3</ele>
      </trkpt>
      <trkpt lat="45.106186" lon="13.736539">
        <ele>149.0</ele>
      </trkpt>
      <trkpt lat="45.106239" lon="13.735713">
        <ele>147.6</ele>
      </trkpt>
      <trkpt lat="45.106472" lon="13.7336">
        <ele>143.7</ele>
      </trkpt>
      <trkpt lat="45.106552" lon="13.732635">
        <ele>141.6</ele>
      </trkpt>
      <trkpt lat="45.10656" lon="13.732249">
        <ele>141.0</ele>
      </trkpt>
      <trkpt lat="45.106541" lon="13.731738">
        <ele>140.6</ele>
      </trkpt>
      <trkpt lat="45.106335" lon="13.72991">
        <ele>138.7</ele>
      </trkpt>
      <trkpt lat="45.106289" lon="13.729322">
        <ele>138.3</ele>
      </trkpt>
      <trkpt lat="45.106285" lon="13.728866">
        <ele>137.3</ele>
      </trkpt>
      <trkpt lat="45.106312" lon="13.728415">
        <ele>137.7</ele>
      </trkpt>
      <trkpt lat="45.106392" lon="13.72787">
        <ele>138.0</ele>
      </trkpt>
      <trkpt lat="45.106548" lon="13.72725">
        <ele>137.7</ele>
      </trkpt>
      <trkpt lat="45.106808" lon="13.726606">
        <ele>137.0</ele>
      </trkpt>
      <trkpt lat="45.107456" lon="13.725342">
        <ele>135.7</ele>
      </trkpt>
      <trkpt lat="45.108181" lon="13.723991">
        <ele>132.0</ele>
      </trkpt>
      <trkpt lat="45.108494" lon="13.723314">
        <ele>131.0</ele>
      </trkpt>
      <trkpt lat="45.109581" lon="13.720546">
        <ele>131.0</ele>
      </trkpt>
      <trkpt lat="45.109745" lon="13.720063">
        <ele>131.3</ele>
      </trkpt>
      <trkpt lat="45.10984" lon="13.719717">
        <ele>132.0</ele>
      </trkpt>
      <trkpt lat="45.109932" lon="13.719284">
        <ele>132.3</ele>
      </trkpt>
      <trkpt lat="45.109974" lon="13.719041">
        <ele>132.3</ele>
      </trkpt>
      <trkpt lat="45.110031" lon="13.718514">
        <ele>133.0</ele>
      </trkpt>
      <trkpt lat="45.110046" lon="13.717885">
        <ele>133.6</ele>
      </trkpt>
      <trkpt lat="45.11002" lon="13.716898">
        <ele>134.2</ele>
      </trkpt>
      <trkpt lat="45.110001" lon="13.71653">
        <ele>134.2</ele>
      </trkpt>
      <trkpt lat="45.109943" lon="13.716031">
        <ele>134.0</ele>
      </trkpt>
      <trkpt lat="45.109901" lon="13.71576">
        <ele>133.7</ele>
      </trkpt>
      <trkpt lat="45.109791" lon="13.715287">
        <ele>133.7</ele>
      </trkpt>
      <trkpt lat="45.108978" lon="13.712668">
        <ele>137.7</ele>
      </trkpt>
      <trkpt lat="45.108639" lon="13.71174">
        <ele>138.2</ele>
      </trkpt>
      <trkpt lat="45.108494" lon="13.711391">
        <ele>137.3</ele>
      </trkpt>
      <trkpt lat="45.10815" lon="13.710665">
        <ele>134.2</ele>
      </trkpt>
      <trkpt lat="45.107853" lon="13.709866">
        <ele>131.3</ele>
      </trkpt>
      <trkpt lat="45.107254" lon="13.707862">
        <ele>122.3</ele>
      </trkpt>
      <trkpt lat="45.10479" lon="13.699432">
        <ele>94.2</ele>
      </trkpt>
      <trkpt lat="45.104507" lon="13.698519">
        <ele>92.2</ele>
      </trkpt>
      <trkpt lat="45.103893" lon="13.696361">
        <ele>87.2</ele>
      </trkpt>
      <trkpt lat="45.103409" lon="13.694155">
        <ele>84.3</ele>
      </trkpt>
      <trkpt lat="45.102821" lon="13.692137">
        <ele>80.3</ele>
      </trkpt>
      <trkpt lat="45.102707" lon="13.691655">
        <ele>79.3</ele>
      </trkpt>
      <trkpt lat="45.10265" lon="13.691278">
        <ele>78.3</ele>
      </trkpt>
      <trkpt lat="45.102615" lon="13.6909">
        <ele>77.7</ele>
      </trkpt>
      <trkpt lat="45.10257" lon="13.688843">
        <ele>74.3</ele>
      </trkpt>
      <trkpt lat="45.102547" lon="13.68846">
        <ele>73.7</ele>
      </trkpt>
      <trkpt lat="45.102497" lon="13.688088">
        <ele>73.0</ele>
      </trkpt>
      <trkpt lat="45.102406" lon="13.687606">
        <ele>71.7</ele>
      </trkpt>
      <trkpt lat="45.101822" lon="13.685012">
        <ele>67.2</ele>
      </trkpt>
      <trkpt lat="45.101688" lon="13.684537">
        <ele>66.3</ele>
      </trkpt>
      <trkpt lat="45.101536" lon="13.684104">
        <ele>66.0</ele>
      </trkpt>
      <trkpt lat="45.101398" lon="13.683785">
        <ele>65.2</ele>
      </trkpt>
      <trkpt lat="45.10125" lon="13.683492">
        <ele>64.2</ele>
      </trkpt>
      <trkpt lat="45.10096" lon="13.683011">
        <ele>62.6</ele>
      </trkpt>
      <trkpt lat="45.100761" lon="13.682721">
        <ele>61.3</ele>
      </trkpt>
      <trkpt lat="45.100605" lon="13.682527">
        <ele>60.6</ele>
      </trkpt>
      <trkpt lat="45.099636" lon="13.681453">
        <ele>56.0</ele>
      </trkpt>
      <trkpt lat="45.098263" lon="13.67982">
        <ele>48.7</ele>
      </trkpt>
      <trkpt lat="45.097912" lon="13.679377">
        <ele>47.7</ele>
      </trkpt>
      <trkpt lat="45.097492" lon="13.678741">
        <ele>47.0</ele>
      </trkpt>
      <trkpt lat="45.096973" lon="13.677823">
        <ele>45.7</ele>
      </trkpt>
      <trkpt lat="45.096611" lon="13.677235">
        <ele>44.6</ele>
      </trkpt>
      <trkpt lat="45.095348" lon="13.675328">
        <ele>41.7</ele>
      </trkpt>
      <trkpt lat="45.094833" lon="13.67448">
        <ele>39.6</ele>
      </trkpt>
      <trkpt lat="45.094105" lon="13.673397">
        <ele>38.0</ele>
      </trkpt>
      <trkpt lat="45.093849" lon="13.672893">
        <ele>36.3</ele>
      </trkpt>
      <trkpt lat="45.093685" lon="13.672521">
        <ele>35.6</ele>
      </trkpt>
      <trkpt lat="45.092617" lon="13.669837">
        <ele>32.6</ele>
      </trkpt>
      <trkpt lat="45.092449" lon="13.669446">
        <ele>32.3</ele>
      </trkpt>
      <trkpt lat="45.092197" lon="13.668761">
        <ele>32.0</ele>
      </trkpt>
      <trkpt lat="45.092094" lon="13.668354">
        <ele>32.0</ele>
      </trkpt>
      <trkpt lat="45.092144" lon="13.668136">
        <ele>32.2</ele>
      </trkpt>
      <trkpt lat="45.092148" lon="13.668007">
        <ele>32.2</ele>
      </trkpt>
      <trkpt lat="45.092087" lon="13.667867">
        <ele>32.3</ele>
      </trkpt>
      <trkpt lat="45.091949" lon="13.667665">
        <ele>32.7</ele>
      </trkpt>
      <trkpt lat="45.091881" lon="13.667372">
        <ele>32.7</ele>
      </trkpt>
      <trkpt lat="45.09182" lon="13.666971">
        <ele>33.3</ele>
      </trkpt>
      <trkpt lat="45.091621" lon="13.665112">
        <ele>37.3</ele>
      </trkpt>
      <trkpt lat="45.091499" lon="13.663692">
        <ele>35.0</ele>
      </trkpt>
      <trkpt lat="45.091366" lon="13.66266">
        <ele>32.0</ele>
      </trkpt>
      <trkpt lat="45.091133" lon="13.660251">
        <ele>28.2</ele>
      </trkpt>
      <trkpt lat="45.090977" lon="13.658973">
        <ele>27.6</ele>
      </trkpt>
      <trkpt lat="45.090763" lon="13.657694">
        <ele>28.2</ele>
      </trkpt>
      <trkpt lat="45.090618" lon="13.657033">
        <ele>29.0</ele>
      </trkpt>
      <trkpt lat="45.090485" lon="13.656312">
        <ele>30.3</ele>
      </trkpt>
      <trkpt lat="45.090382" lon="13.655846">
        <ele>30.6</ele>
      </trkpt>
      <trkpt lat="45.090149" lon="13.654963">
        <ele>30.3</ele>
      </trkpt>
      <trkpt lat="45.090103" lon="13.65466">
        <ele>30.3</ele>
      </trkpt>
      <trkpt lat="45.090141" lon="13.654324">
        <ele>30.0</ele>
      </trkpt>
      <trkpt lat="45.090084" lon="13.654193">
        <ele>30.0</ele>
      </trkpt>
      <trkpt lat="45.089924" lon="13.654041">
        <ele>30.0</ele>
      </trkpt>
      <trkpt lat="45.089828" lon="13.653831">
        <ele>30.2</ele>
      </trkpt>
      <trkpt lat="45.089249" lon="13.652017">
        <ele>37.0</ele>
      </trkpt>
      <trkpt lat="45.088638" lon="13.650238">
        <ele>39.3</ele>
      </trkpt>
      <trkpt lat="45.088493" lon="13.649743">
        <ele>38.6</ele>
      </trkpt>
      <trkpt lat="45.088425" lon="13.649432">
        <ele>37.6</ele>
      </trkpt>
      <trkpt lat="45.088352" lon="13.648711">
        <ele>35.0</ele>
      </trkpt>
      <trkpt lat="45.088371" lon="13.64821">
        <ele>32.6</ele>
      </trkpt>
      <trkpt lat="45.088474" lon="13.64736">
        <ele>29.6</ele>
      </trkpt>
      <trkpt lat="45.088673" lon="13.646116">
        <ele>27.7</ele>
      </trkpt>
      <trkpt lat="45.088654" lon="13.645123">
        <ele>27.2</ele>
      </trkpt>
      <trkpt lat="45.088589" lon="13.644723">
        <ele>25.7</ele>
      </trkpt>
      <trkpt lat="45.088467" lon="13.644273">
        <ele>24.6</ele>
      </trkpt>
      <trkpt lat="45.088402" lon="13.644091">
        <ele>24.0</ele>
      </trkpt>
      <trkpt lat="45.088268" lon="13.643826">
        <ele>23.7</ele>
      </trkpt>
      <trkpt lat="45.087585" lon="13.642799">
        <ele>22.2</ele>
      </trkpt>
      <trkpt lat="45.086525" lon="13.641284">
        <ele>9.6</ele>
      </trkpt>
      <trkpt lat="45.086224" lon="13.640748">
        <ele>6.3</ele>
      </trkpt>
      <trkpt lat="45.086151" lon="13.640558">
        <ele>5.8</ele>
      </trkpt>
      <trkpt lat="45.08609" lon="13.640316">
        <ele>5.0</ele>
      </trkpt>
      <trkpt lat="45.085934" lon="13.64">
        <ele>4.3</ele>
      </trkpt>
      <trkpt lat="45.085705" lon="13.639365">
        <ele>4.0</ele>
      </trkpt>
      <trkpt lat="45.085167" lon="13.637743">
        <ele>4.0</ele>
      </trkpt>
      <trkpt lat="45.085148" lon="13.637533">
        <ele>3.6</ele>
      </trkpt>
      <trkpt lat="45.085217" lon="13.637198">
        <ele>4.1</ele>
      </trkpt>
      <trkpt lat="45.08527" lon="13.637112">
        <ele>3.8</ele>
      </trkpt>
      <trkpt lat="45.085266" lon="13.637039">
        <ele>3.6</ele>
      </trkpt>
      <trkpt lat="45.084949" lon="13.636313">
        <ele>3.8</ele>
      </trkpt>
      <trkpt lat="45.084503" lon="13.635162">
        <ele>4.3</ele>
      </trkpt>
      <trkpt lat="45.084347" lon="13.634818">
        <ele>4.0</ele>
      </trkpt>
      <trkpt lat="45.084263" lon="13.634673">
        <ele>4.1</ele>
      </trkpt>
      <trkpt lat="45.084164" lon="13.634569">
        <ele>4.3</ele>
      </trkpt>
      <trkpt lat="45.084053" lon="13.6345">
        <ele>4.3</ele>
      </trkpt>
      <trkpt lat="45.083797" lon="13.634385">
        <ele>4.3</ele>
      </trkpt>
      <trkpt lat="45.083683" lon="13.63431">
        <ele>4.3</ele>
      </trkpt>
      <trkpt lat="45.083656" lon="13.634276">
        <ele>4.3</ele>
      </trkpt>
      <trkpt lat="45.083595" lon="13.634091">
        <ele>4.1</ele>
      </trkpt>
      <trkpt lat="45.083542" lon="13.634041">
        <ele>4.1</ele>
      </trkpt>
      <trkpt lat="45.083469" lon="13.634046">
        <ele>4.1</ele>
      </trkpt>
      <trkpt lat="45.083412" lon="13.634089">
        <ele>4.1</ele>
      </trkpt>
      <trkpt lat="45.083344" lon="13.634179">
        <ele>4.1</ele>
      </trkpt>
      <trkpt lat="45.083309" lon="13.634192">
        <ele>4.3</ele>
      </trkpt>
      <trkpt lat="45.083317" lon="13.633826">
        <ele>4.6</ele>
      </trkpt>
      <trkpt lat="45.083466" lon="13.633616">
        <ele>4.8</ele>
      </trkpt>
      <trkpt lat="45.08337" lon="13.633235">
        <ele>5.6</ele>
      </trkpt>
      <trkpt lat="45.083313" lon="13.633165">
        <ele>6.6</ele>
      </trkpt>
      <trkpt lat="45.084015" lon="13.632037">
        <ele>9.0</ele>
      </trkpt>
    </trkseg>
  </trk>
</gpx>
