<?xml version="1.0" encoding="UTF-8"?>
<gpx xmlns:gpxdata="http://www.cluetrust.com/XML/GPXDATA/1/0" xmlns:xsi="http://www.w3.org/2001/XMLSchema-instance" xmlns="http://www.topografix.com/GPX/1/1" version="1.1" creator="http://ridewithgps.com/" xsi:schemaLocation="http://www.topografix.com/GPX/1/1 http://www.topografix.com/GPX/1/1/gpx.xsd http://www.cluetrust.com/XML/GPXDATA/1/0 http://www.cluetrust.com/Schemas/gpxdata10.xsd">
  <metadata>
    <name>Croatia_Day6</name>
    <link href="https://ridewithgps.com/routes/54979437">
      <text>Croatia_Day6</text>
    </link>
    <time>2026-05-05T09:07:49Z</time>
  </metadata>
  <trk>
    <name>Croatia_Day6</name>
    <trkseg>
      <trkpt lat="45.081924" lon="13.635035">
        <ele>5.3</ele>
      </trkpt>
      <trkpt lat="45.082081" lon="13.635485">
        <ele>5.6</ele>
      </trkpt>
      <trkpt lat="45.082081" lon="13.635588">
        <ele>5.8</ele>
      </trkpt>
      <trkpt lat="45.081982" lon="13.635813">
        <ele>5.6</ele>
      </trkpt>
      <trkpt lat="45.081749" lon="13.636145">
        <ele>5.3</ele>
      </trkpt>
      <trkpt lat="45.081623" lon="13.636371">
        <ele>5.3</ele>
      </trkpt>
      <trkpt lat="45.081455" lon="13.636597">
        <ele>5.8</ele>
      </trkpt>
      <trkpt lat="45.081421" lon="13.636607">
        <ele>5.8</ele>
      </trkpt>
      <trkpt lat="45.081348" lon="13.636583">
        <ele>5.8</ele>
      </trkpt>
      <trkpt lat="45.080685" lon="13.635986">
        <ele>6.3</ele>
      </trkpt>
      <trkpt lat="45.080544" lon="13.635902">
        <ele>6.3</ele>
      </trkpt>
      <trkpt lat="45.080448" lon="13.63588">
        <ele>6.3</ele>
      </trkpt>
      <trkpt lat="45.08036" lon="13.635902">
        <ele>6.1</ele>
      </trkpt>
      <trkpt lat="45.080196" lon="13.636022">
        <ele>5.8</ele>
      </trkpt>
      <trkpt lat="45.080139" lon="13.636093">
        <ele>5.6</ele>
      </trkpt>
      <trkpt lat="45.080097" lon="13.636191">
        <ele>5.6</ele>
      </trkpt>
      <trkpt lat="45.079956" lon="13.636776">
        <ele>5.3</ele>
      </trkpt>
      <trkpt lat="45.07983" lon="13.637189">
        <ele>5.3</ele>
      </trkpt>
      <trkpt lat="45.079784" lon="13.637439">
        <ele>5.3</ele>
      </trkpt>
      <trkpt lat="45.079762" lon="13.637944">
        <ele>5.1</ele>
      </trkpt>
      <trkpt lat="45.079777" lon="13.63846">
        <ele>5.3</ele>
      </trkpt>
      <trkpt lat="45.079758" lon="13.638589">
        <ele>5.8</ele>
      </trkpt>
      <trkpt lat="45.079727" lon="13.63865">
        <ele>6.0</ele>
      </trkpt>
      <trkpt lat="45.079643" lon="13.638706">
        <ele>6.0</ele>
      </trkpt>
      <trkpt lat="45.079159" lon="13.638899">
        <ele>5.8</ele>
      </trkpt>
      <trkpt lat="45.07896" lon="13.63884">
        <ele>5.8</ele>
      </trkpt>
      <trkpt lat="45.078701" lon="13.63871">
        <ele>6.0</ele>
      </trkpt>
      <trkpt lat="45.078621" lon="13.638697">
        <ele>6.1</ele>
      </trkpt>
      <trkpt lat="45.078533" lon="13.63872">
        <ele>6.8</ele>
      </trkpt>
      <trkpt lat="45.07806" lon="13.638968">
        <ele>6.1</ele>
      </trkpt>
      <trkpt lat="45.077984" lon="13.639044">
        <ele>6.0</ele>
      </trkpt>
      <trkpt lat="45.077953" lon="13.639156">
        <ele>6.0</ele>
      </trkpt>
      <trkpt lat="45.077972" lon="13.639335">
        <ele>6.3</ele>
      </trkpt>
      <trkpt lat="45.078121" lon="13.640052">
        <ele>10.1</ele>
      </trkpt>
      <trkpt lat="45.078297" lon="13.640721">
        <ele>13.6</ele>
      </trkpt>
      <trkpt lat="45.078297" lon="13.640832">
        <ele>14.0</ele>
      </trkpt>
      <trkpt lat="45.078407" lon="13.64132">
        <ele>15.7</ele>
      </trkpt>
      <trkpt lat="45.078495" lon="13.641817">
        <ele>17.3</ele>
      </trkpt>
      <trkpt lat="45.078773" lon="13.642954">
        <ele>20.7</ele>
      </trkpt>
      <trkpt lat="45.078979" lon="13.643426">
        <ele>21.7</ele>
      </trkpt>
      <trkpt lat="45.079575" lon="13.644654">
        <ele>24.2</ele>
      </trkpt>
      <trkpt lat="45.079597" lon="13.644737">
        <ele>24.6</ele>
      </trkpt>
      <trkpt lat="45.079636" lon="13.644797">
        <ele>24.6</ele>
      </trkpt>
      <trkpt lat="45.079666" lon="13.644814">
        <ele>24.6</ele>
      </trkpt>
      <trkpt lat="45.079994" lon="13.644932">
        <ele>25.0</ele>
      </trkpt>
      <trkpt lat="45.080109" lon="13.645041">
        <ele>25.7</ele>
      </trkpt>
      <trkpt lat="45.080151" lon="13.645214">
        <ele>26.6</ele>
      </trkpt>
      <trkpt lat="45.080181" lon="13.64549">
        <ele>27.0</ele>
      </trkpt>
      <trkpt lat="45.080257" lon="13.646944">
        <ele>27.3</ele>
      </trkpt>
      <trkpt lat="45.080395" lon="13.648014">
        <ele>26.7</ele>
      </trkpt>
      <trkpt lat="45.080414" lon="13.648293">
        <ele>26.6</ele>
      </trkpt>
      <trkpt lat="45.080395" lon="13.648638">
        <ele>26.3</ele>
      </trkpt>
      <trkpt lat="45.080345" lon="13.648898">
        <ele>26.2</ele>
      </trkpt>
      <trkpt lat="45.080399" lon="13.649292">
        <ele>25.7</ele>
      </trkpt>
      <trkpt lat="45.080395" lon="13.649641">
        <ele>25.2</ele>
      </trkpt>
      <trkpt lat="45.080215" lon="13.650969">
        <ele>23.3</ele>
      </trkpt>
      <trkpt lat="45.080086" lon="13.652087">
        <ele>21.7</ele>
      </trkpt>
      <trkpt lat="45.080044" lon="13.652246">
        <ele>21.6</ele>
      </trkpt>
      <trkpt lat="45.079933" lon="13.652436">
        <ele>21.3</ele>
      </trkpt>
      <trkpt lat="45.07988" lon="13.652576">
        <ele>21.3</ele>
      </trkpt>
      <trkpt lat="45.079861" lon="13.652995">
        <ele>21.6</ele>
      </trkpt>
      <trkpt lat="45.079674" lon="13.653991">
        <ele>21.2</ele>
      </trkpt>
      <trkpt lat="45.079464" lon="13.655005">
        <ele>20.0</ele>
      </trkpt>
      <trkpt lat="45.079151" lon="13.656394">
        <ele>21.0</ele>
      </trkpt>
      <trkpt lat="45.079025" lon="13.657057">
        <ele>21.7</ele>
      </trkpt>
      <trkpt lat="45.078938" lon="13.658532">
        <ele>21.3</ele>
      </trkpt>
      <trkpt lat="45.078896" lon="13.659822">
        <ele>20.2</ele>
      </trkpt>
      <trkpt lat="45.078922" lon="13.660211">
        <ele>19.6</ele>
      </trkpt>
      <trkpt lat="45.079041" lon="13.660995">
        <ele>18.2</ele>
      </trkpt>
      <trkpt lat="45.079079" lon="13.661345">
        <ele>17.7</ele>
      </trkpt>
      <trkpt lat="45.079258" lon="13.662255">
        <ele>18.2</ele>
      </trkpt>
      <trkpt lat="45.079426" lon="13.662854">
        <ele>19.0</ele>
      </trkpt>
      <trkpt lat="45.079487" lon="13.663129">
        <ele>19.2</ele>
      </trkpt>
      <trkpt lat="45.079487" lon="13.663427">
        <ele>18.6</ele>
      </trkpt>
      <trkpt lat="45.079514" lon="13.663493">
        <ele>18.6</ele>
      </trkpt>
      <trkpt lat="45.079639" lon="13.663666">
        <ele>18.2</ele>
      </trkpt>
      <trkpt lat="45.079739" lon="13.663897">
        <ele>18.0</ele>
      </trkpt>
      <trkpt lat="45.079849" lon="13.664235">
        <ele>17.7</ele>
      </trkpt>
      <trkpt lat="45.079906" lon="13.664605">
        <ele>17.3</ele>
      </trkpt>
      <trkpt lat="45.07991" lon="13.664968">
        <ele>17.3</ele>
      </trkpt>
      <trkpt lat="45.079861" lon="13.665392">
        <ele>17.3</ele>
      </trkpt>
      <trkpt lat="45.079548" lon="13.66676">
        <ele>18.0</ele>
      </trkpt>
      <trkpt lat="45.079529" lon="13.667148">
        <ele>18.3</ele>
      </trkpt>
      <trkpt lat="45.079575" lon="13.667558">
        <ele>20.2</ele>
      </trkpt>
      <trkpt lat="45.079739" lon="13.668339">
        <ele>22.2</ele>
      </trkpt>
      <trkpt lat="45.079826" lon="13.668614">
        <ele>22.2</ele>
      </trkpt>
      <trkpt lat="45.080582" lon="13.669952">
        <ele>22.0</ele>
      </trkpt>
      <trkpt lat="45.080727" lon="13.670265">
        <ele>22.7</ele>
      </trkpt>
      <trkpt lat="45.080841" lon="13.670649">
        <ele>24.2</ele>
      </trkpt>
      <trkpt lat="45.080967" lon="13.671329">
        <ele>25.3</ele>
      </trkpt>
      <trkpt lat="45.081028" lon="13.671957">
        <ele>25.3</ele>
      </trkpt>
      <trkpt lat="45.081009" lon="13.672288">
        <ele>25.2</ele>
      </trkpt>
      <trkpt lat="45.080929" lon="13.672683">
        <ele>25.7</ele>
      </trkpt>
      <trkpt lat="45.080826" lon="13.672981">
        <ele>26.0</ele>
      </trkpt>
      <trkpt lat="45.080723" lon="13.673183">
        <ele>25.6</ele>
      </trkpt>
      <trkpt lat="45.080601" lon="13.673362">
        <ele>25.6</ele>
      </trkpt>
      <trkpt lat="45.079926" lon="13.674156">
        <ele>26.6</ele>
      </trkpt>
      <trkpt lat="45.079632" lon="13.674471">
        <ele>27.3</ele>
      </trkpt>
      <trkpt lat="45.079453" lon="13.67463">
        <ele>28.0</ele>
      </trkpt>
      <trkpt lat="45.079216" lon="13.674806">
        <ele>28.0</ele>
      </trkpt>
      <trkpt lat="45.077496" lon="13.67595">
        <ele>31.7</ele>
      </trkpt>
      <trkpt lat="45.077209" lon="13.676168">
        <ele>33.3</ele>
      </trkpt>
      <trkpt lat="45.07695" lon="13.676432">
        <ele>34.7</ele>
      </trkpt>
      <trkpt lat="45.076057" lon="13.677468">
        <ele>37.7</ele>
      </trkpt>
      <trkpt lat="45.075779" lon="13.677711">
        <ele>38.2</ele>
      </trkpt>
      <trkpt lat="45.075039" lon="13.678215">
        <ele>37.3</ele>
      </trkpt>
      <trkpt lat="45.073952" lon="13.679042">
        <ele>33.2</ele>
      </trkpt>
      <trkpt lat="45.073746" lon="13.679181">
        <ele>32.2</ele>
      </trkpt>
      <trkpt lat="45.073582" lon="13.679267">
        <ele>31.6</ele>
      </trkpt>
      <trkpt lat="45.073299" lon="13.679378">
        <ele>30.6</ele>
      </trkpt>
      <trkpt lat="45.072327" lon="13.679655">
        <ele>27.2</ele>
      </trkpt>
      <trkpt lat="45.072075" lon="13.679746">
        <ele>26.7</ele>
      </trkpt>
      <trkpt lat="45.071888" lon="13.679835">
        <ele>26.7</ele>
      </trkpt>
      <trkpt lat="45.071709" lon="13.67995">
        <ele>27.0</ele>
      </trkpt>
      <trkpt lat="45.071487" lon="13.680152">
        <ele>27.2</ele>
      </trkpt>
      <trkpt lat="45.071274" lon="13.680398">
        <ele>27.0</ele>
      </trkpt>
      <trkpt lat="45.069527" lon="13.682721">
        <ele>26.7</ele>
      </trkpt>
      <trkpt lat="45.068993" lon="13.683466">
        <ele>26.6</ele>
      </trkpt>
      <trkpt lat="45.067005" lon="13.686337">
        <ele>29.7</ele>
      </trkpt>
      <trkpt lat="45.066349" lon="13.687359">
        <ele>31.0</ele>
      </trkpt>
      <trkpt lat="45.065842" lon="13.68819">
        <ele>31.2</ele>
      </trkpt>
      <trkpt lat="45.065605" lon="13.688613">
        <ele>31.2</ele>
      </trkpt>
      <trkpt lat="45.064972" lon="13.689896">
        <ele>29.3</ele>
      </trkpt>
      <trkpt lat="45.064846" lon="13.69013">
        <ele>28.7</ele>
      </trkpt>
      <trkpt lat="45.064667" lon="13.690407">
        <ele>28.3</ele>
      </trkpt>
      <trkpt lat="45.064522" lon="13.690574">
        <ele>28.3</ele>
      </trkpt>
      <trkpt lat="45.064358" lon="13.690718">
        <ele>28.6</ele>
      </trkpt>
      <trkpt lat="45.064186" lon="13.690843">
        <ele>28.3</ele>
      </trkpt>
      <trkpt lat="45.064007" lon="13.690942">
        <ele>28.6</ele>
      </trkpt>
      <trkpt lat="45.06382" lon="13.691014">
        <ele>28.6</ele>
      </trkpt>
      <trkpt lat="45.063049" lon="13.69125">
        <ele>27.2</ele>
      </trkpt>
      <trkpt lat="45.062874" lon="13.691334">
        <ele>27.0</ele>
      </trkpt>
      <trkpt lat="45.062759" lon="13.691414">
        <ele>26.7</ele>
      </trkpt>
      <trkpt lat="45.062496" lon="13.691674">
        <ele>25.7</ele>
      </trkpt>
      <trkpt lat="45.061794" lon="13.692688">
        <ele>24.7</ele>
      </trkpt>
      <trkpt lat="45.061508" lon="13.693176">
        <ele>25.6</ele>
      </trkpt>
      <trkpt lat="45.061161" lon="13.693857">
        <ele>26.0</ele>
      </trkpt>
      <trkpt lat="45.060997" lon="13.694272">
        <ele>26.3</ele>
      </trkpt>
      <trkpt lat="45.060898" lon="13.694628">
        <ele>26.3</ele>
      </trkpt>
      <trkpt lat="45.060528" lon="13.69637">
        <ele>25.7</ele>
      </trkpt>
      <trkpt lat="45.060341" lon="13.697851">
        <ele>27.0</ele>
      </trkpt>
      <trkpt lat="45.060143" lon="13.698969">
        <ele>29.0</ele>
      </trkpt>
      <trkpt lat="45.05983" lon="13.700577">
        <ele>30.7</ele>
      </trkpt>
      <trkpt lat="45.059727" lon="13.700991">
        <ele>31.6</ele>
      </trkpt>
      <trkpt lat="45.059643" lon="13.701247">
        <ele>32.3</ele>
      </trkpt>
      <trkpt lat="45.059444" lon="13.701655">
        <ele>33.7</ele>
      </trkpt>
      <trkpt lat="45.059269" lon="13.701905">
        <ele>34.3</ele>
      </trkpt>
      <trkpt lat="45.059036" lon="13.702157">
        <ele>35.2</ele>
      </trkpt>
      <trkpt lat="45.058064" lon="13.703073">
        <ele>38.2</ele>
      </trkpt>
      <trkpt lat="45.057659" lon="13.703476">
        <ele>39.0</ele>
      </trkpt>
      <trkpt lat="45.057461" lon="13.703713">
        <ele>39.6</ele>
      </trkpt>
      <trkpt lat="45.057243" lon="13.704107">
        <ele>41.0</ele>
      </trkpt>
      <trkpt lat="45.056755" lon="13.705477">
        <ele>48.0</ele>
      </trkpt>
      <trkpt lat="45.05658" lon="13.706002">
        <ele>50.0</ele>
      </trkpt>
      <trkpt lat="45.056442" lon="13.706491">
        <ele>51.7</ele>
      </trkpt>
      <trkpt lat="45.056332" lon="13.706788">
        <ele>53.0</ele>
      </trkpt>
      <trkpt lat="45.056202" lon="13.70729">
        <ele>54.2</ele>
      </trkpt>
      <trkpt lat="45.055977" lon="13.708416">
        <ele>58.0</ele>
      </trkpt>
      <trkpt lat="45.055882" lon="13.708735">
        <ele>59.3</ele>
      </trkpt>
      <trkpt lat="45.055637" lon="13.709319">
        <ele>62.3</ele>
      </trkpt>
      <trkpt lat="45.055561" lon="13.709579">
        <ele>63.2</ele>
      </trkpt>
      <trkpt lat="45.055481" lon="13.70971">
        <ele>63.7</ele>
      </trkpt>
      <trkpt lat="45.055374" lon="13.709956">
        <ele>64.7</ele>
      </trkpt>
      <trkpt lat="45.05463" lon="13.711798">
        <ele>67.7</ele>
      </trkpt>
      <trkpt lat="45.054161" lon="13.712914">
        <ele>70.3</ele>
      </trkpt>
      <trkpt lat="45.053307" lon="13.714803">
        <ele>72.7</ele>
      </trkpt>
      <trkpt lat="45.052971" lon="13.715517">
        <ele>74.0</ele>
      </trkpt>
      <trkpt lat="45.052174" lon="13.716928">
        <ele>67.7</ele>
      </trkpt>
      <trkpt lat="45.051971" lon="13.71732">
        <ele>66.3</ele>
      </trkpt>
      <trkpt lat="45.051556" lon="13.718243">
        <ele>67.2</ele>
      </trkpt>
      <trkpt lat="45.051208" lon="13.719104">
        <ele>71.3</ele>
      </trkpt>
      <trkpt lat="45.051155" lon="13.719274">
        <ele>71.7</ele>
      </trkpt>
      <trkpt lat="45.051079" lon="13.719641">
        <ele>73.0</ele>
      </trkpt>
      <trkpt lat="45.051041" lon="13.719914">
        <ele>73.6</ele>
      </trkpt>
      <trkpt lat="45.051025" lon="13.720206">
        <ele>74.0</ele>
      </trkpt>
      <trkpt lat="45.05098" lon="13.722176">
        <ele>74.7</ele>
      </trkpt>
      <trkpt lat="45.051033" lon="13.723198">
        <ele>72.6</ele>
      </trkpt>
      <trkpt lat="45.051033" lon="13.723483">
        <ele>71.2</ele>
      </trkpt>
      <trkpt lat="45.05101" lon="13.724003">
        <ele>69.2</ele>
      </trkpt>
      <trkpt lat="45.050949" lon="13.72443">
        <ele>68.0</ele>
      </trkpt>
      <trkpt lat="45.050854" lon="13.724851">
        <ele>66.0</ele>
      </trkpt>
      <trkpt lat="45.050724" lon="13.725249">
        <ele>65.0</ele>
      </trkpt>
      <trkpt lat="45.049923" lon="13.72708">
        <ele>64.3</ele>
      </trkpt>
      <trkpt lat="45.049812" lon="13.727495">
        <ele>65.6</ele>
      </trkpt>
      <trkpt lat="45.049763" lon="13.727827">
        <ele>66.0</ele>
      </trkpt>
      <trkpt lat="45.049751" lon="13.728082">
        <ele>66.2</ele>
      </trkpt>
      <trkpt lat="45.049763" lon="13.728424">
        <ele>66.7</ele>
      </trkpt>
      <trkpt lat="45.050201" lon="13.731379">
        <ele>68.6</ele>
      </trkpt>
      <trkpt lat="45.050236" lon="13.731807">
        <ele>69.0</ele>
      </trkpt>
      <trkpt lat="45.05024" lon="13.732323">
        <ele>69.2</ele>
      </trkpt>
      <trkpt lat="45.05014" lon="13.73369">
        <ele>71.3</ele>
      </trkpt>
      <trkpt lat="45.049702" lon="13.738527">
        <ele>82.0</ele>
      </trkpt>
      <trkpt lat="45.049633" lon="13.739031">
        <ele>82.7</ele>
      </trkpt>
      <trkpt lat="45.049534" lon="13.73944">
        <ele>83.7</ele>
      </trkpt>
      <trkpt lat="45.049408" lon="13.73979">
        <ele>84.6</ele>
      </trkpt>
      <trkpt lat="45.049297" lon="13.740033">
        <ele>85.3</ele>
      </trkpt>
      <trkpt lat="45.048592" lon="13.741324">
        <ele>89.0</ele>
      </trkpt>
      <trkpt lat="45.047974" lon="13.742535">
        <ele>89.6</ele>
      </trkpt>
      <trkpt lat="45.04678" lon="13.744784">
        <ele>90.2</ele>
      </trkpt>
      <trkpt lat="45.046638" lon="13.744993">
        <ele>90.0</ele>
      </trkpt>
      <trkpt lat="45.046432" lon="13.74525">
        <ele>89.7</ele>
      </trkpt>
      <trkpt lat="45.045536" lon="13.74623">
        <ele>87.3</ele>
      </trkpt>
      <trkpt lat="45.045292" lon="13.746516">
        <ele>87.2</ele>
      </trkpt>
      <trkpt lat="45.045097" lon="13.746785">
        <ele>86.6</ele>
      </trkpt>
      <trkpt lat="45.044796" lon="13.74734">
        <ele>85.0</ele>
      </trkpt>
      <trkpt lat="45.043995" lon="13.748967">
        <ele>83.7</ele>
      </trkpt>
      <trkpt lat="45.043736" lon="13.749456">
        <ele>87.6</ele>
      </trkpt>
      <trkpt lat="45.043461" lon="13.749867">
        <ele>90.0</ele>
      </trkpt>
      <trkpt lat="45.042728" lon="13.750834">
        <ele>92.7</ele>
      </trkpt>
      <trkpt lat="45.042507" lon="13.751207">
        <ele>93.7</ele>
      </trkpt>
      <trkpt lat="45.042191" lon="13.751825">
        <ele>94.6</ele>
      </trkpt>
      <trkpt lat="45.041924" lon="13.75242">
        <ele>95.7</ele>
      </trkpt>
      <trkpt lat="45.041862" lon="13.752598">
        <ele>96.0</ele>
      </trkpt>
      <trkpt lat="45.041801" lon="13.752848">
        <ele>96.6</ele>
      </trkpt>
      <trkpt lat="45.041527" lon="13.754838">
        <ele>100.0</ele>
      </trkpt>
      <trkpt lat="45.041168" lon="13.756507">
        <ele>105.3</ele>
      </trkpt>
      <trkpt lat="45.0411" lon="13.756886">
        <ele>106.3</ele>
      </trkpt>
      <trkpt lat="45.04105" lon="13.757454">
        <ele>107.7</ele>
      </trkpt>
      <trkpt lat="45.041065" lon="13.757824">
        <ele>108.6</ele>
      </trkpt>
      <trkpt lat="45.041203" lon="13.759078">
        <ele>111.3</ele>
      </trkpt>
      <trkpt lat="45.041256" lon="13.759404">
        <ele>111.7</ele>
      </trkpt>
      <trkpt lat="45.041424" lon="13.761007">
        <ele>114.6</ele>
      </trkpt>
      <trkpt lat="45.041451" lon="13.761292">
        <ele>115.2</ele>
      </trkpt>
      <trkpt lat="45.04147" lon="13.761839">
        <ele>116.0</ele>
      </trkpt>
      <trkpt lat="45.041439" lon="13.762705">
        <ele>116.0</ele>
      </trkpt>
      <trkpt lat="45.041218" lon="13.766257">
        <ele>119.2</ele>
      </trkpt>
      <trkpt lat="45.041119" lon="13.768139">
        <ele>123.6</ele>
      </trkpt>
      <trkpt lat="45.041054" lon="13.768837">
        <ele>125.0</ele>
      </trkpt>
      <trkpt lat="45.041004" lon="13.769137">
        <ele>125.6</ele>
      </trkpt>
      <trkpt lat="45.040176" lon="13.772604">
        <ele>127.3</ele>
      </trkpt>
      <trkpt lat="45.040073" lon="13.773114">
        <ele>127.3</ele>
      </trkpt>
      <trkpt lat="45.040016" lon="13.773813">
        <ele>127.2</ele>
      </trkpt>
      <trkpt lat="45.040108" lon="13.775655">
        <ele>126.6</ele>
      </trkpt>
      <trkpt lat="45.040104" lon="13.775936">
        <ele>126.2</ele>
      </trkpt>
      <trkpt lat="45.040066" lon="13.776407">
        <ele>125.3</ele>
      </trkpt>
      <trkpt lat="45.039948" lon="13.777372">
        <ele>124.6</ele>
      </trkpt>
      <trkpt lat="45.03989" lon="13.777703">
        <ele>124.0</ele>
      </trkpt>
      <trkpt lat="45.039822" lon="13.777936">
        <ele>123.7</ele>
      </trkpt>
      <trkpt lat="45.039734" lon="13.778156">
        <ele>123.6</ele>
      </trkpt>
      <trkpt lat="45.039658" lon="13.778274">
        <ele>123.2</ele>
      </trkpt>
      <trkpt lat="45.039566" lon="13.778361">
        <ele>123.0</ele>
      </trkpt>
      <trkpt lat="45.039513" lon="13.778487">
        <ele>123.0</ele>
      </trkpt>
      <trkpt lat="45.039513" lon="13.778549">
        <ele>123.0</ele>
      </trkpt>
      <trkpt lat="45.039532" lon="13.778602">
        <ele>123.2</ele>
      </trkpt>
      <trkpt lat="45.039566" lon="13.77864">
        <ele>123.3</ele>
      </trkpt>
      <trkpt lat="45.039711" lon="13.778694">
        <ele>123.6</ele>
      </trkpt>
      <trkpt lat="45.039761" lon="13.778727">
        <ele>123.3</ele>
      </trkpt>
      <trkpt lat="45.039803" lon="13.778784">
        <ele>123.3</ele>
      </trkpt>
      <trkpt lat="45.039845" lon="13.778947">
        <ele>123.2</ele>
      </trkpt>
      <trkpt lat="45.039837" lon="13.779318">
        <ele>123.0</ele>
      </trkpt>
      <trkpt lat="45.039738" lon="13.781035">
        <ele>127.2</ele>
      </trkpt>
      <trkpt lat="45.03973" lon="13.781802">
        <ele>129.7</ele>
      </trkpt>
      <trkpt lat="45.039745" lon="13.782009">
        <ele>130.0</ele>
      </trkpt>
      <trkpt lat="45.039791" lon="13.782146">
        <ele>130.3</ele>
      </trkpt>
      <trkpt lat="45.039879" lon="13.782304">
        <ele>130.6</ele>
      </trkpt>
      <trkpt lat="45.040363" lon="13.783043">
        <ele>131.7</ele>
      </trkpt>
      <trkpt lat="45.040512" lon="13.783497">
        <ele>131.0</ele>
      </trkpt>
      <trkpt lat="45.040623" lon="13.783641">
        <ele>131.3</ele>
      </trkpt>
      <trkpt lat="45.040649" lon="13.783735">
        <ele>131.3</ele>
      </trkpt>
      <trkpt lat="45.04073" lon="13.783871">
        <ele>131.2</ele>
      </trkpt>
      <trkpt lat="45.040749" lon="13.78396">
        <ele>131.0</ele>
      </trkpt>
      <trkpt lat="45.040688" lon="13.784009">
        <ele>131.3</ele>
      </trkpt>
      <trkpt lat="45.040653" lon="13.78406">
        <ele>131.2</ele>
      </trkpt>
      <trkpt lat="45.04063" lon="13.78471">
        <ele>131.3</ele>
      </trkpt>
      <trkpt lat="45.040596" lon="13.784849">
        <ele>131.3</ele>
      </trkpt>
      <trkpt lat="45.040432" lon="13.785225">
        <ele>131.7</ele>
      </trkpt>
      <trkpt lat="45.040321" lon="13.785596">
        <ele>132.7</ele>
      </trkpt>
      <trkpt lat="45.040169" lon="13.786291">
        <ele>134.2</ele>
      </trkpt>
      <trkpt lat="45.040073" lon="13.786633">
        <ele>133.7</ele>
      </trkpt>
      <trkpt lat="45.039993" lon="13.787006">
        <ele>132.7</ele>
      </trkpt>
      <trkpt lat="45.039989" lon="13.78709">
        <ele>133.0</ele>
      </trkpt>
      <trkpt lat="45.040012" lon="13.78712">
        <ele>133.0</ele>
      </trkpt>
      <trkpt lat="45.040146" lon="13.787129">
        <ele>133.2</ele>
      </trkpt>
      <trkpt lat="45.040264" lon="13.787179">
        <ele>134.0</ele>
      </trkpt>
      <trkpt lat="45.040325" lon="13.787263">
        <ele>134.3</ele>
      </trkpt>
      <trkpt lat="45.040577" lon="13.787718">
        <ele>134.7</ele>
      </trkpt>
      <trkpt lat="45.040749" lon="13.787886">
        <ele>134.7</ele>
      </trkpt>
      <trkpt lat="45.040817" lon="13.787894">
        <ele>134.3</ele>
      </trkpt>
      <trkpt lat="45.041214" lon="13.787711">
        <ele>135.6</ele>
      </trkpt>
      <trkpt lat="45.041275" lon="13.787645">
        <ele>135.7</ele>
      </trkpt>
      <trkpt lat="45.041298" lon="13.787601">
        <ele>135.7</ele>
      </trkpt>
      <trkpt lat="45.041313" lon="13.787504">
        <ele>136.2</ele>
      </trkpt>
      <trkpt lat="45.04129" lon="13.787211">
        <ele>139.0</ele>
      </trkpt>
      <trkpt lat="45.041424" lon="13.786901">
        <ele>141.0</ele>
      </trkpt>
      <trkpt lat="45.041355" lon="13.786841">
        <ele>142.0</ele>
      </trkpt>
      <trkpt lat="45.041286" lon="13.786922">
        <ele>142.6</ele>
      </trkpt>
      <trkpt lat="45.041218" lon="13.786901">
        <ele>142.7</ele>
      </trkpt>
      <trkpt lat="45.041122" lon="13.787006">
        <ele>143.3</ele>
      </trkpt>
      <trkpt lat="45.041183" lon="13.786941">
        <ele>143.2</ele>
      </trkpt>
      <trkpt lat="45.041225" lon="13.786928">
        <ele>143.0</ele>
      </trkpt>
      <trkpt lat="45.041283" lon="13.786841">
        <ele>142.7</ele>
      </trkpt>
      <trkpt lat="45.04137" lon="13.786906">
        <ele>142.2</ele>
      </trkpt>
      <trkpt lat="45.041267" lon="13.787133">
        <ele>140.7</ele>
      </trkpt>
      <trkpt lat="45.041298" lon="13.787486">
        <ele>138.3</ele>
      </trkpt>
      <trkpt lat="45.041267" lon="13.78759">
        <ele>137.6</ele>
      </trkpt>
      <trkpt lat="45.041157" lon="13.787696">
        <ele>136.2</ele>
      </trkpt>
      <trkpt lat="45.04084" lon="13.787864">
        <ele>134.0</ele>
      </trkpt>
      <trkpt lat="45.040813" lon="13.787898">
        <ele>134.0</ele>
      </trkpt>
      <trkpt lat="45.04081" lon="13.787928">
        <ele>134.0</ele>
      </trkpt>
      <trkpt lat="45.040951" lon="13.788662">
        <ele>130.3</ele>
      </trkpt>
      <trkpt lat="45.041058" lon="13.789348">
        <ele>129.0</ele>
      </trkpt>
      <trkpt lat="45.041092" lon="13.789879">
        <ele>129.2</ele>
      </trkpt>
      <trkpt lat="45.041115" lon="13.78994">
        <ele>129.0</ele>
      </trkpt>
      <trkpt lat="45.04118" lon="13.789991">
        <ele>128.6</ele>
      </trkpt>
      <trkpt lat="45.041225" lon="13.789999">
        <ele>128.3</ele>
      </trkpt>
      <trkpt lat="45.041618" lon="13.789968">
        <ele>127.0</ele>
      </trkpt>
      <trkpt lat="45.041916" lon="13.789972">
        <ele>126.7</ele>
      </trkpt>
      <trkpt lat="45.044365" lon="13.790059">
        <ele>129.7</ele>
      </trkpt>
      <trkpt lat="45.051395" lon="13.790398">
        <ele>121.6</ele>
      </trkpt>
      <trkpt lat="45.054729" lon="13.790545">
        <ele>132.6</ele>
      </trkpt>
      <trkpt lat="45.055321" lon="13.790553">
        <ele>135.3</ele>
      </trkpt>
      <trkpt lat="45.057144" lon="13.790664">
        <ele>137.7</ele>
      </trkpt>
      <trkpt lat="45.05888" lon="13.79072">
        <ele>142.0</ele>
      </trkpt>
      <trkpt lat="45.060749" lon="13.790828">
        <ele>145.6</ele>
      </trkpt>
      <trkpt lat="45.061707" lon="13.790865">
        <ele>145.3</ele>
      </trkpt>
      <trkpt lat="45.061802" lon="13.790906">
        <ele>145.3</ele>
      </trkpt>
      <trkpt lat="45.061882" lon="13.79099">
        <ele>145.3</ele>
      </trkpt>
      <trkpt lat="45.06221" lon="13.791563">
        <ele>146.3</ele>
      </trkpt>
      <trkpt lat="45.062328" lon="13.791682">
        <ele>146.2</ele>
      </trkpt>
      <trkpt lat="45.062424" lon="13.791734">
        <ele>146.0</ele>
      </trkpt>
      <trkpt lat="45.062687" lon="13.79179">
        <ele>145.7</ele>
      </trkpt>
      <trkpt lat="45.063175" lon="13.79185">
        <ele>146.0</ele>
      </trkpt>
      <trkpt lat="45.063377" lon="13.791934">
        <ele>146.3</ele>
      </trkpt>
      <trkpt lat="45.063797" lon="13.792174">
        <ele>149.2</ele>
      </trkpt>
      <trkpt lat="45.063957" lon="13.792221">
        <ele>150.2</ele>
      </trkpt>
      <trkpt lat="45.064281" lon="13.792244">
        <ele>151.6</ele>
      </trkpt>
      <trkpt lat="45.065128" lon="13.792264">
        <ele>153.2</ele>
      </trkpt>
      <trkpt lat="45.065418" lon="13.792299">
        <ele>153.0</ele>
      </trkpt>
      <trkpt lat="45.065559" lon="13.792335">
        <ele>153.3</ele>
      </trkpt>
      <trkpt lat="45.065784" lon="13.792424">
        <ele>154.3</ele>
      </trkpt>
      <trkpt lat="45.066059" lon="13.792576">
        <ele>155.0</ele>
      </trkpt>
      <trkpt lat="45.066147" lon="13.792641">
        <ele>155.0</ele>
      </trkpt>
      <trkpt lat="45.066437" lon="13.792935">
        <ele>155.3</ele>
      </trkpt>
      <trkpt lat="45.066883" lon="13.793557">
        <ele>155.7</ele>
      </trkpt>
      <trkpt lat="45.067333" lon="13.794083">
        <ele>157.0</ele>
      </trkpt>
      <trkpt lat="45.06805" lon="13.794835">
        <ele>158.3</ele>
      </trkpt>
      <trkpt lat="45.068249" lon="13.795074">
        <ele>157.7</ele>
      </trkpt>
      <trkpt lat="45.068504" lon="13.79549">
        <ele>157.7</ele>
      </trkpt>
      <trkpt lat="45.068771" lon="13.796067">
        <ele>158.3</ele>
      </trkpt>
      <trkpt lat="45.069126" lon="13.796885">
        <ele>161.2</ele>
      </trkpt>
      <trkpt lat="45.069462" lon="13.79772">
        <ele>164.0</ele>
      </trkpt>
      <trkpt lat="45.069561" lon="13.79789">
        <ele>164.6</ele>
      </trkpt>
      <trkpt lat="45.069756" lon="13.798143">
        <ele>165.0</ele>
      </trkpt>
      <trkpt lat="45.069847" lon="13.798297">
        <ele>165.0</ele>
      </trkpt>
      <trkpt lat="45.070107" lon="13.798911">
        <ele>166.0</ele>
      </trkpt>
      <trkpt lat="45.070351" lon="13.799314">
        <ele>165.7</ele>
      </trkpt>
      <trkpt lat="45.070404" lon="13.799437">
        <ele>165.7</ele>
      </trkpt>
      <trkpt lat="45.070435" lon="13.799577">
        <ele>165.7</ele>
      </trkpt>
      <trkpt lat="45.070446" lon="13.799803">
        <ele>165.3</ele>
      </trkpt>
      <trkpt lat="45.070358" lon="13.801219">
        <ele>167.3</ele>
      </trkpt>
      <trkpt lat="45.070335" lon="13.801338">
        <ele>167.3</ele>
      </trkpt>
      <trkpt lat="45.070263" lon="13.801556">
        <ele>167.2</ele>
      </trkpt>
      <trkpt lat="45.070095" lon="13.801885">
        <ele>167.3</ele>
      </trkpt>
      <trkpt lat="45.070057" lon="13.801994">
        <ele>167.6</ele>
      </trkpt>
      <trkpt lat="45.070034" lon="13.802112">
        <ele>167.6</ele>
      </trkpt>
      <trkpt lat="45.070026" lon="13.802309">
        <ele>167.6</ele>
      </trkpt>
      <trkpt lat="45.070049" lon="13.802604">
        <ele>166.7</ele>
      </trkpt>
      <trkpt lat="45.07021" lon="13.803452">
        <ele>164.2</ele>
      </trkpt>
      <trkpt lat="45.070412" lon="13.804882">
        <ele>164.2</ele>
      </trkpt>
      <trkpt lat="45.070515" lon="13.80526">
        <ele>163.6</ele>
      </trkpt>
      <trkpt lat="45.070618" lon="13.805508">
        <ele>163.3</ele>
      </trkpt>
      <trkpt lat="45.070732" lon="13.805724">
        <ele>163.6</ele>
      </trkpt>
      <trkpt lat="45.070854" lon="13.805909">
        <ele>164.3</ele>
      </trkpt>
      <trkpt lat="45.071056" lon="13.806152">
        <ele>166.0</ele>
      </trkpt>
      <trkpt lat="45.07122" lon="13.806296">
        <ele>167.0</ele>
      </trkpt>
      <trkpt lat="45.071457" lon="13.806457">
        <ele>168.7</ele>
      </trkpt>
      <trkpt lat="45.072342" lon="13.806952">
        <ele>174.7</ele>
      </trkpt>
      <trkpt lat="45.072651" lon="13.80709">
        <ele>175.6</ele>
      </trkpt>
      <trkpt lat="45.072994" lon="13.807196">
        <ele>175.7</ele>
      </trkpt>
      <trkpt lat="45.07346" lon="13.807257">
        <ele>177.0</ele>
      </trkpt>
      <trkpt lat="45.073757" lon="13.807319">
        <ele>177.0</ele>
      </trkpt>
      <trkpt lat="45.073895" lon="13.807371">
        <ele>177.0</ele>
      </trkpt>
      <trkpt lat="45.074093" lon="13.807503">
        <ele>176.6</ele>
      </trkpt>
      <trkpt lat="45.074699" lon="13.808005">
        <ele>176.0</ele>
      </trkpt>
      <trkpt lat="45.074852" lon="13.808153">
        <ele>177.2</ele>
      </trkpt>
      <trkpt lat="45.075005" lon="13.808375">
        <ele>179.2</ele>
      </trkpt>
      <trkpt lat="45.075504" lon="13.809264">
        <ele>184.7</ele>
      </trkpt>
      <trkpt lat="45.075657" lon="13.809564">
        <ele>185.6</ele>
      </trkpt>
      <trkpt lat="45.076031" lon="13.810411">
        <ele>187.0</ele>
      </trkpt>
      <trkpt lat="45.076202" lon="13.810761">
        <ele>186.6</ele>
      </trkpt>
      <trkpt lat="45.076881" lon="13.811999">
        <ele>181.6</ele>
      </trkpt>
      <trkpt lat="45.077522" lon="13.812946">
        <ele>181.6</ele>
      </trkpt>
      <trkpt lat="45.077721" lon="13.813308">
        <ele>181.7</ele>
      </trkpt>
      <trkpt lat="45.0779" lon="13.81372">
        <ele>180.6</ele>
      </trkpt>
      <trkpt lat="45.07793" lon="13.813913">
        <ele>180.2</ele>
      </trkpt>
      <trkpt lat="45.077915" lon="13.814104">
        <ele>180.2</ele>
      </trkpt>
      <trkpt lat="45.077759" lon="13.815244">
        <ele>180.2</ele>
      </trkpt>
      <trkpt lat="45.077652" lon="13.815608">
        <ele>180.7</ele>
      </trkpt>
      <trkpt lat="45.077442" lon="13.816114">
        <ele>181.7</ele>
      </trkpt>
      <trkpt lat="45.077423" lon="13.816278">
        <ele>182.0</ele>
      </trkpt>
      <trkpt lat="45.077438" lon="13.816445">
        <ele>182.3</ele>
      </trkpt>
      <trkpt lat="45.077534" lon="13.816837">
        <ele>183.0</ele>
      </trkpt>
      <trkpt lat="45.077709" lon="13.817473">
        <ele>182.6</ele>
      </trkpt>
      <trkpt lat="45.07777" lon="13.817613">
        <ele>182.6</ele>
      </trkpt>
      <trkpt lat="45.077858" lon="13.817719">
        <ele>182.6</ele>
      </trkpt>
      <trkpt lat="45.078014" lon="13.817811">
        <ele>183.0</ele>
      </trkpt>
      <trkpt lat="45.078873" lon="13.817978">
        <ele>182.6</ele>
      </trkpt>
      <trkpt lat="45.078987" lon="13.818018">
        <ele>182.3</ele>
      </trkpt>
      <trkpt lat="45.079144" lon="13.81812">
        <ele>182.6</ele>
      </trkpt>
      <trkpt lat="45.079662" lon="13.81862">
        <ele>181.7</ele>
      </trkpt>
      <trkpt lat="45.079861" lon="13.818865">
        <ele>181.6</ele>
      </trkpt>
      <trkpt lat="45.080189" lon="13.819317">
        <ele>182.0</ele>
      </trkpt>
      <trkpt lat="45.080345" lon="13.819494">
        <ele>181.7</ele>
      </trkpt>
      <trkpt lat="45.080788" lon="13.819887">
        <ele>182.0</ele>
      </trkpt>
      <trkpt lat="45.081093" lon="13.820097">
        <ele>182.7</ele>
      </trkpt>
      <trkpt lat="45.081364" lon="13.820319">
        <ele>185.2</ele>
      </trkpt>
      <trkpt lat="45.081448" lon="13.820411">
        <ele>185.6</ele>
      </trkpt>
      <trkpt lat="45.081512" lon="13.820527">
        <ele>186.2</ele>
      </trkpt>
      <trkpt lat="45.081535" lon="13.820627">
        <ele>186.7</ele>
      </trkpt>
      <trkpt lat="45.081566" lon="13.821159">
        <ele>188.2</ele>
      </trkpt>
      <trkpt lat="45.081676" lon="13.821729">
        <ele>187.7</ele>
      </trkpt>
      <trkpt lat="45.081814" lon="13.822258">
        <ele>187.6</ele>
      </trkpt>
      <trkpt lat="45.081917" lon="13.822479">
        <ele>187.6</ele>
      </trkpt>
      <trkpt lat="45.081989" lon="13.822575">
        <ele>187.3</ele>
      </trkpt>
      <trkpt lat="45.082188" lon="13.822768">
        <ele>187.7</ele>
      </trkpt>
      <trkpt lat="45.082581" lon="13.82308">
        <ele>188.7</ele>
      </trkpt>
      <trkpt lat="45.08276" lon="13.823247">
        <ele>189.3</ele>
      </trkpt>
      <trkpt lat="45.083374" lon="13.823844">
        <ele>191.2</ele>
      </trkpt>
      <trkpt lat="45.083519" lon="13.824013">
        <ele>191.2</ele>
      </trkpt>
      <trkpt lat="45.083645" lon="13.824205">
        <ele>191.6</ele>
      </trkpt>
      <trkpt lat="45.084167" lon="13.825234">
        <ele>194.3</ele>
      </trkpt>
      <trkpt lat="45.084286" lon="13.825415">
        <ele>195.3</ele>
      </trkpt>
      <trkpt lat="45.084343" lon="13.825469">
        <ele>195.6</ele>
      </trkpt>
      <trkpt lat="45.084461" lon="13.825547">
        <ele>196.3</ele>
      </trkpt>
      <trkpt lat="45.084526" lon="13.825569">
        <ele>196.6</ele>
      </trkpt>
      <trkpt lat="45.084599" lon="13.825569">
        <ele>196.6</ele>
      </trkpt>
      <trkpt lat="45.084846" lon="13.825505">
        <ele>197.0</ele>
      </trkpt>
      <trkpt lat="45.084984" lon="13.825523">
        <ele>197.0</ele>
      </trkpt>
      <trkpt lat="45.085823" lon="13.825863">
        <ele>198.2</ele>
      </trkpt>
      <trkpt lat="45.085976" lon="13.825953">
        <ele>198.7</ele>
      </trkpt>
      <trkpt lat="45.086243" lon="13.826236">
        <ele>199.6</ele>
      </trkpt>
      <trkpt lat="45.086353" lon="13.826332">
        <ele>199.7</ele>
      </trkpt>
      <trkpt lat="45.086617" lon="13.826466">
        <ele>201.2</ele>
      </trkpt>
      <trkpt lat="45.087086" lon="13.826632">
        <ele>203.0</ele>
      </trkpt>
      <trkpt lat="45.087433" lon="13.8267">
        <ele>203.3</ele>
      </trkpt>
      <trkpt lat="45.087738" lon="13.826716">
        <ele>204.0</ele>
      </trkpt>
      <trkpt lat="45.088039" lon="13.826754">
        <ele>205.0</ele>
      </trkpt>
      <trkpt lat="45.088558" lon="13.826935">
        <ele>205.0</ele>
      </trkpt>
      <trkpt lat="45.088875" lon="13.827085">
        <ele>205.0</ele>
      </trkpt>
      <trkpt lat="45.089176" lon="13.827127">
        <ele>204.7</ele>
      </trkpt>
      <trkpt lat="45.089569" lon="13.827119">
        <ele>205.6</ele>
      </trkpt>
      <trkpt lat="45.089687" lon="13.827158">
        <ele>206.0</ele>
      </trkpt>
      <trkpt lat="45.089752" lon="13.827216">
        <ele>206.2</ele>
      </trkpt>
      <trkpt lat="45.089901" lon="13.827474">
        <ele>206.6</ele>
      </trkpt>
      <trkpt lat="45.090252" lon="13.828185">
        <ele>207.7</ele>
      </trkpt>
      <trkpt lat="45.090782" lon="13.82902">
        <ele>211.0</ele>
      </trkpt>
      <trkpt lat="45.090939" lon="13.829299">
        <ele>211.8</ele>
      </trkpt>
      <trkpt lat="45.091438" lon="13.830304">
        <ele>215.4</ele>
      </trkpt>
      <trkpt lat="45.091644" lon="13.830769">
        <ele>217.7</ele>
      </trkpt>
      <trkpt lat="45.092003" lon="13.831779">
        <ele>221.6</ele>
      </trkpt>
      <trkpt lat="45.092121" lon="13.832057">
        <ele>221.7</ele>
      </trkpt>
      <trkpt lat="45.092228" lon="13.832222">
        <ele>222.0</ele>
      </trkpt>
      <trkpt lat="45.092449" lon="13.832476">
        <ele>222.0</ele>
      </trkpt>
      <trkpt lat="45.093128" lon="13.833158">
        <ele>224.6</ele>
      </trkpt>
      <trkpt lat="45.093945" lon="13.834425">
        <ele>229.4</ele>
      </trkpt>
      <trkpt lat="45.094051" lon="13.834614">
        <ele>229.7</ele>
      </trkpt>
      <trkpt lat="45.094307" lon="13.835157">
        <ele>232.0</ele>
      </trkpt>
      <trkpt lat="45.094448" lon="13.835613">
        <ele>233.7</ele>
      </trkpt>
      <trkpt lat="45.094513" lon="13.8359">
        <ele>234.7</ele>
      </trkpt>
      <trkpt lat="45.094555" lon="13.836157">
        <ele>235.4</ele>
      </trkpt>
      <trkpt lat="45.094578" lon="13.836432">
        <ele>236.0</ele>
      </trkpt>
      <trkpt lat="45.094555" lon="13.836768">
        <ele>237.4</ele>
      </trkpt>
      <trkpt lat="45.094479" lon="13.83741">
        <ele>239.2</ele>
      </trkpt>
      <trkpt lat="45.094429" lon="13.837631">
        <ele>240.0</ele>
      </trkpt>
      <trkpt lat="45.094284" lon="13.8381">
        <ele>241.4</ele>
      </trkpt>
      <trkpt lat="45.094151" lon="13.838788">
        <ele>242.2</ele>
      </trkpt>
      <trkpt lat="45.093929" lon="13.839562">
        <ele>243.7</ele>
      </trkpt>
      <trkpt lat="45.093754" lon="13.839968">
        <ele>246.0</ele>
      </trkpt>
      <trkpt lat="45.093624" lon="13.84021">
        <ele>247.2</ele>
      </trkpt>
      <trkpt lat="45.093517" lon="13.840359">
        <ele>248.0</ele>
      </trkpt>
      <trkpt lat="45.09351" lon="13.840444">
        <ele>248.4</ele>
      </trkpt>
      <trkpt lat="45.093491" lon="13.840484">
        <ele>248.6</ele>
      </trkpt>
      <trkpt lat="45.092995" lon="13.841212">
        <ele>250.2</ele>
      </trkpt>
      <trkpt lat="45.092834" lon="13.841507">
        <ele>250.4</ele>
      </trkpt>
      <trkpt lat="45.092773" lon="13.841707">
        <ele>250.2</ele>
      </trkpt>
      <trkpt lat="45.092701" lon="13.842142">
        <ele>251.2</ele>
      </trkpt>
      <trkpt lat="45.092648" lon="13.84229">
        <ele>252.0</ele>
      </trkpt>
      <trkpt lat="45.09251" lon="13.842554">
        <ele>252.7</ele>
      </trkpt>
      <trkpt lat="45.092461" lon="13.842757">
        <ele>253.0</ele>
      </trkpt>
      <trkpt lat="45.092426" lon="13.842812">
        <ele>253.2</ele>
      </trkpt>
      <trkpt lat="45.092323" lon="13.842881">
        <ele>253.2</ele>
      </trkpt>
      <trkpt lat="45.092197" lon="13.842932">
        <ele>253.0</ele>
      </trkpt>
      <trkpt lat="45.092094" lon="13.842999">
        <ele>252.6</ele>
      </trkpt>
      <trkpt lat="45.091873" lon="13.843202">
        <ele>252.0</ele>
      </trkpt>
      <trkpt lat="45.091743" lon="13.843401">
        <ele>252.2</ele>
      </trkpt>
      <trkpt lat="45.091618" lon="13.843709">
        <ele>253.6</ele>
      </trkpt>
      <trkpt lat="45.091587" lon="13.843862">
        <ele>254.2</ele>
      </trkpt>
      <trkpt lat="45.09161" lon="13.844212">
        <ele>255.4</ele>
      </trkpt>
      <trkpt lat="45.09166" lon="13.844463">
        <ele>256.7</ele>
      </trkpt>
      <trkpt lat="45.091682" lon="13.844716">
        <ele>257.0</ele>
      </trkpt>
      <trkpt lat="45.09174" lon="13.844774">
        <ele>257.6</ele>
      </trkpt>
      <trkpt lat="45.09169" lon="13.844737">
        <ele>259.0</ele>
      </trkpt>
      <trkpt lat="45.091667" lon="13.844751">
        <ele>258.7</ele>
      </trkpt>
      <trkpt lat="45.091518" lon="13.845037">
        <ele>259.0</ele>
      </trkpt>
      <trkpt lat="45.091473" lon="13.845184">
        <ele>259.2</ele>
      </trkpt>
      <trkpt lat="45.091019" lon="13.846232">
        <ele>260.0</ele>
      </trkpt>
      <trkpt lat="45.090858" lon="13.846704">
        <ele>261.0</ele>
      </trkpt>
      <trkpt lat="45.090763" lon="13.847173">
        <ele>261.7</ele>
      </trkpt>
      <trkpt lat="45.090721" lon="13.847484">
        <ele>262.2</ele>
      </trkpt>
      <trkpt lat="45.090652" lon="13.848027">
        <ele>263.0</ele>
      </trkpt>
      <trkpt lat="45.090557" lon="13.849022">
        <ele>264.4</ele>
      </trkpt>
      <trkpt lat="45.090351" lon="13.851716">
        <ele>271.4</ele>
      </trkpt>
      <trkpt lat="45.090309" lon="13.852023">
        <ele>272.2</ele>
      </trkpt>
      <trkpt lat="45.090305" lon="13.852496">
        <ele>273.0</ele>
      </trkpt>
      <trkpt lat="45.090355" lon="13.852982">
        <ele>274.4</ele>
      </trkpt>
      <trkpt lat="45.09087" lon="13.855451">
        <ele>280.6</ele>
      </trkpt>
      <trkpt lat="45.090939" lon="13.855925">
        <ele>281.4</ele>
      </trkpt>
      <trkpt lat="45.090954" lon="13.856304">
        <ele>281.7</ele>
      </trkpt>
      <trkpt lat="45.090927" lon="13.856691">
        <ele>282.2</ele>
      </trkpt>
      <trkpt lat="45.090855" lon="13.857065">
        <ele>282.6</ele>
      </trkpt>
      <trkpt lat="45.090061" lon="13.859839">
        <ele>284.7</ele>
      </trkpt>
      <trkpt lat="45.089973" lon="13.860398">
        <ele>286.4</ele>
      </trkpt>
      <trkpt lat="45.089958" lon="13.860951">
        <ele>287.6</ele>
      </trkpt>
      <trkpt lat="45.090031" lon="13.861571">
        <ele>288.2</ele>
      </trkpt>
      <trkpt lat="45.090168" lon="13.862336">
        <ele>290.2</ele>
      </trkpt>
      <trkpt lat="45.090225" lon="13.86283">
        <ele>291.0</ele>
      </trkpt>
      <trkpt lat="45.090153" lon="13.86622">
        <ele>297.6</ele>
      </trkpt>
      <trkpt lat="45.090153" lon="13.866736">
        <ele>298.4</ele>
      </trkpt>
      <trkpt lat="45.090191" lon="13.867337">
        <ele>299.2</ele>
      </trkpt>
      <trkpt lat="45.090282" lon="13.868089">
        <ele>300.2</ele>
      </trkpt>
      <trkpt lat="45.090366" lon="13.868593">
        <ele>300.2</ele>
      </trkpt>
      <trkpt lat="45.090572" lon="13.869378">
        <ele>301.2</ele>
      </trkpt>
      <trkpt lat="45.090851" lon="13.870311">
        <ele>301.2</ele>
      </trkpt>
      <trkpt lat="45.090893" lon="13.870525">
        <ele>301.2</ele>
      </trkpt>
      <trkpt lat="45.090931" lon="13.870955">
        <ele>301.6</ele>
      </trkpt>
      <trkpt lat="45.090954" lon="13.872205">
        <ele>302.7</ele>
      </trkpt>
      <trkpt lat="45.090946" lon="13.872599">
        <ele>303.0</ele>
      </trkpt>
      <trkpt lat="45.090878" lon="13.873091">
        <ele>303.0</ele>
      </trkpt>
      <trkpt lat="45.090618" lon="13.874282">
        <ele>302.7</ele>
      </trkpt>
      <trkpt lat="45.09053" lon="13.875338">
        <ele>303.7</ele>
      </trkpt>
      <trkpt lat="45.090538" lon="13.875837">
        <ele>305.0</ele>
      </trkpt>
      <trkpt lat="45.090664" lon="13.876483">
        <ele>305.7</ele>
      </trkpt>
      <trkpt lat="45.090679" lon="13.876698">
        <ele>305.6</ele>
      </trkpt>
      <trkpt lat="45.090672" lon="13.87685">
        <ele>305.4</ele>
      </trkpt>
      <trkpt lat="45.090652" lon="13.877">
        <ele>305.2</ele>
      </trkpt>
      <trkpt lat="45.090549" lon="13.877341">
        <ele>304.7</ele>
      </trkpt>
      <trkpt lat="45.090256" lon="13.8781">
        <ele>303.2</ele>
      </trkpt>
      <trkpt lat="45.090267" lon="13.878144">
        <ele>303.2</ele>
      </trkpt>
      <trkpt lat="45.090282" lon="13.878133">
        <ele>303.2</ele>
      </trkpt>
      <trkpt lat="45.090378" lon="13.877855">
        <ele>303.2</ele>
      </trkpt>
      <trkpt lat="45.090473" lon="13.877664">
        <ele>303.7</ele>
      </trkpt>
      <trkpt lat="45.090645" lon="13.877182">
        <ele>305.0</ele>
      </trkpt>
      <trkpt lat="45.090664" lon="13.877048">
        <ele>305.0</ele>
      </trkpt>
      <trkpt lat="45.090652" lon="13.876941">
        <ele>305.4</ele>
      </trkpt>
      <trkpt lat="45.090618" lon="13.877186">
        <ele>305.7</ele>
      </trkpt>
      <trkpt lat="45.090294" lon="13.878027">
        <ele>303.6</ele>
      </trkpt>
      <trkpt lat="45.090214" lon="13.878296">
        <ele>303.0</ele>
      </trkpt>
      <trkpt lat="45.090153" lon="13.878692">
        <ele>302.4</ele>
      </trkpt>
      <trkpt lat="45.090031" lon="13.880058">
        <ele>305.0</ele>
      </trkpt>
      <trkpt lat="45.089939" lon="13.880474">
        <ele>306.7</ele>
      </trkpt>
      <trkpt lat="45.089882" lon="13.880665">
        <ele>307.6</ele>
      </trkpt>
      <trkpt lat="45.089844" lon="13.880719">
        <ele>308.0</ele>
      </trkpt>
      <trkpt lat="45.089783" lon="13.880738">
        <ele>308.2</ele>
      </trkpt>
      <trkpt lat="45.089703" lon="13.88072">
        <ele>308.4</ele>
      </trkpt>
      <trkpt lat="45.089382" lon="13.880476">
        <ele>308.0</ele>
      </trkpt>
      <trkpt lat="45.089195" lon="13.880355">
        <ele>307.4</ele>
      </trkpt>
      <trkpt lat="45.088982" lon="13.880252">
        <ele>306.7</ele>
      </trkpt>
      <trkpt lat="45.088745" lon="13.880177">
        <ele>306.4</ele>
      </trkpt>
      <trkpt lat="45.08823" lon="13.880118">
        <ele>306.0</ele>
      </trkpt>
      <trkpt lat="45.087128" lon="13.880056">
        <ele>304.0</ele>
      </trkpt>
      <trkpt lat="45.086876" lon="13.880083">
        <ele>303.6</ele>
      </trkpt>
      <trkpt lat="45.086647" lon="13.880134">
        <ele>304.0</ele>
      </trkpt>
      <trkpt lat="45.086437" lon="13.880212">
        <ele>304.6</ele>
      </trkpt>
      <trkpt lat="45.086239" lon="13.88032">
        <ele>305.0</ele>
      </trkpt>
      <trkpt lat="45.085999" lon="13.880514">
        <ele>305.4</ele>
      </trkpt>
      <trkpt lat="45.085796" lon="13.880752">
        <ele>306.4</ele>
      </trkpt>
      <trkpt lat="45.085743" lon="13.880898">
        <ele>307.0</ele>
      </trkpt>
      <trkpt lat="45.085743" lon="13.880978">
        <ele>307.2</ele>
      </trkpt>
      <trkpt lat="45.085762" lon="13.881048">
        <ele>307.4</ele>
      </trkpt>
      <trkpt lat="45.085804" lon="13.881099">
        <ele>307.6</ele>
      </trkpt>
      <trkpt lat="45.085903" lon="13.881166">
        <ele>308.0</ele>
      </trkpt>
      <trkpt lat="45.086212" lon="13.881287">
        <ele>308.4</ele>
      </trkpt>
      <trkpt lat="45.086685" lon="13.881539">
        <ele>309.4</ele>
      </trkpt>
      <trkpt lat="45.086918" lon="13.881618">
        <ele>309.7</ele>
      </trkpt>
      <trkpt lat="45.087051" lon="13.881645">
        <ele>310.2</ele>
      </trkpt>
      <trkpt lat="45.087162" lon="13.881645">
        <ele>310.4</ele>
      </trkpt>
      <trkpt lat="45.087624" lon="13.881726">
        <ele>310.2</ele>
      </trkpt>
      <trkpt lat="45.087845" lon="13.881796">
        <ele>310.4</ele>
      </trkpt>
      <trkpt lat="45.087955" lon="13.881805">
        <ele>310.4</ele>
      </trkpt>
      <trkpt lat="45.087997" lon="13.881771">
        <ele>310.7</ele>
      </trkpt>
      <trkpt lat="45.088219" lon="13.881785">
        <ele>311.7</ele>
      </trkpt>
      <trkpt lat="45.088318" lon="13.881835">
        <ele>312.0</ele>
      </trkpt>
      <trkpt lat="45.088394" lon="13.881852">
        <ele>313.7</ele>
      </trkpt>
      <trkpt lat="45.088715" lon="13.881919">
        <ele>313.2</ele>
      </trkpt>
      <trkpt lat="45.088833" lon="13.881927">
        <ele>313.2</ele>
      </trkpt>
      <trkpt lat="45.089115" lon="13.881997">
        <ele>313.0</ele>
      </trkpt>
      <trkpt lat="45.089211" lon="13.882003">
        <ele>313.2</ele>
      </trkpt>
      <trkpt lat="45.089294" lon="13.882054">
        <ele>313.4</ele>
      </trkpt>
      <trkpt lat="45.089378" lon="13.882016">
        <ele>313.7</ele>
      </trkpt>
      <trkpt lat="45.089455" lon="13.882038">
        <ele>313.7</ele>
      </trkpt>
      <trkpt lat="45.089451" lon="13.881998">
        <ele>313.7</ele>
      </trkpt>
      <trkpt lat="45.089409" lon="13.881993">
        <ele>313.6</ele>
      </trkpt>
      <trkpt lat="45.089363" lon="13.88203">
        <ele>313.4</ele>
      </trkpt>
      <trkpt lat="45.089317" lon="13.882116">
        <ele>313.2</ele>
      </trkpt>
      <trkpt lat="45.089317" lon="13.882192">
        <ele>313.6</ele>
      </trkpt>
      <trkpt lat="45.08934" lon="13.882065">
        <ele>313.4</ele>
      </trkpt>
      <trkpt lat="45.089382" lon="13.88205">
        <ele>313.4</ele>
      </trkpt>
      <trkpt lat="45.0896" lon="13.882169">
        <ele>313.4</ele>
      </trkpt>
      <trkpt lat="45.089825" lon="13.882359">
        <ele>313.6</ele>
      </trkpt>
      <trkpt lat="45.090008" lon="13.882698">
        <ele>312.6</ele>
      </trkpt>
      <trkpt lat="45.090214" lon="13.883036">
        <ele>311.6</ele>
      </trkpt>
      <trkpt lat="45.091148" lon="13.884523">
        <ele>315.0</ele>
      </trkpt>
      <trkpt lat="45.092045" lon="13.885871">
        <ele>319.4</ele>
      </trkpt>
      <trkpt lat="45.092506" lon="13.886525">
        <ele>322.7</ele>
      </trkpt>
      <trkpt lat="45.09277" lon="13.887075">
        <ele>326.2</ele>
      </trkpt>
      <trkpt lat="45.092873" lon="13.887324">
        <ele>327.4</ele>
      </trkpt>
      <trkpt lat="45.093021" lon="13.887722">
        <ele>328.7</ele>
      </trkpt>
      <trkpt lat="45.093174" lon="13.888074">
        <ele>329.6</ele>
      </trkpt>
      <trkpt lat="45.093323" lon="13.88854">
        <ele>329.7</ele>
      </trkpt>
      <trkpt lat="45.093407" lon="13.88897">
        <ele>329.2</ele>
      </trkpt>
      <trkpt lat="45.093384" lon="13.889909">
        <ele>328.0</ele>
      </trkpt>
      <trkpt lat="45.093414" lon="13.890096">
        <ele>327.7</ele>
      </trkpt>
      <trkpt lat="45.093506" lon="13.890362">
        <ele>328.0</ele>
      </trkpt>
      <trkpt lat="45.093559" lon="13.890449">
        <ele>328.0</ele>
      </trkpt>
      <trkpt lat="45.093674" lon="13.890558">
        <ele>327.7</ele>
      </trkpt>
      <trkpt lat="45.093861" lon="13.890668">
        <ele>327.4</ele>
      </trkpt>
      <trkpt lat="45.094025" lon="13.890794">
        <ele>327.2</ele>
      </trkpt>
      <trkpt lat="45.09409" lon="13.890863">
        <ele>327.6</ele>
      </trkpt>
      <trkpt lat="45.094196" lon="13.89104">
        <ele>328.0</ele>
      </trkpt>
      <trkpt lat="45.094307" lon="13.891445">
        <ele>328.4</ele>
      </trkpt>
      <trkpt lat="45.09436" lon="13.891855">
        <ele>329.4</ele>
      </trkpt>
      <trkpt lat="45.094433" lon="13.892042">
        <ele>330.0</ele>
      </trkpt>
      <trkpt lat="45.094536" lon="13.892215">
        <ele>330.6</ele>
      </trkpt>
      <trkpt lat="45.094696" lon="13.892671">
        <ele>331.0</ele>
      </trkpt>
      <trkpt lat="45.094719" lon="13.8928">
        <ele>331.2</ele>
      </trkpt>
      <trkpt lat="45.094734" lon="13.893189">
        <ele>330.4</ele>
      </trkpt>
      <trkpt lat="45.09478" lon="13.893343">
        <ele>330.2</ele>
      </trkpt>
      <trkpt lat="45.094852" lon="13.89347">
        <ele>330.0</ele>
      </trkpt>
      <trkpt lat="45.095165" lon="13.893898">
        <ele>330.0</ele>
      </trkpt>
      <trkpt lat="45.095268" lon="13.894091">
        <ele>330.0</ele>
      </trkpt>
      <trkpt lat="45.095474" lon="13.894621">
        <ele>329.6</ele>
      </trkpt>
      <trkpt lat="45.095634" lon="13.894985">
        <ele>329.4</ele>
      </trkpt>
      <trkpt lat="45.096336" lon="13.896437">
        <ele>333.4</ele>
      </trkpt>
      <trkpt lat="45.096424" lon="13.896659">
        <ele>334.6</ele>
      </trkpt>
      <trkpt lat="45.096478" lon="13.896892">
        <ele>335.6</ele>
      </trkpt>
      <trkpt lat="45.096581" lon="13.897991">
        <ele>337.0</ele>
      </trkpt>
      <trkpt lat="45.096607" lon="13.898117">
        <ele>336.7</ele>
      </trkpt>
      <trkpt lat="45.09671" lon="13.898459">
        <ele>336.2</ele>
      </trkpt>
      <trkpt lat="45.096935" lon="13.899095">
        <ele>334.7</ele>
      </trkpt>
      <trkpt lat="45.096966" lon="13.899174">
        <ele>334.6</ele>
      </trkpt>
      <trkpt lat="45.097054" lon="13.899309">
        <ele>334.4</ele>
      </trkpt>
      <trkpt lat="45.097351" lon="13.899642">
        <ele>334.0</ele>
      </trkpt>
      <trkpt lat="45.097603" lon="13.899981">
        <ele>334.2</ele>
      </trkpt>
      <trkpt lat="45.097733" lon="13.900215">
        <ele>334.4</ele>
      </trkpt>
      <trkpt lat="45.098118" lon="13.901477">
        <ele>335.2</ele>
      </trkpt>
      <trkpt lat="45.098351" lon="13.902659">
        <ele>336.4</ele>
      </trkpt>
      <trkpt lat="45.098495" lon="13.90353">
        <ele>336.0</ele>
      </trkpt>
      <trkpt lat="45.098618" lon="13.903994">
        <ele>335.7</ele>
      </trkpt>
      <trkpt lat="45.098698" lon="13.904209">
        <ele>335.7</ele>
      </trkpt>
      <trkpt lat="45.09877" lon="13.904505">
        <ele>336.0</ele>
      </trkpt>
      <trkpt lat="45.098858" lon="13.90535">
        <ele>336.6</ele>
      </trkpt>
      <trkpt lat="45.098858" lon="13.906453">
        <ele>337.2</ele>
      </trkpt>
      <trkpt lat="45.098885" lon="13.906932">
        <ele>338.4</ele>
      </trkpt>
      <trkpt lat="45.098877" lon="13.907865">
        <ele>340.6</ele>
      </trkpt>
      <trkpt lat="45.098888" lon="13.90808">
        <ele>340.6</ele>
      </trkpt>
      <trkpt lat="45.098946" lon="13.908569">
        <ele>340.4</ele>
      </trkpt>
      <trkpt lat="45.098957" lon="13.909269">
        <ele>339.6</ele>
      </trkpt>
      <trkpt lat="45.099121" lon="13.910213">
        <ele>336.6</ele>
      </trkpt>
      <trkpt lat="45.099182" lon="13.910902">
        <ele>334.7</ele>
      </trkpt>
      <trkpt lat="45.099182" lon="13.91126">
        <ele>334.2</ele>
      </trkpt>
      <trkpt lat="45.099144" lon="13.911487">
        <ele>334.0</ele>
      </trkpt>
      <trkpt lat="45.099072" lon="13.911695">
        <ele>333.7</ele>
      </trkpt>
      <trkpt lat="45.09893" lon="13.911974">
        <ele>333.4</ele>
      </trkpt>
      <trkpt lat="45.09882" lon="13.912232">
        <ele>334.0</ele>
      </trkpt>
      <trkpt lat="45.098751" lon="13.912478">
        <ele>334.7</ele>
      </trkpt>
      <trkpt lat="45.098461" lon="13.914371">
        <ele>337.7</ele>
      </trkpt>
      <trkpt lat="45.098408" lon="13.915019">
        <ele>338.0</ele>
      </trkpt>
      <trkpt lat="45.098412" lon="13.915455">
        <ele>337.0</ele>
      </trkpt>
      <trkpt lat="45.098579" lon="13.916389">
        <ele>333.7</ele>
      </trkpt>
      <trkpt lat="45.098606" lon="13.916716">
        <ele>333.0</ele>
      </trkpt>
      <trkpt lat="45.098583" lon="13.916932">
        <ele>332.6</ele>
      </trkpt>
      <trkpt lat="45.098434" lon="13.917603">
        <ele>332.7</ele>
      </trkpt>
      <trkpt lat="45.098347" lon="13.91817">
        <ele>334.7</ele>
      </trkpt>
      <trkpt lat="45.098366" lon="13.918152">
        <ele>335.4</ele>
      </trkpt>
      <trkpt lat="45.098385" lon="13.917972">
        <ele>334.6</ele>
      </trkpt>
      <trkpt lat="45.098598" lon="13.916966">
        <ele>332.4</ele>
      </trkpt>
      <trkpt lat="45.09864" lon="13.916848">
        <ele>332.6</ele>
      </trkpt>
      <trkpt lat="45.098698" lon="13.916809">
        <ele>332.6</ele>
      </trkpt>
      <trkpt lat="45.098774" lon="13.916835">
        <ele>332.6</ele>
      </trkpt>
      <trkpt lat="45.098919" lon="13.917004">
        <ele>331.6</ele>
      </trkpt>
      <trkpt lat="45.099049" lon="13.917089">
        <ele>331.4</ele>
      </trkpt>
      <trkpt lat="45.099777" lon="13.917213">
        <ele>333.2</ele>
      </trkpt>
      <trkpt lat="45.100178" lon="13.917324">
        <ele>333.2</ele>
      </trkpt>
      <trkpt lat="45.100449" lon="13.917474">
        <ele>333.4</ele>
      </trkpt>
      <trkpt lat="45.100578" lon="13.917609">
        <ele>333.6</ele>
      </trkpt>
      <trkpt lat="45.100681" lon="13.917804">
        <ele>333.7</ele>
      </trkpt>
      <trkpt lat="45.100739" lon="13.918048">
        <ele>334.0</ele>
      </trkpt>
      <trkpt lat="45.100739" lon="13.91831">
        <ele>334.0</ele>
      </trkpt>
      <trkpt lat="45.100719" lon="13.918517">
        <ele>335.2</ele>
      </trkpt>
      <trkpt lat="45.100739" lon="13.91874">
        <ele>336.7</ele>
      </trkpt>
      <trkpt lat="45.10088" lon="13.91919">
        <ele>336.2</ele>
      </trkpt>
      <trkpt lat="45.100983" lon="13.919426">
        <ele>335.0</ele>
      </trkpt>
      <trkpt lat="45.101032" lon="13.919485">
        <ele>334.6</ele>
      </trkpt>
      <trkpt lat="45.101154" lon="13.919545">
        <ele>333.7</ele>
      </trkpt>
      <trkpt lat="45.101295" lon="13.919551">
        <ele>333.0</ele>
      </trkpt>
      <trkpt lat="45.101524" lon="13.919512">
        <ele>331.0</ele>
      </trkpt>
      <trkpt lat="45.101608" lon="13.919521">
        <ele>330.2</ele>
      </trkpt>
      <trkpt lat="45.101768" lon="13.9196">
        <ele>328.7</ele>
      </trkpt>
      <trkpt lat="45.101917" lon="13.91973">
        <ele>327.4</ele>
      </trkpt>
      <trkpt lat="45.102062" lon="13.919891">
        <ele>326.6</ele>
      </trkpt>
      <trkpt lat="45.102169" lon="13.920088">
        <ele>325.7</ele>
      </trkpt>
      <trkpt lat="45.102245" lon="13.920302">
        <ele>325.2</ele>
      </trkpt>
      <trkpt lat="45.102482" lon="13.92124">
        <ele>323.4</ele>
      </trkpt>
      <trkpt lat="45.102497" lon="13.921484">
        <ele>323.4</ele>
      </trkpt>
      <trkpt lat="45.10247" lon="13.921734">
        <ele>323.2</ele>
      </trkpt>
      <trkpt lat="45.102417" lon="13.921967">
        <ele>322.7</ele>
      </trkpt>
      <trkpt lat="45.102249" lon="13.922365">
        <ele>322.4</ele>
      </trkpt>
      <trkpt lat="45.1022" lon="13.922545">
        <ele>322.7</ele>
      </trkpt>
      <trkpt lat="45.102192" lon="13.922735">
        <ele>323.2</ele>
      </trkpt>
      <trkpt lat="45.10223" lon="13.922994">
        <ele>324.0</ele>
      </trkpt>
      <trkpt lat="45.102333" lon="13.923279">
        <ele>324.6</ele>
      </trkpt>
      <trkpt lat="45.102547" lon="13.923777">
        <ele>325.7</ele>
      </trkpt>
      <trkpt lat="45.102627" lon="13.924088">
        <ele>326.7</ele>
      </trkpt>
      <trkpt lat="45.102695" lon="13.924283">
        <ele>327.0</ele>
      </trkpt>
      <trkpt lat="45.102917" lon="13.924788">
        <ele>327.4</ele>
      </trkpt>
      <trkpt lat="45.103539" lon="13.926086">
        <ele>328.0</ele>
      </trkpt>
      <trkpt lat="45.103802" lon="13.926819">
        <ele>326.2</ele>
      </trkpt>
      <trkpt lat="45.104061" lon="13.927296">
        <ele>323.7</ele>
      </trkpt>
      <trkpt lat="45.104279" lon="13.927864">
        <ele>324.6</ele>
      </trkpt>
      <trkpt lat="45.104324" lon="13.928041">
        <ele>325.7</ele>
      </trkpt>
      <trkpt lat="45.104336" lon="13.928192">
        <ele>326.7</ele>
      </trkpt>
      <trkpt lat="45.104301" lon="13.928751">
        <ele>329.0</ele>
      </trkpt>
      <trkpt lat="45.104309" lon="13.928859">
        <ele>329.4</ele>
      </trkpt>
      <trkpt lat="45.104343" lon="13.928953">
        <ele>329.6</ele>
      </trkpt>
      <trkpt lat="45.104427" lon="13.929058">
        <ele>330.2</ele>
      </trkpt>
      <trkpt lat="45.104813" lon="13.929282">
        <ele>332.2</ele>
      </trkpt>
      <trkpt lat="45.105076" lon="13.929502">
        <ele>332.6</ele>
      </trkpt>
      <trkpt lat="45.105331" lon="13.929623">
        <ele>332.4</ele>
      </trkpt>
      <trkpt lat="45.105629" lon="13.929683">
        <ele>332.2</ele>
      </trkpt>
      <trkpt lat="45.106159" lon="13.929597">
        <ele>330.6</ele>
      </trkpt>
      <trkpt lat="45.106266" lon="13.929611">
        <ele>330.6</ele>
      </trkpt>
      <trkpt lat="45.106365" lon="13.929646">
        <ele>330.7</ele>
      </trkpt>
      <trkpt lat="45.106487" lon="13.929737">
        <ele>331.4</ele>
      </trkpt>
      <trkpt lat="45.106621" lon="13.929865">
        <ele>332.4</ele>
      </trkpt>
      <trkpt lat="45.106926" lon="13.930215">
        <ele>331.6</ele>
      </trkpt>
      <trkpt lat="45.107044" lon="13.930302">
        <ele>330.7</ele>
      </trkpt>
      <trkpt lat="45.107269" lon="13.93042">
        <ele>329.0</ele>
      </trkpt>
      <trkpt lat="45.107418" lon="13.93054">
        <ele>328.2</ele>
      </trkpt>
      <trkpt lat="45.107544" lon="13.9307">
        <ele>327.4</ele>
      </trkpt>
      <trkpt lat="45.10767" lon="13.930983">
        <ele>326.2</ele>
      </trkpt>
      <trkpt lat="45.107944" lon="13.931891">
        <ele>327.0</ele>
      </trkpt>
      <trkpt lat="45.108078" lon="13.932745">
        <ele>325.2</ele>
      </trkpt>
      <trkpt lat="45.10807" lon="13.932987">
        <ele>324.2</ele>
      </trkpt>
      <trkpt lat="45.107983" lon="13.933359">
        <ele>322.7</ele>
      </trkpt>
      <trkpt lat="45.107944" lon="13.933621">
        <ele>321.7</ele>
      </trkpt>
      <trkpt lat="45.107948" lon="13.934204">
        <ele>318.7</ele>
      </trkpt>
      <trkpt lat="45.108002" lon="13.93482">
        <ele>315.4</ele>
      </trkpt>
      <trkpt lat="45.108212" lon="13.936173">
        <ele>317.4</ele>
      </trkpt>
      <trkpt lat="45.108215" lon="13.936361">
        <ele>318.2</ele>
      </trkpt>
      <trkpt lat="45.108173" lon="13.936784">
        <ele>319.7</ele>
      </trkpt>
      <trkpt lat="45.10817" lon="13.936976">
        <ele>321.6</ele>
      </trkpt>
      <trkpt lat="45.108189" lon="13.937246">
        <ele>323.0</ele>
      </trkpt>
      <trkpt lat="45.108257" lon="13.937719">
        <ele>326.6</ele>
      </trkpt>
      <trkpt lat="45.10828" lon="13.937978">
        <ele>328.0</ele>
      </trkpt>
      <trkpt lat="45.108276" lon="13.93815">
        <ele>328.4</ele>
      </trkpt>
      <trkpt lat="45.108246" lon="13.93849">
        <ele>328.7</ele>
      </trkpt>
      <trkpt lat="45.108185" lon="13.938723">
        <ele>329.4</ele>
      </trkpt>
      <trkpt lat="45.108021" lon="13.939219">
        <ele>330.2</ele>
      </trkpt>
      <trkpt lat="45.107895" lon="13.939721">
        <ele>331.6</ele>
      </trkpt>
      <trkpt lat="45.107792" lon="13.939976">
        <ele>332.2</ele>
      </trkpt>
      <trkpt lat="45.107738" lon="13.940072">
        <ele>332.2</ele>
      </trkpt>
      <trkpt lat="45.107494" lon="13.940416">
        <ele>333.0</ele>
      </trkpt>
      <trkpt lat="45.10741" lon="13.94066">
        <ele>333.0</ele>
      </trkpt>
      <trkpt lat="45.107265" lon="13.941562">
        <ele>331.4</ele>
      </trkpt>
      <trkpt lat="45.107258" lon="13.941711">
        <ele>331.2</ele>
      </trkpt>
      <trkpt lat="45.107281" lon="13.941925">
        <ele>331.0</ele>
      </trkpt>
      <trkpt lat="45.107342" lon="13.942099">
        <ele>331.0</ele>
      </trkpt>
      <trkpt lat="45.1077" lon="13.942735">
        <ele>333.4</ele>
      </trkpt>
      <trkpt lat="45.107899" lon="13.94302">
        <ele>335.2</ele>
      </trkpt>
      <trkpt lat="45.108112" lon="13.943199">
        <ele>336.7</ele>
      </trkpt>
      <trkpt lat="45.108288" lon="13.943296">
        <ele>337.4</ele>
      </trkpt>
      <trkpt lat="45.108498" lon="13.943449">
        <ele>339.0</ele>
      </trkpt>
      <trkpt lat="45.108738" lon="13.943693">
        <ele>341.2</ele>
      </trkpt>
      <trkpt lat="45.108959" lon="13.943873">
        <ele>342.4</ele>
      </trkpt>
      <trkpt lat="45.109013" lon="13.943953">
        <ele>342.6</ele>
      </trkpt>
      <trkpt lat="45.10936" lon="13.944228">
        <ele>344.4</ele>
      </trkpt>
      <trkpt lat="45.109715" lon="13.944645">
        <ele>345.4</ele>
      </trkpt>
      <trkpt lat="45.110115" lon="13.945015">
        <ele>345.4</ele>
      </trkpt>
      <trkpt lat="45.110825" lon="13.945762">
        <ele>348.0</ele>
      </trkpt>
      <trkpt lat="45.111435" lon="13.946494">
        <ele>348.7</ele>
      </trkpt>
      <trkpt lat="45.111618" lon="13.946659">
        <ele>350.0</ele>
      </trkpt>
      <trkpt lat="45.111752" lon="13.946739">
        <ele>351.2</ele>
      </trkpt>
      <trkpt lat="45.111893" lon="13.94679">
        <ele>352.4</ele>
      </trkpt>
      <trkpt lat="45.112789" lon="13.946926">
        <ele>354.7</ele>
      </trkpt>
      <trkpt lat="45.113083" lon="13.947022">
        <ele>355.2</ele>
      </trkpt>
      <trkpt lat="45.11319" lon="13.947089">
        <ele>355.6</ele>
      </trkpt>
      <trkpt lat="45.11327" lon="13.947192">
        <ele>356.0</ele>
      </trkpt>
      <trkpt lat="45.113308" lon="13.947284">
        <ele>356.0</ele>
      </trkpt>
      <trkpt lat="45.113647" lon="13.948398">
        <ele>358.7</ele>
      </trkpt>
      <trkpt lat="45.113686" lon="13.948458">
        <ele>359.2</ele>
      </trkpt>
      <trkpt lat="45.113758" lon="13.948393">
        <ele>359.0</ele>
      </trkpt>
      <trkpt lat="45.113998" lon="13.948086">
        <ele>359.6</ele>
      </trkpt>
      <trkpt lat="45.114159" lon="13.947929">
        <ele>360.7</ele>
      </trkpt>
      <trkpt lat="45.115482" lon="13.947082">
        <ele>360.7</ele>
      </trkpt>
      <trkpt lat="45.115627" lon="13.94692">
        <ele>360.7</ele>
      </trkpt>
      <trkpt lat="45.115704" lon="13.946777">
        <ele>360.6</ele>
      </trkpt>
      <trkpt lat="45.115765" lon="13.946528">
        <ele>359.7</ele>
      </trkpt>
      <trkpt lat="45.115776" lon="13.946281">
        <ele>359.7</ele>
      </trkpt>
      <trkpt lat="45.115761" lon="13.945326">
        <ele>362.4</ele>
      </trkpt>
      <trkpt lat="45.115772" lon="13.944484">
        <ele>363.2</ele>
      </trkpt>
      <trkpt lat="45.115829" lon="13.944122">
        <ele>363.2</ele>
      </trkpt>
      <trkpt lat="45.115932" lon="13.943856">
        <ele>363.0</ele>
      </trkpt>
      <trkpt lat="45.116077" lon="13.943624">
        <ele>362.7</ele>
      </trkpt>
      <trkpt lat="45.116196" lon="13.943468">
        <ele>363.2</ele>
      </trkpt>
      <trkpt lat="45.116585" lon="13.94301">
        <ele>364.7</ele>
      </trkpt>
      <trkpt lat="45.116947" lon="13.942666">
        <ele>366.4</ele>
      </trkpt>
      <trkpt lat="45.117481" lon="13.942241">
        <ele>367.6</ele>
      </trkpt>
      <trkpt lat="45.117783" lon="13.941975">
        <ele>368.2</ele>
      </trkpt>
      <trkpt lat="45.11869" lon="13.940957">
        <ele>362.7</ele>
      </trkpt>
      <trkpt lat="45.118908" lon="13.940681">
        <ele>361.2</ele>
      </trkpt>
      <trkpt lat="45.119171" lon="13.940256">
        <ele>358.7</ele>
      </trkpt>
      <trkpt lat="45.119644" lon="13.939253">
        <ele>356.2</ele>
      </trkpt>
      <trkpt lat="45.119766" lon="13.93905">
        <ele>355.4</ele>
      </trkpt>
      <trkpt lat="45.119911" lon="13.938882">
        <ele>354.6</ele>
      </trkpt>
      <trkpt lat="45.120308" lon="13.938597">
        <ele>351.6</ele>
      </trkpt>
      <trkpt lat="45.120445" lon="13.93844">
        <ele>350.2</ele>
      </trkpt>
      <trkpt lat="45.120537" lon="13.93823">
        <ele>348.4</ele>
      </trkpt>
      <trkpt lat="45.120567" lon="13.93811">
        <ele>347.6</ele>
      </trkpt>
      <trkpt lat="45.120838" lon="13.936427">
        <ele>334.4</ele>
      </trkpt>
      <trkpt lat="45.120876" lon="13.936274">
        <ele>333.7</ele>
      </trkpt>
      <trkpt lat="45.120983" lon="13.936003">
        <ele>333.0</ele>
      </trkpt>
      <trkpt lat="45.121052" lon="13.935894">
        <ele>332.7</ele>
      </trkpt>
      <trkpt lat="45.121197" lon="13.935737">
        <ele>332.6</ele>
      </trkpt>
      <trkpt lat="45.12162" lon="13.935389">
        <ele>332.7</ele>
      </trkpt>
      <trkpt lat="45.121819" lon="13.935197">
        <ele>333.2</ele>
      </trkpt>
      <trkpt lat="45.121983" lon="13.934974">
        <ele>333.6</ele>
      </trkpt>
      <trkpt lat="45.122128" lon="13.934723">
        <ele>333.6</ele>
      </trkpt>
      <trkpt lat="45.123276" lon="13.932462">
        <ele>332.0</ele>
      </trkpt>
      <trkpt lat="45.123466" lon="13.932119">
        <ele>331.4</ele>
      </trkpt>
      <trkpt lat="45.123631" lon="13.931902">
        <ele>331.6</ele>
      </trkpt>
      <trkpt lat="45.123737" lon="13.931799">
        <ele>332.4</ele>
      </trkpt>
      <trkpt lat="45.123878" lon="13.931705">
        <ele>333.6</ele>
      </trkpt>
      <trkpt lat="45.124077" lon="13.931631">
        <ele>336.6</ele>
      </trkpt>
      <trkpt lat="45.124355" lon="13.931588">
        <ele>339.2</ele>
      </trkpt>
      <trkpt lat="45.12476" lon="13.931565">
        <ele>343.0</ele>
      </trkpt>
      <trkpt lat="45.124905" lon="13.931541">
        <ele>344.4</ele>
      </trkpt>
      <trkpt lat="45.124985" lon="13.931548">
        <ele>345.2</ele>
      </trkpt>
      <trkpt lat="45.125038" lon="13.931532">
        <ele>346.0</ele>
      </trkpt>
      <trkpt lat="45.125561" lon="13.931486">
        <ele>350.6</ele>
      </trkpt>
      <trkpt lat="45.125786" lon="13.931433">
        <ele>352.6</ele>
      </trkpt>
      <trkpt lat="45.126007" lon="13.931344">
        <ele>354.2</ele>
      </trkpt>
      <trkpt lat="45.126495" lon="13.931024">
        <ele>356.4</ele>
      </trkpt>
      <trkpt lat="45.12709" lon="13.930592">
        <ele>359.0</ele>
      </trkpt>
      <trkpt lat="45.127625" lon="13.930227">
        <ele>361.2</ele>
      </trkpt>
      <trkpt lat="45.127823" lon="13.930079">
        <ele>362.0</ele>
      </trkpt>
      <trkpt lat="45.127926" lon="13.929962">
        <ele>362.2</ele>
      </trkpt>
      <trkpt lat="45.127995" lon="13.929848">
        <ele>362.4</ele>
      </trkpt>
      <trkpt lat="45.128044" lon="13.929673">
        <ele>362.6</ele>
      </trkpt>
      <trkpt lat="45.128113" lon="13.928691">
        <ele>364.6</ele>
      </trkpt>
      <trkpt lat="45.128166" lon="13.92839">
        <ele>364.7</ele>
      </trkpt>
      <trkpt lat="45.12822" lon="13.928239">
        <ele>365.0</ele>
      </trkpt>
      <trkpt lat="45.128475" lon="13.927796">
        <ele>365.7</ele>
      </trkpt>
      <trkpt lat="45.129025" lon="13.927073">
        <ele>367.0</ele>
      </trkpt>
      <trkpt lat="45.129246" lon="13.926714">
        <ele>366.6</ele>
      </trkpt>
      <trkpt lat="45.129471" lon="13.926228">
        <ele>366.6</ele>
      </trkpt>
      <trkpt lat="45.129971" lon="13.924925">
        <ele>366.0</ele>
      </trkpt>
      <trkpt lat="45.130112" lon="13.924624">
        <ele>365.7</ele>
      </trkpt>
      <trkpt lat="45.130276" lon="13.924343">
        <ele>366.2</ele>
      </trkpt>
      <trkpt lat="45.13047" lon="13.924087">
        <ele>366.7</ele>
      </trkpt>
      <trkpt lat="45.131451" lon="13.922942">
        <ele>368.2</ele>
      </trkpt>
      <trkpt lat="45.131699" lon="13.922676">
        <ele>367.7</ele>
      </trkpt>
      <trkpt lat="45.132339" lon="13.92191">
        <ele>366.6</ele>
      </trkpt>
      <trkpt lat="45.133835" lon="13.920298">
        <ele>363.6</ele>
      </trkpt>
      <trkpt lat="45.134228" lon="13.919792">
        <ele>361.7</ele>
      </trkpt>
      <trkpt lat="45.134731" lon="13.919025">
        <ele>359.2</ele>
      </trkpt>
      <trkpt lat="45.135273" lon="13.918396">
        <ele>359.0</ele>
      </trkpt>
      <trkpt lat="45.13567" lon="13.917889">
        <ele>357.2</ele>
      </trkpt>
      <trkpt lat="45.135963" lon="13.917419">
        <ele>356.7</ele>
      </trkpt>
      <trkpt lat="45.136581" lon="13.916243">
        <ele>356.6</ele>
      </trkpt>
      <trkpt lat="45.136719" lon="13.91601">
        <ele>356.7</ele>
      </trkpt>
      <trkpt lat="45.13694" lon="13.915738">
        <ele>357.2</ele>
      </trkpt>
      <trkpt lat="45.137566" lon="13.915081">
        <ele>357.6</ele>
      </trkpt>
      <trkpt lat="45.137703" lon="13.914863">
        <ele>357.4</ele>
      </trkpt>
      <trkpt lat="45.138012" lon="13.914253">
        <ele>356.0</ele>
      </trkpt>
      <trkpt lat="45.138191" lon="13.914001">
        <ele>354.7</ele>
      </trkpt>
      <trkpt lat="45.138332" lon="13.913851">
        <ele>354.2</ele>
      </trkpt>
      <trkpt lat="45.138779" lon="13.913437">
        <ele>351.4</ele>
      </trkpt>
      <trkpt lat="45.138981" lon="13.913184">
        <ele>350.2</ele>
      </trkpt>
      <trkpt lat="45.13908" lon="13.912992">
        <ele>350.0</ele>
      </trkpt>
      <trkpt lat="45.139187" lon="13.912695">
        <ele>350.2</ele>
      </trkpt>
      <trkpt lat="45.13932" lon="13.912251">
        <ele>350.7</ele>
      </trkpt>
      <trkpt lat="45.139427" lon="13.911796">
        <ele>352.2</ele>
      </trkpt>
      <trkpt lat="45.139503" lon="13.911604">
        <ele>352.6</ele>
      </trkpt>
      <trkpt lat="45.139565" lon="13.9115">
        <ele>353.0</ele>
      </trkpt>
      <trkpt lat="45.139641" lon="13.911424">
        <ele>353.7</ele>
      </trkpt>
      <trkpt lat="45.139729" lon="13.911372">
        <ele>354.6</ele>
      </trkpt>
      <trkpt lat="45.13995" lon="13.911328">
        <ele>356.0</ele>
      </trkpt>
      <trkpt lat="45.141338" lon="13.911432">
        <ele>361.2</ele>
      </trkpt>
      <trkpt lat="45.141483" lon="13.911407">
        <ele>361.7</ele>
      </trkpt>
      <trkpt lat="45.141636" lon="13.911338">
        <ele>362.0</ele>
      </trkpt>
      <trkpt lat="45.141811" lon="13.911192">
        <ele>362.2</ele>
      </trkpt>
      <trkpt lat="45.142002" lon="13.910992">
        <ele>362.7</ele>
      </trkpt>
      <trkpt lat="45.142151" lon="13.910803">
        <ele>363.6</ele>
      </trkpt>
      <trkpt lat="45.142303" lon="13.910563">
        <ele>364.7</ele>
      </trkpt>
      <trkpt lat="45.142342" lon="13.910545">
        <ele>365.2</ele>
      </trkpt>
      <trkpt lat="45.142372" lon="13.910555">
        <ele>365.4</ele>
      </trkpt>
      <trkpt lat="45.142372" lon="13.910666">
        <ele>365.7</ele>
      </trkpt>
      <trkpt lat="45.142399" lon="13.910686">
        <ele>365.6</ele>
      </trkpt>
      <trkpt lat="45.142391" lon="13.910373">
        <ele>365.6</ele>
      </trkpt>
      <trkpt lat="45.142513" lon="13.909982">
        <ele>367.0</ele>
      </trkpt>
      <trkpt lat="45.142685" lon="13.909667">
        <ele>368.2</ele>
      </trkpt>
      <trkpt lat="45.142773" lon="13.909587">
        <ele>368.7</ele>
      </trkpt>
      <trkpt lat="45.142841" lon="13.909561">
        <ele>369.4</ele>
      </trkpt>
      <trkpt lat="45.143024" lon="13.909555">
        <ele>370.4</ele>
      </trkpt>
      <trkpt lat="45.143284" lon="13.909605">
        <ele>371.6</ele>
      </trkpt>
      <trkpt lat="45.143398" lon="13.909608">
        <ele>372.0</ele>
      </trkpt>
      <trkpt lat="45.143547" lon="13.909564">
        <ele>372.2</ele>
      </trkpt>
      <trkpt lat="45.143681" lon="13.909479">
        <ele>372.6</ele>
      </trkpt>
      <trkpt lat="45.143715" lon="13.909484">
        <ele>372.6</ele>
      </trkpt>
      <trkpt lat="45.143772" lon="13.909536">
        <ele>372.7</ele>
      </trkpt>
      <trkpt lat="45.143963" lon="13.909928">
        <ele>372.0</ele>
      </trkpt>
      <trkpt lat="45.144112" lon="13.910295">
        <ele>371.7</ele>
      </trkpt>
      <trkpt lat="45.144238" lon="13.910489">
        <ele>371.2</ele>
      </trkpt>
      <trkpt lat="45.144226" lon="13.910407">
        <ele>371.4</ele>
      </trkpt>
      <trkpt lat="45.144188" lon="13.910313">
        <ele>371.4</ele>
      </trkpt>
      <trkpt lat="45.143818" lon="13.909564">
        <ele>372.4</ele>
      </trkpt>
      <trkpt lat="45.143784" lon="13.909387">
        <ele>372.6</ele>
      </trkpt>
      <trkpt lat="45.143749" lon="13.909304">
        <ele>372.7</ele>
      </trkpt>
      <trkpt lat="45.143646" lon="13.90924">
        <ele>373.0</ele>
      </trkpt>
      <trkpt lat="45.143585" lon="13.909179">
        <ele>373.0</ele>
      </trkpt>
      <trkpt lat="45.143467" lon="13.909019">
        <ele>373.6</ele>
      </trkpt>
      <trkpt lat="45.143223" lon="13.908747">
        <ele>375.7</ele>
      </trkpt>
      <trkpt lat="45.143143" lon="13.908609">
        <ele>376.6</ele>
      </trkpt>
      <trkpt lat="45.142887" lon="13.908247">
        <ele>379.2</ele>
      </trkpt>
      <trkpt lat="45.142826" lon="13.908076">
        <ele>380.0</ele>
      </trkpt>
      <trkpt lat="45.142761" lon="13.907949">
        <ele>380.7</ele>
      </trkpt>
      <trkpt lat="45.142742" lon="13.907677">
        <ele>381.4</ele>
      </trkpt>
      <trkpt lat="45.142654" lon="13.907135">
        <ele>381.4</ele>
      </trkpt>
      <trkpt lat="45.142673" lon="13.907048">
        <ele>381.4</ele>
      </trkpt>
      <trkpt lat="45.142754" lon="13.906991">
        <ele>382.0</ele>
      </trkpt>
      <trkpt lat="45.142792" lon="13.906936">
        <ele>382.4</ele>
      </trkpt>
      <trkpt lat="45.142773" lon="13.906851">
        <ele>382.4</ele>
      </trkpt>
      <trkpt lat="45.142708" lon="13.906858">
        <ele>382.2</ele>
      </trkpt>
      <trkpt lat="45.1427" lon="13.906927">
        <ele>382.0</ele>
      </trkpt>
      <trkpt lat="45.142738" lon="13.906981">
        <ele>382.0</ele>
      </trkpt>
      <trkpt lat="45.142792" lon="13.906971">
        <ele>382.2</ele>
      </trkpt>
      <trkpt lat="45.142815" lon="13.906915">
        <ele>382.4</ele>
      </trkpt>
      <trkpt lat="45.142776" lon="13.906825">
        <ele>382.2</ele>
      </trkpt>
      <trkpt lat="45.142662" lon="13.906769">
        <ele>381.4</ele>
      </trkpt>
      <trkpt lat="45.142624" lon="13.906702">
        <ele>381.0</ele>
      </trkpt>
      <trkpt lat="45.14259" lon="13.906584">
        <ele>380.4</ele>
      </trkpt>
      <trkpt lat="45.142586" lon="13.906548">
        <ele>380.0</ele>
      </trkpt>
      <trkpt lat="45.142632" lon="13.906363">
        <ele>379.2</ele>
      </trkpt>
      <trkpt lat="45.142632" lon="13.906281">
        <ele>378.7</ele>
      </trkpt>
      <trkpt lat="45.142616" lon="13.906155">
        <ele>378.2</ele>
      </trkpt>
      <trkpt lat="45.142517" lon="13.905746">
        <ele>374.6</ele>
      </trkpt>
      <trkpt lat="45.142597" lon="13.904312">
        <ele>365.2</ele>
      </trkpt>
      <trkpt lat="45.142586" lon="13.904175">
        <ele>364.6</ele>
      </trkpt>
      <trkpt lat="45.142517" lon="13.903867">
        <ele>362.7</ele>
      </trkpt>
      <trkpt lat="45.142441" lon="13.903646">
        <ele>361.6</ele>
      </trkpt>
      <trkpt lat="45.14249" lon="13.903481">
        <ele>361.2</ele>
      </trkpt>
      <trkpt lat="45.142551" lon="13.903425">
        <ele>361.0</ele>
      </trkpt>
      <trkpt lat="45.142658" lon="13.903398">
        <ele>361.0</ele>
      </trkpt>
      <trkpt lat="45.142731" lon="13.903399">
        <ele>361.2</ele>
      </trkpt>
      <trkpt lat="45.142933" lon="13.903471">
        <ele>361.0</ele>
      </trkpt>
      <trkpt lat="45.142998" lon="13.903433">
        <ele>360.7</ele>
      </trkpt>
      <trkpt lat="45.143093" lon="13.90323">
        <ele>359.6</ele>
      </trkpt>
      <trkpt lat="45.143227" lon="13.902748">
        <ele>357.4</ele>
      </trkpt>
      <trkpt lat="45.143353" lon="13.902381">
        <ele>357.0</ele>
      </trkpt>
      <trkpt lat="45.143448" lon="13.902199">
        <ele>357.2</ele>
      </trkpt>
      <trkpt lat="45.143658" lon="13.901872">
        <ele>357.6</ele>
      </trkpt>
      <trkpt lat="45.143738" lon="13.901709">
        <ele>357.7</ele>
      </trkpt>
      <trkpt lat="45.143764" lon="13.901615">
        <ele>358.2</ele>
      </trkpt>
      <trkpt lat="45.143799" lon="13.901056">
        <ele>358.4</ele>
      </trkpt>
      <trkpt lat="45.14378" lon="13.900474">
        <ele>357.2</ele>
      </trkpt>
      <trkpt lat="45.143742" lon="13.900174">
        <ele>357.2</ele>
      </trkpt>
      <trkpt lat="45.143738" lon="13.899948">
        <ele>357.0</ele>
      </trkpt>
      <trkpt lat="45.143764" lon="13.899808">
        <ele>357.0</ele>
      </trkpt>
      <trkpt lat="45.143913" lon="13.899304">
        <ele>358.6</ele>
      </trkpt>
      <trkpt lat="45.143948" lon="13.899065">
        <ele>358.7</ele>
      </trkpt>
      <trkpt lat="45.143925" lon="13.898305">
        <ele>358.2</ele>
      </trkpt>
      <trkpt lat="45.143852" lon="13.897479">
        <ele>356.7</ele>
      </trkpt>
      <trkpt lat="45.143818" lon="13.896864">
        <ele>356.6</ele>
      </trkpt>
      <trkpt lat="45.143826" lon="13.89664">
        <ele>356.4</ele>
      </trkpt>
      <trkpt lat="45.143887" lon="13.896079">
        <ele>355.0</ele>
      </trkpt>
      <trkpt lat="45.143883" lon="13.895991">
        <ele>354.7</ele>
      </trkpt>
      <trkpt lat="45.143848" lon="13.895817">
        <ele>354.2</ele>
      </trkpt>
      <trkpt lat="45.143772" lon="13.895643">
        <ele>353.6</ele>
      </trkpt>
      <trkpt lat="45.143337" lon="13.895036">
        <ele>352.4</ele>
      </trkpt>
      <trkpt lat="45.143272" lon="13.894836">
        <ele>352.7</ele>
      </trkpt>
      <trkpt lat="45.143211" lon="13.894567">
        <ele>353.4</ele>
      </trkpt>
      <trkpt lat="45.143127" lon="13.894069">
        <ele>353.2</ele>
      </trkpt>
      <trkpt lat="45.143051" lon="13.893478">
        <ele>352.4</ele>
      </trkpt>
      <trkpt lat="45.142914" lon="13.892892">
        <ele>352.2</ele>
      </trkpt>
      <trkpt lat="45.142864" lon="13.892575">
        <ele>352.7</ele>
      </trkpt>
      <trkpt lat="45.142845" lon="13.892344">
        <ele>353.4</ele>
      </trkpt>
      <trkpt lat="45.142822" lon="13.891466">
        <ele>354.2</ele>
      </trkpt>
      <trkpt lat="45.142826" lon="13.890999">
        <ele>354.2</ele>
      </trkpt>
      <trkpt lat="45.142899" lon="13.889956">
        <ele>353.2</ele>
      </trkpt>
      <trkpt lat="45.142994" lon="13.889355">
        <ele>353.6</ele>
      </trkpt>
      <trkpt lat="45.143047" lon="13.888878">
        <ele>353.6</ele>
      </trkpt>
      <trkpt lat="45.14304" lon="13.88863">
        <ele>353.4</ele>
      </trkpt>
      <trkpt lat="45.143002" lon="13.888286">
        <ele>353.2</ele>
      </trkpt>
      <trkpt lat="45.143002" lon="13.887999">
        <ele>352.6</ele>
      </trkpt>
      <trkpt lat="45.143036" lon="13.887799">
        <ele>352.0</ele>
      </trkpt>
      <trkpt lat="45.143185" lon="13.887202">
        <ele>351.0</ele>
      </trkpt>
      <trkpt lat="45.143211" lon="13.887011">
        <ele>351.2</ele>
      </trkpt>
      <trkpt lat="45.143211" lon="13.886827">
        <ele>351.4</ele>
      </trkpt>
      <trkpt lat="45.143166" lon="13.886212">
        <ele>352.6</ele>
      </trkpt>
      <trkpt lat="45.143276" lon="13.884928">
        <ele>349.4</ele>
      </trkpt>
      <trkpt lat="45.14336" lon="13.884725">
        <ele>348.4</ele>
      </trkpt>
      <trkpt lat="45.143421" lon="13.884654">
        <ele>348.0</ele>
      </trkpt>
      <trkpt lat="45.143555" lon="13.884569">
        <ele>347.6</ele>
      </trkpt>
      <trkpt lat="45.143967" lon="13.884385">
        <ele>347.7</ele>
      </trkpt>
      <trkpt lat="45.1441" lon="13.884308">
        <ele>347.7</ele>
      </trkpt>
      <trkpt lat="45.14423" lon="13.88421">
        <ele>347.6</ele>
      </trkpt>
      <trkpt lat="45.144413" lon="13.884029">
        <ele>347.4</ele>
      </trkpt>
      <trkpt lat="45.144573" lon="13.883805">
        <ele>347.2</ele>
      </trkpt>
      <trkpt lat="45.144695" lon="13.883548">
        <ele>346.7</ele>
      </trkpt>
      <trkpt lat="45.144756" lon="13.883363">
        <ele>346.6</ele>
      </trkpt>
      <trkpt lat="45.144821" lon="13.882964">
        <ele>346.7</ele>
      </trkpt>
      <trkpt lat="45.144844" lon="13.881849">
        <ele>346.5</ele>
      </trkpt>
      <trkpt lat="45.144833" lon="13.881661">
        <ele>346.6</ele>
      </trkpt>
      <trkpt lat="45.144802" lon="13.881478">
        <ele>346.2</ele>
      </trkpt>
      <trkpt lat="45.144707" lon="13.881229">
        <ele>345.6</ele>
      </trkpt>
      <trkpt lat="45.144451" lon="13.880684">
        <ele>344.7</ele>
      </trkpt>
      <trkpt lat="45.144245" lon="13.880194">
        <ele>344.0</ele>
      </trkpt>
      <trkpt lat="45.144127" lon="13.879612">
        <ele>344.7</ele>
      </trkpt>
      <trkpt lat="45.143906" lon="13.878989">
        <ele>346.0</ele>
      </trkpt>
      <trkpt lat="45.143776" lon="13.878469">
        <ele>345.2</ele>
      </trkpt>
      <trkpt lat="45.143738" lon="13.878195">
        <ele>344.6</ele>
      </trkpt>
      <trkpt lat="45.143734" lon="13.877824">
        <ele>344.0</ele>
      </trkpt>
      <trkpt lat="45.143761" lon="13.877419">
        <ele>344.4</ele>
      </trkpt>
      <trkpt lat="45.143948" lon="13.876576">
        <ele>341.6</ele>
      </trkpt>
      <trkpt lat="45.143974" lon="13.876363">
        <ele>340.6</ele>
      </trkpt>
      <trkpt lat="45.144028" lon="13.874919">
        <ele>338.4</ele>
      </trkpt>
      <trkpt lat="45.144054" lon="13.874599">
        <ele>337.7</ele>
      </trkpt>
      <trkpt lat="45.144138" lon="13.874292">
        <ele>336.7</ele>
      </trkpt>
      <trkpt lat="45.144352" lon="13.873748">
        <ele>332.7</ele>
      </trkpt>
      <trkpt lat="45.14439" lon="13.873614">
        <ele>332.0</ele>
      </trkpt>
      <trkpt lat="45.144432" lon="13.873322">
        <ele>330.4</ele>
      </trkpt>
      <trkpt lat="45.144428" lon="13.873019">
        <ele>329.2</ele>
      </trkpt>
      <trkpt lat="45.144447" lon="13.872735">
        <ele>328.6</ele>
      </trkpt>
      <trkpt lat="45.144501" lon="13.872495">
        <ele>329.0</ele>
      </trkpt>
      <trkpt lat="45.144653" lon="13.871987">
        <ele>330.4</ele>
      </trkpt>
      <trkpt lat="45.14468" lon="13.87179">
        <ele>330.7</ele>
      </trkpt>
      <trkpt lat="45.144703" lon="13.87125">
        <ele>329.7</ele>
      </trkpt>
      <trkpt lat="45.144737" lon="13.871031">
        <ele>329.2</ele>
      </trkpt>
      <trkpt lat="45.144768" lon="13.870931">
        <ele>329.0</ele>
      </trkpt>
      <trkpt lat="45.144814" lon="13.870849">
        <ele>328.7</ele>
      </trkpt>
      <trkpt lat="45.14505" lon="13.870591">
        <ele>328.4</ele>
      </trkpt>
      <trkpt lat="45.145428" lon="13.86997">
        <ele>326.0</ele>
      </trkpt>
      <trkpt lat="45.145519" lon="13.869782">
        <ele>325.4</ele>
      </trkpt>
      <trkpt lat="45.145542" lon="13.869678">
        <ele>325.2</ele>
      </trkpt>
      <trkpt lat="45.14555" lon="13.869571">
        <ele>325.2</ele>
      </trkpt>
      <trkpt lat="45.145523" lon="13.869368">
        <ele>325.4</ele>
      </trkpt>
      <trkpt lat="45.145355" lon="13.868887">
        <ele>324.7</ele>
      </trkpt>
      <trkpt lat="45.145306" lon="13.868683">
        <ele>324.6</ele>
      </trkpt>
      <trkpt lat="45.145275" lon="13.868471">
        <ele>324.4</ele>
      </trkpt>
      <trkpt lat="45.145252" lon="13.86795">
        <ele>324.4</ele>
      </trkpt>
      <trkpt lat="45.145203" lon="13.867513">
        <ele>324.4</ele>
      </trkpt>
      <trkpt lat="45.145061" lon="13.866772">
        <ele>323.6</ele>
      </trkpt>
      <trkpt lat="45.144905" lon="13.866096">
        <ele>321.2</ele>
      </trkpt>
      <trkpt lat="45.144878" lon="13.865843">
        <ele>320.2</ele>
      </trkpt>
      <trkpt lat="45.144859" lon="13.864975">
        <ele>318.2</ele>
      </trkpt>
      <trkpt lat="45.144886" lon="13.864733">
        <ele>317.6</ele>
      </trkpt>
      <trkpt lat="45.144917" lon="13.864624">
        <ele>317.2</ele>
      </trkpt>
      <trkpt lat="45.145386" lon="13.863497">
        <ele>313.2</ele>
      </trkpt>
      <trkpt lat="45.145424" lon="13.863382">
        <ele>313.0</ele>
      </trkpt>
      <trkpt lat="45.145462" lon="13.863147">
        <ele>313.2</ele>
      </trkpt>
      <trkpt lat="45.145466" lon="13.862729">
        <ele>314.0</ele>
      </trkpt>
      <trkpt lat="45.145535" lon="13.861794">
        <ele>314.4</ele>
      </trkpt>
      <trkpt lat="45.145493" lon="13.861495">
        <ele>313.4</ele>
      </trkpt>
      <trkpt lat="45.145294" lon="13.860737">
        <ele>310.6</ele>
      </trkpt>
      <trkpt lat="45.145287" lon="13.860498">
        <ele>310.0</ele>
      </trkpt>
      <trkpt lat="45.145329" lon="13.860277">
        <ele>309.6</ele>
      </trkpt>
      <trkpt lat="45.145515" lon="13.859699">
        <ele>309.7</ele>
      </trkpt>
      <trkpt lat="45.145569" lon="13.859414">
        <ele>310.4</ele>
      </trkpt>
      <trkpt lat="45.14563" lon="13.858945">
        <ele>311.0</ele>
      </trkpt>
      <trkpt lat="45.145859" lon="13.858121">
        <ele>310.0</ele>
      </trkpt>
      <trkpt lat="45.145863" lon="13.858079">
        <ele>309.9</ele>
      </trkpt>
      <trkpt lat="45.145847" lon="13.858045">
        <ele>309.9</ele>
      </trkpt>
      <trkpt lat="45.145702" lon="13.857902">
        <ele>309.6</ele>
      </trkpt>
      <trkpt lat="45.145679" lon="13.857841">
        <ele>309.5</ele>
      </trkpt>
      <trkpt lat="45.145679" lon="13.857766">
        <ele>309.4</ele>
      </trkpt>
      <trkpt lat="45.145706" lon="13.857689">
        <ele>309.3</ele>
      </trkpt>
      <trkpt lat="45.145798" lon="13.857551">
        <ele>308.6</ele>
      </trkpt>
      <trkpt lat="45.145866" lon="13.85737">
        <ele>307.6</ele>
      </trkpt>
      <trkpt lat="45.145905" lon="13.857154">
        <ele>306.4</ele>
      </trkpt>
      <trkpt lat="45.145924" lon="13.856923">
        <ele>305.4</ele>
      </trkpt>
      <trkpt lat="45.145924" lon="13.85629">
        <ele>302.7</ele>
      </trkpt>
      <trkpt lat="45.145767" lon="13.855496">
        <ele>298.6</ele>
      </trkpt>
      <trkpt lat="45.145733" lon="13.855376">
        <ele>297.7</ele>
      </trkpt>
      <trkpt lat="45.145668" lon="13.855285">
        <ele>297.2</ele>
      </trkpt>
      <trkpt lat="45.145584" lon="13.855225">
        <ele>296.4</ele>
      </trkpt>
      <trkpt lat="45.145493" lon="13.855185">
        <ele>295.6</ele>
      </trkpt>
      <trkpt lat="45.145283" lon="13.855145">
        <ele>293.4</ele>
      </trkpt>
      <trkpt lat="45.144947" lon="13.855155">
        <ele>290.6</ele>
      </trkpt>
      <trkpt lat="45.144497" lon="13.855225">
        <ele>287.7</ele>
      </trkpt>
      <trkpt lat="45.143703" lon="13.855303">
        <ele>284.6</ele>
      </trkpt>
      <trkpt lat="45.143265" lon="13.855328">
        <ele>283.7</ele>
      </trkpt>
      <trkpt lat="45.143059" lon="13.855325">
        <ele>283.4</ele>
      </trkpt>
      <trkpt lat="45.14249" lon="13.855221">
        <ele>283.7</ele>
      </trkpt>
      <trkpt lat="45.141815" lon="13.85522">
        <ele>285.7</ele>
      </trkpt>
      <trkpt lat="45.141655" lon="13.855174">
        <ele>286.6</ele>
      </trkpt>
      <trkpt lat="45.141365" lon="13.855005">
        <ele>288.0</ele>
      </trkpt>
      <trkpt lat="45.140926" lon="13.854956">
        <ele>288.6</ele>
      </trkpt>
      <trkpt lat="45.140842" lon="13.854911">
        <ele>288.7</ele>
      </trkpt>
      <trkpt lat="45.140415" lon="13.854571">
        <ele>289.6</ele>
      </trkpt>
      <trkpt lat="45.140099" lon="13.854348">
        <ele>289.7</ele>
      </trkpt>
      <trkpt lat="45.139885" lon="13.85422">
        <ele>290.0</ele>
      </trkpt>
      <trkpt lat="45.139267" lon="13.853978">
        <ele>289.7</ele>
      </trkpt>
      <trkpt lat="45.138771" lon="13.853731">
        <ele>287.6</ele>
      </trkpt>
      <trkpt lat="45.138088" lon="13.853482">
        <ele>286.0</ele>
      </trkpt>
      <trkpt lat="45.137905" lon="13.853391">
        <ele>286.0</ele>
      </trkpt>
      <trkpt lat="45.13765" lon="13.853234">
        <ele>286.0</ele>
      </trkpt>
      <trkpt lat="45.136578" lon="13.852713">
        <ele>284.2</ele>
      </trkpt>
      <trkpt lat="45.136333" lon="13.852574">
        <ele>283.6</ele>
      </trkpt>
      <trkpt lat="45.135834" lon="13.852164">
        <ele>281.2</ele>
      </trkpt>
      <trkpt lat="45.135555" lon="13.851825">
        <ele>280.4</ele>
      </trkpt>
      <trkpt lat="45.135174" lon="13.851221">
        <ele>280.0</ele>
      </trkpt>
      <trkpt lat="45.134701" lon="13.850513">
        <ele>279.7</ele>
      </trkpt>
      <trkpt lat="45.134441" lon="13.849951">
        <ele>279.0</ele>
      </trkpt>
      <trkpt lat="45.13427" lon="13.849801">
        <ele>278.7</ele>
      </trkpt>
      <trkpt lat="45.133892" lon="13.849557">
        <ele>277.6</ele>
      </trkpt>
      <trkpt lat="45.133739" lon="13.849368">
        <ele>277.0</ele>
      </trkpt>
      <trkpt lat="45.133198" lon="13.848575">
        <ele>275.6</ele>
      </trkpt>
      <trkpt lat="45.132881" lon="13.848221">
        <ele>275.6</ele>
      </trkpt>
      <trkpt lat="45.132423" lon="13.847607">
        <ele>276.0</ele>
      </trkpt>
      <trkpt lat="45.131733" lon="13.846862">
        <ele>277.6</ele>
      </trkpt>
      <trkpt lat="45.131233" lon="13.846503">
        <ele>279.0</ele>
      </trkpt>
      <trkpt lat="45.131111" lon="13.846362">
        <ele>279.4</ele>
      </trkpt>
      <trkpt lat="45.130699" lon="13.845789">
        <ele>280.6</ele>
      </trkpt>
      <trkpt lat="45.13036" lon="13.845424">
        <ele>281.6</ele>
      </trkpt>
      <trkpt lat="45.129532" lon="13.844767">
        <ele>284.7</ele>
      </trkpt>
      <trkpt lat="45.129311" lon="13.844628">
        <ele>285.6</ele>
      </trkpt>
      <trkpt lat="45.128838" lon="13.844379">
        <ele>287.7</ele>
      </trkpt>
      <trkpt lat="45.128357" lon="13.844222">
        <ele>289.7</ele>
      </trkpt>
      <trkpt lat="45.128155" lon="13.844198">
        <ele>290.6</ele>
      </trkpt>
      <trkpt lat="45.127892" lon="13.844217">
        <ele>291.6</ele>
      </trkpt>
      <trkpt lat="45.127773" lon="13.844171">
        <ele>291.4</ele>
      </trkpt>
      <trkpt lat="45.127644" lon="13.844072">
        <ele>290.7</ele>
      </trkpt>
      <trkpt lat="45.12738" lon="13.843814">
        <ele>290.4</ele>
      </trkpt>
      <trkpt lat="45.126984" lon="13.843497">
        <ele>292.7</ele>
      </trkpt>
      <trkpt lat="45.126732" lon="13.843224">
        <ele>294.2</ele>
      </trkpt>
      <trkpt lat="45.126537" lon="13.842968">
        <ele>295.6</ele>
      </trkpt>
      <trkpt lat="45.126476" lon="13.84291">
        <ele>295.7</ele>
      </trkpt>
      <trkpt lat="45.126408" lon="13.842876">
        <ele>296.0</ele>
      </trkpt>
      <trkpt lat="45.126213" lon="13.842826">
        <ele>297.6</ele>
      </trkpt>
      <trkpt lat="45.125984" lon="13.842785">
        <ele>299.2</ele>
      </trkpt>
      <trkpt lat="45.125866" lon="13.842723">
        <ele>299.6</ele>
      </trkpt>
      <trkpt lat="45.125832" lon="13.842658">
        <ele>299.7</ele>
      </trkpt>
      <trkpt lat="45.125824" lon="13.842563">
        <ele>299.6</ele>
      </trkpt>
      <trkpt lat="45.125809" lon="13.841745">
        <ele>298.6</ele>
      </trkpt>
      <trkpt lat="45.125771" lon="13.841277">
        <ele>297.6</ele>
      </trkpt>
      <trkpt lat="45.125668" lon="13.840904">
        <ele>297.0</ele>
      </trkpt>
      <trkpt lat="45.125557" lon="13.840686">
        <ele>296.2</ele>
      </trkpt>
      <trkpt lat="45.125378" lon="13.84047">
        <ele>295.4</ele>
      </trkpt>
      <trkpt lat="45.124954" lon="13.840088">
        <ele>294.6</ele>
      </trkpt>
      <trkpt lat="45.124683" lon="13.839787">
        <ele>293.7</ele>
      </trkpt>
      <trkpt lat="45.124012" lon="13.839291">
        <ele>290.6</ele>
      </trkpt>
      <trkpt lat="45.123592" lon="13.838902">
        <ele>288.0</ele>
      </trkpt>
      <trkpt lat="45.123379" lon="13.83867">
        <ele>287.0</ele>
      </trkpt>
      <trkpt lat="45.123257" lon="13.838452">
        <ele>286.2</ele>
      </trkpt>
      <trkpt lat="45.123077" lon="13.837925">
        <ele>285.0</ele>
      </trkpt>
      <trkpt lat="45.123024" lon="13.837704">
        <ele>284.7</ele>
      </trkpt>
      <trkpt lat="45.122974" lon="13.837212">
        <ele>283.2</ele>
      </trkpt>
      <trkpt lat="45.122887" lon="13.836959">
        <ele>282.2</ele>
      </trkpt>
      <trkpt lat="45.122524" lon="13.836343">
        <ele>278.7</ele>
      </trkpt>
      <trkpt lat="45.122093" lon="13.835556">
        <ele>274.7</ele>
      </trkpt>
      <trkpt lat="45.121731" lon="13.835015">
        <ele>272.0</ele>
      </trkpt>
      <trkpt lat="45.121548" lon="13.834664">
        <ele>271.2</ele>
      </trkpt>
      <trkpt lat="45.121437" lon="13.834507">
        <ele>271.0</ele>
      </trkpt>
      <trkpt lat="45.121239" lon="13.834299">
        <ele>270.2</ele>
      </trkpt>
      <trkpt lat="45.120365" lon="13.833532">
        <ele>265.4</ele>
      </trkpt>
      <trkpt lat="45.119785" lon="13.832979">
        <ele>262.4</ele>
      </trkpt>
      <trkpt lat="45.119175" lon="13.832204">
        <ele>259.6</ele>
      </trkpt>
      <trkpt lat="45.118881" lon="13.831787">
        <ele>257.0</ele>
      </trkpt>
      <trkpt lat="45.118614" lon="13.831329">
        <ele>254.2</ele>
      </trkpt>
      <trkpt lat="45.117977" lon="13.830048">
        <ele>247.0</ele>
      </trkpt>
      <trkpt lat="45.117496" lon="13.828831">
        <ele>240.6</ele>
      </trkpt>
      <trkpt lat="45.117107" lon="13.827956">
        <ele>236.7</ele>
      </trkpt>
      <trkpt lat="45.116974" lon="13.827617">
        <ele>235.7</ele>
      </trkpt>
      <trkpt lat="45.116776" lon="13.827011">
        <ele>233.6</ele>
      </trkpt>
      <trkpt lat="45.1161" lon="13.824614">
        <ele>227.2</ele>
      </trkpt>
      <trkpt lat="45.116013" lon="13.824179">
        <ele>226.6</ele>
      </trkpt>
      <trkpt lat="45.115978" lon="13.823739">
        <ele>225.7</ele>
      </trkpt>
      <trkpt lat="45.115986" lon="13.823309">
        <ele>225.0</ele>
      </trkpt>
      <trkpt lat="45.116234" lon="13.817762">
        <ele>223.0</ele>
      </trkpt>
      <trkpt lat="45.116318" lon="13.817099">
        <ele>222.4</ele>
      </trkpt>
      <trkpt lat="45.116535" lon="13.816089">
        <ele>220.2</ele>
      </trkpt>
      <trkpt lat="45.116592" lon="13.81573">
        <ele>219.6</ele>
      </trkpt>
      <trkpt lat="45.11665" lon="13.815104">
        <ele>218.6</ele>
      </trkpt>
      <trkpt lat="45.116653" lon="13.814592">
        <ele>217.7</ele>
      </trkpt>
      <trkpt lat="45.116638" lon="13.814337">
        <ele>217.4</ele>
      </trkpt>
      <trkpt lat="45.116596" lon="13.813964">
        <ele>216.6</ele>
      </trkpt>
      <trkpt lat="45.116512" lon="13.81348">
        <ele>216.0</ele>
      </trkpt>
      <trkpt lat="45.116425" lon="13.813138">
        <ele>216.2</ele>
      </trkpt>
      <trkpt lat="45.116173" lon="13.81241">
        <ele>216.0</ele>
      </trkpt>
      <trkpt lat="45.114437" lon="13.808041">
        <ele>209.6</ele>
      </trkpt>
      <trkpt lat="45.113731" lon="13.806202">
        <ele>206.4</ele>
      </trkpt>
      <trkpt lat="45.113651" lon="13.805945">
        <ele>206.4</ele>
      </trkpt>
      <trkpt lat="45.113594" lon="13.805559">
        <ele>206.2</ele>
      </trkpt>
      <trkpt lat="45.113419" lon="13.805276">
        <ele>205.6</ele>
      </trkpt>
      <trkpt lat="45.113178" lon="13.80465">
        <ele>205.2</ele>
      </trkpt>
      <trkpt lat="45.113041" lon="13.804258">
        <ele>204.2</ele>
      </trkpt>
      <trkpt lat="45.112736" lon="13.803267">
        <ele>203.2</ele>
      </trkpt>
      <trkpt lat="45.112373" lon="13.802214">
        <ele>203.2</ele>
      </trkpt>
      <trkpt lat="45.112148" lon="13.801503">
        <ele>204.2</ele>
      </trkpt>
      <trkpt lat="45.112103" lon="13.801443">
        <ele>204.2</ele>
      </trkpt>
      <trkpt lat="45.112049" lon="13.801462">
        <ele>204.2</ele>
      </trkpt>
      <trkpt lat="45.112003" lon="13.801532">
        <ele>204.0</ele>
      </trkpt>
      <trkpt lat="45.111977" lon="13.801622">
        <ele>203.7</ele>
      </trkpt>
      <trkpt lat="45.111977" lon="13.801722">
        <ele>203.3</ele>
      </trkpt>
      <trkpt lat="45.112038" lon="13.801969">
        <ele>203.7</ele>
      </trkpt>
      <trkpt lat="45.112041" lon="13.802053">
        <ele>204.2</ele>
      </trkpt>
      <trkpt lat="45.112049" lon="13.801921">
        <ele>204.3</ele>
      </trkpt>
      <trkpt lat="45.111969" lon="13.801686">
        <ele>204.0</ele>
      </trkpt>
      <trkpt lat="45.111984" lon="13.801629">
        <ele>203.7</ele>
      </trkpt>
      <trkpt lat="45.112064" lon="13.801521">
        <ele>204.3</ele>
      </trkpt>
      <trkpt lat="45.112064" lon="13.801379">
        <ele>204.0</ele>
      </trkpt>
      <trkpt lat="45.112038" lon="13.801237">
        <ele>204.2</ele>
      </trkpt>
      <trkpt lat="45.111732" lon="13.800439">
        <ele>204.6</ele>
      </trkpt>
      <trkpt lat="45.110851" lon="13.797892">
        <ele>198.2</ele>
      </trkpt>
      <trkpt lat="45.11071" lon="13.797606">
        <ele>197.2</ele>
      </trkpt>
      <trkpt lat="45.110302" lon="13.797039">
        <ele>196.2</ele>
      </trkpt>
      <trkpt lat="45.11013" lon="13.796759">
        <ele>195.0</ele>
      </trkpt>
      <trkpt lat="45.109997" lon="13.796427">
        <ele>193.6</ele>
      </trkpt>
      <trkpt lat="45.109943" lon="13.796178">
        <ele>193.2</ele>
      </trkpt>
      <trkpt lat="45.109921" lon="13.795795">
        <ele>193.0</ele>
      </trkpt>
      <trkpt lat="45.10997" lon="13.795415">
        <ele>192.6</ele>
      </trkpt>
      <trkpt lat="45.110325" lon="13.794086">
        <ele>190.6</ele>
      </trkpt>
      <trkpt lat="45.110462" lon="13.793439">
        <ele>189.2</ele>
      </trkpt>
      <trkpt lat="45.110523" lon="13.79289">
        <ele>187.7</ele>
      </trkpt>
      <trkpt lat="45.110527" lon="13.792329">
        <ele>187.0</ele>
      </trkpt>
      <trkpt lat="45.110497" lon="13.791921">
        <ele>186.6</ele>
      </trkpt>
      <trkpt lat="45.110409" lon="13.79139">
        <ele>186.3</ele>
      </trkpt>
      <trkpt lat="45.109234" lon="13.785915">
        <ele>188.3</ele>
      </trkpt>
      <trkpt lat="45.108833" lon="13.783875">
        <ele>187.0</ele>
      </trkpt>
      <trkpt lat="45.108707" lon="13.782725">
        <ele>188.0</ele>
      </trkpt>
      <trkpt lat="45.108524" lon="13.780196">
        <ele>187.3</ele>
      </trkpt>
      <trkpt lat="45.10849" lon="13.779301">
        <ele>186.2</ele>
      </trkpt>
      <trkpt lat="45.108524" lon="13.778715">
        <ele>185.3</ele>
      </trkpt>
      <trkpt lat="45.108593" lon="13.778256">
        <ele>185.2</ele>
      </trkpt>
      <trkpt lat="45.108997" lon="13.776265">
        <ele>188.3</ele>
      </trkpt>
      <trkpt lat="45.109066" lon="13.775862">
        <ele>188.7</ele>
      </trkpt>
      <trkpt lat="45.109108" lon="13.775428">
        <ele>188.2</ele>
      </trkpt>
      <trkpt lat="45.109112" lon="13.775054">
        <ele>187.6</ele>
      </trkpt>
      <trkpt lat="45.109089" lon="13.774668">
        <ele>186.7</ele>
      </trkpt>
      <trkpt lat="45.10902" lon="13.774198">
        <ele>185.7</ele>
      </trkpt>
      <trkpt lat="45.108887" lon="13.77364">
        <ele>185.7</ele>
      </trkpt>
      <trkpt lat="45.108517" lon="13.772339">
        <ele>183.3</ele>
      </trkpt>
      <trkpt lat="45.10841" lon="13.771801">
        <ele>182.2</ele>
      </trkpt>
      <trkpt lat="45.108368" lon="13.771351">
        <ele>181.3</ele>
      </trkpt>
      <trkpt lat="45.108356" lon="13.769875">
        <ele>178.3</ele>
      </trkpt>
      <trkpt lat="45.108376" lon="13.765374">
        <ele>168.2</ele>
      </trkpt>
      <trkpt lat="45.108376" lon="13.760677">
        <ele>163.6</ele>
      </trkpt>
      <trkpt lat="45.108345" lon="13.760017">
        <ele>163.3</ele>
      </trkpt>
      <trkpt lat="45.108238" lon="13.759262">
        <ele>164.0</ele>
      </trkpt>
      <trkpt lat="45.108067" lon="13.758512">
        <ele>165.3</ele>
      </trkpt>
      <trkpt lat="45.107574" lon="13.756855">
        <ele>168.7</ele>
      </trkpt>
      <trkpt lat="45.10722" lon="13.755737">
        <ele>172.3</ele>
      </trkpt>
      <trkpt lat="45.107075" lon="13.755333">
        <ele>173.3</ele>
      </trkpt>
      <trkpt lat="45.106842" lon="13.75453">
        <ele>175.0</ele>
      </trkpt>
      <trkpt lat="45.106739" lon="13.75402">
        <ele>174.6</ele>
      </trkpt>
      <trkpt lat="45.106674" lon="13.753407">
        <ele>175.3</ele>
      </trkpt>
      <trkpt lat="45.106548" lon="13.751048">
        <ele>171.0</ele>
      </trkpt>
      <trkpt lat="45.106544" lon="13.750043">
        <ele>167.6</ele>
      </trkpt>
      <trkpt lat="45.106586" lon="13.749212">
        <ele>164.6</ele>
      </trkpt>
      <trkpt lat="45.106823" lon="13.746661">
        <ele>158.0</ele>
      </trkpt>
      <trkpt lat="45.106861" lon="13.746109">
        <ele>157.0</ele>
      </trkpt>
      <trkpt lat="45.106876" lon="13.745575">
        <ele>156.3</ele>
      </trkpt>
      <trkpt lat="45.10685" lon="13.744942">
        <ele>156.2</ele>
      </trkpt>
      <trkpt lat="45.106762" lon="13.744173">
        <ele>156.2</ele>
      </trkpt>
      <trkpt lat="45.106426" lon="13.741718">
        <ele>158.2</ele>
      </trkpt>
      <trkpt lat="45.106346" lon="13.740869">
        <ele>155.7</ele>
      </trkpt>
      <trkpt lat="45.106209" lon="13.737066">
        <ele>150.7</ele>
      </trkpt>
      <trkpt lat="45.106201" lon="13.73645">
        <ele>150.3</ele>
      </trkpt>
      <trkpt lat="45.106228" lon="13.735968">
        <ele>149.7</ele>
      </trkpt>
      <trkpt lat="45.106533" lon="13.733086">
        <ele>143.3</ele>
      </trkpt>
      <trkpt lat="45.106571" lon="13.7324">
        <ele>142.3</ele>
      </trkpt>
      <trkpt lat="45.106564" lon="13.731992">
        <ele>141.7</ele>
      </trkpt>
      <trkpt lat="45.106533" lon="13.731583">
        <ele>141.3</ele>
      </trkpt>
      <trkpt lat="45.1063" lon="13.729338">
        <ele>139.2</ele>
      </trkpt>
      <trkpt lat="45.106293" lon="13.728858">
        <ele>139.0</ele>
      </trkpt>
      <trkpt lat="45.106323" lon="13.728388">
        <ele>139.0</ele>
      </trkpt>
      <trkpt lat="45.10635" lon="13.728153">
        <ele>139.2</ele>
      </trkpt>
      <trkpt lat="45.106453" lon="13.727599">
        <ele>138.7</ele>
      </trkpt>
      <trkpt lat="45.106537" lon="13.727286">
        <ele>138.6</ele>
      </trkpt>
      <trkpt lat="45.106724" lon="13.726791">
        <ele>138.0</ele>
      </trkpt>
      <trkpt lat="45.106937" lon="13.726329">
        <ele>137.6</ele>
      </trkpt>
      <trkpt lat="45.108265" lon="13.723815">
        <ele>133.3</ele>
      </trkpt>
      <trkpt lat="45.108406" lon="13.723517">
        <ele>133.0</ele>
      </trkpt>
      <trkpt lat="45.108589" lon="13.723097">
        <ele>132.6</ele>
      </trkpt>
      <trkpt lat="45.109608" lon="13.720499">
        <ele>131.3</ele>
      </trkpt>
      <trkpt lat="45.10973" lon="13.720156">
        <ele>132.3</ele>
      </trkpt>
      <trkpt lat="45.109848" lon="13.71976">
        <ele>133.0</ele>
      </trkpt>
      <trkpt lat="45.109936" lon="13.719378">
        <ele>133.2</ele>
      </trkpt>
      <trkpt lat="45.110008" lon="13.718924">
        <ele>133.7</ele>
      </trkpt>
      <trkpt lat="45.110062" lon="13.718139">
        <ele>134.6</ele>
      </trkpt>
      <trkpt lat="45.110039" lon="13.716732">
        <ele>135.7</ele>
      </trkpt>
      <trkpt lat="45.109993" lon="13.716148">
        <ele>136.0</ele>
      </trkpt>
      <trkpt lat="45.109928" lon="13.715729">
        <ele>135.7</ele>
      </trkpt>
      <trkpt lat="45.109856" lon="13.715398">
        <ele>136.0</ele>
      </trkpt>
      <trkpt lat="45.109768" lon="13.715088">
        <ele>136.0</ele>
      </trkpt>
      <trkpt lat="45.109283" lon="13.713623">
        <ele>137.3</ele>
      </trkpt>
      <trkpt lat="45.108925" lon="13.712463">
        <ele>139.3</ele>
      </trkpt>
      <trkpt lat="45.108662" lon="13.711765">
        <ele>140.3</ele>
      </trkpt>
      <trkpt lat="45.108215" lon="13.710805">
        <ele>137.0</ele>
      </trkpt>
      <trkpt lat="45.10804" lon="13.710395">
        <ele>135.3</ele>
      </trkpt>
      <trkpt lat="45.107716" lon="13.709411">
        <ele>130.2</ele>
      </trkpt>
      <trkpt lat="45.107201" lon="13.707607">
        <ele>122.2</ele>
      </trkpt>
      <trkpt lat="45.104694" lon="13.699066">
        <ele>93.3</ele>
      </trkpt>
      <trkpt lat="45.103951" lon="13.696488">
        <ele>87.7</ele>
      </trkpt>
      <trkpt lat="45.103828" lon="13.695987">
        <ele>86.7</ele>
      </trkpt>
      <trkpt lat="45.103451" lon="13.694214">
        <ele>84.0</ele>
      </trkpt>
      <trkpt lat="45.103264" lon="13.693517">
        <ele>82.7</ele>
      </trkpt>
      <trkpt lat="45.102814" lon="13.692017">
        <ele>79.7</ele>
      </trkpt>
      <trkpt lat="45.102707" lon="13.69152">
        <ele>79.0</ele>
      </trkpt>
      <trkpt lat="45.102657" lon="13.691141">
        <ele>78.0</ele>
      </trkpt>
      <trkpt lat="45.102631" lon="13.690774">
        <ele>77.0</ele>
      </trkpt>
      <trkpt lat="45.102604" lon="13.689199">
        <ele>74.3</ele>
      </trkpt>
      <trkpt lat="45.102577" lon="13.688571">
        <ele>73.0</ele>
      </trkpt>
      <trkpt lat="45.10252" lon="13.688072">
        <ele>72.6</ele>
      </trkpt>
      <trkpt lat="45.102379" lon="13.687332">
        <ele>71.2</ele>
      </trkpt>
      <trkpt lat="45.101799" lon="13.684829">
        <ele>67.0</ele>
      </trkpt>
      <trkpt lat="45.101616" lon="13.68426">
        <ele>66.0</ele>
      </trkpt>
      <trkpt lat="45.101387" lon="13.683726">
        <ele>64.6</ele>
      </trkpt>
      <trkpt lat="45.101124" lon="13.683241">
        <ele>62.7</ele>
      </trkpt>
      <trkpt lat="45.100838" lon="13.682811">
        <ele>61.6</ele>
      </trkpt>
      <trkpt lat="45.100578" lon="13.682486">
        <ele>60.2</ele>
      </trkpt>
      <trkpt lat="45.099567" lon="13.681357">
        <ele>56.3</ele>
      </trkpt>
      <trkpt lat="45.098152" lon="13.679649">
        <ele>47.6</ele>
      </trkpt>
      <trkpt lat="45.097813" lon="13.679196">
        <ele>46.7</ele>
      </trkpt>
      <trkpt lat="45.097561" lon="13.678804">
        <ele>46.2</ele>
      </trkpt>
      <trkpt lat="45.09697" lon="13.677775">
        <ele>45.6</ele>
      </trkpt>
      <trkpt lat="45.096371" lon="13.676839">
        <ele>44.6</ele>
      </trkpt>
      <trkpt lat="45.095474" lon="13.675494">
        <ele>41.6</ele>
      </trkpt>
      <trkpt lat="45.0952" lon="13.675064">
        <ele>41.2</ele>
      </trkpt>
      <trkpt lat="45.094891" lon="13.674537">
        <ele>40.2</ele>
      </trkpt>
      <trkpt lat="45.094303" lon="13.673667">
        <ele>38.0</ele>
      </trkpt>
      <trkpt lat="45.094078" lon="13.673305">
        <ele>37.2</ele>
      </trkpt>
      <trkpt lat="45.093826" lon="13.672793">
        <ele>36.0</ele>
      </trkpt>
      <trkpt lat="45.093693" lon="13.672472">
        <ele>35.2</ele>
      </trkpt>
      <trkpt lat="45.092632" lon="13.669882">
        <ele>30.3</ele>
      </trkpt>
      <trkpt lat="45.092255" lon="13.668889">
        <ele>30.2</ele>
      </trkpt>
      <trkpt lat="45.092152" lon="13.668548">
        <ele>29.6</ele>
      </trkpt>
      <trkpt lat="45.092121" lon="13.668369">
        <ele>29.6</ele>
      </trkpt>
      <trkpt lat="45.092152" lon="13.668114">
        <ele>30.2</ele>
      </trkpt>
      <trkpt lat="45.092136" lon="13.66795">
        <ele>30.7</ele>
      </trkpt>
      <trkpt lat="45.091961" lon="13.667645">
        <ele>31.6</ele>
      </trkpt>
      <trkpt lat="45.091888" lon="13.667337">
        <ele>32.0</ele>
      </trkpt>
      <trkpt lat="45.09177" lon="13.666412">
        <ele>34.6</ele>
      </trkpt>
      <trkpt lat="45.091759" lon="13.666227">
        <ele>35.2</ele>
      </trkpt>
      <trkpt lat="45.091724" lon="13.666193">
        <ele>36.2</ele>
      </trkpt>
      <trkpt lat="45.091709" lon="13.666246">
        <ele>36.0</ele>
      </trkpt>
      <trkpt lat="45.091877" lon="13.667736">
        <ele>32.3</ele>
      </trkpt>
      <trkpt lat="45.091866" lon="13.667823">
        <ele>32.2</ele>
      </trkpt>
      <trkpt lat="45.091835" lon="13.6679">
        <ele>32.2</ele>
      </trkpt>
      <trkpt lat="45.091747" lon="13.668015">
        <ele>32.0</ele>
      </trkpt>
      <trkpt lat="45.091698" lon="13.668056">
        <ele>31.7</ele>
      </trkpt>
      <trkpt lat="45.091583" lon="13.668094">
        <ele>31.6</ele>
      </trkpt>
      <trkpt lat="45.091412" lon="13.668132">
        <ele>31.3</ele>
      </trkpt>
      <trkpt lat="45.091133" lon="13.668165">
        <ele>30.7</ele>
      </trkpt>
      <trkpt lat="45.090874" lon="13.668161">
        <ele>32.2</ele>
      </trkpt>
      <trkpt lat="45.090748" lon="13.668193">
        <ele>32.7</ele>
      </trkpt>
      <trkpt lat="45.089844" lon="13.668268">
        <ele>33.0</ele>
      </trkpt>
      <trkpt lat="45.089661" lon="13.668262">
        <ele>32.7</ele>
      </trkpt>
      <trkpt lat="45.089531" lon="13.668229">
        <ele>32.0</ele>
      </trkpt>
      <trkpt lat="45.089348" lon="13.668132">
        <ele>31.3</ele>
      </trkpt>
      <trkpt lat="45.08923" lon="13.668042">
        <ele>31.3</ele>
      </trkpt>
      <trkpt lat="45.089073" lon="13.667868">
        <ele>31.0</ele>
      </trkpt>
      <trkpt lat="45.088932" lon="13.667646">
        <ele>30.6</ele>
      </trkpt>
      <trkpt lat="45.088795" lon="13.66729">
        <ele>29.3</ele>
      </trkpt>
      <trkpt lat="45.088528" lon="13.666321">
        <ele>28.2</ele>
      </trkpt>
      <trkpt lat="45.088142" lon="13.665347">
        <ele>28.7</ele>
      </trkpt>
      <trkpt lat="45.087864" lon="13.664722">
        <ele>28.7</ele>
      </trkpt>
      <trkpt lat="45.087677" lon="13.664347">
        <ele>29.0</ele>
      </trkpt>
      <trkpt lat="45.087517" lon="13.664127">
        <ele>29.3</ele>
      </trkpt>
      <trkpt lat="45.087421" lon="13.664024">
        <ele>29.7</ele>
      </trkpt>
      <trkpt lat="45.087315" lon="13.663948">
        <ele>30.0</ele>
      </trkpt>
      <trkpt lat="45.0872" lon="13.663895">
        <ele>30.2</ele>
      </trkpt>
      <trkpt lat="45.087082" lon="13.663858">
        <ele>30.3</ele>
      </trkpt>
      <trkpt lat="45.086956" lon="13.663848">
        <ele>30.6</ele>
      </trkpt>
      <trkpt lat="45.086773" lon="13.66388">
        <ele>30.3</ele>
      </trkpt>
      <trkpt lat="45.085991" lon="13.664094">
        <ele>29.3</ele>
      </trkpt>
      <trkpt lat="45.085842" lon="13.664094">
        <ele>29.2</ele>
      </trkpt>
      <trkpt lat="45.085693" lon="13.664062">
        <ele>28.6</ele>
      </trkpt>
      <trkpt lat="45.084736" lon="13.663779">
        <ele>24.7</ele>
      </trkpt>
      <trkpt lat="45.084454" lon="13.663653">
        <ele>24.2</ele>
      </trkpt>
      <trkpt lat="45.08432" lon="13.663562">
        <ele>24.0</ele>
      </trkpt>
      <trkpt lat="45.084198" lon="13.663429">
        <ele>23.7</ele>
      </trkpt>
      <trkpt lat="45.084091" lon="13.663261">
        <ele>23.7</ele>
      </trkpt>
      <trkpt lat="45.084003" lon="13.663066">
        <ele>23.7</ele>
      </trkpt>
      <trkpt lat="45.083946" lon="13.662844">
        <ele>23.6</ele>
      </trkpt>
      <trkpt lat="45.083908" lon="13.662609">
        <ele>23.2</ele>
      </trkpt>
      <trkpt lat="45.083817" lon="13.661427">
        <ele>21.7</ele>
      </trkpt>
      <trkpt lat="45.083775" lon="13.661089">
        <ele>21.6</ele>
      </trkpt>
      <trkpt lat="45.083729" lon="13.660883">
        <ele>22.0</ele>
      </trkpt>
      <trkpt lat="45.083626" lon="13.660583">
        <ele>22.2</ele>
      </trkpt>
      <trkpt lat="45.083572" lon="13.660371">
        <ele>21.7</ele>
      </trkpt>
      <trkpt lat="45.083538" lon="13.66014">
        <ele>21.2</ele>
      </trkpt>
      <trkpt lat="45.083466" lon="13.659297">
        <ele>18.3</ele>
      </trkpt>
      <trkpt lat="45.083473" lon="13.658264">
        <ele>14.3</ele>
      </trkpt>
      <trkpt lat="45.083458" lon="13.658138">
        <ele>14.0</ele>
      </trkpt>
      <trkpt lat="45.083393" lon="13.657897">
        <ele>13.2</ele>
      </trkpt>
      <trkpt lat="45.08284" lon="13.656606">
        <ele>13.6</ele>
      </trkpt>
      <trkpt lat="45.082241" lon="13.65515">
        <ele>19.7</ele>
      </trkpt>
      <trkpt lat="45.082146" lon="13.654952">
        <ele>20.2</ele>
      </trkpt>
      <trkpt lat="45.081974" lon="13.654725">
        <ele>20.0</ele>
      </trkpt>
      <trkpt lat="45.0812" lon="13.653894">
        <ele>16.7</ele>
      </trkpt>
      <trkpt lat="45.080814" lon="13.653502">
        <ele>17.2</ele>
      </trkpt>
      <trkpt lat="45.080353" lon="13.65299">
        <ele>19.7</ele>
      </trkpt>
      <trkpt lat="45.080299" lon="13.652902">
        <ele>20.3</ele>
      </trkpt>
      <trkpt lat="45.080223" lon="13.652679">
        <ele>20.6</ele>
      </trkpt>
      <trkpt lat="45.080132" lon="13.652149">
        <ele>21.2</ele>
      </trkpt>
      <trkpt lat="45.080132" lon="13.652022">
        <ele>21.2</ele>
      </trkpt>
      <trkpt lat="45.080162" lon="13.651772">
        <ele>21.3</ele>
      </trkpt>
      <trkpt lat="45.080235" lon="13.651605">
        <ele>21.2</ele>
      </trkpt>
      <trkpt lat="45.080376" lon="13.650462">
        <ele>22.2</ele>
      </trkpt>
      <trkpt lat="45.080425" lon="13.649897">
        <ele>23.2</ele>
      </trkpt>
      <trkpt lat="45.080414" lon="13.649571">
        <ele>24.0</ele>
      </trkpt>
      <trkpt lat="45.080429" lon="13.649258">
        <ele>23.7</ele>
      </trkpt>
      <trkpt lat="45.080448" lon="13.649024">
        <ele>24.6</ele>
      </trkpt>
      <trkpt lat="45.080479" lon="13.648931">
        <ele>24.7</ele>
      </trkpt>
      <trkpt lat="45.080494" lon="13.648816">
        <ele>24.6</ele>
      </trkpt>
      <trkpt lat="45.080448" lon="13.648552">
        <ele>24.6</ele>
      </trkpt>
      <trkpt lat="45.080475" lon="13.648067">
        <ele>25.3</ele>
      </trkpt>
      <trkpt lat="45.080418" lon="13.64751">
        <ele>25.3</ele>
      </trkpt>
      <trkpt lat="45.080376" lon="13.64728">
        <ele>26.0</ele>
      </trkpt>
      <trkpt lat="45.080353" lon="13.646904">
        <ele>26.0</ele>
      </trkpt>
      <trkpt lat="45.080299" lon="13.646463">
        <ele>26.0</ele>
      </trkpt>
      <trkpt lat="45.080276" lon="13.645354">
        <ele>25.6</ele>
      </trkpt>
      <trkpt lat="45.080231" lon="13.645148">
        <ele>25.2</ele>
      </trkpt>
      <trkpt lat="45.080261" lon="13.644903">
        <ele>24.6</ele>
      </trkpt>
      <trkpt lat="45.080261" lon="13.644333">
        <ele>24.2</ele>
      </trkpt>
      <trkpt lat="45.080372" lon="13.643528">
        <ele>22.3</ele>
      </trkpt>
      <trkpt lat="45.080719" lon="13.641837">
        <ele>17.3</ele>
      </trkpt>
      <trkpt lat="45.080791" lon="13.641624">
        <ele>16.7</ele>
      </trkpt>
      <trkpt lat="45.080845" lon="13.641518">
        <ele>16.6</ele>
      </trkpt>
      <trkpt lat="45.081135" lon="13.641115">
        <ele>15.7</ele>
      </trkpt>
      <trkpt lat="45.081261" lon="13.640891">
        <ele>15.3</ele>
      </trkpt>
      <trkpt lat="45.08131" lon="13.640749">
        <ele>15.0</ele>
      </trkpt>
      <trkpt lat="45.081303" lon="13.640378">
        <ele>13.6</ele>
      </trkpt>
      <trkpt lat="45.081245" lon="13.63942">
        <ele>9.3</ele>
      </trkpt>
      <trkpt lat="45.081074" lon="13.638503">
        <ele>7.8</ele>
      </trkpt>
      <trkpt lat="45.081036" lon="13.638411">
        <ele>7.3</ele>
      </trkpt>
      <trkpt lat="45.080994" lon="13.638364">
        <ele>7.0</ele>
      </trkpt>
      <trkpt lat="45.080921" lon="13.638326">
        <ele>6.6</ele>
      </trkpt>
      <trkpt lat="45.080898" lon="13.638265">
        <ele>6.6</ele>
      </trkpt>
      <trkpt lat="45.081051" lon="13.638133">
        <ele>6.1</ele>
      </trkpt>
      <trkpt lat="45.081242" lon="13.637842">
        <ele>6.1</ele>
      </trkpt>
      <trkpt lat="45.08131" lon="13.637778">
        <ele>6.1</ele>
      </trkpt>
    </trkseg>
  </trk>
</gpx>
