<?xml version="1.0" encoding="UTF-8"?>
<gpx xmlns:gpxdata="http://www.cluetrust.com/XML/GPXDATA/1/0" xmlns:xsi="http://www.w3.org/2001/XMLSchema-instance" xmlns="http://www.topografix.com/GPX/1/1" version="1.1" creator="http://ridewithgps.com/" xsi:schemaLocation="http://www.topografix.com/GPX/1/1 http://www.topografix.com/GPX/1/1/gpx.xsd http://www.cluetrust.com/XML/GPXDATA/1/0 http://www.cluetrust.com/Schemas/gpxdata10.xsd">
  <metadata>
    <name>Croatia_Day3</name>
    <link href="https://ridewithgps.com/routes/54979411">
      <text>Croatia_Day3</text>
    </link>
    <time>2026-05-05T09:05:59Z</time>
  </metadata>
  <trk>
    <name>Croatia_Day3</name>
    <trkseg>
      <trkpt lat="45.429165" lon="13.648518">
        <ele>153.6</ele>
      </trkpt>
      <trkpt lat="45.429127" lon="13.648366">
        <ele>153.0</ele>
      </trkpt>
      <trkpt lat="45.429073" lon="13.647986">
        <ele>152.2</ele>
      </trkpt>
      <trkpt lat="45.428879" lon="13.64719">
        <ele>151.0</ele>
      </trkpt>
      <trkpt lat="45.428143" lon="13.645177">
        <ele>147.7</ele>
      </trkpt>
      <trkpt lat="45.428066" lon="13.644991">
        <ele>148.0</ele>
      </trkpt>
      <trkpt lat="45.428017" lon="13.644992">
        <ele>147.7</ele>
      </trkpt>
      <trkpt lat="45.427971" lon="13.645117">
        <ele>147.3</ele>
      </trkpt>
      <trkpt lat="45.427895" lon="13.645479">
        <ele>147.2</ele>
      </trkpt>
      <trkpt lat="45.42762" lon="13.647142">
        <ele>142.2</ele>
      </trkpt>
      <trkpt lat="45.427334" lon="13.648735">
        <ele>141.0</ele>
      </trkpt>
      <trkpt lat="45.427261" lon="13.648964">
        <ele>141.3</ele>
      </trkpt>
      <trkpt lat="45.427174" lon="13.649162">
        <ele>141.3</ele>
      </trkpt>
      <trkpt lat="45.427067" lon="13.649335">
        <ele>141.3</ele>
      </trkpt>
      <trkpt lat="45.426941" lon="13.649486">
        <ele>142.0</ele>
      </trkpt>
      <trkpt lat="45.426712" lon="13.649687">
        <ele>142.2</ele>
      </trkpt>
      <trkpt lat="45.425777" lon="13.650431">
        <ele>143.6</ele>
      </trkpt>
      <trkpt lat="45.425587" lon="13.650536">
        <ele>144.6</ele>
      </trkpt>
      <trkpt lat="45.424744" lon="13.650894">
        <ele>147.2</ele>
      </trkpt>
      <trkpt lat="45.424572" lon="13.65099">
        <ele>147.7</ele>
      </trkpt>
      <trkpt lat="45.420326" lon="13.6539">
        <ele>149.7</ele>
      </trkpt>
      <trkpt lat="45.419823" lon="13.654286">
        <ele>151.0</ele>
      </trkpt>
      <trkpt lat="45.419239" lon="13.654767">
        <ele>153.3</ele>
      </trkpt>
      <trkpt lat="45.419086" lon="13.654964">
        <ele>154.6</ele>
      </trkpt>
      <trkpt lat="45.418941" lon="13.655302">
        <ele>156.0</ele>
      </trkpt>
      <trkpt lat="45.418892" lon="13.655644">
        <ele>156.7</ele>
      </trkpt>
      <trkpt lat="45.418861" lon="13.656297">
        <ele>157.3</ele>
      </trkpt>
      <trkpt lat="45.418835" lon="13.656488">
        <ele>157.6</ele>
      </trkpt>
      <trkpt lat="45.418785" lon="13.656675">
        <ele>157.3</ele>
      </trkpt>
      <trkpt lat="45.418709" lon="13.656844">
        <ele>157.2</ele>
      </trkpt>
      <trkpt lat="45.418571" lon="13.657028">
        <ele>157.2</ele>
      </trkpt>
      <trkpt lat="45.41843" lon="13.657178">
        <ele>157.2</ele>
      </trkpt>
      <trkpt lat="45.417301" lon="13.658209">
        <ele>164.0</ele>
      </trkpt>
      <trkpt lat="45.416435" lon="13.658739">
        <ele>169.6</ele>
      </trkpt>
      <trkpt lat="45.416233" lon="13.658925">
        <ele>171.0</ele>
      </trkpt>
      <trkpt lat="45.416134" lon="13.65904">
        <ele>171.3</ele>
      </trkpt>
      <trkpt lat="45.415913" lon="13.659389">
        <ele>172.6</ele>
      </trkpt>
      <trkpt lat="45.415852" lon="13.659525">
        <ele>173.3</ele>
      </trkpt>
      <trkpt lat="45.415661" lon="13.660087">
        <ele>174.6</ele>
      </trkpt>
      <trkpt lat="45.415417" lon="13.660982">
        <ele>175.6</ele>
      </trkpt>
      <trkpt lat="45.415333" lon="13.661198">
        <ele>176.0</ele>
      </trkpt>
      <trkpt lat="45.414986" lon="13.661914">
        <ele>176.3</ele>
      </trkpt>
      <trkpt lat="45.414921" lon="13.661987">
        <ele>176.3</ele>
      </trkpt>
      <trkpt lat="45.414688" lon="13.662416">
        <ele>175.7</ele>
      </trkpt>
      <trkpt lat="45.414612" lon="13.662512">
        <ele>175.3</ele>
      </trkpt>
      <trkpt lat="45.414555" lon="13.662562">
        <ele>175.2</ele>
      </trkpt>
      <trkpt lat="45.414417" lon="13.662617">
        <ele>175.0</ele>
      </trkpt>
      <trkpt lat="45.414322" lon="13.662762">
        <ele>174.7</ele>
      </trkpt>
      <trkpt lat="45.414261" lon="13.662809">
        <ele>174.7</ele>
      </trkpt>
      <trkpt lat="45.414192" lon="13.662833">
        <ele>174.6</ele>
      </trkpt>
      <trkpt lat="45.414078" lon="13.662844">
        <ele>174.2</ele>
      </trkpt>
      <trkpt lat="45.413834" lon="13.662824">
        <ele>173.0</ele>
      </trkpt>
      <trkpt lat="45.413544" lon="13.662835">
        <ele>171.3</ele>
      </trkpt>
      <trkpt lat="45.413383" lon="13.662859">
        <ele>170.2</ele>
      </trkpt>
      <trkpt lat="45.41325" lon="13.662901">
        <ele>169.0</ele>
      </trkpt>
      <trkpt lat="45.413124" lon="13.662961">
        <ele>168.0</ele>
      </trkpt>
      <trkpt lat="45.412247" lon="13.663534">
        <ele>162.3</ele>
      </trkpt>
      <trkpt lat="45.412075" lon="13.663613">
        <ele>161.6</ele>
      </trkpt>
      <trkpt lat="45.412025" lon="13.663619">
        <ele>161.6</ele>
      </trkpt>
      <trkpt lat="45.41198" lon="13.663601">
        <ele>161.6</ele>
      </trkpt>
      <trkpt lat="45.411903" lon="13.663611">
        <ele>161.3</ele>
      </trkpt>
      <trkpt lat="45.411819" lon="13.663679">
        <ele>160.6</ele>
      </trkpt>
      <trkpt lat="45.411785" lon="13.663789">
        <ele>159.6</ele>
      </trkpt>
      <trkpt lat="45.411789" lon="13.663868">
        <ele>159.3</ele>
      </trkpt>
      <trkpt lat="45.411812" lon="13.663926">
        <ele>159.3</ele>
      </trkpt>
      <trkpt lat="45.41185" lon="13.663972">
        <ele>159.3</ele>
      </trkpt>
      <trkpt lat="45.41198" lon="13.664058">
        <ele>160.2</ele>
      </trkpt>
      <trkpt lat="45.412045" lon="13.664139">
        <ele>160.7</ele>
      </trkpt>
      <trkpt lat="45.412235" lon="13.664539">
        <ele>163.7</ele>
      </trkpt>
      <trkpt lat="45.412746" lon="13.665442">
        <ele>165.3</ele>
      </trkpt>
      <trkpt lat="45.412804" lon="13.665574">
        <ele>166.0</ele>
      </trkpt>
      <trkpt lat="45.412857" lon="13.665757">
        <ele>166.6</ele>
      </trkpt>
      <trkpt lat="45.412991" lon="13.666642">
        <ele>169.3</ele>
      </trkpt>
      <trkpt lat="45.413097" lon="13.667568">
        <ele>172.7</ele>
      </trkpt>
      <trkpt lat="45.413269" lon="13.668542">
        <ele>177.0</ele>
      </trkpt>
      <trkpt lat="45.413441" lon="13.669794">
        <ele>179.6</ele>
      </trkpt>
      <trkpt lat="45.413464" lon="13.670259">
        <ele>180.7</ele>
      </trkpt>
      <trkpt lat="45.413433" lon="13.670511">
        <ele>181.7</ele>
      </trkpt>
      <trkpt lat="45.413357" lon="13.670779">
        <ele>183.2</ele>
      </trkpt>
      <trkpt lat="45.413273" lon="13.670978">
        <ele>184.6</ele>
      </trkpt>
      <trkpt lat="45.413124" lon="13.671222">
        <ele>186.3</ele>
      </trkpt>
      <trkpt lat="45.413067" lon="13.671359">
        <ele>187.0</ele>
      </trkpt>
      <trkpt lat="45.412998" lon="13.671733">
        <ele>188.6</ele>
      </trkpt>
      <trkpt lat="45.412987" lon="13.672085">
        <ele>190.0</ele>
      </trkpt>
      <trkpt lat="45.412998" lon="13.672427">
        <ele>191.0</ele>
      </trkpt>
      <trkpt lat="45.413174" lon="13.674609">
        <ele>197.7</ele>
      </trkpt>
      <trkpt lat="45.413193" lon="13.675077">
        <ele>198.3</ele>
      </trkpt>
      <trkpt lat="45.413155" lon="13.675781">
        <ele>199.0</ele>
      </trkpt>
      <trkpt lat="45.413067" lon="13.676365">
        <ele>198.3</ele>
      </trkpt>
      <trkpt lat="45.412975" lon="13.676619">
        <ele>198.3</ele>
      </trkpt>
      <trkpt lat="45.412865" lon="13.676852">
        <ele>198.6</ele>
      </trkpt>
      <trkpt lat="45.412209" lon="13.678005">
        <ele>199.2</ele>
      </trkpt>
      <trkpt lat="45.412022" lon="13.678382">
        <ele>200.0</ele>
      </trkpt>
      <trkpt lat="45.411922" lon="13.678531">
        <ele>200.3</ele>
      </trkpt>
      <trkpt lat="45.411736" lon="13.678973">
        <ele>201.0</ele>
      </trkpt>
      <trkpt lat="45.411491" lon="13.679716">
        <ele>200.6</ele>
      </trkpt>
      <trkpt lat="45.411301" lon="13.680213">
        <ele>201.0</ele>
      </trkpt>
      <trkpt lat="45.411255" lon="13.680299">
        <ele>201.3</ele>
      </trkpt>
      <trkpt lat="45.410858" lon="13.680882">
        <ele>203.3</ele>
      </trkpt>
      <trkpt lat="45.408478" lon="13.684197">
        <ele>210.6</ele>
      </trkpt>
      <trkpt lat="45.407318" lon="13.685852">
        <ele>213.4</ele>
      </trkpt>
      <trkpt lat="45.407124" lon="13.686207">
        <ele>213.2</ele>
      </trkpt>
      <trkpt lat="45.405857" lon="13.688993">
        <ele>223.6</ele>
      </trkpt>
      <trkpt lat="45.40567" lon="13.689377">
        <ele>226.0</ele>
      </trkpt>
      <trkpt lat="45.405613" lon="13.689457">
        <ele>226.6</ele>
      </trkpt>
      <trkpt lat="45.405457" lon="13.689599">
        <ele>227.7</ele>
      </trkpt>
      <trkpt lat="45.405331" lon="13.689664">
        <ele>229.0</ele>
      </trkpt>
      <trkpt lat="45.40517" lon="13.689685">
        <ele>229.7</ele>
      </trkpt>
      <trkpt lat="45.404545" lon="13.68969">
        <ele>232.6</ele>
      </trkpt>
      <trkpt lat="45.404243" lon="13.689625">
        <ele>234.2</ele>
      </trkpt>
      <trkpt lat="45.403244" lon="13.689229">
        <ele>241.7</ele>
      </trkpt>
      <trkpt lat="45.403065" lon="13.689197">
        <ele>242.0</ele>
      </trkpt>
      <trkpt lat="45.402916" lon="13.689213">
        <ele>242.6</ele>
      </trkpt>
      <trkpt lat="45.40274" lon="13.689308">
        <ele>243.4</ele>
      </trkpt>
      <trkpt lat="45.402607" lon="13.689437">
        <ele>244.6</ele>
      </trkpt>
      <trkpt lat="45.4025" lon="13.689596">
        <ele>245.6</ele>
      </trkpt>
      <trkpt lat="45.402435" lon="13.689881">
        <ele>247.0</ele>
      </trkpt>
      <trkpt lat="45.402409" lon="13.689926">
        <ele>247.6</ele>
      </trkpt>
      <trkpt lat="45.402367" lon="13.689945">
        <ele>248.0</ele>
      </trkpt>
      <trkpt lat="45.402477" lon="13.690312">
        <ele>249.6</ele>
      </trkpt>
      <trkpt lat="45.402451" lon="13.690431">
        <ele>250.2</ele>
      </trkpt>
      <trkpt lat="45.402496" lon="13.690688">
        <ele>253.0</ele>
      </trkpt>
      <trkpt lat="45.402508" lon="13.690687">
        <ele>253.0</ele>
      </trkpt>
      <trkpt lat="45.402508" lon="13.690636">
        <ele>253.2</ele>
      </trkpt>
      <trkpt lat="45.402458" lon="13.690444">
        <ele>252.7</ele>
      </trkpt>
      <trkpt lat="45.402439" lon="13.690207">
        <ele>251.4</ele>
      </trkpt>
      <trkpt lat="45.402401" lon="13.690042">
        <ele>250.2</ele>
      </trkpt>
      <trkpt lat="45.40242" lon="13.689996">
        <ele>249.6</ele>
      </trkpt>
      <trkpt lat="45.402435" lon="13.689997">
        <ele>249.6</ele>
      </trkpt>
      <trkpt lat="45.402454" lon="13.690041">
        <ele>249.2</ele>
      </trkpt>
      <trkpt lat="45.402443" lon="13.690132">
        <ele>249.0</ele>
      </trkpt>
      <trkpt lat="45.40247" lon="13.690517">
        <ele>252.0</ele>
      </trkpt>
      <trkpt lat="45.402576" lon="13.691169">
        <ele>256.7</ele>
      </trkpt>
      <trkpt lat="45.402679" lon="13.691451">
        <ele>258.6</ele>
      </trkpt>
      <trkpt lat="45.402813" lon="13.691711">
        <ele>260.0</ele>
      </trkpt>
      <trkpt lat="45.402828" lon="13.691778">
        <ele>260.2</ele>
      </trkpt>
      <trkpt lat="45.402828" lon="13.692044">
        <ele>261.4</ele>
      </trkpt>
      <trkpt lat="45.402855" lon="13.69226">
        <ele>261.6</ele>
      </trkpt>
      <trkpt lat="45.402847" lon="13.69237">
        <ele>261.6</ele>
      </trkpt>
      <trkpt lat="45.40287" lon="13.692396">
        <ele>261.7</ele>
      </trkpt>
      <trkpt lat="45.402878" lon="13.692381">
        <ele>261.7</ele>
      </trkpt>
      <trkpt lat="45.402893" lon="13.692202">
        <ele>261.4</ele>
      </trkpt>
      <trkpt lat="45.402889" lon="13.692158">
        <ele>261.4</ele>
      </trkpt>
      <trkpt lat="45.40287" lon="13.692143">
        <ele>261.4</ele>
      </trkpt>
      <trkpt lat="45.402847" lon="13.692163">
        <ele>261.2</ele>
      </trkpt>
      <trkpt lat="45.402851" lon="13.692348">
        <ele>261.0</ele>
      </trkpt>
      <trkpt lat="45.402763" lon="13.693066">
        <ele>262.7</ele>
      </trkpt>
      <trkpt lat="45.402771" lon="13.693103">
        <ele>263.0</ele>
      </trkpt>
      <trkpt lat="45.402782" lon="13.693091">
        <ele>263.2</ele>
      </trkpt>
      <trkpt lat="45.402828" lon="13.692729">
        <ele>262.6</ele>
      </trkpt>
      <trkpt lat="45.402794" lon="13.692485">
        <ele>262.0</ele>
      </trkpt>
      <trkpt lat="45.402821" lon="13.692527">
        <ele>262.4</ele>
      </trkpt>
      <trkpt lat="45.402798" lon="13.692697">
        <ele>262.0</ele>
      </trkpt>
      <trkpt lat="45.402824" lon="13.692648">
        <ele>262.2</ele>
      </trkpt>
      <trkpt lat="45.402813" lon="13.69262">
        <ele>262.0</ele>
      </trkpt>
      <trkpt lat="45.402802" lon="13.692644">
        <ele>262.0</ele>
      </trkpt>
      <trkpt lat="45.402779" lon="13.692935">
        <ele>262.4</ele>
      </trkpt>
      <trkpt lat="45.402733" lon="13.693244">
        <ele>262.6</ele>
      </trkpt>
      <trkpt lat="45.402695" lon="13.6934">
        <ele>263.2</ele>
      </trkpt>
      <trkpt lat="45.40258" lon="13.69372">
        <ele>264.0</ele>
      </trkpt>
      <trkpt lat="45.402538" lon="13.69394">
        <ele>263.6</ele>
      </trkpt>
      <trkpt lat="45.402554" lon="13.694262">
        <ele>262.6</ele>
      </trkpt>
      <trkpt lat="45.402645" lon="13.694944">
        <ele>259.4</ele>
      </trkpt>
      <trkpt lat="45.402641" lon="13.695105">
        <ele>258.6</ele>
      </trkpt>
      <trkpt lat="45.402615" lon="13.695257">
        <ele>257.2</ele>
      </trkpt>
      <trkpt lat="45.402504" lon="13.69556">
        <ele>255.0</ele>
      </trkpt>
      <trkpt lat="45.40205" lon="13.696574">
        <ele>248.7</ele>
      </trkpt>
      <trkpt lat="45.40197" lon="13.696817">
        <ele>247.4</ele>
      </trkpt>
      <trkpt lat="45.401947" lon="13.696945">
        <ele>247.0</ele>
      </trkpt>
      <trkpt lat="45.401936" lon="13.697077">
        <ele>246.6</ele>
      </trkpt>
      <trkpt lat="45.401951" lon="13.697354">
        <ele>245.4</ele>
      </trkpt>
      <trkpt lat="45.402187" lon="13.698875">
        <ele>240.0</ele>
      </trkpt>
      <trkpt lat="45.402199" lon="13.69911">
        <ele>240.6</ele>
      </trkpt>
      <trkpt lat="45.402153" lon="13.699502">
        <ele>241.4</ele>
      </trkpt>
      <trkpt lat="45.402077" lon="13.699783">
        <ele>243.0</ele>
      </trkpt>
      <trkpt lat="45.401905" lon="13.700236">
        <ele>245.0</ele>
      </trkpt>
      <trkpt lat="45.401775" lon="13.700499">
        <ele>245.0</ele>
      </trkpt>
      <trkpt lat="45.401344" lon="13.701242">
        <ele>248.7</ele>
      </trkpt>
      <trkpt lat="45.401211" lon="13.701544">
        <ele>250.6</ele>
      </trkpt>
      <trkpt lat="45.400795" lon="13.702802">
        <ele>256.0</ele>
      </trkpt>
      <trkpt lat="45.400192" lon="13.704548">
        <ele>265.4</ele>
      </trkpt>
      <trkpt lat="45.399666" lon="13.706172">
        <ele>264.2</ele>
      </trkpt>
      <trkpt lat="45.398769" lon="13.708801">
        <ele>257.2</ele>
      </trkpt>
      <trkpt lat="45.398228" lon="13.710474">
        <ele>262.2</ele>
      </trkpt>
      <trkpt lat="45.398125" lon="13.710728">
        <ele>262.0</ele>
      </trkpt>
      <trkpt lat="45.397961" lon="13.711254">
        <ele>261.4</ele>
      </trkpt>
      <trkpt lat="45.397579" lon="13.712342">
        <ele>262.2</ele>
      </trkpt>
      <trkpt lat="45.397511" lon="13.712508">
        <ele>262.2</ele>
      </trkpt>
      <trkpt lat="45.397392" lon="13.712707">
        <ele>261.6</ele>
      </trkpt>
      <trkpt lat="45.395393" lon="13.7151">
        <ele>259.7</ele>
      </trkpt>
      <trkpt lat="45.394524" lon="13.716168">
        <ele>261.6</ele>
      </trkpt>
      <trkpt lat="45.394337" lon="13.716379">
        <ele>262.6</ele>
      </trkpt>
      <trkpt lat="45.394222" lon="13.716476">
        <ele>263.4</ele>
      </trkpt>
      <trkpt lat="45.394054" lon="13.71654">
        <ele>265.0</ele>
      </trkpt>
      <trkpt lat="45.393894" lon="13.716535">
        <ele>265.7</ele>
      </trkpt>
      <trkpt lat="45.393604" lon="13.716441">
        <ele>265.7</ele>
      </trkpt>
      <trkpt lat="45.393402" lon="13.716317">
        <ele>266.0</ele>
      </trkpt>
      <trkpt lat="45.393051" lon="13.716161">
        <ele>266.2</ele>
      </trkpt>
      <trkpt lat="45.392857" lon="13.716118">
        <ele>266.2</ele>
      </trkpt>
      <trkpt lat="45.392715" lon="13.716113">
        <ele>265.6</ele>
      </trkpt>
      <trkpt lat="45.392536" lon="13.716144">
        <ele>264.7</ele>
      </trkpt>
      <trkpt lat="45.39241" lon="13.716194">
        <ele>263.7</ele>
      </trkpt>
      <trkpt lat="45.392204" lon="13.716338">
        <ele>262.2</ele>
      </trkpt>
      <trkpt lat="45.392067" lon="13.716476">
        <ele>260.7</ele>
      </trkpt>
      <trkpt lat="45.391884" lon="13.716733">
        <ele>259.0</ele>
      </trkpt>
      <trkpt lat="45.391781" lon="13.716942">
        <ele>257.7</ele>
      </trkpt>
      <trkpt lat="45.391701" lon="13.717179">
        <ele>256.6</ele>
      </trkpt>
      <trkpt lat="45.391582" lon="13.717726">
        <ele>254.2</ele>
      </trkpt>
      <trkpt lat="45.391319" lon="13.719446">
        <ele>246.4</ele>
      </trkpt>
      <trkpt lat="45.391247" lon="13.719666">
        <ele>245.6</ele>
      </trkpt>
      <trkpt lat="45.391197" lon="13.71976">
        <ele>245.4</ele>
      </trkpt>
      <trkpt lat="45.391068" lon="13.719924">
        <ele>245.0</ele>
      </trkpt>
      <trkpt lat="45.39006" lon="13.720831">
        <ele>241.7</ele>
      </trkpt>
      <trkpt lat="45.389851" lon="13.721064">
        <ele>244.2</ele>
      </trkpt>
      <trkpt lat="45.389751" lon="13.721293">
        <ele>247.0</ele>
      </trkpt>
      <trkpt lat="45.389706" lon="13.721784">
        <ele>250.0</ele>
      </trkpt>
      <trkpt lat="45.389668" lon="13.72191">
        <ele>250.7</ele>
      </trkpt>
      <trkpt lat="45.389481" lon="13.722148">
        <ele>252.2</ele>
      </trkpt>
      <trkpt lat="45.38937" lon="13.722237">
        <ele>253.0</ele>
      </trkpt>
      <trkpt lat="45.389214" lon="13.722296">
        <ele>253.6</ele>
      </trkpt>
      <trkpt lat="45.38871" lon="13.722304">
        <ele>257.2</ele>
      </trkpt>
      <trkpt lat="45.388451" lon="13.722329">
        <ele>258.0</ele>
      </trkpt>
      <trkpt lat="45.388145" lon="13.72231">
        <ele>259.7</ele>
      </trkpt>
      <trkpt lat="45.387775" lon="13.722325">
        <ele>263.0</ele>
      </trkpt>
      <trkpt lat="45.387447" lon="13.722298">
        <ele>264.4</ele>
      </trkpt>
      <trkpt lat="45.386761" lon="13.722282">
        <ele>269.6</ele>
      </trkpt>
      <trkpt lat="45.38657" lon="13.722239">
        <ele>270.6</ele>
      </trkpt>
      <trkpt lat="45.386375" lon="13.72224">
        <ele>272.2</ele>
      </trkpt>
      <trkpt lat="45.386097" lon="13.722176">
        <ele>273.7</ele>
      </trkpt>
      <trkpt lat="45.385483" lon="13.722101">
        <ele>278.0</ele>
      </trkpt>
      <trkpt lat="45.38504" lon="13.722141">
        <ele>280.0</ele>
      </trkpt>
      <trkpt lat="45.384834" lon="13.722191">
        <ele>281.6</ele>
      </trkpt>
      <trkpt lat="45.384712" lon="13.722277">
        <ele>282.6</ele>
      </trkpt>
      <trkpt lat="45.384666" lon="13.722287">
        <ele>283.2</ele>
      </trkpt>
      <trkpt lat="45.38446" lon="13.722718">
        <ele>286.0</ele>
      </trkpt>
      <trkpt lat="45.384457" lon="13.72281">
        <ele>285.7</ele>
      </trkpt>
      <trkpt lat="45.384201" lon="13.72373">
        <ele>287.4</ele>
      </trkpt>
      <trkpt lat="45.384125" lon="13.724277">
        <ele>288.7</ele>
      </trkpt>
      <trkpt lat="45.384064" lon="13.725028">
        <ele>290.0</ele>
      </trkpt>
      <trkpt lat="45.384033" lon="13.725076">
        <ele>290.2</ele>
      </trkpt>
      <trkpt lat="45.383907" lon="13.725121">
        <ele>290.0</ele>
      </trkpt>
      <trkpt lat="45.383804" lon="13.725103">
        <ele>289.7</ele>
      </trkpt>
      <trkpt lat="45.383709" lon="13.725022">
        <ele>289.4</ele>
      </trkpt>
      <trkpt lat="45.383411" lon="13.724686">
        <ele>289.4</ele>
      </trkpt>
      <trkpt lat="45.382477" lon="13.723695">
        <ele>289.2</ele>
      </trkpt>
      <trkpt lat="45.382153" lon="13.723415">
        <ele>288.7</ele>
      </trkpt>
      <trkpt lat="45.382072" lon="13.723369">
        <ele>288.7</ele>
      </trkpt>
      <trkpt lat="45.381721" lon="13.72324">
        <ele>289.0</ele>
      </trkpt>
      <trkpt lat="45.381401" lon="13.723088">
        <ele>288.7</ele>
      </trkpt>
      <trkpt lat="45.380978" lon="13.722939">
        <ele>289.2</ele>
      </trkpt>
      <trkpt lat="45.38047" lon="13.722704">
        <ele>288.6</ele>
      </trkpt>
      <trkpt lat="45.379845" lon="13.722469">
        <ele>288.2</ele>
      </trkpt>
      <trkpt lat="45.379688" lon="13.722426">
        <ele>288.4</ele>
      </trkpt>
      <trkpt lat="45.379646" lon="13.722627">
        <ele>292.6</ele>
      </trkpt>
      <trkpt lat="45.379642" lon="13.722843">
        <ele>292.0</ele>
      </trkpt>
      <trkpt lat="45.37962" lon="13.723026">
        <ele>291.4</ele>
      </trkpt>
      <trkpt lat="45.379486" lon="13.723327">
        <ele>289.4</ele>
      </trkpt>
      <trkpt lat="45.379433" lon="13.723359">
        <ele>289.0</ele>
      </trkpt>
      <trkpt lat="45.379269" lon="13.723386">
        <ele>288.0</ele>
      </trkpt>
      <trkpt lat="45.379059" lon="13.723246">
        <ele>288.0</ele>
      </trkpt>
      <trkpt lat="45.379032" lon="13.72319">
        <ele>288.0</ele>
      </trkpt>
      <trkpt lat="45.379387" lon="13.722328">
        <ele>292.6</ele>
      </trkpt>
      <trkpt lat="45.37949" lon="13.722367">
        <ele>292.6</ele>
      </trkpt>
      <trkpt lat="45.379585" lon="13.722438">
        <ele>293.0</ele>
      </trkpt>
      <trkpt lat="45.379635" lon="13.722671">
        <ele>292.6</ele>
      </trkpt>
      <trkpt lat="45.37965" lon="13.722952">
        <ele>291.4</ele>
      </trkpt>
      <trkpt lat="45.37962" lon="13.723059">
        <ele>291.2</ele>
      </trkpt>
      <trkpt lat="45.379543" lon="13.723207">
        <ele>290.4</ele>
      </trkpt>
      <trkpt lat="45.379551" lon="13.72327">
        <ele>290.0</ele>
      </trkpt>
      <trkpt lat="45.379642" lon="13.723017">
        <ele>290.6</ele>
      </trkpt>
      <trkpt lat="45.379681" lon="13.722974">
        <ele>291.0</ele>
      </trkpt>
      <trkpt lat="45.379723" lon="13.722961">
        <ele>291.4</ele>
      </trkpt>
      <trkpt lat="45.380039" lon="13.723011">
        <ele>295.6</ele>
      </trkpt>
      <trkpt lat="45.38026" lon="13.723071">
        <ele>297.4</ele>
      </trkpt>
      <trkpt lat="45.380371" lon="13.723085">
        <ele>298.2</ele>
      </trkpt>
      <trkpt lat="45.380692" lon="13.723238">
        <ele>300.7</ele>
      </trkpt>
      <trkpt lat="45.380833" lon="13.723277">
        <ele>302.0</ele>
      </trkpt>
      <trkpt lat="45.38097" lon="13.72338">
        <ele>303.0</ele>
      </trkpt>
      <trkpt lat="45.381176" lon="13.723473">
        <ele>304.4</ele>
      </trkpt>
      <trkpt lat="45.381279" lon="13.723616">
        <ele>305.2</ele>
      </trkpt>
      <trkpt lat="45.381397" lon="13.723649">
        <ele>305.7</ele>
      </trkpt>
      <trkpt lat="45.381683" lon="13.723822">
        <ele>307.0</ele>
      </trkpt>
      <trkpt lat="45.38203" lon="13.72397">
        <ele>307.0</ele>
      </trkpt>
      <trkpt lat="45.382309" lon="13.72414">
        <ele>306.7</ele>
      </trkpt>
      <trkpt lat="45.382629" lon="13.724376">
        <ele>306.6</ele>
      </trkpt>
      <trkpt lat="45.383091" lon="13.724748">
        <ele>304.2</ele>
      </trkpt>
      <trkpt lat="45.38348" lon="13.725125">
        <ele>301.7</ele>
      </trkpt>
      <trkpt lat="45.383614" lon="13.725202">
        <ele>301.2</ele>
      </trkpt>
      <trkpt lat="45.383804" lon="13.725282">
        <ele>299.0</ele>
      </trkpt>
      <trkpt lat="45.383888" lon="13.725288">
        <ele>298.2</ele>
      </trkpt>
      <trkpt lat="45.384026" lon="13.725224">
        <ele>296.4</ele>
      </trkpt>
      <trkpt lat="45.384079" lon="13.725159">
        <ele>295.6</ele>
      </trkpt>
      <trkpt lat="45.384109" lon="13.725074">
        <ele>295.0</ele>
      </trkpt>
      <trkpt lat="45.384193" lon="13.723966">
        <ele>291.6</ele>
      </trkpt>
      <trkpt lat="45.384224" lon="13.723775">
        <ele>291.4</ele>
      </trkpt>
      <trkpt lat="45.384369" lon="13.723223">
        <ele>290.7</ele>
      </trkpt>
      <trkpt lat="45.384506" lon="13.722727">
        <ele>290.2</ele>
      </trkpt>
      <trkpt lat="45.384586" lon="13.722498">
        <ele>290.2</ele>
      </trkpt>
      <trkpt lat="45.384712" lon="13.722303">
        <ele>289.6</ele>
      </trkpt>
      <trkpt lat="45.384846" lon="13.722198">
        <ele>288.4</ele>
      </trkpt>
      <trkpt lat="45.385006" lon="13.722142">
        <ele>287.2</ele>
      </trkpt>
      <trkpt lat="45.385429" lon="13.722113">
        <ele>284.4</ele>
      </trkpt>
      <trkpt lat="45.385715" lon="13.72214">
        <ele>282.7</ele>
      </trkpt>
      <trkpt lat="45.386227" lon="13.722226">
        <ele>279.2</ele>
      </trkpt>
      <trkpt lat="45.386776" lon="13.722281">
        <ele>275.7</ele>
      </trkpt>
      <trkpt lat="45.387653" lon="13.722341">
        <ele>269.7</ele>
      </trkpt>
      <trkpt lat="45.388245" lon="13.722326">
        <ele>266.4</ele>
      </trkpt>
      <trkpt lat="45.388695" lon="13.722287">
        <ele>263.4</ele>
      </trkpt>
      <trkpt lat="45.389229" lon="13.722283">
        <ele>259.7</ele>
      </trkpt>
      <trkpt lat="45.389355" lon="13.722257">
        <ele>259.2</ele>
      </trkpt>
      <trkpt lat="45.389526" lon="13.722148">
        <ele>258.2</ele>
      </trkpt>
      <trkpt lat="45.389664" lon="13.721978">
        <ele>257.2</ele>
      </trkpt>
      <trkpt lat="45.389709" lon="13.721869">
        <ele>256.7</ele>
      </trkpt>
      <trkpt lat="45.389782" lon="13.721478">
        <ele>254.7</ele>
      </trkpt>
      <trkpt lat="45.389851" lon="13.721205">
        <ele>253.4</ele>
      </trkpt>
      <trkpt lat="45.389904" lon="13.721082">
        <ele>252.7</ele>
      </trkpt>
      <trkpt lat="45.389977" lon="13.720975">
        <ele>252.0</ele>
      </trkpt>
      <trkpt lat="45.390163" lon="13.720779">
        <ele>250.4</ele>
      </trkpt>
      <trkpt lat="45.391102" lon="13.719938">
        <ele>251.4</ele>
      </trkpt>
      <trkpt lat="45.39119" lon="13.719838">
        <ele>252.0</ele>
      </trkpt>
      <trkpt lat="45.391293" lon="13.719663">
        <ele>252.7</ele>
      </trkpt>
      <trkpt lat="45.391342" lon="13.719532">
        <ele>253.0</ele>
      </trkpt>
      <trkpt lat="45.391411" lon="13.719217">
        <ele>253.2</ele>
      </trkpt>
      <trkpt lat="45.39146" lon="13.719077">
        <ele>253.7</ele>
      </trkpt>
      <trkpt lat="45.391495" lon="13.718681">
        <ele>255.4</ele>
      </trkpt>
      <trkpt lat="45.391541" lon="13.718337">
        <ele>256.6</ele>
      </trkpt>
      <trkpt lat="45.391598" lon="13.718084">
        <ele>257.7</ele>
      </trkpt>
      <trkpt lat="45.39164" lon="13.717721">
        <ele>259.0</ele>
      </trkpt>
      <trkpt lat="45.391708" lon="13.717505">
        <ele>260.0</ele>
      </trkpt>
      <trkpt lat="45.391788" lon="13.717157">
        <ele>261.7</ele>
      </trkpt>
      <trkpt lat="45.391853" lon="13.716999">
        <ele>262.6</ele>
      </trkpt>
      <trkpt lat="45.392002" lon="13.716739">
        <ele>264.6</ele>
      </trkpt>
      <trkpt lat="45.392174" lon="13.716486">
        <ele>265.7</ele>
      </trkpt>
      <trkpt lat="45.392345" lon="13.716319">
        <ele>267.0</ele>
      </trkpt>
      <trkpt lat="45.392467" lon="13.716226">
        <ele>267.7</ele>
      </trkpt>
      <trkpt lat="45.392639" lon="13.716166">
        <ele>269.0</ele>
      </trkpt>
      <trkpt lat="45.392834" lon="13.716177">
        <ele>270.0</ele>
      </trkpt>
      <trkpt lat="45.392921" lon="13.716234">
        <ele>270.6</ele>
      </trkpt>
      <trkpt lat="45.393147" lon="13.716232">
        <ele>270.7</ele>
      </trkpt>
      <trkpt lat="45.39312" lon="13.716202">
        <ele>270.4</ele>
      </trkpt>
      <trkpt lat="45.393074" lon="13.716192">
        <ele>270.4</ele>
      </trkpt>
      <trkpt lat="45.39296" lon="13.716227">
        <ele>270.4</ele>
      </trkpt>
      <trkpt lat="45.392914" lon="13.716317">
        <ele>270.4</ele>
      </trkpt>
      <trkpt lat="45.392891" lon="13.716437">
        <ele>270.6</ele>
      </trkpt>
      <trkpt lat="45.392883" lon="13.71685">
        <ele>272.6</ele>
      </trkpt>
      <trkpt lat="45.392857" lon="13.716949">
        <ele>272.7</ele>
      </trkpt>
      <trkpt lat="45.392822" lon="13.717385">
        <ele>274.0</ele>
      </trkpt>
      <trkpt lat="45.39283" lon="13.717621">
        <ele>274.6</ele>
      </trkpt>
      <trkpt lat="45.392857" lon="13.717784">
        <ele>275.0</ele>
      </trkpt>
      <trkpt lat="45.392822" lon="13.717945">
        <ele>275.4</ele>
      </trkpt>
      <trkpt lat="45.392849" lon="13.718354">
        <ele>276.4</ele>
      </trkpt>
      <trkpt lat="45.392834" lon="13.718551">
        <ele>276.7</ele>
      </trkpt>
      <trkpt lat="45.392845" lon="13.718698">
        <ele>277.0</ele>
      </trkpt>
      <trkpt lat="45.392826" lon="13.719378">
        <ele>277.4</ele>
      </trkpt>
      <trkpt lat="45.392792" lon="13.719608">
        <ele>277.7</ele>
      </trkpt>
      <trkpt lat="45.392693" lon="13.719817">
        <ele>277.6</ele>
      </trkpt>
      <trkpt lat="45.392124" lon="13.72047">
        <ele>276.7</ele>
      </trkpt>
      <trkpt lat="45.39201" lon="13.72062">
        <ele>276.2</ele>
      </trkpt>
      <trkpt lat="45.39193" lon="13.720797">
        <ele>276.2</ele>
      </trkpt>
      <trkpt lat="45.391907" lon="13.720984">
        <ele>276.2</ele>
      </trkpt>
      <trkpt lat="45.391968" lon="13.721352">
        <ele>276.7</ele>
      </trkpt>
      <trkpt lat="45.392803" lon="13.725414">
        <ele>268.7</ele>
      </trkpt>
      <trkpt lat="45.392864" lon="13.725767">
        <ele>268.4</ele>
      </trkpt>
      <trkpt lat="45.392971" lon="13.726236">
        <ele>268.7</ele>
      </trkpt>
      <trkpt lat="45.39299" lon="13.726375">
        <ele>268.6</ele>
      </trkpt>
      <trkpt lat="45.392994" lon="13.726593">
        <ele>268.2</ele>
      </trkpt>
      <trkpt lat="45.392952" lon="13.72681">
        <ele>268.6</ele>
      </trkpt>
      <trkpt lat="45.392372" lon="13.727863">
        <ele>269.4</ele>
      </trkpt>
      <trkpt lat="45.392262" lon="13.728093">
        <ele>270.2</ele>
      </trkpt>
      <trkpt lat="45.39204" lon="13.728635">
        <ele>271.4</ele>
      </trkpt>
      <trkpt lat="45.391689" lon="13.72975">
        <ele>273.2</ele>
      </trkpt>
      <trkpt lat="45.391502" lon="13.730456">
        <ele>274.7</ele>
      </trkpt>
      <trkpt lat="45.391144" lon="13.732607">
        <ele>276.2</ele>
      </trkpt>
      <trkpt lat="45.391102" lon="13.732736">
        <ele>276.4</ele>
      </trkpt>
      <trkpt lat="45.391041" lon="13.732855">
        <ele>276.6</ele>
      </trkpt>
      <trkpt lat="45.390991" lon="13.732923">
        <ele>276.6</ele>
      </trkpt>
      <trkpt lat="45.390831" lon="13.733068">
        <ele>277.4</ele>
      </trkpt>
      <trkpt lat="45.390778" lon="13.733143">
        <ele>277.4</ele>
      </trkpt>
      <trkpt lat="45.390743" lon="13.733238">
        <ele>277.6</ele>
      </trkpt>
      <trkpt lat="45.390709" lon="13.733454">
        <ele>278.0</ele>
      </trkpt>
      <trkpt lat="45.390717" lon="13.733824">
        <ele>277.4</ele>
      </trkpt>
      <trkpt lat="45.390785" lon="13.734034">
        <ele>276.4</ele>
      </trkpt>
      <trkpt lat="45.390827" lon="13.734096">
        <ele>276.0</ele>
      </trkpt>
      <trkpt lat="45.39093" lon="13.734189">
        <ele>275.4</ele>
      </trkpt>
      <trkpt lat="45.391174" lon="13.734325">
        <ele>274.4</ele>
      </trkpt>
      <trkpt lat="45.391228" lon="13.734372">
        <ele>274.2</ele>
      </trkpt>
      <trkpt lat="45.391273" lon="13.734439">
        <ele>274.0</ele>
      </trkpt>
      <trkpt lat="45.391304" lon="13.734528">
        <ele>273.7</ele>
      </trkpt>
      <trkpt lat="45.391312" lon="13.734628">
        <ele>273.4</ele>
      </trkpt>
      <trkpt lat="45.391304" lon="13.734727">
        <ele>273.2</ele>
      </trkpt>
      <trkpt lat="45.391254" lon="13.734921">
        <ele>272.7</ele>
      </trkpt>
      <trkpt lat="45.390789" lon="13.736357">
        <ele>273.7</ele>
      </trkpt>
      <trkpt lat="45.39072" lon="13.736637">
        <ele>273.4</ele>
      </trkpt>
      <trkpt lat="45.390717" lon="13.736928">
        <ele>273.4</ele>
      </trkpt>
      <trkpt lat="45.390812" lon="13.738057">
        <ele>274.2</ele>
      </trkpt>
      <trkpt lat="45.390816" lon="13.73839">
        <ele>274.4</ele>
      </trkpt>
      <trkpt lat="45.390797" lon="13.73853">
        <ele>274.6</ele>
      </trkpt>
      <trkpt lat="45.390503" lon="13.739756">
        <ele>275.0</ele>
      </trkpt>
      <trkpt lat="45.390285" lon="13.740487">
        <ele>276.6</ele>
      </trkpt>
      <trkpt lat="45.390041" lon="13.741405">
        <ele>278.2</ele>
      </trkpt>
      <trkpt lat="45.389935" lon="13.741736">
        <ele>278.2</ele>
      </trkpt>
      <trkpt lat="45.389858" lon="13.742061">
        <ele>279.2</ele>
      </trkpt>
      <trkpt lat="45.389862" lon="13.742448">
        <ele>280.2</ele>
      </trkpt>
      <trkpt lat="45.390072" lon="13.744847">
        <ele>279.0</ele>
      </trkpt>
      <trkpt lat="45.390057" lon="13.745163">
        <ele>278.2</ele>
      </trkpt>
      <trkpt lat="45.38995" lon="13.745584">
        <ele>278.0</ele>
      </trkpt>
      <trkpt lat="45.389915" lon="13.745862">
        <ele>278.2</ele>
      </trkpt>
      <trkpt lat="45.389919" lon="13.74607">
        <ele>278.2</ele>
      </trkpt>
      <trkpt lat="45.390015" lon="13.746674">
        <ele>280.4</ele>
      </trkpt>
      <trkpt lat="45.389999" lon="13.746921">
        <ele>280.6</ele>
      </trkpt>
      <trkpt lat="45.389942" lon="13.747164">
        <ele>281.0</ele>
      </trkpt>
      <trkpt lat="45.3899" lon="13.747273">
        <ele>281.2</ele>
      </trkpt>
      <trkpt lat="45.389839" lon="13.747366">
        <ele>281.4</ele>
      </trkpt>
      <trkpt lat="45.389774" lon="13.747431">
        <ele>281.7</ele>
      </trkpt>
      <trkpt lat="45.389664" lon="13.747498">
        <ele>282.6</ele>
      </trkpt>
      <trkpt lat="45.389427" lon="13.747548">
        <ele>283.7</ele>
      </trkpt>
      <trkpt lat="45.389343" lon="13.747586">
        <ele>284.0</ele>
      </trkpt>
      <trkpt lat="45.389244" lon="13.747703">
        <ele>284.4</ele>
      </trkpt>
      <trkpt lat="45.389198" lon="13.747892">
        <ele>284.7</ele>
      </trkpt>
      <trkpt lat="45.389206" lon="13.748419">
        <ele>285.0</ele>
      </trkpt>
      <trkpt lat="45.389286" lon="13.74933">
        <ele>284.0</ele>
      </trkpt>
      <trkpt lat="45.389309" lon="13.750222">
        <ele>283.7</ele>
      </trkpt>
      <trkpt lat="45.389278" lon="13.750512">
        <ele>284.2</ele>
      </trkpt>
      <trkpt lat="45.38903" lon="13.751761">
        <ele>285.4</ele>
      </trkpt>
      <trkpt lat="45.389019" lon="13.751878">
        <ele>285.7</ele>
      </trkpt>
      <trkpt lat="45.389133" lon="13.752918">
        <ele>282.6</ele>
      </trkpt>
      <trkpt lat="45.389164" lon="13.753809">
        <ele>279.7</ele>
      </trkpt>
      <trkpt lat="45.389156" lon="13.754029">
        <ele>279.2</ele>
      </trkpt>
      <trkpt lat="45.389114" lon="13.754356">
        <ele>278.6</ele>
      </trkpt>
      <trkpt lat="45.389015" lon="13.75488">
        <ele>278.0</ele>
      </trkpt>
      <trkpt lat="45.388927" lon="13.755247">
        <ele>277.7</ele>
      </trkpt>
      <trkpt lat="45.388885" lon="13.755547">
        <ele>279.0</ele>
      </trkpt>
      <trkpt lat="45.388893" lon="13.755849">
        <ele>280.2</ele>
      </trkpt>
      <trkpt lat="45.389011" lon="13.757026">
        <ele>280.2</ele>
      </trkpt>
      <trkpt lat="45.389046" lon="13.757122">
        <ele>279.7</ele>
      </trkpt>
      <trkpt lat="45.389076" lon="13.75715">
        <ele>279.6</ele>
      </trkpt>
      <trkpt lat="45.389114" lon="13.757157">
        <ele>279.4</ele>
      </trkpt>
      <trkpt lat="45.389217" lon="13.757113">
        <ele>278.6</ele>
      </trkpt>
      <trkpt lat="45.389561" lon="13.756884">
        <ele>275.2</ele>
      </trkpt>
      <trkpt lat="45.389645" lon="13.756851">
        <ele>274.6</ele>
      </trkpt>
      <trkpt lat="45.389801" lon="13.756828">
        <ele>273.6</ele>
      </trkpt>
      <trkpt lat="45.390312" lon="13.756838">
        <ele>276.7</ele>
      </trkpt>
      <trkpt lat="45.390858" lon="13.756923">
        <ele>280.7</ele>
      </trkpt>
      <trkpt lat="45.390957" lon="13.756911">
        <ele>281.4</ele>
      </trkpt>
      <trkpt lat="45.391029" lon="13.756864">
        <ele>281.6</ele>
      </trkpt>
      <trkpt lat="45.391293" lon="13.756551">
        <ele>280.7</ele>
      </trkpt>
      <trkpt lat="45.39138" lon="13.756477">
        <ele>280.6</ele>
      </trkpt>
      <trkpt lat="45.391491" lon="13.756429">
        <ele>280.4</ele>
      </trkpt>
      <trkpt lat="45.391815" lon="13.756408">
        <ele>279.4</ele>
      </trkpt>
      <trkpt lat="45.391953" lon="13.756363">
        <ele>280.0</ele>
      </trkpt>
      <trkpt lat="45.392105" lon="13.756206">
        <ele>280.6</ele>
      </trkpt>
      <trkpt lat="45.392242" lon="13.756008">
        <ele>279.6</ele>
      </trkpt>
      <trkpt lat="45.392372" lon="13.755887">
        <ele>278.2</ele>
      </trkpt>
      <trkpt lat="45.392448" lon="13.755852">
        <ele>277.6</ele>
      </trkpt>
      <trkpt lat="45.392532" lon="13.755836">
        <ele>277.0</ele>
      </trkpt>
      <trkpt lat="45.393234" lon="13.755756">
        <ele>274.6</ele>
      </trkpt>
      <trkpt lat="45.393364" lon="13.755761">
        <ele>274.7</ele>
      </trkpt>
      <trkpt lat="45.3941" lon="13.75589">
        <ele>274.7</ele>
      </trkpt>
      <trkpt lat="45.394871" lon="13.756088">
        <ele>275.2</ele>
      </trkpt>
      <trkpt lat="45.3951" lon="13.756207">
        <ele>274.6</ele>
      </trkpt>
      <trkpt lat="45.395199" lon="13.756294">
        <ele>274.6</ele>
      </trkpt>
      <trkpt lat="45.395287" lon="13.7564">
        <ele>274.4</ele>
      </trkpt>
      <trkpt lat="45.395405" lon="13.756643">
        <ele>274.6</ele>
      </trkpt>
      <trkpt lat="45.395584" lon="13.757111">
        <ele>274.7</ele>
      </trkpt>
      <trkpt lat="45.395874" lon="13.757762">
        <ele>275.6</ele>
      </trkpt>
      <trkpt lat="45.395927" lon="13.757936">
        <ele>276.4</ele>
      </trkpt>
      <trkpt lat="45.395985" lon="13.758313">
        <ele>277.6</ele>
      </trkpt>
      <trkpt lat="45.396034" lon="13.758487">
        <ele>278.0</ele>
      </trkpt>
      <trkpt lat="45.396187" lon="13.758871">
        <ele>279.0</ele>
      </trkpt>
      <trkpt lat="45.39642" lon="13.759353">
        <ele>279.6</ele>
      </trkpt>
      <trkpt lat="45.396633" lon="13.760006">
        <ele>282.6</ele>
      </trkpt>
      <trkpt lat="45.396702" lon="13.760394">
        <ele>283.7</ele>
      </trkpt>
      <trkpt lat="45.396805" lon="13.761707">
        <ele>283.7</ele>
      </trkpt>
      <trkpt lat="45.396854" lon="13.7621">
        <ele>284.6</ele>
      </trkpt>
      <trkpt lat="45.396965" lon="13.762602">
        <ele>284.2</ele>
      </trkpt>
      <trkpt lat="45.397114" lon="13.763129">
        <ele>284.0</ele>
      </trkpt>
      <trkpt lat="45.397202" lon="13.763694">
        <ele>285.0</ele>
      </trkpt>
      <trkpt lat="45.397198" lon="13.76383">
        <ele>285.0</ele>
      </trkpt>
      <trkpt lat="45.397167" lon="13.763969">
        <ele>284.7</ele>
      </trkpt>
      <trkpt lat="45.39698" lon="13.764304">
        <ele>283.7</ele>
      </trkpt>
      <trkpt lat="45.396877" lon="13.764581">
        <ele>283.7</ele>
      </trkpt>
      <trkpt lat="45.39682" lon="13.764951">
        <ele>285.7</ele>
      </trkpt>
      <trkpt lat="45.396679" lon="13.765539">
        <ele>288.7</ele>
      </trkpt>
      <trkpt lat="45.396515" lon="13.766495">
        <ele>289.6</ele>
      </trkpt>
      <trkpt lat="45.396492" lon="13.766673">
        <ele>290.0</ele>
      </trkpt>
      <trkpt lat="45.396496" lon="13.76685">
        <ele>290.0</ele>
      </trkpt>
      <trkpt lat="45.396591" lon="13.767283">
        <ele>291.2</ele>
      </trkpt>
      <trkpt lat="45.396599" lon="13.767488">
        <ele>291.6</ele>
      </trkpt>
      <trkpt lat="45.396519" lon="13.767706">
        <ele>292.2</ele>
      </trkpt>
      <trkpt lat="45.396423" lon="13.767821">
        <ele>292.7</ele>
      </trkpt>
      <trkpt lat="45.396343" lon="13.76797">
        <ele>293.0</ele>
      </trkpt>
      <trkpt lat="45.396313" lon="13.768066">
        <ele>293.0</ele>
      </trkpt>
      <trkpt lat="45.39629" lon="13.768332">
        <ele>293.0</ele>
      </trkpt>
      <trkpt lat="45.396294" lon="13.768896">
        <ele>292.4</ele>
      </trkpt>
      <trkpt lat="45.396317" lon="13.769375">
        <ele>292.4</ele>
      </trkpt>
      <trkpt lat="45.396446" lon="13.770164">
        <ele>289.2</ele>
      </trkpt>
      <trkpt lat="45.396454" lon="13.770464">
        <ele>289.2</ele>
      </trkpt>
      <trkpt lat="45.396442" lon="13.770586">
        <ele>289.7</ele>
      </trkpt>
      <trkpt lat="45.3964" lon="13.770728">
        <ele>290.2</ele>
      </trkpt>
      <trkpt lat="45.396141" lon="13.771152">
        <ele>290.6</ele>
      </trkpt>
      <trkpt lat="45.396011" lon="13.77148">
        <ele>291.2</ele>
      </trkpt>
      <trkpt lat="45.395977" lon="13.771636">
        <ele>291.2</ele>
      </trkpt>
      <trkpt lat="45.395969" lon="13.771803">
        <ele>291.0</ele>
      </trkpt>
      <trkpt lat="45.395996" lon="13.772156">
        <ele>290.6</ele>
      </trkpt>
      <trkpt lat="45.396046" lon="13.772322">
        <ele>290.6</ele>
      </trkpt>
      <trkpt lat="45.396126" lon="13.772449">
        <ele>290.6</ele>
      </trkpt>
      <trkpt lat="45.396255" lon="13.772565">
        <ele>290.7</ele>
      </trkpt>
      <trkpt lat="45.39658" lon="13.772809">
        <ele>292.2</ele>
      </trkpt>
      <trkpt lat="45.396778" lon="13.773007">
        <ele>292.7</ele>
      </trkpt>
      <trkpt lat="45.396912" lon="13.773194">
        <ele>292.4</ele>
      </trkpt>
      <trkpt lat="45.397018" lon="13.773399">
        <ele>292.4</ele>
      </trkpt>
      <trkpt lat="45.397202" lon="13.773698">
        <ele>292.7</ele>
      </trkpt>
      <trkpt lat="45.397408" lon="13.773932">
        <ele>292.7</ele>
      </trkpt>
      <trkpt lat="45.397469" lon="13.774051">
        <ele>292.4</ele>
      </trkpt>
      <trkpt lat="45.397598" lon="13.774464">
        <ele>290.6</ele>
      </trkpt>
      <trkpt lat="45.397896" lon="13.775184">
        <ele>287.6</ele>
      </trkpt>
      <trkpt lat="45.398037" lon="13.775623">
        <ele>287.7</ele>
      </trkpt>
      <trkpt lat="45.398117" lon="13.775997">
        <ele>288.2</ele>
      </trkpt>
      <trkpt lat="45.398197" lon="13.776505">
        <ele>289.4</ele>
      </trkpt>
      <trkpt lat="45.398529" lon="13.777778">
        <ele>290.0</ele>
      </trkpt>
      <trkpt lat="45.398598" lon="13.778129">
        <ele>289.4</ele>
      </trkpt>
      <trkpt lat="45.398636" lon="13.778419">
        <ele>288.6</ele>
      </trkpt>
      <trkpt lat="45.398701" lon="13.778714">
        <ele>287.6</ele>
      </trkpt>
      <trkpt lat="45.398846" lon="13.779116">
        <ele>286.0</ele>
      </trkpt>
      <trkpt lat="45.399334" lon="13.780169">
        <ele>283.0</ele>
      </trkpt>
      <trkpt lat="45.399532" lon="13.780731">
        <ele>282.2</ele>
      </trkpt>
      <trkpt lat="45.399723" lon="13.781348">
        <ele>282.0</ele>
      </trkpt>
      <trkpt lat="45.399902" lon="13.782006">
        <ele>281.7</ele>
      </trkpt>
      <trkpt lat="45.400116" lon="13.782632">
        <ele>280.7</ele>
      </trkpt>
      <trkpt lat="45.400234" lon="13.783092">
        <ele>281.0</ele>
      </trkpt>
      <trkpt lat="45.400372" lon="13.783533">
        <ele>281.7</ele>
      </trkpt>
      <trkpt lat="45.400471" lon="13.783939">
        <ele>282.2</ele>
      </trkpt>
      <trkpt lat="45.400581" lon="13.784494">
        <ele>282.0</ele>
      </trkpt>
      <trkpt lat="45.400642" lon="13.784692">
        <ele>282.6</ele>
      </trkpt>
      <trkpt lat="45.400692" lon="13.784787">
        <ele>283.0</ele>
      </trkpt>
      <trkpt lat="45.400757" lon="13.784863">
        <ele>283.6</ele>
      </trkpt>
      <trkpt lat="45.400829" lon="13.784913">
        <ele>284.4</ele>
      </trkpt>
      <trkpt lat="45.400944" lon="13.784945">
        <ele>285.2</ele>
      </trkpt>
      <trkpt lat="45.401104" lon="13.784888">
        <ele>286.0</ele>
      </trkpt>
      <trkpt lat="45.401421" lon="13.78465">
        <ele>287.4</ele>
      </trkpt>
      <trkpt lat="45.401505" lon="13.784618">
        <ele>287.7</ele>
      </trkpt>
      <trkpt lat="45.401585" lon="13.78462">
        <ele>288.0</ele>
      </trkpt>
      <trkpt lat="45.401665" lon="13.784654">
        <ele>288.2</ele>
      </trkpt>
      <trkpt lat="45.402538" lon="13.785172">
        <ele>292.4</ele>
      </trkpt>
      <trkpt lat="45.402988" lon="13.785381">
        <ele>292.2</ele>
      </trkpt>
      <trkpt lat="45.403309" lon="13.785492">
        <ele>292.2</ele>
      </trkpt>
      <trkpt lat="45.403652" lon="13.785574">
        <ele>292.2</ele>
      </trkpt>
      <trkpt lat="45.404285" lon="13.785771">
        <ele>291.6</ele>
      </trkpt>
      <trkpt lat="45.404873" lon="13.785872">
        <ele>291.0</ele>
      </trkpt>
      <trkpt lat="45.405037" lon="13.785917">
        <ele>290.7</ele>
      </trkpt>
      <trkpt lat="45.40514" lon="13.785963">
        <ele>290.4</ele>
      </trkpt>
      <trkpt lat="45.405228" lon="13.786026">
        <ele>290.4</ele>
      </trkpt>
      <trkpt lat="45.405441" lon="13.786241">
        <ele>290.6</ele>
      </trkpt>
      <trkpt lat="45.406025" lon="13.786749">
        <ele>294.4</ele>
      </trkpt>
      <trkpt lat="45.406284" lon="13.786918">
        <ele>296.0</ele>
      </trkpt>
      <trkpt lat="45.406551" lon="13.787066">
        <ele>296.7</ele>
      </trkpt>
      <trkpt lat="45.406853" lon="13.787212">
        <ele>297.4</ele>
      </trkpt>
      <trkpt lat="45.407227" lon="13.787364">
        <ele>299.4</ele>
      </trkpt>
      <trkpt lat="45.407398" lon="13.787471">
        <ele>300.6</ele>
      </trkpt>
      <trkpt lat="45.40749" lon="13.787571">
        <ele>300.7</ele>
      </trkpt>
      <trkpt lat="45.407585" lon="13.787745">
        <ele>300.7</ele>
      </trkpt>
      <trkpt lat="45.407787" lon="13.7883">
        <ele>300.6</ele>
      </trkpt>
      <trkpt lat="45.408012" lon="13.788857">
        <ele>301.0</ele>
      </trkpt>
      <trkpt lat="45.408253" lon="13.789367">
        <ele>301.6</ele>
      </trkpt>
      <trkpt lat="45.408455" lon="13.78969">
        <ele>302.0</ele>
      </trkpt>
      <trkpt lat="45.408833" lon="13.790232">
        <ele>302.0</ele>
      </trkpt>
      <trkpt lat="45.40897" lon="13.790462">
        <ele>301.6</ele>
      </trkpt>
      <trkpt lat="45.409187" lon="13.790859">
        <ele>301.2</ele>
      </trkpt>
      <trkpt lat="45.409435" lon="13.791381">
        <ele>301.7</ele>
      </trkpt>
      <trkpt lat="45.409618" lon="13.79169">
        <ele>302.0</ele>
      </trkpt>
      <trkpt lat="45.409893" lon="13.7921">
        <ele>303.0</ele>
      </trkpt>
      <trkpt lat="45.409908" lon="13.792184">
        <ele>303.7</ele>
      </trkpt>
      <trkpt lat="45.409885" lon="13.792244">
        <ele>304.4</ele>
      </trkpt>
      <trkpt lat="45.409832" lon="13.792281">
        <ele>304.7</ele>
      </trkpt>
      <trkpt lat="45.409561" lon="13.792389">
        <ele>306.2</ele>
      </trkpt>
      <trkpt lat="45.408688" lon="13.792788">
        <ele>311.7</ele>
      </trkpt>
      <trkpt lat="45.408489" lon="13.792829">
        <ele>313.0</ele>
      </trkpt>
      <trkpt lat="45.40823" lon="13.792848">
        <ele>314.6</ele>
      </trkpt>
      <trkpt lat="45.408077" lon="13.792841">
        <ele>316.2</ele>
      </trkpt>
      <trkpt lat="45.407928" lon="13.792863">
        <ele>317.0</ele>
      </trkpt>
      <trkpt lat="45.407768" lon="13.792919">
        <ele>317.4</ele>
      </trkpt>
      <trkpt lat="45.407658" lon="13.792999">
        <ele>317.6</ele>
      </trkpt>
      <trkpt lat="45.40646" lon="13.794113">
        <ele>321.7</ele>
      </trkpt>
      <trkpt lat="45.406151" lon="13.794336">
        <ele>322.4</ele>
      </trkpt>
      <trkpt lat="45.405884" lon="13.794568">
        <ele>323.4</ele>
      </trkpt>
      <trkpt lat="45.405041" lon="13.79559">
        <ele>328.7</ele>
      </trkpt>
      <trkpt lat="45.403732" lon="13.797483">
        <ele>333.0</ele>
      </trkpt>
      <trkpt lat="45.403263" lon="13.797789">
        <ele>332.0</ele>
      </trkpt>
      <trkpt lat="45.403061" lon="13.797887">
        <ele>331.6</ele>
      </trkpt>
      <trkpt lat="45.402885" lon="13.797997">
        <ele>331.2</ele>
      </trkpt>
      <trkpt lat="45.402325" lon="13.798397">
        <ele>330.6</ele>
      </trkpt>
      <trkpt lat="45.402187" lon="13.798555">
        <ele>330.7</ele>
      </trkpt>
      <trkpt lat="45.401653" lon="13.799372">
        <ele>329.0</ele>
      </trkpt>
      <trkpt lat="45.401546" lon="13.799512">
        <ele>329.0</ele>
      </trkpt>
      <trkpt lat="45.400616" lon="13.800515">
        <ele>329.6</ele>
      </trkpt>
      <trkpt lat="45.400402" lon="13.800685">
        <ele>330.0</ele>
      </trkpt>
      <trkpt lat="45.39991" lon="13.800986">
        <ele>330.6</ele>
      </trkpt>
      <trkpt lat="45.398357" lon="13.801872">
        <ele>334.4</ele>
      </trkpt>
      <trkpt lat="45.398117" lon="13.802034">
        <ele>335.7</ele>
      </trkpt>
      <trkpt lat="45.397991" lon="13.802158">
        <ele>337.0</ele>
      </trkpt>
      <trkpt lat="45.397491" lon="13.803182">
        <ele>340.6</ele>
      </trkpt>
      <trkpt lat="45.397327" lon="13.803486">
        <ele>340.2</ele>
      </trkpt>
      <trkpt lat="45.396992" lon="13.804232">
        <ele>339.6</ele>
      </trkpt>
      <trkpt lat="45.396511" lon="13.805182">
        <ele>338.0</ele>
      </trkpt>
      <trkpt lat="45.396046" lon="13.806204">
        <ele>338.0</ele>
      </trkpt>
      <trkpt lat="45.395634" lon="13.806937">
        <ele>338.6</ele>
      </trkpt>
      <trkpt lat="45.395191" lon="13.807993">
        <ele>342.0</ele>
      </trkpt>
      <trkpt lat="45.395031" lon="13.808307">
        <ele>344.2</ele>
      </trkpt>
      <trkpt lat="45.394974" lon="13.808377">
        <ele>344.4</ele>
      </trkpt>
      <trkpt lat="45.394882" lon="13.808599">
        <ele>346.2</ele>
      </trkpt>
      <trkpt lat="45.394775" lon="13.808784">
        <ele>347.7</ele>
      </trkpt>
      <trkpt lat="45.394604" lon="13.809012">
        <ele>348.2</ele>
      </trkpt>
      <trkpt lat="45.394485" lon="13.809127">
        <ele>348.4</ele>
      </trkpt>
      <trkpt lat="45.394382" lon="13.809255">
        <ele>348.6</ele>
      </trkpt>
      <trkpt lat="45.394207" lon="13.809405">
        <ele>349.0</ele>
      </trkpt>
      <trkpt lat="45.394012" lon="13.809502">
        <ele>350.4</ele>
      </trkpt>
      <trkpt lat="45.393398" lon="13.809697">
        <ele>354.0</ele>
      </trkpt>
      <trkpt lat="45.393276" lon="13.809779">
        <ele>354.0</ele>
      </trkpt>
      <trkpt lat="45.393188" lon="13.809884">
        <ele>354.0</ele>
      </trkpt>
      <trkpt lat="45.392933" lon="13.810285">
        <ele>352.0</ele>
      </trkpt>
      <trkpt lat="45.392773" lon="13.810608">
        <ele>350.6</ele>
      </trkpt>
      <trkpt lat="45.392662" lon="13.810886">
        <ele>349.6</ele>
      </trkpt>
      <trkpt lat="45.392319" lon="13.812117">
        <ele>348.2</ele>
      </trkpt>
      <trkpt lat="45.392216" lon="13.812373">
        <ele>347.6</ele>
      </trkpt>
      <trkpt lat="45.390667" lon="13.815633">
        <ele>339.0</ele>
      </trkpt>
      <trkpt lat="45.389053" lon="13.81898">
        <ele>327.4</ele>
      </trkpt>
      <trkpt lat="45.388824" lon="13.819495">
        <ele>327.7</ele>
      </trkpt>
      <trkpt lat="45.388744" lon="13.819604">
        <ele>327.7</ele>
      </trkpt>
      <trkpt lat="45.388088" lon="13.819949">
        <ele>322.4</ele>
      </trkpt>
      <trkpt lat="45.387928" lon="13.819974">
        <ele>321.4</ele>
      </trkpt>
      <trkpt lat="45.387772" lon="13.819952">
        <ele>320.2</ele>
      </trkpt>
      <trkpt lat="45.387638" lon="13.819885">
        <ele>319.7</ele>
      </trkpt>
      <trkpt lat="45.387589" lon="13.819826">
        <ele>319.7</ele>
      </trkpt>
      <trkpt lat="45.387535" lon="13.819694">
        <ele>320.2</ele>
      </trkpt>
      <trkpt lat="45.387444" lon="13.819265">
        <ele>324.4</ele>
      </trkpt>
      <trkpt lat="45.387356" lon="13.819028">
        <ele>326.0</ele>
      </trkpt>
      <trkpt lat="45.387165" lon="13.818733">
        <ele>327.4</ele>
      </trkpt>
      <trkpt lat="45.387035" lon="13.818635">
        <ele>328.7</ele>
      </trkpt>
      <trkpt lat="45.386913" lon="13.818612">
        <ele>330.4</ele>
      </trkpt>
      <trkpt lat="45.386604" lon="13.818608">
        <ele>332.4</ele>
      </trkpt>
      <trkpt lat="45.386471" lon="13.818574">
        <ele>332.7</ele>
      </trkpt>
      <trkpt lat="45.386036" lon="13.818543">
        <ele>335.0</ele>
      </trkpt>
      <trkpt lat="45.3857" lon="13.818448">
        <ele>337.4</ele>
      </trkpt>
      <trkpt lat="45.385166" lon="13.818332">
        <ele>341.2</ele>
      </trkpt>
      <trkpt lat="45.38509" lon="13.818342">
        <ele>341.7</ele>
      </trkpt>
      <trkpt lat="45.384991" lon="13.818388">
        <ele>342.7</ele>
      </trkpt>
      <trkpt lat="45.384899" lon="13.818457">
        <ele>343.7</ele>
      </trkpt>
      <trkpt lat="45.384705" lon="13.818681">
        <ele>346.2</ele>
      </trkpt>
      <trkpt lat="45.384617" lon="13.818694">
        <ele>347.0</ele>
      </trkpt>
      <trkpt lat="45.384567" lon="13.818682">
        <ele>347.2</ele>
      </trkpt>
      <trkpt lat="45.38438" lon="13.818567">
        <ele>349.0</ele>
      </trkpt>
      <trkpt lat="45.383892" lon="13.81811">
        <ele>346.2</ele>
      </trkpt>
      <trkpt lat="45.383755" lon="13.818047">
        <ele>345.4</ele>
      </trkpt>
      <trkpt lat="45.383743" lon="13.817982">
        <ele>344.6</ele>
      </trkpt>
      <trkpt lat="45.383545" lon="13.817821">
        <ele>342.6</ele>
      </trkpt>
      <trkpt lat="45.383396" lon="13.817772">
        <ele>341.7</ele>
      </trkpt>
      <trkpt lat="45.383228" lon="13.817772">
        <ele>341.6</ele>
      </trkpt>
      <trkpt lat="45.383114" lon="13.817812">
        <ele>341.2</ele>
      </trkpt>
      <trkpt lat="45.383007" lon="13.817904">
        <ele>340.7</ele>
      </trkpt>
      <trkpt lat="45.382935" lon="13.81805">
        <ele>340.4</ele>
      </trkpt>
      <trkpt lat="45.382904" lon="13.818228">
        <ele>340.0</ele>
      </trkpt>
      <trkpt lat="45.38282" lon="13.819135">
        <ele>341.4</ele>
      </trkpt>
      <trkpt lat="45.382812" lon="13.81956">
        <ele>341.2</ele>
      </trkpt>
      <trkpt lat="45.382847" lon="13.819785">
        <ele>340.7</ele>
      </trkpt>
      <trkpt lat="45.383018" lon="13.820361">
        <ele>340.6</ele>
      </trkpt>
      <trkpt lat="45.383492" lon="13.821635">
        <ele>338.0</ele>
      </trkpt>
      <trkpt lat="45.383537" lon="13.821898">
        <ele>336.7</ele>
      </trkpt>
      <trkpt lat="45.383514" lon="13.822176">
        <ele>335.4</ele>
      </trkpt>
      <trkpt lat="45.383469" lon="13.822405">
        <ele>334.7</ele>
      </trkpt>
      <trkpt lat="45.383369" lon="13.822651">
        <ele>336.6</ele>
      </trkpt>
      <trkpt lat="45.38319" lon="13.82298">
        <ele>339.4</ele>
      </trkpt>
      <trkpt lat="45.383049" lon="13.823149">
        <ele>342.4</ele>
      </trkpt>
      <trkpt lat="45.382912" lon="13.823224">
        <ele>344.7</ele>
      </trkpt>
      <trkpt lat="45.382519" lon="13.823344">
        <ele>350.0</ele>
      </trkpt>
      <trkpt lat="45.382233" lon="13.823461">
        <ele>354.4</ele>
      </trkpt>
      <trkpt lat="45.382034" lon="13.823455">
        <ele>357.2</ele>
      </trkpt>
      <trkpt lat="45.381676" lon="13.823501">
        <ele>362.2</ele>
      </trkpt>
      <trkpt lat="45.381336" lon="13.82359">
        <ele>367.0</ele>
      </trkpt>
      <trkpt lat="45.381214" lon="13.823604">
        <ele>368.4</ele>
      </trkpt>
      <trkpt lat="45.381172" lon="13.823584">
        <ele>368.6</ele>
      </trkpt>
      <trkpt lat="45.380989" lon="13.82356">
        <ele>367.7</ele>
      </trkpt>
      <trkpt lat="45.380951" lon="13.823511">
        <ele>367.7</ele>
      </trkpt>
      <trkpt lat="45.380936" lon="13.823438">
        <ele>367.6</ele>
      </trkpt>
      <trkpt lat="45.38097" lon="13.823382">
        <ele>367.7</ele>
      </trkpt>
      <trkpt lat="45.380955" lon="13.823357">
        <ele>367.6</ele>
      </trkpt>
      <trkpt lat="45.380913" lon="13.823349">
        <ele>367.6</ele>
      </trkpt>
      <trkpt lat="45.38097" lon="13.823525">
        <ele>367.7</ele>
      </trkpt>
      <trkpt lat="45.381054" lon="13.823503">
        <ele>368.0</ele>
      </trkpt>
      <trkpt lat="45.381077" lon="13.823421">
        <ele>368.0</ele>
      </trkpt>
      <trkpt lat="45.381023" lon="13.823477">
        <ele>368.2</ele>
      </trkpt>
      <trkpt lat="45.380894" lon="13.823511">
        <ele>368.0</ele>
      </trkpt>
      <trkpt lat="45.380745" lon="13.823615">
        <ele>368.0</ele>
      </trkpt>
      <trkpt lat="45.380505" lon="13.823735">
        <ele>367.6</ele>
      </trkpt>
      <trkpt lat="45.38031" lon="13.823822">
        <ele>367.7</ele>
      </trkpt>
      <trkpt lat="45.380199" lon="13.823853">
        <ele>368.0</ele>
      </trkpt>
      <trkpt lat="45.380035" lon="13.823828">
        <ele>368.6</ele>
      </trkpt>
      <trkpt lat="45.379375" lon="13.823567">
        <ele>370.0</ele>
      </trkpt>
      <trkpt lat="45.378841" lon="13.823404">
        <ele>370.0</ele>
      </trkpt>
      <trkpt lat="45.378761" lon="13.823403">
        <ele>370.0</ele>
      </trkpt>
      <trkpt lat="45.378677" lon="13.823423">
        <ele>370.0</ele>
      </trkpt>
      <trkpt lat="45.37841" lon="13.823554">
        <ele>369.6</ele>
      </trkpt>
      <trkpt lat="45.378323" lon="13.823582">
        <ele>369.4</ele>
      </trkpt>
      <trkpt lat="45.378231" lon="13.823596">
        <ele>369.0</ele>
      </trkpt>
      <trkpt lat="45.37812" lon="13.823586">
        <ele>368.6</ele>
      </trkpt>
      <trkpt lat="45.377956" lon="13.823525">
        <ele>368.4</ele>
      </trkpt>
      <trkpt lat="45.377205" lon="13.823172">
        <ele>369.2</ele>
      </trkpt>
      <trkpt lat="45.375561" lon="13.822458">
        <ele>370.7</ele>
      </trkpt>
      <trkpt lat="45.375023" lon="13.822233">
        <ele>371.7</ele>
      </trkpt>
      <trkpt lat="45.374844" lon="13.822198">
        <ele>373.2</ele>
      </trkpt>
      <trkpt lat="45.374653" lon="13.822243">
        <ele>373.6</ele>
      </trkpt>
      <trkpt lat="45.374382" lon="13.822371">
        <ele>374.6</ele>
      </trkpt>
      <trkpt lat="45.374283" lon="13.822434">
        <ele>375.2</ele>
      </trkpt>
      <trkpt lat="45.373974" lon="13.82278">
        <ele>376.6</ele>
      </trkpt>
      <trkpt lat="45.373531" lon="13.823331">
        <ele>379.7</ele>
      </trkpt>
      <trkpt lat="45.373463" lon="13.823387">
        <ele>380.0</ele>
      </trkpt>
      <trkpt lat="45.373436" lon="13.823385">
        <ele>380.2</ele>
      </trkpt>
      <trkpt lat="45.373379" lon="13.82331">
        <ele>380.7</ele>
      </trkpt>
      <trkpt lat="45.37336" lon="13.823187">
        <ele>381.0</ele>
      </trkpt>
      <trkpt lat="45.373436" lon="13.822238">
        <ele>377.6</ele>
      </trkpt>
      <trkpt lat="45.373417" lon="13.822029">
        <ele>376.6</ele>
      </trkpt>
      <trkpt lat="45.373348" lon="13.821709">
        <ele>374.7</ele>
      </trkpt>
      <trkpt lat="45.373287" lon="13.821501">
        <ele>373.7</ele>
      </trkpt>
      <trkpt lat="45.373203" lon="13.821301">
        <ele>373.2</ele>
      </trkpt>
      <trkpt lat="45.373039" lon="13.821006">
        <ele>371.6</ele>
      </trkpt>
      <trkpt lat="45.372849" lon="13.820711">
        <ele>369.2</ele>
      </trkpt>
      <trkpt lat="45.372639" lon="13.82044">
        <ele>366.4</ele>
      </trkpt>
      <trkpt lat="45.372311" lon="13.820099">
        <ele>362.7</ele>
      </trkpt>
      <trkpt lat="45.37204" lon="13.819872">
        <ele>360.0</ele>
      </trkpt>
      <trkpt lat="45.371761" lon="13.819701">
        <ele>358.4</ele>
      </trkpt>
      <trkpt lat="45.371471" lon="13.819585">
        <ele>357.0</ele>
      </trkpt>
      <trkpt lat="45.371193" lon="13.819502">
        <ele>355.6</ele>
      </trkpt>
      <trkpt lat="45.37101" lon="13.819493">
        <ele>355.0</ele>
      </trkpt>
      <trkpt lat="45.370766" lon="13.819518">
        <ele>353.6</ele>
      </trkpt>
      <trkpt lat="45.370594" lon="13.819476">
        <ele>353.0</ele>
      </trkpt>
      <trkpt lat="45.370422" lon="13.819403">
        <ele>352.2</ele>
      </trkpt>
      <trkpt lat="45.370251" lon="13.819304">
        <ele>351.4</ele>
      </trkpt>
      <trkpt lat="45.370171" lon="13.819234">
        <ele>350.7</ele>
      </trkpt>
      <trkpt lat="45.369713" lon="13.81855">
        <ele>346.2</ele>
      </trkpt>
      <trkpt lat="45.369469" lon="13.818124">
        <ele>343.7</ele>
      </trkpt>
      <trkpt lat="45.369411" lon="13.818008">
        <ele>342.7</ele>
      </trkpt>
      <trkpt lat="45.369156" lon="13.817351">
        <ele>339.4</ele>
      </trkpt>
      <trkpt lat="45.369049" lon="13.817146">
        <ele>337.7</ele>
      </trkpt>
      <trkpt lat="45.3689" lon="13.816969">
        <ele>336.6</ele>
      </trkpt>
      <trkpt lat="45.368736" lon="13.816827">
        <ele>335.2</ele>
      </trkpt>
      <trkpt lat="45.368454" lon="13.816647">
        <ele>332.6</ele>
      </trkpt>
      <trkpt lat="45.367775" lon="13.816257">
        <ele>327.2</ele>
      </trkpt>
      <trkpt lat="45.367165" lon="13.815859">
        <ele>322.6</ele>
      </trkpt>
      <trkpt lat="45.367073" lon="13.815811">
        <ele>322.0</ele>
      </trkpt>
      <trkpt lat="45.366974" lon="13.815782">
        <ele>321.4</ele>
      </trkpt>
      <trkpt lat="45.366783" lon="13.815765">
        <ele>319.7</ele>
      </trkpt>
      <trkpt lat="45.366489" lon="13.815815">
        <ele>317.2</ele>
      </trkpt>
      <trkpt lat="45.366199" lon="13.815931">
        <ele>315.0</ele>
      </trkpt>
      <trkpt lat="45.365929" lon="13.816108">
        <ele>312.6</ele>
      </trkpt>
      <trkpt lat="45.365261" lon="13.816648">
        <ele>307.4</ele>
      </trkpt>
      <trkpt lat="45.36504" lon="13.816801">
        <ele>306.4</ele>
      </trkpt>
      <trkpt lat="45.364899" lon="13.816829">
        <ele>305.6</ele>
      </trkpt>
      <trkpt lat="45.364815" lon="13.816825">
        <ele>305.2</ele>
      </trkpt>
      <trkpt lat="45.364738" lon="13.816796">
        <ele>304.7</ele>
      </trkpt>
      <trkpt lat="45.36467" lon="13.816735">
        <ele>304.2</ele>
      </trkpt>
      <trkpt lat="45.364609" lon="13.816646">
        <ele>303.6</ele>
      </trkpt>
      <trkpt lat="45.364544" lon="13.816427">
        <ele>302.4</ele>
      </trkpt>
      <trkpt lat="45.364376" lon="13.815351">
        <ele>296.7</ele>
      </trkpt>
      <trkpt lat="45.364132" lon="13.814471">
        <ele>293.2</ele>
      </trkpt>
      <trkpt lat="45.364105" lon="13.814236">
        <ele>292.0</ele>
      </trkpt>
      <trkpt lat="45.36414" lon="13.814016">
        <ele>290.6</ele>
      </trkpt>
      <trkpt lat="45.364136" lon="13.813943">
        <ele>290.2</ele>
      </trkpt>
      <trkpt lat="45.364105" lon="13.813891">
        <ele>289.4</ele>
      </trkpt>
      <trkpt lat="45.364071" lon="13.813894">
        <ele>289.2</ele>
      </trkpt>
      <trkpt lat="45.364037" lon="13.813922">
        <ele>288.7</ele>
      </trkpt>
      <trkpt lat="45.36396" lon="13.814069">
        <ele>287.6</ele>
      </trkpt>
      <trkpt lat="45.363907" lon="13.814425">
        <ele>284.7</ele>
      </trkpt>
      <trkpt lat="45.363918" lon="13.814631">
        <ele>283.6</ele>
      </trkpt>
      <trkpt lat="45.364059" lon="13.815244">
        <ele>279.7</ele>
      </trkpt>
      <trkpt lat="45.364151" lon="13.815854">
        <ele>277.4</ele>
      </trkpt>
      <trkpt lat="45.364151" lon="13.81603">
        <ele>276.7</ele>
      </trkpt>
      <trkpt lat="45.364113" lon="13.816421">
        <ele>274.6</ele>
      </trkpt>
      <trkpt lat="45.363953" lon="13.817412">
        <ele>269.6</ele>
      </trkpt>
      <trkpt lat="45.363926" lon="13.817708">
        <ele>268.4</ele>
      </trkpt>
      <trkpt lat="45.363949" lon="13.818043">
        <ele>266.7</ele>
      </trkpt>
      <trkpt lat="45.364079" lon="13.818384">
        <ele>265.0</ele>
      </trkpt>
      <trkpt lat="45.364243" lon="13.818619">
        <ele>262.7</ele>
      </trkpt>
      <trkpt lat="45.364429" lon="13.818786">
        <ele>261.4</ele>
      </trkpt>
      <trkpt lat="45.364559" lon="13.818857">
        <ele>260.4</ele>
      </trkpt>
      <trkpt lat="45.3647" lon="13.818868">
        <ele>259.4</ele>
      </trkpt>
      <trkpt lat="45.364845" lon="13.818795">
        <ele>258.4</ele>
      </trkpt>
      <trkpt lat="45.365204" lon="13.818494">
        <ele>256.0</ele>
      </trkpt>
      <trkpt lat="45.365406" lon="13.81829">
        <ele>254.2</ele>
      </trkpt>
      <trkpt lat="45.365704" lon="13.818045">
        <ele>252.4</ele>
      </trkpt>
      <trkpt lat="45.365898" lon="13.817835">
        <ele>251.4</ele>
      </trkpt>
      <trkpt lat="45.365971" lon="13.81782">
        <ele>251.0</ele>
      </trkpt>
      <trkpt lat="45.365993" lon="13.817856">
        <ele>250.7</ele>
      </trkpt>
      <trkpt lat="45.365959" lon="13.817954">
        <ele>250.2</ele>
      </trkpt>
      <trkpt lat="45.365696" lon="13.818254">
        <ele>246.6</ele>
      </trkpt>
      <trkpt lat="45.365379" lon="13.81867">
        <ele>242.7</ele>
      </trkpt>
      <trkpt lat="45.365086" lon="13.819172">
        <ele>238.4</ele>
      </trkpt>
      <trkpt lat="45.364891" lon="13.819464">
        <ele>235.7</ele>
      </trkpt>
      <trkpt lat="45.364754" lon="13.819617">
        <ele>234.2</ele>
      </trkpt>
      <trkpt lat="45.364468" lon="13.81974">
        <ele>231.7</ele>
      </trkpt>
      <trkpt lat="45.364101" lon="13.81981">
        <ele>228.0</ele>
      </trkpt>
      <trkpt lat="45.363914" lon="13.819822">
        <ele>226.2</ele>
      </trkpt>
      <trkpt lat="45.363693" lon="13.819753">
        <ele>223.7</ele>
      </trkpt>
      <trkpt lat="45.363419" lon="13.81964">
        <ele>221.7</ele>
      </trkpt>
      <trkpt lat="45.363373" lon="13.819654">
        <ele>221.6</ele>
      </trkpt>
      <trkpt lat="45.363361" lon="13.819689">
        <ele>221.4</ele>
      </trkpt>
      <trkpt lat="45.363373" lon="13.819796">
        <ele>220.7</ele>
      </trkpt>
      <trkpt lat="45.363422" lon="13.819847">
        <ele>220.4</ele>
      </trkpt>
      <trkpt lat="45.363579" lon="13.819916">
        <ele>219.0</ele>
      </trkpt>
      <trkpt lat="45.364231" lon="13.820265">
        <ele>214.2</ele>
      </trkpt>
      <trkpt lat="45.364449" lon="13.820351">
        <ele>212.2</ele>
      </trkpt>
      <trkpt lat="45.364521" lon="13.820366">
        <ele>211.6</ele>
      </trkpt>
      <trkpt lat="45.364666" lon="13.820365">
        <ele>210.4</ele>
      </trkpt>
      <trkpt lat="45.364838" lon="13.820304">
        <ele>209.0</ele>
      </trkpt>
      <trkpt lat="45.365047" lon="13.820165">
        <ele>207.2</ele>
      </trkpt>
      <trkpt lat="45.365265" lon="13.819985">
        <ele>205.4</ele>
      </trkpt>
      <trkpt lat="45.365837" lon="13.819415">
        <ele>200.7</ele>
      </trkpt>
      <trkpt lat="45.365955" lon="13.819273">
        <ele>200.0</ele>
      </trkpt>
      <trkpt lat="45.365993" lon="13.819262">
        <ele>199.7</ele>
      </trkpt>
      <trkpt lat="45.366058" lon="13.819287">
        <ele>199.6</ele>
      </trkpt>
      <trkpt lat="45.366074" lon="13.819316">
        <ele>199.3</ele>
      </trkpt>
      <trkpt lat="45.366062" lon="13.819362">
        <ele>199.0</ele>
      </trkpt>
      <trkpt lat="45.366013" lon="13.819464">
        <ele>198.0</ele>
      </trkpt>
      <trkpt lat="45.365917" lon="13.819571">
        <ele>196.6</ele>
      </trkpt>
      <trkpt lat="45.365738" lon="13.819859">
        <ele>193.6</ele>
      </trkpt>
      <trkpt lat="45.364925" lon="13.820892">
        <ele>186.3</ele>
      </trkpt>
      <trkpt lat="45.364716" lon="13.821087">
        <ele>184.3</ele>
      </trkpt>
      <trkpt lat="45.36451" lon="13.821169">
        <ele>182.7</ele>
      </trkpt>
      <trkpt lat="45.364334" lon="13.821225">
        <ele>181.7</ele>
      </trkpt>
      <trkpt lat="45.364182" lon="13.821227">
        <ele>180.6</ele>
      </trkpt>
      <trkpt lat="45.363922" lon="13.821265">
        <ele>178.2</ele>
      </trkpt>
      <trkpt lat="45.362904" lon="13.821252">
        <ele>170.0</ele>
      </trkpt>
      <trkpt lat="45.362434" lon="13.821281">
        <ele>166.3</ele>
      </trkpt>
      <trkpt lat="45.361385" lon="13.821422">
        <ele>159.0</ele>
      </trkpt>
      <trkpt lat="45.36105" lon="13.821413">
        <ele>158.3</ele>
      </trkpt>
      <trkpt lat="45.360775" lon="13.821334">
        <ele>157.3</ele>
      </trkpt>
      <trkpt lat="45.360722" lon="13.821378">
        <ele>157.0</ele>
      </trkpt>
      <trkpt lat="45.36071" lon="13.821455">
        <ele>156.7</ele>
      </trkpt>
      <trkpt lat="45.360741" lon="13.821504">
        <ele>156.7</ele>
      </trkpt>
      <trkpt lat="45.361073" lon="13.821671">
        <ele>154.6</ele>
      </trkpt>
      <trkpt lat="45.361294" lon="13.821733">
        <ele>153.0</ele>
      </trkpt>
      <trkpt lat="45.361412" lon="13.82175">
        <ele>152.0</ele>
      </trkpt>
      <trkpt lat="45.361835" lon="13.821878">
        <ele>149.2</ele>
      </trkpt>
      <trkpt lat="45.36216" lon="13.821954">
        <ele>146.6</ele>
      </trkpt>
      <trkpt lat="45.362389" lon="13.821985">
        <ele>144.7</ele>
      </trkpt>
      <trkpt lat="45.36256" lon="13.822032">
        <ele>143.7</ele>
      </trkpt>
      <trkpt lat="45.363041" lon="13.822202">
        <ele>140.0</ele>
      </trkpt>
      <trkpt lat="45.363262" lon="13.822317">
        <ele>138.2</ele>
      </trkpt>
      <trkpt lat="45.363693" lon="13.822504">
        <ele>134.3</ele>
      </trkpt>
      <trkpt lat="45.363995" lon="13.822583">
        <ele>132.2</ele>
      </trkpt>
      <trkpt lat="45.364223" lon="13.822568">
        <ele>130.3</ele>
      </trkpt>
      <trkpt lat="45.364326" lon="13.822588">
        <ele>130.2</ele>
      </trkpt>
      <trkpt lat="45.364361" lon="13.822606">
        <ele>130.0</ele>
      </trkpt>
      <trkpt lat="45.364368" lon="13.822639">
        <ele>129.7</ele>
      </trkpt>
      <trkpt lat="45.364338" lon="13.82268">
        <ele>129.2</ele>
      </trkpt>
      <trkpt lat="45.364262" lon="13.822715">
        <ele>128.3</ele>
      </trkpt>
      <trkpt lat="45.364079" lon="13.822746">
        <ele>126.0</ele>
      </trkpt>
      <trkpt lat="45.364006" lon="13.82274">
        <ele>125.2</ele>
      </trkpt>
      <trkpt lat="45.363552" lon="13.822783">
        <ele>121.3</ele>
      </trkpt>
      <trkpt lat="45.36335" lon="13.822778">
        <ele>119.7</ele>
      </trkpt>
      <trkpt lat="45.36314" lon="13.822824">
        <ele>118.2</ele>
      </trkpt>
      <trkpt lat="45.362869" lon="13.822841">
        <ele>116.0</ele>
      </trkpt>
      <trkpt lat="45.362503" lon="13.822926">
        <ele>113.0</ele>
      </trkpt>
      <trkpt lat="45.362217" lon="13.822973">
        <ele>111.0</ele>
      </trkpt>
      <trkpt lat="45.362076" lon="13.823052">
        <ele>110.0</ele>
      </trkpt>
      <trkpt lat="45.361835" lon="13.823122">
        <ele>108.2</ele>
      </trkpt>
      <trkpt lat="45.361519" lon="13.823181">
        <ele>105.3</ele>
      </trkpt>
      <trkpt lat="45.361393" lon="13.82322">
        <ele>104.0</ele>
      </trkpt>
      <trkpt lat="45.360313" lon="13.823585">
        <ele>95.0</ele>
      </trkpt>
      <trkpt lat="45.359356" lon="13.823935">
        <ele>88.0</ele>
      </trkpt>
      <trkpt lat="45.358871" lon="13.824026">
        <ele>84.0</ele>
      </trkpt>
      <trkpt lat="45.358536" lon="13.824115">
        <ele>81.3</ele>
      </trkpt>
      <trkpt lat="45.358341" lon="13.824141">
        <ele>80.2</ele>
      </trkpt>
      <trkpt lat="45.358131" lon="13.824148">
        <ele>79.0</ele>
      </trkpt>
      <trkpt lat="45.357563" lon="13.823984">
        <ele>75.2</ele>
      </trkpt>
      <trkpt lat="45.357513" lon="13.823985">
        <ele>75.0</ele>
      </trkpt>
      <trkpt lat="45.357468" lon="13.824015">
        <ele>74.7</ele>
      </trkpt>
      <trkpt lat="45.357441" lon="13.824064">
        <ele>74.6</ele>
      </trkpt>
      <trkpt lat="45.357445" lon="13.824124">
        <ele>74.6</ele>
      </trkpt>
      <trkpt lat="45.357502" lon="13.824221">
        <ele>74.3</ele>
      </trkpt>
      <trkpt lat="45.357998" lon="13.824573">
        <ele>70.2</ele>
      </trkpt>
      <trkpt lat="45.358284" lon="13.824721">
        <ele>67.3</ele>
      </trkpt>
      <trkpt lat="45.358528" lon="13.82482">
        <ele>65.2</ele>
      </trkpt>
      <trkpt lat="45.358734" lon="13.824884">
        <ele>63.7</ele>
      </trkpt>
      <trkpt lat="45.359165" lon="13.824959">
        <ele>60.0</ele>
      </trkpt>
      <trkpt lat="45.359287" lon="13.825015">
        <ele>58.7</ele>
      </trkpt>
      <trkpt lat="45.359329" lon="13.82506">
        <ele>58.2</ele>
      </trkpt>
      <trkpt lat="45.359356" lon="13.825122">
        <ele>57.6</ele>
      </trkpt>
      <trkpt lat="45.359459" lon="13.826093">
        <ele>51.9</ele>
      </trkpt>
      <trkpt lat="45.359455" lon="13.826221">
        <ele>51.5</ele>
      </trkpt>
      <trkpt lat="45.359428" lon="13.826337">
        <ele>51.1</ele>
      </trkpt>
      <trkpt lat="45.359249" lon="13.826649">
        <ele>49.6</ele>
      </trkpt>
      <trkpt lat="45.357834" lon="13.828666">
        <ele>36.2</ele>
      </trkpt>
      <trkpt lat="45.357784" lon="13.828723">
        <ele>35.7</ele>
      </trkpt>
      <trkpt lat="45.357723" lon="13.828761">
        <ele>35.6</ele>
      </trkpt>
      <trkpt lat="45.357605" lon="13.828795">
        <ele>35.2</ele>
      </trkpt>
      <trkpt lat="45.357353" lon="13.828815">
        <ele>34.6</ele>
      </trkpt>
      <trkpt lat="45.356091" lon="13.828837">
        <ele>29.3</ele>
      </trkpt>
      <trkpt lat="45.3559" lon="13.828821">
        <ele>28.6</ele>
      </trkpt>
      <trkpt lat="45.355484" lon="13.828823">
        <ele>27.2</ele>
      </trkpt>
      <trkpt lat="45.355404" lon="13.828848">
        <ele>24.7</ele>
      </trkpt>
      <trkpt lat="45.3554" lon="13.828894">
        <ele>24.7</ele>
      </trkpt>
      <trkpt lat="45.355431" lon="13.828905">
        <ele>24.7</ele>
      </trkpt>
      <trkpt lat="45.355453" lon="13.828885">
        <ele>24.7</ele>
      </trkpt>
      <trkpt lat="45.35545" lon="13.828861">
        <ele>25.0</ele>
      </trkpt>
      <trkpt lat="45.355412" lon="13.828833">
        <ele>24.7</ele>
      </trkpt>
      <trkpt lat="45.355145" lon="13.828858">
        <ele>24.2</ele>
      </trkpt>
      <trkpt lat="45.35503" lon="13.828853">
        <ele>23.7</ele>
      </trkpt>
      <trkpt lat="45.354881" lon="13.828813">
        <ele>23.7</ele>
      </trkpt>
      <trkpt lat="45.354744" lon="13.828872">
        <ele>23.6</ele>
      </trkpt>
      <trkpt lat="45.354546" lon="13.828882">
        <ele>23.2</ele>
      </trkpt>
      <trkpt lat="45.351875" lon="13.828964">
        <ele>22.3</ele>
      </trkpt>
      <trkpt lat="45.350803" lon="13.828971">
        <ele>22.3</ele>
      </trkpt>
      <trkpt lat="45.349976" lon="13.828999">
        <ele>22.2</ele>
      </trkpt>
      <trkpt lat="45.349522" lon="13.829043">
        <ele>22.2</ele>
      </trkpt>
      <trkpt lat="45.349079" lon="13.829061">
        <ele>22.0</ele>
      </trkpt>
      <trkpt lat="45.348198" lon="13.829067">
        <ele>21.2</ele>
      </trkpt>
      <trkpt lat="45.347275" lon="13.82912">
        <ele>20.6</ele>
      </trkpt>
      <trkpt lat="45.346951" lon="13.829108">
        <ele>20.2</ele>
      </trkpt>
      <trkpt lat="45.346813" lon="13.82915">
        <ele>20.2</ele>
      </trkpt>
      <trkpt lat="45.346535" lon="13.829289">
        <ele>21.0</ele>
      </trkpt>
      <trkpt lat="45.346031" lon="13.829509">
        <ele>22.3</ele>
      </trkpt>
      <trkpt lat="45.345848" lon="13.829633">
        <ele>23.2</ele>
      </trkpt>
      <trkpt lat="45.345764" lon="13.829746">
        <ele>23.7</ele>
      </trkpt>
      <trkpt lat="45.345722" lon="13.82984">
        <ele>24.2</ele>
      </trkpt>
      <trkpt lat="45.34565" lon="13.830098">
        <ele>25.0</ele>
      </trkpt>
      <trkpt lat="45.345608" lon="13.830379">
        <ele>26.0</ele>
      </trkpt>
      <trkpt lat="45.345539" lon="13.830592">
        <ele>26.6</ele>
      </trkpt>
      <trkpt lat="45.345482" lon="13.830672">
        <ele>26.7</ele>
      </trkpt>
      <trkpt lat="45.345448" lon="13.830684">
        <ele>27.2</ele>
      </trkpt>
      <trkpt lat="45.345398" lon="13.830636">
        <ele>27.7</ele>
      </trkpt>
      <trkpt lat="45.345383" lon="13.830571">
        <ele>28.6</ele>
      </trkpt>
      <trkpt lat="45.345387" lon="13.830472">
        <ele>29.3</ele>
      </trkpt>
      <trkpt lat="45.34544" lon="13.830241">
        <ele>30.7</ele>
      </trkpt>
      <trkpt lat="45.345406" lon="13.830075">
        <ele>31.6</ele>
      </trkpt>
      <trkpt lat="45.345242" lon="13.829845">
        <ele>33.2</ele>
      </trkpt>
      <trkpt lat="45.345089" lon="13.829693">
        <ele>34.7</ele>
      </trkpt>
      <trkpt lat="45.345016" lon="13.829681">
        <ele>35.2</ele>
      </trkpt>
      <trkpt lat="45.344971" lon="13.8297">
        <ele>35.3</ele>
      </trkpt>
      <trkpt lat="45.344933" lon="13.829736">
        <ele>35.7</ele>
      </trkpt>
      <trkpt lat="45.344891" lon="13.829853">
        <ele>36.2</ele>
      </trkpt>
      <trkpt lat="45.344902" lon="13.829983">
        <ele>37.0</ele>
      </trkpt>
      <trkpt lat="45.345013" lon="13.830155">
        <ele>38.2</ele>
      </trkpt>
      <trkpt lat="45.345043" lon="13.830249">
        <ele>38.6</ele>
      </trkpt>
      <trkpt lat="45.345039" lon="13.830308">
        <ele>39.0</ele>
      </trkpt>
      <trkpt lat="45.345013" lon="13.830349">
        <ele>39.3</ele>
      </trkpt>
      <trkpt lat="45.344959" lon="13.830365">
        <ele>40.2</ele>
      </trkpt>
      <trkpt lat="45.34491" lon="13.83035">
        <ele>41.0</ele>
      </trkpt>
      <trkpt lat="45.344833" lon="13.83029">
        <ele>41.7</ele>
      </trkpt>
      <trkpt lat="45.344719" lon="13.830158">
        <ele>43.6</ele>
      </trkpt>
      <trkpt lat="45.344616" lon="13.83008">
        <ele>44.3</ele>
      </trkpt>
      <trkpt lat="45.344296" lon="13.829957">
        <ele>47.2</ele>
      </trkpt>
      <trkpt lat="45.344135" lon="13.829931">
        <ele>48.6</ele>
      </trkpt>
      <trkpt lat="45.343678" lon="13.829755">
        <ele>52.7</ele>
      </trkpt>
      <trkpt lat="45.343609" lon="13.829746">
        <ele>53.3</ele>
      </trkpt>
      <trkpt lat="45.34325" lon="13.829775">
        <ele>56.7</ele>
      </trkpt>
      <trkpt lat="45.343075" lon="13.829742">
        <ele>58.0</ele>
      </trkpt>
      <trkpt lat="45.342953" lon="13.829669">
        <ele>59.0</ele>
      </trkpt>
      <trkpt lat="45.342834" lon="13.829535">
        <ele>60.3</ele>
      </trkpt>
      <trkpt lat="45.342705" lon="13.829352">
        <ele>62.0</ele>
      </trkpt>
      <trkpt lat="45.342613" lon="13.829281">
        <ele>62.7</ele>
      </trkpt>
      <trkpt lat="45.342335" lon="13.82918">
        <ele>65.0</ele>
      </trkpt>
      <trkpt lat="45.342106" lon="13.829042">
        <ele>67.0</ele>
      </trkpt>
      <trkpt lat="45.342018" lon="13.829023">
        <ele>67.6</ele>
      </trkpt>
      <trkpt lat="45.341938" lon="13.829055">
        <ele>68.3</ele>
      </trkpt>
      <trkpt lat="45.341904" lon="13.829051">
        <ele>69.3</ele>
      </trkpt>
      <trkpt lat="45.341915" lon="13.829128">
        <ele>69.6</ele>
      </trkpt>
      <trkpt lat="45.3419" lon="13.829246">
        <ele>69.7</ele>
      </trkpt>
      <trkpt lat="45.341915" lon="13.829304">
        <ele>70.0</ele>
      </trkpt>
      <trkpt lat="45.342014" lon="13.829477">
        <ele>70.7</ele>
      </trkpt>
      <trkpt lat="45.342434" lon="13.830007">
        <ele>74.6</ele>
      </trkpt>
      <trkpt lat="45.342533" lon="13.830162">
        <ele>75.3</ele>
      </trkpt>
      <trkpt lat="45.34256" lon="13.830225">
        <ele>75.6</ele>
      </trkpt>
      <trkpt lat="45.342575" lon="13.830332">
        <ele>76.0</ele>
      </trkpt>
      <trkpt lat="45.342556" lon="13.83039">
        <ele>76.3</ele>
      </trkpt>
      <trkpt lat="45.342495" lon="13.830415">
        <ele>77.2</ele>
      </trkpt>
      <trkpt lat="45.342354" lon="13.830282">
        <ele>78.6</ele>
      </trkpt>
      <trkpt lat="45.342159" lon="13.830041">
        <ele>80.2</ele>
      </trkpt>
      <trkpt lat="45.341827" lon="13.829806">
        <ele>82.6</ele>
      </trkpt>
      <trkpt lat="45.341499" lon="13.829533">
        <ele>85.7</ele>
      </trkpt>
      <trkpt lat="45.341049" lon="13.829013">
        <ele>91.0</ele>
      </trkpt>
      <trkpt lat="45.340919" lon="13.828835">
        <ele>92.2</ele>
      </trkpt>
      <trkpt lat="45.340736" lon="13.82863">
        <ele>94.0</ele>
      </trkpt>
      <trkpt lat="45.340588" lon="13.828424">
        <ele>95.3</ele>
      </trkpt>
      <trkpt lat="45.340389" lon="13.828084">
        <ele>97.7</ele>
      </trkpt>
      <trkpt lat="45.340164" lon="13.827571">
        <ele>101.3</ele>
      </trkpt>
      <trkpt lat="45.339977" lon="13.82703">
        <ele>104.2</ele>
      </trkpt>
      <trkpt lat="45.339825" lon="13.826521">
        <ele>107.7</ele>
      </trkpt>
      <trkpt lat="45.339706" lon="13.826244">
        <ele>109.6</ele>
      </trkpt>
      <trkpt lat="45.3396" lon="13.826068">
        <ele>110.6</ele>
      </trkpt>
      <trkpt lat="45.339176" lon="13.825465">
        <ele>115.0</ele>
      </trkpt>
      <trkpt lat="45.338989" lon="13.825134">
        <ele>117.6</ele>
      </trkpt>
      <trkpt lat="45.338863" lon="13.824944">
        <ele>118.6</ele>
      </trkpt>
      <trkpt lat="45.338795" lon="13.824856">
        <ele>119.3</ele>
      </trkpt>
      <trkpt lat="45.338699" lon="13.824773">
        <ele>120.3</ele>
      </trkpt>
      <trkpt lat="45.338467" lon="13.824621">
        <ele>122.3</ele>
      </trkpt>
      <trkpt lat="45.338337" lon="13.824555">
        <ele>123.3</ele>
      </trkpt>
      <trkpt lat="45.338177" lon="13.824483">
        <ele>124.6</ele>
      </trkpt>
      <trkpt lat="45.338043" lon="13.824445">
        <ele>125.7</ele>
      </trkpt>
      <trkpt lat="45.337917" lon="13.824453">
        <ele>126.7</ele>
      </trkpt>
      <trkpt lat="45.337856" lon="13.824473">
        <ele>127.6</ele>
      </trkpt>
      <trkpt lat="45.337711" lon="13.824557">
        <ele>129.0</ele>
      </trkpt>
      <trkpt lat="45.337521" lon="13.824695">
        <ele>130.7</ele>
      </trkpt>
      <trkpt lat="45.337337" lon="13.824775">
        <ele>132.3</ele>
      </trkpt>
      <trkpt lat="45.337139" lon="13.824813">
        <ele>133.7</ele>
      </trkpt>
      <trkpt lat="45.336868" lon="13.824824">
        <ele>136.7</ele>
      </trkpt>
      <trkpt lat="45.336624" lon="13.824815">
        <ele>138.6</ele>
      </trkpt>
      <trkpt lat="45.336025" lon="13.824664">
        <ele>143.7</ele>
      </trkpt>
      <trkpt lat="45.335972" lon="13.824629">
        <ele>144.2</ele>
      </trkpt>
      <trkpt lat="45.335823" lon="13.824595">
        <ele>145.7</ele>
      </trkpt>
      <trkpt lat="45.335526" lon="13.824586">
        <ele>148.3</ele>
      </trkpt>
      <trkpt lat="45.335442" lon="13.824569">
        <ele>149.3</ele>
      </trkpt>
      <trkpt lat="45.335396" lon="13.82461">
        <ele>150.6</ele>
      </trkpt>
      <trkpt lat="45.335278" lon="13.824574">
        <ele>150.7</ele>
      </trkpt>
      <trkpt lat="45.335075" lon="13.824545">
        <ele>152.0</ele>
      </trkpt>
      <trkpt lat="45.334892" lon="13.824557">
        <ele>153.2</ele>
      </trkpt>
      <trkpt lat="45.334705" lon="13.824622">
        <ele>154.7</ele>
      </trkpt>
      <trkpt lat="45.334564" lon="13.824748">
        <ele>156.0</ele>
      </trkpt>
      <trkpt lat="45.334446" lon="13.824914">
        <ele>157.0</ele>
      </trkpt>
      <trkpt lat="45.334423" lon="13.825037">
        <ele>157.7</ele>
      </trkpt>
      <trkpt lat="45.334427" lon="13.825175">
        <ele>158.6</ele>
      </trkpt>
      <trkpt lat="45.334366" lon="13.8252">
        <ele>159.0</ele>
      </trkpt>
      <trkpt lat="45.334339" lon="13.825237">
        <ele>159.0</ele>
      </trkpt>
      <trkpt lat="45.334339" lon="13.825258">
        <ele>159.2</ele>
      </trkpt>
      <trkpt lat="45.334435" lon="13.825217">
        <ele>159.7</ele>
      </trkpt>
      <trkpt lat="45.334476" lon="13.825263">
        <ele>159.7</ele>
      </trkpt>
      <trkpt lat="45.334488" lon="13.825362">
        <ele>160.2</ele>
      </trkpt>
      <trkpt lat="45.334431" lon="13.825495">
        <ele>160.7</ele>
      </trkpt>
      <trkpt lat="45.33437" lon="13.82554">
        <ele>161.6</ele>
      </trkpt>
      <trkpt lat="45.334232" lon="13.825593">
        <ele>162.7</ele>
      </trkpt>
      <trkpt lat="45.333935" lon="13.825673">
        <ele>165.0</ele>
      </trkpt>
      <trkpt lat="45.333744" lon="13.825748">
        <ele>166.7</ele>
      </trkpt>
      <trkpt lat="45.333637" lon="13.825867">
        <ele>167.7</ele>
      </trkpt>
      <trkpt lat="45.333504" lon="13.826077">
        <ele>169.0</ele>
      </trkpt>
      <trkpt lat="45.333435" lon="13.826302">
        <ele>170.3</ele>
      </trkpt>
      <trkpt lat="45.333385" lon="13.826812">
        <ele>172.6</ele>
      </trkpt>
      <trkpt lat="45.333416" lon="13.827038">
        <ele>173.6</ele>
      </trkpt>
      <trkpt lat="45.333557" lon="13.827424">
        <ele>175.3</ele>
      </trkpt>
      <trkpt lat="45.333858" lon="13.828123">
        <ele>178.6</ele>
      </trkpt>
      <trkpt lat="45.333954" lon="13.828406">
        <ele>180.0</ele>
      </trkpt>
      <trkpt lat="45.334003" lon="13.828463">
        <ele>180.3</ele>
      </trkpt>
      <trkpt lat="45.334049" lon="13.828449">
        <ele>181.0</ele>
      </trkpt>
      <trkpt lat="45.334072" lon="13.828421">
        <ele>181.0</ele>
      </trkpt>
      <trkpt lat="45.334072" lon="13.828255">
        <ele>181.2</ele>
      </trkpt>
      <trkpt lat="45.333935" lon="13.827776">
        <ele>183.3</ele>
      </trkpt>
      <trkpt lat="45.333771" lon="13.827052">
        <ele>186.7</ele>
      </trkpt>
      <trkpt lat="45.333755" lon="13.826948">
        <ele>187.6</ele>
      </trkpt>
      <trkpt lat="45.333775" lon="13.826859">
        <ele>188.2</ele>
      </trkpt>
      <trkpt lat="45.333767" lon="13.82682">
        <ele>188.6</ele>
      </trkpt>
      <trkpt lat="45.333748" lon="13.826828">
        <ele>188.7</ele>
      </trkpt>
      <trkpt lat="45.333828" lon="13.826907">
        <ele>189.0</ele>
      </trkpt>
      <trkpt lat="45.333862" lon="13.826965">
        <ele>188.7</ele>
      </trkpt>
      <trkpt lat="45.3339" lon="13.827132">
        <ele>189.0</ele>
      </trkpt>
      <trkpt lat="45.334049" lon="13.827571">
        <ele>191.0</ele>
      </trkpt>
      <trkpt lat="45.334274" lon="13.828154">
        <ele>194.6</ele>
      </trkpt>
      <trkpt lat="45.334656" lon="13.828934">
        <ele>198.6</ele>
      </trkpt>
      <trkpt lat="45.334812" lon="13.829206">
        <ele>200.2</ele>
      </trkpt>
      <trkpt lat="45.334995" lon="13.829607">
        <ele>202.7</ele>
      </trkpt>
      <trkpt lat="45.335255" lon="13.830069">
        <ele>206.0</ele>
      </trkpt>
      <trkpt lat="45.335449" lon="13.830272">
        <ele>207.7</ele>
      </trkpt>
      <trkpt lat="45.33556" lon="13.830335">
        <ele>208.4</ele>
      </trkpt>
      <trkpt lat="45.335674" lon="13.830365">
        <ele>209.7</ele>
      </trkpt>
      <trkpt lat="45.335793" lon="13.830368">
        <ele>210.7</ele>
      </trkpt>
      <trkpt lat="45.335987" lon="13.830345">
        <ele>212.4</ele>
      </trkpt>
      <trkpt lat="45.336243" lon="13.83026">
        <ele>214.0</ele>
      </trkpt>
      <trkpt lat="45.336521" lon="13.830218">
        <ele>216.0</ele>
      </trkpt>
      <trkpt lat="45.336689" lon="13.830259">
        <ele>217.6</ele>
      </trkpt>
      <trkpt lat="45.33688" lon="13.830403">
        <ele>218.6</ele>
      </trkpt>
      <trkpt lat="45.337025" lon="13.830544">
        <ele>219.2</ele>
      </trkpt>
      <trkpt lat="45.337181" lon="13.83078">
        <ele>221.2</ele>
      </trkpt>
      <trkpt lat="45.337509" lon="13.831563">
        <ele>225.2</ele>
      </trkpt>
      <trkpt lat="45.337612" lon="13.83187">
        <ele>227.2</ele>
      </trkpt>
      <trkpt lat="45.337719" lon="13.832128">
        <ele>229.7</ele>
      </trkpt>
      <trkpt lat="45.337795" lon="13.832277">
        <ele>231.4</ele>
      </trkpt>
      <trkpt lat="45.337845" lon="13.832305">
        <ele>231.6</ele>
      </trkpt>
      <trkpt lat="45.33786" lon="13.8323">
        <ele>231.6</ele>
      </trkpt>
      <trkpt lat="45.337872" lon="13.832256">
        <ele>231.6</ele>
      </trkpt>
      <trkpt lat="45.337826" lon="13.832229">
        <ele>231.4</ele>
      </trkpt>
      <trkpt lat="45.337795" lon="13.832231">
        <ele>231.4</ele>
      </trkpt>
      <trkpt lat="45.33778" lon="13.832209">
        <ele>231.2</ele>
      </trkpt>
      <trkpt lat="45.337864" lon="13.832147">
        <ele>232.0</ele>
      </trkpt>
      <trkpt lat="45.337906" lon="13.832042">
        <ele>232.4</ele>
      </trkpt>
      <trkpt lat="45.337917" lon="13.831676">
        <ele>235.4</ele>
      </trkpt>
      <trkpt lat="45.337872" lon="13.831303">
        <ele>238.6</ele>
      </trkpt>
      <trkpt lat="45.337898" lon="13.83151">
        <ele>239.2</ele>
      </trkpt>
      <trkpt lat="45.337883" lon="13.831985">
        <ele>236.0</ele>
      </trkpt>
      <trkpt lat="45.337837" lon="13.832122">
        <ele>235.0</ele>
      </trkpt>
      <trkpt lat="45.337799" lon="13.83214">
        <ele>234.4</ele>
      </trkpt>
      <trkpt lat="45.337772" lon="13.832135">
        <ele>234.2</ele>
      </trkpt>
      <trkpt lat="45.337536" lon="13.831518">
        <ele>229.4</ele>
      </trkpt>
      <trkpt lat="45.337234" lon="13.830798">
        <ele>225.2</ele>
      </trkpt>
      <trkpt lat="45.33709" lon="13.830563">
        <ele>224.4</ele>
      </trkpt>
      <trkpt lat="45.33696" lon="13.830424">
        <ele>223.4</ele>
      </trkpt>
      <trkpt lat="45.336823" lon="13.83032">
        <ele>222.0</ele>
      </trkpt>
      <trkpt lat="45.336727" lon="13.830274">
        <ele>221.4</ele>
      </trkpt>
      <trkpt lat="45.33646" lon="13.830203">
        <ele>220.0</ele>
      </trkpt>
      <trkpt lat="45.336296" lon="13.830222">
        <ele>218.7</ele>
      </trkpt>
      <trkpt lat="45.336056" lon="13.830312">
        <ele>217.0</ele>
      </trkpt>
      <trkpt lat="45.335831" lon="13.830359">
        <ele>215.7</ele>
      </trkpt>
      <trkpt lat="45.335613" lon="13.830346">
        <ele>214.4</ele>
      </trkpt>
      <trkpt lat="45.335503" lon="13.83031">
        <ele>213.4</ele>
      </trkpt>
      <trkpt lat="45.335449" lon="13.830276">
        <ele>213.0</ele>
      </trkpt>
      <trkpt lat="45.33527" lon="13.830075">
        <ele>211.2</ele>
      </trkpt>
      <trkpt lat="45.335125" lon="13.829821">
        <ele>209.7</ele>
      </trkpt>
      <trkpt lat="45.334885" lon="13.829289">
        <ele>206.6</ele>
      </trkpt>
      <trkpt lat="45.334728" lon="13.829001">
        <ele>204.6</ele>
      </trkpt>
      <trkpt lat="45.334618" lon="13.828748">
        <ele>203.2</ele>
      </trkpt>
      <trkpt lat="45.334358" lon="13.828243">
        <ele>200.2</ele>
      </trkpt>
      <trkpt lat="45.333981" lon="13.827226">
        <ele>194.6</ele>
      </trkpt>
      <trkpt lat="45.333874" lon="13.826876">
        <ele>192.7</ele>
      </trkpt>
      <trkpt lat="45.333843" lon="13.826833">
        <ele>192.3</ele>
      </trkpt>
      <trkpt lat="45.333809" lon="13.82682">
        <ele>192.2</ele>
      </trkpt>
      <trkpt lat="45.333755" lon="13.826875">
        <ele>191.6</ele>
      </trkpt>
      <trkpt lat="45.333752" lon="13.827004">
        <ele>191.2</ele>
      </trkpt>
      <trkpt lat="45.334034" lon="13.828219">
        <ele>185.7</ele>
      </trkpt>
      <trkpt lat="45.334034" lon="13.82827">
        <ele>185.6</ele>
      </trkpt>
      <trkpt lat="45.334015" lon="13.828312">
        <ele>185.6</ele>
      </trkpt>
      <trkpt lat="45.333981" lon="13.828324">
        <ele>185.2</ele>
      </trkpt>
      <trkpt lat="45.333916" lon="13.82825">
        <ele>184.3</ele>
      </trkpt>
      <trkpt lat="45.333462" lon="13.827052">
        <ele>176.6</ele>
      </trkpt>
      <trkpt lat="45.333427" lon="13.826883">
        <ele>175.6</ele>
      </trkpt>
      <trkpt lat="45.333427" lon="13.826736">
        <ele>174.7</ele>
      </trkpt>
      <trkpt lat="45.333458" lon="13.826431">
        <ele>173.0</ele>
      </trkpt>
      <trkpt lat="45.3335" lon="13.826234">
        <ele>172.0</ele>
      </trkpt>
      <trkpt lat="45.333561" lon="13.82606">
        <ele>171.2</ele>
      </trkpt>
      <trkpt lat="45.333622" lon="13.825954">
        <ele>170.2</ele>
      </trkpt>
      <trkpt lat="45.333698" lon="13.825871">
        <ele>169.6</ele>
      </trkpt>
      <trkpt lat="45.33379" lon="13.825801">
        <ele>169.0</ele>
      </trkpt>
      <trkpt lat="45.333881" lon="13.825757">
        <ele>168.3</ele>
      </trkpt>
      <trkpt lat="45.3344" lon="13.825578">
        <ele>164.3</ele>
      </trkpt>
      <trkpt lat="45.334484" lon="13.825499">
        <ele>163.6</ele>
      </trkpt>
      <trkpt lat="45.33453" lon="13.825388">
        <ele>162.7</ele>
      </trkpt>
      <trkpt lat="45.334534" lon="13.82527">
        <ele>162.2</ele>
      </trkpt>
      <trkpt lat="45.334461" lon="13.824982">
        <ele>160.0</ele>
      </trkpt>
      <trkpt lat="45.334446" lon="13.824948">
        <ele>159.6</ele>
      </trkpt>
      <trkpt lat="45.3344" lon="13.824913">
        <ele>159.3</ele>
      </trkpt>
      <trkpt lat="45.334328" lon="13.824914">
        <ele>159.0</ele>
      </trkpt>
      <trkpt lat="45.333687" lon="13.825246">
        <ele>157.7</ele>
      </trkpt>
      <trkpt lat="45.333355" lon="13.82539">
        <ele>157.3</ele>
      </trkpt>
      <trkpt lat="45.332546" lon="13.825273">
        <ele>152.0</ele>
      </trkpt>
      <trkpt lat="45.332375" lon="13.825195">
        <ele>150.7</ele>
      </trkpt>
      <trkpt lat="45.331875" lon="13.824849">
        <ele>148.3</ele>
      </trkpt>
      <trkpt lat="45.331646" lon="13.824721">
        <ele>149.0</ele>
      </trkpt>
      <trkpt lat="45.331001" lon="13.824247">
        <ele>152.6</ele>
      </trkpt>
      <trkpt lat="45.330776" lon="13.824121">
        <ele>153.6</ele>
      </trkpt>
      <trkpt lat="45.330688" lon="13.824104">
        <ele>154.2</ele>
      </trkpt>
      <trkpt lat="45.33062" lon="13.824124">
        <ele>155.0</ele>
      </trkpt>
      <trkpt lat="45.330563" lon="13.824197">
        <ele>155.6</ele>
      </trkpt>
      <trkpt lat="45.329632" lon="13.824815">
        <ele>163.3</ele>
      </trkpt>
      <trkpt lat="45.329399" lon="13.824918">
        <ele>165.3</ele>
      </trkpt>
      <trkpt lat="45.329277" lon="13.824923">
        <ele>166.6</ele>
      </trkpt>
      <trkpt lat="45.329151" lon="13.824879">
        <ele>167.7</ele>
      </trkpt>
      <trkpt lat="45.329033" lon="13.824814">
        <ele>169.0</ele>
      </trkpt>
      <trkpt lat="45.328346" lon="13.824273">
        <ele>175.6</ele>
      </trkpt>
      <trkpt lat="45.328194" lon="13.82418">
        <ele>177.2</ele>
      </trkpt>
      <trkpt lat="45.328018" lon="13.824109">
        <ele>178.3</ele>
      </trkpt>
      <trkpt lat="45.327866" lon="13.82407">
        <ele>179.7</ele>
      </trkpt>
      <trkpt lat="45.327667" lon="13.82407">
        <ele>181.0</ele>
      </trkpt>
      <trkpt lat="45.327461" lon="13.824126">
        <ele>182.2</ele>
      </trkpt>
      <trkpt lat="45.326618" lon="13.824419">
        <ele>189.6</ele>
      </trkpt>
      <trkpt lat="45.326302" lon="13.824538">
        <ele>191.7</ele>
      </trkpt>
      <trkpt lat="45.326118" lon="13.824645">
        <ele>193.7</ele>
      </trkpt>
      <trkpt lat="45.325977" lon="13.824761">
        <ele>195.6</ele>
      </trkpt>
      <trkpt lat="45.325233" lon="13.825473">
        <ele>201.6</ele>
      </trkpt>
      <trkpt lat="45.324398" lon="13.826339">
        <ele>210.6</ele>
      </trkpt>
      <trkpt lat="45.323788" lon="13.826945">
        <ele>216.2</ele>
      </trkpt>
      <trkpt lat="45.3237" lon="13.827015">
        <ele>217.2</ele>
      </trkpt>
      <trkpt lat="45.323555" lon="13.827258">
        <ele>219.4</ele>
      </trkpt>
      <trkpt lat="45.323616" lon="13.827148">
        <ele>219.7</ele>
      </trkpt>
      <trkpt lat="45.323597" lon="13.827089">
        <ele>219.6</ele>
      </trkpt>
      <trkpt lat="45.323551" lon="13.827051">
        <ele>219.6</ele>
      </trkpt>
      <trkpt lat="45.323448" lon="13.827048">
        <ele>220.6</ele>
      </trkpt>
      <trkpt lat="45.323437" lon="13.827072">
        <ele>220.7</ele>
      </trkpt>
      <trkpt lat="45.32349" lon="13.827182">
        <ele>221.6</ele>
      </trkpt>
      <trkpt lat="45.323513" lon="13.827188">
        <ele>221.6</ele>
      </trkpt>
      <trkpt lat="45.32341" lon="13.827009">
        <ele>222.0</ele>
      </trkpt>
      <trkpt lat="45.323261" lon="13.826826">
        <ele>223.7</ele>
      </trkpt>
      <trkpt lat="45.322979" lon="13.826194">
        <ele>229.2</ele>
      </trkpt>
      <trkpt lat="45.322853" lon="13.826018">
        <ele>230.4</ele>
      </trkpt>
      <trkpt lat="45.322739" lon="13.825923">
        <ele>231.6</ele>
      </trkpt>
      <trkpt lat="45.322578" lon="13.825815">
        <ele>233.2</ele>
      </trkpt>
      <trkpt lat="45.322411" lon="13.825744">
        <ele>234.6</ele>
      </trkpt>
      <trkpt lat="45.321888" lon="13.82562">
        <ele>238.7</ele>
      </trkpt>
      <trkpt lat="45.321556" lon="13.825573">
        <ele>241.6</ele>
      </trkpt>
      <trkpt lat="45.321312" lon="13.825499">
        <ele>243.0</ele>
      </trkpt>
      <trkpt lat="45.321114" lon="13.825375">
        <ele>244.4</ele>
      </trkpt>
      <trkpt lat="45.320709" lon="13.82495">
        <ele>248.0</ele>
      </trkpt>
      <trkpt lat="45.320511" lon="13.824845">
        <ele>249.2</ele>
      </trkpt>
      <trkpt lat="45.320328" lon="13.82482">
        <ele>250.4</ele>
      </trkpt>
      <trkpt lat="45.320171" lon="13.824846">
        <ele>251.6</ele>
      </trkpt>
      <trkpt lat="45.320026" lon="13.824904">
        <ele>252.6</ele>
      </trkpt>
      <trkpt lat="45.319908" lon="13.825035">
        <ele>253.6</ele>
      </trkpt>
      <trkpt lat="45.319843" lon="13.825139">
        <ele>254.2</ele>
      </trkpt>
      <trkpt lat="45.319832" lon="13.82519">
        <ele>254.6</ele>
      </trkpt>
      <trkpt lat="45.319839" lon="13.82521">
        <ele>254.7</ele>
      </trkpt>
      <trkpt lat="45.319859" lon="13.825213">
        <ele>255.0</ele>
      </trkpt>
      <trkpt lat="45.319962" lon="13.825086">
        <ele>254.4</ele>
      </trkpt>
      <trkpt lat="45.320107" lon="13.824955">
        <ele>253.2</ele>
      </trkpt>
      <trkpt lat="45.320118" lon="13.824907">
        <ele>252.7</ele>
      </trkpt>
      <trkpt lat="45.320103" lon="13.824897">
        <ele>252.7</ele>
      </trkpt>
      <trkpt lat="45.320023" lon="13.824942">
        <ele>253.0</ele>
      </trkpt>
      <trkpt lat="45.319847" lon="13.825129">
        <ele>254.4</ele>
      </trkpt>
      <trkpt lat="45.319717" lon="13.825409">
        <ele>256.0</ele>
      </trkpt>
      <trkpt lat="45.319584" lon="13.825814">
        <ele>257.7</ele>
      </trkpt>
      <trkpt lat="45.319412" lon="13.826233">
        <ele>260.2</ele>
      </trkpt>
      <trkpt lat="45.31926" lon="13.826472">
        <ele>261.6</ele>
      </trkpt>
      <trkpt lat="45.319168" lon="13.826586">
        <ele>262.4</ele>
      </trkpt>
      <trkpt lat="45.318993" lon="13.826753">
        <ele>263.4</ele>
      </trkpt>
      <trkpt lat="45.318726" lon="13.826921">
        <ele>265.6</ele>
      </trkpt>
      <trkpt lat="45.318565" lon="13.826969">
        <ele>266.7</ele>
      </trkpt>
      <trkpt lat="45.318413" lon="13.827041">
        <ele>268.0</ele>
      </trkpt>
      <trkpt lat="45.318256" lon="13.82708">
        <ele>269.0</ele>
      </trkpt>
      <trkpt lat="45.318111" lon="13.827076">
        <ele>270.0</ele>
      </trkpt>
      <trkpt lat="45.317692" lon="13.827124">
        <ele>272.4</ele>
      </trkpt>
      <trkpt lat="45.317471" lon="13.827122">
        <ele>273.2</ele>
      </trkpt>
      <trkpt lat="45.317348" lon="13.827094">
        <ele>273.4</ele>
      </trkpt>
      <trkpt lat="45.31723" lon="13.827019">
        <ele>273.4</ele>
      </trkpt>
      <trkpt lat="45.317146" lon="13.8269">
        <ele>273.4</ele>
      </trkpt>
      <trkpt lat="45.317097" lon="13.826766">
        <ele>273.6</ele>
      </trkpt>
      <trkpt lat="45.317062" lon="13.826602">
        <ele>273.4</ele>
      </trkpt>
      <trkpt lat="45.317039" lon="13.8263">
        <ele>272.7</ele>
      </trkpt>
      <trkpt lat="45.317066" lon="13.825371">
        <ele>269.2</ele>
      </trkpt>
      <trkpt lat="45.317047" lon="13.825056">
        <ele>268.0</ele>
      </trkpt>
      <trkpt lat="45.316978" lon="13.824844">
        <ele>267.2</ele>
      </trkpt>
      <trkpt lat="45.316925" lon="13.824753">
        <ele>266.7</ele>
      </trkpt>
      <trkpt lat="45.316669" lon="13.824456">
        <ele>265.0</ele>
      </trkpt>
      <trkpt lat="45.316525" lon="13.824344">
        <ele>263.7</ele>
      </trkpt>
      <trkpt lat="45.31636" lon="13.824269">
        <ele>262.6</ele>
      </trkpt>
      <trkpt lat="45.316174" lon="13.824238">
        <ele>261.6</ele>
      </trkpt>
      <trkpt lat="45.315987" lon="13.824266">
        <ele>260.6</ele>
      </trkpt>
      <trkpt lat="45.315807" lon="13.824327">
        <ele>259.4</ele>
      </trkpt>
      <trkpt lat="45.315536" lon="13.824452">
        <ele>257.7</ele>
      </trkpt>
      <trkpt lat="45.313972" lon="13.825245">
        <ele>246.0</ele>
      </trkpt>
      <trkpt lat="45.313702" lon="13.825326">
        <ele>244.4</ele>
      </trkpt>
      <trkpt lat="45.31353" lon="13.825337">
        <ele>243.2</ele>
      </trkpt>
      <trkpt lat="45.313446" lon="13.825321">
        <ele>242.6</ele>
      </trkpt>
      <trkpt lat="45.313366" lon="13.825285">
        <ele>241.7</ele>
      </trkpt>
      <trkpt lat="45.31329" lon="13.825225">
        <ele>240.7</ele>
      </trkpt>
      <trkpt lat="45.313229" lon="13.825146">
        <ele>239.7</ele>
      </trkpt>
      <trkpt lat="45.313145" lon="13.824952">
        <ele>238.2</ele>
      </trkpt>
      <trkpt lat="45.313129" lon="13.824842">
        <ele>237.4</ele>
      </trkpt>
      <trkpt lat="45.313133" lon="13.824729">
        <ele>236.7</ele>
      </trkpt>
      <trkpt lat="45.313194" lon="13.824507">
        <ele>235.4</ele>
      </trkpt>
      <trkpt lat="45.313301" lon="13.824313">
        <ele>234.2</ele>
      </trkpt>
      <trkpt lat="45.313499" lon="13.824055">
        <ele>232.4</ele>
      </trkpt>
      <trkpt lat="45.313553" lon="13.823959">
        <ele>232.0</ele>
      </trkpt>
      <trkpt lat="45.313587" lon="13.823856">
        <ele>231.2</ele>
      </trkpt>
      <trkpt lat="45.313595" lon="13.82375">
        <ele>230.6</ele>
      </trkpt>
      <trkpt lat="45.313534" lon="13.823579">
        <ele>229.4</ele>
      </trkpt>
      <trkpt lat="45.31348" lon="13.823525">
        <ele>228.6</ele>
      </trkpt>
      <trkpt lat="45.313419" lon="13.823499">
        <ele>228.0</ele>
      </trkpt>
      <trkpt lat="45.313293" lon="13.823512">
        <ele>226.7</ele>
      </trkpt>
      <trkpt lat="45.312885" lon="13.823705">
        <ele>224.0</ele>
      </trkpt>
      <trkpt lat="45.312656" lon="13.823775">
        <ele>222.0</ele>
      </trkpt>
      <trkpt lat="45.309006" lon="13.824398">
        <ele>222.4</ele>
      </trkpt>
      <trkpt lat="45.307819" lon="13.82462">
        <ele>230.2</ele>
      </trkpt>
      <trkpt lat="45.307724" lon="13.824652">
        <ele>230.7</ele>
      </trkpt>
      <trkpt lat="45.307346" lon="13.824689">
        <ele>233.0</ele>
      </trkpt>
      <trkpt lat="45.307274" lon="13.824671">
        <ele>233.4</ele>
      </trkpt>
      <trkpt lat="45.307194" lon="13.824635">
        <ele>233.7</ele>
      </trkpt>
      <trkpt lat="45.307129" lon="13.824574">
        <ele>234.2</ele>
      </trkpt>
      <trkpt lat="45.307045" lon="13.824429">
        <ele>235.4</ele>
      </trkpt>
      <trkpt lat="45.306824" lon="13.823393">
        <ele>241.0</ele>
      </trkpt>
      <trkpt lat="45.306744" lon="13.823128">
        <ele>242.2</ele>
      </trkpt>
      <trkpt lat="45.306686" lon="13.823009">
        <ele>243.0</ele>
      </trkpt>
      <trkpt lat="45.306007" lon="13.82219">
        <ele>248.6</ele>
      </trkpt>
      <trkpt lat="45.305805" lon="13.821968">
        <ele>250.0</ele>
      </trkpt>
      <trkpt lat="45.305676" lon="13.821867">
        <ele>250.7</ele>
      </trkpt>
      <trkpt lat="45.305614" lon="13.821836">
        <ele>251.0</ele>
      </trkpt>
      <trkpt lat="45.305458" lon="13.821798">
        <ele>251.7</ele>
      </trkpt>
      <trkpt lat="45.305332" lon="13.821798">
        <ele>252.7</ele>
      </trkpt>
      <trkpt lat="45.305012" lon="13.821904">
        <ele>255.0</ele>
      </trkpt>
      <trkpt lat="45.304874" lon="13.821982">
        <ele>256.0</ele>
      </trkpt>
      <trkpt lat="45.304779" lon="13.822067">
        <ele>257.0</ele>
      </trkpt>
      <trkpt lat="45.30471" lon="13.822167">
        <ele>257.6</ele>
      </trkpt>
      <trkpt lat="45.304691" lon="13.82222">
        <ele>257.7</ele>
      </trkpt>
      <trkpt lat="45.304726" lon="13.82231">
        <ele>258.2</ele>
      </trkpt>
      <trkpt lat="45.304756" lon="13.822301">
        <ele>258.2</ele>
      </trkpt>
      <trkpt lat="45.304863" lon="13.822136">
        <ele>257.0</ele>
      </trkpt>
      <trkpt lat="45.304913" lon="13.822099">
        <ele>256.7</ele>
      </trkpt>
      <trkpt lat="45.305019" lon="13.822076">
        <ele>256.0</ele>
      </trkpt>
      <trkpt lat="45.305073" lon="13.822024">
        <ele>255.2</ele>
      </trkpt>
      <trkpt lat="45.305077" lon="13.821983">
        <ele>255.2</ele>
      </trkpt>
      <trkpt lat="45.30505" lon="13.821939">
        <ele>255.4</ele>
      </trkpt>
      <trkpt lat="45.305008" lon="13.821929">
        <ele>255.4</ele>
      </trkpt>
      <trkpt lat="45.304863" lon="13.821997">
        <ele>255.6</ele>
      </trkpt>
      <trkpt lat="45.304813" lon="13.822047">
        <ele>256.0</ele>
      </trkpt>
      <trkpt lat="45.304691" lon="13.822217">
        <ele>257.0</ele>
      </trkpt>
      <trkpt lat="45.304508" lon="13.822779">
        <ele>259.0</ele>
      </trkpt>
      <trkpt lat="45.304478" lon="13.822822">
        <ele>259.6</ele>
      </trkpt>
      <trkpt lat="45.30444" lon="13.822842">
        <ele>260.2</ele>
      </trkpt>
      <trkpt lat="45.304417" lon="13.82284">
        <ele>260.4</ele>
      </trkpt>
      <trkpt lat="45.304386" lon="13.822808">
        <ele>260.6</ele>
      </trkpt>
      <trkpt lat="45.304386" lon="13.822673">
        <ele>261.4</ele>
      </trkpt>
      <trkpt lat="45.304504" lon="13.822063">
        <ele>261.6</ele>
      </trkpt>
      <trkpt lat="45.304829" lon="13.820921">
        <ele>265.4</ele>
      </trkpt>
      <trkpt lat="45.304897" lon="13.820487">
        <ele>266.2</ele>
      </trkpt>
      <trkpt lat="45.304714" lon="13.818931">
        <ele>269.6</ele>
      </trkpt>
      <trkpt lat="45.304703" lon="13.816811">
        <ele>276.4</ele>
      </trkpt>
      <trkpt lat="45.304684" lon="13.816643">
        <ele>277.2</ele>
      </trkpt>
      <trkpt lat="45.304489" lon="13.816176">
        <ele>278.4</ele>
      </trkpt>
      <trkpt lat="45.30431" lon="13.815511">
        <ele>281.7</ele>
      </trkpt>
      <trkpt lat="45.304234" lon="13.815332">
        <ele>282.7</ele>
      </trkpt>
      <trkpt lat="45.304108" lon="13.81514">
        <ele>283.4</ele>
      </trkpt>
      <trkpt lat="45.303947" lon="13.81498">
        <ele>284.2</ele>
      </trkpt>
      <trkpt lat="45.301781" lon="13.813274">
        <ele>285.0</ele>
      </trkpt>
      <trkpt lat="45.301643" lon="13.813156">
        <ele>284.7</ele>
      </trkpt>
      <trkpt lat="45.301586" lon="13.813079">
        <ele>285.0</ele>
      </trkpt>
      <trkpt lat="45.301525" lon="13.812857">
        <ele>285.0</ele>
      </trkpt>
      <trkpt lat="45.301403" lon="13.811781">
        <ele>285.0</ele>
      </trkpt>
      <trkpt lat="45.301353" lon="13.811547">
        <ele>285.6</ele>
      </trkpt>
      <trkpt lat="45.301258" lon="13.811323">
        <ele>286.4</ele>
      </trkpt>
      <trkpt lat="45.30088" lon="13.810745">
        <ele>290.4</ele>
      </trkpt>
      <trkpt lat="45.300808" lon="13.810548">
        <ele>291.6</ele>
      </trkpt>
      <trkpt lat="45.300812" lon="13.81036">
        <ele>292.4</ele>
      </trkpt>
      <trkpt lat="45.300846" lon="13.810246">
        <ele>293.0</ele>
      </trkpt>
      <trkpt lat="45.301556" lon="13.808928">
        <ele>299.6</ele>
      </trkpt>
      <trkpt lat="45.301826" lon="13.808382">
        <ele>302.0</ele>
      </trkpt>
      <trkpt lat="45.301956" lon="13.808038">
        <ele>302.6</ele>
      </trkpt>
      <trkpt lat="45.302406" lon="13.806081">
        <ele>302.7</ele>
      </trkpt>
      <trkpt lat="45.302547" lon="13.805541">
        <ele>303.2</ele>
      </trkpt>
      <trkpt lat="45.302597" lon="13.80542">
        <ele>303.4</ele>
      </trkpt>
      <trkpt lat="45.302612" lon="13.805438">
        <ele>303.4</ele>
      </trkpt>
      <trkpt lat="45.302608" lon="13.805463">
        <ele>303.4</ele>
      </trkpt>
      <trkpt lat="45.302574" lon="13.805458">
        <ele>303.2</ele>
      </trkpt>
      <trkpt lat="45.302578" lon="13.805384">
        <ele>303.2</ele>
      </trkpt>
      <trkpt lat="45.303013" lon="13.803705">
        <ele>305.7</ele>
      </trkpt>
      <trkpt lat="45.303082" lon="13.803246">
        <ele>306.2</ele>
      </trkpt>
      <trkpt lat="45.303089" lon="13.803045">
        <ele>306.4</ele>
      </trkpt>
      <trkpt lat="45.303089" lon="13.802503">
        <ele>307.0</ele>
      </trkpt>
      <trkpt lat="45.303066" lon="13.802298">
        <ele>307.6</ele>
      </trkpt>
      <trkpt lat="45.303062" lon="13.801385">
        <ele>308.6</ele>
      </trkpt>
      <trkpt lat="45.303085" lon="13.801072">
        <ele>308.7</ele>
      </trkpt>
      <trkpt lat="45.303299" lon="13.799707">
        <ele>311.6</ele>
      </trkpt>
      <trkpt lat="45.303505" lon="13.798549">
        <ele>314.6</ele>
      </trkpt>
      <trkpt lat="45.30357" lon="13.797996">
        <ele>316.4</ele>
      </trkpt>
      <trkpt lat="45.303581" lon="13.797763">
        <ele>317.0</ele>
      </trkpt>
      <trkpt lat="45.303539" lon="13.797153">
        <ele>317.2</ele>
      </trkpt>
      <trkpt lat="45.303509" lon="13.796354">
        <ele>317.2</ele>
      </trkpt>
      <trkpt lat="45.303482" lon="13.796025">
        <ele>317.2</ele>
      </trkpt>
      <trkpt lat="45.303436" lon="13.79578">
        <ele>317.4</ele>
      </trkpt>
      <trkpt lat="45.303349" lon="13.795586">
        <ele>318.0</ele>
      </trkpt>
      <trkpt lat="45.30328" lon="13.795495">
        <ele>318.2</ele>
      </trkpt>
      <trkpt lat="45.303185" lon="13.795393">
        <ele>318.7</ele>
      </trkpt>
      <trkpt lat="45.302799" lon="13.795048">
        <ele>321.2</ele>
      </trkpt>
      <trkpt lat="45.302608" lon="13.794824">
        <ele>322.2</ele>
      </trkpt>
      <trkpt lat="45.302113" lon="13.794082">
        <ele>324.4</ele>
      </trkpt>
      <trkpt lat="45.302029" lon="13.793921">
        <ele>325.0</ele>
      </trkpt>
      <trkpt lat="45.301968" lon="13.793745">
        <ele>326.0</ele>
      </trkpt>
      <trkpt lat="45.301876" lon="13.793358">
        <ele>326.4</ele>
      </trkpt>
      <trkpt lat="45.301823" lon="13.793204">
        <ele>326.7</ele>
      </trkpt>
      <trkpt lat="45.301723" lon="13.793025">
        <ele>327.0</ele>
      </trkpt>
      <trkpt lat="45.301598" lon="13.792871">
        <ele>327.0</ele>
      </trkpt>
      <trkpt lat="45.301231" lon="13.792542">
        <ele>327.0</ele>
      </trkpt>
      <trkpt lat="45.300953" lon="13.792266">
        <ele>326.7</ele>
      </trkpt>
      <trkpt lat="45.300751" lon="13.791985">
        <ele>327.0</ele>
      </trkpt>
      <trkpt lat="45.300632" lon="13.79178">
        <ele>327.2</ele>
      </trkpt>
      <trkpt lat="45.298038" lon="13.786893">
        <ele>328.0</ele>
      </trkpt>
      <trkpt lat="45.296555" lon="13.783828">
        <ele>325.4</ele>
      </trkpt>
      <trkpt lat="45.295631" lon="13.781957">
        <ele>324.7</ele>
      </trkpt>
      <trkpt lat="45.295448" lon="13.781507">
        <ele>325.4</ele>
      </trkpt>
      <trkpt lat="45.294849" lon="13.779648">
        <ele>322.2</ele>
      </trkpt>
      <trkpt lat="45.294762" lon="13.779404">
        <ele>321.7</ele>
      </trkpt>
      <trkpt lat="45.294655" lon="13.779177">
        <ele>321.7</ele>
      </trkpt>
      <trkpt lat="45.293728" lon="13.777618">
        <ele>326.2</ele>
      </trkpt>
      <trkpt lat="45.293285" lon="13.77695">
        <ele>326.7</ele>
      </trkpt>
      <trkpt lat="45.29314" lon="13.7767">
        <ele>327.0</ele>
      </trkpt>
      <trkpt lat="45.293022" lon="13.776561">
        <ele>327.7</ele>
      </trkpt>
      <trkpt lat="45.292233" lon="13.775424">
        <ele>327.6</ele>
      </trkpt>
      <trkpt lat="45.292" lon="13.775009">
        <ele>327.2</ele>
      </trkpt>
      <trkpt lat="45.291557" lon="13.773963">
        <ele>322.4</ele>
      </trkpt>
      <trkpt lat="45.291386" lon="13.773599">
        <ele>321.6</ele>
      </trkpt>
      <trkpt lat="45.291134" lon="13.773197">
        <ele>320.4</ele>
      </trkpt>
      <trkpt lat="45.290413" lon="13.772196">
        <ele>319.7</ele>
      </trkpt>
      <trkpt lat="45.290264" lon="13.771963">
        <ele>318.6</ele>
      </trkpt>
      <trkpt lat="45.290146" lon="13.77168">
        <ele>317.6</ele>
      </trkpt>
      <trkpt lat="45.289642" lon="13.770291">
        <ele>313.6</ele>
      </trkpt>
      <trkpt lat="45.289555" lon="13.769942">
        <ele>313.7</ele>
      </trkpt>
      <trkpt lat="45.28965" lon="13.768197">
        <ele>311.6</ele>
      </trkpt>
      <trkpt lat="45.289635" lon="13.767924">
        <ele>311.7</ele>
      </trkpt>
      <trkpt lat="45.289562" lon="13.76764">
        <ele>312.0</ele>
      </trkpt>
      <trkpt lat="45.289486" lon="13.767467">
        <ele>312.2</ele>
      </trkpt>
      <trkpt lat="45.28931" lon="13.767156">
        <ele>313.0</ele>
      </trkpt>
      <trkpt lat="45.288956" lon="13.766576">
        <ele>315.6</ele>
      </trkpt>
      <trkpt lat="45.287209" lon="13.763582">
        <ele>325.7</ele>
      </trkpt>
      <trkpt lat="45.286919" lon="13.763113">
        <ele>326.6</ele>
      </trkpt>
      <trkpt lat="45.286846" lon="13.762984">
        <ele>326.6</ele>
      </trkpt>
      <trkpt lat="45.286789" lon="13.762832">
        <ele>326.2</ele>
      </trkpt>
      <trkpt lat="45.286785" lon="13.762697">
        <ele>325.7</ele>
      </trkpt>
      <trkpt lat="45.286873" lon="13.762136">
        <ele>323.4</ele>
      </trkpt>
      <trkpt lat="45.286892" lon="13.76186">
        <ele>322.6</ele>
      </trkpt>
      <trkpt lat="45.286858" lon="13.761468">
        <ele>321.2</ele>
      </trkpt>
      <trkpt lat="45.286766" lon="13.760895">
        <ele>319.4</ele>
      </trkpt>
      <trkpt lat="45.286709" lon="13.760607">
        <ele>319.2</ele>
      </trkpt>
      <trkpt lat="45.28661" lon="13.760249">
        <ele>318.7</ele>
      </trkpt>
      <trkpt lat="45.285931" lon="13.758119">
        <ele>319.4</ele>
      </trkpt>
      <trkpt lat="45.285828" lon="13.757774">
        <ele>320.4</ele>
      </trkpt>
      <trkpt lat="45.285793" lon="13.757598">
        <ele>321.0</ele>
      </trkpt>
      <trkpt lat="45.285789" lon="13.757325">
        <ele>321.6</ele>
      </trkpt>
      <trkpt lat="45.285831" lon="13.756498">
        <ele>323.7</ele>
      </trkpt>
      <trkpt lat="45.285904" lon="13.755692">
        <ele>324.0</ele>
      </trkpt>
      <trkpt lat="45.285889" lon="13.755158">
        <ele>322.7</ele>
      </trkpt>
      <trkpt lat="45.285812" lon="13.754593">
        <ele>321.0</ele>
      </trkpt>
      <trkpt lat="45.285358" lon="13.749771">
        <ele>306.6</ele>
      </trkpt>
      <trkpt lat="45.285305" lon="13.749299">
        <ele>306.2</ele>
      </trkpt>
      <trkpt lat="45.285091" lon="13.747912">
        <ele>303.4</ele>
      </trkpt>
      <trkpt lat="45.285065" lon="13.747643">
        <ele>304.0</ele>
      </trkpt>
      <trkpt lat="45.285069" lon="13.747633">
        <ele>304.2</ele>
      </trkpt>
      <trkpt lat="45.286625" lon="13.748225">
        <ele>308.7</ele>
      </trkpt>
      <trkpt lat="45.286926" lon="13.748362">
        <ele>311.2</ele>
      </trkpt>
      <trkpt lat="45.2883" lon="13.748898">
        <ele>319.7</ele>
      </trkpt>
      <trkpt lat="45.288948" lon="13.749179">
        <ele>323.7</ele>
      </trkpt>
      <trkpt lat="45.289036" lon="13.749194">
        <ele>324.4</ele>
      </trkpt>
      <trkpt lat="45.289143" lon="13.749182">
        <ele>325.2</ele>
      </trkpt>
      <trkpt lat="45.289383" lon="13.749097">
        <ele>327.4</ele>
      </trkpt>
      <trkpt lat="45.289528" lon="13.74902">
        <ele>328.7</ele>
      </trkpt>
      <trkpt lat="45.289711" lon="13.748981">
        <ele>330.2</ele>
      </trkpt>
      <trkpt lat="45.290089" lon="13.748855">
        <ele>332.0</ele>
      </trkpt>
      <trkpt lat="45.290192" lon="13.748888">
        <ele>332.4</ele>
      </trkpt>
      <trkpt lat="45.290241" lon="13.748938">
        <ele>332.7</ele>
      </trkpt>
      <trkpt lat="45.290352" lon="13.749122">
        <ele>333.7</ele>
      </trkpt>
      <trkpt lat="45.290409" lon="13.749319">
        <ele>334.6</ele>
      </trkpt>
      <trkpt lat="45.290432" lon="13.749342">
        <ele>334.7</ele>
      </trkpt>
      <trkpt lat="45.290726" lon="13.74914">
        <ele>336.4</ele>
      </trkpt>
      <trkpt lat="45.290665" lon="13.749189">
        <ele>336.0</ele>
      </trkpt>
      <trkpt lat="45.290508" lon="13.749272">
        <ele>335.6</ele>
      </trkpt>
      <trkpt lat="45.290443" lon="13.749275">
        <ele>335.6</ele>
      </trkpt>
      <trkpt lat="45.290413" lon="13.749257">
        <ele>335.6</ele>
      </trkpt>
      <trkpt lat="45.290367" lon="13.74918">
        <ele>335.6</ele>
      </trkpt>
      <trkpt lat="45.290325" lon="13.749041">
        <ele>335.2</ele>
      </trkpt>
      <trkpt lat="45.290306" lon="13.748912">
        <ele>334.7</ele>
      </trkpt>
      <trkpt lat="45.290333" lon="13.748828">
        <ele>334.6</ele>
      </trkpt>
      <trkpt lat="45.290306" lon="13.748797">
        <ele>334.6</ele>
      </trkpt>
      <trkpt lat="45.289925" lon="13.748907">
        <ele>333.4</ele>
      </trkpt>
      <trkpt lat="45.289211" lon="13.749146">
        <ele>328.6</ele>
      </trkpt>
      <trkpt lat="45.289047" lon="13.749161">
        <ele>327.2</ele>
      </trkpt>
      <trkpt lat="45.288933" lon="13.749138">
        <ele>326.6</ele>
      </trkpt>
      <trkpt lat="45.286278" lon="13.748092">
        <ele>306.2</ele>
      </trkpt>
      <trkpt lat="45.28548" lon="13.747803">
        <ele>302.0</ele>
      </trkpt>
      <trkpt lat="45.285046" lon="13.747664">
        <ele>305.0</ele>
      </trkpt>
      <trkpt lat="45.284973" lon="13.747286">
        <ele>305.0</ele>
      </trkpt>
      <trkpt lat="45.284748" lon="13.745756">
        <ele>305.2</ele>
      </trkpt>
      <trkpt lat="45.284401" lon="13.743581">
        <ele>308.0</ele>
      </trkpt>
      <trkpt lat="45.284325" lon="13.742927">
        <ele>308.4</ele>
      </trkpt>
      <trkpt lat="45.28418" lon="13.741323">
        <ele>306.0</ele>
      </trkpt>
      <trkpt lat="45.284157" lon="13.74116">
        <ele>305.7</ele>
      </trkpt>
      <trkpt lat="45.284088" lon="13.740882">
        <ele>305.0</ele>
      </trkpt>
      <trkpt lat="45.283974" lon="13.740588">
        <ele>304.0</ele>
      </trkpt>
      <trkpt lat="45.283287" lon="13.739002">
        <ele>297.0</ele>
      </trkpt>
      <trkpt lat="45.282913" lon="13.738173">
        <ele>294.7</ele>
      </trkpt>
      <trkpt lat="45.28281" lon="13.738004">
        <ele>294.4</ele>
      </trkpt>
      <trkpt lat="45.282623" lon="13.73775">
        <ele>293.2</ele>
      </trkpt>
      <trkpt lat="45.281464" lon="13.736351">
        <ele>287.0</ele>
      </trkpt>
      <trkpt lat="45.281326" lon="13.736164">
        <ele>285.6</ele>
      </trkpt>
      <trkpt lat="45.2812" lon="13.735924">
        <ele>284.7</ele>
      </trkpt>
      <trkpt lat="45.281124" lon="13.735666">
        <ele>284.0</ele>
      </trkpt>
      <trkpt lat="45.281075" lon="13.735419">
        <ele>283.2</ele>
      </trkpt>
      <trkpt lat="45.280945" lon="13.734563">
        <ele>280.4</ele>
      </trkpt>
      <trkpt lat="45.280903" lon="13.734171">
        <ele>279.6</ele>
      </trkpt>
      <trkpt lat="45.280895" lon="13.733739">
        <ele>278.6</ele>
      </trkpt>
      <trkpt lat="45.28093" lon="13.733572">
        <ele>278.4</ele>
      </trkpt>
      <trkpt lat="45.280987" lon="13.733437">
        <ele>278.4</ele>
      </trkpt>
      <trkpt lat="45.280998" lon="13.733329">
        <ele>278.4</ele>
      </trkpt>
      <trkpt lat="45.280983" lon="13.733277">
        <ele>278.4</ele>
      </trkpt>
      <trkpt lat="45.280926" lon="13.733188">
        <ele>278.2</ele>
      </trkpt>
      <trkpt lat="45.28088" lon="13.733159">
        <ele>278.0</ele>
      </trkpt>
      <trkpt lat="45.28072" lon="13.73315">
        <ele>277.7</ele>
      </trkpt>
      <trkpt lat="45.280674" lon="13.733133">
        <ele>277.7</ele>
      </trkpt>
      <trkpt lat="45.280567" lon="13.73302">
        <ele>277.6</ele>
      </trkpt>
      <trkpt lat="45.280499" lon="13.73286">
        <ele>277.2</ele>
      </trkpt>
      <trkpt lat="45.280407" lon="13.732471">
        <ele>275.7</ele>
      </trkpt>
      <trkpt lat="45.2803" lon="13.732203">
        <ele>274.6</ele>
      </trkpt>
      <trkpt lat="45.280109" lon="13.731803">
        <ele>273.2</ele>
      </trkpt>
      <trkpt lat="45.278992" lon="13.729708">
        <ele>265.7</ele>
      </trkpt>
      <trkpt lat="45.278782" lon="13.729273">
        <ele>263.7</ele>
      </trkpt>
      <trkpt lat="45.278709" lon="13.729072">
        <ele>263.0</ele>
      </trkpt>
      <trkpt lat="45.278656" lon="13.728811">
        <ele>261.7</ele>
      </trkpt>
      <trkpt lat="45.278641" lon="13.728566">
        <ele>260.7</ele>
      </trkpt>
      <trkpt lat="45.278751" lon="13.726741">
        <ele>252.7</ele>
      </trkpt>
      <trkpt lat="45.278748" lon="13.726482">
        <ele>252.2</ele>
      </trkpt>
      <trkpt lat="45.278648" lon="13.726098">
        <ele>251.2</ele>
      </trkpt>
      <trkpt lat="45.278381" lon="13.725279">
        <ele>247.2</ele>
      </trkpt>
      <trkpt lat="45.278297" lon="13.725085">
        <ele>246.6</ele>
      </trkpt>
      <trkpt lat="45.27813" lon="13.724608">
        <ele>244.4</ele>
      </trkpt>
      <trkpt lat="45.278114" lon="13.724509">
        <ele>244.4</ele>
      </trkpt>
      <trkpt lat="45.278004" lon="13.724219">
        <ele>244.2</ele>
      </trkpt>
      <trkpt lat="45.277775" lon="13.723508">
        <ele>242.7</ele>
      </trkpt>
      <trkpt lat="45.277737" lon="13.723414">
        <ele>242.7</ele>
      </trkpt>
      <trkpt lat="45.27758" lon="13.723155">
        <ele>241.7</ele>
      </trkpt>
      <trkpt lat="45.277542" lon="13.723047">
        <ele>241.7</ele>
      </trkpt>
      <trkpt lat="45.277367" lon="13.722545">
        <ele>241.0</ele>
      </trkpt>
      <trkpt lat="45.277145" lon="13.721723">
        <ele>239.7</ele>
      </trkpt>
      <trkpt lat="45.27681" lon="13.720724">
        <ele>238.6</ele>
      </trkpt>
      <trkpt lat="45.276524" lon="13.719958">
        <ele>239.4</ele>
      </trkpt>
      <trkpt lat="45.276455" lon="13.719872">
        <ele>239.6</ele>
      </trkpt>
      <trkpt lat="45.276405" lon="13.719844">
        <ele>240.0</ele>
      </trkpt>
      <trkpt lat="45.276356" lon="13.719847">
        <ele>240.4</ele>
      </trkpt>
      <trkpt lat="45.276207" lon="13.719942">
        <ele>240.4</ele>
      </trkpt>
      <trkpt lat="45.2761" lon="13.719952">
        <ele>240.2</ele>
      </trkpt>
      <trkpt lat="45.275894" lon="13.719888">
        <ele>239.2</ele>
      </trkpt>
      <trkpt lat="45.275711" lon="13.719797">
        <ele>238.2</ele>
      </trkpt>
      <trkpt lat="45.27552" lon="13.719651">
        <ele>236.6</ele>
      </trkpt>
      <trkpt lat="45.275387" lon="13.719509">
        <ele>235.4</ele>
      </trkpt>
      <trkpt lat="45.275269" lon="13.719318">
        <ele>234.4</ele>
      </trkpt>
      <trkpt lat="45.275188" lon="13.719144">
        <ele>233.6</ele>
      </trkpt>
      <trkpt lat="45.27504" lon="13.718697">
        <ele>231.2</ele>
      </trkpt>
      <trkpt lat="45.274929" lon="13.718294">
        <ele>229.4</ele>
      </trkpt>
      <trkpt lat="45.274113" lon="13.715161">
        <ele>218.6</ele>
      </trkpt>
      <trkpt lat="45.27404" lon="13.71496">
        <ele>218.7</ele>
      </trkpt>
      <trkpt lat="45.273964" lon="13.714883">
        <ele>219.0</ele>
      </trkpt>
      <trkpt lat="45.273918" lon="13.71488">
        <ele>219.0</ele>
      </trkpt>
      <trkpt lat="45.273876" lon="13.7149">
        <ele>219.2</ele>
      </trkpt>
      <trkpt lat="45.273796" lon="13.714989">
        <ele>219.7</ele>
      </trkpt>
      <trkpt lat="45.273746" lon="13.71502">
        <ele>220.2</ele>
      </trkpt>
      <trkpt lat="45.273621" lon="13.715074">
        <ele>221.2</ele>
      </trkpt>
      <trkpt lat="45.27338" lon="13.715145">
        <ele>222.7</ele>
      </trkpt>
      <trkpt lat="45.273182" lon="13.715302">
        <ele>223.6</ele>
      </trkpt>
      <trkpt lat="45.273071" lon="13.715457">
        <ele>223.7</ele>
      </trkpt>
      <trkpt lat="45.272923" lon="13.715715">
        <ele>224.2</ele>
      </trkpt>
      <trkpt lat="45.272007" lon="13.717435">
        <ele>223.2</ele>
      </trkpt>
      <trkpt lat="45.271832" lon="13.71766">
        <ele>221.6</ele>
      </trkpt>
      <trkpt lat="45.27166" lon="13.717814">
        <ele>220.4</ele>
      </trkpt>
      <trkpt lat="45.27142" lon="13.717953">
        <ele>218.4</ele>
      </trkpt>
      <trkpt lat="45.271225" lon="13.718002">
        <ele>217.4</ele>
      </trkpt>
      <trkpt lat="45.269733" lon="13.7182">
        <ele>210.0</ele>
      </trkpt>
      <trkpt lat="45.269291" lon="13.718202">
        <ele>208.2</ele>
      </trkpt>
      <trkpt lat="45.269012" lon="13.71815">
        <ele>207.7</ele>
      </trkpt>
      <trkpt lat="45.26815" lon="13.717848">
        <ele>205.0</ele>
      </trkpt>
      <trkpt lat="45.267452" lon="13.717574">
        <ele>205.2</ele>
      </trkpt>
      <trkpt lat="45.267117" lon="13.717488">
        <ele>205.2</ele>
      </trkpt>
      <trkpt lat="45.265339" lon="13.717288">
        <ele>205.6</ele>
      </trkpt>
      <trkpt lat="45.264721" lon="13.717266">
        <ele>204.7</ele>
      </trkpt>
      <trkpt lat="45.263874" lon="13.717196">
        <ele>202.6</ele>
      </trkpt>
      <trkpt lat="45.263058" lon="13.717162">
        <ele>201.6</ele>
      </trkpt>
      <trkpt lat="45.261967" lon="13.717276">
        <ele>202.7</ele>
      </trkpt>
      <trkpt lat="45.261627" lon="13.717326">
        <ele>203.6</ele>
      </trkpt>
      <trkpt lat="45.261478" lon="13.717372">
        <ele>204.2</ele>
      </trkpt>
      <trkpt lat="45.261349" lon="13.717446">
        <ele>205.0</ele>
      </trkpt>
      <trkpt lat="45.261185" lon="13.717575">
        <ele>205.7</ele>
      </trkpt>
      <trkpt lat="45.260777" lon="13.717936">
        <ele>205.7</ele>
      </trkpt>
      <trkpt lat="45.260132" lon="13.718468">
        <ele>205.0</ele>
      </trkpt>
      <trkpt lat="45.259968" lon="13.718556">
        <ele>204.6</ele>
      </trkpt>
      <trkpt lat="45.259846" lon="13.718597">
        <ele>204.2</ele>
      </trkpt>
      <trkpt lat="45.259712" lon="13.718609">
        <ele>203.6</ele>
      </trkpt>
      <trkpt lat="45.259506" lon="13.718595">
        <ele>202.7</ele>
      </trkpt>
      <trkpt lat="45.257771" lon="13.71834">
        <ele>190.2</ele>
      </trkpt>
      <trkpt lat="45.257362" lon="13.718294">
        <ele>188.7</ele>
      </trkpt>
      <trkpt lat="45.256962" lon="13.718212">
        <ele>189.3</ele>
      </trkpt>
      <trkpt lat="45.256229" lon="13.717927">
        <ele>194.6</ele>
      </trkpt>
      <trkpt lat="45.255337" lon="13.717555">
        <ele>198.0</ele>
      </trkpt>
      <trkpt lat="45.25515" lon="13.717453">
        <ele>198.7</ele>
      </trkpt>
      <trkpt lat="45.254986" lon="13.717392">
        <ele>198.7</ele>
      </trkpt>
      <trkpt lat="45.254547" lon="13.717187">
        <ele>199.3</ele>
      </trkpt>
      <trkpt lat="45.254314" lon="13.717056">
        <ele>199.0</ele>
      </trkpt>
      <trkpt lat="45.25388" lon="13.716762">
        <ele>198.7</ele>
      </trkpt>
      <trkpt lat="45.253632" lon="13.716629">
        <ele>198.7</ele>
      </trkpt>
      <trkpt lat="45.253345" lon="13.716561">
        <ele>199.2</ele>
      </trkpt>
      <trkpt lat="45.253056" lon="13.716526">
        <ele>200.2</ele>
      </trkpt>
      <trkpt lat="45.252869" lon="13.716567">
        <ele>200.7</ele>
      </trkpt>
      <trkpt lat="45.252762" lon="13.716626">
        <ele>201.7</ele>
      </trkpt>
      <trkpt lat="45.252647" lon="13.716743">
        <ele>203.0</ele>
      </trkpt>
      <trkpt lat="45.252373" lon="13.71708">
        <ele>205.4</ele>
      </trkpt>
      <trkpt lat="45.252293" lon="13.717156">
        <ele>206.0</ele>
      </trkpt>
      <trkpt lat="45.252159" lon="13.717248">
        <ele>206.6</ele>
      </trkpt>
      <trkpt lat="45.252007" lon="13.717294">
        <ele>207.0</ele>
      </trkpt>
      <trkpt lat="45.251682" lon="13.717346">
        <ele>207.4</ele>
      </trkpt>
      <trkpt lat="45.251442" lon="13.717414">
        <ele>207.7</ele>
      </trkpt>
      <trkpt lat="45.250874" lon="13.717514">
        <ele>208.2</ele>
      </trkpt>
      <trkpt lat="45.250835" lon="13.717489">
        <ele>208.0</ele>
      </trkpt>
      <trkpt lat="45.250809" lon="13.717445">
        <ele>207.7</ele>
      </trkpt>
      <trkpt lat="45.25079" lon="13.71733">
        <ele>207.4</ele>
      </trkpt>
      <trkpt lat="45.250862" lon="13.716491">
        <ele>207.6</ele>
      </trkpt>
      <trkpt lat="45.250942" lon="13.715984">
        <ele>209.0</ele>
      </trkpt>
      <trkpt lat="45.251225" lon="13.714962">
        <ele>212.0</ele>
      </trkpt>
      <trkpt lat="45.251282" lon="13.714869">
        <ele>212.2</ele>
      </trkpt>
      <trkpt lat="45.251545" lon="13.714577">
        <ele>212.7</ele>
      </trkpt>
      <trkpt lat="45.251644" lon="13.714509">
        <ele>212.6</ele>
      </trkpt>
      <trkpt lat="45.251736" lon="13.714419">
        <ele>212.2</ele>
      </trkpt>
      <trkpt lat="45.251831" lon="13.714264">
        <ele>210.7</ele>
      </trkpt>
      <trkpt lat="45.251846" lon="13.714095">
        <ele>209.2</ele>
      </trkpt>
      <trkpt lat="45.251785" lon="13.713915">
        <ele>207.6</ele>
      </trkpt>
      <trkpt lat="45.251705" lon="13.713816">
        <ele>206.0</ele>
      </trkpt>
      <trkpt lat="45.251221" lon="13.713444">
        <ele>201.0</ele>
      </trkpt>
      <trkpt lat="45.251095" lon="13.713302">
        <ele>199.7</ele>
      </trkpt>
      <trkpt lat="45.250977" lon="13.713104">
        <ele>198.2</ele>
      </trkpt>
      <trkpt lat="45.250614" lon="13.712399">
        <ele>192.0</ele>
      </trkpt>
      <trkpt lat="45.25008" lon="13.71146">
        <ele>186.3</ele>
      </trkpt>
      <trkpt lat="45.249855" lon="13.711165">
        <ele>184.3</ele>
      </trkpt>
      <trkpt lat="45.24934" lon="13.710599">
        <ele>183.6</ele>
      </trkpt>
      <trkpt lat="45.249111" lon="13.710276">
        <ele>184.2</ele>
      </trkpt>
      <trkpt lat="45.248737" lon="13.709614">
        <ele>185.3</ele>
      </trkpt>
      <trkpt lat="45.248608" lon="13.709346">
        <ele>185.7</ele>
      </trkpt>
      <trkpt lat="45.24847" lon="13.708978">
        <ele>186.2</ele>
      </trkpt>
      <trkpt lat="45.248287" lon="13.708415">
        <ele>186.6</ele>
      </trkpt>
      <trkpt lat="45.24826" lon="13.708345">
        <ele>186.7</ele>
      </trkpt>
      <trkpt lat="45.24818" lon="13.708226">
        <ele>187.2</ele>
      </trkpt>
      <trkpt lat="45.248081" lon="13.708144">
        <ele>187.3</ele>
      </trkpt>
      <trkpt lat="45.247978" lon="13.708103">
        <ele>187.7</ele>
      </trkpt>
      <trkpt lat="45.24744" lon="13.708017">
        <ele>190.0</ele>
      </trkpt>
      <trkpt lat="45.247196" lon="13.708007">
        <ele>190.2</ele>
      </trkpt>
      <trkpt lat="45.246738" lon="13.708099">
        <ele>190.2</ele>
      </trkpt>
      <trkpt lat="45.246651" lon="13.708083">
        <ele>190.2</ele>
      </trkpt>
      <trkpt lat="45.246574" lon="13.708011">
        <ele>190.0</ele>
      </trkpt>
      <trkpt lat="45.246544" lon="13.707959">
        <ele>190.0</ele>
      </trkpt>
      <trkpt lat="45.246513" lon="13.707839">
        <ele>189.6</ele>
      </trkpt>
      <trkpt lat="45.246334" lon="13.706595">
        <ele>185.3</ele>
      </trkpt>
      <trkpt lat="45.246078" lon="13.705825">
        <ele>181.7</ele>
      </trkpt>
      <trkpt lat="45.245998" lon="13.705516">
        <ele>180.3</ele>
      </trkpt>
      <trkpt lat="45.24593" lon="13.705366">
        <ele>179.6</ele>
      </trkpt>
      <trkpt lat="45.24588" lon="13.705317">
        <ele>179.2</ele>
      </trkpt>
      <trkpt lat="45.245823" lon="13.705289">
        <ele>178.7</ele>
      </trkpt>
      <trkpt lat="45.245762" lon="13.705281">
        <ele>178.3</ele>
      </trkpt>
      <trkpt lat="45.245579" lon="13.705327">
        <ele>177.6</ele>
      </trkpt>
      <trkpt lat="45.245461" lon="13.705317">
        <ele>177.0</ele>
      </trkpt>
      <trkpt lat="45.245361" lon="13.705237">
        <ele>176.6</ele>
      </trkpt>
      <trkpt lat="45.244839" lon="13.704595">
        <ele>175.0</ele>
      </trkpt>
      <trkpt lat="45.244686" lon="13.704449">
        <ele>174.3</ele>
      </trkpt>
      <trkpt lat="45.244568" lon="13.70437">
        <ele>174.0</ele>
      </trkpt>
      <trkpt lat="45.244373" lon="13.704273">
        <ele>173.2</ele>
      </trkpt>
      <trkpt lat="45.244038" lon="13.704175">
        <ele>171.7</ele>
      </trkpt>
      <trkpt lat="45.243977" lon="13.70414">
        <ele>171.6</ele>
      </trkpt>
      <trkpt lat="45.243927" lon="13.704085">
        <ele>171.6</ele>
      </trkpt>
      <trkpt lat="45.243591" lon="13.703407">
        <ele>170.2</ele>
      </trkpt>
      <trkpt lat="45.243431" lon="13.702915">
        <ele>169.2</ele>
      </trkpt>
      <trkpt lat="45.243351" lon="13.702569">
        <ele>168.2</ele>
      </trkpt>
      <trkpt lat="45.243324" lon="13.702288">
        <ele>167.3</ele>
      </trkpt>
      <trkpt lat="45.243343" lon="13.701837">
        <ele>166.2</ele>
      </trkpt>
      <trkpt lat="45.243328" lon="13.701656">
        <ele>165.7</ele>
      </trkpt>
      <trkpt lat="45.243275" lon="13.701483">
        <ele>165.6</ele>
      </trkpt>
      <trkpt lat="45.243187" lon="13.701322">
        <ele>165.3</ele>
      </trkpt>
      <trkpt lat="45.243015" lon="13.701088">
        <ele>164.7</ele>
      </trkpt>
      <trkpt lat="45.242535" lon="13.700596">
        <ele>161.6</ele>
      </trkpt>
      <trkpt lat="45.242065" lon="13.700013">
        <ele>160.0</ele>
      </trkpt>
      <trkpt lat="45.241829" lon="13.699763">
        <ele>159.6</ele>
      </trkpt>
      <trkpt lat="45.241451" lon="13.69944">
        <ele>158.7</ele>
      </trkpt>
      <trkpt lat="45.241047" lon="13.699138">
        <ele>158.2</ele>
      </trkpt>
      <trkpt lat="45.240757" lon="13.698874">
        <ele>158.0</ele>
      </trkpt>
      <trkpt lat="45.240616" lon="13.698671">
        <ele>158.0</ele>
      </trkpt>
      <trkpt lat="45.240479" lon="13.698344">
        <ele>157.3</ele>
      </trkpt>
      <trkpt lat="45.240364" lon="13.698226">
        <ele>157.0</ele>
      </trkpt>
      <trkpt lat="45.240177" lon="13.698112">
        <ele>156.6</ele>
      </trkpt>
      <trkpt lat="45.240124" lon="13.698064">
        <ele>156.7</ele>
      </trkpt>
      <trkpt lat="45.240082" lon="13.698005">
        <ele>156.7</ele>
      </trkpt>
      <trkpt lat="45.240025" lon="13.69787">
        <ele>157.2</ele>
      </trkpt>
      <trkpt lat="45.240005" lon="13.697798">
        <ele>157.3</ele>
      </trkpt>
      <trkpt lat="45.239994" lon="13.697564">
        <ele>157.6</ele>
      </trkpt>
      <trkpt lat="45.240051" lon="13.697169">
        <ele>157.6</ele>
      </trkpt>
      <trkpt lat="45.240269" lon="13.696073">
        <ele>158.0</ele>
      </trkpt>
      <trkpt lat="45.240288" lon="13.695889">
        <ele>157.7</ele>
      </trkpt>
      <trkpt lat="45.240284" lon="13.695627">
        <ele>158.3</ele>
      </trkpt>
      <trkpt lat="45.240242" lon="13.695384">
        <ele>158.2</ele>
      </trkpt>
      <trkpt lat="45.239971" lon="13.694461">
        <ele>155.7</ele>
      </trkpt>
      <trkpt lat="45.23983" lon="13.694125">
        <ele>155.2</ele>
      </trkpt>
      <trkpt lat="45.239658" lon="13.693837">
        <ele>154.7</ele>
      </trkpt>
      <trkpt lat="45.239521" lon="13.693641">
        <ele>154.6</ele>
      </trkpt>
      <trkpt lat="45.239323" lon="13.693372">
        <ele>154.7</ele>
      </trkpt>
      <trkpt lat="45.238956" lon="13.692959">
        <ele>155.2</ele>
      </trkpt>
      <trkpt lat="45.238869" lon="13.692809">
        <ele>155.2</ele>
      </trkpt>
      <trkpt lat="45.238804" lon="13.692642">
        <ele>155.3</ele>
      </trkpt>
      <trkpt lat="45.238743" lon="13.692396">
        <ele>155.3</ele>
      </trkpt>
      <trkpt lat="45.238708" lon="13.692153">
        <ele>155.2</ele>
      </trkpt>
      <trkpt lat="45.238682" lon="13.69172">
        <ele>155.3</ele>
      </trkpt>
      <trkpt lat="45.238686" lon="13.691541">
        <ele>155.2</ele>
      </trkpt>
      <trkpt lat="45.238724" lon="13.691203">
        <ele>155.6</ele>
      </trkpt>
      <trkpt lat="45.238892" lon="13.690494">
        <ele>156.3</ele>
      </trkpt>
      <trkpt lat="45.238949" lon="13.69017">
        <ele>156.7</ele>
      </trkpt>
      <trkpt lat="45.239021" lon="13.689056">
        <ele>158.0</ele>
      </trkpt>
      <trkpt lat="45.239067" lon="13.688784">
        <ele>158.2</ele>
      </trkpt>
      <trkpt lat="45.239223" lon="13.688243">
        <ele>158.2</ele>
      </trkpt>
      <trkpt lat="45.239296" lon="13.687806">
        <ele>157.0</ele>
      </trkpt>
      <trkpt lat="45.239349" lon="13.687421">
        <ele>154.2</ele>
      </trkpt>
      <trkpt lat="45.239391" lon="13.686709">
        <ele>149.6</ele>
      </trkpt>
      <trkpt lat="45.239445" lon="13.686199">
        <ele>148.6</ele>
      </trkpt>
      <trkpt lat="45.239437" lon="13.685742">
        <ele>148.7</ele>
      </trkpt>
      <trkpt lat="45.239342" lon="13.684308">
        <ele>152.0</ele>
      </trkpt>
      <trkpt lat="45.239365" lon="13.683702">
        <ele>152.3</ele>
      </trkpt>
      <trkpt lat="45.239338" lon="13.683454">
        <ele>152.3</ele>
      </trkpt>
      <trkpt lat="45.239128" lon="13.682244">
        <ele>150.7</ele>
      </trkpt>
      <trkpt lat="45.239132" lon="13.682011">
        <ele>150.6</ele>
      </trkpt>
      <trkpt lat="45.239189" lon="13.681796">
        <ele>150.6</ele>
      </trkpt>
      <trkpt lat="45.239273" lon="13.681595">
        <ele>150.7</ele>
      </trkpt>
      <trkpt lat="45.239552" lon="13.681093">
        <ele>149.3</ele>
      </trkpt>
      <trkpt lat="45.239891" lon="13.680337">
        <ele>149.7</ele>
      </trkpt>
      <trkpt lat="45.239998" lon="13.679996">
        <ele>149.7</ele>
      </trkpt>
      <trkpt lat="45.240051" lon="13.679663">
        <ele>149.3</ele>
      </trkpt>
      <trkpt lat="45.240059" lon="13.679392">
        <ele>148.7</ele>
      </trkpt>
      <trkpt lat="45.240021" lon="13.678937">
        <ele>147.7</ele>
      </trkpt>
      <trkpt lat="45.239964" lon="13.678565">
        <ele>147.0</ele>
      </trkpt>
      <trkpt lat="45.239891" lon="13.678285">
        <ele>145.7</ele>
      </trkpt>
      <trkpt lat="45.239735" lon="13.677817">
        <ele>144.0</ele>
      </trkpt>
      <trkpt lat="45.2397" lon="13.67762">
        <ele>143.6</ele>
      </trkpt>
      <trkpt lat="45.239693" lon="13.677422">
        <ele>143.3</ele>
      </trkpt>
      <trkpt lat="45.239738" lon="13.676637">
        <ele>142.3</ele>
      </trkpt>
      <trkpt lat="45.239784" lon="13.676437">
        <ele>142.3</ele>
      </trkpt>
      <trkpt lat="45.239868" lon="13.676256">
        <ele>141.7</ele>
      </trkpt>
      <trkpt lat="45.240234" lon="13.675662">
        <ele>139.2</ele>
      </trkpt>
      <trkpt lat="45.240513" lon="13.675257">
        <ele>138.3</ele>
      </trkpt>
      <trkpt lat="45.240608" lon="13.675094">
        <ele>138.2</ele>
      </trkpt>
      <trkpt lat="45.240658" lon="13.674904">
        <ele>138.0</ele>
      </trkpt>
      <trkpt lat="45.240677" lon="13.674487">
        <ele>137.3</ele>
      </trkpt>
      <trkpt lat="45.240726" lon="13.674186">
        <ele>136.7</ele>
      </trkpt>
      <trkpt lat="45.240791" lon="13.674012">
        <ele>136.6</ele>
      </trkpt>
      <trkpt lat="45.24115" lon="13.673393">
        <ele>136.0</ele>
      </trkpt>
      <trkpt lat="45.241196" lon="13.673292">
        <ele>135.3</ele>
      </trkpt>
      <trkpt lat="45.241261" lon="13.673064">
        <ele>134.0</ele>
      </trkpt>
      <trkpt lat="45.241501" lon="13.671385">
        <ele>130.2</ele>
      </trkpt>
      <trkpt lat="45.241516" lon="13.671179">
        <ele>130.2</ele>
      </trkpt>
      <trkpt lat="45.241512" lon="13.670682">
        <ele>130.3</ele>
      </trkpt>
      <trkpt lat="45.241543" lon="13.67037">
        <ele>129.6</ele>
      </trkpt>
      <trkpt lat="45.24194" lon="13.66803">
        <ele>126.2</ele>
      </trkpt>
      <trkpt lat="45.24194" lon="13.667898">
        <ele>126.6</ele>
      </trkpt>
      <trkpt lat="45.241924" lon="13.667833">
        <ele>126.7</ele>
      </trkpt>
      <trkpt lat="45.241707" lon="13.667302">
        <ele>126.6</ele>
      </trkpt>
      <trkpt lat="45.241684" lon="13.667172">
        <ele>126.6</ele>
      </trkpt>
      <trkpt lat="45.241707" lon="13.667054">
        <ele>126.6</ele>
      </trkpt>
      <trkpt lat="45.241768" lon="13.666972">
        <ele>126.6</ele>
      </trkpt>
      <trkpt lat="45.241844" lon="13.66692">
        <ele>127.0</ele>
      </trkpt>
      <trkpt lat="45.242222" lon="13.666717">
        <ele>127.2</ele>
      </trkpt>
      <trkpt lat="45.242489" lon="13.666471">
        <ele>125.7</ele>
      </trkpt>
      <trkpt lat="45.242756" lon="13.666152">
        <ele>123.7</ele>
      </trkpt>
      <trkpt lat="45.242931" lon="13.665865">
        <ele>123.3</ele>
      </trkpt>
      <trkpt lat="45.24308" lon="13.665583">
        <ele>123.7</ele>
      </trkpt>
      <trkpt lat="45.243195" lon="13.665305">
        <ele>124.0</ele>
      </trkpt>
      <trkpt lat="45.243252" lon="13.665057">
        <ele>124.2</ele>
      </trkpt>
      <trkpt lat="45.243328" lon="13.664519">
        <ele>124.3</ele>
      </trkpt>
      <trkpt lat="45.243469" lon="13.664079">
        <ele>124.6</ele>
      </trkpt>
      <trkpt lat="45.243492" lon="13.663929">
        <ele>124.6</ele>
      </trkpt>
      <trkpt lat="45.243496" lon="13.663537">
        <ele>124.3</ele>
      </trkpt>
      <trkpt lat="45.243542" lon="13.663318">
        <ele>123.6</ele>
      </trkpt>
      <trkpt lat="45.243816" lon="13.662777">
        <ele>124.0</ele>
      </trkpt>
      <trkpt lat="45.244003" lon="13.66251">
        <ele>124.3</ele>
      </trkpt>
      <trkpt lat="45.244228" lon="13.662291">
        <ele>124.2</ele>
      </trkpt>
      <trkpt lat="45.244461" lon="13.662121">
        <ele>124.2</ele>
      </trkpt>
      <trkpt lat="45.244549" lon="13.66202">
        <ele>123.7</ele>
      </trkpt>
      <trkpt lat="45.244606" lon="13.661884">
        <ele>123.3</ele>
      </trkpt>
      <trkpt lat="45.244675" lon="13.661582">
        <ele>122.7</ele>
      </trkpt>
      <trkpt lat="45.244717" lon="13.661376">
        <ele>122.6</ele>
      </trkpt>
      <trkpt lat="45.244724" lon="13.661222">
        <ele>122.6</ele>
      </trkpt>
      <trkpt lat="45.244694" lon="13.661111">
        <ele>122.3</ele>
      </trkpt>
      <trkpt lat="45.24461" lon="13.660933">
        <ele>121.6</ele>
      </trkpt>
      <trkpt lat="45.244427" lon="13.660715">
        <ele>120.3</ele>
      </trkpt>
      <trkpt lat="45.244339" lon="13.660569">
        <ele>119.7</ele>
      </trkpt>
      <trkpt lat="45.244267" lon="13.660304">
        <ele>118.6</ele>
      </trkpt>
      <trkpt lat="45.244186" lon="13.660148">
        <ele>118.0</ele>
      </trkpt>
      <trkpt lat="45.244064" lon="13.660039">
        <ele>117.2</ele>
      </trkpt>
      <trkpt lat="45.243843" lon="13.659937">
        <ele>116.0</ele>
      </trkpt>
      <trkpt lat="45.243706" lon="13.659849">
        <ele>115.3</ele>
      </trkpt>
      <trkpt lat="45.243416" lon="13.65951">
        <ele>114.3</ele>
      </trkpt>
      <trkpt lat="45.243214" lon="13.659326">
        <ele>113.6</ele>
      </trkpt>
      <trkpt lat="45.243019" lon="13.659107">
        <ele>112.3</ele>
      </trkpt>
      <trkpt lat="45.242798" lon="13.658939">
        <ele>111.0</ele>
      </trkpt>
      <trkpt lat="45.242729" lon="13.658865">
        <ele>110.6</ele>
      </trkpt>
      <trkpt lat="45.24263" lon="13.658663">
        <ele>109.7</ele>
      </trkpt>
      <trkpt lat="45.242504" lon="13.658119">
        <ele>109.2</ele>
      </trkpt>
      <trkpt lat="45.242474" lon="13.657916">
        <ele>109.2</ele>
      </trkpt>
      <trkpt lat="45.242474" lon="13.657518">
        <ele>108.7</ele>
      </trkpt>
      <trkpt lat="45.242405" lon="13.656431">
        <ele>108.0</ele>
      </trkpt>
      <trkpt lat="45.242371" lon="13.656258">
        <ele>107.6</ele>
      </trkpt>
      <trkpt lat="45.242172" lon="13.655609">
        <ele>106.7</ele>
      </trkpt>
      <trkpt lat="45.242111" lon="13.655356">
        <ele>106.2</ele>
      </trkpt>
      <trkpt lat="45.242012" lon="13.654729">
        <ele>105.2</ele>
      </trkpt>
      <trkpt lat="45.241997" lon="13.654263">
        <ele>105.2</ele>
      </trkpt>
      <trkpt lat="45.242065" lon="13.653654">
        <ele>103.6</ele>
      </trkpt>
      <trkpt lat="45.242069" lon="13.653453">
        <ele>103.2</ele>
      </trkpt>
      <trkpt lat="45.24202" lon="13.653153">
        <ele>102.6</ele>
      </trkpt>
      <trkpt lat="45.241947" lon="13.652965">
        <ele>102.0</ele>
      </trkpt>
      <trkpt lat="45.241852" lon="13.652803">
        <ele>101.6</ele>
      </trkpt>
      <trkpt lat="45.241787" lon="13.65274">
        <ele>101.3</ele>
      </trkpt>
      <trkpt lat="45.241642" lon="13.652644">
        <ele>100.7</ele>
      </trkpt>
      <trkpt lat="45.241425" lon="13.652551">
        <ele>100.0</ele>
      </trkpt>
      <trkpt lat="45.240963" lon="13.652394">
        <ele>98.6</ele>
      </trkpt>
      <trkpt lat="45.2407" lon="13.652248">
        <ele>98.6</ele>
      </trkpt>
      <trkpt lat="45.240273" lon="13.651976">
        <ele>100.0</ele>
      </trkpt>
      <trkpt lat="45.240135" lon="13.651821">
        <ele>100.2</ele>
      </trkpt>
      <trkpt lat="45.239845" lon="13.651404">
        <ele>99.3</ele>
      </trkpt>
      <trkpt lat="45.239777" lon="13.651277">
        <ele>99.3</ele>
      </trkpt>
      <trkpt lat="45.239597" lon="13.650783">
        <ele>98.6</ele>
      </trkpt>
      <trkpt lat="45.239559" lon="13.650414">
        <ele>97.7</ele>
      </trkpt>
      <trkpt lat="45.239567" lon="13.649272">
        <ele>94.2</ele>
      </trkpt>
      <trkpt lat="45.239552" lon="13.649173">
        <ele>93.7</ele>
      </trkpt>
      <trkpt lat="45.239407" lon="13.648697">
        <ele>92.2</ele>
      </trkpt>
      <trkpt lat="45.239246" lon="13.647926">
        <ele>90.3</ele>
      </trkpt>
      <trkpt lat="45.239216" lon="13.647684">
        <ele>89.2</ele>
      </trkpt>
      <trkpt lat="45.239204" lon="13.647311">
        <ele>87.7</ele>
      </trkpt>
      <trkpt lat="45.239227" lon="13.646929">
        <ele>86.6</ele>
      </trkpt>
      <trkpt lat="45.239349" lon="13.646253">
        <ele>85.6</ele>
      </trkpt>
      <trkpt lat="45.239365" lon="13.646044">
        <ele>85.6</ele>
      </trkpt>
      <trkpt lat="45.239342" lon="13.645846">
        <ele>85.3</ele>
      </trkpt>
      <trkpt lat="45.239208" lon="13.645404">
        <ele>85.0</ele>
      </trkpt>
      <trkpt lat="45.239178" lon="13.645212">
        <ele>85.0</ele>
      </trkpt>
      <trkpt lat="45.239182" lon="13.645121">
        <ele>85.2</ele>
      </trkpt>
      <trkpt lat="45.239216" lon="13.644954">
        <ele>85.6</ele>
      </trkpt>
      <trkpt lat="45.239307" lon="13.644665">
        <ele>86.0</ele>
      </trkpt>
      <trkpt lat="45.239548" lon="13.644111">
        <ele>86.6</ele>
      </trkpt>
      <trkpt lat="45.239578" lon="13.64395">
        <ele>86.3</ele>
      </trkpt>
      <trkpt lat="45.239574" lon="13.643782">
        <ele>86.2</ele>
      </trkpt>
      <trkpt lat="45.239479" lon="13.643074">
        <ele>84.7</ele>
      </trkpt>
      <trkpt lat="45.239464" lon="13.642476">
        <ele>84.3</ele>
      </trkpt>
      <trkpt lat="45.239445" lon="13.642373">
        <ele>84.6</ele>
      </trkpt>
      <trkpt lat="45.239368" lon="13.642171">
        <ele>84.7</ele>
      </trkpt>
      <trkpt lat="45.239151" lon="13.641829">
        <ele>84.0</ele>
      </trkpt>
      <trkpt lat="45.238869" lon="13.641519">
        <ele>83.3</ele>
      </trkpt>
      <trkpt lat="45.238453" lon="13.64118">
        <ele>81.3</ele>
      </trkpt>
      <trkpt lat="45.2384" lon="13.641107">
        <ele>81.2</ele>
      </trkpt>
      <trkpt lat="45.238361" lon="13.641016">
        <ele>80.7</ele>
      </trkpt>
      <trkpt lat="45.238338" lon="13.640905">
        <ele>80.3</ele>
      </trkpt>
      <trkpt lat="45.238346" lon="13.640423">
        <ele>78.3</ele>
      </trkpt>
      <trkpt lat="45.238312" lon="13.639952">
        <ele>76.7</ele>
      </trkpt>
      <trkpt lat="45.238075" lon="13.638429">
        <ele>71.2</ele>
      </trkpt>
      <trkpt lat="45.238022" lon="13.638185">
        <ele>70.2</ele>
      </trkpt>
      <trkpt lat="45.23798" lon="13.638066">
        <ele>69.6</ele>
      </trkpt>
      <trkpt lat="45.237804" lon="13.637729">
        <ele>67.3</ele>
      </trkpt>
      <trkpt lat="45.237663" lon="13.637516">
        <ele>65.7</ele>
      </trkpt>
      <trkpt lat="45.237583" lon="13.637427">
        <ele>65.3</ele>
      </trkpt>
      <trkpt lat="45.237152" lon="13.637065">
        <ele>63.3</ele>
      </trkpt>
      <trkpt lat="45.2369" lon="13.636689">
        <ele>62.6</ele>
      </trkpt>
      <trkpt lat="45.236774" lon="13.636535">
        <ele>62.7</ele>
      </trkpt>
      <trkpt lat="45.236324" lon="13.636139">
        <ele>63.7</ele>
      </trkpt>
      <trkpt lat="45.236015" lon="13.635826">
        <ele>64.3</ele>
      </trkpt>
      <trkpt lat="45.235844" lon="13.635569">
        <ele>64.3</ele>
      </trkpt>
      <trkpt lat="45.235695" lon="13.63525">
        <ele>64.6</ele>
      </trkpt>
      <trkpt lat="45.235619" lon="13.63514">
        <ele>64.7</ele>
      </trkpt>
      <trkpt lat="45.235569" lon="13.635098">
        <ele>64.7</ele>
      </trkpt>
      <trkpt lat="45.235458" lon="13.635051">
        <ele>64.6</ele>
      </trkpt>
      <trkpt lat="45.235218" lon="13.635054">
        <ele>64.2</ele>
      </trkpt>
      <trkpt lat="45.235096" lon="13.635018">
        <ele>64.0</ele>
      </trkpt>
      <trkpt lat="45.234928" lon="13.634942">
        <ele>63.3</ele>
      </trkpt>
      <trkpt lat="45.234562" lon="13.634754">
        <ele>63.0</ele>
      </trkpt>
      <trkpt lat="45.234459" lon="13.634686">
        <ele>62.7</ele>
      </trkpt>
      <trkpt lat="45.234364" lon="13.63459">
        <ele>62.7</ele>
      </trkpt>
      <trkpt lat="45.234325" lon="13.63452">
        <ele>62.6</ele>
      </trkpt>
      <trkpt lat="45.234299" lon="13.634349">
        <ele>62.2</ele>
      </trkpt>
      <trkpt lat="45.234383" lon="13.63367">
        <ele>61.2</ele>
      </trkpt>
      <trkpt lat="45.234383" lon="13.633494">
        <ele>61.0</ele>
      </trkpt>
      <trkpt lat="45.234257" lon="13.632604">
        <ele>60.3</ele>
      </trkpt>
      <trkpt lat="45.234165" lon="13.632101">
        <ele>60.2</ele>
      </trkpt>
      <trkpt lat="45.233982" lon="13.631429">
        <ele>57.6</ele>
      </trkpt>
      <trkpt lat="45.233582" lon="13.630416">
        <ele>54.7</ele>
      </trkpt>
      <trkpt lat="45.233212" lon="13.629424">
        <ele>55.3</ele>
      </trkpt>
      <trkpt lat="45.232506" lon="13.627234">
        <ele>55.0</ele>
      </trkpt>
      <trkpt lat="45.232361" lon="13.626925">
        <ele>54.0</ele>
      </trkpt>
      <trkpt lat="45.231895" lon="13.62609">
        <ele>49.0</ele>
      </trkpt>
      <trkpt lat="45.2314" lon="13.625302">
        <ele>46.7</ele>
      </trkpt>
      <trkpt lat="45.231239" lon="13.624954">
        <ele>46.2</ele>
      </trkpt>
      <trkpt lat="45.231045" lon="13.624381">
        <ele>45.0</ele>
      </trkpt>
      <trkpt lat="45.230938" lon="13.623887">
        <ele>44.2</ele>
      </trkpt>
      <trkpt lat="45.2309" lon="13.623616">
        <ele>44.0</ele>
      </trkpt>
      <trkpt lat="45.2309" lon="13.623161">
        <ele>44.0</ele>
      </trkpt>
      <trkpt lat="45.230984" lon="13.622975">
        <ele>44.3</ele>
      </trkpt>
      <trkpt lat="45.231018" lon="13.622835">
        <ele>44.2</ele>
      </trkpt>
      <trkpt lat="45.230999" lon="13.622677">
        <ele>43.7</ele>
      </trkpt>
      <trkpt lat="45.230927" lon="13.62246">
        <ele>43.2</ele>
      </trkpt>
      <trkpt lat="45.230896" lon="13.622156">
        <ele>42.7</ele>
      </trkpt>
      <trkpt lat="45.230865" lon="13.621213">
        <ele>42.3</ele>
      </trkpt>
      <trkpt lat="45.230881" lon="13.621061">
        <ele>42.7</ele>
      </trkpt>
      <trkpt lat="45.230934" lon="13.620839">
        <ele>42.7</ele>
      </trkpt>
      <trkpt lat="45.23093" lon="13.620759">
        <ele>42.7</ele>
      </trkpt>
      <trkpt lat="45.230827" lon="13.620477">
        <ele>42.6</ele>
      </trkpt>
      <trkpt lat="45.230762" lon="13.620178">
        <ele>42.3</ele>
      </trkpt>
      <trkpt lat="45.230705" lon="13.619541">
        <ele>42.3</ele>
      </trkpt>
      <trkpt lat="45.230705" lon="13.619219">
        <ele>42.2</ele>
      </trkpt>
      <trkpt lat="45.23074" lon="13.619087">
        <ele>42.6</ele>
      </trkpt>
      <trkpt lat="45.230812" lon="13.618915">
        <ele>43.2</ele>
      </trkpt>
      <trkpt lat="45.230827" lon="13.618821">
        <ele>43.2</ele>
      </trkpt>
      <trkpt lat="45.230793" lon="13.618672">
        <ele>43.0</ele>
      </trkpt>
      <trkpt lat="45.230705" lon="13.618476">
        <ele>43.0</ele>
      </trkpt>
      <trkpt lat="45.230679" lon="13.618322">
        <ele>43.0</ele>
      </trkpt>
      <trkpt lat="45.230633" lon="13.616879">
        <ele>39.7</ele>
      </trkpt>
      <trkpt lat="45.230618" lon="13.615899">
        <ele>36.7</ele>
      </trkpt>
      <trkpt lat="45.230633" lon="13.615641">
        <ele>36.0</ele>
      </trkpt>
      <trkpt lat="45.230545" lon="13.615006">
        <ele>35.2</ele>
      </trkpt>
      <trkpt lat="45.230526" lon="13.614705">
        <ele>34.6</ele>
      </trkpt>
      <trkpt lat="45.230545" lon="13.610092">
        <ele>25.2</ele>
      </trkpt>
      <trkpt lat="45.230572" lon="13.609591">
        <ele>24.2</ele>
      </trkpt>
      <trkpt lat="45.230648" lon="13.609333">
        <ele>23.6</ele>
      </trkpt>
      <trkpt lat="45.230602" lon="13.608905">
        <ele>22.7</ele>
      </trkpt>
      <trkpt lat="45.230614" lon="13.608391">
        <ele>22.6</ele>
      </trkpt>
      <trkpt lat="45.230804" lon="13.604531">
        <ele>15.2</ele>
      </trkpt>
      <trkpt lat="45.230839" lon="13.604197">
        <ele>15.6</ele>
      </trkpt>
      <trkpt lat="45.230923" lon="13.603971">
        <ele>15.3</ele>
      </trkpt>
      <trkpt lat="45.230934" lon="13.603901">
        <ele>15.2</ele>
      </trkpt>
      <trkpt lat="45.23093" lon="13.603825">
        <ele>15.0</ele>
      </trkpt>
      <trkpt lat="45.230843" lon="13.603515">
        <ele>14.0</ele>
      </trkpt>
      <trkpt lat="45.230824" lon="13.603343">
        <ele>13.6</ele>
      </trkpt>
      <trkpt lat="45.230778" lon="13.602074">
        <ele>8.1</ele>
      </trkpt>
      <trkpt lat="45.230785" lon="13.601634">
        <ele>7.8</ele>
      </trkpt>
      <trkpt lat="45.230843" lon="13.601133">
        <ele>7.1</ele>
      </trkpt>
      <trkpt lat="45.23093" lon="13.600868">
        <ele>6.8</ele>
      </trkpt>
      <trkpt lat="45.230938" lon="13.600785">
        <ele>6.6</ele>
      </trkpt>
      <trkpt lat="45.230911" lon="13.600718">
        <ele>6.3</ele>
      </trkpt>
      <trkpt lat="45.230751" lon="13.600612">
        <ele>6.1</ele>
      </trkpt>
      <trkpt lat="45.230572" lon="13.600467">
        <ele>5.3</ele>
      </trkpt>
      <trkpt lat="45.229118" lon="13.599507">
        <ele>1.3</ele>
      </trkpt>
      <trkpt lat="45.228977" lon="13.599399">
        <ele>1.3</ele>
      </trkpt>
      <trkpt lat="45.22884" lon="13.599266">
        <ele>1.8</ele>
      </trkpt>
      <trkpt lat="45.228603" lon="13.599205">
        <ele>2.8</ele>
      </trkpt>
      <trkpt lat="45.228416" lon="13.599117">
        <ele>3.3</ele>
      </trkpt>
      <trkpt lat="45.227898" lon="13.598994">
        <ele>4.6</ele>
      </trkpt>
      <trkpt lat="45.227051" lon="13.598742">
        <ele>7.3</ele>
      </trkpt>
      <trkpt lat="45.226807" lon="13.598643">
        <ele>8.0</ele>
      </trkpt>
      <trkpt lat="45.226734" lon="13.598569">
        <ele>8.6</ele>
      </trkpt>
      <trkpt lat="45.226692" lon="13.598468">
        <ele>9.1</ele>
      </trkpt>
      <trkpt lat="45.226673" lon="13.598307">
        <ele>9.8</ele>
      </trkpt>
      <trkpt lat="45.226704" lon="13.59798">
        <ele>10.0</ele>
      </trkpt>
      <trkpt lat="45.227097" lon="13.596473">
        <ele>9.3</ele>
      </trkpt>
      <trkpt lat="45.227154" lon="13.596201">
        <ele>9.0</ele>
      </trkpt>
      <trkpt lat="45.227127" lon="13.595881">
        <ele>8.1</ele>
      </trkpt>
      <trkpt lat="45.227097" lon="13.59583">
        <ele>8.1</ele>
      </trkpt>
      <trkpt lat="45.226959" lon="13.595708">
        <ele>8.0</ele>
      </trkpt>
      <trkpt lat="45.226917" lon="13.595619">
        <ele>8.1</ele>
      </trkpt>
      <trkpt lat="45.226929" lon="13.595156">
        <ele>6.6</ele>
      </trkpt>
      <trkpt lat="45.226875" lon="13.59448">
        <ele>4.3</ele>
      </trkpt>
      <trkpt lat="45.226913" lon="13.594074">
        <ele>3.0</ele>
      </trkpt>
      <trkpt lat="45.226948" lon="13.593941">
        <ele>2.8</ele>
      </trkpt>
      <trkpt lat="45.227005" lon="13.59384">
        <ele>2.6</ele>
      </trkpt>
      <trkpt lat="45.227047" lon="13.593657">
        <ele>2.3</ele>
      </trkpt>
      <trkpt lat="45.227077" lon="13.593383">
        <ele>2.6</ele>
      </trkpt>
      <trkpt lat="45.227158" lon="13.592965">
        <ele>2.8</ele>
      </trkpt>
      <trkpt lat="45.227184" lon="13.592608">
        <ele>2.8</ele>
      </trkpt>
      <trkpt lat="45.227139" lon="13.592422">
        <ele>2.1</ele>
      </trkpt>
      <trkpt lat="45.227161" lon="13.592009">
        <ele>1.3</ele>
      </trkpt>
      <trkpt lat="45.227119" lon="13.591729">
        <ele>1.0</ele>
      </trkpt>
      <trkpt lat="45.227226" lon="13.591261">
        <ele>1.1</ele>
      </trkpt>
      <trkpt lat="45.227287" lon="13.591072">
        <ele>1.3</ele>
      </trkpt>
      <trkpt lat="45.227367" lon="13.590611">
        <ele>1.1</ele>
      </trkpt>
      <trkpt lat="45.227463" lon="13.590278">
        <ele>1.6</ele>
      </trkpt>
      <trkpt lat="45.227531" lon="13.590144">
        <ele>2.0</ele>
      </trkpt>
      <trkpt lat="45.227779" lon="13.589861">
        <ele>2.6</ele>
      </trkpt>
      <trkpt lat="45.227795" lon="13.589834">
        <ele>2.6</ele>
      </trkpt>
      <trkpt lat="45.227787" lon="13.589777">
        <ele>2.3</ele>
      </trkpt>
      <trkpt lat="45.227825" lon="13.589718">
        <ele>2.6</ele>
      </trkpt>
      <trkpt lat="45.22784" lon="13.589739">
        <ele>2.6</ele>
      </trkpt>
      <trkpt lat="45.227798" lon="13.589752">
        <ele>2.3</ele>
      </trkpt>
      <trkpt lat="45.227772" lon="13.589783">
        <ele>2.3</ele>
      </trkpt>
      <trkpt lat="45.227821" lon="13.589814">
        <ele>2.3</ele>
      </trkpt>
    </trkseg>
  </trk>
</gpx>
