<?xml version="1.0" encoding="UTF-8"?>
<gpx xmlns:gpxdata="http://www.cluetrust.com/XML/GPXDATA/1/0" xmlns:xsi="http://www.w3.org/2001/XMLSchema-instance" xmlns="http://www.topografix.com/GPX/1/1" version="1.1" creator="http://ridewithgps.com/" xsi:schemaLocation="http://www.topografix.com/GPX/1/1 http://www.topografix.com/GPX/1/1/gpx.xsd http://www.cluetrust.com/XML/GPXDATA/1/0 http://www.cluetrust.com/Schemas/gpxdata10.xsd">
  <metadata>
    <name>CZ_Day1</name>
    <link href="https://ridewithgps.com/routes/54979314">
      <text>CZ_Day1</text>
    </link>
    <time>2026-05-05T08:59:33Z</time>
  </metadata>
  <trk>
    <name>CZ_Day1</name>
    <trkseg>
      <trkpt lat="30.275297" lon="-91.89785">
        <ele>13.3</ele>
      </trkpt>
      <trkpt lat="30.275475" lon="-91.89769">
        <ele>13.5</ele>
      </trkpt>
      <trkpt lat="30.275581" lon="-91.897621">
        <ele>13.7</ele>
      </trkpt>
      <trkpt lat="30.275948" lon="-91.897316">
        <ele>14.3</ele>
      </trkpt>
      <trkpt lat="30.276608" lon="-91.896614">
        <ele>15.2</ele>
      </trkpt>
      <trkpt lat="30.277161" lon="-91.895729">
        <ele>15.6</ele>
      </trkpt>
      <trkpt lat="30.277311" lon="-91.895523">
        <ele>15.6</ele>
      </trkpt>
      <trkpt lat="30.277727" lon="-91.894875">
        <ele>16.3</ele>
      </trkpt>
      <trkpt lat="30.277782" lon="-91.894814">
        <ele>16.3</ele>
      </trkpt>
      <trkpt lat="30.278093" lon="-91.8946">
        <ele>16.6</ele>
      </trkpt>
      <trkpt lat="30.278214" lon="-91.894463">
        <ele>16.6</ele>
      </trkpt>
      <trkpt lat="30.278631" lon="-91.893791">
        <ele>16.3</ele>
      </trkpt>
      <trkpt lat="30.279568" lon="-91.892189">
        <ele>17.6</ele>
      </trkpt>
      <trkpt lat="30.280966" lon="-91.889709">
        <ele>15.6</ele>
      </trkpt>
      <trkpt lat="30.281643" lon="-91.888626">
        <ele>15.3</ele>
      </trkpt>
      <trkpt lat="30.281971" lon="-91.888023">
        <ele>15.2</ele>
      </trkpt>
      <trkpt lat="30.282282" lon="-91.88752">
        <ele>15.0</ele>
      </trkpt>
      <trkpt lat="30.282892" lon="-91.886444">
        <ele>15.0</ele>
      </trkpt>
      <trkpt lat="30.283787" lon="-91.884926">
        <ele>14.6</ele>
      </trkpt>
      <trkpt lat="30.285362" lon="-91.882172">
        <ele>14.6</ele>
      </trkpt>
      <trkpt lat="30.287933" lon="-91.877838">
        <ele>13.0</ele>
      </trkpt>
      <trkpt lat="30.287951" lon="-91.8778">
        <ele>13.0</ele>
      </trkpt>
      <trkpt lat="30.287954" lon="-91.877708">
        <ele>12.7</ele>
      </trkpt>
      <trkpt lat="30.287886" lon="-91.877563">
        <ele>12.7</ele>
      </trkpt>
      <trkpt lat="30.287224" lon="-91.876579">
        <ele>12.7</ele>
      </trkpt>
      <trkpt lat="30.286871" lon="-91.876022">
        <ele>12.7</ele>
      </trkpt>
      <trkpt lat="30.286669" lon="-91.87574">
        <ele>12.6</ele>
      </trkpt>
      <trkpt lat="30.286633" lon="-91.875702">
        <ele>12.6</ele>
      </trkpt>
      <trkpt lat="30.286551" lon="-91.875656">
        <ele>12.6</ele>
      </trkpt>
      <trkpt lat="30.286304" lon="-91.875603">
        <ele>12.3</ele>
      </trkpt>
      <trkpt lat="30.286219" lon="-91.875526">
        <ele>12.3</ele>
      </trkpt>
      <trkpt lat="30.286083" lon="-91.875229">
        <ele>12.6</ele>
      </trkpt>
      <trkpt lat="30.285957" lon="-91.875008">
        <ele>12.6</ele>
      </trkpt>
      <trkpt lat="30.285637" lon="-91.874512">
        <ele>12.6</ele>
      </trkpt>
      <trkpt lat="30.285254" lon="-91.873978">
        <ele>13.0</ele>
      </trkpt>
      <trkpt lat="30.284563" lon="-91.873207">
        <ele>13.2</ele>
      </trkpt>
      <trkpt lat="30.283781" lon="-91.872414">
        <ele>13.3</ele>
      </trkpt>
      <trkpt lat="30.283432" lon="-91.872108">
        <ele>13.2</ele>
      </trkpt>
      <trkpt lat="30.282721" lon="-91.871651">
        <ele>13.0</ele>
      </trkpt>
      <trkpt lat="30.281521" lon="-91.870918">
        <ele>13.2</ele>
      </trkpt>
      <trkpt lat="30.276712" lon="-91.868217">
        <ele>12.7</ele>
      </trkpt>
      <trkpt lat="30.275038" lon="-91.867157">
        <ele>12.0</ele>
      </trkpt>
      <trkpt lat="30.271402" lon="-91.864799">
        <ele>11.8</ele>
      </trkpt>
      <trkpt lat="30.270922" lon="-91.86454">
        <ele>12.0</ele>
      </trkpt>
      <trkpt lat="30.269604" lon="-91.863976">
        <ele>11.6</ele>
      </trkpt>
      <trkpt lat="30.268726" lon="-91.863564">
        <ele>11.0</ele>
      </trkpt>
      <trkpt lat="30.268644" lon="-91.863503">
        <ele>11.1</ele>
      </trkpt>
      <trkpt lat="30.268587" lon="-91.863403">
        <ele>11.6</ele>
      </trkpt>
      <trkpt lat="30.268534" lon="-91.863174">
        <ele>12.0</ele>
      </trkpt>
      <trkpt lat="30.268339" lon="-91.862701">
        <ele>12.3</ele>
      </trkpt>
      <trkpt lat="30.268265" lon="-91.862381">
        <ele>12.7</ele>
      </trkpt>
      <trkpt lat="30.268244" lon="-91.861519">
        <ele>12.7</ele>
      </trkpt>
      <trkpt lat="30.268236" lon="-91.85936">
        <ele>13.3</ele>
      </trkpt>
      <trkpt lat="30.268211" lon="-91.858032">
        <ele>13.2</ele>
      </trkpt>
      <trkpt lat="30.268242" lon="-91.857536">
        <ele>13.6</ele>
      </trkpt>
      <trkpt lat="30.268311" lon="-91.857292">
        <ele>13.6</ele>
      </trkpt>
      <trkpt lat="30.2684" lon="-91.857063">
        <ele>13.6</ele>
      </trkpt>
      <trkpt lat="30.268774" lon="-91.856422">
        <ele>13.3</ele>
      </trkpt>
      <trkpt lat="30.272961" lon="-91.849739">
        <ele>12.6</ele>
      </trkpt>
      <trkpt lat="30.275053" lon="-91.846352">
        <ele>12.6</ele>
      </trkpt>
      <trkpt lat="30.275785" lon="-91.845207">
        <ele>11.3</ele>
      </trkpt>
      <trkpt lat="30.277477" lon="-91.842491">
        <ele>11.0</ele>
      </trkpt>
      <trkpt lat="30.278124" lon="-91.841492">
        <ele>11.3</ele>
      </trkpt>
      <trkpt lat="30.278494" lon="-91.840858">
        <ele>11.3</ele>
      </trkpt>
      <trkpt lat="30.280102" lon="-91.838318">
        <ele>11.0</ele>
      </trkpt>
      <trkpt lat="30.28023" lon="-91.838158">
        <ele>11.0</ele>
      </trkpt>
      <trkpt lat="30.280285" lon="-91.838112">
        <ele>11.0</ele>
      </trkpt>
      <trkpt lat="30.280407" lon="-91.838051">
        <ele>11.0</ele>
      </trkpt>
      <trkpt lat="30.281387" lon="-91.837868">
        <ele>11.0</ele>
      </trkpt>
      <trkpt lat="30.28211" lon="-91.837608">
        <ele>10.8</ele>
      </trkpt>
      <trkpt lat="30.282518" lon="-91.837532">
        <ele>11.1</ele>
      </trkpt>
      <trkpt lat="30.287842" lon="-91.837532">
        <ele>12.3</ele>
      </trkpt>
      <trkpt lat="30.288177" lon="-91.837494">
        <ele>12.0</ele>
      </trkpt>
      <trkpt lat="30.288574" lon="-91.837395">
        <ele>12.0</ele>
      </trkpt>
      <trkpt lat="30.288708" lon="-91.837379">
        <ele>12.0</ele>
      </trkpt>
      <trkpt lat="30.29007" lon="-91.837387">
        <ele>11.6</ele>
      </trkpt>
      <trkpt lat="30.290329" lon="-91.837372">
        <ele>11.3</ele>
      </trkpt>
      <trkpt lat="30.290373" lon="-91.837341">
        <ele>11.3</ele>
      </trkpt>
      <trkpt lat="30.29039" lon="-91.837273">
        <ele>11.3</ele>
      </trkpt>
      <trkpt lat="30.290375" lon="-91.836876">
        <ele>11.8</ele>
      </trkpt>
      <trkpt lat="30.290396" lon="-91.833221">
        <ele>12.2</ele>
      </trkpt>
      <trkpt lat="30.29034" lon="-91.832748">
        <ele>11.8</ele>
      </trkpt>
      <trkpt lat="30.290211" lon="-91.83213">
        <ele>11.8</ele>
      </trkpt>
      <trkpt lat="30.289881" lon="-91.831192">
        <ele>12.0</ele>
      </trkpt>
      <trkpt lat="30.289789" lon="-91.830826">
        <ele>12.2</ele>
      </trkpt>
      <trkpt lat="30.289736" lon="-91.830368">
        <ele>12.0</ele>
      </trkpt>
      <trkpt lat="30.289753" lon="-91.829979">
        <ele>12.0</ele>
      </trkpt>
      <trkpt lat="30.28981" lon="-91.829666">
        <ele>12.0</ele>
      </trkpt>
      <trkpt lat="30.290071" lon="-91.828674">
        <ele>11.8</ele>
      </trkpt>
      <trkpt lat="30.290354" lon="-91.827751">
        <ele>12.3</ele>
      </trkpt>
      <trkpt lat="30.290611" lon="-91.827087">
        <ele>12.0</ele>
      </trkpt>
      <trkpt lat="30.291021" lon="-91.826408">
        <ele>12.2</ele>
      </trkpt>
      <trkpt lat="30.291563" lon="-91.825592">
        <ele>11.3</ele>
      </trkpt>
      <trkpt lat="30.291836" lon="-91.825226">
        <ele>11.6</ele>
      </trkpt>
      <trkpt lat="30.291952" lon="-91.825096">
        <ele>11.3</ele>
      </trkpt>
      <trkpt lat="30.292" lon="-91.824989">
        <ele>11.3</ele>
      </trkpt>
      <trkpt lat="30.292" lon="-91.824921">
        <ele>11.3</ele>
      </trkpt>
      <trkpt lat="30.291922" lon="-91.824799">
        <ele>11.3</ele>
      </trkpt>
      <trkpt lat="30.291288" lon="-91.824211">
        <ele>11.1</ele>
      </trkpt>
      <trkpt lat="30.290565" lon="-91.823456">
        <ele>11.1</ele>
      </trkpt>
      <trkpt lat="30.29038" lon="-91.823242">
        <ele>11.3</ele>
      </trkpt>
      <trkpt lat="30.290312" lon="-91.82312">
        <ele>11.1</ele>
      </trkpt>
      <trkpt lat="30.290291" lon="-91.823044">
        <ele>11.1</ele>
      </trkpt>
      <trkpt lat="30.29027" lon="-91.822815">
        <ele>11.1</ele>
      </trkpt>
      <trkpt lat="30.290228" lon="-91.821487">
        <ele>11.3</ele>
      </trkpt>
      <trkpt lat="30.290188" lon="-91.819321">
        <ele>10.8</ele>
      </trkpt>
      <trkpt lat="30.290138" lon="-91.817917">
        <ele>10.8</ele>
      </trkpt>
      <trkpt lat="30.290174" lon="-91.8162">
        <ele>10.8</ele>
      </trkpt>
      <trkpt lat="30.290243" lon="-91.815582">
        <ele>11.1</ele>
      </trkpt>
      <trkpt lat="30.290241" lon="-91.814659">
        <ele>12.0</ele>
      </trkpt>
      <trkpt lat="30.290266" lon="-91.814026">
        <ele>12.2</ele>
      </trkpt>
      <trkpt lat="30.290258" lon="-91.813538">
        <ele>12.0</ele>
      </trkpt>
      <trkpt lat="30.290276" lon="-91.813469">
        <ele>12.0</ele>
      </trkpt>
      <trkpt lat="30.29031" lon="-91.813416">
        <ele>12.0</ele>
      </trkpt>
      <trkpt lat="30.290417" lon="-91.813347">
        <ele>12.0</ele>
      </trkpt>
      <trkpt lat="30.290668" lon="-91.813347">
        <ele>12.0</ele>
      </trkpt>
      <trkpt lat="30.290781" lon="-91.813301">
        <ele>12.0</ele>
      </trkpt>
      <trkpt lat="30.290821" lon="-91.813255">
        <ele>12.0</ele>
      </trkpt>
      <trkpt lat="30.290846" lon="-91.813194">
        <ele>12.2</ele>
      </trkpt>
      <trkpt lat="30.290865" lon="-91.813049">
        <ele>12.2</ele>
      </trkpt>
      <trkpt lat="30.29084" lon="-91.812126">
        <ele>11.3</ele>
      </trkpt>
      <trkpt lat="30.290878" lon="-91.807716">
        <ele>9.3</ele>
      </trkpt>
      <trkpt lat="30.290869" lon="-91.803505">
        <ele>9.0</ele>
      </trkpt>
      <trkpt lat="30.29089" lon="-91.803398">
        <ele>8.8</ele>
      </trkpt>
      <trkpt lat="30.290922" lon="-91.803352">
        <ele>8.8</ele>
      </trkpt>
      <trkpt lat="30.291023" lon="-91.803307">
        <ele>8.6</ele>
      </trkpt>
      <trkpt lat="30.29191" lon="-91.803314">
        <ele>9.1</ele>
      </trkpt>
      <trkpt lat="30.292055" lon="-91.803337">
        <ele>9.1</ele>
      </trkpt>
      <trkpt lat="30.292269" lon="-91.803345">
        <ele>9.1</ele>
      </trkpt>
      <trkpt lat="30.292553" lon="-91.803322">
        <ele>9.0</ele>
      </trkpt>
      <trkpt lat="30.293411" lon="-91.803322">
        <ele>9.8</ele>
      </trkpt>
      <trkpt lat="30.29369" lon="-91.803337">
        <ele>9.3</ele>
      </trkpt>
      <trkpt lat="30.294331" lon="-91.803322">
        <ele>9.3</ele>
      </trkpt>
      <trkpt lat="30.295467" lon="-91.803337">
        <ele>9.6</ele>
      </trkpt>
      <trkpt lat="30.295666" lon="-91.803352">
        <ele>10.0</ele>
      </trkpt>
      <trkpt lat="30.297466" lon="-91.803329">
        <ele>11.6</ele>
      </trkpt>
      <trkpt lat="30.299164" lon="-91.803276">
        <ele>11.0</ele>
      </trkpt>
      <trkpt lat="30.300558" lon="-91.803207">
        <ele>10.6</ele>
      </trkpt>
      <trkpt lat="30.301279" lon="-91.803192">
        <ele>10.0</ele>
      </trkpt>
      <trkpt lat="30.301559" lon="-91.803177">
        <ele>9.8</ele>
      </trkpt>
      <trkpt lat="30.301956" lon="-91.803123">
        <ele>9.6</ele>
      </trkpt>
      <trkpt lat="30.303396" lon="-91.803116">
        <ele>9.1</ele>
      </trkpt>
      <trkpt lat="30.305763" lon="-91.803017">
        <ele>10.0</ele>
      </trkpt>
      <trkpt lat="30.306278" lon="-91.802979">
        <ele>10.1</ele>
      </trkpt>
      <trkpt lat="30.307993" lon="-91.802933">
        <ele>11.0</ele>
      </trkpt>
      <trkpt lat="30.308439" lon="-91.802933">
        <ele>11.0</ele>
      </trkpt>
      <trkpt lat="30.309486" lon="-91.803009">
        <ele>11.1</ele>
      </trkpt>
      <trkpt lat="30.310919" lon="-91.802948">
        <ele>11.8</ele>
      </trkpt>
      <trkpt lat="30.311728" lon="-91.802895">
        <ele>11.1</ele>
      </trkpt>
      <trkpt lat="30.312187" lon="-91.802902">
        <ele>11.1</ele>
      </trkpt>
      <trkpt lat="30.312378" lon="-91.802963">
        <ele>11.1</ele>
      </trkpt>
      <trkpt lat="30.312422" lon="-91.802963">
        <ele>11.1</ele>
      </trkpt>
      <trkpt lat="30.312462" lon="-91.80294">
        <ele>11.3</ele>
      </trkpt>
      <trkpt lat="30.312506" lon="-91.802849">
        <ele>11.3</ele>
      </trkpt>
      <trkpt lat="30.312569" lon="-91.802521">
        <ele>12.2</ele>
      </trkpt>
      <trkpt lat="30.312605" lon="-91.802139">
        <ele>13.0</ele>
      </trkpt>
      <trkpt lat="30.312607" lon="-91.801819">
        <ele>13.0</ele>
      </trkpt>
      <trkpt lat="30.312332" lon="-91.795341">
        <ele>11.3</ele>
      </trkpt>
      <trkpt lat="30.312325" lon="-91.794716">
        <ele>11.3</ele>
      </trkpt>
      <trkpt lat="30.312355" lon="-91.794281">
        <ele>11.6</ele>
      </trkpt>
      <trkpt lat="30.312433" lon="-91.793762">
        <ele>11.6</ele>
      </trkpt>
      <trkpt lat="30.312532" lon="-91.793335">
        <ele>11.3</ele>
      </trkpt>
      <trkpt lat="30.313631" lon="-91.78952">
        <ele>11.3</ele>
      </trkpt>
      <trkpt lat="30.314064" lon="-91.788078">
        <ele>11.8</ele>
      </trkpt>
      <trkpt lat="30.314112" lon="-91.788017">
        <ele>12.0</ele>
      </trkpt>
      <trkpt lat="30.314188" lon="-91.787979">
        <ele>12.3</ele>
      </trkpt>
      <trkpt lat="30.314291" lon="-91.787987">
        <ele>12.6</ele>
      </trkpt>
      <trkpt lat="30.316242" lon="-91.788483">
        <ele>13.6</ele>
      </trkpt>
      <trkpt lat="30.317492" lon="-91.788696">
        <ele>12.3</ele>
      </trkpt>
      <trkpt lat="30.318308" lon="-91.788803">
        <ele>12.3</ele>
      </trkpt>
      <trkpt lat="30.320009" lon="-91.789062">
        <ele>11.8</ele>
      </trkpt>
      <trkpt lat="30.322535" lon="-91.789398">
        <ele>12.0</ele>
      </trkpt>
      <trkpt lat="30.324118" lon="-91.789604">
        <ele>12.7</ele>
      </trkpt>
      <trkpt lat="30.324575" lon="-91.78965">
        <ele>12.7</ele>
      </trkpt>
      <trkpt lat="30.324791" lon="-91.78965">
        <ele>12.7</ele>
      </trkpt>
      <trkpt lat="30.326738" lon="-91.789452">
        <ele>13.0</ele>
      </trkpt>
      <trkpt lat="30.327255" lon="-91.789383">
        <ele>13.3</ele>
      </trkpt>
      <trkpt lat="30.328321" lon="-91.789276">
        <ele>13.3</ele>
      </trkpt>
      <trkpt lat="30.334137" lon="-91.78862">
        <ele>12.6</ele>
      </trkpt>
      <trkpt lat="30.335833" lon="-91.788414">
        <ele>13.2</ele>
      </trkpt>
      <trkpt lat="30.336931" lon="-91.7883">
        <ele>12.3</ele>
      </trkpt>
      <trkpt lat="30.33799" lon="-91.788162">
        <ele>12.6</ele>
      </trkpt>
      <trkpt lat="30.34026" lon="-91.78791">
        <ele>12.6</ele>
      </trkpt>
      <trkpt lat="30.340492" lon="-91.787872">
        <ele>12.6</ele>
      </trkpt>
      <trkpt lat="30.3416" lon="-91.78775">
        <ele>12.7</ele>
      </trkpt>
      <trkpt lat="30.34182" lon="-91.787743">
        <ele>12.3</ele>
      </trkpt>
      <trkpt lat="30.342232" lon="-91.787689">
        <ele>12.3</ele>
      </trkpt>
      <trkpt lat="30.342911" lon="-91.787628">
        <ele>11.8</ele>
      </trkpt>
      <trkpt lat="30.342976" lon="-91.787651">
        <ele>11.8</ele>
      </trkpt>
      <trkpt lat="30.343031" lon="-91.787697">
        <ele>11.6</ele>
      </trkpt>
      <trkpt lat="30.343109" lon="-91.787842">
        <ele>11.1</ele>
      </trkpt>
      <trkpt lat="30.343136" lon="-91.788254">
        <ele>11.0</ele>
      </trkpt>
      <trkpt lat="30.343082" lon="-91.790726">
        <ele>11.1</ele>
      </trkpt>
      <trkpt lat="30.343021" lon="-91.795128">
        <ele>11.8</ele>
      </trkpt>
      <trkpt lat="30.342991" lon="-91.802307">
        <ele>12.3</ele>
      </trkpt>
      <trkpt lat="30.343006" lon="-91.802437">
        <ele>12.3</ele>
      </trkpt>
      <trkpt lat="30.343033" lon="-91.80249">
        <ele>12.3</ele>
      </trkpt>
      <trkpt lat="30.343124" lon="-91.802536">
        <ele>12.6</ele>
      </trkpt>
      <trkpt lat="30.34374" lon="-91.802498">
        <ele>12.7</ele>
      </trkpt>
      <trkpt lat="30.344368" lon="-91.80249">
        <ele>13.7</ele>
      </trkpt>
      <trkpt lat="30.345644" lon="-91.802505">
        <ele>13.6</ele>
      </trkpt>
      <trkpt lat="30.346149" lon="-91.802483">
        <ele>13.7</ele>
      </trkpt>
      <trkpt lat="30.350229" lon="-91.80249">
        <ele>12.6</ele>
      </trkpt>
      <trkpt lat="30.352673" lon="-91.802528">
        <ele>13.0</ele>
      </trkpt>
      <trkpt lat="30.352867" lon="-91.802582">
        <ele>13.0</ele>
      </trkpt>
      <trkpt lat="30.352978" lon="-91.802666">
        <ele>13.2</ele>
      </trkpt>
      <trkpt lat="30.353052" lon="-91.802803">
        <ele>13.2</ele>
      </trkpt>
      <trkpt lat="30.353064" lon="-91.802971">
        <ele>13.3</ele>
      </trkpt>
      <trkpt lat="30.353031" lon="-91.803146">
        <ele>13.3</ele>
      </trkpt>
      <trkpt lat="30.352968" lon="-91.803322">
        <ele>13.3</ele>
      </trkpt>
      <trkpt lat="30.352549" lon="-91.80423">
        <ele>13.2</ele>
      </trkpt>
      <trkpt lat="30.351969" lon="-91.805412">
        <ele>12.7</ele>
      </trkpt>
      <trkpt lat="30.351702" lon="-91.806046">
        <ele>12.6</ele>
      </trkpt>
      <trkpt lat="30.351549" lon="-91.806343">
        <ele>12.6</ele>
      </trkpt>
      <trkpt lat="30.35132" lon="-91.806679">
        <ele>12.2</ele>
      </trkpt>
      <trkpt lat="30.350296" lon="-91.808006">
        <ele>11.8</ele>
      </trkpt>
      <trkpt lat="30.350004" lon="-91.808411">
        <ele>11.8</ele>
      </trkpt>
      <trkpt lat="30.349871" lon="-91.808624">
        <ele>11.6</ele>
      </trkpt>
      <trkpt lat="30.349651" lon="-91.809113">
        <ele>11.6</ele>
      </trkpt>
      <trkpt lat="30.34938" lon="-91.809967">
        <ele>11.1</ele>
      </trkpt>
      <trkpt lat="30.349224" lon="-91.81057">
        <ele>11.3</ele>
      </trkpt>
      <trkpt lat="30.349186" lon="-91.810844">
        <ele>11.6</ele>
      </trkpt>
      <trkpt lat="30.349152" lon="-91.811478">
        <ele>12.2</ele>
      </trkpt>
      <trkpt lat="30.348974" lon="-91.812256">
        <ele>12.6</ele>
      </trkpt>
      <trkpt lat="30.348927" lon="-91.812538">
        <ele>12.6</ele>
      </trkpt>
      <trkpt lat="30.348759" lon="-91.814346">
        <ele>13.2</ele>
      </trkpt>
      <trkpt lat="30.348665" lon="-91.814796">
        <ele>13.0</ele>
      </trkpt>
      <trkpt lat="30.348532" lon="-91.815231">
        <ele>12.6</ele>
      </trkpt>
      <trkpt lat="30.34775" lon="-91.817116">
        <ele>13.0</ele>
      </trkpt>
      <trkpt lat="30.344084" lon="-91.826485">
        <ele>13.7</ele>
      </trkpt>
      <trkpt lat="30.342737" lon="-91.829872">
        <ele>13.7</ele>
      </trkpt>
      <trkpt lat="30.342514" lon="-91.830528">
        <ele>14.0</ele>
      </trkpt>
      <trkpt lat="30.341045" lon="-91.834381">
        <ele>13.0</ele>
      </trkpt>
      <trkpt lat="30.339458" lon="-91.83847">
        <ele>11.8</ele>
      </trkpt>
      <trkpt lat="30.338675" lon="-91.84053">
        <ele>12.2</ele>
      </trkpt>
      <trkpt lat="30.338041" lon="-91.842133">
        <ele>12.7</ele>
      </trkpt>
      <trkpt lat="30.336565" lon="-91.845993">
        <ele>13.3</ele>
      </trkpt>
      <trkpt lat="30.334646" lon="-91.851051">
        <ele>13.3</ele>
      </trkpt>
      <trkpt lat="30.334618" lon="-91.851181">
        <ele>13.3</ele>
      </trkpt>
      <trkpt lat="30.334641" lon="-91.85125">
        <ele>13.6</ele>
      </trkpt>
      <trkpt lat="30.334738" lon="-91.851349">
        <ele>13.7</ele>
      </trkpt>
      <trkpt lat="30.33548" lon="-91.851807">
        <ele>14.7</ele>
      </trkpt>
      <trkpt lat="30.337021" lon="-91.852806">
        <ele>15.0</ele>
      </trkpt>
      <trkpt lat="30.33856" lon="-91.853859">
        <ele>15.3</ele>
      </trkpt>
      <trkpt lat="30.340485" lon="-91.855415">
        <ele>15.2</ele>
      </trkpt>
      <trkpt lat="30.341101" lon="-91.85598">
        <ele>14.7</ele>
      </trkpt>
      <trkpt lat="30.342108" lon="-91.856987">
        <ele>15.0</ele>
      </trkpt>
      <trkpt lat="30.342398" lon="-91.85733">
        <ele>15.2</ele>
      </trkpt>
      <trkpt lat="30.342611" lon="-91.857613">
        <ele>15.6</ele>
      </trkpt>
      <trkpt lat="30.34404" lon="-91.859573">
        <ele>16.6</ele>
      </trkpt>
      <trkpt lat="30.346666" lon="-91.863121">
        <ele>16.2</ele>
      </trkpt>
      <trkpt lat="30.346977" lon="-91.863579">
        <ele>16.3</ele>
      </trkpt>
      <trkpt lat="30.348936" lon="-91.866325">
        <ele>15.7</ele>
      </trkpt>
      <trkpt lat="30.349125" lon="-91.866653">
        <ele>15.6</ele>
      </trkpt>
      <trkpt lat="30.349335" lon="-91.867065">
        <ele>15.6</ele>
      </trkpt>
      <trkpt lat="30.350561" lon="-91.869797">
        <ele>15.7</ele>
      </trkpt>
      <trkpt lat="30.351305" lon="-91.871536">
        <ele>15.6</ele>
      </trkpt>
      <trkpt lat="30.352287" lon="-91.873894">
        <ele>15.3</ele>
      </trkpt>
      <trkpt lat="30.353195" lon="-91.875977">
        <ele>15.3</ele>
      </trkpt>
      <trkpt lat="30.353378" lon="-91.876305">
        <ele>15.3</ele>
      </trkpt>
      <trkpt lat="30.353683" lon="-91.87677">
        <ele>15.6</ele>
      </trkpt>
      <trkpt lat="30.354675" lon="-91.878021">
        <ele>16.0</ele>
      </trkpt>
      <trkpt lat="30.354929" lon="-91.878372">
        <ele>16.0</ele>
      </trkpt>
      <trkpt lat="30.355448" lon="-91.879166">
        <ele>15.6</ele>
      </trkpt>
      <trkpt lat="30.355753" lon="-91.879684">
        <ele>15.7</ele>
      </trkpt>
      <trkpt lat="30.356003" lon="-91.880188">
        <ele>15.7</ele>
      </trkpt>
      <trkpt lat="30.357151" lon="-91.882736">
        <ele>15.7</ele>
      </trkpt>
      <trkpt lat="30.358377" lon="-91.885399">
        <ele>15.3</ele>
      </trkpt>
      <trkpt lat="30.359438" lon="-91.887657">
        <ele>15.2</ele>
      </trkpt>
      <trkpt lat="30.360004" lon="-91.888588">
        <ele>15.0</ele>
      </trkpt>
      <trkpt lat="30.361322" lon="-91.890625">
        <ele>14.7</ele>
      </trkpt>
      <trkpt lat="30.364601" lon="-91.895485">
        <ele>14.6</ele>
      </trkpt>
      <trkpt lat="30.365116" lon="-91.896217">
        <ele>14.3</ele>
      </trkpt>
      <trkpt lat="30.368509" lon="-91.900391">
        <ele>15.7</ele>
      </trkpt>
      <trkpt lat="30.368896" lon="-91.900826">
        <ele>15.6</ele>
      </trkpt>
      <trkpt lat="30.369942" lon="-91.901917">
        <ele>14.6</ele>
      </trkpt>
      <trkpt lat="30.370893" lon="-91.902954">
        <ele>14.6</ele>
      </trkpt>
      <trkpt lat="30.374279" lon="-91.906937">
        <ele>13.7</ele>
      </trkpt>
      <trkpt lat="30.374655" lon="-91.907478">
        <ele>14.0</ele>
      </trkpt>
      <trkpt lat="30.375813" lon="-91.909653">
        <ele>14.2</ele>
      </trkpt>
      <trkpt lat="30.375982" lon="-91.90992">
        <ele>14.2</ele>
      </trkpt>
      <trkpt lat="30.376165" lon="-91.910156">
        <ele>14.2</ele>
      </trkpt>
      <trkpt lat="30.377567" lon="-91.911636">
        <ele>13.7</ele>
      </trkpt>
      <trkpt lat="30.37883" lon="-91.912903">
        <ele>14.6</ele>
      </trkpt>
      <trkpt lat="30.379463" lon="-91.913506">
        <ele>15.2</ele>
      </trkpt>
      <trkpt lat="30.379997" lon="-91.913948">
        <ele>15.6</ele>
      </trkpt>
      <trkpt lat="30.380316" lon="-91.914246">
        <ele>15.7</ele>
      </trkpt>
      <trkpt lat="30.381453" lon="-91.915535">
        <ele>16.3</ele>
      </trkpt>
      <trkpt lat="30.382717" lon="-91.917091">
        <ele>16.6</ele>
      </trkpt>
      <trkpt lat="30.38307" lon="-91.91758">
        <ele>17.0</ele>
      </trkpt>
      <trkpt lat="30.383263" lon="-91.917976">
        <ele>17.0</ele>
      </trkpt>
      <trkpt lat="30.383316" lon="-91.918137">
        <ele>17.0</ele>
      </trkpt>
      <trkpt lat="30.383406" lon="-91.918579">
        <ele>16.6</ele>
      </trkpt>
      <trkpt lat="30.383545" lon="-91.919464">
        <ele>16.6</ele>
      </trkpt>
      <trkpt lat="30.383629" lon="-91.919899">
        <ele>16.3</ele>
      </trkpt>
      <trkpt lat="30.383724" lon="-91.920128">
        <ele>16.2</ele>
      </trkpt>
      <trkpt lat="30.383768" lon="-91.920197">
        <ele>16.2</ele>
      </trkpt>
      <trkpt lat="30.383877" lon="-91.920311">
        <ele>16.0</ele>
      </trkpt>
      <trkpt lat="30.384069" lon="-91.920471">
        <ele>16.2</ele>
      </trkpt>
      <trkpt lat="30.386032" lon="-91.921822">
        <ele>15.7</ele>
      </trkpt>
      <trkpt lat="30.387041" lon="-91.922546">
        <ele>15.2</ele>
      </trkpt>
      <trkpt lat="30.387465" lon="-91.922821">
        <ele>15.0</ele>
      </trkpt>
      <trkpt lat="30.387609" lon="-91.922897">
        <ele>15.0</ele>
      </trkpt>
      <trkpt lat="30.388556" lon="-91.923286">
        <ele>15.0</ele>
      </trkpt>
      <trkpt lat="30.389593" lon="-91.923653">
        <ele>14.6</ele>
      </trkpt>
      <trkpt lat="30.390844" lon="-91.92408">
        <ele>14.3</ele>
      </trkpt>
      <trkpt lat="30.391386" lon="-91.924248">
        <ele>14.3</ele>
      </trkpt>
      <trkpt lat="30.391689" lon="-91.924362">
        <ele>14.7</ele>
      </trkpt>
      <trkpt lat="30.39176" lon="-91.924416">
        <ele>15.0</ele>
      </trkpt>
      <trkpt lat="30.3918" lon="-91.924484">
        <ele>15.0</ele>
      </trkpt>
      <trkpt lat="30.391756" lon="-91.924721">
        <ele>14.6</ele>
      </trkpt>
      <trkpt lat="30.391706" lon="-91.924843">
        <ele>14.3</ele>
      </trkpt>
      <trkpt lat="30.391708" lon="-91.924721">
        <ele>14.3</ele>
      </trkpt>
      <trkpt lat="30.391764" lon="-91.924492">
        <ele>14.7</ele>
      </trkpt>
      <trkpt lat="30.391823" lon="-91.924438">
        <ele>15.3</ele>
      </trkpt>
      <trkpt lat="30.391905" lon="-91.924438">
        <ele>15.3</ele>
      </trkpt>
      <trkpt lat="30.392708" lon="-91.924698">
        <ele>15.6</ele>
      </trkpt>
      <trkpt lat="30.392872" lon="-91.924767">
        <ele>15.6</ele>
      </trkpt>
      <trkpt lat="30.393484" lon="-91.924965">
        <ele>16.0</ele>
      </trkpt>
      <trkpt lat="30.394892" lon="-91.925461">
        <ele>15.6</ele>
      </trkpt>
      <trkpt lat="30.396639" lon="-91.926041">
        <ele>15.6</ele>
      </trkpt>
      <trkpt lat="30.396982" lon="-91.926117">
        <ele>16.0</ele>
      </trkpt>
      <trkpt lat="30.397243" lon="-91.92614">
        <ele>16.0</ele>
      </trkpt>
      <trkpt lat="30.397825" lon="-91.926224">
        <ele>15.6</ele>
      </trkpt>
      <trkpt lat="30.398029" lon="-91.926277">
        <ele>15.3</ele>
      </trkpt>
      <trkpt lat="30.398052" lon="-91.9263">
        <ele>15.3</ele>
      </trkpt>
      <trkpt lat="30.398064" lon="-91.926338">
        <ele>15.3</ele>
      </trkpt>
      <trkpt lat="30.398056" lon="-91.926422">
        <ele>15.3</ele>
      </trkpt>
      <trkpt lat="30.397423" lon="-91.928299">
        <ele>15.0</ele>
      </trkpt>
      <trkpt lat="30.397364" lon="-91.928596">
        <ele>15.0</ele>
      </trkpt>
      <trkpt lat="30.397404" lon="-91.930389">
        <ele>15.3</ele>
      </trkpt>
      <trkpt lat="30.39739" lon="-91.931725">
        <ele>14.2</ele>
      </trkpt>
      <trkpt lat="30.397484" lon="-91.932205">
        <ele>14.6</ele>
      </trkpt>
      <trkpt lat="30.397512" lon="-91.932251">
        <ele>14.6</ele>
      </trkpt>
      <trkpt lat="30.397556" lon="-91.932274">
        <ele>14.7</ele>
      </trkpt>
      <trkpt lat="30.399324" lon="-91.932594">
        <ele>15.3</ele>
      </trkpt>
      <trkpt lat="30.400002" lon="-91.932755">
        <ele>15.3</ele>
      </trkpt>
      <trkpt lat="30.400623" lon="-91.932877">
        <ele>14.7</ele>
      </trkpt>
      <trkpt lat="30.400972" lon="-91.932915">
        <ele>14.7</ele>
      </trkpt>
      <trkpt lat="30.40243" lon="-91.932762">
        <ele>15.0</ele>
      </trkpt>
      <trkpt lat="30.402569" lon="-91.932762">
        <ele>14.7</ele>
      </trkpt>
      <trkpt lat="30.403172" lon="-91.932693">
        <ele>14.7</ele>
      </trkpt>
      <trkpt lat="30.403439" lon="-91.932678">
        <ele>15.2</ele>
      </trkpt>
      <trkpt lat="30.403708" lon="-91.93264">
        <ele>15.3</ele>
      </trkpt>
      <trkpt lat="30.404182" lon="-91.93261">
        <ele>15.7</ele>
      </trkpt>
      <trkpt lat="30.404924" lon="-91.932526">
        <ele>15.6</ele>
      </trkpt>
      <trkpt lat="30.406939" lon="-91.932358">
        <ele>15.0</ele>
      </trkpt>
      <trkpt lat="30.407141" lon="-91.932327">
        <ele>15.0</ele>
      </trkpt>
      <trkpt lat="30.4086" lon="-91.932198">
        <ele>15.3</ele>
      </trkpt>
      <trkpt lat="30.409145" lon="-91.932129">
        <ele>15.0</ele>
      </trkpt>
      <trkpt lat="30.40971" lon="-91.932091">
        <ele>15.0</ele>
      </trkpt>
      <trkpt lat="30.410278" lon="-91.932014">
        <ele>15.0</ele>
      </trkpt>
      <trkpt lat="30.412136" lon="-91.931847">
        <ele>15.2</ele>
      </trkpt>
      <trkpt lat="30.41246" lon="-91.931778">
        <ele>15.2</ele>
      </trkpt>
      <trkpt lat="30.412838" lon="-91.931618">
        <ele>14.7</ele>
      </trkpt>
      <trkpt lat="30.413082" lon="-91.931465">
        <ele>14.3</ele>
      </trkpt>
      <trkpt lat="30.413305" lon="-91.93129">
        <ele>13.7</ele>
      </trkpt>
      <trkpt lat="30.414051" lon="-91.930611">
        <ele>13.0</ele>
      </trkpt>
      <trkpt lat="30.417112" lon="-91.927734">
        <ele>15.0</ele>
      </trkpt>
      <trkpt lat="30.417795" lon="-91.927147">
        <ele>14.7</ele>
      </trkpt>
      <trkpt lat="30.418009" lon="-91.927002">
        <ele>14.6</ele>
      </trkpt>
      <trkpt lat="30.41818" lon="-91.92691">
        <ele>14.6</ele>
      </trkpt>
      <trkpt lat="30.419275" lon="-91.926476">
        <ele>15.2</ele>
      </trkpt>
      <trkpt lat="30.419455" lon="-91.92643">
        <ele>15.3</ele>
      </trkpt>
      <trkpt lat="30.4205" lon="-91.926086">
        <ele>15.3</ele>
      </trkpt>
      <trkpt lat="30.421331" lon="-91.925873">
        <ele>15.6</ele>
      </trkpt>
      <trkpt lat="30.421587" lon="-91.925751">
        <ele>15.2</ele>
      </trkpt>
      <trkpt lat="30.4223" lon="-91.925308">
        <ele>15.2</ele>
      </trkpt>
      <trkpt lat="30.422558" lon="-91.925186">
        <ele>15.6</ele>
      </trkpt>
      <trkpt lat="30.423935" lon="-91.924637">
        <ele>15.7</ele>
      </trkpt>
      <trkpt lat="30.426077" lon="-91.923676">
        <ele>15.2</ele>
      </trkpt>
      <trkpt lat="30.42684" lon="-91.923386">
        <ele>15.3</ele>
      </trkpt>
      <trkpt lat="30.428694" lon="-91.922722">
        <ele>15.2</ele>
      </trkpt>
      <trkpt lat="30.429085" lon="-91.9226">
        <ele>15.2</ele>
      </trkpt>
      <trkpt lat="30.430094" lon="-91.922241">
        <ele>15.2</ele>
      </trkpt>
      <trkpt lat="30.432215" lon="-91.921623">
        <ele>14.7</ele>
      </trkpt>
      <trkpt lat="30.432966" lon="-91.921501">
        <ele>14.7</ele>
      </trkpt>
      <trkpt lat="30.433588" lon="-91.921432">
        <ele>14.7</ele>
      </trkpt>
      <trkpt lat="30.434084" lon="-91.921402">
        <ele>14.7</ele>
      </trkpt>
      <trkpt lat="30.436314" lon="-91.921371">
        <ele>14.3</ele>
      </trkpt>
      <trkpt lat="30.436787" lon="-91.921394">
        <ele>14.3</ele>
      </trkpt>
      <trkpt lat="30.43758" lon="-91.921501">
        <ele>14.6</ele>
      </trkpt>
      <trkpt lat="30.438398" lon="-91.921646">
        <ele>14.3</ele>
      </trkpt>
      <trkpt lat="30.43964" lon="-91.921936">
        <ele>14.3</ele>
      </trkpt>
      <trkpt lat="30.439844" lon="-91.921989">
        <ele>14.3</ele>
      </trkpt>
      <trkpt lat="30.439976" lon="-91.922043">
        <ele>14.3</ele>
      </trkpt>
      <trkpt lat="30.440182" lon="-91.922096">
        <ele>14.6</ele>
      </trkpt>
      <trkpt lat="30.440727" lon="-91.922279">
        <ele>14.3</ele>
      </trkpt>
      <trkpt lat="30.440929" lon="-91.922325">
        <ele>14.6</ele>
      </trkpt>
      <trkpt lat="30.441149" lon="-91.922401">
        <ele>14.7</ele>
      </trkpt>
      <trkpt lat="30.442173" lon="-91.922691">
        <ele>14.6</ele>
      </trkpt>
      <trkpt lat="30.44293" lon="-91.922951">
        <ele>14.0</ele>
      </trkpt>
      <trkpt lat="30.444038" lon="-91.923431">
        <ele>14.6</ele>
      </trkpt>
      <trkpt lat="30.444666" lon="-91.923729">
        <ele>15.0</ele>
      </trkpt>
      <trkpt lat="30.445108" lon="-91.923897">
        <ele>15.2</ele>
      </trkpt>
      <trkpt lat="30.446606" lon="-91.924629">
        <ele>15.3</ele>
      </trkpt>
      <trkpt lat="30.447292" lon="-91.924934">
        <ele>15.3</ele>
      </trkpt>
      <trkpt lat="30.447977" lon="-91.925278">
        <ele>15.2</ele>
      </trkpt>
      <trkpt lat="30.448168" lon="-91.925346">
        <ele>15.0</ele>
      </trkpt>
      <trkpt lat="30.448599" lon="-91.92556">
        <ele>15.0</ele>
      </trkpt>
      <trkpt lat="30.448898" lon="-91.925728">
        <ele>15.2</ele>
      </trkpt>
      <trkpt lat="30.449184" lon="-91.925919">
        <ele>15.2</ele>
      </trkpt>
      <trkpt lat="30.449644" lon="-91.92627">
        <ele>15.3</ele>
      </trkpt>
      <trkpt lat="30.450148" lon="-91.926628">
        <ele>15.6</ele>
      </trkpt>
      <trkpt lat="30.450573" lon="-91.926979">
        <ele>15.6</ele>
      </trkpt>
      <trkpt lat="30.452181" lon="-91.928368">
        <ele>16.0</ele>
      </trkpt>
      <trkpt lat="30.452658" lon="-91.92881">
        <ele>15.3</ele>
      </trkpt>
      <trkpt lat="30.453884" lon="-91.930138">
        <ele>15.3</ele>
      </trkpt>
      <trkpt lat="30.454212" lon="-91.930542">
        <ele>15.3</ele>
      </trkpt>
      <trkpt lat="30.454714" lon="-91.931221">
        <ele>15.0</ele>
      </trkpt>
      <trkpt lat="30.455782" lon="-91.932594">
        <ele>15.2</ele>
      </trkpt>
      <trkpt lat="30.456635" lon="-91.933731">
        <ele>14.7</ele>
      </trkpt>
      <trkpt lat="30.457031" lon="-91.934227">
        <ele>14.6</ele>
      </trkpt>
      <trkpt lat="30.457647" lon="-91.935081">
        <ele>15.2</ele>
      </trkpt>
      <trkpt lat="30.458719" lon="-91.936661">
        <ele>15.0</ele>
      </trkpt>
      <trkpt lat="30.459152" lon="-91.93734">
        <ele>14.7</ele>
      </trkpt>
      <trkpt lat="30.459715" lon="-91.938332">
        <ele>15.2</ele>
      </trkpt>
      <trkpt lat="30.460386" lon="-91.939674">
        <ele>15.6</ele>
      </trkpt>
      <trkpt lat="30.460821" lon="-91.940475">
        <ele>15.6</ele>
      </trkpt>
      <trkpt lat="30.462008" lon="-91.94278">
        <ele>16.0</ele>
      </trkpt>
      <trkpt lat="30.462297" lon="-91.943306">
        <ele>16.0</ele>
      </trkpt>
      <trkpt lat="30.463095" lon="-91.945091">
        <ele>15.3</ele>
      </trkpt>
      <trkpt lat="30.46348" lon="-91.946121">
        <ele>15.2</ele>
      </trkpt>
      <trkpt lat="30.463631" lon="-91.94648">
        <ele>15.6</ele>
      </trkpt>
      <trkpt lat="30.46386" lon="-91.947075">
        <ele>15.7</ele>
      </trkpt>
      <trkpt lat="30.464043" lon="-91.947617">
        <ele>16.0</ele>
      </trkpt>
      <trkpt lat="30.464565" lon="-91.949585">
        <ele>15.2</ele>
      </trkpt>
      <trkpt lat="30.46479" lon="-91.950325">
        <ele>15.2</ele>
      </trkpt>
      <trkpt lat="30.465042" lon="-91.95108">
        <ele>15.3</ele>
      </trkpt>
      <trkpt lat="30.465166" lon="-91.95153">
        <ele>15.3</ele>
      </trkpt>
      <trkpt lat="30.46517" lon="-91.951752">
        <ele>15.3</ele>
      </trkpt>
      <trkpt lat="30.465141" lon="-91.951904">
        <ele>15.3</ele>
      </trkpt>
      <trkpt lat="30.46509" lon="-91.952049">
        <ele>15.3</ele>
      </trkpt>
      <trkpt lat="30.464966" lon="-91.952248">
        <ele>15.2</ele>
      </trkpt>
      <trkpt lat="30.464634" lon="-91.952652">
        <ele>14.7</ele>
      </trkpt>
      <trkpt lat="30.464537" lon="-91.952858">
        <ele>14.6</ele>
      </trkpt>
      <trkpt lat="30.464497" lon="-91.953011">
        <ele>14.6</ele>
      </trkpt>
      <trkpt lat="30.464483" lon="-91.953163">
        <ele>14.6</ele>
      </trkpt>
      <trkpt lat="30.464491" lon="-91.953323">
        <ele>14.6</ele>
      </trkpt>
      <trkpt lat="30.464525" lon="-91.953484">
        <ele>14.6</ele>
      </trkpt>
      <trkpt lat="30.464972" lon="-91.954697">
        <ele>14.3</ele>
      </trkpt>
      <trkpt lat="30.465599" lon="-91.956512">
        <ele>15.3</ele>
      </trkpt>
      <trkpt lat="30.465956" lon="-91.957489">
        <ele>15.6</ele>
      </trkpt>
      <trkpt lat="30.467682" lon="-91.962448">
        <ele>15.0</ele>
      </trkpt>
      <trkpt lat="30.467873" lon="-91.96302">
        <ele>15.0</ele>
      </trkpt>
      <trkpt lat="30.468315" lon="-91.964455">
        <ele>15.2</ele>
      </trkpt>
      <trkpt lat="30.468597" lon="-91.965553">
        <ele>14.7</ele>
      </trkpt>
      <trkpt lat="30.468796" lon="-91.966606">
        <ele>14.7</ele>
      </trkpt>
      <trkpt lat="30.468992" lon="-91.968155">
        <ele>15.2</ele>
      </trkpt>
      <trkpt lat="30.469187" lon="-91.969498">
        <ele>15.3</ele>
      </trkpt>
      <trkpt lat="30.469849" lon="-91.974442">
        <ele>15.6</ele>
      </trkpt>
      <trkpt lat="30.470083" lon="-91.976021">
        <ele>15.7</ele>
      </trkpt>
      <trkpt lat="30.470392" lon="-91.978325">
        <ele>14.3</ele>
      </trkpt>
      <trkpt lat="30.470413" lon="-91.978424">
        <ele>14.3</ele>
      </trkpt>
      <trkpt lat="30.47044" lon="-91.97847">
        <ele>14.2</ele>
      </trkpt>
      <trkpt lat="30.470474" lon="-91.978516">
        <ele>14.2</ele>
      </trkpt>
      <trkpt lat="30.470625" lon="-91.978615">
        <ele>13.7</ele>
      </trkpt>
      <trkpt lat="30.471333" lon="-91.978935">
        <ele>13.6</ele>
      </trkpt>
      <trkpt lat="30.473087" lon="-91.979767">
        <ele>15.3</ele>
      </trkpt>
      <trkpt lat="30.474159" lon="-91.9804">
        <ele>14.7</ele>
      </trkpt>
      <trkpt lat="30.474556" lon="-91.980598">
        <ele>14.3</ele>
      </trkpt>
      <trkpt lat="30.475143" lon="-91.981041">
        <ele>14.7</ele>
      </trkpt>
      <trkpt lat="30.475327" lon="-91.981133">
        <ele>14.7</ele>
      </trkpt>
      <trkpt lat="30.476126" lon="-91.9814">
        <ele>15.0</ele>
      </trkpt>
      <trkpt lat="30.477694" lon="-91.98188">
        <ele>15.7</ele>
      </trkpt>
      <trkpt lat="30.477911" lon="-91.981964">
        <ele>16.0</ele>
      </trkpt>
      <trkpt lat="30.478588" lon="-91.98217">
        <ele>16.0</ele>
      </trkpt>
      <trkpt lat="30.479868" lon="-91.98259">
        <ele>15.3</ele>
      </trkpt>
      <trkpt lat="30.480165" lon="-91.982719">
        <ele>15.2</ele>
      </trkpt>
      <trkpt lat="30.480307" lon="-91.982803">
        <ele>15.2</ele>
      </trkpt>
      <trkpt lat="30.48057" lon="-91.983025">
        <ele>15.2</ele>
      </trkpt>
      <trkpt lat="30.480728" lon="-91.983231">
        <ele>15.3</ele>
      </trkpt>
      <trkpt lat="30.480862" lon="-91.983459">
        <ele>15.2</ele>
      </trkpt>
      <trkpt lat="30.481012" lon="-91.983795">
        <ele>15.2</ele>
      </trkpt>
      <trkpt lat="30.483482" lon="-91.990555">
        <ele>14.3</ele>
      </trkpt>
      <trkpt lat="30.483873" lon="-91.9916">
        <ele>14.6</ele>
      </trkpt>
      <trkpt lat="30.484058" lon="-91.992027">
        <ele>14.6</ele>
      </trkpt>
      <trkpt lat="30.484346" lon="-91.992615">
        <ele>14.7</ele>
      </trkpt>
      <trkpt lat="30.48543" lon="-91.994644">
        <ele>15.0</ele>
      </trkpt>
      <trkpt lat="30.485758" lon="-91.9953">
        <ele>15.0</ele>
      </trkpt>
      <trkpt lat="30.486055" lon="-91.995834">
        <ele>14.6</ele>
      </trkpt>
      <trkpt lat="30.486202" lon="-91.996048">
        <ele>14.6</ele>
      </trkpt>
      <trkpt lat="30.486313" lon="-91.996178">
        <ele>14.7</ele>
      </trkpt>
      <trkpt lat="30.486433" lon="-91.996292">
        <ele>14.7</ele>
      </trkpt>
      <trkpt lat="30.486641" lon="-91.996445">
        <ele>14.7</ele>
      </trkpt>
      <trkpt lat="30.48679" lon="-91.996521">
        <ele>15.0</ele>
      </trkpt>
      <trkpt lat="30.48702" lon="-91.996605">
        <ele>14.7</ele>
      </trkpt>
      <trkpt lat="30.493689" lon="-91.99852">
        <ele>14.7</ele>
      </trkpt>
      <trkpt lat="30.498549" lon="-91.999954">
        <ele>13.7</ele>
      </trkpt>
      <trkpt lat="30.499281" lon="-92.000145">
        <ele>13.3</ele>
      </trkpt>
      <trkpt lat="30.501062" lon="-92.000679">
        <ele>13.3</ele>
      </trkpt>
      <trkpt lat="30.501652" lon="-92.000839">
        <ele>13.2</ele>
      </trkpt>
      <trkpt lat="30.502375" lon="-92.001068">
        <ele>12.3</ele>
      </trkpt>
      <trkpt lat="30.50419" lon="-92.001579">
        <ele>13.7</ele>
      </trkpt>
      <trkpt lat="30.505789" lon="-92.00206">
        <ele>12.7</ele>
      </trkpt>
      <trkpt lat="30.506321" lon="-92.002205">
        <ele>13.3</ele>
      </trkpt>
      <trkpt lat="30.506807" lon="-92.00235">
        <ele>14.6</ele>
      </trkpt>
      <trkpt lat="30.506903" lon="-92.002396">
        <ele>14.6</ele>
      </trkpt>
      <trkpt lat="30.50695" lon="-92.002502">
        <ele>14.7</ele>
      </trkpt>
      <trkpt lat="30.50695" lon="-92.002563">
        <ele>14.7</ele>
      </trkpt>
      <trkpt lat="30.506853" lon="-92.00309">
        <ele>15.2</ele>
      </trkpt>
      <trkpt lat="30.506262" lon="-92.005363">
        <ele>14.3</ele>
      </trkpt>
      <trkpt lat="30.506153" lon="-92.005943">
        <ele>14.0</ele>
      </trkpt>
      <trkpt lat="30.505236" lon="-92.012047">
        <ele>13.7</ele>
      </trkpt>
      <trkpt lat="30.505249" lon="-92.012199">
        <ele>13.6</ele>
      </trkpt>
      <trkpt lat="30.505285" lon="-92.01226">
        <ele>13.6</ele>
      </trkpt>
      <trkpt lat="30.505341" lon="-92.012306">
        <ele>13.6</ele>
      </trkpt>
      <trkpt lat="30.505405" lon="-92.012337">
        <ele>13.6</ele>
      </trkpt>
      <trkpt lat="30.505924" lon="-92.012459">
        <ele>13.0</ele>
      </trkpt>
      <trkpt lat="30.506042" lon="-92.012444">
        <ele>12.7</ele>
      </trkpt>
      <trkpt lat="30.506084" lon="-92.012398">
        <ele>12.7</ele>
      </trkpt>
      <trkpt lat="30.506111" lon="-92.012337">
        <ele>12.7</ele>
      </trkpt>
      <trkpt lat="30.506479" lon="-92.009521">
        <ele>16.2</ele>
      </trkpt>
      <trkpt lat="30.506691" lon="-92.008179">
        <ele>16.6</ele>
      </trkpt>
      <trkpt lat="30.506882" lon="-92.006798">
        <ele>16.6</ele>
      </trkpt>
      <trkpt lat="30.507122" lon="-92.005608">
        <ele>17.2</ele>
      </trkpt>
      <trkpt lat="30.507278" lon="-92.004936">
        <ele>17.0</ele>
      </trkpt>
      <trkpt lat="30.50782" lon="-92.003143">
        <ele>16.2</ele>
      </trkpt>
      <trkpt lat="30.507992" lon="-92.002335">
        <ele>16.6</ele>
      </trkpt>
      <trkpt lat="30.508068" lon="-92.001656">
        <ele>15.6</ele>
      </trkpt>
      <trkpt lat="30.508142" lon="-92.001251">
        <ele>15.3</ele>
      </trkpt>
      <trkpt lat="30.508459" lon="-92.000206">
        <ele>15.3</ele>
      </trkpt>
      <trkpt lat="30.508924" lon="-91.998917">
        <ele>15.2</ele>
      </trkpt>
      <trkpt lat="30.509171" lon="-91.998337">
        <ele>15.2</ele>
      </trkpt>
      <trkpt lat="30.509665" lon="-91.997284">
        <ele>16.0</ele>
      </trkpt>
      <trkpt lat="30.509932" lon="-91.996658">
        <ele>16.2</ele>
      </trkpt>
      <trkpt lat="30.51009" lon="-91.99633">
        <ele>16.3</ele>
      </trkpt>
      <trkpt lat="30.511129" lon="-91.994461">
        <ele>17.3</ele>
      </trkpt>
      <trkpt lat="30.511429" lon="-91.99395">
        <ele>17.0</ele>
      </trkpt>
      <trkpt lat="30.512442" lon="-91.992111">
        <ele>17.0</ele>
      </trkpt>
      <trkpt lat="30.512592" lon="-91.991768">
        <ele>17.0</ele>
      </trkpt>
      <trkpt lat="30.512991" lon="-91.99073">
        <ele>16.2</ele>
      </trkpt>
      <trkpt lat="30.513308" lon="-91.990105">
        <ele>15.7</ele>
      </trkpt>
      <trkpt lat="30.51355" lon="-91.989723">
        <ele>15.3</ele>
      </trkpt>
      <trkpt lat="30.513735" lon="-91.989502">
        <ele>15.2</ele>
      </trkpt>
      <trkpt lat="30.514153" lon="-91.98912">
        <ele>15.7</ele>
      </trkpt>
      <trkpt lat="30.514471" lon="-91.988853">
        <ele>16.0</ele>
      </trkpt>
      <trkpt lat="30.514648" lon="-91.988754">
        <ele>16.0</ele>
      </trkpt>
      <trkpt lat="30.514837" lon="-91.988693">
        <ele>16.0</ele>
      </trkpt>
      <trkpt lat="30.514965" lon="-91.988686">
        <ele>16.0</ele>
      </trkpt>
      <trkpt lat="30.515093" lon="-91.988701">
        <ele>16.0</ele>
      </trkpt>
      <trkpt lat="30.516012" lon="-91.989014">
        <ele>17.0</ele>
      </trkpt>
      <trkpt lat="30.516306" lon="-91.989143">
        <ele>17.2</ele>
      </trkpt>
      <trkpt lat="30.516844" lon="-91.989426">
        <ele>17.6</ele>
      </trkpt>
      <trkpt lat="30.51704" lon="-91.989494">
        <ele>17.3</ele>
      </trkpt>
      <trkpt lat="30.517378" lon="-91.989494">
        <ele>17.2</ele>
      </trkpt>
      <trkpt lat="30.518507" lon="-91.989372">
        <ele>16.7</ele>
      </trkpt>
      <trkpt lat="30.518709" lon="-91.989319">
        <ele>16.7</ele>
      </trkpt>
      <trkpt lat="30.51993" lon="-91.988716">
        <ele>17.0</ele>
      </trkpt>
      <trkpt lat="30.520287" lon="-91.988586">
        <ele>17.0</ele>
      </trkpt>
      <trkpt lat="30.520668" lon="-91.988487">
        <ele>16.7</ele>
      </trkpt>
      <trkpt lat="30.521105" lon="-91.988304">
        <ele>17.0</ele>
      </trkpt>
      <trkpt lat="30.521334" lon="-91.988144">
        <ele>17.2</ele>
      </trkpt>
      <trkpt lat="30.521791" lon="-91.98774">
        <ele>17.0</ele>
      </trkpt>
      <trkpt lat="30.522266" lon="-91.98735">
        <ele>15.7</ele>
      </trkpt>
      <trkpt lat="30.522554" lon="-91.987167">
        <ele>15.0</ele>
      </trkpt>
      <trkpt lat="30.522732" lon="-91.987076">
        <ele>14.7</ele>
      </trkpt>
      <trkpt lat="30.522921" lon="-91.987007">
        <ele>14.6</ele>
      </trkpt>
      <trkpt lat="30.523754" lon="-91.986816">
        <ele>14.6</ele>
      </trkpt>
      <trkpt lat="30.524004" lon="-91.986778">
        <ele>14.6</ele>
      </trkpt>
      <trkpt lat="30.524136" lon="-91.986778">
        <ele>14.6</ele>
      </trkpt>
      <trkpt lat="30.524948" lon="-91.98687">
        <ele>14.6</ele>
      </trkpt>
      <trkpt lat="30.525225" lon="-91.986938">
        <ele>15.0</ele>
      </trkpt>
      <trkpt lat="30.525475" lon="-91.987045">
        <ele>14.7</ele>
      </trkpt>
      <trkpt lat="30.525808" lon="-91.987259">
        <ele>14.3</ele>
      </trkpt>
      <trkpt lat="30.526093" lon="-91.98748">
        <ele>14.6</ele>
      </trkpt>
      <trkpt lat="30.526308" lon="-91.987686">
        <ele>14.7</ele>
      </trkpt>
      <trkpt lat="30.526508" lon="-91.987907">
        <ele>15.2</ele>
      </trkpt>
      <trkpt lat="30.526649" lon="-91.988091">
        <ele>15.2</ele>
      </trkpt>
      <trkpt lat="30.526806" lon="-91.988342">
        <ele>15.2</ele>
      </trkpt>
      <trkpt lat="30.527006" lon="-91.988831">
        <ele>15.2</ele>
      </trkpt>
      <trkpt lat="30.527073" lon="-91.989044">
        <ele>15.2</ele>
      </trkpt>
      <trkpt lat="30.527117" lon="-91.989365">
        <ele>15.2</ele>
      </trkpt>
      <trkpt lat="30.527124" lon="-91.989998">
        <ele>15.6</ele>
      </trkpt>
      <trkpt lat="30.527096" lon="-91.990852">
        <ele>15.7</ele>
      </trkpt>
      <trkpt lat="30.527" lon="-91.991837">
        <ele>16.2</ele>
      </trkpt>
      <trkpt lat="30.526915" lon="-91.992393">
        <ele>16.2</ele>
      </trkpt>
      <trkpt lat="30.526701" lon="-91.993248">
        <ele>16.0</ele>
      </trkpt>
      <trkpt lat="30.526636" lon="-91.993576">
        <ele>16.0</ele>
      </trkpt>
      <trkpt lat="30.52627" lon="-91.994965">
        <ele>15.3</ele>
      </trkpt>
      <trkpt lat="30.526173" lon="-91.995277">
        <ele>15.6</ele>
      </trkpt>
      <trkpt lat="30.525829" lon="-91.99617">
        <ele>15.3</ele>
      </trkpt>
      <trkpt lat="30.525785" lon="-91.996391">
        <ele>15.6</ele>
      </trkpt>
      <trkpt lat="30.525772" lon="-91.996544">
        <ele>15.7</ele>
      </trkpt>
      <trkpt lat="30.525766" lon="-91.996872">
        <ele>15.7</ele>
      </trkpt>
      <trkpt lat="30.525791" lon="-91.9972">
        <ele>16.0</ele>
      </trkpt>
      <trkpt lat="30.525862" lon="-91.997589">
        <ele>16.2</ele>
      </trkpt>
      <trkpt lat="30.525969" lon="-91.997963">
        <ele>16.3</ele>
      </trkpt>
      <trkpt lat="30.526211" lon="-91.99855">
        <ele>16.3</ele>
      </trkpt>
      <trkpt lat="30.526323" lon="-91.998749">
        <ele>16.3</ele>
      </trkpt>
      <trkpt lat="30.526413" lon="-91.998863">
        <ele>16.3</ele>
      </trkpt>
      <trkpt lat="30.526567" lon="-91.999016">
        <ele>16.3</ele>
      </trkpt>
      <trkpt lat="30.52668" lon="-91.9991">
        <ele>16.6</ele>
      </trkpt>
      <trkpt lat="30.526806" lon="-91.999161">
        <ele>16.6</ele>
      </trkpt>
      <trkpt lat="30.527054" lon="-91.999237">
        <ele>17.0</ele>
      </trkpt>
      <trkpt lat="30.527346" lon="-91.999359">
        <ele>17.2</ele>
      </trkpt>
      <trkpt lat="30.528372" lon="-91.999832">
        <ele>17.7</ele>
      </trkpt>
      <trkpt lat="30.528641" lon="-91.999893">
        <ele>17.7</ele>
      </trkpt>
      <trkpt lat="30.528904" lon="-91.999924">
        <ele>18.0</ele>
      </trkpt>
      <trkpt lat="30.529171" lon="-91.999939">
        <ele>17.6</ele>
      </trkpt>
      <trkpt lat="30.529978" lon="-91.999924">
        <ele>15.7</ele>
      </trkpt>
      <trkpt lat="30.530863" lon="-91.999931">
        <ele>15.6</ele>
      </trkpt>
      <trkpt lat="30.532146" lon="-92.000114">
        <ele>13.7</ele>
      </trkpt>
      <trkpt lat="30.532402" lon="-92.000175">
        <ele>13.7</ele>
      </trkpt>
      <trkpt lat="30.532887" lon="-92.000237">
        <ele>13.7</ele>
      </trkpt>
      <trkpt lat="30.533058" lon="-92.000237">
        <ele>13.6</ele>
      </trkpt>
      <trkpt lat="30.533264" lon="-92.000191">
        <ele>13.3</ele>
      </trkpt>
      <trkpt lat="30.533417" lon="-92.000114">
        <ele>13.3</ele>
      </trkpt>
      <trkpt lat="30.533751" lon="-91.999893">
        <ele>13.0</ele>
      </trkpt>
      <trkpt lat="30.53388" lon="-91.999786">
        <ele>13.2</ele>
      </trkpt>
      <trkpt lat="30.53418" lon="-91.99958">
        <ele>13.6</ele>
      </trkpt>
      <trkpt lat="30.53422" lon="-91.999512">
        <ele>13.7</ele>
      </trkpt>
      <trkpt lat="30.534212" lon="-91.99942">
        <ele>14.0</ele>
      </trkpt>
      <trkpt lat="30.533926" lon="-91.99894">
        <ele>15.3</ele>
      </trkpt>
      <trkpt lat="30.533836" lon="-91.99868">
        <ele>15.7</ele>
      </trkpt>
      <trkpt lat="30.533827" lon="-91.998543">
        <ele>16.0</ele>
      </trkpt>
      <trkpt lat="30.53384" lon="-91.998405">
        <ele>16.2</ele>
      </trkpt>
      <trkpt lat="30.533899" lon="-91.998123">
        <ele>16.6</ele>
      </trkpt>
      <trkpt lat="30.53397" lon="-91.997932">
        <ele>17.0</ele>
      </trkpt>
      <trkpt lat="30.534279" lon="-91.997276">
        <ele>18.3</ele>
      </trkpt>
      <trkpt lat="30.53458" lon="-91.996567">
        <ele>18.6</ele>
      </trkpt>
      <trkpt lat="30.535929" lon="-91.993088">
        <ele>17.0</ele>
      </trkpt>
      <trkpt lat="30.536097" lon="-91.992523">
        <ele>16.7</ele>
      </trkpt>
      <trkpt lat="30.536497" lon="-91.990662">
        <ele>17.3</ele>
      </trkpt>
      <trkpt lat="30.536631" lon="-91.990196">
        <ele>17.7</ele>
      </trkpt>
      <trkpt lat="30.540604" lon="-91.979156">
        <ele>13.7</ele>
      </trkpt>
      <trkpt lat="30.541792" lon="-91.975906">
        <ele>13.6</ele>
      </trkpt>
      <trkpt lat="30.542553" lon="-91.973755">
        <ele>16.6</ele>
      </trkpt>
      <trkpt lat="30.542688" lon="-91.973427">
        <ele>17.0</ele>
      </trkpt>
      <trkpt lat="30.542786" lon="-91.973236">
        <ele>17.2</ele>
      </trkpt>
      <trkpt lat="30.542908" lon="-91.973061">
        <ele>17.3</ele>
      </trkpt>
      <trkpt lat="30.54314" lon="-91.972794">
        <ele>17.6</ele>
      </trkpt>
      <trkpt lat="30.543358" lon="-91.97261">
        <ele>17.7</ele>
      </trkpt>
      <trkpt lat="30.543533" lon="-91.972496">
        <ele>17.7</ele>
      </trkpt>
      <trkpt lat="30.546106" lon="-91.971214">
        <ele>17.2</ele>
      </trkpt>
      <trkpt lat="30.546221" lon="-91.971169">
        <ele>16.7</ele>
      </trkpt>
      <trkpt lat="30.546715" lon="-91.970901">
        <ele>15.2</ele>
      </trkpt>
      <trkpt lat="30.546768" lon="-91.970818">
        <ele>15.0</ele>
      </trkpt>
      <trkpt lat="30.546791" lon="-91.97065">
        <ele>14.7</ele>
      </trkpt>
      <trkpt lat="30.546764" lon="-91.970184">
        <ele>14.7</ele>
      </trkpt>
      <trkpt lat="30.546801" lon="-91.969711">
        <ele>14.7</ele>
      </trkpt>
      <trkpt lat="30.546768" lon="-91.969162">
        <ele>15.2</ele>
      </trkpt>
      <trkpt lat="30.546783" lon="-91.969116">
        <ele>15.2</ele>
      </trkpt>
      <trkpt lat="30.546944" lon="-91.968903">
        <ele>15.2</ele>
      </trkpt>
      <trkpt lat="30.546967" lon="-91.968842">
        <ele>15.2</ele>
      </trkpt>
      <trkpt lat="30.546953" lon="-91.968414">
        <ele>15.3</ele>
      </trkpt>
      <trkpt lat="30.546991" lon="-91.968277">
        <ele>15.3</ele>
      </trkpt>
      <trkpt lat="30.547031" lon="-91.968231">
        <ele>15.3</ele>
      </trkpt>
      <trkpt lat="30.54714" lon="-91.968147">
        <ele>15.3</ele>
      </trkpt>
      <trkpt lat="30.548281" lon="-91.967537">
        <ele>16.0</ele>
      </trkpt>
      <trkpt lat="30.548672" lon="-91.967262">
        <ele>15.7</ele>
      </trkpt>
      <trkpt lat="30.549248" lon="-91.966789">
        <ele>16.3</ele>
      </trkpt>
      <trkpt lat="30.549965" lon="-91.966148">
        <ele>16.6</ele>
      </trkpt>
      <trkpt lat="30.550322" lon="-91.965851">
        <ele>16.6</ele>
      </trkpt>
      <trkpt lat="30.550661" lon="-91.965538">
        <ele>16.3</ele>
      </trkpt>
      <trkpt lat="30.551525" lon="-91.964668">
        <ele>16.0</ele>
      </trkpt>
      <trkpt lat="30.551725" lon="-91.964485">
        <ele>16.0</ele>
      </trkpt>
      <trkpt lat="30.552237" lon="-91.964066">
        <ele>15.7</ele>
      </trkpt>
      <trkpt lat="30.553841" lon="-91.96257">
        <ele>14.2</ele>
      </trkpt>
      <trkpt lat="30.554056" lon="-91.962387">
        <ele>13.2</ele>
      </trkpt>
      <trkpt lat="30.554644" lon="-91.961761">
        <ele>12.6</ele>
      </trkpt>
      <trkpt lat="30.555346" lon="-91.961136">
        <ele>13.2</ele>
      </trkpt>
      <trkpt lat="30.55562" lon="-91.960869">
        <ele>14.0</ele>
      </trkpt>
      <trkpt lat="30.557201" lon="-91.959618">
        <ele>13.6</ele>
      </trkpt>
      <trkpt lat="30.557705" lon="-91.959251">
        <ele>14.2</ele>
      </trkpt>
      <trkpt lat="30.558346" lon="-91.958755">
        <ele>16.0</ele>
      </trkpt>
      <trkpt lat="30.558397" lon="-91.958656">
        <ele>16.2</ele>
      </trkpt>
      <trkpt lat="30.558397" lon="-91.958595">
        <ele>16.0</ele>
      </trkpt>
      <trkpt lat="30.558378" lon="-91.958542">
        <ele>16.0</ele>
      </trkpt>
      <trkpt lat="30.558039" lon="-91.957886">
        <ele>16.2</ele>
      </trkpt>
      <trkpt lat="30.557409" lon="-91.956535">
        <ele>15.3</ele>
      </trkpt>
      <trkpt lat="30.557411" lon="-91.956467">
        <ele>15.3</ele>
      </trkpt>
      <trkpt lat="30.557453" lon="-91.956413">
        <ele>15.6</ele>
      </trkpt>
      <trkpt lat="30.557735" lon="-91.95623">
        <ele>16.6</ele>
      </trkpt>
      <trkpt lat="30.557808" lon="-91.9562">
        <ele>16.7</ele>
      </trkpt>
      <trkpt lat="30.557833" lon="-91.956207">
        <ele>16.7</ele>
      </trkpt>
      <trkpt lat="30.557859" lon="-91.956253">
        <ele>16.7</ele>
      </trkpt>
      <trkpt lat="30.557823" lon="-91.956299">
        <ele>16.7</ele>
      </trkpt>
      <trkpt lat="30.557779" lon="-91.956299">
        <ele>16.6</ele>
      </trkpt>
      <trkpt lat="30.557705" lon="-91.956345">
        <ele>16.7</ele>
      </trkpt>
      <trkpt lat="30.55752" lon="-91.956398">
        <ele>16.7</ele>
      </trkpt>
      <trkpt lat="30.557444" lon="-91.956352">
        <ele>16.7</ele>
      </trkpt>
      <trkpt lat="30.557364" lon="-91.95623">
        <ele>17.2</ele>
      </trkpt>
      <trkpt lat="30.557495" lon="-91.956177">
        <ele>17.0</ele>
      </trkpt>
      <trkpt lat="30.55752" lon="-91.956184">
        <ele>17.0</ele>
      </trkpt>
      <trkpt lat="30.557579" lon="-91.956253">
        <ele>16.7</ele>
      </trkpt>
      <trkpt lat="30.55764" lon="-91.956276">
        <ele>16.7</ele>
      </trkpt>
      <trkpt lat="30.557926" lon="-91.956314">
        <ele>17.0</ele>
      </trkpt>
      <trkpt lat="30.558064" lon="-91.956306">
        <ele>17.2</ele>
      </trkpt>
      <trkpt lat="30.558155" lon="-91.956238">
        <ele>17.2</ele>
      </trkpt>
      <trkpt lat="30.558226" lon="-91.95623">
        <ele>17.2</ele>
      </trkpt>
      <trkpt lat="30.558252" lon="-91.956017">
        <ele>17.3</ele>
      </trkpt>
      <trkpt lat="30.558292" lon="-91.95591">
        <ele>18.0</ele>
      </trkpt>
      <trkpt lat="30.558344" lon="-91.955856">
        <ele>18.3</ele>
      </trkpt>
      <trkpt lat="30.560678" lon="-91.953964">
        <ele>18.7</ele>
      </trkpt>
      <trkpt lat="30.560883" lon="-91.953819">
        <ele>18.7</ele>
      </trkpt>
      <trkpt lat="30.561268" lon="-91.953621">
        <ele>19.2</ele>
      </trkpt>
      <trkpt lat="30.561426" lon="-91.953552">
        <ele>19.2</ele>
      </trkpt>
      <trkpt lat="30.561802" lon="-91.953445">
        <ele>19.2</ele>
      </trkpt>
      <trkpt lat="30.562201" lon="-91.953407">
        <ele>18.7</ele>
      </trkpt>
      <trkpt lat="30.563032" lon="-91.953407">
        <ele>19.3</ele>
      </trkpt>
      <trkpt lat="30.565977" lon="-91.9533">
        <ele>19.3</ele>
      </trkpt>
      <trkpt lat="30.567234" lon="-91.953278">
        <ele>19.3</ele>
      </trkpt>
      <trkpt lat="30.567554" lon="-91.953308">
        <ele>19.6</ele>
      </trkpt>
      <trkpt lat="30.568079" lon="-91.953407">
        <ele>19.6</ele>
      </trkpt>
      <trkpt lat="30.568535" lon="-91.953514">
        <ele>20.0</ele>
      </trkpt>
      <trkpt lat="30.568659" lon="-91.953568">
        <ele>20.0</ele>
      </trkpt>
      <trkpt lat="30.568893" lon="-91.95372">
        <ele>20.0</ele>
      </trkpt>
      <trkpt lat="30.569096" lon="-91.953934">
        <ele>20.0</ele>
      </trkpt>
      <trkpt lat="30.569994" lon="-91.955238">
        <ele>19.7</ele>
      </trkpt>
      <trkpt lat="30.570406" lon="-91.955917">
        <ele>20.0</ele>
      </trkpt>
      <trkpt lat="30.570583" lon="-91.956238">
        <ele>19.7</ele>
      </trkpt>
      <trkpt lat="30.571049" lon="-91.957222">
        <ele>19.3</ele>
      </trkpt>
      <trkpt lat="30.571203" lon="-91.957504">
        <ele>19.0</ele>
      </trkpt>
      <trkpt lat="30.571356" lon="-91.957687">
        <ele>19.0</ele>
      </trkpt>
      <trkpt lat="30.571703" lon="-91.958008">
        <ele>18.7</ele>
      </trkpt>
      <trkpt lat="30.572512" lon="-91.958641">
        <ele>18.3</ele>
      </trkpt>
      <trkpt lat="30.57283" lon="-91.958824">
        <ele>18.2</ele>
      </trkpt>
      <trkpt lat="30.573109" lon="-91.958939">
        <ele>18.6</ele>
      </trkpt>
      <trkpt lat="30.57338" lon="-91.959023">
        <ele>18.6</ele>
      </trkpt>
      <trkpt lat="30.574486" lon="-91.959251">
        <ele>18.0</ele>
      </trkpt>
      <trkpt lat="30.575102" lon="-91.959427">
        <ele>17.3</ele>
      </trkpt>
      <trkpt lat="30.576349" lon="-91.959717">
        <ele>16.7</ele>
      </trkpt>
      <trkpt lat="30.576954" lon="-91.959908">
        <ele>16.6</ele>
      </trkpt>
      <trkpt lat="30.577463" lon="-91.960129">
        <ele>16.7</ele>
      </trkpt>
      <trkpt lat="30.577719" lon="-91.960289">
        <ele>17.0</ele>
      </trkpt>
      <trkpt lat="30.578266" lon="-91.960732">
        <ele>16.7</ele>
      </trkpt>
      <trkpt lat="30.578571" lon="-91.960945">
        <ele>17.0</ele>
      </trkpt>
      <trkpt lat="30.580894" lon="-91.962387">
        <ele>16.7</ele>
      </trkpt>
      <trkpt lat="30.581596" lon="-91.962914">
        <ele>17.2</ele>
      </trkpt>
      <trkpt lat="30.582018" lon="-91.963272">
        <ele>17.2</ele>
      </trkpt>
      <trkpt lat="30.58267" lon="-91.963875">
        <ele>17.2</ele>
      </trkpt>
      <trkpt lat="30.582926" lon="-91.964066">
        <ele>17.2</ele>
      </trkpt>
      <trkpt lat="30.583065" lon="-91.964142">
        <ele>17.3</ele>
      </trkpt>
      <trkpt lat="30.58321" lon="-91.964195">
        <ele>17.3</ele>
      </trkpt>
      <trkpt lat="30.583597" lon="-91.964241">
        <ele>17.3</ele>
      </trkpt>
      <trkpt lat="30.584078" lon="-91.964264">
        <ele>17.2</ele>
      </trkpt>
      <trkpt lat="30.584234" lon="-91.964256">
        <ele>17.2</ele>
      </trkpt>
      <trkpt lat="30.584381" lon="-91.964226">
        <ele>17.2</ele>
      </trkpt>
      <trkpt lat="30.58452" lon="-91.96418">
        <ele>17.3</ele>
      </trkpt>
      <trkpt lat="30.584644" lon="-91.964104">
        <ele>17.3</ele>
      </trkpt>
      <trkpt lat="30.584799" lon="-91.963959">
        <ele>17.6</ele>
      </trkpt>
      <trkpt lat="30.584877" lon="-91.963837">
        <ele>17.7</ele>
      </trkpt>
      <trkpt lat="30.585049" lon="-91.963478">
        <ele>17.7</ele>
      </trkpt>
      <trkpt lat="30.58559" lon="-91.962097">
        <ele>17.6</ele>
      </trkpt>
      <trkpt lat="30.585762" lon="-91.961761">
        <ele>17.7</ele>
      </trkpt>
      <trkpt lat="30.585848" lon="-91.961639">
        <ele>17.7</ele>
      </trkpt>
      <trkpt lat="30.586449" lon="-91.960983">
        <ele>17.7</ele>
      </trkpt>
      <trkpt lat="30.586634" lon="-91.960739">
        <ele>18.2</ele>
      </trkpt>
      <trkpt lat="30.587057" lon="-91.960091">
        <ele>18.6</ele>
      </trkpt>
      <trkpt lat="30.5874" lon="-91.959671">
        <ele>18.6</ele>
      </trkpt>
      <trkpt lat="30.587952" lon="-91.959053">
        <ele>18.7</ele>
      </trkpt>
      <trkpt lat="30.588251" lon="-91.958687">
        <ele>18.6</ele>
      </trkpt>
      <trkpt lat="30.588394" lon="-91.958481">
        <ele>18.6</ele>
      </trkpt>
      <trkpt lat="30.588514" lon="-91.958168">
        <ele>18.3</ele>
      </trkpt>
      <trkpt lat="30.588644" lon="-91.957619">
        <ele>18.6</ele>
      </trkpt>
      <trkpt lat="30.588736" lon="-91.957306">
        <ele>18.7</ele>
      </trkpt>
      <trkpt lat="30.588911" lon="-91.95694">
        <ele>18.7</ele>
      </trkpt>
      <trkpt lat="30.589111" lon="-91.956696">
        <ele>19.0</ele>
      </trkpt>
      <trkpt lat="30.589231" lon="-91.956596">
        <ele>18.7</ele>
      </trkpt>
      <trkpt lat="30.590714" lon="-91.955574">
        <ele>17.2</ele>
      </trkpt>
      <trkpt lat="30.591013" lon="-91.955406">
        <ele>16.7</ele>
      </trkpt>
      <trkpt lat="30.591209" lon="-91.955368">
        <ele>16.6</ele>
      </trkpt>
      <trkpt lat="30.591345" lon="-91.955376">
        <ele>16.6</ele>
      </trkpt>
      <trkpt lat="30.591543" lon="-91.955437">
        <ele>16.6</ele>
      </trkpt>
      <trkpt lat="30.591726" lon="-91.955544">
        <ele>16.7</ele>
      </trkpt>
      <trkpt lat="30.592121" lon="-91.955902">
        <ele>17.0</ele>
      </trkpt>
      <trkpt lat="30.593157" lon="-91.95694">
        <ele>17.6</ele>
      </trkpt>
      <trkpt lat="30.593395" lon="-91.957092">
        <ele>17.7</ele>
      </trkpt>
      <trkpt lat="30.593529" lon="-91.95713">
        <ele>17.7</ele>
      </trkpt>
      <trkpt lat="30.5938" lon="-91.957161">
        <ele>17.6</ele>
      </trkpt>
      <trkpt lat="30.594934" lon="-91.957207">
        <ele>17.6</ele>
      </trkpt>
      <trkpt lat="30.595526" lon="-91.957214">
        <ele>17.6</ele>
      </trkpt>
      <trkpt lat="30.596298" lon="-91.957184">
        <ele>17.0</ele>
      </trkpt>
      <trkpt lat="30.59742" lon="-91.957092">
        <ele>17.2</ele>
      </trkpt>
      <trkpt lat="30.59782" lon="-91.957077">
        <ele>17.2</ele>
      </trkpt>
      <trkpt lat="30.598383" lon="-91.957069">
        <ele>17.3</ele>
      </trkpt>
      <trkpt lat="30.5986" lon="-91.957085">
        <ele>17.3</ele>
      </trkpt>
      <trkpt lat="30.599825" lon="-91.957092">
        <ele>17.3</ele>
      </trkpt>
      <trkpt lat="30.601145" lon="-91.956978">
        <ele>17.6</ele>
      </trkpt>
      <trkpt lat="30.601934" lon="-91.956955">
        <ele>17.3</ele>
      </trkpt>
      <trkpt lat="30.602129" lon="-91.956978">
        <ele>17.7</ele>
      </trkpt>
      <trkpt lat="30.602316" lon="-91.957024">
        <ele>17.7</ele>
      </trkpt>
      <trkpt lat="30.60268" lon="-91.957191">
        <ele>17.7</ele>
      </trkpt>
      <trkpt lat="30.603628" lon="-91.957809">
        <ele>18.0</ele>
      </trkpt>
      <trkpt lat="30.603912" lon="-91.958023">
        <ele>18.2</ele>
      </trkpt>
      <trkpt lat="30.604429" lon="-91.958443">
        <ele>18.0</ele>
      </trkpt>
      <trkpt lat="30.605049" lon="-91.958984">
        <ele>18.0</ele>
      </trkpt>
      <trkpt lat="30.605238" lon="-91.959206">
        <ele>17.7</ele>
      </trkpt>
      <trkpt lat="30.605448" lon="-91.959518">
        <ele>17.3</ele>
      </trkpt>
      <trkpt lat="30.605673" lon="-91.960007">
        <ele>17.0</ele>
      </trkpt>
      <trkpt lat="30.60594" lon="-91.960495">
        <ele>16.7</ele>
      </trkpt>
      <trkpt lat="30.606178" lon="-91.960793">
        <ele>17.2</ele>
      </trkpt>
      <trkpt lat="30.606281" lon="-91.960899">
        <ele>17.3</ele>
      </trkpt>
      <trkpt lat="30.606451" lon="-91.961029">
        <ele>17.7</ele>
      </trkpt>
      <trkpt lat="30.606577" lon="-91.961098">
        <ele>18.0</ele>
      </trkpt>
      <trkpt lat="30.606773" lon="-91.961174">
        <ele>18.2</ele>
      </trkpt>
      <trkpt lat="30.607349" lon="-91.961296">
        <ele>18.6</ele>
      </trkpt>
      <trkpt lat="30.607719" lon="-91.961426">
        <ele>18.7</ele>
      </trkpt>
      <trkpt lat="30.607841" lon="-91.961487">
        <ele>18.7</ele>
      </trkpt>
      <trkpt lat="30.608137" lon="-91.961655">
        <ele>18.7</ele>
      </trkpt>
      <trkpt lat="30.608368" lon="-91.961815">
        <ele>18.7</ele>
      </trkpt>
      <trkpt lat="30.609041" lon="-91.962334">
        <ele>19.2</ele>
      </trkpt>
      <trkpt lat="30.609217" lon="-91.962448">
        <ele>19.2</ele>
      </trkpt>
      <trkpt lat="30.609463" lon="-91.96257">
        <ele>19.2</ele>
      </trkpt>
      <trkpt lat="30.610071" lon="-91.962814">
        <ele>19.2</ele>
      </trkpt>
      <trkpt lat="30.610542" lon="-91.962975">
        <ele>19.2</ele>
      </trkpt>
      <trkpt lat="30.611828" lon="-91.963333">
        <ele>19.0</ele>
      </trkpt>
      <trkpt lat="30.612177" lon="-91.96347">
        <ele>18.3</ele>
      </trkpt>
      <trkpt lat="30.612257" lon="-91.963509">
        <ele>18.2</ele>
      </trkpt>
      <trkpt lat="30.612282" lon="-91.963539">
        <ele>18.2</ele>
      </trkpt>
      <trkpt lat="30.612295" lon="-91.963631">
        <ele>17.6</ele>
      </trkpt>
      <trkpt lat="30.612267" lon="-91.963722">
        <ele>17.2</ele>
      </trkpt>
      <trkpt lat="30.611736" lon="-91.96447">
        <ele>16.3</ele>
      </trkpt>
      <trkpt lat="30.611408" lon="-91.964973">
        <ele>16.3</ele>
      </trkpt>
      <trkpt lat="30.611315" lon="-91.965179">
        <ele>16.7</ele>
      </trkpt>
      <trkpt lat="30.611282" lon="-91.965416">
        <ele>17.2</ele>
      </trkpt>
      <trkpt lat="30.611343" lon="-91.965828">
        <ele>18.0</ele>
      </trkpt>
      <trkpt lat="30.611515" lon="-91.966591">
        <ele>18.7</ele>
      </trkpt>
      <trkpt lat="30.612085" lon="-91.968658">
        <ele>18.2</ele>
      </trkpt>
      <trkpt lat="30.612307" lon="-91.969643">
        <ele>17.2</ele>
      </trkpt>
      <trkpt lat="30.612362" lon="-91.970207">
        <ele>16.7</ele>
      </trkpt>
      <trkpt lat="30.612375" lon="-91.971275">
        <ele>17.0</ele>
      </trkpt>
      <trkpt lat="30.61241" lon="-91.97168">
        <ele>17.0</ele>
      </trkpt>
      <trkpt lat="30.612473" lon="-91.971916">
        <ele>17.0</ele>
      </trkpt>
      <trkpt lat="30.612701" lon="-91.97242">
        <ele>17.0</ele>
      </trkpt>
      <trkpt lat="30.613062" lon="-91.973114">
        <ele>17.6</ele>
      </trkpt>
      <trkpt lat="30.613947" lon="-91.974739">
        <ele>16.7</ele>
      </trkpt>
      <trkpt lat="30.614237" lon="-91.975334">
        <ele>17.0</ele>
      </trkpt>
      <trkpt lat="30.614332" lon="-91.975563">
        <ele>16.7</ele>
      </trkpt>
      <trkpt lat="30.614473" lon="-91.975967">
        <ele>16.6</ele>
      </trkpt>
      <trkpt lat="30.614571" lon="-91.976303">
        <ele>16.3</ele>
      </trkpt>
      <trkpt lat="30.61525" lon="-91.978798">
        <ele>17.2</ele>
      </trkpt>
      <trkpt lat="30.615425" lon="-91.97937">
        <ele>17.7</ele>
      </trkpt>
      <trkpt lat="30.615492" lon="-91.97953">
        <ele>18.0</ele>
      </trkpt>
      <trkpt lat="30.615631" lon="-91.979744">
        <ele>18.2</ele>
      </trkpt>
      <trkpt lat="30.615971" lon="-91.980095">
        <ele>18.3</ele>
      </trkpt>
      <trkpt lat="30.620758" lon="-91.98465">
        <ele>20.2</ele>
      </trkpt>
      <trkpt lat="30.621246" lon="-91.985092">
        <ele>20.0</ele>
      </trkpt>
      <trkpt lat="30.622889" lon="-91.986435">
        <ele>20.0</ele>
      </trkpt>
      <trkpt lat="30.623528" lon="-91.986984">
        <ele>20.0</ele>
      </trkpt>
      <trkpt lat="30.623707" lon="-91.987206">
        <ele>20.2</ele>
      </trkpt>
      <trkpt lat="30.623873" lon="-91.987549">
        <ele>20.0</ele>
      </trkpt>
      <trkpt lat="30.624426" lon="-91.989143">
        <ele>19.3</ele>
      </trkpt>
      <trkpt lat="30.624573" lon="-91.9897">
        <ele>19.3</ele>
      </trkpt>
      <trkpt lat="30.624987" lon="-91.99192">
        <ele>19.0</ele>
      </trkpt>
      <trkpt lat="30.625435" lon="-91.994576">
        <ele>18.3</ele>
      </trkpt>
      <trkpt lat="30.625816" lon="-91.996681">
        <ele>17.7</ele>
      </trkpt>
      <trkpt lat="30.625917" lon="-91.997154">
        <ele>18.0</ele>
      </trkpt>
      <trkpt lat="30.626219" lon="-91.998383">
        <ele>17.7</ele>
      </trkpt>
      <trkpt lat="30.626577" lon="-91.999733">
        <ele>17.7</ele>
      </trkpt>
      <trkpt lat="30.626755" lon="-92.000298">
        <ele>17.7</ele>
      </trkpt>
      <trkpt lat="30.626944" lon="-92.000832">
        <ele>18.2</ele>
      </trkpt>
      <trkpt lat="30.627083" lon="-92.00132">
        <ele>18.6</ele>
      </trkpt>
      <trkpt lat="30.627243" lon="-92.002167">
        <ele>18.6</ele>
      </trkpt>
      <trkpt lat="30.627615" lon="-92.004456">
        <ele>18.2</ele>
      </trkpt>
      <trkpt lat="30.627722" lon="-92.005302">
        <ele>18.3</ele>
      </trkpt>
      <trkpt lat="30.627769" lon="-92.006332">
        <ele>18.2</ele>
      </trkpt>
      <trkpt lat="30.627827" lon="-92.006851">
        <ele>18.0</ele>
      </trkpt>
      <trkpt lat="30.627911" lon="-92.007408">
        <ele>17.7</ele>
      </trkpt>
      <trkpt lat="30.628" lon="-92.008247">
        <ele>17.6</ele>
      </trkpt>
      <trkpt lat="30.628057" lon="-92.008614">
        <ele>17.6</ele>
      </trkpt>
      <trkpt lat="30.62808" lon="-92.008942">
        <ele>17.3</ele>
      </trkpt>
      <trkpt lat="30.628237" lon="-92.010139">
        <ele>17.6</ele>
      </trkpt>
      <trkpt lat="30.628256" lon="-92.010384">
        <ele>17.7</ele>
      </trkpt>
      <trkpt lat="30.628262" lon="-92.010712">
        <ele>17.7</ele>
      </trkpt>
      <trkpt lat="30.628242" lon="-92.011215">
        <ele>17.6</ele>
      </trkpt>
      <trkpt lat="30.628113" lon="-92.013702">
        <ele>15.0</ele>
      </trkpt>
      <trkpt lat="30.628067" lon="-92.014153">
        <ele>15.0</ele>
      </trkpt>
      <trkpt lat="30.627907" lon="-92.014816">
        <ele>16.0</ele>
      </trkpt>
      <trkpt lat="30.627743" lon="-92.015335">
        <ele>16.7</ele>
      </trkpt>
      <trkpt lat="30.627623" lon="-92.015633">
        <ele>17.2</ele>
      </trkpt>
      <trkpt lat="30.627497" lon="-92.015846">
        <ele>17.6</ele>
      </trkpt>
      <trkpt lat="30.627348" lon="-92.016037">
        <ele>17.7</ele>
      </trkpt>
      <trkpt lat="30.627186" lon="-92.016197">
        <ele>17.7</ele>
      </trkpt>
      <trkpt lat="30.627071" lon="-92.016281">
        <ele>18.0</ele>
      </trkpt>
      <trkpt lat="30.626818" lon="-92.016411">
        <ele>18.2</ele>
      </trkpt>
      <trkpt lat="30.626341" lon="-92.016563">
        <ele>18.6</ele>
      </trkpt>
      <trkpt lat="30.624758" lon="-92.016953">
        <ele>19.6</ele>
      </trkpt>
      <trkpt lat="30.623734" lon="-92.017181">
        <ele>19.6</ele>
      </trkpt>
      <trkpt lat="30.623087" lon="-92.017357">
        <ele>19.6</ele>
      </trkpt>
      <trkpt lat="30.622168" lon="-92.01757">
        <ele>19.7</ele>
      </trkpt>
      <trkpt lat="30.621958" lon="-92.017639">
        <ele>19.7</ele>
      </trkpt>
      <trkpt lat="30.621702" lon="-92.017769">
        <ele>19.6</ele>
      </trkpt>
      <trkpt lat="30.621531" lon="-92.017899">
        <ele>19.6</ele>
      </trkpt>
      <trkpt lat="30.621372" lon="-92.018059">
        <ele>19.6</ele>
      </trkpt>
      <trkpt lat="30.621283" lon="-92.018173">
        <ele>19.7</ele>
      </trkpt>
      <trkpt lat="30.621128" lon="-92.018433">
        <ele>19.7</ele>
      </trkpt>
      <trkpt lat="30.620975" lon="-92.018784">
        <ele>20.2</ele>
      </trkpt>
      <trkpt lat="30.62011" lon="-92.021614">
        <ele>19.6</ele>
      </trkpt>
      <trkpt lat="30.619759" lon="-92.022713">
        <ele>19.3</ele>
      </trkpt>
      <trkpt lat="30.619602" lon="-92.023132">
        <ele>19.7</ele>
      </trkpt>
      <trkpt lat="30.619467" lon="-92.023392">
        <ele>19.7</ele>
      </trkpt>
      <trkpt lat="30.619389" lon="-92.023514">
        <ele>19.6</ele>
      </trkpt>
      <trkpt lat="30.619123" lon="-92.023842">
        <ele>19.7</ele>
      </trkpt>
      <trkpt lat="30.617729" lon="-92.025421">
        <ele>17.0</ele>
      </trkpt>
      <trkpt lat="30.617437" lon="-92.025772">
        <ele>16.7</ele>
      </trkpt>
      <trkpt lat="30.616039" lon="-92.027344">
        <ele>16.6</ele>
      </trkpt>
      <trkpt lat="30.61586" lon="-92.027565">
        <ele>16.3</ele>
      </trkpt>
      <trkpt lat="30.61561" lon="-92.027931">
        <ele>16.3</ele>
      </trkpt>
      <trkpt lat="30.615509" lon="-92.028137">
        <ele>16.3</ele>
      </trkpt>
      <trkpt lat="30.615406" lon="-92.028435">
        <ele>16.3</ele>
      </trkpt>
      <trkpt lat="30.61533" lon="-92.02874">
        <ele>16.3</ele>
      </trkpt>
      <trkpt lat="30.615299" lon="-92.029068">
        <ele>16.3</ele>
      </trkpt>
      <trkpt lat="30.615309" lon="-92.029396">
        <ele>16.3</ele>
      </trkpt>
      <trkpt lat="30.615358" lon="-92.029709">
        <ele>16.0</ele>
      </trkpt>
      <trkpt lat="30.615488" lon="-92.030144">
        <ele>16.0</ele>
      </trkpt>
      <trkpt lat="30.615894" lon="-92.031113">
        <ele>16.2</ele>
      </trkpt>
      <trkpt lat="30.616266" lon="-92.032089">
        <ele>16.6</ele>
      </trkpt>
      <trkpt lat="30.616369" lon="-92.032516">
        <ele>16.6</ele>
      </trkpt>
      <trkpt lat="30.616402" lon="-92.03286">
        <ele>16.3</ele>
      </trkpt>
      <trkpt lat="30.616375" lon="-92.033127">
        <ele>16.6</ele>
      </trkpt>
      <trkpt lat="30.616276" lon="-92.033516">
        <ele>17.0</ele>
      </trkpt>
      <trkpt lat="30.616041" lon="-92.034042">
        <ele>17.3</ele>
      </trkpt>
      <trkpt lat="30.615623" lon="-92.034775">
        <ele>17.6</ele>
      </trkpt>
      <trkpt lat="30.615461" lon="-92.03511">
        <ele>17.7</ele>
      </trkpt>
      <trkpt lat="30.615278" lon="-92.035629">
        <ele>17.9</ele>
      </trkpt>
      <trkpt lat="30.615145" lon="-92.036263">
        <ele>18.6</ele>
      </trkpt>
      <trkpt lat="30.615114" lon="-92.036674">
        <ele>18.6</ele>
      </trkpt>
      <trkpt lat="30.615114" lon="-92.03701">
        <ele>18.7</ele>
      </trkpt>
      <trkpt lat="30.615307" lon="-92.042381">
        <ele>18.6</ele>
      </trkpt>
      <trkpt lat="30.615305" lon="-92.042694">
        <ele>18.6</ele>
      </trkpt>
      <trkpt lat="30.615208" lon="-92.043228">
        <ele>19.3</ele>
      </trkpt>
      <trkpt lat="30.61507" lon="-92.043587">
        <ele>20.0</ele>
      </trkpt>
      <trkpt lat="30.615005" lon="-92.043716">
        <ele>20.3</ele>
      </trkpt>
      <trkpt lat="30.614716" lon="-92.044159">
        <ele>20.7</ele>
      </trkpt>
      <trkpt lat="30.614202" lon="-92.044762">
        <ele>20.3</ele>
      </trkpt>
      <trkpt lat="30.61364" lon="-92.045471">
        <ele>19.3</ele>
      </trkpt>
      <trkpt lat="30.613392" lon="-92.045853">
        <ele>18.7</ele>
      </trkpt>
      <trkpt lat="30.613171" lon="-92.046379">
        <ele>18.4</ele>
      </trkpt>
      <trkpt lat="30.613054" lon="-92.046745">
        <ele>18.6</ele>
      </trkpt>
      <trkpt lat="30.612967" lon="-92.04731">
        <ele>18.6</ele>
      </trkpt>
      <trkpt lat="30.612957" lon="-92.047775">
        <ele>18.6</ele>
      </trkpt>
      <trkpt lat="30.613012" lon="-92.048309">
        <ele>18.2</ele>
      </trkpt>
      <trkpt lat="30.613058" lon="-92.048531">
        <ele>18.2</ele>
      </trkpt>
      <trkpt lat="30.613165" lon="-92.048889">
        <ele>18.2</ele>
      </trkpt>
      <trkpt lat="30.613644" lon="-92.050049">
        <ele>18.7</ele>
      </trkpt>
      <trkpt lat="30.614286" lon="-92.051399">
        <ele>20.3</ele>
      </trkpt>
      <trkpt lat="30.614502" lon="-92.051926">
        <ele>20.6</ele>
      </trkpt>
      <trkpt lat="30.614588" lon="-92.052223">
        <ele>20.6</ele>
      </trkpt>
      <trkpt lat="30.614649" lon="-92.052505">
        <ele>20.3</ele>
      </trkpt>
      <trkpt lat="30.614801" lon="-92.053474">
        <ele>19.6</ele>
      </trkpt>
      <trkpt lat="30.614887" lon="-92.053864">
        <ele>19.2</ele>
      </trkpt>
      <trkpt lat="30.61495" lon="-92.054039">
        <ele>19.0</ele>
      </trkpt>
      <trkpt lat="30.615129" lon="-92.054367">
        <ele>19.6</ele>
      </trkpt>
      <trkpt lat="30.615265" lon="-92.054558">
        <ele>20.0</ele>
      </trkpt>
      <trkpt lat="30.616003" lon="-92.055466">
        <ele>22.3</ele>
      </trkpt>
      <trkpt lat="30.616304" lon="-92.055809">
        <ele>24.0</ele>
      </trkpt>
      <trkpt lat="30.616709" lon="-92.056328">
        <ele>23.2</ele>
      </trkpt>
      <trkpt lat="30.616751" lon="-92.056435">
        <ele>22.6</ele>
      </trkpt>
      <trkpt lat="30.616737" lon="-92.056534">
        <ele>22.3</ele>
      </trkpt>
      <trkpt lat="30.616701" lon="-92.05661">
        <ele>22.2</ele>
      </trkpt>
      <trkpt lat="30.616098" lon="-92.057327">
        <ele>23.2</ele>
      </trkpt>
      <trkpt lat="30.61565" lon="-92.0578">
        <ele>23.7</ele>
      </trkpt>
      <trkpt lat="30.615158" lon="-92.058357">
        <ele>27.0</ele>
      </trkpt>
      <trkpt lat="30.61482" lon="-92.058701">
        <ele>28.3</ele>
      </trkpt>
      <trkpt lat="30.614752" lon="-92.058792">
        <ele>28.3</ele>
      </trkpt>
      <trkpt lat="30.614685" lon="-92.058838">
        <ele>28.3</ele>
      </trkpt>
      <trkpt lat="30.614641" lon="-92.058907">
        <ele>28.3</ele>
      </trkpt>
      <trkpt lat="30.614607" lon="-92.058891">
        <ele>29.6</ele>
      </trkpt>
      <trkpt lat="30.614702" lon="-92.058838">
        <ele>29.6</ele>
      </trkpt>
      <trkpt lat="30.614861" lon="-92.058662">
        <ele>30.2</ele>
      </trkpt>
      <trkpt lat="30.614908" lon="-92.058655">
        <ele>30.3</ele>
      </trkpt>
      <trkpt lat="30.614822" lon="-92.058662">
        <ele>25.6</ele>
      </trkpt>
      <trkpt lat="30.614805" lon="-92.058701">
        <ele>25.6</ele>
      </trkpt>
      <trkpt lat="30.614626" lon="-92.058876">
        <ele>25.7</ele>
      </trkpt>
      <trkpt lat="30.614321" lon="-92.059235">
        <ele>26.6</ele>
      </trkpt>
      <trkpt lat="30.61408" lon="-92.059479">
        <ele>27.0</ele>
      </trkpt>
      <trkpt lat="30.613991" lon="-92.059517">
        <ele>27.0</ele>
      </trkpt>
      <trkpt lat="30.613897" lon="-92.059502">
        <ele>27.2</ele>
      </trkpt>
      <trkpt lat="30.613861" lon="-92.059471">
        <ele>27.2</ele>
      </trkpt>
      <trkpt lat="30.613665" lon="-92.059189">
        <ele>27.3</ele>
      </trkpt>
      <trkpt lat="30.612909" lon="-92.05825">
        <ele>26.7</ele>
      </trkpt>
      <trkpt lat="30.611917" lon="-92.057068">
        <ele>29.7</ele>
      </trkpt>
      <trkpt lat="30.611898" lon="-92.056961">
        <ele>29.7</ele>
      </trkpt>
      <trkpt lat="30.611938" lon="-92.0569">
        <ele>30.0</ele>
      </trkpt>
      <trkpt lat="30.612249" lon="-92.05658">
        <ele>30.7</ele>
      </trkpt>
      <trkpt lat="30.612831" lon="-92.055923">
        <ele>31.2</ele>
      </trkpt>
      <trkpt lat="30.613361" lon="-92.055374">
        <ele>32.3</ele>
      </trkpt>
      <trkpt lat="30.613598" lon="-92.055084">
        <ele>33.3</ele>
      </trkpt>
      <trkpt lat="30.61397" lon="-92.054695">
        <ele>31.7</ele>
      </trkpt>
      <trkpt lat="30.61446" lon="-92.0541">
        <ele>28.7</ele>
      </trkpt>
      <trkpt lat="30.614681" lon="-92.053886">
        <ele>25.6</ele>
      </trkpt>
      <trkpt lat="30.614725" lon="-92.05381">
        <ele>25.0</ele>
      </trkpt>
      <trkpt lat="30.614727" lon="-92.053665">
        <ele>24.3</ele>
      </trkpt>
      <trkpt lat="30.614658" lon="-92.053329">
        <ele>24.0</ele>
      </trkpt>
      <trkpt lat="30.614496" lon="-92.052322">
        <ele>24.3</ele>
      </trkpt>
      <trkpt lat="30.614449" lon="-92.052132">
        <ele>24.2</ele>
      </trkpt>
      <trkpt lat="30.614307" lon="-92.051712">
        <ele>24.2</ele>
      </trkpt>
      <trkpt lat="30.614239" lon="-92.051544">
        <ele>24.3</ele>
      </trkpt>
      <trkpt lat="30.613876" lon="-92.050804">
        <ele>24.6</ele>
      </trkpt>
      <trkpt lat="30.613138" lon="-92.049461">
        <ele>24.2</ele>
      </trkpt>
      <trkpt lat="30.612978" lon="-92.049095">
        <ele>25.0</ele>
      </trkpt>
      <trkpt lat="30.612921" lon="-92.048927">
        <ele>25.0</ele>
      </trkpt>
      <trkpt lat="30.612806" lon="-92.048485">
        <ele>25.0</ele>
      </trkpt>
      <trkpt lat="30.61272" lon="-92.047951">
        <ele>25.2</ele>
      </trkpt>
      <trkpt lat="30.612711" lon="-92.047752">
        <ele>25.0</ele>
      </trkpt>
      <trkpt lat="30.612724" lon="-92.047333">
        <ele>24.6</ele>
      </trkpt>
      <trkpt lat="30.612806" lon="-92.046776">
        <ele>24.2</ele>
      </trkpt>
      <trkpt lat="30.612885" lon="-92.046432">
        <ele>24.2</ele>
      </trkpt>
      <trkpt lat="30.613029" lon="-92.046036">
        <ele>24.3</ele>
      </trkpt>
      <trkpt lat="30.613258" lon="-92.045601">
        <ele>24.3</ele>
      </trkpt>
      <trkpt lat="30.613451" lon="-92.045303">
        <ele>24.3</ele>
      </trkpt>
      <trkpt lat="30.613718" lon="-92.044983">
        <ele>24.3</ele>
      </trkpt>
      <trkpt lat="30.61446" lon="-92.044228">
        <ele>23.3</ele>
      </trkpt>
      <trkpt lat="30.614834" lon="-92.043808">
        <ele>22.7</ele>
      </trkpt>
      <trkpt lat="30.614996" lon="-92.043556">
        <ele>22.3</ele>
      </trkpt>
      <trkpt lat="30.615198" lon="-92.043053">
        <ele>21.6</ele>
      </trkpt>
      <trkpt lat="30.615263" lon="-92.042671">
        <ele>22.0</ele>
      </trkpt>
      <trkpt lat="30.615273" lon="-92.042221">
        <ele>22.2</ele>
      </trkpt>
      <trkpt lat="30.615234" lon="-92.041534">
        <ele>22.2</ele>
      </trkpt>
      <trkpt lat="30.615078" lon="-92.037003">
        <ele>19.0</ele>
      </trkpt>
      <trkpt lat="30.615074" lon="-92.036659">
        <ele>19.2</ele>
      </trkpt>
      <trkpt lat="30.615089" lon="-92.036392">
        <ele>19.2</ele>
      </trkpt>
      <trkpt lat="30.615124" lon="-92.036118">
        <ele>19.2</ele>
      </trkpt>
      <trkpt lat="30.615192" lon="-92.035774">
        <ele>19.2</ele>
      </trkpt>
      <trkpt lat="30.615345" lon="-92.035255">
        <ele>19.7</ele>
      </trkpt>
      <trkpt lat="30.615534" lon="-92.034821">
        <ele>20.2</ele>
      </trkpt>
      <trkpt lat="30.615965" lon="-92.034096">
        <ele>20.2</ele>
      </trkpt>
      <trkpt lat="30.616179" lon="-92.033646">
        <ele>19.6</ele>
      </trkpt>
      <trkpt lat="30.616198" lon="-92.033524">
        <ele>19.6</ele>
      </trkpt>
      <trkpt lat="30.616148" lon="-92.033417">
        <ele>19.3</ele>
      </trkpt>
      <trkpt lat="30.616102" lon="-92.033386">
        <ele>19.3</ele>
      </trkpt>
      <trkpt lat="30.61599" lon="-92.033363">
        <ele>19.0</ele>
      </trkpt>
      <trkpt lat="30.61442" lon="-92.033241">
        <ele>18.2</ele>
      </trkpt>
      <trkpt lat="30.613068" lon="-92.033104">
        <ele>19.2</ele>
      </trkpt>
      <trkpt lat="30.612261" lon="-92.033005">
        <ele>20.3</ele>
      </trkpt>
      <trkpt lat="30.611635" lon="-92.032959">
        <ele>20.3</ele>
      </trkpt>
      <trkpt lat="30.610872" lon="-92.032875">
        <ele>19.6</ele>
      </trkpt>
      <trkpt lat="30.609625" lon="-92.032768">
        <ele>20.6</ele>
      </trkpt>
      <trkpt lat="30.606966" lon="-92.032501">
        <ele>21.0</ele>
      </trkpt>
      <trkpt lat="30.604742" lon="-92.032257">
        <ele>20.6</ele>
      </trkpt>
      <trkpt lat="30.601898" lon="-92.031982">
        <ele>19.3</ele>
      </trkpt>
      <trkpt lat="30.601107" lon="-92.031883">
        <ele>19.2</ele>
      </trkpt>
      <trkpt lat="30.600698" lon="-92.031853">
        <ele>19.2</ele>
      </trkpt>
      <trkpt lat="30.600422" lon="-92.031853">
        <ele>19.0</ele>
      </trkpt>
      <trkpt lat="30.60008" lon="-92.031906">
        <ele>19.2</ele>
      </trkpt>
      <trkpt lat="30.599758" lon="-92.03199">
        <ele>19.2</ele>
      </trkpt>
      <trkpt lat="30.599367" lon="-92.03212">
        <ele>19.2</ele>
      </trkpt>
      <trkpt lat="30.59861" lon="-92.032402">
        <ele>19.6</ele>
      </trkpt>
      <trkpt lat="30.598305" lon="-92.032562">
        <ele>19.6</ele>
      </trkpt>
      <trkpt lat="30.598076" lon="-92.032722">
        <ele>19.6</ele>
      </trkpt>
      <trkpt lat="30.597866" lon="-92.032921">
        <ele>19.6</ele>
      </trkpt>
      <trkpt lat="30.597582" lon="-92.033272">
        <ele>19.6</ele>
      </trkpt>
      <trkpt lat="30.596737" lon="-92.03447">
        <ele>19.3</ele>
      </trkpt>
      <trkpt lat="30.596512" lon="-92.034744">
        <ele>19.3</ele>
      </trkpt>
      <trkpt lat="30.595804" lon="-92.035492">
        <ele>19.6</ele>
      </trkpt>
      <trkpt lat="30.595556" lon="-92.035812">
        <ele>19.7</ele>
      </trkpt>
      <trkpt lat="30.595352" lon="-92.036179">
        <ele>19.6</ele>
      </trkpt>
      <trkpt lat="30.594759" lon="-92.037399">
        <ele>19.3</ele>
      </trkpt>
      <trkpt lat="30.594654" lon="-92.037582">
        <ele>19.6</ele>
      </trkpt>
      <trkpt lat="30.594488" lon="-92.037819">
        <ele>20.0</ele>
      </trkpt>
      <trkpt lat="30.59425" lon="-92.038109">
        <ele>20.2</ele>
      </trkpt>
      <trkpt lat="30.593897" lon="-92.038483">
        <ele>20.2</ele>
      </trkpt>
      <trkpt lat="30.592585" lon="-92.039711">
        <ele>19.7</ele>
      </trkpt>
      <trkpt lat="30.592209" lon="-92.03997">
        <ele>20.3</ele>
      </trkpt>
      <trkpt lat="30.592022" lon="-92.040039">
        <ele>20.6</ele>
      </trkpt>
      <trkpt lat="30.591827" lon="-92.040085">
        <ele>21.0</ele>
      </trkpt>
      <trkpt lat="30.591633" lon="-92.0401">
        <ele>21.0</ele>
      </trkpt>
      <trkpt lat="30.591311" lon="-92.04007">
        <ele>21.0</ele>
      </trkpt>
      <trkpt lat="30.591051" lon="-92.040009">
        <ele>20.7</ele>
      </trkpt>
      <trkpt lat="30.59034" lon="-92.039764">
        <ele>21.2</ele>
      </trkpt>
      <trkpt lat="30.589901" lon="-92.039566">
        <ele>22.2</ele>
      </trkpt>
      <trkpt lat="30.589615" lon="-92.039352">
        <ele>22.7</ele>
      </trkpt>
      <trkpt lat="30.589436" lon="-92.039101">
        <ele>22.7</ele>
      </trkpt>
      <trkpt lat="30.589285" lon="-92.038811">
        <ele>22.3</ele>
      </trkpt>
      <trkpt lat="30.589161" lon="-92.038521">
        <ele>21.6</ele>
      </trkpt>
      <trkpt lat="30.58872" lon="-92.037605">
        <ele>21.3</ele>
      </trkpt>
      <trkpt lat="30.588511" lon="-92.037209">
        <ele>21.6</ele>
      </trkpt>
      <trkpt lat="30.587639" lon="-92.035866">
        <ele>22.7</ele>
      </trkpt>
      <trkpt lat="30.587425" lon="-92.035591">
        <ele>22.7</ele>
      </trkpt>
      <trkpt lat="30.587234" lon="-92.035416">
        <ele>22.7</ele>
      </trkpt>
      <trkpt lat="30.586914" lon="-92.035194">
        <ele>22.3</ele>
      </trkpt>
      <trkpt lat="30.58651" lon="-92.034981">
        <ele>21.7</ele>
      </trkpt>
      <trkpt lat="30.584278" lon="-92.03389">
        <ele>20.6</ele>
      </trkpt>
      <trkpt lat="30.582846" lon="-92.033272">
        <ele>21.2</ele>
      </trkpt>
      <trkpt lat="30.582453" lon="-92.033127">
        <ele>22.3</ele>
      </trkpt>
      <trkpt lat="30.581375" lon="-92.032669">
        <ele>21.7</ele>
      </trkpt>
      <trkpt lat="30.580854" lon="-92.032471">
        <ele>21.3</ele>
      </trkpt>
      <trkpt lat="30.580509" lon="-92.032295">
        <ele>21.0</ele>
      </trkpt>
      <trkpt lat="30.580114" lon="-92.032074">
        <ele>20.6</ele>
      </trkpt>
      <trkpt lat="30.578861" lon="-92.031281">
        <ele>20.2</ele>
      </trkpt>
      <trkpt lat="30.578354" lon="-92.030884">
        <ele>20.6</ele>
      </trkpt>
      <trkpt lat="30.578024" lon="-92.030563">
        <ele>20.7</ele>
      </trkpt>
      <trkpt lat="30.577511" lon="-92.029945">
        <ele>21.0</ele>
      </trkpt>
      <trkpt lat="30.576824" lon="-92.029076">
        <ele>20.0</ele>
      </trkpt>
      <trkpt lat="30.576588" lon="-92.028748">
        <ele>20.0</ele>
      </trkpt>
      <trkpt lat="30.576456" lon="-92.028511">
        <ele>19.7</ele>
      </trkpt>
      <trkpt lat="30.576363" lon="-92.028244">
        <ele>20.0</ele>
      </trkpt>
      <trkpt lat="30.57626" lon="-92.027824">
        <ele>19.7</ele>
      </trkpt>
      <trkpt lat="30.576105" lon="-92.026306">
        <ele>20.7</ele>
      </trkpt>
      <trkpt lat="30.575798" lon="-92.025032">
        <ele>22.6</ele>
      </trkpt>
      <trkpt lat="30.575598" lon="-92.023888">
        <ele>22.2</ele>
      </trkpt>
      <trkpt lat="30.575483" lon="-92.023361">
        <ele>21.7</ele>
      </trkpt>
      <trkpt lat="30.575441" lon="-92.023239">
        <ele>21.7</ele>
      </trkpt>
      <trkpt lat="30.575346" lon="-92.023048">
        <ele>21.7</ele>
      </trkpt>
      <trkpt lat="30.575237" lon="-92.022888">
        <ele>21.7</ele>
      </trkpt>
      <trkpt lat="30.575157" lon="-92.022789">
        <ele>21.7</ele>
      </trkpt>
      <trkpt lat="30.574751" lon="-92.0224">
        <ele>22.0</ele>
      </trkpt>
      <trkpt lat="30.574419" lon="-92.022125">
        <ele>21.6</ele>
      </trkpt>
      <trkpt lat="30.574205" lon="-92.022003">
        <ele>21.7</ele>
      </trkpt>
      <trkpt lat="30.573917" lon="-92.021904">
        <ele>21.6</ele>
      </trkpt>
      <trkpt lat="30.573442" lon="-92.021843">
        <ele>21.7</ele>
      </trkpt>
      <trkpt lat="30.573259" lon="-92.021866">
        <ele>21.7</ele>
      </trkpt>
      <trkpt lat="30.57296" lon="-92.021935">
        <ele>21.6</ele>
      </trkpt>
      <trkpt lat="30.571835" lon="-92.022102">
        <ele>20.3</ele>
      </trkpt>
      <trkpt lat="30.571653" lon="-92.022141">
        <ele>20.7</ele>
      </trkpt>
      <trkpt lat="30.571413" lon="-92.022171">
        <ele>21.3</ele>
      </trkpt>
      <trkpt lat="30.571032" lon="-92.022163">
        <ele>21.0</ele>
      </trkpt>
      <trkpt lat="30.570724" lon="-92.022057">
        <ele>20.6</ele>
      </trkpt>
      <trkpt lat="30.570448" lon="-92.021858">
        <ele>20.3</ele>
      </trkpt>
      <trkpt lat="30.570196" lon="-92.021637">
        <ele>19.6</ele>
      </trkpt>
      <trkpt lat="30.570156" lon="-92.021584">
        <ele>19.3</ele>
      </trkpt>
      <trkpt lat="30.570135" lon="-92.021515">
        <ele>19.2</ele>
      </trkpt>
      <trkpt lat="30.570129" lon="-92.021446">
        <ele>19.2</ele>
      </trkpt>
      <trkpt lat="30.570168" lon="-92.021317">
        <ele>19.2</ele>
      </trkpt>
      <trkpt lat="30.571093" lon="-92.019882">
        <ele>21.3</ele>
      </trkpt>
      <trkpt lat="30.571234" lon="-92.019638">
        <ele>21.3</ele>
      </trkpt>
      <trkpt lat="30.571413" lon="-92.019257">
        <ele>21.3</ele>
      </trkpt>
      <trkpt lat="30.571503" lon="-92.018906">
        <ele>21.0</ele>
      </trkpt>
      <trkpt lat="30.571512" lon="-92.018524">
        <ele>20.6</ele>
      </trkpt>
      <trkpt lat="30.571491" lon="-92.018219">
        <ele>20.2</ele>
      </trkpt>
      <trkpt lat="30.571415" lon="-92.017754">
        <ele>20.3</ele>
      </trkpt>
      <trkpt lat="30.571333" lon="-92.017387">
        <ele>20.6</ele>
      </trkpt>
      <trkpt lat="30.571276" lon="-92.01725">
        <ele>21.0</ele>
      </trkpt>
      <trkpt lat="30.571121" lon="-92.016998">
        <ele>21.3</ele>
      </trkpt>
      <trkpt lat="30.570942" lon="-92.016792">
        <ele>21.3</ele>
      </trkpt>
      <trkpt lat="30.570677" lon="-92.016586">
        <ele>21.3</ele>
      </trkpt>
      <trkpt lat="30.570505" lon="-92.016487">
        <ele>21.6</ele>
      </trkpt>
      <trkpt lat="30.57019" lon="-92.016365">
        <ele>21.7</ele>
      </trkpt>
      <trkpt lat="30.569304" lon="-92.016098">
        <ele>21.3</ele>
      </trkpt>
      <trkpt lat="30.568794" lon="-92.015968">
        <ele>21.7</ele>
      </trkpt>
      <trkpt lat="30.568304" lon="-92.015854">
        <ele>22.0</ele>
      </trkpt>
      <trkpt lat="30.567686" lon="-92.015739">
        <ele>21.0</ele>
      </trkpt>
      <trkpt lat="30.567495" lon="-92.015717">
        <ele>20.7</ele>
      </trkpt>
      <trkpt lat="30.567245" lon="-92.015717">
        <ele>20.6</ele>
      </trkpt>
      <trkpt lat="30.567059" lon="-92.015739">
        <ele>20.6</ele>
      </trkpt>
      <trkpt lat="30.565897" lon="-92.016006">
        <ele>20.0</ele>
      </trkpt>
      <trkpt lat="30.565636" lon="-92.016083">
        <ele>20.0</ele>
      </trkpt>
      <trkpt lat="30.565317" lon="-92.01622">
        <ele>19.7</ele>
      </trkpt>
      <trkpt lat="30.564772" lon="-92.016541">
        <ele>19.7</ele>
      </trkpt>
      <trkpt lat="30.564453" lon="-92.016701">
        <ele>19.7</ele>
      </trkpt>
      <trkpt lat="30.563198" lon="-92.01725">
        <ele>19.7</ele>
      </trkpt>
      <trkpt lat="30.561979" lon="-92.017761">
        <ele>20.2</ele>
      </trkpt>
      <trkpt lat="30.561247" lon="-92.018051">
        <ele>20.0</ele>
      </trkpt>
      <trkpt lat="30.560198" lon="-92.018433">
        <ele>20.0</ele>
      </trkpt>
      <trkpt lat="30.559715" lon="-92.018593">
        <ele>20.3</ele>
      </trkpt>
      <trkpt lat="30.559286" lon="-92.018715">
        <ele>20.3</ele>
      </trkpt>
      <trkpt lat="30.558319" lon="-92.018898">
        <ele>20.2</ele>
      </trkpt>
      <trkpt lat="30.557989" lon="-92.018936">
        <ele>20.0</ele>
      </trkpt>
      <trkpt lat="30.557657" lon="-92.018936">
        <ele>20.2</ele>
      </trkpt>
      <trkpt lat="30.557323" lon="-92.01889">
        <ele>20.3</ele>
      </trkpt>
      <trkpt lat="30.557058" lon="-92.018822">
        <ele>20.6</ele>
      </trkpt>
      <trkpt lat="30.556738" lon="-92.018692">
        <ele>20.6</ele>
      </trkpt>
      <trkpt lat="30.556494" lon="-92.018555">
        <ele>20.7</ele>
      </trkpt>
      <trkpt lat="30.556154" lon="-92.018311">
        <ele>20.6</ele>
      </trkpt>
      <trkpt lat="30.555796" lon="-92.017952">
        <ele>20.6</ele>
      </trkpt>
      <trkpt lat="30.555618" lon="-92.017731">
        <ele>20.7</ele>
      </trkpt>
      <trkpt lat="30.555395" lon="-92.017349">
        <ele>21.3</ele>
      </trkpt>
      <trkpt lat="30.555048" lon="-92.016602">
        <ele>22.3</ele>
      </trkpt>
      <trkpt lat="30.554787" lon="-92.015961">
        <ele>22.7</ele>
      </trkpt>
      <trkpt lat="30.554745" lon="-92.015816">
        <ele>22.7</ele>
      </trkpt>
      <trkpt lat="30.554695" lon="-92.015503">
        <ele>23.0</ele>
      </trkpt>
      <trkpt lat="30.554682" lon="-92.015099">
        <ele>22.6</ele>
      </trkpt>
      <trkpt lat="30.554716" lon="-92.014786">
        <ele>23.0</ele>
      </trkpt>
      <trkpt lat="30.554811" lon="-92.014412">
        <ele>23.2</ele>
      </trkpt>
      <trkpt lat="30.555054" lon="-92.013573">
        <ele>23.3</ele>
      </trkpt>
      <trkpt lat="30.555134" lon="-92.013344">
        <ele>23.3</ele>
      </trkpt>
      <trkpt lat="30.556202" lon="-92.010567">
        <ele>21.7</ele>
      </trkpt>
      <trkpt lat="30.556889" lon="-92.008835">
        <ele>20.7</ele>
      </trkpt>
      <trkpt lat="30.556938" lon="-92.008614">
        <ele>20.6</ele>
      </trkpt>
      <trkpt lat="30.556953" lon="-92.008461">
        <ele>20.3</ele>
      </trkpt>
      <trkpt lat="30.556932" lon="-92.008163">
        <ele>20.0</ele>
      </trkpt>
      <trkpt lat="30.556887" lon="-92.00795">
        <ele>19.6</ele>
      </trkpt>
      <trkpt lat="30.55681" lon="-92.007744">
        <ele>19.6</ele>
      </trkpt>
      <trkpt lat="30.55666" lon="-92.007507">
        <ele>19.3</ele>
      </trkpt>
      <trkpt lat="30.556568" lon="-92.007401">
        <ele>19.2</ele>
      </trkpt>
      <trkpt lat="30.556467" lon="-92.007317">
        <ele>19.0</ele>
      </trkpt>
      <trkpt lat="30.556103" lon="-92.007095">
        <ele>19.0</ele>
      </trkpt>
      <trkpt lat="30.555586" lon="-92.006821">
        <ele>19.3</ele>
      </trkpt>
      <trkpt lat="30.554852" lon="-92.00647">
        <ele>20.2</ele>
      </trkpt>
      <trkpt lat="30.554546" lon="-92.00634">
        <ele>20.7</ele>
      </trkpt>
      <trkpt lat="30.554361" lon="-92.006294">
        <ele>21.0</ele>
      </trkpt>
      <trkpt lat="30.554234" lon="-92.006294">
        <ele>21.2</ele>
      </trkpt>
      <trkpt lat="30.554041" lon="-92.006332">
        <ele>21.3</ele>
      </trkpt>
      <trkpt lat="30.553911" lon="-92.006378">
        <ele>21.3</ele>
      </trkpt>
      <trkpt lat="30.553677" lon="-92.0065">
        <ele>21.6</ele>
      </trkpt>
      <trkpt lat="30.553131" lon="-92.006859">
        <ele>21.6</ele>
      </trkpt>
      <trkpt lat="30.552773" lon="-92.007027">
        <ele>22.0</ele>
      </trkpt>
      <trkpt lat="30.552208" lon="-92.00724">
        <ele>21.3</ele>
      </trkpt>
      <trkpt lat="30.551968" lon="-92.007362">
        <ele>21.3</ele>
      </trkpt>
      <trkpt lat="30.551689" lon="-92.007568">
        <ele>21.7</ele>
      </trkpt>
      <trkpt lat="30.551531" lon="-92.007706">
        <ele>21.7</ele>
      </trkpt>
      <trkpt lat="30.551327" lon="-92.007912">
        <ele>21.6</ele>
      </trkpt>
      <trkpt lat="30.550385" lon="-92.008957">
        <ele>21.6</ele>
      </trkpt>
      <trkpt lat="30.550055" lon="-92.00927">
        <ele>21.7</ele>
      </trkpt>
      <trkpt lat="30.549208" lon="-92.00988">
        <ele>21.2</ele>
      </trkpt>
      <trkpt lat="30.548681" lon="-92.010185">
        <ele>20.7</ele>
      </trkpt>
      <trkpt lat="30.54841" lon="-92.010284">
        <ele>20.6</ele>
      </trkpt>
      <trkpt lat="30.548212" lon="-92.01033">
        <ele>20.6</ele>
      </trkpt>
      <trkpt lat="30.547937" lon="-92.010353">
        <ele>20.3</ele>
      </trkpt>
      <trkpt lat="30.547167" lon="-92.010307">
        <ele>20.3</ele>
      </trkpt>
      <trkpt lat="30.546803" lon="-92.010262">
        <ele>20.3</ele>
      </trkpt>
      <trkpt lat="30.546602" lon="-92.010201">
        <ele>20.3</ele>
      </trkpt>
      <trkpt lat="30.546284" lon="-92.010056">
        <ele>20.3</ele>
      </trkpt>
      <trkpt lat="30.546246" lon="-92.010056">
        <ele>20.3</ele>
      </trkpt>
      <trkpt lat="30.546175" lon="-92.010094">
        <ele>20.2</ele>
      </trkpt>
      <trkpt lat="30.546133" lon="-92.010185">
        <ele>20.2</ele>
      </trkpt>
      <trkpt lat="30.546192" lon="-92.010094">
        <ele>20.0</ele>
      </trkpt>
      <trkpt lat="30.546202" lon="-92.010048">
        <ele>20.0</ele>
      </trkpt>
      <trkpt lat="30.54607" lon="-92.009895">
        <ele>19.7</ele>
      </trkpt>
      <trkpt lat="30.546017" lon="-92.009857">
        <ele>19.7</ele>
      </trkpt>
      <trkpt lat="30.545752" lon="-92.009354">
        <ele>20.0</ele>
      </trkpt>
      <trkpt lat="30.54562" lon="-92.009003">
        <ele>20.3</ele>
      </trkpt>
      <trkpt lat="30.545532" lon="-92.008614">
        <ele>20.6</ele>
      </trkpt>
      <trkpt lat="30.545441" lon="-92.007751">
        <ele>20.7</ele>
      </trkpt>
      <trkpt lat="30.545389" lon="-92.006332">
        <ele>20.2</ele>
      </trkpt>
      <trkpt lat="30.545328" lon="-92.005356">
        <ele>20.6</ele>
      </trkpt>
      <trkpt lat="30.545197" lon="-92.002602">
        <ele>17.3</ele>
      </trkpt>
      <trkpt lat="30.545135" lon="-92.001953">
        <ele>18.3</ele>
      </trkpt>
      <trkpt lat="30.54497" lon="-92.001091">
        <ele>20.2</ele>
      </trkpt>
      <trkpt lat="30.5445" lon="-91.998863">
        <ele>21.0</ele>
      </trkpt>
      <trkpt lat="30.544336" lon="-91.997925">
        <ele>20.6</ele>
      </trkpt>
      <trkpt lat="30.544151" lon="-91.996765">
        <ele>20.3</ele>
      </trkpt>
      <trkpt lat="30.544065" lon="-91.996124">
        <ele>20.3</ele>
      </trkpt>
      <trkpt lat="30.543682" lon="-91.993805">
        <ele>20.0</ele>
      </trkpt>
      <trkpt lat="30.543526" lon="-91.993172">
        <ele>20.3</ele>
      </trkpt>
      <trkpt lat="30.543335" lon="-91.992607">
        <ele>20.2</ele>
      </trkpt>
      <trkpt lat="30.543051" lon="-91.991867">
        <ele>20.2</ele>
      </trkpt>
      <trkpt lat="30.542782" lon="-91.991341">
        <ele>20.3</ele>
      </trkpt>
      <trkpt lat="30.542639" lon="-91.991112">
        <ele>20.3</ele>
      </trkpt>
      <trkpt lat="30.542345" lon="-91.990738">
        <ele>20.2</ele>
      </trkpt>
      <trkpt lat="30.541965" lon="-91.990341">
        <ele>20.3</ele>
      </trkpt>
      <trkpt lat="30.541786" lon="-91.990181">
        <ele>20.2</ele>
      </trkpt>
      <trkpt lat="30.54163" lon="-91.990067">
        <ele>20.0</ele>
      </trkpt>
      <trkpt lat="30.541618" lon="-91.990036">
        <ele>20.0</ele>
      </trkpt>
      <trkpt lat="30.541626" lon="-91.990013">
        <ele>20.0</ele>
      </trkpt>
      <trkpt lat="30.541641" lon="-91.990021">
        <ele>19.7</ele>
      </trkpt>
      <trkpt lat="30.541752" lon="-91.990128">
        <ele>19.7</ele>
      </trkpt>
      <trkpt lat="30.541752" lon="-91.990189">
        <ele>19.3</ele>
      </trkpt>
      <trkpt lat="30.541838" lon="-91.990242">
        <ele>19.3</ele>
      </trkpt>
      <trkpt lat="30.54196" lon="-91.990265">
        <ele>19.6</ele>
      </trkpt>
      <trkpt lat="30.541845" lon="-91.99025">
        <ele>21.6</ele>
      </trkpt>
      <trkpt lat="30.541714" lon="-91.990143">
        <ele>21.6</ele>
      </trkpt>
      <trkpt lat="30.541517" lon="-91.990013">
        <ele>22.2</ele>
      </trkpt>
      <trkpt lat="30.540728" lon="-91.989601">
        <ele>21.7</ele>
      </trkpt>
      <trkpt lat="30.540474" lon="-91.989426">
        <ele>21.7</ele>
      </trkpt>
      <trkpt lat="30.54023" lon="-91.989204">
        <ele>22.0</ele>
      </trkpt>
      <trkpt lat="30.540005" lon="-91.98896">
        <ele>22.0</ele>
      </trkpt>
      <trkpt lat="30.538759" lon="-91.987442">
        <ele>21.3</ele>
      </trkpt>
      <trkpt lat="30.538174" lon="-91.986694">
        <ele>19.2</ele>
      </trkpt>
      <trkpt lat="30.53809" lon="-91.986618">
        <ele>19.2</ele>
      </trkpt>
      <trkpt lat="30.537992" lon="-91.986618">
        <ele>19.2</ele>
      </trkpt>
      <trkpt lat="30.537922" lon="-91.986694">
        <ele>19.2</ele>
      </trkpt>
      <trkpt lat="30.537411" lon="-91.988167">
        <ele>19.2</ele>
      </trkpt>
      <trkpt lat="30.536665" lon="-91.990196">
        <ele>19.3</ele>
      </trkpt>
      <trkpt lat="30.536539" lon="-91.990608">
        <ele>19.3</ele>
      </trkpt>
      <trkpt lat="30.536442" lon="-91.991028">
        <ele>19.3</ele>
      </trkpt>
      <trkpt lat="30.536158" lon="-91.992462">
        <ele>19.2</ele>
      </trkpt>
      <trkpt lat="30.535975" lon="-91.993095">
        <ele>19.6</ele>
      </trkpt>
      <trkpt lat="30.534571" lon="-91.996696">
        <ele>19.3</ele>
      </trkpt>
      <trkpt lat="30.534283" lon="-91.997375">
        <ele>19.3</ele>
      </trkpt>
      <trkpt lat="30.534019" lon="-91.997925">
        <ele>18.7</ele>
      </trkpt>
      <trkpt lat="30.533937" lon="-91.998146">
        <ele>18.6</ele>
      </trkpt>
      <trkpt lat="30.533892" lon="-91.998306">
        <ele>18.2</ele>
      </trkpt>
      <trkpt lat="30.533867" lon="-91.998474">
        <ele>18.0</ele>
      </trkpt>
      <trkpt lat="30.533884" lon="-91.998734">
        <ele>17.7</ele>
      </trkpt>
      <trkpt lat="30.533974" lon="-91.99897">
        <ele>17.7</ele>
      </trkpt>
      <trkpt lat="30.534187" lon="-91.999367">
        <ele>17.6</ele>
      </trkpt>
      <trkpt lat="30.534208" lon="-91.999489">
        <ele>17.6</ele>
      </trkpt>
      <trkpt lat="30.534191" lon="-91.999557">
        <ele>17.6</ele>
      </trkpt>
      <trkpt lat="30.534109" lon="-91.999649">
        <ele>17.7</ele>
      </trkpt>
      <trkpt lat="30.533579" lon="-92.000023">
        <ele>19.0</ele>
      </trkpt>
      <trkpt lat="30.533192" lon="-92.000221">
        <ele>20.2</ele>
      </trkpt>
      <trkpt lat="30.533024" lon="-92.000252">
        <ele>20.6</ele>
      </trkpt>
      <trkpt lat="30.532839" lon="-92.000252">
        <ele>20.6</ele>
      </trkpt>
      <trkpt lat="30.532658" lon="-92.000229">
        <ele>20.6</ele>
      </trkpt>
      <trkpt lat="30.532187" lon="-92.000153">
        <ele>20.2</ele>
      </trkpt>
      <trkpt lat="30.531824" lon="-92.000076">
        <ele>20.0</ele>
      </trkpt>
      <trkpt lat="30.530882" lon="-91.999939">
        <ele>21.0</ele>
      </trkpt>
      <trkpt lat="30.530643" lon="-91.999924">
        <ele>21.3</ele>
      </trkpt>
      <trkpt lat="30.529165" lon="-91.999939">
        <ele>22.2</ele>
      </trkpt>
      <trkpt lat="30.528605" lon="-91.999878">
        <ele>22.0</ele>
      </trkpt>
      <trkpt lat="30.528307" lon="-91.999794">
        <ele>22.2</ele>
      </trkpt>
      <trkpt lat="30.527811" lon="-91.999573">
        <ele>22.2</ele>
      </trkpt>
      <trkpt lat="30.527542" lon="-91.99942">
        <ele>22.2</ele>
      </trkpt>
      <trkpt lat="30.52737" lon="-91.999344">
        <ele>22.2</ele>
      </trkpt>
      <trkpt lat="30.527138" lon="-91.999252">
        <ele>22.3</ele>
      </trkpt>
      <trkpt lat="30.526737" lon="-91.999123">
        <ele>21.6</ele>
      </trkpt>
      <trkpt lat="30.526571" lon="-91.999031">
        <ele>21.3</ele>
      </trkpt>
      <trkpt lat="30.526472" lon="-91.998955">
        <ele>21.3</ele>
      </trkpt>
      <trkpt lat="30.526302" lon="-91.998734">
        <ele>21.3</ele>
      </trkpt>
      <trkpt lat="30.526022" lon="-91.998123">
        <ele>21.3</ele>
      </trkpt>
      <trkpt lat="30.525822" lon="-91.997406">
        <ele>21.7</ele>
      </trkpt>
      <trkpt lat="30.52577" lon="-91.997002">
        <ele>21.7</ele>
      </trkpt>
      <trkpt lat="30.525763" lon="-91.996384">
        <ele>21.3</ele>
      </trkpt>
      <trkpt lat="30.525789" lon="-91.996185">
        <ele>21.3</ele>
      </trkpt>
      <trkpt lat="30.525873" lon="-91.995918">
        <ele>21.3</ele>
      </trkpt>
      <trkpt lat="30.526022" lon="-91.99559">
        <ele>21.3</ele>
      </trkpt>
      <trkpt lat="30.526285" lon="-91.994881">
        <ele>21.6</ele>
      </trkpt>
      <trkpt lat="30.526815" lon="-91.992783">
        <ele>21.2</ele>
      </trkpt>
      <trkpt lat="30.526953" lon="-91.992149">
        <ele>21.3</ele>
      </trkpt>
      <trkpt lat="30.527079" lon="-91.991089">
        <ele>21.6</ele>
      </trkpt>
      <trkpt lat="30.527111" lon="-91.990593">
        <ele>21.3</ele>
      </trkpt>
      <trkpt lat="30.527124" lon="-91.989876">
        <ele>21.2</ele>
      </trkpt>
      <trkpt lat="30.527107" lon="-91.989365">
        <ele>21.3</ele>
      </trkpt>
      <trkpt lat="30.527063" lon="-91.989075">
        <ele>21.3</ele>
      </trkpt>
      <trkpt lat="30.526953" lon="-91.988724">
        <ele>21.3</ele>
      </trkpt>
      <trkpt lat="30.526873" lon="-91.988525">
        <ele>21.2</ele>
      </trkpt>
      <trkpt lat="30.526686" lon="-91.988152">
        <ele>20.7</ele>
      </trkpt>
      <trkpt lat="30.526566" lon="-91.987984">
        <ele>20.3</ele>
      </trkpt>
      <trkpt lat="30.526264" lon="-91.987633">
        <ele>20.3</ele>
      </trkpt>
      <trkpt lat="30.525927" lon="-91.987343">
        <ele>20.3</ele>
      </trkpt>
      <trkpt lat="30.525558" lon="-91.987083">
        <ele>20.7</ele>
      </trkpt>
      <trkpt lat="30.525209" lon="-91.986931">
        <ele>20.7</ele>
      </trkpt>
      <trkpt lat="30.525023" lon="-91.986885">
        <ele>20.7</ele>
      </trkpt>
      <trkpt lat="30.524141" lon="-91.986778">
        <ele>20.7</ele>
      </trkpt>
      <trkpt lat="30.523895" lon="-91.986794">
        <ele>20.7</ele>
      </trkpt>
      <trkpt lat="30.523527" lon="-91.986862">
        <ele>20.6</ele>
      </trkpt>
      <trkpt lat="30.522791" lon="-91.987053">
        <ele>20.0</ele>
      </trkpt>
      <trkpt lat="30.52231" lon="-91.98732">
        <ele>20.2</ele>
      </trkpt>
      <trkpt lat="30.521858" lon="-91.987686">
        <ele>20.0</ele>
      </trkpt>
      <trkpt lat="30.521339" lon="-91.988152">
        <ele>20.2</ele>
      </trkpt>
      <trkpt lat="30.520996" lon="-91.98838">
        <ele>19.7</ele>
      </trkpt>
      <trkpt lat="30.520691" lon="-91.988495">
        <ele>19.6</ele>
      </trkpt>
      <trkpt lat="30.520195" lon="-91.988632">
        <ele>19.0</ele>
      </trkpt>
      <trkpt lat="30.51989" lon="-91.988747">
        <ele>18.7</ele>
      </trkpt>
      <trkpt lat="30.518732" lon="-91.989304">
        <ele>17.3</ele>
      </trkpt>
      <trkpt lat="30.518406" lon="-91.989403">
        <ele>17.7</ele>
      </trkpt>
      <trkpt lat="30.517336" lon="-91.989502">
        <ele>17.7</ele>
      </trkpt>
      <trkpt lat="30.517" lon="-91.989487">
        <ele>17.3</ele>
      </trkpt>
      <trkpt lat="30.516872" lon="-91.989449">
        <ele>17.3</ele>
      </trkpt>
      <trkpt lat="30.51668" lon="-91.989365">
        <ele>17.6</ele>
      </trkpt>
      <trkpt lat="30.516325" lon="-91.989159">
        <ele>18.0</ele>
      </trkpt>
      <trkpt lat="30.516205" lon="-91.989105">
        <ele>18.0</ele>
      </trkpt>
      <trkpt lat="30.515497" lon="-91.988853">
        <ele>17.7</ele>
      </trkpt>
      <trkpt lat="30.515146" lon="-91.988747">
        <ele>17.7</ele>
      </trkpt>
      <trkpt lat="30.514894" lon="-91.988708">
        <ele>17.7</ele>
      </trkpt>
      <trkpt lat="30.514696" lon="-91.988754">
        <ele>17.7</ele>
      </trkpt>
      <trkpt lat="30.514395" lon="-91.988922">
        <ele>18.0</ele>
      </trkpt>
      <trkpt lat="30.513647" lon="-91.989624">
        <ele>18.3</ele>
      </trkpt>
      <trkpt lat="30.513559" lon="-91.989731">
        <ele>18.3</ele>
      </trkpt>
      <trkpt lat="30.513367" lon="-91.990028">
        <ele>18.2</ele>
      </trkpt>
      <trkpt lat="30.513065" lon="-91.990593">
        <ele>18.2</ele>
      </trkpt>
      <trkpt lat="30.512676" lon="-91.991631">
        <ele>18.6</ele>
      </trkpt>
      <trkpt lat="30.512426" lon="-91.992203">
        <ele>18.2</ele>
      </trkpt>
      <trkpt lat="30.511534" lon="-91.993774">
        <ele>18.7</ele>
      </trkpt>
      <trkpt lat="30.510874" lon="-91.994972">
        <ele>18.6</ele>
      </trkpt>
      <trkpt lat="30.510439" lon="-91.995697">
        <ele>19.3</ele>
      </trkpt>
      <trkpt lat="30.510078" lon="-91.996368">
        <ele>18.3</ele>
      </trkpt>
      <trkpt lat="30.509716" lon="-91.997208">
        <ele>17.7</ele>
      </trkpt>
      <trkpt lat="30.509001" lon="-91.998749">
        <ele>19.0</ele>
      </trkpt>
      <trkpt lat="30.508738" lon="-91.999443">
        <ele>19.3</ele>
      </trkpt>
      <trkpt lat="30.508547" lon="-92.0">
        <ele>19.6</ele>
      </trkpt>
      <trkpt lat="30.508141" lon="-92.00132">
        <ele>19.3</ele>
      </trkpt>
      <trkpt lat="30.508066" lon="-92.001701">
        <ele>19.3</ele>
      </trkpt>
      <trkpt lat="30.508015" lon="-92.002243">
        <ele>19.3</ele>
      </trkpt>
      <trkpt lat="30.507965" lon="-92.002586">
        <ele>19.6</ele>
      </trkpt>
      <trkpt lat="30.507771" lon="-92.003418">
        <ele>20.3</ele>
      </trkpt>
      <trkpt lat="30.507275" lon="-92.004982">
        <ele>20.0</ele>
      </trkpt>
      <trkpt lat="30.507019" lon="-92.006203">
        <ele>19.3</ele>
      </trkpt>
      <trkpt lat="30.506865" lon="-92.007072">
        <ele>18.7</ele>
      </trkpt>
      <trkpt lat="30.506536" lon="-92.009369">
        <ele>19.0</ele>
      </trkpt>
      <trkpt lat="30.506264" lon="-92.011459">
        <ele>18.2</ele>
      </trkpt>
      <trkpt lat="30.5061" lon="-92.012466">
        <ele>16.7</ele>
      </trkpt>
      <trkpt lat="30.506063" lon="-92.012505">
        <ele>16.6</ele>
      </trkpt>
      <trkpt lat="30.505997" lon="-92.012512">
        <ele>16.6</ele>
      </trkpt>
      <trkpt lat="30.505707" lon="-92.012413">
        <ele>16.2</ele>
      </trkpt>
      <trkpt lat="30.505375" lon="-92.012337">
        <ele>16.2</ele>
      </trkpt>
      <trkpt lat="30.505316" lon="-92.012337">
        <ele>16.2</ele>
      </trkpt>
      <trkpt lat="30.505249" lon="-92.012367">
        <ele>16.2</ele>
      </trkpt>
      <trkpt lat="30.505199" lon="-92.012444">
        <ele>16.3</ele>
      </trkpt>
      <trkpt lat="30.505074" lon="-92.013046">
        <ele>16.6</ele>
      </trkpt>
      <trkpt lat="30.50493" lon="-92.013863">
        <ele>16.6</ele>
      </trkpt>
      <trkpt lat="30.504757" lon="-92.014687">
        <ele>16.6</ele>
      </trkpt>
      <trkpt lat="30.504608" lon="-92.015717">
        <ele>17.3</ele>
      </trkpt>
      <trkpt lat="30.504559" lon="-92.016212">
        <ele>17.6</ele>
      </trkpt>
      <trkpt lat="30.504471" lon="-92.016823">
        <ele>18.0</ele>
      </trkpt>
      <trkpt lat="30.504341" lon="-92.017517">
        <ele>18.0</ele>
      </trkpt>
      <trkpt lat="30.504074" lon="-92.018761">
        <ele>18.0</ele>
      </trkpt>
      <trkpt lat="30.50392" lon="-92.019325">
        <ele>18.3</ele>
      </trkpt>
      <trkpt lat="30.503719" lon="-92.019958">
        <ele>18.2</ele>
      </trkpt>
      <trkpt lat="30.503611" lon="-92.020416">
        <ele>18.0</ele>
      </trkpt>
      <trkpt lat="30.503519" lon="-92.020935">
        <ele>18.2</ele>
      </trkpt>
      <trkpt lat="30.503418" lon="-92.021286">
        <ele>18.0</ele>
      </trkpt>
      <trkpt lat="30.502684" lon="-92.023262">
        <ele>17.2</ele>
      </trkpt>
      <trkpt lat="30.502321" lon="-92.024086">
        <ele>17.2</ele>
      </trkpt>
      <trkpt lat="30.501993" lon="-92.024696">
        <ele>18.0</ele>
      </trkpt>
      <trkpt lat="30.501673" lon="-92.025238">
        <ele>17.7</ele>
      </trkpt>
      <trkpt lat="30.501307" lon="-92.025742">
        <ele>18.2</ele>
      </trkpt>
      <trkpt lat="30.500874" lon="-92.02623">
        <ele>18.2</ele>
      </trkpt>
      <trkpt lat="30.500458" lon="-92.026657">
        <ele>18.3</ele>
      </trkpt>
      <trkpt lat="30.499582" lon="-92.027359">
        <ele>19.3</ele>
      </trkpt>
      <trkpt lat="30.499092" lon="-92.02771">
        <ele>20.0</ele>
      </trkpt>
      <trkpt lat="30.498831" lon="-92.027924">
        <ele>20.0</ele>
      </trkpt>
      <trkpt lat="30.498453" lon="-92.028175">
        <ele>19.7</ele>
      </trkpt>
      <trkpt lat="30.497959" lon="-92.028419">
        <ele>19.6</ele>
      </trkpt>
      <trkpt lat="30.497158" lon="-92.028702">
        <ele>19.3</ele>
      </trkpt>
      <trkpt lat="30.496948" lon="-92.028793">
        <ele>19.3</ele>
      </trkpt>
      <trkpt lat="30.496466" lon="-92.028923">
        <ele>19.6</ele>
      </trkpt>
      <trkpt lat="30.495998" lon="-92.028984">
        <ele>19.6</ele>
      </trkpt>
      <trkpt lat="30.495792" lon="-92.028992">
        <ele>19.3</ele>
      </trkpt>
      <trkpt lat="30.495415" lon="-92.028961">
        <ele>19.2</ele>
      </trkpt>
      <trkpt lat="30.494972" lon="-92.0289">
        <ele>19.3</ele>
      </trkpt>
      <trkpt lat="30.494083" lon="-92.028809">
        <ele>19.6</ele>
      </trkpt>
      <trkpt lat="30.493902" lon="-92.02877">
        <ele>19.7</ele>
      </trkpt>
      <trkpt lat="30.493561" lon="-92.028656">
        <ele>19.7</ele>
      </trkpt>
      <trkpt lat="30.493349" lon="-92.028564">
        <ele>20.0</ele>
      </trkpt>
      <trkpt lat="30.493031" lon="-92.028389">
        <ele>20.0</ele>
      </trkpt>
      <trkpt lat="30.492775" lon="-92.028229">
        <ele>20.0</ele>
      </trkpt>
      <trkpt lat="30.492289" lon="-92.02787">
        <ele>20.2</ele>
      </trkpt>
      <trkpt lat="30.491827" lon="-92.02758">
        <ele>20.0</ele>
      </trkpt>
      <trkpt lat="30.491163" lon="-92.027229">
        <ele>20.0</ele>
      </trkpt>
      <trkpt lat="30.490723" lon="-92.027031">
        <ele>19.7</ele>
      </trkpt>
      <trkpt lat="30.490463" lon="-92.026894">
        <ele>19.6</ele>
      </trkpt>
      <trkpt lat="30.489544" lon="-92.026207">
        <ele>20.0</ele>
      </trkpt>
      <trkpt lat="30.489052" lon="-92.025894">
        <ele>20.0</ele>
      </trkpt>
      <trkpt lat="30.488932" lon="-92.025833">
        <ele>20.0</ele>
      </trkpt>
      <trkpt lat="30.488811" lon="-92.025795">
        <ele>20.2</ele>
      </trkpt>
      <trkpt lat="30.488562" lon="-92.025764">
        <ele>20.2</ele>
      </trkpt>
      <trkpt lat="30.488129" lon="-92.025757">
        <ele>19.7</ele>
      </trkpt>
      <trkpt lat="30.487881" lon="-92.025711">
        <ele>19.7</ele>
      </trkpt>
      <trkpt lat="30.487642" lon="-92.025635">
        <ele>19.7</ele>
      </trkpt>
      <trkpt lat="30.487173" lon="-92.025436">
        <ele>20.0</ele>
      </trkpt>
      <trkpt lat="30.486549" lon="-92.025116">
        <ele>19.7</ele>
      </trkpt>
      <trkpt lat="30.485889" lon="-92.02475">
        <ele>19.6</ele>
      </trkpt>
      <trkpt lat="30.485714" lon="-92.024673">
        <ele>19.6</ele>
      </trkpt>
      <trkpt lat="30.485447" lon="-92.024521">
        <ele>19.6</ele>
      </trkpt>
      <trkpt lat="30.485195" lon="-92.024406">
        <ele>19.3</ele>
      </trkpt>
      <trkpt lat="30.484062" lon="-92.023819">
        <ele>19.2</ele>
      </trkpt>
      <trkpt lat="30.483479" lon="-92.023483">
        <ele>19.3</ele>
      </trkpt>
      <trkpt lat="30.482061" lon="-92.022728">
        <ele>18.6</ele>
      </trkpt>
      <trkpt lat="30.481211" lon="-92.02224">
        <ele>18.2</ele>
      </trkpt>
      <trkpt lat="30.479858" lon="-92.021423">
        <ele>17.7</ele>
      </trkpt>
      <trkpt lat="30.479389" lon="-92.021156">
        <ele>17.6</ele>
      </trkpt>
      <trkpt lat="30.478617" lon="-92.020752">
        <ele>16.6</ele>
      </trkpt>
      <trkpt lat="30.478113" lon="-92.020462">
        <ele>16.0</ele>
      </trkpt>
      <trkpt lat="30.475988" lon="-92.019104">
        <ele>17.2</ele>
      </trkpt>
      <trkpt lat="30.475777" lon="-92.018951">
        <ele>17.2</ele>
      </trkpt>
      <trkpt lat="30.473316" lon="-92.017418">
        <ele>17.3</ele>
      </trkpt>
      <trkpt lat="30.472803" lon="-92.017067">
        <ele>17.6</ele>
      </trkpt>
      <trkpt lat="30.472448" lon="-92.0168">
        <ele>17.3</ele>
      </trkpt>
      <trkpt lat="30.471523" lon="-92.01606">
        <ele>17.7</ele>
      </trkpt>
      <trkpt lat="30.469606" lon="-92.014359">
        <ele>17.6</ele>
      </trkpt>
      <trkpt lat="30.469107" lon="-92.01387">
        <ele>17.6</ele>
      </trkpt>
      <trkpt lat="30.468557" lon="-92.013237">
        <ele>17.2</ele>
      </trkpt>
      <trkpt lat="30.467945" lon="-92.012444">
        <ele>17.2</ele>
      </trkpt>
      <trkpt lat="30.467749" lon="-92.012161">
        <ele>17.2</ele>
      </trkpt>
      <trkpt lat="30.467426" lon="-92.011635">
        <ele>17.6</ele>
      </trkpt>
      <trkpt lat="30.466841" lon="-92.010582">
        <ele>17.3</ele>
      </trkpt>
      <trkpt lat="30.466316" lon="-92.009499">
        <ele>17.0</ele>
      </trkpt>
      <trkpt lat="30.4657" lon="-92.008339">
        <ele>15.6</ele>
      </trkpt>
      <trkpt lat="30.465082" lon="-92.007004">
        <ele>16.3</ele>
      </trkpt>
      <trkpt lat="30.464743" lon="-92.006035">
        <ele>17.0</ele>
      </trkpt>
      <trkpt lat="30.464563" lon="-92.00531">
        <ele>17.0</ele>
      </trkpt>
      <trkpt lat="30.464464" lon="-92.004776">
        <ele>16.3</ele>
      </trkpt>
      <trkpt lat="30.464314" lon="-92.003571">
        <ele>16.2</ele>
      </trkpt>
      <trkpt lat="30.464273" lon="-92.003075">
        <ele>16.6</ele>
      </trkpt>
      <trkpt lat="30.464273" lon="-92.002556">
        <ele>17.2</ele>
      </trkpt>
      <trkpt lat="30.464327" lon="-92.000702">
        <ele>17.2</ele>
      </trkpt>
      <trkpt lat="30.464361" lon="-92.000069">
        <ele>17.0</ele>
      </trkpt>
      <trkpt lat="30.464432" lon="-91.999123">
        <ele>17.2</ele>
      </trkpt>
      <trkpt lat="30.46451" lon="-91.998413">
        <ele>17.2</ele>
      </trkpt>
      <trkpt lat="30.464788" lon="-91.996635">
        <ele>17.6</ele>
      </trkpt>
      <trkpt lat="30.465075" lon="-91.995399">
        <ele>17.2</ele>
      </trkpt>
      <trkpt lat="30.465492" lon="-91.993912">
        <ele>18.6</ele>
      </trkpt>
      <trkpt lat="30.465961" lon="-91.992615">
        <ele>18.0</ele>
      </trkpt>
      <trkpt lat="30.466198" lon="-91.992043">
        <ele>18.0</ele>
      </trkpt>
      <trkpt lat="30.466541" lon="-91.991287">
        <ele>18.6</ele>
      </trkpt>
      <trkpt lat="30.466759" lon="-91.990852">
        <ele>18.6</ele>
      </trkpt>
      <trkpt lat="30.466997" lon="-91.990448">
        <ele>19.0</ele>
      </trkpt>
      <trkpt lat="30.46734" lon="-91.989815">
        <ele>18.7</ele>
      </trkpt>
      <trkpt lat="30.46821" lon="-91.988098">
        <ele>18.6</ele>
      </trkpt>
      <trkpt lat="30.468882" lon="-91.986816">
        <ele>18.2</ele>
      </trkpt>
      <trkpt lat="30.469479" lon="-91.985817">
        <ele>18.2</ele>
      </trkpt>
      <trkpt lat="30.4702" lon="-91.984749">
        <ele>18.2</ele>
      </trkpt>
      <trkpt lat="30.470894" lon="-91.983788">
        <ele>18.3</ele>
      </trkpt>
      <trkpt lat="30.471064" lon="-91.983597">
        <ele>18.3</ele>
      </trkpt>
      <trkpt lat="30.471952" lon="-91.982483">
        <ele>18.3</ele>
      </trkpt>
      <trkpt lat="30.472534" lon="-91.981834">
        <ele>18.2</ele>
      </trkpt>
      <trkpt lat="30.473087" lon="-91.981293">
        <ele>17.6</ele>
      </trkpt>
      <trkpt lat="30.47323" lon="-91.981201">
        <ele>17.6</ele>
      </trkpt>
      <trkpt lat="30.473375" lon="-91.981178">
        <ele>17.6</ele>
      </trkpt>
      <trkpt lat="30.473824" lon="-91.981285">
        <ele>17.6</ele>
      </trkpt>
      <trkpt lat="30.474072" lon="-91.981323">
        <ele>17.7</ele>
      </trkpt>
      <trkpt lat="30.474173" lon="-91.981323">
        <ele>17.7</ele>
      </trkpt>
      <trkpt lat="30.474346" lon="-91.981262">
        <ele>17.6</ele>
      </trkpt>
      <trkpt lat="30.474455" lon="-91.981194">
        <ele>17.6</ele>
      </trkpt>
      <trkpt lat="30.474514" lon="-91.981133">
        <ele>17.6</ele>
      </trkpt>
      <trkpt lat="30.474627" lon="-91.980888">
        <ele>17.3</ele>
      </trkpt>
      <trkpt lat="30.47464" lon="-91.980797">
        <ele>17.0</ele>
      </trkpt>
      <trkpt lat="30.474611" lon="-91.98069">
        <ele>17.0</ele>
      </trkpt>
      <trkpt lat="30.474497" lon="-91.98053">
        <ele>17.0</ele>
      </trkpt>
      <trkpt lat="30.474468" lon="-91.9804">
        <ele>17.0</ele>
      </trkpt>
      <trkpt lat="30.474485" lon="-91.980293">
        <ele>17.0</ele>
      </trkpt>
      <trkpt lat="30.474466" lon="-91.980179">
        <ele>16.3</ele>
      </trkpt>
      <trkpt lat="30.474379" lon="-91.980164">
        <ele>16.2</ele>
      </trkpt>
      <trkpt lat="30.474239" lon="-91.980209">
        <ele>16.0</ele>
      </trkpt>
      <trkpt lat="30.474121" lon="-91.980347">
        <ele>15.7</ele>
      </trkpt>
      <trkpt lat="30.474045" lon="-91.98037">
        <ele>16.0</ele>
      </trkpt>
      <trkpt lat="30.474014" lon="-91.980362">
        <ele>16.0</ele>
      </trkpt>
      <trkpt lat="30.473854" lon="-91.980293">
        <ele>16.0</ele>
      </trkpt>
      <trkpt lat="30.473333" lon="-91.97995">
        <ele>16.6</ele>
      </trkpt>
      <trkpt lat="30.473295" lon="-91.979912">
        <ele>16.7</ele>
      </trkpt>
      <trkpt lat="30.473251" lon="-91.97982">
        <ele>16.7</ele>
      </trkpt>
      <trkpt lat="30.473246" lon="-91.979744">
        <ele>17.0</ele>
      </trkpt>
      <trkpt lat="30.473301" lon="-91.979675">
        <ele>17.0</ele>
      </trkpt>
      <trkpt lat="30.473156" lon="-91.97979">
        <ele>16.3</ele>
      </trkpt>
      <trkpt lat="30.473112" lon="-91.979805">
        <ele>16.2</ele>
      </trkpt>
      <trkpt lat="30.472992" lon="-91.979774">
        <ele>16.2</ele>
      </trkpt>
      <trkpt lat="30.4713" lon="-91.978996">
        <ele>17.7</ele>
      </trkpt>
      <trkpt lat="30.470507" lon="-91.9786">
        <ele>17.7</ele>
      </trkpt>
      <trkpt lat="30.470356" lon="-91.978546">
        <ele>17.3</ele>
      </trkpt>
      <trkpt lat="30.470221" lon="-91.978546">
        <ele>17.3</ele>
      </trkpt>
      <trkpt lat="30.466684" lon="-91.97921">
        <ele>17.6</ele>
      </trkpt>
      <trkpt lat="30.466225" lon="-91.979309">
        <ele>17.3</ele>
      </trkpt>
      <trkpt lat="30.465199" lon="-91.979485">
        <ele>17.7</ele>
      </trkpt>
      <trkpt lat="30.46389" lon="-91.979744">
        <ele>17.6</ele>
      </trkpt>
      <trkpt lat="30.462662" lon="-91.979958">
        <ele>17.3</ele>
      </trkpt>
      <trkpt lat="30.461555" lon="-91.980179">
        <ele>17.6</ele>
      </trkpt>
      <trkpt lat="30.461149" lon="-91.980232">
        <ele>17.6</ele>
      </trkpt>
      <trkpt lat="30.46097" lon="-91.980232">
        <ele>17.6</ele>
      </trkpt>
      <trkpt lat="30.460663" lon="-91.980194">
        <ele>17.7</ele>
      </trkpt>
      <trkpt lat="30.460283" lon="-91.98008">
        <ele>17.7</ele>
      </trkpt>
      <trkpt lat="30.4601" lon="-91.980003">
        <ele>18.0</ele>
      </trkpt>
      <trkpt lat="30.459866" lon="-91.979881">
        <ele>18.0</ele>
      </trkpt>
      <trkpt lat="30.459585" lon="-91.979691">
        <ele>18.0</ele>
      </trkpt>
      <trkpt lat="30.459284" lon="-91.979408">
        <ele>18.0</ele>
      </trkpt>
      <trkpt lat="30.458704" lon="-91.97876">
        <ele>17.7</ele>
      </trkpt>
      <trkpt lat="30.458435" lon="-91.978531">
        <ele>17.7</ele>
      </trkpt>
      <trkpt lat="30.458208" lon="-91.978378">
        <ele>18.0</ele>
      </trkpt>
      <trkpt lat="30.457783" lon="-91.978188">
        <ele>18.0</ele>
      </trkpt>
      <trkpt lat="30.457537" lon="-91.978119">
        <ele>18.0</ele>
      </trkpt>
      <trkpt lat="30.456238" lon="-91.977684">
        <ele>17.6</ele>
      </trkpt>
      <trkpt lat="30.455866" lon="-91.977516">
        <ele>17.7</ele>
      </trkpt>
      <trkpt lat="30.455687" lon="-91.977402">
        <ele>18.0</ele>
      </trkpt>
      <trkpt lat="30.455235" lon="-91.977036">
        <ele>18.0</ele>
      </trkpt>
      <trkpt lat="30.453957" lon="-91.975876">
        <ele>17.6</ele>
      </trkpt>
      <trkpt lat="30.453676" lon="-91.975594">
        <ele>17.6</ele>
      </trkpt>
      <trkpt lat="30.453421" lon="-91.975243">
        <ele>17.7</ele>
      </trkpt>
      <trkpt lat="30.452442" lon="-91.973602">
        <ele>17.7</ele>
      </trkpt>
      <trkpt lat="30.452038" lon="-91.972992">
        <ele>18.0</ele>
      </trkpt>
      <trkpt lat="30.451698" lon="-91.972435">
        <ele>18.2</ele>
      </trkpt>
      <trkpt lat="30.450981" lon="-91.970901">
        <ele>17.6</ele>
      </trkpt>
      <trkpt lat="30.450428" lon="-91.969933">
        <ele>18.0</ele>
      </trkpt>
      <trkpt lat="30.45026" lon="-91.969521">
        <ele>18.0</ele>
      </trkpt>
      <trkpt lat="30.449968" lon="-91.968445">
        <ele>17.7</ele>
      </trkpt>
      <trkpt lat="30.449854" lon="-91.968155">
        <ele>17.7</ele>
      </trkpt>
      <trkpt lat="30.449747" lon="-91.967957">
        <ele>17.6</ele>
      </trkpt>
      <trkpt lat="30.449501" lon="-91.967567">
        <ele>17.3</ele>
      </trkpt>
      <trkpt lat="30.447548" lon="-91.964684">
        <ele>17.7</ele>
      </trkpt>
      <trkpt lat="30.447325" lon="-91.964386">
        <ele>18.0</ele>
      </trkpt>
      <trkpt lat="30.447079" lon="-91.964134">
        <ele>17.6</ele>
      </trkpt>
      <trkpt lat="30.446739" lon="-91.963875">
        <ele>17.2</ele>
      </trkpt>
      <trkpt lat="30.445259" lon="-91.962868">
        <ele>15.2</ele>
      </trkpt>
      <trkpt lat="30.444826" lon="-91.962593">
        <ele>15.2</ele>
      </trkpt>
      <trkpt lat="30.444374" lon="-91.962357">
        <ele>15.2</ele>
      </trkpt>
      <trkpt lat="30.443832" lon="-91.962143">
        <ele>15.0</ele>
      </trkpt>
      <trkpt lat="30.443466" lon="-91.961975">
        <ele>15.0</ele>
      </trkpt>
      <trkpt lat="30.44311" lon="-91.961784">
        <ele>15.2</ele>
      </trkpt>
      <trkpt lat="30.440964" lon="-91.960487">
        <ele>15.2</ele>
      </trkpt>
      <trkpt lat="30.440161" lon="-91.960022">
        <ele>14.7</ele>
      </trkpt>
      <trkpt lat="30.439886" lon="-91.959846">
        <ele>14.7</ele>
      </trkpt>
      <trkpt lat="30.439342" lon="-91.959541">
        <ele>15.3</ele>
      </trkpt>
      <trkpt lat="30.438583" lon="-91.959152">
        <ele>16.0</ele>
      </trkpt>
      <trkpt lat="30.438305" lon="-91.95903">
        <ele>16.3</ele>
      </trkpt>
      <trkpt lat="30.435795" lon="-91.957802">
        <ele>16.3</ele>
      </trkpt>
      <trkpt lat="30.43461" lon="-91.957245">
        <ele>16.3</ele>
      </trkpt>
      <trkpt lat="30.434385" lon="-91.957123">
        <ele>16.3</ele>
      </trkpt>
      <trkpt lat="30.43331" lon="-91.956627">
        <ele>16.7</ele>
      </trkpt>
      <trkpt lat="30.432026" lon="-91.956001">
        <ele>17.0</ele>
      </trkpt>
      <trkpt lat="30.431719" lon="-91.955872">
        <ele>17.0</ele>
      </trkpt>
      <trkpt lat="30.430742" lon="-91.955414">
        <ele>16.7</ele>
      </trkpt>
      <trkpt lat="30.428576" lon="-91.954361">
        <ele>17.3</ele>
      </trkpt>
      <trkpt lat="30.428135" lon="-91.954079">
        <ele>18.0</ele>
      </trkpt>
      <trkpt lat="30.42749" lon="-91.953583">
        <ele>18.0</ele>
      </trkpt>
      <trkpt lat="30.426804" lon="-91.95314">
        <ele>17.6</ele>
      </trkpt>
      <trkpt lat="30.424141" lon="-91.951683">
        <ele>17.2</ele>
      </trkpt>
      <trkpt lat="30.423391" lon="-91.95134">
        <ele>16.7</ele>
      </trkpt>
      <trkpt lat="30.422573" lon="-91.951035">
        <ele>17.2</ele>
      </trkpt>
      <trkpt lat="30.422052" lon="-91.950821">
        <ele>17.2</ele>
      </trkpt>
      <trkpt lat="30.421604" lon="-91.950615">
        <ele>17.6</ele>
      </trkpt>
      <trkpt lat="30.421307" lon="-91.950455">
        <ele>17.6</ele>
      </trkpt>
      <trkpt lat="30.418701" lon="-91.948906">
        <ele>17.2</ele>
      </trkpt>
      <trkpt lat="30.417946" lon="-91.948441">
        <ele>17.2</ele>
      </trkpt>
      <trkpt lat="30.416656" lon="-91.947433">
        <ele>18.0</ele>
      </trkpt>
      <trkpt lat="30.416134" lon="-91.947006">
        <ele>18.0</ele>
      </trkpt>
      <trkpt lat="30.415709" lon="-91.946693">
        <ele>18.2</ele>
      </trkpt>
      <trkpt lat="30.415264" lon="-91.946396">
        <ele>18.6</ele>
      </trkpt>
      <trkpt lat="30.414814" lon="-91.946136">
        <ele>18.6</ele>
      </trkpt>
      <trkpt lat="30.412619" lon="-91.944977">
        <ele>19.7</ele>
      </trkpt>
      <trkpt lat="30.410801" lon="-91.944298">
        <ele>20.7</ele>
      </trkpt>
      <trkpt lat="30.410429" lon="-91.94413">
        <ele>20.6</ele>
      </trkpt>
      <trkpt lat="30.408913" lon="-91.94326">
        <ele>19.3</ele>
      </trkpt>
      <trkpt lat="30.405977" lon="-91.941689">
        <ele>19.3</ele>
      </trkpt>
      <trkpt lat="30.404652" lon="-91.940956">
        <ele>19.0</ele>
      </trkpt>
      <trkpt lat="30.404236" lon="-91.94062">
        <ele>19.3</ele>
      </trkpt>
      <trkpt lat="30.404045" lon="-91.940414">
        <ele>19.6</ele>
      </trkpt>
      <trkpt lat="30.403875" lon="-91.940193">
        <ele>19.3</ele>
      </trkpt>
      <trkpt lat="30.403727" lon="-91.939949">
        <ele>19.2</ele>
      </trkpt>
      <trkpt lat="30.403599" lon="-91.93969">
        <ele>18.7</ele>
      </trkpt>
      <trkpt lat="30.403423" lon="-91.939201">
        <ele>18.2</ele>
      </trkpt>
      <trkpt lat="30.403341" lon="-91.938774">
        <ele>18.6</ele>
      </trkpt>
      <trkpt lat="30.403259" lon="-91.938118">
        <ele>18.3</ele>
      </trkpt>
      <trkpt lat="30.402655" lon="-91.932907">
        <ele>16.7</ele>
      </trkpt>
      <trkpt lat="30.402611" lon="-91.932823">
        <ele>16.7</ele>
      </trkpt>
      <trkpt lat="30.402569" lon="-91.9328">
        <ele>16.7</ele>
      </trkpt>
      <trkpt lat="30.402464" lon="-91.9328">
        <ele>16.7</ele>
      </trkpt>
      <trkpt lat="30.402023" lon="-91.932861">
        <ele>16.7</ele>
      </trkpt>
      <trkpt lat="30.401598" lon="-91.932884">
        <ele>17.0</ele>
      </trkpt>
      <trkpt lat="30.400997" lon="-91.932961">
        <ele>17.0</ele>
      </trkpt>
      <trkpt lat="30.400795" lon="-91.932961">
        <ele>17.0</ele>
      </trkpt>
      <trkpt lat="30.400112" lon="-91.932846">
        <ele>16.6</ele>
      </trkpt>
      <trkpt lat="30.398211" lon="-91.932449">
        <ele>17.7</ele>
      </trkpt>
      <trkpt lat="30.397728" lon="-91.932365">
        <ele>17.6</ele>
      </trkpt>
      <trkpt lat="30.397541" lon="-91.93232">
        <ele>17.3</ele>
      </trkpt>
      <trkpt lat="30.397467" lon="-91.932281">
        <ele>17.3</ele>
      </trkpt>
      <trkpt lat="30.397451" lon="-91.932251">
        <ele>17.3</ele>
      </trkpt>
      <trkpt lat="30.397388" lon="-91.931984">
        <ele>17.6</ele>
      </trkpt>
      <trkpt lat="30.397408" lon="-91.931808">
        <ele>15.2</ele>
      </trkpt>
      <trkpt lat="30.397362" lon="-91.931488">
        <ele>15.6</ele>
      </trkpt>
      <trkpt lat="30.397385" lon="-91.931007">
        <ele>16.4</ele>
      </trkpt>
      <trkpt lat="30.397379" lon="-91.930084">
        <ele>18.0</ele>
      </trkpt>
      <trkpt lat="30.397352" lon="-91.929329">
        <ele>18.6</ele>
      </trkpt>
      <trkpt lat="30.397356" lon="-91.928513">
        <ele>18.6</ele>
      </trkpt>
      <trkpt lat="30.397392" lon="-91.928307">
        <ele>18.6</ele>
      </trkpt>
      <trkpt lat="30.397995" lon="-91.926491">
        <ele>18.3</ele>
      </trkpt>
      <trkpt lat="30.397995" lon="-91.926384">
        <ele>18.3</ele>
      </trkpt>
      <trkpt lat="30.39797" lon="-91.926338">
        <ele>18.3</ele>
      </trkpt>
      <trkpt lat="30.39789" lon="-91.926277">
        <ele>18.6</ele>
      </trkpt>
      <trkpt lat="30.39773" lon="-91.926239">
        <ele>18.6</ele>
      </trkpt>
      <trkpt lat="30.397196" lon="-91.926193">
        <ele>18.6</ele>
      </trkpt>
      <trkpt lat="30.396811" lon="-91.92614">
        <ele>18.3</ele>
      </trkpt>
      <trkpt lat="30.396399" lon="-91.926033">
        <ele>18.3</ele>
      </trkpt>
      <trkpt lat="30.395065" lon="-91.925591">
        <ele>18.3</ele>
      </trkpt>
      <trkpt lat="30.393976" lon="-91.925201">
        <ele>18.7</ele>
      </trkpt>
      <trkpt lat="30.391895" lon="-91.924492">
        <ele>17.7</ele>
      </trkpt>
      <trkpt lat="30.391827" lon="-91.924484">
        <ele>17.3</ele>
      </trkpt>
      <trkpt lat="30.391764" lon="-91.924553">
        <ele>17.0</ele>
      </trkpt>
      <trkpt lat="30.391739" lon="-91.924614">
        <ele>16.7</ele>
      </trkpt>
      <trkpt lat="30.391718" lon="-91.924812">
        <ele>16.2</ele>
      </trkpt>
      <trkpt lat="30.391674" lon="-91.924919">
        <ele>16.2</ele>
      </trkpt>
      <trkpt lat="30.391745" lon="-91.924706">
        <ele>16.6</ele>
      </trkpt>
      <trkpt lat="30.391787" lon="-91.924484">
        <ele>17.2</ele>
      </trkpt>
      <trkpt lat="30.391884" lon="-91.924484">
        <ele>17.0</ele>
      </trkpt>
      <trkpt lat="30.391964" lon="-91.924461">
        <ele>17.0</ele>
      </trkpt>
      <trkpt lat="30.392035" lon="-91.924469">
        <ele>17.0</ele>
      </trkpt>
      <trkpt lat="30.392765" lon="-91.924721">
        <ele>16.7</ele>
      </trkpt>
      <trkpt lat="30.393171" lon="-91.924843">
        <ele>16.7</ele>
      </trkpt>
      <trkpt lat="30.394217" lon="-91.925217">
        <ele>16.6</ele>
      </trkpt>
      <trkpt lat="30.394569" lon="-91.925323">
        <ele>16.7</ele>
      </trkpt>
      <trkpt lat="30.394987" lon="-91.925484">
        <ele>16.3</ele>
      </trkpt>
      <trkpt lat="30.396088" lon="-91.92585">
        <ele>16.3</ele>
      </trkpt>
      <trkpt lat="30.396313" lon="-91.925941">
        <ele>16.6</ele>
      </trkpt>
      <trkpt lat="30.396809" lon="-91.926071">
        <ele>16.2</ele>
      </trkpt>
      <trkpt lat="30.397194" lon="-91.926132">
        <ele>16.2</ele>
      </trkpt>
      <trkpt lat="30.39761" lon="-91.92617">
        <ele>16.0</ele>
      </trkpt>
      <trkpt lat="30.397898" lon="-91.926224">
        <ele>16.3</ele>
      </trkpt>
      <trkpt lat="30.398022" lon="-91.9263">
        <ele>16.7</ele>
      </trkpt>
      <trkpt lat="30.398037" lon="-91.926331">
        <ele>16.6</ele>
      </trkpt>
      <trkpt lat="30.398039" lon="-91.926437">
        <ele>16.6</ele>
      </trkpt>
      <trkpt lat="30.397991" lon="-91.926628">
        <ele>16.7</ele>
      </trkpt>
      <trkpt lat="30.397539" lon="-91.928009">
        <ele>17.2</ele>
      </trkpt>
      <trkpt lat="30.397388" lon="-91.928528">
        <ele>17.6</ele>
      </trkpt>
      <trkpt lat="30.397377" lon="-91.928818">
        <ele>17.6</ele>
      </trkpt>
      <trkpt lat="30.397432" lon="-91.930298">
        <ele>17.8</ele>
      </trkpt>
      <trkpt lat="30.397409" lon="-91.93161">
        <ele>16.7</ele>
      </trkpt>
      <trkpt lat="30.397346" lon="-91.931671">
        <ele>16.6</ele>
      </trkpt>
      <trkpt lat="30.397278" lon="-91.931702">
        <ele>16.6</ele>
      </trkpt>
      <trkpt lat="30.396479" lon="-91.931686">
        <ele>17.1</ele>
      </trkpt>
      <trkpt lat="30.396395" lon="-91.93174">
        <ele>17.1</ele>
      </trkpt>
      <trkpt lat="30.396366" lon="-91.931786">
        <ele>17.2</ele>
      </trkpt>
      <trkpt lat="30.396301" lon="-91.932037">
        <ele>17.3</ele>
      </trkpt>
      <trkpt lat="30.395809" lon="-91.934509">
        <ele>18.7</ele>
      </trkpt>
      <trkpt lat="30.395716" lon="-91.934799">
        <ele>18.7</ele>
      </trkpt>
      <trkpt lat="30.395611" lon="-91.934982">
        <ele>18.7</ele>
      </trkpt>
      <trkpt lat="30.3946" lon="-91.936508">
        <ele>18.2</ele>
      </trkpt>
      <trkpt lat="30.394468" lon="-91.936783">
        <ele>18.2</ele>
      </trkpt>
      <trkpt lat="30.394381" lon="-91.93708">
        <ele>18.2</ele>
      </trkpt>
      <trkpt lat="30.394339" lon="-91.937401">
        <ele>18.2</ele>
      </trkpt>
      <trkpt lat="30.394342" lon="-91.937737">
        <ele>18.2</ele>
      </trkpt>
      <trkpt lat="30.394623" lon="-91.940384">
        <ele>17.7</ele>
      </trkpt>
      <trkpt lat="30.394701" lon="-91.940903">
        <ele>17.7</ele>
      </trkpt>
      <trkpt lat="30.394844" lon="-91.94136">
        <ele>17.7</ele>
      </trkpt>
      <trkpt lat="30.394939" lon="-91.941582">
        <ele>17.7</ele>
      </trkpt>
      <trkpt lat="30.396336" lon="-91.944511">
        <ele>17.0</ele>
      </trkpt>
      <trkpt lat="30.396652" lon="-91.945137">
        <ele>17.2</ele>
      </trkpt>
      <trkpt lat="30.39743" lon="-91.9468">
        <ele>17.7</ele>
      </trkpt>
      <trkpt lat="30.397701" lon="-91.947342">
        <ele>17.7</ele>
      </trkpt>
      <trkpt lat="30.397877" lon="-91.947647">
        <ele>17.7</ele>
      </trkpt>
      <trkpt lat="30.398022" lon="-91.947861">
        <ele>17.7</ele>
      </trkpt>
      <trkpt lat="30.399256" lon="-91.949562">
        <ele>17.3</ele>
      </trkpt>
      <trkpt lat="30.399927" lon="-91.950523">
        <ele>18.0</ele>
      </trkpt>
      <trkpt lat="30.400074" lon="-91.950745">
        <ele>18.0</ele>
      </trkpt>
      <trkpt lat="30.400377" lon="-91.951279">
        <ele>18.0</ele>
      </trkpt>
      <trkpt lat="30.401209" lon="-91.953018">
        <ele>17.7</ele>
      </trkpt>
      <trkpt lat="30.402569" lon="-91.95594">
        <ele>17.6</ele>
      </trkpt>
      <trkpt lat="30.402702" lon="-91.956261">
        <ele>17.7</ele>
      </trkpt>
      <trkpt lat="30.403299" lon="-91.957939">
        <ele>18.2</ele>
      </trkpt>
      <trkpt lat="30.403545" lon="-91.958481">
        <ele>18.2</ele>
      </trkpt>
      <trkpt lat="30.403894" lon="-91.959053">
        <ele>18.2</ele>
      </trkpt>
      <trkpt lat="30.406252" lon="-91.962563">
        <ele>19.3</ele>
      </trkpt>
      <trkpt lat="30.406445" lon="-91.962914">
        <ele>19.2</ele>
      </trkpt>
      <trkpt lat="30.406607" lon="-91.963303">
        <ele>19.0</ele>
      </trkpt>
      <trkpt lat="30.406712" lon="-91.963646">
        <ele>19.0</ele>
      </trkpt>
      <trkpt lat="30.407549" lon="-91.966896">
        <ele>18.2</ele>
      </trkpt>
      <trkpt lat="30.407644" lon="-91.967339">
        <ele>18.3</ele>
      </trkpt>
      <trkpt lat="30.407688" lon="-91.967712">
        <ele>18.2</ele>
      </trkpt>
      <trkpt lat="30.407688" lon="-91.968285">
        <ele>18.0</ele>
      </trkpt>
      <trkpt lat="30.407232" lon="-91.972878">
        <ele>16.7</ele>
      </trkpt>
      <trkpt lat="30.407175" lon="-91.973541">
        <ele>16.7</ele>
      </trkpt>
      <trkpt lat="30.407145" lon="-91.974121">
        <ele>16.7</ele>
      </trkpt>
      <trkpt lat="30.407148" lon="-91.974419">
        <ele>17.0</ele>
      </trkpt>
      <trkpt lat="30.40719" lon="-91.97509">
        <ele>16.7</ele>
      </trkpt>
      <trkpt lat="30.407415" lon="-91.977837">
        <ele>16.7</ele>
      </trkpt>
      <trkpt lat="30.407566" lon="-91.979469">
        <ele>17.6</ele>
      </trkpt>
      <trkpt lat="30.407583" lon="-91.97982">
        <ele>17.6</ele>
      </trkpt>
      <trkpt lat="30.407555" lon="-91.980911">
        <ele>17.3</ele>
      </trkpt>
      <trkpt lat="30.407495" lon="-91.982147">
        <ele>17.3</ele>
      </trkpt>
      <trkpt lat="30.407429" lon="-91.984116">
        <ele>17.6</ele>
      </trkpt>
      <trkpt lat="30.407352" lon="-91.985588">
        <ele>17.6</ele>
      </trkpt>
      <trkpt lat="30.407286" lon="-91.986046">
        <ele>17.6</ele>
      </trkpt>
      <trkpt lat="30.407181" lon="-91.986504">
        <ele>17.6</ele>
      </trkpt>
      <trkpt lat="30.40695" lon="-91.987122">
        <ele>17.6</ele>
      </trkpt>
      <trkpt lat="30.406454" lon="-91.988205">
        <ele>17.6</ele>
      </trkpt>
      <trkpt lat="30.406313" lon="-91.988632">
        <ele>17.7</ele>
      </trkpt>
      <trkpt lat="30.406231" lon="-91.988983">
        <ele>17.7</ele>
      </trkpt>
      <trkpt lat="30.406147" lon="-91.989594">
        <ele>17.7</ele>
      </trkpt>
      <trkpt lat="30.406073" lon="-91.991066">
        <ele>17.6</ele>
      </trkpt>
      <trkpt lat="30.406008" lon="-91.991653">
        <ele>17.6</ele>
      </trkpt>
      <trkpt lat="30.405827" lon="-91.99247">
        <ele>17.2</ele>
      </trkpt>
      <trkpt lat="30.4056" lon="-91.993385">
        <ele>17.2</ele>
      </trkpt>
      <trkpt lat="30.405495" lon="-91.993706">
        <ele>17.3</ele>
      </trkpt>
      <trkpt lat="30.40501" lon="-91.99575">
        <ele>17.6</ele>
      </trkpt>
      <trkpt lat="30.404922" lon="-91.996307">
        <ele>17.3</ele>
      </trkpt>
      <trkpt lat="30.404894" lon="-91.996605">
        <ele>17.3</ele>
      </trkpt>
      <trkpt lat="30.404888" lon="-91.996979">
        <ele>17.3</ele>
      </trkpt>
      <trkpt lat="30.404865" lon="-91.997253">
        <ele>17.3</ele>
      </trkpt>
      <trkpt lat="30.404827" lon="-91.997375">
        <ele>17.2</ele>
      </trkpt>
      <trkpt lat="30.404789" lon="-91.997414">
        <ele>17.2</ele>
      </trkpt>
      <trkpt lat="30.404696" lon="-91.997459">
        <ele>17.0</ele>
      </trkpt>
      <trkpt lat="30.404419" lon="-91.997536">
        <ele>16.7</ele>
      </trkpt>
      <trkpt lat="30.402102" lon="-91.998039">
        <ele>16.0</ele>
      </trkpt>
      <trkpt lat="30.400209" lon="-91.998482">
        <ele>15.7</ele>
      </trkpt>
      <trkpt lat="30.399958" lon="-91.998528">
        <ele>15.7</ele>
      </trkpt>
      <trkpt lat="30.399517" lon="-91.998642">
        <ele>15.7</ele>
      </trkpt>
      <trkpt lat="30.399143" lon="-91.998711">
        <ele>15.6</ele>
      </trkpt>
      <trkpt lat="30.399017" lon="-91.998741">
        <ele>15.3</ele>
      </trkpt>
      <trkpt lat="30.398771" lon="-91.99884">
        <ele>15.3</ele>
      </trkpt>
      <trkpt lat="30.398563" lon="-91.999008">
        <ele>15.3</ele>
      </trkpt>
      <trkpt lat="30.398445" lon="-91.999191">
        <ele>15.3</ele>
      </trkpt>
      <trkpt lat="30.398338" lon="-91.999542">
        <ele>15.6</ele>
      </trkpt>
      <trkpt lat="30.398102" lon="-92.000725">
        <ele>16.0</ele>
      </trkpt>
      <trkpt lat="30.398043" lon="-92.000862">
        <ele>16.0</ele>
      </trkpt>
      <trkpt lat="30.39794" lon="-92.000961">
        <ele>16.0</ele>
      </trkpt>
      <trkpt lat="30.397877" lon="-92.000984">
        <ele>16.0</ele>
      </trkpt>
      <trkpt lat="30.397747" lon="-92.000999">
        <ele>16.2</ele>
      </trkpt>
      <trkpt lat="30.396955" lon="-92.000938">
        <ele>16.7</ele>
      </trkpt>
      <trkpt lat="30.395386" lon="-92.000877">
        <ele>16.3</ele>
      </trkpt>
      <trkpt lat="30.394417" lon="-92.000824">
        <ele>16.3</ele>
      </trkpt>
      <trkpt lat="30.393877" lon="-92.000778">
        <ele>16.6</ele>
      </trkpt>
      <trkpt lat="30.392456" lon="-92.00071">
        <ele>16.2</ele>
      </trkpt>
      <trkpt lat="30.392263" lon="-92.000687">
        <ele>16.0</ele>
      </trkpt>
      <trkpt lat="30.392084" lon="-92.000694">
        <ele>16.0</ele>
      </trkpt>
      <trkpt lat="30.391907" lon="-92.000732">
        <ele>16.0</ele>
      </trkpt>
      <trkpt lat="30.391802" lon="-92.000809">
        <ele>16.0</ele>
      </trkpt>
      <trkpt lat="30.391716" lon="-92.000916">
        <ele>16.2</ele>
      </trkpt>
      <trkpt lat="30.391298" lon="-92.001678">
        <ele>16.0</ele>
      </trkpt>
      <trkpt lat="30.391218" lon="-92.001785">
        <ele>16.2</ele>
      </trkpt>
      <trkpt lat="30.391121" lon="-92.001877">
        <ele>16.2</ele>
      </trkpt>
      <trkpt lat="30.390757" lon="-92.002045">
        <ele>15.7</ele>
      </trkpt>
      <trkpt lat="30.390244" lon="-92.002235">
        <ele>15.7</ele>
      </trkpt>
      <trkpt lat="30.388813" lon="-92.002907">
        <ele>15.0</ele>
      </trkpt>
      <trkpt lat="30.388165" lon="-92.003181">
        <ele>15.2</ele>
      </trkpt>
      <trkpt lat="30.387381" lon="-92.00354">
        <ele>15.6</ele>
      </trkpt>
      <trkpt lat="30.386309" lon="-92.003998">
        <ele>16.3</ele>
      </trkpt>
      <trkpt lat="30.386183" lon="-92.004036">
        <ele>16.3</ele>
      </trkpt>
      <trkpt lat="30.386061" lon="-92.004028">
        <ele>16.6</ele>
      </trkpt>
      <trkpt lat="30.386007" lon="-92.004005">
        <ele>16.7</ele>
      </trkpt>
      <trkpt lat="30.385918" lon="-92.003914">
        <ele>16.7</ele>
      </trkpt>
      <trkpt lat="30.385695" lon="-92.003586">
        <ele>16.6</ele>
      </trkpt>
      <trkpt lat="30.384705" lon="-92.001984">
        <ele>15.6</ele>
      </trkpt>
      <trkpt lat="30.38459" lon="-92.001823">
        <ele>15.6</ele>
      </trkpt>
      <trkpt lat="30.384497" lon="-92.001747">
        <ele>15.6</ele>
      </trkpt>
      <trkpt lat="30.384439" lon="-92.001732">
        <ele>15.6</ele>
      </trkpt>
      <trkpt lat="30.384319" lon="-92.001747">
        <ele>15.3</ele>
      </trkpt>
      <trkpt lat="30.382954" lon="-92.002365">
        <ele>15.6</ele>
      </trkpt>
      <trkpt lat="30.382381" lon="-92.002655">
        <ele>16.2</ele>
      </trkpt>
      <trkpt lat="30.381973" lon="-92.002815">
        <ele>16.3</ele>
      </trkpt>
      <trkpt lat="30.381527" lon="-92.003029">
        <ele>16.3</ele>
      </trkpt>
      <trkpt lat="30.380823" lon="-92.003311">
        <ele>16.0</ele>
      </trkpt>
      <trkpt lat="30.38059" lon="-92.003426">
        <ele>16.0</ele>
      </trkpt>
      <trkpt lat="30.379843" lon="-92.003746">
        <ele>15.6</ele>
      </trkpt>
      <trkpt lat="30.379351" lon="-92.003983">
        <ele>15.7</ele>
      </trkpt>
      <trkpt lat="30.378695" lon="-92.004257">
        <ele>16.2</ele>
      </trkpt>
      <trkpt lat="30.377481" lon="-92.004807">
        <ele>17.2</ele>
      </trkpt>
      <trkpt lat="30.376795" lon="-92.005089">
        <ele>17.2</ele>
      </trkpt>
      <trkpt lat="30.375608" lon="-92.005615">
        <ele>17.2</ele>
      </trkpt>
      <trkpt lat="30.375198" lon="-92.005775">
        <ele>16.7</ele>
      </trkpt>
      <trkpt lat="30.37398" lon="-92.00634">
        <ele>16.2</ele>
      </trkpt>
      <trkpt lat="30.372847" lon="-92.006828">
        <ele>16.2</ele>
      </trkpt>
      <trkpt lat="30.372389" lon="-92.007057">
        <ele>16.2</ele>
      </trkpt>
      <trkpt lat="30.368946" lon="-92.008499">
        <ele>15.6</ele>
      </trkpt>
      <trkpt lat="30.36801" lon="-92.008827">
        <ele>15.7</ele>
      </trkpt>
      <trkpt lat="30.36755" lon="-92.008911">
        <ele>16.2</ele>
      </trkpt>
      <trkpt lat="30.367355" lon="-92.008896">
        <ele>16.3</ele>
      </trkpt>
      <trkpt lat="30.367241" lon="-92.008835">
        <ele>16.6</ele>
      </trkpt>
      <trkpt lat="30.367096" lon="-92.008698">
        <ele>16.6</ele>
      </trkpt>
      <trkpt lat="30.366993" lon="-92.008629">
        <ele>16.7</ele>
      </trkpt>
      <trkpt lat="30.366877" lon="-92.008606">
        <ele>17.0</ele>
      </trkpt>
      <trkpt lat="30.366751" lon="-92.008621">
        <ele>17.0</ele>
      </trkpt>
      <trkpt lat="30.365829" lon="-92.00901">
        <ele>17.0</ele>
      </trkpt>
      <trkpt lat="30.36507" lon="-92.009285">
        <ele>17.0</ele>
      </trkpt>
      <trkpt lat="30.364229" lon="-92.009651">
        <ele>16.3</ele>
      </trkpt>
      <trkpt lat="30.36381" lon="-92.00985">
        <ele>16.2</ele>
      </trkpt>
      <trkpt lat="30.363142" lon="-92.010124">
        <ele>16.0</ele>
      </trkpt>
      <trkpt lat="30.362238" lon="-92.010544">
        <ele>16.3</ele>
      </trkpt>
      <trkpt lat="30.361925" lon="-92.010666">
        <ele>16.7</ele>
      </trkpt>
      <trkpt lat="30.361416" lon="-92.010895">
        <ele>17.3</ele>
      </trkpt>
      <trkpt lat="30.361177" lon="-92.010971">
        <ele>17.3</ele>
      </trkpt>
      <trkpt lat="30.360678" lon="-92.011169">
        <ele>17.6</ele>
      </trkpt>
      <trkpt lat="30.359407" lon="-92.011757">
        <ele>21.3</ele>
      </trkpt>
      <trkpt lat="30.358818" lon="-92.011986">
        <ele>23.3</ele>
      </trkpt>
      <trkpt lat="30.358494" lon="-92.012131">
        <ele>23.0</ele>
      </trkpt>
      <trkpt lat="30.358173" lon="-92.012245">
        <ele>22.7</ele>
      </trkpt>
      <trkpt lat="30.356083" lon="-92.013107">
        <ele>23.2</ele>
      </trkpt>
      <trkpt lat="30.355824" lon="-92.013245">
        <ele>23.6</ele>
      </trkpt>
      <trkpt lat="30.354418" lon="-92.013901">
        <ele>23.6</ele>
      </trkpt>
      <trkpt lat="30.354311" lon="-92.013901">
        <ele>23.6</ele>
      </trkpt>
      <trkpt lat="30.353966" lon="-92.013428">
        <ele>24.6</ele>
      </trkpt>
      <trkpt lat="30.353672" lon="-92.012939">
        <ele>25.2</ele>
      </trkpt>
      <trkpt lat="30.353479" lon="-92.012573">
        <ele>25.2</ele>
      </trkpt>
      <trkpt lat="30.353197" lon="-92.012138">
        <ele>25.6</ele>
      </trkpt>
      <trkpt lat="30.353079" lon="-92.012024">
        <ele>25.7</ele>
      </trkpt>
      <trkpt lat="30.353046" lon="-92.012016">
        <ele>25.7</ele>
      </trkpt>
      <trkpt lat="30.352991" lon="-92.012032">
        <ele>26.0</ele>
      </trkpt>
      <trkpt lat="30.352734" lon="-92.012352">
        <ele>25.7</ele>
      </trkpt>
      <trkpt lat="30.352568" lon="-92.012505">
        <ele>25.7</ele>
      </trkpt>
      <trkpt lat="30.35232" lon="-92.012695">
        <ele>25.7</ele>
      </trkpt>
      <trkpt lat="30.352034" lon="-92.01284">
        <ele>25.6</ele>
      </trkpt>
      <trkpt lat="30.351057" lon="-92.013245">
        <ele>24.3</ele>
      </trkpt>
      <trkpt lat="30.348925" lon="-92.014191">
        <ele>25.2</ele>
      </trkpt>
      <trkpt lat="30.348011" lon="-92.014565">
        <ele>24.7</ele>
      </trkpt>
      <trkpt lat="30.34589" lon="-92.015472">
        <ele>24.7</ele>
      </trkpt>
      <trkpt lat="30.345594" lon="-92.015617">
        <ele>25.0</ele>
      </trkpt>
      <trkpt lat="30.345428" lon="-92.015717">
        <ele>25.0</ele>
      </trkpt>
      <trkpt lat="30.345169" lon="-92.015945">
        <ele>24.7</ele>
      </trkpt>
      <trkpt lat="30.344992" lon="-92.016159">
        <ele>24.7</ele>
      </trkpt>
      <trkpt lat="30.344913" lon="-92.016273">
        <ele>24.7</ele>
      </trkpt>
      <trkpt lat="30.344751" lon="-92.016609">
        <ele>24.6</ele>
      </trkpt>
      <trkpt lat="30.344643" lon="-92.016968">
        <ele>24.6</ele>
      </trkpt>
      <trkpt lat="30.344608" lon="-92.017197">
        <ele>24.6</ele>
      </trkpt>
      <trkpt lat="30.344603" lon="-92.01767">
        <ele>24.6</ele>
      </trkpt>
      <trkpt lat="30.344627" lon="-92.017883">
        <ele>24.6</ele>
      </trkpt>
      <trkpt lat="30.34461" lon="-92.017952">
        <ele>24.6</ele>
      </trkpt>
      <trkpt lat="30.344572" lon="-92.018005">
        <ele>24.6</ele>
      </trkpt>
      <trkpt lat="30.344521" lon="-92.018044">
        <ele>24.6</ele>
      </trkpt>
      <trkpt lat="30.344456" lon="-92.018066">
        <ele>24.6</ele>
      </trkpt>
      <trkpt lat="30.344025" lon="-92.018135">
        <ele>24.3</ele>
      </trkpt>
      <trkpt lat="30.343622" lon="-92.018173">
        <ele>24.2</ele>
      </trkpt>
      <trkpt lat="30.34264" lon="-92.018311">
        <ele>24.6</ele>
      </trkpt>
      <trkpt lat="30.342056" lon="-92.018425">
        <ele>24.7</ele>
      </trkpt>
      <trkpt lat="30.341499" lon="-92.018509">
        <ele>24.7</ele>
      </trkpt>
      <trkpt lat="30.341446" lon="-92.018494">
        <ele>24.6</ele>
      </trkpt>
      <trkpt lat="30.341393" lon="-92.018402">
        <ele>24.3</ele>
      </trkpt>
      <trkpt lat="30.341276" lon="-92.01754">
        <ele>24.3</ele>
      </trkpt>
      <trkpt lat="30.341202" lon="-92.017456">
        <ele>24.3</ele>
      </trkpt>
      <trkpt lat="30.341148" lon="-92.017433">
        <ele>24.6</ele>
      </trkpt>
      <trkpt lat="30.341091" lon="-92.017433">
        <ele>24.6</ele>
      </trkpt>
      <trkpt lat="30.338549" lon="-92.017876">
        <ele>24.3</ele>
      </trkpt>
      <trkpt lat="30.336143" lon="-92.018234">
        <ele>24.6</ele>
      </trkpt>
      <trkpt lat="30.336058" lon="-92.018211">
        <ele>24.6</ele>
      </trkpt>
      <trkpt lat="30.336029" lon="-92.018173">
        <ele>24.3</ele>
      </trkpt>
      <trkpt lat="30.336" lon="-92.018066">
        <ele>24.3</ele>
      </trkpt>
      <trkpt lat="30.334715" lon="-92.006836">
        <ele>21.0</ele>
      </trkpt>
      <trkpt lat="30.333792" lon="-91.999962">
        <ele>22.7</ele>
      </trkpt>
      <trkpt lat="30.333559" lon="-91.998276">
        <ele>24.2</ele>
      </trkpt>
      <trkpt lat="30.333504" lon="-91.997993">
        <ele>23.7</ele>
      </trkpt>
      <trkpt lat="30.333447" lon="-91.997955">
        <ele>23.6</ele>
      </trkpt>
      <trkpt lat="30.333118" lon="-91.998016">
        <ele>23.0</ele>
      </trkpt>
      <trkpt lat="30.332655" lon="-91.998016">
        <ele>22.0</ele>
      </trkpt>
      <trkpt lat="30.331905" lon="-91.998085">
        <ele>21.3</ele>
      </trkpt>
      <trkpt lat="30.3304" lon="-91.998398">
        <ele>23.2</ele>
      </trkpt>
      <trkpt lat="30.329836" lon="-91.998489">
        <ele>23.2</ele>
      </trkpt>
      <trkpt lat="30.329103" lon="-91.998634">
        <ele>23.0</ele>
      </trkpt>
      <trkpt lat="30.328491" lon="-91.998726">
        <ele>21.7</ele>
      </trkpt>
      <trkpt lat="30.327599" lon="-91.998985">
        <ele>19.0</ele>
      </trkpt>
      <trkpt lat="30.326607" lon="-91.999321">
        <ele>16.0</ele>
      </trkpt>
      <trkpt lat="30.326242" lon="-91.999466">
        <ele>15.2</ele>
      </trkpt>
      <trkpt lat="30.325445" lon="-91.999718">
        <ele>15.7</ele>
      </trkpt>
      <trkpt lat="30.324919" lon="-91.999817">
        <ele>15.2</ele>
      </trkpt>
      <trkpt lat="30.324316" lon="-91.999817">
        <ele>15.0</ele>
      </trkpt>
      <trkpt lat="30.324135" lon="-91.999802">
        <ele>15.0</ele>
      </trkpt>
      <trkpt lat="30.323406" lon="-91.999802">
        <ele>15.2</ele>
      </trkpt>
      <trkpt lat="30.323229" lon="-91.999817">
        <ele>15.2</ele>
      </trkpt>
      <trkpt lat="30.322773" lon="-91.999802">
        <ele>15.2</ele>
      </trkpt>
      <trkpt lat="30.322392" lon="-91.999763">
        <ele>15.3</ele>
      </trkpt>
      <trkpt lat="30.32196" lon="-91.999687">
        <ele>15.3</ele>
      </trkpt>
      <trkpt lat="30.321707" lon="-91.999619">
        <ele>15.3</ele>
      </trkpt>
      <trkpt lat="30.32065" lon="-91.999245">
        <ele>14.3</ele>
      </trkpt>
      <trkpt lat="30.320049" lon="-91.99913">
        <ele>14.2</ele>
      </trkpt>
      <trkpt lat="30.319725" lon="-91.999046">
        <ele>14.3</ele>
      </trkpt>
      <trkpt lat="30.319344" lon="-91.998863">
        <ele>14.3</ele>
      </trkpt>
      <trkpt lat="30.319221" lon="-91.998772">
        <ele>14.3</ele>
      </trkpt>
      <trkpt lat="30.318766" lon="-91.998535">
        <ele>14.6</ele>
      </trkpt>
      <trkpt lat="30.318419" lon="-91.998375">
        <ele>15.0</ele>
      </trkpt>
      <trkpt lat="30.31769" lon="-91.997902">
        <ele>15.3</ele>
      </trkpt>
      <trkpt lat="30.317377" lon="-91.997643">
        <ele>15.6</ele>
      </trkpt>
      <trkpt lat="30.317011" lon="-91.997284">
        <ele>16.0</ele>
      </trkpt>
      <trkpt lat="30.316593" lon="-91.996796">
        <ele>15.7</ele>
      </trkpt>
      <trkpt lat="30.315725" lon="-91.995697">
        <ele>15.6</ele>
      </trkpt>
      <trkpt lat="30.315247" lon="-91.995125">
        <ele>15.7</ele>
      </trkpt>
      <trkpt lat="30.315071" lon="-91.995003">
        <ele>15.7</ele>
      </trkpt>
      <trkpt lat="30.314611" lon="-91.994858">
        <ele>16.0</ele>
      </trkpt>
      <trkpt lat="30.314365" lon="-91.994736">
        <ele>16.0</ele>
      </trkpt>
      <trkpt lat="30.314096" lon="-91.994522">
        <ele>16.2</ele>
      </trkpt>
      <trkpt lat="30.313957" lon="-91.99437">
        <ele>16.0</ele>
      </trkpt>
      <trkpt lat="30.313845" lon="-91.994217">
        <ele>15.7</ele>
      </trkpt>
      <trkpt lat="30.313499" lon="-91.993721">
        <ele>16.2</ele>
      </trkpt>
      <trkpt lat="30.313229" lon="-91.993301">
        <ele>16.3</ele>
      </trkpt>
      <trkpt lat="30.312939" lon="-91.992805">
        <ele>16.6</ele>
      </trkpt>
      <trkpt lat="30.31255" lon="-91.992058">
        <ele>16.7</ele>
      </trkpt>
      <trkpt lat="30.312363" lon="-91.991753">
        <ele>16.6</ele>
      </trkpt>
    </trkseg>
  </trk>
</gpx>
