<?xml version="1.0"?>
<gpx xmlns="http://www.topografix.com/GPX/1/1" xmlns:xsi="http://www.w3.org/2001/XMLSchema-instance" version="1.1" creator="AllTrails.com" xsi:schemaLocation="http://www.topografix.com/GPX/1/1 http://www.topografix.com/GPX/1/1/gpx.xsd">
  <metadata>
    <name><![CDATA[Edge of the World Drive]]></name>
    <desc><![CDATA[]]></desc>
    <link href="http://www.alltrails.com">
      <text>AllTrails, LLC</text>
    </link>
    <bounds minlat="34.97978" minlon="-111.87034" maxlat="35.1639" maxlon="-111.68307"/>
  </metadata>
  <trk>
    <name><![CDATA[Edge of the World Drive]]></name>
    <src>AllTrails</src>
    <trkseg>
      <trkpt lat="35.1487" lon="-111.68307">
        <ele>2134.0</ele>
      </trkpt>
      <trkpt lat="35.14873" lon="-111.68309">
        <ele>2133.82</ele>
      </trkpt>
      <trkpt lat="35.14875" lon="-111.68311">
        <ele>2133.79</ele>
      </trkpt>
      <trkpt lat="35.14879" lon="-111.68314">
        <ele>2133.92</ele>
      </trkpt>
      <trkpt lat="35.14882" lon="-111.68317">
        <ele>2133.8</ele>
      </trkpt>
      <trkpt lat="35.1489" lon="-111.68323">
        <ele>2133.78</ele>
      </trkpt>
      <trkpt lat="35.14898" lon="-111.6833">
        <ele>2133.65</ele>
      </trkpt>
      <trkpt lat="35.14908" lon="-111.68336">
        <ele>2133.0</ele>
      </trkpt>
      <trkpt lat="35.14917" lon="-111.68343">
        <ele>2133.0</ele>
      </trkpt>
      <trkpt lat="35.14926" lon="-111.68349">
        <ele>2133.0</ele>
      </trkpt>
      <trkpt lat="35.14937" lon="-111.68356">
        <ele>2132.89</ele>
      </trkpt>
      <trkpt lat="35.14947" lon="-111.68363">
        <ele>2132.72</ele>
      </trkpt>
      <trkpt lat="35.14957" lon="-111.68369">
        <ele>2132.0</ele>
      </trkpt>
      <trkpt lat="35.14968" lon="-111.68375">
        <ele>2132.0</ele>
      </trkpt>
      <trkpt lat="35.14979" lon="-111.68382">
        <ele>2132.0</ele>
      </trkpt>
      <trkpt lat="35.14989" lon="-111.68391">
        <ele>2131.37</ele>
      </trkpt>
      <trkpt lat="35.14999" lon="-111.68398">
        <ele>2131.11</ele>
      </trkpt>
      <trkpt lat="35.15009" lon="-111.68404">
        <ele>2131.0</ele>
      </trkpt>
      <trkpt lat="35.1502" lon="-111.68411">
        <ele>2131.0</ele>
      </trkpt>
      <trkpt lat="35.15032" lon="-111.68413">
        <ele>2131.0</ele>
      </trkpt>
      <trkpt lat="35.15043" lon="-111.68419">
        <ele>2130.36</ele>
      </trkpt>
      <trkpt lat="35.15053" lon="-111.68426">
        <ele>2130.0</ele>
      </trkpt>
      <trkpt lat="35.15065" lon="-111.68433">
        <ele>2130.0</ele>
      </trkpt>
      <trkpt lat="35.15077" lon="-111.6844">
        <ele>2129.68</ele>
      </trkpt>
      <trkpt lat="35.15088" lon="-111.68447">
        <ele>2129.0</ele>
      </trkpt>
      <trkpt lat="35.15099" lon="-111.68454">
        <ele>2129.0</ele>
      </trkpt>
      <trkpt lat="35.1511" lon="-111.6846">
        <ele>2129.0</ele>
      </trkpt>
      <trkpt lat="35.15121" lon="-111.68467">
        <ele>2129.0</ele>
      </trkpt>
      <trkpt lat="35.15131" lon="-111.68474">
        <ele>2129.0</ele>
      </trkpt>
      <trkpt lat="35.15142" lon="-111.68482">
        <ele>2129.0</ele>
      </trkpt>
      <trkpt lat="35.1515" lon="-111.6849">
        <ele>2129.0</ele>
      </trkpt>
      <trkpt lat="35.15155" lon="-111.68498">
        <ele>2129.0</ele>
      </trkpt>
      <trkpt lat="35.15156" lon="-111.68508">
        <ele>2129.0</ele>
      </trkpt>
      <trkpt lat="35.15156" lon="-111.68519">
        <ele>2130.0</ele>
      </trkpt>
      <trkpt lat="35.15155" lon="-111.68529">
        <ele>2130.0</ele>
      </trkpt>
      <trkpt lat="35.15153" lon="-111.6854">
        <ele>2130.0</ele>
      </trkpt>
      <trkpt lat="35.15151" lon="-111.68553">
        <ele>2130.0</ele>
      </trkpt>
      <trkpt lat="35.1515" lon="-111.68565">
        <ele>2131.0</ele>
      </trkpt>
      <trkpt lat="35.15149" lon="-111.68577">
        <ele>2131.0</ele>
      </trkpt>
      <trkpt lat="35.15149" lon="-111.68589">
        <ele>2131.0</ele>
      </trkpt>
      <trkpt lat="35.15151" lon="-111.686">
        <ele>2131.0</ele>
      </trkpt>
      <trkpt lat="35.15152" lon="-111.68611">
        <ele>2131.0</ele>
      </trkpt>
      <trkpt lat="35.15153" lon="-111.68632">
        <ele>2131.0</ele>
      </trkpt>
      <trkpt lat="35.15154" lon="-111.68655">
        <ele>2131.37</ele>
      </trkpt>
      <trkpt lat="35.15154" lon="-111.68669">
        <ele>2132.0</ele>
      </trkpt>
      <trkpt lat="35.15155" lon="-111.68681">
        <ele>2132.0</ele>
      </trkpt>
      <trkpt lat="35.15155" lon="-111.68693">
        <ele>2132.0</ele>
      </trkpt>
      <trkpt lat="35.15156" lon="-111.68704">
        <ele>2132.0</ele>
      </trkpt>
      <trkpt lat="35.15156" lon="-111.68718">
        <ele>2132.15</ele>
      </trkpt>
      <trkpt lat="35.15157" lon="-111.68735">
        <ele>2133.02</ele>
      </trkpt>
      <trkpt lat="35.15157" lon="-111.68752">
        <ele>2133.25</ele>
      </trkpt>
      <trkpt lat="35.15158" lon="-111.6877">
        <ele>2133.94</ele>
      </trkpt>
      <trkpt lat="35.15157" lon="-111.68788">
        <ele>2134.04</ele>
      </trkpt>
      <trkpt lat="35.15157" lon="-111.68805">
        <ele>2134.04</ele>
      </trkpt>
      <trkpt lat="35.15157" lon="-111.6882">
        <ele>2133.46</ele>
      </trkpt>
      <trkpt lat="35.15156" lon="-111.68834">
        <ele>2133.14</ele>
      </trkpt>
      <trkpt lat="35.15155" lon="-111.68848">
        <ele>2132.57</ele>
      </trkpt>
      <trkpt lat="35.15154" lon="-111.68865">
        <ele>2131.58</ele>
      </trkpt>
      <trkpt lat="35.15152" lon="-111.68881">
        <ele>2130.5</ele>
      </trkpt>
      <trkpt lat="35.15151" lon="-111.68899">
        <ele>2129.63</ele>
      </trkpt>
      <trkpt lat="35.15151" lon="-111.68916">
        <ele>2128.71</ele>
      </trkpt>
      <trkpt lat="35.1515" lon="-111.68932">
        <ele>2127.34</ele>
      </trkpt>
      <trkpt lat="35.1515" lon="-111.68945">
        <ele>2126.75</ele>
      </trkpt>
      <trkpt lat="35.15151" lon="-111.68958">
        <ele>2125.54</ele>
      </trkpt>
      <trkpt lat="35.15153" lon="-111.68973">
        <ele>2124.44</ele>
      </trkpt>
      <trkpt lat="35.15157" lon="-111.68981">
        <ele>2124.0</ele>
      </trkpt>
      <trkpt lat="35.15164" lon="-111.68985">
        <ele>2123.18</ele>
      </trkpt>
      <trkpt lat="35.15173" lon="-111.68986">
        <ele>2122.67</ele>
      </trkpt>
      <trkpt lat="35.15184" lon="-111.68986">
        <ele>2122.51</ele>
      </trkpt>
      <trkpt lat="35.15195" lon="-111.68985">
        <ele>2121.98</ele>
      </trkpt>
      <trkpt lat="35.15205" lon="-111.68975">
        <ele>2122.0</ele>
      </trkpt>
      <trkpt lat="35.15218" lon="-111.68971">
        <ele>2122.06</ele>
      </trkpt>
      <trkpt lat="35.15232" lon="-111.68966">
        <ele>2121.67</ele>
      </trkpt>
      <trkpt lat="35.15244" lon="-111.68962">
        <ele>2121.68</ele>
      </trkpt>
      <trkpt lat="35.15257" lon="-111.68958">
        <ele>2121.13</ele>
      </trkpt>
      <trkpt lat="35.1527" lon="-111.68953">
        <ele>2120.92</ele>
      </trkpt>
      <trkpt lat="35.15282" lon="-111.68948">
        <ele>2120.34</ele>
      </trkpt>
      <trkpt lat="35.15294" lon="-111.68943">
        <ele>2120.04</ele>
      </trkpt>
      <trkpt lat="35.15306" lon="-111.68937">
        <ele>2119.77</ele>
      </trkpt>
      <trkpt lat="35.15316" lon="-111.68929">
        <ele>2119.58</ele>
      </trkpt>
      <trkpt lat="35.15329" lon="-111.68919">
        <ele>2119.0</ele>
      </trkpt>
      <trkpt lat="35.15341" lon="-111.68909">
        <ele>2118.86</ele>
      </trkpt>
      <trkpt lat="35.15352" lon="-111.689">
        <ele>2118.0</ele>
      </trkpt>
      <trkpt lat="35.15364" lon="-111.6889">
        <ele>2117.96</ele>
      </trkpt>
      <trkpt lat="35.15375" lon="-111.68881">
        <ele>2117.5</ele>
      </trkpt>
      <trkpt lat="35.15387" lon="-111.68872">
        <ele>2117.17</ele>
      </trkpt>
      <trkpt lat="35.15397" lon="-111.68864">
        <ele>2117.09</ele>
      </trkpt>
      <trkpt lat="35.15407" lon="-111.68855">
        <ele>2117.03</ele>
      </trkpt>
      <trkpt lat="35.15417" lon="-111.68846">
        <ele>2116.96</ele>
      </trkpt>
      <trkpt lat="35.15425" lon="-111.68836">
        <ele>2116.74</ele>
      </trkpt>
      <trkpt lat="35.15433" lon="-111.68826">
        <ele>2116.05</ele>
      </trkpt>
      <trkpt lat="35.15442" lon="-111.68817">
        <ele>2116.0</ele>
      </trkpt>
      <trkpt lat="35.1545" lon="-111.68808">
        <ele>2115.4</ele>
      </trkpt>
      <trkpt lat="35.15458" lon="-111.68798">
        <ele>2115.44</ele>
      </trkpt>
      <trkpt lat="35.15465" lon="-111.68789">
        <ele>2115.61</ele>
      </trkpt>
      <trkpt lat="35.15473" lon="-111.68779">
        <ele>2115.8</ele>
      </trkpt>
      <trkpt lat="35.15482" lon="-111.68769">
        <ele>2115.89</ele>
      </trkpt>
      <trkpt lat="35.15493" lon="-111.68758">
        <ele>2115.89</ele>
      </trkpt>
      <trkpt lat="35.15504" lon="-111.68748">
        <ele>2116.12</ele>
      </trkpt>
      <trkpt lat="35.15516" lon="-111.68739">
        <ele>2116.05</ele>
      </trkpt>
      <trkpt lat="35.15526" lon="-111.68731">
        <ele>2116.01</ele>
      </trkpt>
      <trkpt lat="35.15536" lon="-111.68724">
        <ele>2115.83</ele>
      </trkpt>
      <trkpt lat="35.15546" lon="-111.68716">
        <ele>2115.7</ele>
      </trkpt>
      <trkpt lat="35.15557" lon="-111.68709">
        <ele>2115.91</ele>
      </trkpt>
      <trkpt lat="35.15568" lon="-111.687">
        <ele>2115.79</ele>
      </trkpt>
      <trkpt lat="35.15578" lon="-111.68693">
        <ele>2115.64</ele>
      </trkpt>
      <trkpt lat="35.15589" lon="-111.68685">
        <ele>2116.02</ele>
      </trkpt>
      <trkpt lat="35.156" lon="-111.68677">
        <ele>2116.18</ele>
      </trkpt>
      <trkpt lat="35.15611" lon="-111.68669">
        <ele>2116.01</ele>
      </trkpt>
      <trkpt lat="35.1562" lon="-111.68661">
        <ele>2116.02</ele>
      </trkpt>
      <trkpt lat="35.15631" lon="-111.68653">
        <ele>2115.92</ele>
      </trkpt>
      <trkpt lat="35.15642" lon="-111.68645">
        <ele>2116.0</ele>
      </trkpt>
      <trkpt lat="35.15652" lon="-111.68637">
        <ele>2116.12</ele>
      </trkpt>
      <trkpt lat="35.15654" lon="-111.68634">
        <ele>2116.19</ele>
      </trkpt>
      <trkpt lat="35.15663" lon="-111.68629">
        <ele>2116.0</ele>
      </trkpt>
      <trkpt lat="35.15673" lon="-111.68627">
        <ele>2115.32</ele>
      </trkpt>
      <trkpt lat="35.15684" lon="-111.68622">
        <ele>2115.0</ele>
      </trkpt>
      <trkpt lat="35.15696" lon="-111.68618">
        <ele>2115.26</ele>
      </trkpt>
      <trkpt lat="35.15707" lon="-111.68613">
        <ele>2115.8</ele>
      </trkpt>
      <trkpt lat="35.15718" lon="-111.68609">
        <ele>2116.12</ele>
      </trkpt>
      <trkpt lat="35.1573" lon="-111.68605">
        <ele>2116.66</ele>
      </trkpt>
      <trkpt lat="35.15741" lon="-111.68602">
        <ele>2116.0</ele>
      </trkpt>
      <trkpt lat="35.15751" lon="-111.68598">
        <ele>2116.42</ele>
      </trkpt>
      <trkpt lat="35.1576" lon="-111.68595">
        <ele>2116.74</ele>
      </trkpt>
      <trkpt lat="35.15771" lon="-111.68592">
        <ele>2116.8</ele>
      </trkpt>
      <trkpt lat="35.15781" lon="-111.68589">
        <ele>2116.39</ele>
      </trkpt>
      <trkpt lat="35.15791" lon="-111.68586">
        <ele>2116.71</ele>
      </trkpt>
      <trkpt lat="35.15802" lon="-111.68583">
        <ele>2116.42</ele>
      </trkpt>
      <trkpt lat="35.15814" lon="-111.6858">
        <ele>2116.36</ele>
      </trkpt>
      <trkpt lat="35.15827" lon="-111.68576">
        <ele>2116.0</ele>
      </trkpt>
      <trkpt lat="35.15837" lon="-111.68575">
        <ele>2115.96</ele>
      </trkpt>
      <trkpt lat="35.15847" lon="-111.68575">
        <ele>2115.47</ele>
      </trkpt>
      <trkpt lat="35.15858" lon="-111.68576">
        <ele>2115.0</ele>
      </trkpt>
      <trkpt lat="35.15869" lon="-111.68579">
        <ele>2115.0</ele>
      </trkpt>
      <trkpt lat="35.15878" lon="-111.68583">
        <ele>2114.21</ele>
      </trkpt>
      <trkpt lat="35.15886" lon="-111.6859">
        <ele>2114.0</ele>
      </trkpt>
      <trkpt lat="35.15893" lon="-111.68599">
        <ele>2114.0</ele>
      </trkpt>
      <trkpt lat="35.15901" lon="-111.68609">
        <ele>2113.76</ele>
      </trkpt>
      <trkpt lat="35.15908" lon="-111.68621">
        <ele>2113.0</ele>
      </trkpt>
      <trkpt lat="35.15915" lon="-111.68632">
        <ele>2113.26</ele>
      </trkpt>
      <trkpt lat="35.15923" lon="-111.68642">
        <ele>2113.32</ele>
      </trkpt>
      <trkpt lat="35.1593" lon="-111.68654">
        <ele>2113.35</ele>
      </trkpt>
      <trkpt lat="35.15937" lon="-111.68671">
        <ele>2113.9</ele>
      </trkpt>
      <trkpt lat="35.15945" lon="-111.68681">
        <ele>2113.97</ele>
      </trkpt>
      <trkpt lat="35.1595" lon="-111.68689">
        <ele>2114.0</ele>
      </trkpt>
      <trkpt lat="35.15956" lon="-111.68698">
        <ele>2113.75</ele>
      </trkpt>
      <trkpt lat="35.15962" lon="-111.68707">
        <ele>2113.1</ele>
      </trkpt>
      <trkpt lat="35.15967" lon="-111.68715">
        <ele>2113.0</ele>
      </trkpt>
      <trkpt lat="35.15973" lon="-111.68726">
        <ele>2113.0</ele>
      </trkpt>
      <trkpt lat="35.1598" lon="-111.68737">
        <ele>2113.0</ele>
      </trkpt>
      <trkpt lat="35.15989" lon="-111.68748">
        <ele>2113.64</ele>
      </trkpt>
      <trkpt lat="35.15997" lon="-111.68759">
        <ele>2114.0</ele>
      </trkpt>
      <trkpt lat="35.16003" lon="-111.68768">
        <ele>2114.32</ele>
      </trkpt>
      <trkpt lat="35.16008" lon="-111.68778">
        <ele>2115.0</ele>
      </trkpt>
      <trkpt lat="35.16013" lon="-111.68789">
        <ele>2115.4</ele>
      </trkpt>
      <trkpt lat="35.16017" lon="-111.68802">
        <ele>2115.84</ele>
      </trkpt>
      <trkpt lat="35.16021" lon="-111.68817">
        <ele>2116.54</ele>
      </trkpt>
      <trkpt lat="35.16025" lon="-111.68832">
        <ele>2116.8</ele>
      </trkpt>
      <trkpt lat="35.16029" lon="-111.68844">
        <ele>2117.53</ele>
      </trkpt>
      <trkpt lat="35.16034" lon="-111.68856">
        <ele>2119.34</ele>
      </trkpt>
      <trkpt lat="35.1604" lon="-111.68868">
        <ele>2120.32</ele>
      </trkpt>
      <trkpt lat="35.16045" lon="-111.68879">
        <ele>2120.86</ele>
      </trkpt>
      <trkpt lat="35.16053" lon="-111.68887">
        <ele>2121.72</ele>
      </trkpt>
      <trkpt lat="35.16065" lon="-111.6889">
        <ele>2122.14</ele>
      </trkpt>
      <trkpt lat="35.16074" lon="-111.68896">
        <ele>2123.76</ele>
      </trkpt>
      <trkpt lat="35.16082" lon="-111.68902">
        <ele>2124.86</ele>
      </trkpt>
      <trkpt lat="35.16091" lon="-111.6891">
        <ele>2126.11</ele>
      </trkpt>
      <trkpt lat="35.16099" lon="-111.68917">
        <ele>2127.02</ele>
      </trkpt>
      <trkpt lat="35.16107" lon="-111.68925">
        <ele>2128.46</ele>
      </trkpt>
      <trkpt lat="35.16115" lon="-111.68933">
        <ele>2129.0</ele>
      </trkpt>
      <trkpt lat="35.16124" lon="-111.68941">
        <ele>2129.77</ele>
      </trkpt>
      <trkpt lat="35.16132" lon="-111.68948">
        <ele>2130.64</ele>
      </trkpt>
      <trkpt lat="35.1614" lon="-111.68955">
        <ele>2132.02</ele>
      </trkpt>
      <trkpt lat="35.16146" lon="-111.68961">
        <ele>2132.61</ele>
      </trkpt>
      <trkpt lat="35.1615" lon="-111.68965">
        <ele>2133.04</ele>
      </trkpt>
      <trkpt lat="35.16154" lon="-111.68978">
        <ele>2133.86</ele>
      </trkpt>
      <trkpt lat="35.16155" lon="-111.68987">
        <ele>2134.44</ele>
      </trkpt>
      <trkpt lat="35.16157" lon="-111.68996">
        <ele>2134.98</ele>
      </trkpt>
      <trkpt lat="35.16158" lon="-111.69005">
        <ele>2135.57</ele>
      </trkpt>
      <trkpt lat="35.1616" lon="-111.69014">
        <ele>2136.14</ele>
      </trkpt>
      <trkpt lat="35.16162" lon="-111.69019">
        <ele>2136.52</ele>
      </trkpt>
      <trkpt lat="35.16164" lon="-111.69027">
        <ele>2136.98</ele>
      </trkpt>
      <trkpt lat="35.16168" lon="-111.69036">
        <ele>2137.14</ele>
      </trkpt>
      <trkpt lat="35.16176" lon="-111.69046">
        <ele>2138.01</ele>
      </trkpt>
      <trkpt lat="35.16182" lon="-111.69054">
        <ele>2138.66</ele>
      </trkpt>
      <trkpt lat="35.16188" lon="-111.69061">
        <ele>2139.3</ele>
      </trkpt>
      <trkpt lat="35.16193" lon="-111.69068">
        <ele>2139.9</ele>
      </trkpt>
      <trkpt lat="35.16199" lon="-111.69076">
        <ele>2140.6</ele>
      </trkpt>
      <trkpt lat="35.16202" lon="-111.69081">
        <ele>2140.95</ele>
      </trkpt>
      <trkpt lat="35.16205" lon="-111.69088">
        <ele>2141.57</ele>
      </trkpt>
      <trkpt lat="35.16208" lon="-111.69095">
        <ele>2142.12</ele>
      </trkpt>
      <trkpt lat="35.16212" lon="-111.69103">
        <ele>2142.9</ele>
      </trkpt>
      <trkpt lat="35.16215" lon="-111.6911">
        <ele>2143.19</ele>
      </trkpt>
      <trkpt lat="35.16218" lon="-111.69117">
        <ele>2143.54</ele>
      </trkpt>
      <trkpt lat="35.16221" lon="-111.69123">
        <ele>2144.15</ele>
      </trkpt>
      <trkpt lat="35.16224" lon="-111.6913">
        <ele>2145.19</ele>
      </trkpt>
      <trkpt lat="35.16228" lon="-111.69139">
        <ele>2145.64</ele>
      </trkpt>
      <trkpt lat="35.1623" lon="-111.69147">
        <ele>2146.72</ele>
      </trkpt>
      <trkpt lat="35.16234" lon="-111.69156">
        <ele>2147.0</ele>
      </trkpt>
      <trkpt lat="35.16237" lon="-111.69166">
        <ele>2147.55</ele>
      </trkpt>
      <trkpt lat="35.1624" lon="-111.69175">
        <ele>2147.92</ele>
      </trkpt>
      <trkpt lat="35.16243" lon="-111.69184">
        <ele>2148.0</ele>
      </trkpt>
      <trkpt lat="35.16245" lon="-111.69193">
        <ele>2148.0</ele>
      </trkpt>
      <trkpt lat="35.16248" lon="-111.69203">
        <ele>2148.72</ele>
      </trkpt>
      <trkpt lat="35.16251" lon="-111.69212">
        <ele>2149.0</ele>
      </trkpt>
      <trkpt lat="35.16253" lon="-111.69221">
        <ele>2149.0</ele>
      </trkpt>
      <trkpt lat="35.16256" lon="-111.69229">
        <ele>2149.0</ele>
      </trkpt>
      <trkpt lat="35.16258" lon="-111.69237">
        <ele>2149.0</ele>
      </trkpt>
      <trkpt lat="35.1626" lon="-111.69244">
        <ele>2149.4</ele>
      </trkpt>
      <trkpt lat="35.16262" lon="-111.69251">
        <ele>2150.0</ele>
      </trkpt>
      <trkpt lat="35.16265" lon="-111.69259">
        <ele>2150.0</ele>
      </trkpt>
      <trkpt lat="35.16267" lon="-111.69267">
        <ele>2150.0</ele>
      </trkpt>
      <trkpt lat="35.1627" lon="-111.69277">
        <ele>2150.16</ele>
      </trkpt>
      <trkpt lat="35.16274" lon="-111.69285">
        <ele>2150.59</ele>
      </trkpt>
      <trkpt lat="35.16277" lon="-111.69293">
        <ele>2150.92</ele>
      </trkpt>
      <trkpt lat="35.16281" lon="-111.69302">
        <ele>2151.0</ele>
      </trkpt>
      <trkpt lat="35.16285" lon="-111.69309">
        <ele>2151.0</ele>
      </trkpt>
      <trkpt lat="35.16289" lon="-111.69316">
        <ele>2151.0</ele>
      </trkpt>
      <trkpt lat="35.16293" lon="-111.69325">
        <ele>2151.0</ele>
      </trkpt>
      <trkpt lat="35.16298" lon="-111.69334">
        <ele>2151.18</ele>
      </trkpt>
      <trkpt lat="35.16302" lon="-111.69342">
        <ele>2151.62</ele>
      </trkpt>
      <trkpt lat="35.16306" lon="-111.69351">
        <ele>2152.0</ele>
      </trkpt>
      <trkpt lat="35.1631" lon="-111.69359">
        <ele>2151.6</ele>
      </trkpt>
      <trkpt lat="35.16314" lon="-111.69367">
        <ele>2151.91</ele>
      </trkpt>
      <trkpt lat="35.16317" lon="-111.69374">
        <ele>2152.0</ele>
      </trkpt>
      <trkpt lat="35.1632" lon="-111.69383">
        <ele>2152.0</ele>
      </trkpt>
      <trkpt lat="35.16322" lon="-111.69393">
        <ele>2151.9</ele>
      </trkpt>
      <trkpt lat="35.16324" lon="-111.69402">
        <ele>2151.99</ele>
      </trkpt>
      <trkpt lat="35.16326" lon="-111.69411">
        <ele>2152.0</ele>
      </trkpt>
      <trkpt lat="35.16326" lon="-111.6942">
        <ele>2152.0</ele>
      </trkpt>
      <trkpt lat="35.16326" lon="-111.6943">
        <ele>2152.0</ele>
      </trkpt>
      <trkpt lat="35.16326" lon="-111.69439">
        <ele>2152.0</ele>
      </trkpt>
      <trkpt lat="35.16325" lon="-111.69446">
        <ele>2152.0</ele>
      </trkpt>
      <trkpt lat="35.16324" lon="-111.69455">
        <ele>2152.0</ele>
      </trkpt>
      <trkpt lat="35.16323" lon="-111.69463">
        <ele>2152.0</ele>
      </trkpt>
      <trkpt lat="35.16322" lon="-111.69473">
        <ele>2152.79</ele>
      </trkpt>
      <trkpt lat="35.16321" lon="-111.69482">
        <ele>2153.0</ele>
      </trkpt>
      <trkpt lat="35.1632" lon="-111.69492">
        <ele>2153.0</ele>
      </trkpt>
      <trkpt lat="35.16319" lon="-111.69502">
        <ele>2153.0</ele>
      </trkpt>
      <trkpt lat="35.16318" lon="-111.69512">
        <ele>2153.1</ele>
      </trkpt>
      <trkpt lat="35.16317" lon="-111.69522">
        <ele>2153.52</ele>
      </trkpt>
      <trkpt lat="35.16316" lon="-111.69532">
        <ele>2154.0</ele>
      </trkpt>
      <trkpt lat="35.16315" lon="-111.69542">
        <ele>2154.0</ele>
      </trkpt>
      <trkpt lat="35.16314" lon="-111.69551">
        <ele>2154.46</ele>
      </trkpt>
      <trkpt lat="35.16313" lon="-111.6956">
        <ele>2154.9</ele>
      </trkpt>
      <trkpt lat="35.16312" lon="-111.69571">
        <ele>2155.0</ele>
      </trkpt>
      <trkpt lat="35.16311" lon="-111.69583">
        <ele>2155.0</ele>
      </trkpt>
      <trkpt lat="35.1631" lon="-111.69593">
        <ele>2155.0</ele>
      </trkpt>
      <trkpt lat="35.16309" lon="-111.69605">
        <ele>2155.0</ele>
      </trkpt>
      <trkpt lat="35.16308" lon="-111.69617">
        <ele>2155.17</ele>
      </trkpt>
      <trkpt lat="35.16307" lon="-111.69628">
        <ele>2155.85</ele>
      </trkpt>
      <trkpt lat="35.16306" lon="-111.6964">
        <ele>2155.05</ele>
      </trkpt>
      <trkpt lat="35.16306" lon="-111.69652">
        <ele>2155.05</ele>
      </trkpt>
      <trkpt lat="35.16305" lon="-111.69664">
        <ele>2155.0</ele>
      </trkpt>
      <trkpt lat="35.16304" lon="-111.69676">
        <ele>2155.0</ele>
      </trkpt>
      <trkpt lat="35.16304" lon="-111.69689">
        <ele>2155.0</ele>
      </trkpt>
      <trkpt lat="35.16303" lon="-111.69702">
        <ele>2155.0</ele>
      </trkpt>
      <trkpt lat="35.16302" lon="-111.69713">
        <ele>2155.0</ele>
      </trkpt>
      <trkpt lat="35.16302" lon="-111.69725">
        <ele>2155.0</ele>
      </trkpt>
      <trkpt lat="35.16301" lon="-111.69738">
        <ele>2155.0</ele>
      </trkpt>
      <trkpt lat="35.163" lon="-111.6975">
        <ele>2155.0</ele>
      </trkpt>
      <trkpt lat="35.16297" lon="-111.69754">
        <ele>2154.6</ele>
      </trkpt>
      <trkpt lat="35.16295" lon="-111.69762">
        <ele>2154.0</ele>
      </trkpt>
      <trkpt lat="35.16292" lon="-111.69773">
        <ele>2154.0</ele>
      </trkpt>
      <trkpt lat="35.16289" lon="-111.69785">
        <ele>2154.0</ele>
      </trkpt>
      <trkpt lat="35.16286" lon="-111.69795">
        <ele>2154.0</ele>
      </trkpt>
      <trkpt lat="35.16283" lon="-111.69806">
        <ele>2153.95</ele>
      </trkpt>
      <trkpt lat="35.1628" lon="-111.69818">
        <ele>2153.0</ele>
      </trkpt>
      <trkpt lat="35.16277" lon="-111.6983">
        <ele>2153.0</ele>
      </trkpt>
      <trkpt lat="35.16273" lon="-111.69843">
        <ele>2153.0</ele>
      </trkpt>
      <trkpt lat="35.1627" lon="-111.69857">
        <ele>2152.44</ele>
      </trkpt>
      <trkpt lat="35.16267" lon="-111.69872">
        <ele>2152.0</ele>
      </trkpt>
      <trkpt lat="35.16265" lon="-111.69882">
        <ele>2151.9</ele>
      </trkpt>
      <trkpt lat="35.16264" lon="-111.69889">
        <ele>2151.51</ele>
      </trkpt>
      <trkpt lat="35.16265" lon="-111.69896">
        <ele>2151.14</ele>
      </trkpt>
      <trkpt lat="35.16264" lon="-111.69904">
        <ele>2151.0</ele>
      </trkpt>
      <trkpt lat="35.16263" lon="-111.69918">
        <ele>2151.0</ele>
      </trkpt>
      <trkpt lat="35.16254" lon="-111.69992">
        <ele>2149.0</ele>
      </trkpt>
      <trkpt lat="35.16276" lon="-111.70035">
        <ele>2148.0</ele>
      </trkpt>
      <trkpt lat="35.16283" lon="-111.70045">
        <ele>2147.14</ele>
      </trkpt>
      <trkpt lat="35.1629" lon="-111.70055">
        <ele>2146.7</ele>
      </trkpt>
      <trkpt lat="35.16297" lon="-111.70065">
        <ele>2146.0</ele>
      </trkpt>
      <trkpt lat="35.16304" lon="-111.70075">
        <ele>2145.15</ele>
      </trkpt>
      <trkpt lat="35.16311" lon="-111.70086">
        <ele>2145.0</ele>
      </trkpt>
      <trkpt lat="35.16317" lon="-111.70096">
        <ele>2144.63</ele>
      </trkpt>
      <trkpt lat="35.16323" lon="-111.70105">
        <ele>2144.0</ele>
      </trkpt>
      <trkpt lat="35.16329" lon="-111.70115">
        <ele>2144.0</ele>
      </trkpt>
      <trkpt lat="35.16335" lon="-111.70124">
        <ele>2144.11</ele>
      </trkpt>
      <trkpt lat="35.16341" lon="-111.70134">
        <ele>2144.0</ele>
      </trkpt>
      <trkpt lat="35.16346" lon="-111.70143">
        <ele>2144.0</ele>
      </trkpt>
      <trkpt lat="35.16352" lon="-111.70152">
        <ele>2144.0</ele>
      </trkpt>
      <trkpt lat="35.16357" lon="-111.70161">
        <ele>2143.83</ele>
      </trkpt>
      <trkpt lat="35.16361" lon="-111.70168">
        <ele>2143.99</ele>
      </trkpt>
      <trkpt lat="35.16365" lon="-111.70175">
        <ele>2144.38</ele>
      </trkpt>
      <trkpt lat="35.16369" lon="-111.70183">
        <ele>2144.97</ele>
      </trkpt>
      <trkpt lat="35.16372" lon="-111.70192">
        <ele>2145.74</ele>
      </trkpt>
      <trkpt lat="35.16375" lon="-111.70201">
        <ele>2146.35</ele>
      </trkpt>
      <trkpt lat="35.16379" lon="-111.70208">
        <ele>2146.96</ele>
      </trkpt>
      <trkpt lat="35.16382" lon="-111.70218">
        <ele>2147.54</ele>
      </trkpt>
      <trkpt lat="35.16386" lon="-111.70228">
        <ele>2148.0</ele>
      </trkpt>
      <trkpt lat="35.16388" lon="-111.70235">
        <ele>2148.38</ele>
      </trkpt>
      <trkpt lat="35.1639" lon="-111.70241">
        <ele>2149.03</ele>
      </trkpt>
      <trkpt lat="35.1639" lon="-111.70245">
        <ele>2149.46</ele>
      </trkpt>
      <trkpt lat="35.1639" lon="-111.70254">
        <ele>2150.05</ele>
      </trkpt>
      <trkpt lat="35.16387" lon="-111.70262">
        <ele>2150.24</ele>
      </trkpt>
      <trkpt lat="35.16381" lon="-111.70267">
        <ele>2150.12</ele>
      </trkpt>
      <trkpt lat="35.16372" lon="-111.70271">
        <ele>2150.27</ele>
      </trkpt>
      <trkpt lat="35.16362" lon="-111.70276">
        <ele>2150.08</ele>
      </trkpt>
      <trkpt lat="35.16352" lon="-111.70282">
        <ele>2150.46</ele>
      </trkpt>
      <trkpt lat="35.16342" lon="-111.70288">
        <ele>2150.1</ele>
      </trkpt>
      <trkpt lat="35.16334" lon="-111.70294">
        <ele>2150.75</ele>
      </trkpt>
      <trkpt lat="35.16325" lon="-111.703">
        <ele>2150.46</ele>
      </trkpt>
      <trkpt lat="35.16318" lon="-111.70305">
        <ele>2150.32</ele>
      </trkpt>
      <trkpt lat="35.16309" lon="-111.70311">
        <ele>2150.22</ele>
      </trkpt>
      <trkpt lat="35.163" lon="-111.70318">
        <ele>2150.14</ele>
      </trkpt>
      <trkpt lat="35.16291" lon="-111.70325">
        <ele>2150.04</ele>
      </trkpt>
      <trkpt lat="35.16282" lon="-111.70333">
        <ele>2149.98</ele>
      </trkpt>
      <trkpt lat="35.16272" lon="-111.70343">
        <ele>2149.42</ele>
      </trkpt>
      <trkpt lat="35.16263" lon="-111.70352">
        <ele>2150.01</ele>
      </trkpt>
      <trkpt lat="35.16255" lon="-111.7036">
        <ele>2149.94</ele>
      </trkpt>
      <trkpt lat="35.16246" lon="-111.7037">
        <ele>2150.96</ele>
      </trkpt>
      <trkpt lat="35.16237" lon="-111.70379">
        <ele>2150.97</ele>
      </trkpt>
      <trkpt lat="35.16226" lon="-111.7039">
        <ele>2151.12</ele>
      </trkpt>
      <trkpt lat="35.16217" lon="-111.704">
        <ele>2152.0</ele>
      </trkpt>
      <trkpt lat="35.16208" lon="-111.7041">
        <ele>2152.0</ele>
      </trkpt>
      <trkpt lat="35.16199" lon="-111.70419">
        <ele>2152.12</ele>
      </trkpt>
      <trkpt lat="35.1619" lon="-111.70429">
        <ele>2152.65</ele>
      </trkpt>
      <trkpt lat="35.1618" lon="-111.70439">
        <ele>2153.41</ele>
      </trkpt>
      <trkpt lat="35.16171" lon="-111.70449">
        <ele>2154.26</ele>
      </trkpt>
      <trkpt lat="35.16162" lon="-111.70459">
        <ele>2155.0</ele>
      </trkpt>
      <trkpt lat="35.16154" lon="-111.70469">
        <ele>2155.65</ele>
      </trkpt>
      <trkpt lat="35.16145" lon="-111.70478">
        <ele>2156.0</ele>
      </trkpt>
      <trkpt lat="35.16137" lon="-111.70488">
        <ele>2156.7</ele>
      </trkpt>
      <trkpt lat="35.16129" lon="-111.70498">
        <ele>2156.99</ele>
      </trkpt>
      <trkpt lat="35.16122" lon="-111.70506">
        <ele>2157.0</ele>
      </trkpt>
      <trkpt lat="35.16116" lon="-111.70513">
        <ele>2157.0</ele>
      </trkpt>
      <trkpt lat="35.16109" lon="-111.70522">
        <ele>2157.0</ele>
      </trkpt>
      <trkpt lat="35.16103" lon="-111.7053">
        <ele>2157.24</ele>
      </trkpt>
      <trkpt lat="35.16095" lon="-111.70539">
        <ele>2157.42</ele>
      </trkpt>
      <trkpt lat="35.16088" lon="-111.70548">
        <ele>2158.09</ele>
      </trkpt>
      <trkpt lat="35.16081" lon="-111.70557">
        <ele>2158.16</ele>
      </trkpt>
      <trkpt lat="35.16075" lon="-111.70566">
        <ele>2159.0</ele>
      </trkpt>
      <trkpt lat="35.16069" lon="-111.70574">
        <ele>2159.0</ele>
      </trkpt>
      <trkpt lat="35.16063" lon="-111.70584">
        <ele>2160.0</ele>
      </trkpt>
      <trkpt lat="35.16057" lon="-111.70594">
        <ele>2160.0</ele>
      </trkpt>
      <trkpt lat="35.1605" lon="-111.70605">
        <ele>2160.0</ele>
      </trkpt>
      <trkpt lat="35.16044" lon="-111.70616">
        <ele>2160.0</ele>
      </trkpt>
      <trkpt lat="35.16038" lon="-111.70627">
        <ele>2160.0</ele>
      </trkpt>
      <trkpt lat="35.16033" lon="-111.70637">
        <ele>2160.0</ele>
      </trkpt>
      <trkpt lat="35.16028" lon="-111.70647">
        <ele>2160.88</ele>
      </trkpt>
      <trkpt lat="35.16023" lon="-111.70656">
        <ele>2161.44</ele>
      </trkpt>
      <trkpt lat="35.16018" lon="-111.70666">
        <ele>2162.05</ele>
      </trkpt>
      <trkpt lat="35.16013" lon="-111.70676">
        <ele>2163.01</ele>
      </trkpt>
      <trkpt lat="35.16009" lon="-111.70687">
        <ele>2164.01</ele>
      </trkpt>
      <trkpt lat="35.16005" lon="-111.70698">
        <ele>2164.67</ele>
      </trkpt>
      <trkpt lat="35.16" lon="-111.70709">
        <ele>2165.57</ele>
      </trkpt>
      <trkpt lat="35.15997" lon="-111.7072">
        <ele>2166.0</ele>
      </trkpt>
      <trkpt lat="35.15993" lon="-111.70731">
        <ele>2166.95</ele>
      </trkpt>
      <trkpt lat="35.15989" lon="-111.70741">
        <ele>2167.02</ele>
      </trkpt>
      <trkpt lat="35.15986" lon="-111.70751">
        <ele>2167.54</ele>
      </trkpt>
      <trkpt lat="35.15984" lon="-111.70762">
        <ele>2168.0</ele>
      </trkpt>
      <trkpt lat="35.15982" lon="-111.70773">
        <ele>2168.03</ele>
      </trkpt>
      <trkpt lat="35.1598" lon="-111.70783">
        <ele>2168.47</ele>
      </trkpt>
      <trkpt lat="35.15979" lon="-111.70793">
        <ele>2168.9</ele>
      </trkpt>
      <trkpt lat="35.15978" lon="-111.70804">
        <ele>2169.0</ele>
      </trkpt>
      <trkpt lat="35.15976" lon="-111.70815">
        <ele>2169.0</ele>
      </trkpt>
      <trkpt lat="35.15975" lon="-111.70827">
        <ele>2169.0</ele>
      </trkpt>
      <trkpt lat="35.15974" lon="-111.70839">
        <ele>2169.0</ele>
      </trkpt>
      <trkpt lat="35.15974" lon="-111.70852">
        <ele>2169.0</ele>
      </trkpt>
      <trkpt lat="35.15973" lon="-111.70863">
        <ele>2168.81</ele>
      </trkpt>
      <trkpt lat="35.15972" lon="-111.70874">
        <ele>2168.0</ele>
      </trkpt>
      <trkpt lat="35.15971" lon="-111.70886">
        <ele>2168.0</ele>
      </trkpt>
      <trkpt lat="35.1597" lon="-111.70897">
        <ele>2167.79</ele>
      </trkpt>
      <trkpt lat="35.15969" lon="-111.70908">
        <ele>2167.61</ele>
      </trkpt>
      <trkpt lat="35.15968" lon="-111.70919">
        <ele>2167.0</ele>
      </trkpt>
      <trkpt lat="35.15967" lon="-111.7093">
        <ele>2166.75</ele>
      </trkpt>
      <trkpt lat="35.15966" lon="-111.70942">
        <ele>2166.33</ele>
      </trkpt>
      <trkpt lat="35.15965" lon="-111.70955">
        <ele>2166.19</ele>
      </trkpt>
      <trkpt lat="35.15964" lon="-111.70968">
        <ele>2166.0</ele>
      </trkpt>
      <trkpt lat="35.15963" lon="-111.70979">
        <ele>2165.27</ele>
      </trkpt>
      <trkpt lat="35.15962" lon="-111.70991">
        <ele>2163.87</ele>
      </trkpt>
      <trkpt lat="35.15962" lon="-111.71003">
        <ele>2162.97</ele>
      </trkpt>
      <trkpt lat="35.15961" lon="-111.71015">
        <ele>2162.66</ele>
      </trkpt>
      <trkpt lat="35.1596" lon="-111.71028">
        <ele>2161.68</ele>
      </trkpt>
      <trkpt lat="35.15959" lon="-111.71041">
        <ele>2161.14</ele>
      </trkpt>
      <trkpt lat="35.15958" lon="-111.71052">
        <ele>2160.46</ele>
      </trkpt>
      <trkpt lat="35.15958" lon="-111.71064">
        <ele>2160.95</ele>
      </trkpt>
      <trkpt lat="35.15957" lon="-111.71076">
        <ele>2161.07</ele>
      </trkpt>
      <trkpt lat="35.15956" lon="-111.71087">
        <ele>2161.25</ele>
      </trkpt>
      <trkpt lat="35.15955" lon="-111.711">
        <ele>2161.14</ele>
      </trkpt>
      <trkpt lat="35.15955" lon="-111.71112">
        <ele>2161.14</ele>
      </trkpt>
      <trkpt lat="35.15954" lon="-111.71125">
        <ele>2161.03</ele>
      </trkpt>
      <trkpt lat="35.15953" lon="-111.71138">
        <ele>2160.92</ele>
      </trkpt>
      <trkpt lat="35.15952" lon="-111.71151">
        <ele>2161.25</ele>
      </trkpt>
      <trkpt lat="35.1595" lon="-111.71165">
        <ele>2161.6</ele>
      </trkpt>
      <trkpt lat="35.15949" lon="-111.71179">
        <ele>2161.49</ele>
      </trkpt>
      <trkpt lat="35.15948" lon="-111.71192">
        <ele>2161.38</ele>
      </trkpt>
      <trkpt lat="35.15946" lon="-111.71205">
        <ele>2161.17</ele>
      </trkpt>
      <trkpt lat="35.15944" lon="-111.71217">
        <ele>2160.95</ele>
      </trkpt>
      <trkpt lat="35.15943" lon="-111.7123">
        <ele>2160.84</ele>
      </trkpt>
      <trkpt lat="35.15941" lon="-111.71242">
        <ele>2160.71</ele>
      </trkpt>
      <trkpt lat="35.1594" lon="-111.71255">
        <ele>2161.3</ele>
      </trkpt>
      <trkpt lat="35.15938" lon="-111.71269">
        <ele>2161.3</ele>
      </trkpt>
      <trkpt lat="35.15937" lon="-111.71283">
        <ele>2161.31</ele>
      </trkpt>
      <trkpt lat="35.15935" lon="-111.71297">
        <ele>2160.98</ele>
      </trkpt>
      <trkpt lat="35.15933" lon="-111.71311">
        <ele>2161.21</ele>
      </trkpt>
      <trkpt lat="35.15931" lon="-111.71325">
        <ele>2161.55</ele>
      </trkpt>
      <trkpt lat="35.1593" lon="-111.71338">
        <ele>2161.44</ele>
      </trkpt>
      <trkpt lat="35.15928" lon="-111.71352">
        <ele>2161.24</ele>
      </trkpt>
      <trkpt lat="35.15927" lon="-111.71366">
        <ele>2162.12</ele>
      </trkpt>
      <trkpt lat="35.15925" lon="-111.71379">
        <ele>2162.83</ele>
      </trkpt>
      <trkpt lat="35.15924" lon="-111.71393">
        <ele>2164.24</ele>
      </trkpt>
      <trkpt lat="35.15922" lon="-111.71407">
        <ele>2165.13</ele>
      </trkpt>
      <trkpt lat="35.15921" lon="-111.7142">
        <ele>2165.47</ele>
      </trkpt>
      <trkpt lat="35.1592" lon="-111.71433">
        <ele>2165.36</ele>
      </trkpt>
      <trkpt lat="35.15919" lon="-111.71447">
        <ele>2165.32</ele>
      </trkpt>
      <trkpt lat="35.15918" lon="-111.71459">
        <ele>2165.78</ele>
      </trkpt>
      <trkpt lat="35.15917" lon="-111.71473">
        <ele>2166.04</ele>
      </trkpt>
      <trkpt lat="35.15916" lon="-111.71487">
        <ele>2165.86</ele>
      </trkpt>
      <trkpt lat="35.15915" lon="-111.715">
        <ele>2165.82</ele>
      </trkpt>
      <trkpt lat="35.15914" lon="-111.71514">
        <ele>2165.71</ele>
      </trkpt>
      <trkpt lat="35.15913" lon="-111.71528">
        <ele>2166.21</ele>
      </trkpt>
      <trkpt lat="35.15912" lon="-111.71543">
        <ele>2165.99</ele>
      </trkpt>
      <trkpt lat="35.15912" lon="-111.71557">
        <ele>2166.5</ele>
      </trkpt>
      <trkpt lat="35.15911" lon="-111.7157">
        <ele>2166.61</ele>
      </trkpt>
      <trkpt lat="35.1591" lon="-111.71584">
        <ele>2166.61</ele>
      </trkpt>
      <trkpt lat="35.15909" lon="-111.71597">
        <ele>2167.17</ele>
      </trkpt>
      <trkpt lat="35.15908" lon="-111.71611">
        <ele>2167.13</ele>
      </trkpt>
      <trkpt lat="35.15908" lon="-111.71623">
        <ele>2167.13</ele>
      </trkpt>
      <trkpt lat="35.15908" lon="-111.71636">
        <ele>2167.77</ele>
      </trkpt>
      <trkpt lat="35.15908" lon="-111.71649">
        <ele>2168.06</ele>
      </trkpt>
      <trkpt lat="35.15908" lon="-111.71661">
        <ele>2168.06</ele>
      </trkpt>
      <trkpt lat="35.15908" lon="-111.71672">
        <ele>2168.06</ele>
      </trkpt>
      <trkpt lat="35.15908" lon="-111.71685">
        <ele>2168.06</ele>
      </trkpt>
      <trkpt lat="35.15909" lon="-111.71697">
        <ele>2168.17</ele>
      </trkpt>
      <trkpt lat="35.15909" lon="-111.71708">
        <ele>2168.17</ele>
      </trkpt>
      <trkpt lat="35.1591" lon="-111.7172">
        <ele>2168.28</ele>
      </trkpt>
      <trkpt lat="35.1591" lon="-111.71732">
        <ele>2168.3</ele>
      </trkpt>
      <trkpt lat="35.15911" lon="-111.71743">
        <ele>2168.78</ele>
      </trkpt>
      <trkpt lat="35.15912" lon="-111.71757">
        <ele>2168.62</ele>
      </trkpt>
      <trkpt lat="35.15913" lon="-111.71769">
        <ele>2168.58</ele>
      </trkpt>
      <trkpt lat="35.15914" lon="-111.71782">
        <ele>2168.1</ele>
      </trkpt>
      <trkpt lat="35.15915" lon="-111.71794">
        <ele>2167.82</ele>
      </trkpt>
      <trkpt lat="35.15917" lon="-111.71806">
        <ele>2167.99</ele>
      </trkpt>
      <trkpt lat="35.1592" lon="-111.71818">
        <ele>2167.36</ele>
      </trkpt>
      <trkpt lat="35.15923" lon="-111.7183">
        <ele>2167.68</ele>
      </trkpt>
      <trkpt lat="35.15925" lon="-111.71841">
        <ele>2167.82</ele>
      </trkpt>
      <trkpt lat="35.15928" lon="-111.71852">
        <ele>2167.44</ele>
      </trkpt>
      <trkpt lat="35.1593" lon="-111.71863">
        <ele>2167.44</ele>
      </trkpt>
      <trkpt lat="35.15933" lon="-111.71874">
        <ele>2167.76</ele>
      </trkpt>
      <trkpt lat="35.15934" lon="-111.71886">
        <ele>2167.87</ele>
      </trkpt>
      <trkpt lat="35.15937" lon="-111.71898">
        <ele>2168.2</ele>
      </trkpt>
      <trkpt lat="35.15939" lon="-111.71909">
        <ele>2168.41</ele>
      </trkpt>
      <trkpt lat="35.15942" lon="-111.71922">
        <ele>2168.74</ele>
      </trkpt>
      <trkpt lat="35.15944" lon="-111.71934">
        <ele>2168.91</ele>
      </trkpt>
      <trkpt lat="35.15946" lon="-111.71948">
        <ele>2168.85</ele>
      </trkpt>
      <trkpt lat="35.15948" lon="-111.7196">
        <ele>2168.51</ele>
      </trkpt>
      <trkpt lat="35.15949" lon="-111.71972">
        <ele>2168.49</ele>
      </trkpt>
      <trkpt lat="35.1595" lon="-111.71983">
        <ele>2168.2</ele>
      </trkpt>
      <trkpt lat="35.15951" lon="-111.71995">
        <ele>2168.09</ele>
      </trkpt>
      <trkpt lat="35.15952" lon="-111.72007">
        <ele>2167.82</ele>
      </trkpt>
      <trkpt lat="35.15953" lon="-111.7202">
        <ele>2167.7</ele>
      </trkpt>
      <trkpt lat="35.15953" lon="-111.72033">
        <ele>2166.92</ele>
      </trkpt>
      <trkpt lat="35.15953" lon="-111.72045">
        <ele>2166.92</ele>
      </trkpt>
      <trkpt lat="35.15952" lon="-111.72057">
        <ele>2166.82</ele>
      </trkpt>
      <trkpt lat="35.15951" lon="-111.72067">
        <ele>2166.71</ele>
      </trkpt>
      <trkpt lat="35.15949" lon="-111.72076">
        <ele>2166.49</ele>
      </trkpt>
      <trkpt lat="35.15946" lon="-111.72087">
        <ele>2166.5</ele>
      </trkpt>
      <trkpt lat="35.15944" lon="-111.72096">
        <ele>2166.95</ele>
      </trkpt>
      <trkpt lat="35.15942" lon="-111.72107">
        <ele>2166.74</ele>
      </trkpt>
      <trkpt lat="35.15939" lon="-111.72117">
        <ele>2166.41</ele>
      </trkpt>
      <trkpt lat="35.15937" lon="-111.72127">
        <ele>2166.2</ele>
      </trkpt>
      <trkpt lat="35.15935" lon="-111.72136">
        <ele>2166.0</ele>
      </trkpt>
      <trkpt lat="35.15933" lon="-111.72145">
        <ele>2166.0</ele>
      </trkpt>
      <trkpt lat="35.1593" lon="-111.72154">
        <ele>2166.0</ele>
      </trkpt>
      <trkpt lat="35.15928" lon="-111.72164">
        <ele>2166.0</ele>
      </trkpt>
      <trkpt lat="35.15926" lon="-111.72174">
        <ele>2165.21</ele>
      </trkpt>
      <trkpt lat="35.15923" lon="-111.72184">
        <ele>2165.6</ele>
      </trkpt>
      <trkpt lat="35.1592" lon="-111.72196">
        <ele>2166.17</ele>
      </trkpt>
      <trkpt lat="35.15917" lon="-111.72208">
        <ele>2167.45</ele>
      </trkpt>
      <trkpt lat="35.15914" lon="-111.72221">
        <ele>2168.29</ele>
      </trkpt>
      <trkpt lat="35.15911" lon="-111.72233">
        <ele>2169.1</ele>
      </trkpt>
      <trkpt lat="35.15909" lon="-111.72246">
        <ele>2169.83</ele>
      </trkpt>
      <trkpt lat="35.15906" lon="-111.72256">
        <ele>2170.0</ele>
      </trkpt>
      <trkpt lat="35.15903" lon="-111.72267">
        <ele>2170.0</ele>
      </trkpt>
      <trkpt lat="35.159" lon="-111.72278">
        <ele>2170.0</ele>
      </trkpt>
      <trkpt lat="35.15898" lon="-111.7229">
        <ele>2170.01</ele>
      </trkpt>
      <trkpt lat="35.15895" lon="-111.723">
        <ele>2170.0</ele>
      </trkpt>
      <trkpt lat="35.15892" lon="-111.72312">
        <ele>2169.77</ele>
      </trkpt>
      <trkpt lat="35.15889" lon="-111.72322">
        <ele>2169.22</ele>
      </trkpt>
      <trkpt lat="35.15887" lon="-111.72334">
        <ele>2169.19</ele>
      </trkpt>
      <trkpt lat="35.15884" lon="-111.72344">
        <ele>2169.0</ele>
      </trkpt>
      <trkpt lat="35.15881" lon="-111.72354">
        <ele>2169.0</ele>
      </trkpt>
      <trkpt lat="35.15878" lon="-111.72365">
        <ele>2169.07</ele>
      </trkpt>
      <trkpt lat="35.15875" lon="-111.72377">
        <ele>2169.5</ele>
      </trkpt>
      <trkpt lat="35.15872" lon="-111.72388">
        <ele>2169.82</ele>
      </trkpt>
      <trkpt lat="35.15869" lon="-111.724">
        <ele>2170.0</ele>
      </trkpt>
      <trkpt lat="35.15866" lon="-111.72412">
        <ele>2170.0</ele>
      </trkpt>
      <trkpt lat="35.15863" lon="-111.72425">
        <ele>2170.0</ele>
      </trkpt>
      <trkpt lat="35.1586" lon="-111.72438">
        <ele>2170.12</ele>
      </trkpt>
      <trkpt lat="35.15857" lon="-111.72451">
        <ele>2170.44</ele>
      </trkpt>
      <trkpt lat="35.15854" lon="-111.72462">
        <ele>2170.98</ele>
      </trkpt>
      <trkpt lat="35.15851" lon="-111.72472">
        <ele>2171.0</ele>
      </trkpt>
      <trkpt lat="35.15848" lon="-111.72483">
        <ele>2171.0</ele>
      </trkpt>
      <trkpt lat="35.15846" lon="-111.72492">
        <ele>2171.0</ele>
      </trkpt>
      <trkpt lat="35.15843" lon="-111.72502">
        <ele>2170.99</ele>
      </trkpt>
      <trkpt lat="35.1584" lon="-111.72514">
        <ele>2171.0</ele>
      </trkpt>
      <trkpt lat="35.15837" lon="-111.72527">
        <ele>2170.64</ele>
      </trkpt>
      <trkpt lat="35.15835" lon="-111.72539">
        <ele>2170.65</ele>
      </trkpt>
      <trkpt lat="35.15832" lon="-111.72549">
        <ele>2170.1</ele>
      </trkpt>
      <trkpt lat="35.1583" lon="-111.7256">
        <ele>2169.69</ele>
      </trkpt>
      <trkpt lat="35.15827" lon="-111.72572">
        <ele>2169.15</ele>
      </trkpt>
      <trkpt lat="35.15825" lon="-111.72584">
        <ele>2168.0</ele>
      </trkpt>
      <trkpt lat="35.15823" lon="-111.72598">
        <ele>2168.0</ele>
      </trkpt>
      <trkpt lat="35.15821" lon="-111.72611">
        <ele>2168.0</ele>
      </trkpt>
      <trkpt lat="35.15819" lon="-111.72624">
        <ele>2168.0</ele>
      </trkpt>
      <trkpt lat="35.15817" lon="-111.72638">
        <ele>2168.0</ele>
      </trkpt>
      <trkpt lat="35.15816" lon="-111.72651">
        <ele>2168.91</ele>
      </trkpt>
      <trkpt lat="35.15815" lon="-111.72664">
        <ele>2169.0</ele>
      </trkpt>
      <trkpt lat="35.15815" lon="-111.72678">
        <ele>2169.98</ele>
      </trkpt>
      <trkpt lat="35.15815" lon="-111.72692">
        <ele>2169.98</ele>
      </trkpt>
      <trkpt lat="35.15816" lon="-111.72705">
        <ele>2169.87</ele>
      </trkpt>
      <trkpt lat="35.15817" lon="-111.72719">
        <ele>2169.76</ele>
      </trkpt>
      <trkpt lat="35.15818" lon="-111.72732">
        <ele>2169.66</ele>
      </trkpt>
      <trkpt lat="35.1582" lon="-111.72747">
        <ele>2169.44</ele>
      </trkpt>
      <trkpt lat="35.15823" lon="-111.72761">
        <ele>2169.12</ele>
      </trkpt>
      <trkpt lat="35.15827" lon="-111.72777">
        <ele>2169.63</ele>
      </trkpt>
      <trkpt lat="35.1583" lon="-111.7279">
        <ele>2169.36</ele>
      </trkpt>
      <trkpt lat="35.15834" lon="-111.72803">
        <ele>2169.67</ele>
      </trkpt>
      <trkpt lat="35.15837" lon="-111.72817">
        <ele>2169.7</ele>
      </trkpt>
      <trkpt lat="35.15841" lon="-111.7283">
        <ele>2170.0</ele>
      </trkpt>
      <trkpt lat="35.15846" lon="-111.72844">
        <ele>2170.0</ele>
      </trkpt>
      <trkpt lat="35.1585" lon="-111.72856">
        <ele>2170.09</ele>
      </trkpt>
      <trkpt lat="35.15855" lon="-111.72869">
        <ele>2170.0</ele>
      </trkpt>
      <trkpt lat="35.15859" lon="-111.72883">
        <ele>2170.08</ele>
      </trkpt>
      <trkpt lat="35.15864" lon="-111.72896">
        <ele>2169.69</ele>
      </trkpt>
      <trkpt lat="35.15868" lon="-111.72909">
        <ele>2169.38</ele>
      </trkpt>
      <trkpt lat="35.15873" lon="-111.72924">
        <ele>2169.72</ele>
      </trkpt>
      <trkpt lat="35.15878" lon="-111.72938">
        <ele>2170.0</ele>
      </trkpt>
      <trkpt lat="35.15882" lon="-111.72953">
        <ele>2169.98</ele>
      </trkpt>
      <trkpt lat="35.15885" lon="-111.72967">
        <ele>2170.44</ele>
      </trkpt>
      <trkpt lat="35.15889" lon="-111.72982">
        <ele>2171.0</ele>
      </trkpt>
      <trkpt lat="35.15891" lon="-111.72995">
        <ele>2171.1</ele>
      </trkpt>
      <trkpt lat="35.15892" lon="-111.73009">
        <ele>2171.98</ele>
      </trkpt>
      <trkpt lat="35.15893" lon="-111.73021">
        <ele>2173.15</ele>
      </trkpt>
      <trkpt lat="35.15892" lon="-111.73035">
        <ele>2173.66</ele>
      </trkpt>
      <trkpt lat="35.15888" lon="-111.73047">
        <ele>2174.1</ele>
      </trkpt>
      <trkpt lat="35.15886" lon="-111.73061">
        <ele>2173.91</ele>
      </trkpt>
      <trkpt lat="35.15883" lon="-111.73075">
        <ele>2173.64</ele>
      </trkpt>
      <trkpt lat="35.15881" lon="-111.73088">
        <ele>2173.85</ele>
      </trkpt>
      <trkpt lat="35.15878" lon="-111.73101">
        <ele>2174.18</ele>
      </trkpt>
      <trkpt lat="35.15876" lon="-111.73114">
        <ele>2174.08</ele>
      </trkpt>
      <trkpt lat="35.15873" lon="-111.73125">
        <ele>2173.72</ele>
      </trkpt>
      <trkpt lat="35.1587" lon="-111.73136">
        <ele>2173.35</ele>
      </trkpt>
      <trkpt lat="35.15868" lon="-111.73148">
        <ele>2173.26</ele>
      </trkpt>
      <trkpt lat="35.15865" lon="-111.7316">
        <ele>2172.88</ele>
      </trkpt>
      <trkpt lat="35.15862" lon="-111.73173">
        <ele>2172.9</ele>
      </trkpt>
      <trkpt lat="35.15859" lon="-111.73186">
        <ele>2172.21</ele>
      </trkpt>
      <trkpt lat="35.15857" lon="-111.73198">
        <ele>2172.0</ele>
      </trkpt>
      <trkpt lat="35.15854" lon="-111.7321">
        <ele>2171.32</ele>
      </trkpt>
      <trkpt lat="35.15852" lon="-111.73222">
        <ele>2171.0</ele>
      </trkpt>
      <trkpt lat="35.15849" lon="-111.73232">
        <ele>2171.0</ele>
      </trkpt>
      <trkpt lat="35.15847" lon="-111.73242">
        <ele>2171.0</ele>
      </trkpt>
      <trkpt lat="35.15844" lon="-111.73252">
        <ele>2171.0</ele>
      </trkpt>
      <trkpt lat="35.15842" lon="-111.7326">
        <ele>2171.0</ele>
      </trkpt>
      <trkpt lat="35.15839" lon="-111.73268">
        <ele>2171.0</ele>
      </trkpt>
      <trkpt lat="35.15836" lon="-111.73275">
        <ele>2171.0</ele>
      </trkpt>
      <trkpt lat="35.15832" lon="-111.73283">
        <ele>2171.48</ele>
      </trkpt>
      <trkpt lat="35.15827" lon="-111.73291">
        <ele>2171.61</ele>
      </trkpt>
      <trkpt lat="35.15824" lon="-111.733">
        <ele>2172.0</ele>
      </trkpt>
      <trkpt lat="35.1582" lon="-111.73308">
        <ele>2172.15</ele>
      </trkpt>
      <trkpt lat="35.15817" lon="-111.73316">
        <ele>2172.33</ele>
      </trkpt>
      <trkpt lat="35.15816" lon="-111.73321">
        <ele>2172.71</ele>
      </trkpt>
      <trkpt lat="35.15814" lon="-111.73324">
        <ele>2172.99</ele>
      </trkpt>
      <trkpt lat="35.15812" lon="-111.73327">
        <ele>2173.0</ele>
      </trkpt>
      <trkpt lat="35.15809" lon="-111.73331">
        <ele>2173.0</ele>
      </trkpt>
      <trkpt lat="35.15807" lon="-111.73336">
        <ele>2173.04</ele>
      </trkpt>
      <trkpt lat="35.15803" lon="-111.73341">
        <ele>2173.0</ele>
      </trkpt>
      <trkpt lat="35.158" lon="-111.73348">
        <ele>2173.23</ele>
      </trkpt>
      <trkpt lat="35.15795" lon="-111.73355">
        <ele>2173.29</ele>
      </trkpt>
      <trkpt lat="35.15791" lon="-111.73364">
        <ele>2173.43</ele>
      </trkpt>
      <trkpt lat="35.15787" lon="-111.73373">
        <ele>2173.28</ele>
      </trkpt>
      <trkpt lat="35.15782" lon="-111.73383">
        <ele>2173.65</ele>
      </trkpt>
      <trkpt lat="35.15778" lon="-111.73395">
        <ele>2174.0</ele>
      </trkpt>
      <trkpt lat="35.15772" lon="-111.73405">
        <ele>2174.0</ele>
      </trkpt>
      <trkpt lat="35.15767" lon="-111.73417">
        <ele>2174.0</ele>
      </trkpt>
      <trkpt lat="35.15761" lon="-111.73428">
        <ele>2174.0</ele>
      </trkpt>
      <trkpt lat="35.15755" lon="-111.7344">
        <ele>2174.0</ele>
      </trkpt>
      <trkpt lat="35.15751" lon="-111.73452">
        <ele>2174.0</ele>
      </trkpt>
      <trkpt lat="35.15745" lon="-111.73466">
        <ele>2174.33</ele>
      </trkpt>
      <trkpt lat="35.15739" lon="-111.73477">
        <ele>2175.0</ele>
      </trkpt>
      <trkpt lat="35.15734" lon="-111.73487">
        <ele>2175.0</ele>
      </trkpt>
      <trkpt lat="35.15729" lon="-111.73497">
        <ele>2175.0</ele>
      </trkpt>
      <trkpt lat="35.15724" lon="-111.73509">
        <ele>2175.97</ele>
      </trkpt>
      <trkpt lat="35.15719" lon="-111.7352">
        <ele>2176.0</ele>
      </trkpt>
      <trkpt lat="35.15715" lon="-111.73534">
        <ele>2176.0</ele>
      </trkpt>
      <trkpt lat="35.15709" lon="-111.73547">
        <ele>2176.08</ele>
      </trkpt>
      <trkpt lat="35.15704" lon="-111.73559">
        <ele>2177.0</ele>
      </trkpt>
      <trkpt lat="35.15699" lon="-111.73574">
        <ele>2177.0</ele>
      </trkpt>
      <trkpt lat="35.15694" lon="-111.73586">
        <ele>2177.0</ele>
      </trkpt>
      <trkpt lat="35.15689" lon="-111.73598">
        <ele>2177.34</ele>
      </trkpt>
      <trkpt lat="35.15684" lon="-111.73611">
        <ele>2178.0</ele>
      </trkpt>
      <trkpt lat="35.1568" lon="-111.73624">
        <ele>2178.0</ele>
      </trkpt>
      <trkpt lat="35.15675" lon="-111.73635">
        <ele>2178.0</ele>
      </trkpt>
      <trkpt lat="35.15671" lon="-111.73646">
        <ele>2178.77</ele>
      </trkpt>
      <trkpt lat="35.15668" lon="-111.73661">
        <ele>2179.0</ele>
      </trkpt>
      <trkpt lat="35.15665" lon="-111.73673">
        <ele>2179.0</ele>
      </trkpt>
      <trkpt lat="35.15658" lon="-111.73689">
        <ele>2179.39</ele>
      </trkpt>
      <trkpt lat="35.15652" lon="-111.73703">
        <ele>2180.0</ele>
      </trkpt>
      <trkpt lat="35.15647" lon="-111.73715">
        <ele>2180.03</ele>
      </trkpt>
      <trkpt lat="35.15643" lon="-111.73727">
        <ele>2180.79</ele>
      </trkpt>
      <trkpt lat="35.15639" lon="-111.73738">
        <ele>2181.0</ele>
      </trkpt>
      <trkpt lat="35.15635" lon="-111.73749">
        <ele>2181.0</ele>
      </trkpt>
      <trkpt lat="35.15632" lon="-111.73755">
        <ele>2181.4</ele>
      </trkpt>
      <trkpt lat="35.1563" lon="-111.73761">
        <ele>2181.96</ele>
      </trkpt>
      <trkpt lat="35.15628" lon="-111.73765">
        <ele>2182.0</ele>
      </trkpt>
      <trkpt lat="35.15627" lon="-111.73769">
        <ele>2182.0</ele>
      </trkpt>
      <trkpt lat="35.15625" lon="-111.73776">
        <ele>2182.0</ele>
      </trkpt>
      <trkpt lat="35.15623" lon="-111.73782">
        <ele>2182.0</ele>
      </trkpt>
      <trkpt lat="35.1562" lon="-111.73788">
        <ele>2182.0</ele>
      </trkpt>
      <trkpt lat="35.15616" lon="-111.73796">
        <ele>2182.0</ele>
      </trkpt>
      <trkpt lat="35.15612" lon="-111.73806">
        <ele>2182.9</ele>
      </trkpt>
      <trkpt lat="35.15606" lon="-111.73818">
        <ele>2183.0</ele>
      </trkpt>
      <trkpt lat="35.15599" lon="-111.73829">
        <ele>2183.0</ele>
      </trkpt>
      <trkpt lat="35.15593" lon="-111.73839">
        <ele>2183.0</ele>
      </trkpt>
      <trkpt lat="35.15586" lon="-111.7385">
        <ele>2183.0</ele>
      </trkpt>
      <trkpt lat="35.15578" lon="-111.7386">
        <ele>2183.58</ele>
      </trkpt>
      <trkpt lat="35.15569" lon="-111.7387">
        <ele>2184.0</ele>
      </trkpt>
      <trkpt lat="35.15559" lon="-111.73881">
        <ele>2185.09</ele>
      </trkpt>
      <trkpt lat="35.15549" lon="-111.73892">
        <ele>2186.24</ele>
      </trkpt>
      <trkpt lat="35.1554" lon="-111.73901">
        <ele>2187.0</ele>
      </trkpt>
      <trkpt lat="35.1553" lon="-111.7391">
        <ele>2187.83</ele>
      </trkpt>
      <trkpt lat="35.15521" lon="-111.73919">
        <ele>2188.0</ele>
      </trkpt>
      <trkpt lat="35.15513" lon="-111.73926">
        <ele>2188.01</ele>
      </trkpt>
      <trkpt lat="35.15505" lon="-111.73933">
        <ele>2188.87</ele>
      </trkpt>
      <trkpt lat="35.15497" lon="-111.73941">
        <ele>2189.2</ele>
      </trkpt>
      <trkpt lat="35.15488" lon="-111.73948">
        <ele>2190.11</ele>
      </trkpt>
      <trkpt lat="35.1548" lon="-111.73954">
        <ele>2191.03</ele>
      </trkpt>
      <trkpt lat="35.15471" lon="-111.7396">
        <ele>2191.68</ele>
      </trkpt>
      <trkpt lat="35.15461" lon="-111.73966">
        <ele>2192.33</ele>
      </trkpt>
      <trkpt lat="35.15452" lon="-111.7397">
        <ele>2192.76</ele>
      </trkpt>
      <trkpt lat="35.15441" lon="-111.73974">
        <ele>2193.56</ele>
      </trkpt>
      <trkpt lat="35.15429" lon="-111.73978">
        <ele>2194.88</ele>
      </trkpt>
      <trkpt lat="35.15418" lon="-111.7398">
        <ele>2195.86</ele>
      </trkpt>
      <trkpt lat="35.15406" lon="-111.73981">
        <ele>2196.95</ele>
      </trkpt>
      <trkpt lat="35.15396" lon="-111.73983">
        <ele>2197.16</ele>
      </trkpt>
      <trkpt lat="35.15385" lon="-111.73984">
        <ele>2197.27</ele>
      </trkpt>
      <trkpt lat="35.15375" lon="-111.73986">
        <ele>2197.49</ele>
      </trkpt>
      <trkpt lat="35.15364" lon="-111.73988">
        <ele>2197.7</ele>
      </trkpt>
      <trkpt lat="35.15354" lon="-111.73991">
        <ele>2198.03</ele>
      </trkpt>
      <trkpt lat="35.15343" lon="-111.73994">
        <ele>2198.35</ele>
      </trkpt>
      <trkpt lat="35.15334" lon="-111.73998">
        <ele>2198.78</ele>
      </trkpt>
      <trkpt lat="35.15322" lon="-111.74003">
        <ele>2199.32</ele>
      </trkpt>
      <trkpt lat="35.15312" lon="-111.74009">
        <ele>2199.97</ele>
      </trkpt>
      <trkpt lat="35.15302" lon="-111.74013">
        <ele>2200.0</ele>
      </trkpt>
      <trkpt lat="35.15291" lon="-111.74016">
        <ele>2200.0</ele>
      </trkpt>
      <trkpt lat="35.15282" lon="-111.74021">
        <ele>2200.81</ele>
      </trkpt>
      <trkpt lat="35.15275" lon="-111.74026">
        <ele>2201.87</ele>
      </trkpt>
      <trkpt lat="35.15267" lon="-111.74032">
        <ele>2202.46</ele>
      </trkpt>
      <trkpt lat="35.1526" lon="-111.74038">
        <ele>2203.1</ele>
      </trkpt>
      <trkpt lat="35.15252" lon="-111.74044">
        <ele>2203.75</ele>
      </trkpt>
      <trkpt lat="35.15244" lon="-111.74051">
        <ele>2203.86</ele>
      </trkpt>
      <trkpt lat="35.15237" lon="-111.74059">
        <ele>2204.37</ele>
      </trkpt>
      <trkpt lat="35.15232" lon="-111.74065">
        <ele>2205.02</ele>
      </trkpt>
      <trkpt lat="35.15227" lon="-111.74069">
        <ele>2204.97</ele>
      </trkpt>
      <trkpt lat="35.15222" lon="-111.74073">
        <ele>2204.86</ele>
      </trkpt>
      <trkpt lat="35.15218" lon="-111.74076">
        <ele>2204.75</ele>
      </trkpt>
      <trkpt lat="35.15214" lon="-111.7408">
        <ele>2204.75</ele>
      </trkpt>
      <trkpt lat="35.1521" lon="-111.74083">
        <ele>2204.66</ele>
      </trkpt>
      <trkpt lat="35.15205" lon="-111.7409">
        <ele>2204.86</ele>
      </trkpt>
      <trkpt lat="35.15199" lon="-111.74097">
        <ele>2205.48</ele>
      </trkpt>
      <trkpt lat="35.15193" lon="-111.74105">
        <ele>2206.24</ele>
      </trkpt>
      <trkpt lat="35.15189" lon="-111.74111">
        <ele>2206.98</ele>
      </trkpt>
      <trkpt lat="35.15186" lon="-111.74116">
        <ele>2207.53</ele>
      </trkpt>
      <trkpt lat="35.15183" lon="-111.7412">
        <ele>2207.49</ele>
      </trkpt>
      <trkpt lat="35.15181" lon="-111.74124">
        <ele>2207.49</ele>
      </trkpt>
      <trkpt lat="35.1518" lon="-111.74129">
        <ele>2207.81</ele>
      </trkpt>
      <trkpt lat="35.15179" lon="-111.74135">
        <ele>2208.24</ele>
      </trkpt>
      <trkpt lat="35.15178" lon="-111.74146">
        <ele>2209.22</ele>
      </trkpt>
      <trkpt lat="35.15177" lon="-111.74152">
        <ele>2209.65</ele>
      </trkpt>
      <trkpt lat="35.15176" lon="-111.74157">
        <ele>2209.97</ele>
      </trkpt>
      <trkpt lat="35.15174" lon="-111.74162">
        <ele>2210.08</ele>
      </trkpt>
      <trkpt lat="35.15172" lon="-111.74168">
        <ele>2210.36</ele>
      </trkpt>
      <trkpt lat="35.1517" lon="-111.74177">
        <ele>2211.55</ele>
      </trkpt>
      <trkpt lat="35.15166" lon="-111.7419">
        <ele>2213.97</ele>
      </trkpt>
      <trkpt lat="35.15163" lon="-111.74202">
        <ele>2215.1</ele>
      </trkpt>
      <trkpt lat="35.1516" lon="-111.74215">
        <ele>2215.78</ele>
      </trkpt>
      <trkpt lat="35.15157" lon="-111.74227">
        <ele>2215.89</ele>
      </trkpt>
      <trkpt lat="35.15154" lon="-111.74238">
        <ele>2215.71</ele>
      </trkpt>
      <trkpt lat="35.15151" lon="-111.74249">
        <ele>2215.54</ele>
      </trkpt>
      <trkpt lat="35.15149" lon="-111.74259">
        <ele>2216.16</ele>
      </trkpt>
      <trkpt lat="35.15146" lon="-111.74269">
        <ele>2217.18</ele>
      </trkpt>
      <trkpt lat="35.15144" lon="-111.74284">
        <ele>2219.85</ele>
      </trkpt>
      <trkpt lat="35.15144" lon="-111.74297">
        <ele>2221.1</ele>
      </trkpt>
      <trkpt lat="35.15143" lon="-111.74307">
        <ele>2220.96</ele>
      </trkpt>
      <trkpt lat="35.15144" lon="-111.74316">
        <ele>2221.71</ele>
      </trkpt>
      <trkpt lat="35.15145" lon="-111.74328">
        <ele>2222.32</ele>
      </trkpt>
      <trkpt lat="35.15145" lon="-111.74342">
        <ele>2222.32</ele>
      </trkpt>
      <trkpt lat="35.15145" lon="-111.74357">
        <ele>2222.32</ele>
      </trkpt>
      <trkpt lat="35.15146" lon="-111.74371">
        <ele>2222.54</ele>
      </trkpt>
      <trkpt lat="35.15146" lon="-111.7439">
        <ele>2222.54</ele>
      </trkpt>
      <trkpt lat="35.15148" lon="-111.74406">
        <ele>2222.97</ele>
      </trkpt>
      <trkpt lat="35.15149" lon="-111.74421">
        <ele>2224.98</ele>
      </trkpt>
      <trkpt lat="35.15151" lon="-111.74437">
        <ele>2227.06</ele>
      </trkpt>
      <trkpt lat="35.15153" lon="-111.74452">
        <ele>2227.52</ele>
      </trkpt>
      <trkpt lat="35.15156" lon="-111.74468">
        <ele>2227.39</ele>
      </trkpt>
      <trkpt lat="35.15158" lon="-111.74482">
        <ele>2227.06</ele>
      </trkpt>
      <trkpt lat="35.1516" lon="-111.74496">
        <ele>2227.28</ele>
      </trkpt>
      <trkpt lat="35.15163" lon="-111.74509">
        <ele>2227.6</ele>
      </trkpt>
      <trkpt lat="35.15165" lon="-111.74523">
        <ele>2227.42</ele>
      </trkpt>
      <trkpt lat="35.15167" lon="-111.74536">
        <ele>2227.04</ele>
      </trkpt>
      <trkpt lat="35.15169" lon="-111.74548">
        <ele>2227.25</ele>
      </trkpt>
      <trkpt lat="35.15172" lon="-111.7456">
        <ele>2227.58</ele>
      </trkpt>
      <trkpt lat="35.15175" lon="-111.74572">
        <ele>2227.12</ele>
      </trkpt>
      <trkpt lat="35.15179" lon="-111.74583">
        <ele>2227.33</ele>
      </trkpt>
      <trkpt lat="35.15183" lon="-111.74593">
        <ele>2227.72</ele>
      </trkpt>
      <trkpt lat="35.15187" lon="-111.74603">
        <ele>2227.2</ele>
      </trkpt>
      <trkpt lat="35.15194" lon="-111.74624">
        <ele>2227.56</ele>
      </trkpt>
      <trkpt lat="35.15199" lon="-111.74636">
        <ele>2227.49</ele>
      </trkpt>
      <trkpt lat="35.15205" lon="-111.74645">
        <ele>2227.48</ele>
      </trkpt>
      <trkpt lat="35.1521" lon="-111.74656">
        <ele>2227.68</ele>
      </trkpt>
      <trkpt lat="35.15217" lon="-111.74669">
        <ele>2227.44</ele>
      </trkpt>
      <trkpt lat="35.15224" lon="-111.7468">
        <ele>2228.19</ele>
      </trkpt>
      <trkpt lat="35.1523" lon="-111.74691">
        <ele>2228.21</ele>
      </trkpt>
      <trkpt lat="35.15237" lon="-111.74702">
        <ele>2228.6</ele>
      </trkpt>
      <trkpt lat="35.15243" lon="-111.74713">
        <ele>2228.49</ele>
      </trkpt>
      <trkpt lat="35.1525" lon="-111.74725">
        <ele>2229.0</ele>
      </trkpt>
      <trkpt lat="35.15257" lon="-111.74737">
        <ele>2229.61</ele>
      </trkpt>
      <trkpt lat="35.15265" lon="-111.7475">
        <ele>2230.24</ele>
      </trkpt>
      <trkpt lat="35.15272" lon="-111.74762">
        <ele>2231.67</ele>
      </trkpt>
      <trkpt lat="35.15278" lon="-111.74773">
        <ele>2233.01</ele>
      </trkpt>
      <trkpt lat="35.15285" lon="-111.74785">
        <ele>2233.0</ele>
      </trkpt>
      <trkpt lat="35.15292" lon="-111.74798">
        <ele>2233.35</ele>
      </trkpt>
      <trkpt lat="35.15297" lon="-111.7481">
        <ele>2233.08</ele>
      </trkpt>
      <trkpt lat="35.15303" lon="-111.74824">
        <ele>2233.72</ele>
      </trkpt>
      <trkpt lat="35.15309" lon="-111.74837">
        <ele>2233.37</ele>
      </trkpt>
      <trkpt lat="35.15315" lon="-111.74852">
        <ele>2233.04</ele>
      </trkpt>
      <trkpt lat="35.1532" lon="-111.74865">
        <ele>2233.56</ele>
      </trkpt>
      <trkpt lat="35.15324" lon="-111.74879">
        <ele>2233.99</ele>
      </trkpt>
      <trkpt lat="35.15329" lon="-111.74895">
        <ele>2233.53</ele>
      </trkpt>
      <trkpt lat="35.15333" lon="-111.7491">
        <ele>2233.96</ele>
      </trkpt>
      <trkpt lat="35.15336" lon="-111.74926">
        <ele>2234.29</ele>
      </trkpt>
      <trkpt lat="35.15339" lon="-111.7494">
        <ele>2234.29</ele>
      </trkpt>
      <trkpt lat="35.15342" lon="-111.74955">
        <ele>2234.0</ele>
      </trkpt>
      <trkpt lat="35.15345" lon="-111.74972">
        <ele>2234.26</ele>
      </trkpt>
      <trkpt lat="35.15349" lon="-111.74987">
        <ele>2235.0</ele>
      </trkpt>
      <trkpt lat="35.15352" lon="-111.75004">
        <ele>2235.44</ele>
      </trkpt>
      <trkpt lat="35.15355" lon="-111.7502">
        <ele>2236.05</ele>
      </trkpt>
      <trkpt lat="35.15358" lon="-111.75036">
        <ele>2236.96</ele>
      </trkpt>
      <trkpt lat="35.15361" lon="-111.75052">
        <ele>2238.0</ele>
      </trkpt>
      <trkpt lat="35.15364" lon="-111.75069">
        <ele>2239.45</ele>
      </trkpt>
      <trkpt lat="35.15367" lon="-111.75084">
        <ele>2240.66</ele>
      </trkpt>
      <trkpt lat="35.15369" lon="-111.75096">
        <ele>2241.37</ele>
      </trkpt>
      <trkpt lat="35.1537" lon="-111.75109">
        <ele>2242.0</ele>
      </trkpt>
      <trkpt lat="35.15373" lon="-111.75123">
        <ele>2243.0</ele>
      </trkpt>
      <trkpt lat="35.15375" lon="-111.75138">
        <ele>2243.9</ele>
      </trkpt>
      <trkpt lat="35.15378" lon="-111.75154">
        <ele>2244.0</ele>
      </trkpt>
      <trkpt lat="35.15382" lon="-111.75167">
        <ele>2244.0</ele>
      </trkpt>
      <trkpt lat="35.15386" lon="-111.7518">
        <ele>2244.0</ele>
      </trkpt>
      <trkpt lat="35.15389" lon="-111.75191">
        <ele>2244.0</ele>
      </trkpt>
      <trkpt lat="35.15393" lon="-111.75201">
        <ele>2244.0</ele>
      </trkpt>
      <trkpt lat="35.15396" lon="-111.75209">
        <ele>2244.0</ele>
      </trkpt>
      <trkpt lat="35.15399" lon="-111.75218">
        <ele>2244.0</ele>
      </trkpt>
      <trkpt lat="35.15402" lon="-111.75225">
        <ele>2244.0</ele>
      </trkpt>
      <trkpt lat="35.15404" lon="-111.75232">
        <ele>2244.0</ele>
      </trkpt>
      <trkpt lat="35.15407" lon="-111.7524">
        <ele>2244.0</ele>
      </trkpt>
      <trkpt lat="35.1541" lon="-111.75248">
        <ele>2244.0</ele>
      </trkpt>
      <trkpt lat="35.15413" lon="-111.75258">
        <ele>2244.0</ele>
      </trkpt>
      <trkpt lat="35.15416" lon="-111.75267">
        <ele>2244.0</ele>
      </trkpt>
      <trkpt lat="35.15419" lon="-111.75276">
        <ele>2244.0</ele>
      </trkpt>
      <trkpt lat="35.15421" lon="-111.75284">
        <ele>2244.0</ele>
      </trkpt>
      <trkpt lat="35.15424" lon="-111.7529">
        <ele>2244.0</ele>
      </trkpt>
      <trkpt lat="35.15426" lon="-111.75295">
        <ele>2244.0</ele>
      </trkpt>
      <trkpt lat="35.15429" lon="-111.753">
        <ele>2244.0</ele>
      </trkpt>
      <trkpt lat="35.15431" lon="-111.75305">
        <ele>2244.0</ele>
      </trkpt>
      <trkpt lat="35.15433" lon="-111.75311">
        <ele>2244.0</ele>
      </trkpt>
      <trkpt lat="35.15436" lon="-111.75318">
        <ele>2244.0</ele>
      </trkpt>
      <trkpt lat="35.1544" lon="-111.75329">
        <ele>2243.74</ele>
      </trkpt>
      <trkpt lat="35.15443" lon="-111.75339">
        <ele>2243.33</ele>
      </trkpt>
      <trkpt lat="35.15447" lon="-111.75348">
        <ele>2243.28</ele>
      </trkpt>
      <trkpt lat="35.1545" lon="-111.75357">
        <ele>2243.27</ele>
      </trkpt>
      <trkpt lat="35.15453" lon="-111.75367">
        <ele>2243.0</ele>
      </trkpt>
      <trkpt lat="35.15457" lon="-111.75377">
        <ele>2243.1</ele>
      </trkpt>
      <trkpt lat="35.15461" lon="-111.75388">
        <ele>2243.0</ele>
      </trkpt>
      <trkpt lat="35.15464" lon="-111.75399">
        <ele>2243.0</ele>
      </trkpt>
      <trkpt lat="35.15468" lon="-111.75408">
        <ele>2243.0</ele>
      </trkpt>
      <trkpt lat="35.15471" lon="-111.75417">
        <ele>2243.0</ele>
      </trkpt>
      <trkpt lat="35.15475" lon="-111.75427">
        <ele>2243.0</ele>
      </trkpt>
      <trkpt lat="35.15479" lon="-111.75437">
        <ele>2243.0</ele>
      </trkpt>
      <trkpt lat="35.15483" lon="-111.75448">
        <ele>2243.0</ele>
      </trkpt>
      <trkpt lat="35.15487" lon="-111.75459">
        <ele>2243.0</ele>
      </trkpt>
      <trkpt lat="35.15491" lon="-111.7547">
        <ele>2243.0</ele>
      </trkpt>
      <trkpt lat="35.15496" lon="-111.75481">
        <ele>2243.0</ele>
      </trkpt>
      <trkpt lat="35.155" lon="-111.7549">
        <ele>2243.0</ele>
      </trkpt>
      <trkpt lat="35.15504" lon="-111.75502">
        <ele>2242.88</ele>
      </trkpt>
      <trkpt lat="35.15508" lon="-111.75514">
        <ele>2242.86</ele>
      </trkpt>
      <trkpt lat="35.15514" lon="-111.75527">
        <ele>2242.55</ele>
      </trkpt>
      <trkpt lat="35.15519" lon="-111.75539">
        <ele>2242.8</ele>
      </trkpt>
      <trkpt lat="35.15523" lon="-111.75552">
        <ele>2242.48</ele>
      </trkpt>
      <trkpt lat="35.15528" lon="-111.75565">
        <ele>2242.02</ele>
      </trkpt>
      <trkpt lat="35.15533" lon="-111.75578">
        <ele>2242.32</ele>
      </trkpt>
      <trkpt lat="35.15538" lon="-111.75591">
        <ele>2242.1</ele>
      </trkpt>
      <trkpt lat="35.15544" lon="-111.75605">
        <ele>2242.5</ele>
      </trkpt>
      <trkpt lat="35.15549" lon="-111.75619">
        <ele>2242.29</ele>
      </trkpt>
      <trkpt lat="35.15554" lon="-111.75635">
        <ele>2241.9</ele>
      </trkpt>
      <trkpt lat="35.1556" lon="-111.75651">
        <ele>2241.84</ele>
      </trkpt>
      <trkpt lat="35.15566" lon="-111.75665">
        <ele>2242.02</ele>
      </trkpt>
      <trkpt lat="35.15572" lon="-111.75678">
        <ele>2241.78</ele>
      </trkpt>
      <trkpt lat="35.15576" lon="-111.75693">
        <ele>2242.03</ele>
      </trkpt>
      <trkpt lat="35.15582" lon="-111.75707">
        <ele>2241.86</ele>
      </trkpt>
      <trkpt lat="35.15586" lon="-111.75721">
        <ele>2242.29</ele>
      </trkpt>
      <trkpt lat="35.15592" lon="-111.75737">
        <ele>2241.94</ele>
      </trkpt>
      <trkpt lat="35.15597" lon="-111.7575">
        <ele>2241.48</ele>
      </trkpt>
      <trkpt lat="35.15602" lon="-111.75765">
        <ele>2242.02</ele>
      </trkpt>
      <trkpt lat="35.15608" lon="-111.7578">
        <ele>2241.66</ele>
      </trkpt>
      <trkpt lat="35.15613" lon="-111.75793">
        <ele>2242.2</ele>
      </trkpt>
      <trkpt lat="35.15617" lon="-111.75805">
        <ele>2241.7</ele>
      </trkpt>
      <trkpt lat="35.1562" lon="-111.75817">
        <ele>2241.72</ele>
      </trkpt>
      <trkpt lat="35.15623" lon="-111.7583">
        <ele>2241.28</ele>
      </trkpt>
      <trkpt lat="35.15627" lon="-111.75843">
        <ele>2240.72</ele>
      </trkpt>
      <trkpt lat="35.15631" lon="-111.75856">
        <ele>2241.15</ele>
      </trkpt>
      <trkpt lat="35.15636" lon="-111.75869">
        <ele>2241.42</ele>
      </trkpt>
      <trkpt lat="35.15639" lon="-111.75882">
        <ele>2241.01</ele>
      </trkpt>
      <trkpt lat="35.15643" lon="-111.75896">
        <ele>2240.68</ele>
      </trkpt>
      <trkpt lat="35.15647" lon="-111.75909">
        <ele>2240.73</ele>
      </trkpt>
      <trkpt lat="35.15651" lon="-111.75922">
        <ele>2240.44</ele>
      </trkpt>
      <trkpt lat="35.15655" lon="-111.75934">
        <ele>2239.87</ele>
      </trkpt>
      <trkpt lat="35.15658" lon="-111.75945">
        <ele>2240.0</ele>
      </trkpt>
      <trkpt lat="35.15661" lon="-111.75955">
        <ele>2239.39</ele>
      </trkpt>
      <trkpt lat="35.15663" lon="-111.75959">
        <ele>2239.6</ele>
      </trkpt>
      <trkpt lat="35.15664" lon="-111.75965">
        <ele>2239.49</ele>
      </trkpt>
      <trkpt lat="35.15666" lon="-111.75969">
        <ele>2239.28</ele>
      </trkpt>
      <trkpt lat="35.15667" lon="-111.75974">
        <ele>2238.81</ele>
      </trkpt>
      <trkpt lat="35.15669" lon="-111.75979">
        <ele>2238.27</ele>
      </trkpt>
      <trkpt lat="35.1567" lon="-111.75985">
        <ele>2237.38</ele>
      </trkpt>
      <trkpt lat="35.15672" lon="-111.7599">
        <ele>2236.69</ele>
      </trkpt>
      <trkpt lat="35.15674" lon="-111.75997">
        <ele>2236.12</ele>
      </trkpt>
      <trkpt lat="35.15676" lon="-111.76003">
        <ele>2235.69</ele>
      </trkpt>
      <trkpt lat="35.15677" lon="-111.7601">
        <ele>2235.22</ele>
      </trkpt>
      <trkpt lat="35.1568" lon="-111.76017">
        <ele>2235.51</ele>
      </trkpt>
      <trkpt lat="35.15682" lon="-111.76024">
        <ele>2235.06</ele>
      </trkpt>
      <trkpt lat="35.15684" lon="-111.76031">
        <ele>2234.52</ele>
      </trkpt>
      <trkpt lat="35.15686" lon="-111.76038">
        <ele>2234.07</ele>
      </trkpt>
      <trkpt lat="35.15689" lon="-111.76045">
        <ele>2233.96</ele>
      </trkpt>
      <trkpt lat="35.15692" lon="-111.76053">
        <ele>2233.94</ele>
      </trkpt>
      <trkpt lat="35.15695" lon="-111.7606">
        <ele>2234.09</ele>
      </trkpt>
      <trkpt lat="35.15698" lon="-111.76067">
        <ele>2234.24</ele>
      </trkpt>
      <trkpt lat="35.157" lon="-111.76075">
        <ele>2234.14</ele>
      </trkpt>
      <trkpt lat="35.15702" lon="-111.76082">
        <ele>2233.93</ele>
      </trkpt>
      <trkpt lat="35.15704" lon="-111.7609">
        <ele>2233.31</ele>
      </trkpt>
      <trkpt lat="35.15706" lon="-111.76097">
        <ele>2233.25</ele>
      </trkpt>
      <trkpt lat="35.15708" lon="-111.76105">
        <ele>2233.12</ele>
      </trkpt>
      <trkpt lat="35.15711" lon="-111.76113">
        <ele>2232.79</ele>
      </trkpt>
      <trkpt lat="35.15713" lon="-111.7612">
        <ele>2233.0</ele>
      </trkpt>
      <trkpt lat="35.15715" lon="-111.76128">
        <ele>2233.22</ele>
      </trkpt>
      <trkpt lat="35.15717" lon="-111.76136">
        <ele>2232.75</ele>
      </trkpt>
      <trkpt lat="35.1572" lon="-111.76146">
        <ele>2232.76</ele>
      </trkpt>
      <trkpt lat="35.15725" lon="-111.76153">
        <ele>2233.0</ele>
      </trkpt>
      <trkpt lat="35.15728" lon="-111.76162">
        <ele>2232.5</ele>
      </trkpt>
      <trkpt lat="35.15731" lon="-111.76172">
        <ele>2231.42</ele>
      </trkpt>
      <trkpt lat="35.15734" lon="-111.76181">
        <ele>2231.12</ele>
      </trkpt>
      <trkpt lat="35.15737" lon="-111.7619">
        <ele>2230.48</ele>
      </trkpt>
      <trkpt lat="35.1574" lon="-111.762">
        <ele>2230.0</ele>
      </trkpt>
      <trkpt lat="35.15743" lon="-111.76211">
        <ele>2230.05</ele>
      </trkpt>
      <trkpt lat="35.15745" lon="-111.76222">
        <ele>2229.47</ele>
      </trkpt>
      <trkpt lat="35.15748" lon="-111.76232">
        <ele>2229.0</ele>
      </trkpt>
      <trkpt lat="35.1575" lon="-111.76242">
        <ele>2229.0</ele>
      </trkpt>
      <trkpt lat="35.15752" lon="-111.76251">
        <ele>2228.92</ele>
      </trkpt>
      <trkpt lat="35.15754" lon="-111.76262">
        <ele>2228.43</ele>
      </trkpt>
      <trkpt lat="35.15756" lon="-111.76272">
        <ele>2228.65</ele>
      </trkpt>
      <trkpt lat="35.15759" lon="-111.76282">
        <ele>2228.53</ele>
      </trkpt>
      <trkpt lat="35.15761" lon="-111.76294">
        <ele>2228.19</ele>
      </trkpt>
      <trkpt lat="35.15763" lon="-111.76306">
        <ele>2228.38</ele>
      </trkpt>
      <trkpt lat="35.15765" lon="-111.76316">
        <ele>2228.0</ele>
      </trkpt>
      <trkpt lat="35.15767" lon="-111.76326">
        <ele>2227.97</ele>
      </trkpt>
      <trkpt lat="35.15769" lon="-111.76336">
        <ele>2228.05</ele>
      </trkpt>
      <trkpt lat="35.1577" lon="-111.76345">
        <ele>2228.16</ele>
      </trkpt>
      <trkpt lat="35.15771" lon="-111.76354">
        <ele>2228.21</ele>
      </trkpt>
      <trkpt lat="35.15772" lon="-111.76364">
        <ele>2227.81</ele>
      </trkpt>
      <trkpt lat="35.15772" lon="-111.76373">
        <ele>2227.38</ele>
      </trkpt>
      <trkpt lat="35.15772" lon="-111.76381">
        <ele>2227.38</ele>
      </trkpt>
      <trkpt lat="35.15772" lon="-111.76389">
        <ele>2227.38</ele>
      </trkpt>
      <trkpt lat="35.15772" lon="-111.76397">
        <ele>2227.38</ele>
      </trkpt>
      <trkpt lat="35.15772" lon="-111.76404">
        <ele>2227.38</ele>
      </trkpt>
      <trkpt lat="35.15772" lon="-111.76413">
        <ele>2227.38</ele>
      </trkpt>
      <trkpt lat="35.15771" lon="-111.76421">
        <ele>2227.27</ele>
      </trkpt>
      <trkpt lat="35.15771" lon="-111.7643">
        <ele>2227.27</ele>
      </trkpt>
      <trkpt lat="35.15772" lon="-111.76437">
        <ele>2227.38</ele>
      </trkpt>
      <trkpt lat="35.15772" lon="-111.76442">
        <ele>2227.38</ele>
      </trkpt>
      <trkpt lat="35.15772" lon="-111.76447">
        <ele>2227.38</ele>
      </trkpt>
      <trkpt lat="35.15772" lon="-111.7645">
        <ele>2227.38</ele>
      </trkpt>
      <trkpt lat="35.15773" lon="-111.76454">
        <ele>2227.48</ele>
      </trkpt>
      <trkpt lat="35.15766" lon="-111.76479">
        <ele>2226.73</ele>
      </trkpt>
      <trkpt lat="35.15762" lon="-111.765">
        <ele>2226.3</ele>
      </trkpt>
      <trkpt lat="35.15759" lon="-111.76524">
        <ele>2225.97</ele>
      </trkpt>
      <trkpt lat="35.15751" lon="-111.76547">
        <ele>2224.11</ele>
      </trkpt>
      <trkpt lat="35.15743" lon="-111.76565">
        <ele>2223.98</ele>
      </trkpt>
      <trkpt lat="35.15733" lon="-111.76585">
        <ele>2223.0</ele>
      </trkpt>
      <trkpt lat="35.15727" lon="-111.76609">
        <ele>2222.0</ele>
      </trkpt>
      <trkpt lat="35.15717" lon="-111.76618">
        <ele>2221.58</ele>
      </trkpt>
      <trkpt lat="35.15701" lon="-111.76624">
        <ele>2221.61</ele>
      </trkpt>
      <trkpt lat="35.15691" lon="-111.76636">
        <ele>2221.37</ele>
      </trkpt>
      <trkpt lat="35.15674" lon="-111.76644">
        <ele>2222.56</ele>
      </trkpt>
      <trkpt lat="35.15666" lon="-111.76649">
        <ele>2223.07</ele>
      </trkpt>
      <trkpt lat="35.15658" lon="-111.76657">
        <ele>2223.94</ele>
      </trkpt>
      <trkpt lat="35.15652" lon="-111.76669">
        <ele>2223.58</ele>
      </trkpt>
      <trkpt lat="35.15646" lon="-111.76687">
        <ele>2223.23</ele>
      </trkpt>
      <trkpt lat="35.15648" lon="-111.76704">
        <ele>2223.02</ele>
      </trkpt>
      <trkpt lat="35.15648" lon="-111.7672">
        <ele>2223.0</ele>
      </trkpt>
      <trkpt lat="35.15648" lon="-111.76736">
        <ele>2222.52</ele>
      </trkpt>
      <trkpt lat="35.15649" lon="-111.76751">
        <ele>2221.91</ele>
      </trkpt>
      <trkpt lat="35.15649" lon="-111.76768">
        <ele>2221.91</ele>
      </trkpt>
      <trkpt lat="35.15649" lon="-111.76781">
        <ele>2220.97</ele>
      </trkpt>
      <trkpt lat="35.15648" lon="-111.76793">
        <ele>2221.02</ele>
      </trkpt>
      <trkpt lat="35.15648" lon="-111.76804">
        <ele>2221.02</ele>
      </trkpt>
      <trkpt lat="35.15646" lon="-111.76814">
        <ele>2220.32</ele>
      </trkpt>
      <trkpt lat="35.15644" lon="-111.76824">
        <ele>2220.45</ele>
      </trkpt>
      <trkpt lat="35.1564" lon="-111.76832">
        <ele>2220.88</ele>
      </trkpt>
      <trkpt lat="35.15636" lon="-111.76841">
        <ele>2220.43</ele>
      </trkpt>
      <trkpt lat="35.15631" lon="-111.7685">
        <ele>2220.85</ele>
      </trkpt>
      <trkpt lat="35.15622" lon="-111.7686">
        <ele>2220.94</ele>
      </trkpt>
      <trkpt lat="35.15615" lon="-111.76867">
        <ele>2221.21</ele>
      </trkpt>
      <trkpt lat="35.15607" lon="-111.76873">
        <ele>2221.32</ele>
      </trkpt>
      <trkpt lat="35.15599" lon="-111.76878">
        <ele>2221.43</ele>
      </trkpt>
      <trkpt lat="35.15589" lon="-111.76883">
        <ele>2221.64</ele>
      </trkpt>
      <trkpt lat="35.15577" lon="-111.76886">
        <ele>2221.31</ele>
      </trkpt>
      <trkpt lat="35.15567" lon="-111.7689">
        <ele>2221.67</ele>
      </trkpt>
      <trkpt lat="35.15556" lon="-111.76892">
        <ele>2221.66</ele>
      </trkpt>
      <trkpt lat="35.15544" lon="-111.76895">
        <ele>2221.34</ele>
      </trkpt>
      <trkpt lat="35.15532" lon="-111.76896">
        <ele>2221.23</ele>
      </trkpt>
      <trkpt lat="35.15518" lon="-111.76896">
        <ele>2220.96</ele>
      </trkpt>
      <trkpt lat="35.15504" lon="-111.76896">
        <ele>2220.23</ele>
      </trkpt>
      <trkpt lat="35.15491" lon="-111.76896">
        <ele>2220.01</ele>
      </trkpt>
      <trkpt lat="35.15478" lon="-111.76894">
        <ele>2219.0</ele>
      </trkpt>
      <trkpt lat="35.15464" lon="-111.76893">
        <ele>2219.0</ele>
      </trkpt>
      <trkpt lat="35.15452" lon="-111.76889">
        <ele>2218.81</ele>
      </trkpt>
      <trkpt lat="35.15441" lon="-111.76886">
        <ele>2218.31</ele>
      </trkpt>
      <trkpt lat="35.1543" lon="-111.76882">
        <ele>2218.33</ele>
      </trkpt>
      <trkpt lat="35.15418" lon="-111.76879">
        <ele>2218.07</ele>
      </trkpt>
      <trkpt lat="35.15408" lon="-111.76876">
        <ele>2218.03</ele>
      </trkpt>
      <trkpt lat="35.15398" lon="-111.76872">
        <ele>2218.0</ele>
      </trkpt>
      <trkpt lat="35.15387" lon="-111.76868">
        <ele>2218.0</ele>
      </trkpt>
      <trkpt lat="35.15376" lon="-111.76865">
        <ele>2218.0</ele>
      </trkpt>
      <trkpt lat="35.15364" lon="-111.76864">
        <ele>2218.0</ele>
      </trkpt>
      <trkpt lat="35.1535" lon="-111.76864">
        <ele>2218.0</ele>
      </trkpt>
      <trkpt lat="35.15338" lon="-111.76863">
        <ele>2218.0</ele>
      </trkpt>
      <trkpt lat="35.15327" lon="-111.76863">
        <ele>2218.0</ele>
      </trkpt>
      <trkpt lat="35.15315" lon="-111.76864">
        <ele>2218.67</ele>
      </trkpt>
      <trkpt lat="35.15304" lon="-111.76864">
        <ele>2218.69</ele>
      </trkpt>
      <trkpt lat="35.15292" lon="-111.76865">
        <ele>2218.58</ele>
      </trkpt>
      <trkpt lat="35.15282" lon="-111.76867">
        <ele>2218.36</ele>
      </trkpt>
      <trkpt lat="35.15271" lon="-111.7687">
        <ele>2218.04</ele>
      </trkpt>
      <trkpt lat="35.15258" lon="-111.76876">
        <ele>2218.0</ele>
      </trkpt>
      <trkpt lat="35.15245" lon="-111.76883">
        <ele>2218.0</ele>
      </trkpt>
      <trkpt lat="35.15233" lon="-111.7689">
        <ele>2217.88</ele>
      </trkpt>
      <trkpt lat="35.15221" lon="-111.76899">
        <ele>2217.0</ele>
      </trkpt>
      <trkpt lat="35.15209" lon="-111.76908">
        <ele>2217.0</ele>
      </trkpt>
      <trkpt lat="35.15197" lon="-111.7692">
        <ele>2216.64</ele>
      </trkpt>
      <trkpt lat="35.15187" lon="-111.76931">
        <ele>2216.0</ele>
      </trkpt>
      <trkpt lat="35.15176" lon="-111.76942">
        <ele>2216.0</ele>
      </trkpt>
      <trkpt lat="35.15163" lon="-111.76953">
        <ele>2215.08</ele>
      </trkpt>
      <trkpt lat="35.15151" lon="-111.76964">
        <ele>2215.0</ele>
      </trkpt>
      <trkpt lat="35.15139" lon="-111.76976">
        <ele>2215.0</ele>
      </trkpt>
      <trkpt lat="35.15127" lon="-111.76988">
        <ele>2215.0</ele>
      </trkpt>
      <trkpt lat="35.15114" lon="-111.76999">
        <ele>2215.0</ele>
      </trkpt>
      <trkpt lat="35.15103" lon="-111.77008">
        <ele>2215.12</ele>
      </trkpt>
      <trkpt lat="35.15092" lon="-111.77017">
        <ele>2215.22</ele>
      </trkpt>
      <trkpt lat="35.15081" lon="-111.77028">
        <ele>2215.25</ele>
      </trkpt>
      <trkpt lat="35.1507" lon="-111.77038">
        <ele>2215.39</ele>
      </trkpt>
      <trkpt lat="35.15059" lon="-111.77047">
        <ele>2215.58</ele>
      </trkpt>
      <trkpt lat="35.15048" lon="-111.77057">
        <ele>2215.69</ele>
      </trkpt>
      <trkpt lat="35.15037" lon="-111.77066">
        <ele>2215.87</ele>
      </trkpt>
      <trkpt lat="35.15026" lon="-111.77075">
        <ele>2215.92</ele>
      </trkpt>
      <trkpt lat="35.15015" lon="-111.77084">
        <ele>2215.93</ele>
      </trkpt>
      <trkpt lat="35.15004" lon="-111.77093">
        <ele>2215.54</ele>
      </trkpt>
      <trkpt lat="35.14994" lon="-111.77103">
        <ele>2215.57</ele>
      </trkpt>
      <trkpt lat="35.14983" lon="-111.77114">
        <ele>2215.58</ele>
      </trkpt>
      <trkpt lat="35.14974" lon="-111.77124">
        <ele>2215.49</ele>
      </trkpt>
      <trkpt lat="35.14964" lon="-111.77133">
        <ele>2215.56</ele>
      </trkpt>
      <trkpt lat="35.14952" lon="-111.77142">
        <ele>2215.66</ele>
      </trkpt>
      <trkpt lat="35.14941" lon="-111.77151">
        <ele>2215.26</ele>
      </trkpt>
      <trkpt lat="35.1493" lon="-111.77161">
        <ele>2215.34</ele>
      </trkpt>
      <trkpt lat="35.14919" lon="-111.7717">
        <ele>2215.0</ele>
      </trkpt>
      <trkpt lat="35.14909" lon="-111.7718">
        <ele>2215.0</ele>
      </trkpt>
      <trkpt lat="35.14899" lon="-111.77189">
        <ele>2215.0</ele>
      </trkpt>
      <trkpt lat="35.14888" lon="-111.77197">
        <ele>2215.75</ele>
      </trkpt>
      <trkpt lat="35.14877" lon="-111.77207">
        <ele>2215.75</ele>
      </trkpt>
      <trkpt lat="35.14865" lon="-111.77218">
        <ele>2215.77</ele>
      </trkpt>
      <trkpt lat="35.14856" lon="-111.77227">
        <ele>2216.0</ele>
      </trkpt>
      <trkpt lat="35.14844" lon="-111.77236">
        <ele>2216.0</ele>
      </trkpt>
      <trkpt lat="35.14835" lon="-111.77244">
        <ele>2216.0</ele>
      </trkpt>
      <trkpt lat="35.14825" lon="-111.77252">
        <ele>2216.0</ele>
      </trkpt>
      <trkpt lat="35.14816" lon="-111.77261">
        <ele>2216.0</ele>
      </trkpt>
      <trkpt lat="35.14805" lon="-111.7727">
        <ele>2216.85</ele>
      </trkpt>
      <trkpt lat="35.14796" lon="-111.77278">
        <ele>2217.01</ele>
      </trkpt>
      <trkpt lat="35.14786" lon="-111.77287">
        <ele>2217.12</ele>
      </trkpt>
      <trkpt lat="35.14778" lon="-111.77294">
        <ele>2217.22</ele>
      </trkpt>
      <trkpt lat="35.14771" lon="-111.77301">
        <ele>2217.22</ele>
      </trkpt>
      <trkpt lat="35.14764" lon="-111.77307">
        <ele>2217.33</ele>
      </trkpt>
      <trkpt lat="35.14755" lon="-111.77314">
        <ele>2217.55</ele>
      </trkpt>
      <trkpt lat="35.14746" lon="-111.77321">
        <ele>2217.76</ele>
      </trkpt>
      <trkpt lat="35.14737" lon="-111.7733">
        <ele>2217.76</ele>
      </trkpt>
      <trkpt lat="35.14729" lon="-111.7734">
        <ele>2218.27</ele>
      </trkpt>
      <trkpt lat="35.14721" lon="-111.77351">
        <ele>2218.22</ele>
      </trkpt>
      <trkpt lat="35.14715" lon="-111.77361">
        <ele>2218.78</ele>
      </trkpt>
      <trkpt lat="35.1471" lon="-111.77372">
        <ele>2218.26</ele>
      </trkpt>
      <trkpt lat="35.14708" lon="-111.77385">
        <ele>2217.73</ele>
      </trkpt>
      <trkpt lat="35.14707" lon="-111.77399">
        <ele>2217.64</ele>
      </trkpt>
      <trkpt lat="35.14707" lon="-111.77414">
        <ele>2217.39</ele>
      </trkpt>
      <trkpt lat="35.14708" lon="-111.77427">
        <ele>2217.07</ele>
      </trkpt>
      <trkpt lat="35.14712" lon="-111.7744">
        <ele>2216.21</ele>
      </trkpt>
      <trkpt lat="35.14713" lon="-111.77453">
        <ele>2215.99</ele>
      </trkpt>
      <trkpt lat="35.14714" lon="-111.77466">
        <ele>2215.48</ele>
      </trkpt>
      <trkpt lat="35.14715" lon="-111.77483">
        <ele>2215.56</ele>
      </trkpt>
      <trkpt lat="35.14715" lon="-111.775">
        <ele>2215.56</ele>
      </trkpt>
      <trkpt lat="35.14716" lon="-111.77515">
        <ele>2215.34</ele>
      </trkpt>
      <trkpt lat="35.14717" lon="-111.77528">
        <ele>2215.11</ele>
      </trkpt>
      <trkpt lat="35.14717" lon="-111.7754">
        <ele>2214.56</ele>
      </trkpt>
      <trkpt lat="35.14717" lon="-111.77551">
        <ele>2214.56</ele>
      </trkpt>
      <trkpt lat="35.14717" lon="-111.77563">
        <ele>2214.56</ele>
      </trkpt>
      <trkpt lat="35.14717" lon="-111.77574">
        <ele>2214.0</ele>
      </trkpt>
      <trkpt lat="35.14715" lon="-111.77585">
        <ele>2214.0</ele>
      </trkpt>
      <trkpt lat="35.14713" lon="-111.77593">
        <ele>2214.0</ele>
      </trkpt>
      <trkpt lat="35.14712" lon="-111.77601">
        <ele>2214.0</ele>
      </trkpt>
      <trkpt lat="35.14708" lon="-111.77608">
        <ele>2214.0</ele>
      </trkpt>
      <trkpt lat="35.14702" lon="-111.77616">
        <ele>2214.0</ele>
      </trkpt>
      <trkpt lat="35.14697" lon="-111.7762">
        <ele>2214.0</ele>
      </trkpt>
      <trkpt lat="35.14694" lon="-111.77617">
        <ele>2214.02</ele>
      </trkpt>
      <trkpt lat="35.14692" lon="-111.77614">
        <ele>2214.18</ele>
      </trkpt>
      <trkpt lat="35.14697" lon="-111.77615">
        <ele>2214.0</ele>
      </trkpt>
      <trkpt lat="35.14702" lon="-111.77618">
        <ele>2214.0</ele>
      </trkpt>
      <trkpt lat="35.14708" lon="-111.7762">
        <ele>2214.0</ele>
      </trkpt>
      <trkpt lat="35.14714" lon="-111.77624">
        <ele>2214.0</ele>
      </trkpt>
      <trkpt lat="35.1472" lon="-111.7763">
        <ele>2214.0</ele>
      </trkpt>
      <trkpt lat="35.14726" lon="-111.77635">
        <ele>2214.0</ele>
      </trkpt>
      <trkpt lat="35.14731" lon="-111.77639">
        <ele>2214.0</ele>
      </trkpt>
      <trkpt lat="35.14733" lon="-111.77644">
        <ele>2214.0</ele>
      </trkpt>
      <trkpt lat="35.14735" lon="-111.7765">
        <ele>2214.0</ele>
      </trkpt>
      <trkpt lat="35.14735" lon="-111.77656">
        <ele>2214.0</ele>
      </trkpt>
      <trkpt lat="35.14727" lon="-111.7766">
        <ele>2214.0</ele>
      </trkpt>
      <trkpt lat="35.14719" lon="-111.77668">
        <ele>2214.0</ele>
      </trkpt>
      <trkpt lat="35.14713" lon="-111.77673">
        <ele>2214.0</ele>
      </trkpt>
      <trkpt lat="35.14705" lon="-111.77676">
        <ele>2214.0</ele>
      </trkpt>
      <trkpt lat="35.1469" lon="-111.77678">
        <ele>2214.0</ele>
      </trkpt>
      <trkpt lat="35.14674" lon="-111.77678">
        <ele>2214.0</ele>
      </trkpt>
      <trkpt lat="35.14655" lon="-111.77678">
        <ele>2214.0</ele>
      </trkpt>
      <trkpt lat="35.14633" lon="-111.77678">
        <ele>2214.0</ele>
      </trkpt>
      <trkpt lat="35.14613" lon="-111.77677">
        <ele>2214.0</ele>
      </trkpt>
      <trkpt lat="35.14596" lon="-111.77677">
        <ele>2214.56</ele>
      </trkpt>
      <trkpt lat="35.1458" lon="-111.77678">
        <ele>2215.14</ele>
      </trkpt>
      <trkpt lat="35.14566" lon="-111.77679">
        <ele>2215.67</ele>
      </trkpt>
      <trkpt lat="35.14449" lon="-111.77718">
        <ele>2215.96</ele>
      </trkpt>
      <trkpt lat="35.14441" lon="-111.77725">
        <ele>2216.07</ele>
      </trkpt>
      <trkpt lat="35.14434" lon="-111.77733">
        <ele>2215.96</ele>
      </trkpt>
      <trkpt lat="35.14429" lon="-111.77743">
        <ele>2215.42</ele>
      </trkpt>
      <trkpt lat="35.14422" lon="-111.77752">
        <ele>2215.21</ele>
      </trkpt>
      <trkpt lat="35.14415" lon="-111.77762">
        <ele>2214.88</ele>
      </trkpt>
      <trkpt lat="35.14408" lon="-111.77772">
        <ele>2214.94</ele>
      </trkpt>
      <trkpt lat="35.14402" lon="-111.77782">
        <ele>2214.81</ele>
      </trkpt>
      <trkpt lat="35.14396" lon="-111.77791">
        <ele>2214.8</ele>
      </trkpt>
      <trkpt lat="35.1439" lon="-111.778">
        <ele>2214.88</ele>
      </trkpt>
      <trkpt lat="35.14384" lon="-111.7781">
        <ele>2215.05</ele>
      </trkpt>
      <trkpt lat="35.14377" lon="-111.77821">
        <ele>2214.62</ele>
      </trkpt>
      <trkpt lat="35.14371" lon="-111.77832">
        <ele>2214.93</ele>
      </trkpt>
      <trkpt lat="35.14363" lon="-111.77844">
        <ele>2214.68</ele>
      </trkpt>
      <trkpt lat="35.14356" lon="-111.77856">
        <ele>2214.0</ele>
      </trkpt>
      <trkpt lat="35.14349" lon="-111.77868">
        <ele>2214.0</ele>
      </trkpt>
      <trkpt lat="35.14342" lon="-111.7788">
        <ele>2214.0</ele>
      </trkpt>
      <trkpt lat="35.14334" lon="-111.77894">
        <ele>2214.0</ele>
      </trkpt>
      <trkpt lat="35.14327" lon="-111.77906">
        <ele>2214.0</ele>
      </trkpt>
      <trkpt lat="35.1432" lon="-111.77918">
        <ele>2214.0</ele>
      </trkpt>
      <trkpt lat="35.14313" lon="-111.77932">
        <ele>2214.0</ele>
      </trkpt>
      <trkpt lat="35.14306" lon="-111.77942">
        <ele>2214.0</ele>
      </trkpt>
      <trkpt lat="35.14299" lon="-111.77955">
        <ele>2214.0</ele>
      </trkpt>
      <trkpt lat="35.14293" lon="-111.77966">
        <ele>2214.0</ele>
      </trkpt>
      <trkpt lat="35.14286" lon="-111.77977">
        <ele>2214.0</ele>
      </trkpt>
      <trkpt lat="35.1428" lon="-111.77989">
        <ele>2214.0</ele>
      </trkpt>
      <trkpt lat="35.14273" lon="-111.78">
        <ele>2214.0</ele>
      </trkpt>
      <trkpt lat="35.14267" lon="-111.7801">
        <ele>2214.0</ele>
      </trkpt>
      <trkpt lat="35.14261" lon="-111.7802">
        <ele>2214.0</ele>
      </trkpt>
      <trkpt lat="35.14255" lon="-111.7803">
        <ele>2214.0</ele>
      </trkpt>
      <trkpt lat="35.1425" lon="-111.78038">
        <ele>2214.0</ele>
      </trkpt>
      <trkpt lat="35.14245" lon="-111.78047">
        <ele>2214.54</ele>
      </trkpt>
      <trkpt lat="35.1424" lon="-111.78055">
        <ele>2215.08</ele>
      </trkpt>
      <trkpt lat="35.14235" lon="-111.7806">
        <ele>2215.14</ele>
      </trkpt>
      <trkpt lat="35.14229" lon="-111.78065">
        <ele>2215.27</ele>
      </trkpt>
      <trkpt lat="35.14222" lon="-111.78073">
        <ele>2216.01</ele>
      </trkpt>
      <trkpt lat="35.14215" lon="-111.7808">
        <ele>2215.86</ele>
      </trkpt>
      <trkpt lat="35.14206" lon="-111.78088">
        <ele>2215.88</ele>
      </trkpt>
      <trkpt lat="35.14197" lon="-111.78096">
        <ele>2215.63</ele>
      </trkpt>
      <trkpt lat="35.14188" lon="-111.78103">
        <ele>2215.61</ele>
      </trkpt>
      <trkpt lat="35.1418" lon="-111.7811">
        <ele>2215.61</ele>
      </trkpt>
      <trkpt lat="35.1417" lon="-111.78118">
        <ele>2215.73</ele>
      </trkpt>
      <trkpt lat="35.14161" lon="-111.78126">
        <ele>2216.0</ele>
      </trkpt>
      <trkpt lat="35.14152" lon="-111.78133">
        <ele>2216.58</ele>
      </trkpt>
      <trkpt lat="35.14143" lon="-111.78141">
        <ele>2216.9</ele>
      </trkpt>
      <trkpt lat="35.14133" lon="-111.78148">
        <ele>2217.01</ele>
      </trkpt>
      <trkpt lat="35.14123" lon="-111.78156">
        <ele>2217.11</ele>
      </trkpt>
      <trkpt lat="35.14112" lon="-111.78165">
        <ele>2217.08</ele>
      </trkpt>
      <trkpt lat="35.14102" lon="-111.78172">
        <ele>2216.42</ele>
      </trkpt>
      <trkpt lat="35.14091" lon="-111.7818">
        <ele>2216.56</ele>
      </trkpt>
      <trkpt lat="35.14082" lon="-111.78187">
        <ele>2216.12</ele>
      </trkpt>
      <trkpt lat="35.14073" lon="-111.78194">
        <ele>2216.16</ele>
      </trkpt>
      <trkpt lat="35.14064" lon="-111.78202">
        <ele>2217.02</ele>
      </trkpt>
      <trkpt lat="35.14053" lon="-111.7821">
        <ele>2217.09</ele>
      </trkpt>
      <trkpt lat="35.14043" lon="-111.78218">
        <ele>2217.36</ele>
      </trkpt>
      <trkpt lat="35.14033" lon="-111.78227">
        <ele>2217.71</ele>
      </trkpt>
      <trkpt lat="35.1403" lon="-111.78235">
        <ele>2217.38</ele>
      </trkpt>
      <trkpt lat="35.14024" lon="-111.78244">
        <ele>2217.06</ele>
      </trkpt>
      <trkpt lat="35.14018" lon="-111.78251">
        <ele>2216.95</ele>
      </trkpt>
      <trkpt lat="35.14011" lon="-111.7826">
        <ele>2216.73</ele>
      </trkpt>
      <trkpt lat="35.14003" lon="-111.78272">
        <ele>2216.3</ele>
      </trkpt>
      <trkpt lat="35.13996" lon="-111.78286">
        <ele>2216.43</ele>
      </trkpt>
      <trkpt lat="35.13992" lon="-111.78299">
        <ele>2215.86</ele>
      </trkpt>
      <trkpt lat="35.13988" lon="-111.78312">
        <ele>2216.09</ele>
      </trkpt>
      <trkpt lat="35.13984" lon="-111.78323">
        <ele>2215.76</ele>
      </trkpt>
      <trkpt lat="35.13979" lon="-111.78336">
        <ele>2215.98</ele>
      </trkpt>
      <trkpt lat="35.13975" lon="-111.78347">
        <ele>2215.7</ele>
      </trkpt>
      <trkpt lat="35.13971" lon="-111.78358">
        <ele>2215.47</ele>
      </trkpt>
      <trkpt lat="35.13966" lon="-111.78369">
        <ele>2215.67</ele>
      </trkpt>
      <trkpt lat="35.1396" lon="-111.78382">
        <ele>2216.32</ele>
      </trkpt>
      <trkpt lat="35.13954" lon="-111.78394">
        <ele>2216.42</ele>
      </trkpt>
      <trkpt lat="35.13948" lon="-111.78406">
        <ele>2216.62</ele>
      </trkpt>
      <trkpt lat="35.13941" lon="-111.78419">
        <ele>2216.28</ele>
      </trkpt>
      <trkpt lat="35.13933" lon="-111.78428">
        <ele>2216.18</ele>
      </trkpt>
      <trkpt lat="35.13924" lon="-111.78439">
        <ele>2216.12</ele>
      </trkpt>
      <trkpt lat="35.13915" lon="-111.7845">
        <ele>2216.0</ele>
      </trkpt>
      <trkpt lat="35.13906" lon="-111.78461">
        <ele>2216.0</ele>
      </trkpt>
      <trkpt lat="35.13898" lon="-111.78472">
        <ele>2216.0</ele>
      </trkpt>
      <trkpt lat="35.1389" lon="-111.78482">
        <ele>2215.83</ele>
      </trkpt>
      <trkpt lat="35.13883" lon="-111.78492">
        <ele>2215.64</ele>
      </trkpt>
      <trkpt lat="35.13876" lon="-111.78501">
        <ele>2216.0</ele>
      </trkpt>
      <trkpt lat="35.13869" lon="-111.78511">
        <ele>2216.15</ele>
      </trkpt>
      <trkpt lat="35.13863" lon="-111.78519">
        <ele>2216.8</ele>
      </trkpt>
      <trkpt lat="35.13857" lon="-111.78526">
        <ele>2217.0</ele>
      </trkpt>
      <trkpt lat="35.13852" lon="-111.78533">
        <ele>2216.99</ele>
      </trkpt>
      <trkpt lat="35.13847" lon="-111.78541">
        <ele>2217.3</ele>
      </trkpt>
      <trkpt lat="35.13841" lon="-111.78548">
        <ele>2217.17</ele>
      </trkpt>
      <trkpt lat="35.13836" lon="-111.78555">
        <ele>2217.71</ele>
      </trkpt>
      <trkpt lat="35.13832" lon="-111.78561">
        <ele>2217.5</ele>
      </trkpt>
      <trkpt lat="35.13828" lon="-111.78566">
        <ele>2217.58</ele>
      </trkpt>
      <trkpt lat="35.13825" lon="-111.7857">
        <ele>2217.9</ele>
      </trkpt>
      <trkpt lat="35.13821" lon="-111.78574">
        <ele>2218.0</ele>
      </trkpt>
      <trkpt lat="35.13818" lon="-111.78578">
        <ele>2217.85</ele>
      </trkpt>
      <trkpt lat="35.13815" lon="-111.78582">
        <ele>2217.98</ele>
      </trkpt>
      <trkpt lat="35.13812" lon="-111.78586">
        <ele>2218.0</ele>
      </trkpt>
      <trkpt lat="35.13809" lon="-111.78591">
        <ele>2218.0</ele>
      </trkpt>
      <trkpt lat="35.13804" lon="-111.78597">
        <ele>2218.0</ele>
      </trkpt>
      <trkpt lat="35.138" lon="-111.78603">
        <ele>2217.95</ele>
      </trkpt>
      <trkpt lat="35.13796" lon="-111.78609">
        <ele>2218.0</ele>
      </trkpt>
      <trkpt lat="35.13792" lon="-111.78614">
        <ele>2218.0</ele>
      </trkpt>
      <trkpt lat="35.13789" lon="-111.78618">
        <ele>2218.0</ele>
      </trkpt>
      <trkpt lat="35.13785" lon="-111.78623">
        <ele>2218.0</ele>
      </trkpt>
      <trkpt lat="35.13781" lon="-111.78628">
        <ele>2218.0</ele>
      </trkpt>
      <trkpt lat="35.13778" lon="-111.78633">
        <ele>2217.99</ele>
      </trkpt>
      <trkpt lat="35.13773" lon="-111.78639">
        <ele>2218.0</ele>
      </trkpt>
      <trkpt lat="35.1377" lon="-111.78644">
        <ele>2218.0</ele>
      </trkpt>
      <trkpt lat="35.13765" lon="-111.78649">
        <ele>2218.0</ele>
      </trkpt>
      <trkpt lat="35.13761" lon="-111.78656">
        <ele>2218.0</ele>
      </trkpt>
      <trkpt lat="35.13755" lon="-111.78663">
        <ele>2218.18</ele>
      </trkpt>
      <trkpt lat="35.1375" lon="-111.7867">
        <ele>2218.0</ele>
      </trkpt>
      <trkpt lat="35.13745" lon="-111.78677">
        <ele>2218.54</ele>
      </trkpt>
      <trkpt lat="35.1374" lon="-111.78683">
        <ele>2219.0</ele>
      </trkpt>
      <trkpt lat="35.13735" lon="-111.7869">
        <ele>2218.8</ele>
      </trkpt>
      <trkpt lat="35.13729" lon="-111.78698">
        <ele>2219.0</ele>
      </trkpt>
      <trkpt lat="35.13724" lon="-111.78705">
        <ele>2219.0</ele>
      </trkpt>
      <trkpt lat="35.13719" lon="-111.78711">
        <ele>2219.0</ele>
      </trkpt>
      <trkpt lat="35.13714" lon="-111.78718">
        <ele>2219.0</ele>
      </trkpt>
      <trkpt lat="35.13709" lon="-111.78724">
        <ele>2219.0</ele>
      </trkpt>
      <trkpt lat="35.13704" lon="-111.78731">
        <ele>2219.0</ele>
      </trkpt>
      <trkpt lat="35.13699" lon="-111.78738">
        <ele>2219.15</ele>
      </trkpt>
      <trkpt lat="35.13693" lon="-111.78746">
        <ele>2219.07</ele>
      </trkpt>
      <trkpt lat="35.13687" lon="-111.78753">
        <ele>2219.0</ele>
      </trkpt>
      <trkpt lat="35.13682" lon="-111.78759">
        <ele>2219.01</ele>
      </trkpt>
      <trkpt lat="35.13678" lon="-111.78766">
        <ele>2219.0</ele>
      </trkpt>
      <trkpt lat="35.13673" lon="-111.78772">
        <ele>2219.0</ele>
      </trkpt>
      <trkpt lat="35.13667" lon="-111.78779">
        <ele>2219.0</ele>
      </trkpt>
      <trkpt lat="35.13662" lon="-111.78787">
        <ele>2219.0</ele>
      </trkpt>
      <trkpt lat="35.13657" lon="-111.78794">
        <ele>2219.04</ele>
      </trkpt>
      <trkpt lat="35.13651" lon="-111.788">
        <ele>2219.69</ele>
      </trkpt>
      <trkpt lat="35.13646" lon="-111.78807">
        <ele>2220.0</ele>
      </trkpt>
      <trkpt lat="35.13641" lon="-111.78815">
        <ele>2220.0</ele>
      </trkpt>
      <trkpt lat="35.13635" lon="-111.78823">
        <ele>2220.0</ele>
      </trkpt>
      <trkpt lat="35.13629" lon="-111.7883">
        <ele>2220.66</ele>
      </trkpt>
      <trkpt lat="35.13623" lon="-111.78838">
        <ele>2221.0</ele>
      </trkpt>
      <trkpt lat="35.13617" lon="-111.78846">
        <ele>2221.0</ele>
      </trkpt>
      <trkpt lat="35.13611" lon="-111.78855">
        <ele>2221.01</ele>
      </trkpt>
      <trkpt lat="35.13605" lon="-111.78862">
        <ele>2221.66</ele>
      </trkpt>
      <trkpt lat="35.13601" lon="-111.78868">
        <ele>2222.0</ele>
      </trkpt>
      <trkpt lat="35.13596" lon="-111.78874">
        <ele>2222.0</ele>
      </trkpt>
      <trkpt lat="35.13591" lon="-111.78881">
        <ele>2222.17</ele>
      </trkpt>
      <trkpt lat="35.13586" lon="-111.78887">
        <ele>2222.71</ele>
      </trkpt>
      <trkpt lat="35.13581" lon="-111.78894">
        <ele>2223.0</ele>
      </trkpt>
      <trkpt lat="35.13575" lon="-111.78902">
        <ele>2222.96</ele>
      </trkpt>
      <trkpt lat="35.13571" lon="-111.78908">
        <ele>2223.0</ele>
      </trkpt>
      <trkpt lat="35.13566" lon="-111.78914">
        <ele>2223.0</ele>
      </trkpt>
      <trkpt lat="35.13562" lon="-111.7892">
        <ele>2223.0</ele>
      </trkpt>
      <trkpt lat="35.13558" lon="-111.78925">
        <ele>2223.0</ele>
      </trkpt>
      <trkpt lat="35.13553" lon="-111.78931">
        <ele>2223.0</ele>
      </trkpt>
      <trkpt lat="35.13548" lon="-111.78938">
        <ele>2223.0</ele>
      </trkpt>
      <trkpt lat="35.13542" lon="-111.78945">
        <ele>2223.0</ele>
      </trkpt>
      <trkpt lat="35.13537" lon="-111.78953">
        <ele>2223.0</ele>
      </trkpt>
      <trkpt lat="35.13531" lon="-111.7896">
        <ele>2223.65</ele>
      </trkpt>
      <trkpt lat="35.13525" lon="-111.78968">
        <ele>2224.0</ele>
      </trkpt>
      <trkpt lat="35.1352" lon="-111.78974">
        <ele>2223.97</ele>
      </trkpt>
      <trkpt lat="35.13515" lon="-111.78981">
        <ele>2224.0</ele>
      </trkpt>
      <trkpt lat="35.13511" lon="-111.78987">
        <ele>2224.0</ele>
      </trkpt>
      <trkpt lat="35.13506" lon="-111.78994">
        <ele>2224.0</ele>
      </trkpt>
      <trkpt lat="35.135" lon="-111.79001">
        <ele>2224.0</ele>
      </trkpt>
      <trkpt lat="35.13495" lon="-111.79008">
        <ele>2224.0</ele>
      </trkpt>
      <trkpt lat="35.1349" lon="-111.79015">
        <ele>2224.0</ele>
      </trkpt>
      <trkpt lat="35.13486" lon="-111.7902">
        <ele>2223.92</ele>
      </trkpt>
      <trkpt lat="35.13482" lon="-111.79025">
        <ele>2223.96</ele>
      </trkpt>
      <trkpt lat="35.1348" lon="-111.79027">
        <ele>2224.0</ele>
      </trkpt>
      <trkpt lat="35.13482" lon="-111.79025">
        <ele>2223.96</ele>
      </trkpt>
      <trkpt lat="35.13483" lon="-111.79022">
        <ele>2223.94</ele>
      </trkpt>
      <trkpt lat="35.13486" lon="-111.79025">
        <ele>2223.66</ele>
      </trkpt>
      <trkpt lat="35.13487" lon="-111.79034">
        <ele>2223.13</ele>
      </trkpt>
      <trkpt lat="35.13488" lon="-111.79046">
        <ele>2223.0</ele>
      </trkpt>
      <trkpt lat="35.13489" lon="-111.79059">
        <ele>2223.0</ele>
      </trkpt>
      <trkpt lat="35.13493" lon="-111.79068">
        <ele>2223.0</ele>
      </trkpt>
      <trkpt lat="35.13497" lon="-111.79075">
        <ele>2223.0</ele>
      </trkpt>
      <trkpt lat="35.13498" lon="-111.79079">
        <ele>2223.0</ele>
      </trkpt>
      <trkpt lat="35.13495" lon="-111.79079">
        <ele>2223.0</ele>
      </trkpt>
      <trkpt lat="35.13493" lon="-111.79071">
        <ele>2223.0</ele>
      </trkpt>
      <trkpt lat="35.13493" lon="-111.79064">
        <ele>2223.0</ele>
      </trkpt>
      <trkpt lat="35.13492" lon="-111.79058">
        <ele>2223.0</ele>
      </trkpt>
      <trkpt lat="35.13492" lon="-111.79051">
        <ele>2223.0</ele>
      </trkpt>
      <trkpt lat="35.13491" lon="-111.79044">
        <ele>2223.0</ele>
      </trkpt>
      <trkpt lat="35.1349" lon="-111.79037">
        <ele>2223.0</ele>
      </trkpt>
      <trkpt lat="35.13487" lon="-111.7903">
        <ele>2223.31</ele>
      </trkpt>
      <trkpt lat="35.13485" lon="-111.79025">
        <ele>2223.73</ele>
      </trkpt>
      <trkpt lat="35.13484" lon="-111.7902">
        <ele>2223.96</ele>
      </trkpt>
      <trkpt lat="35.1348" lon="-111.79019">
        <ele>2224.0</ele>
      </trkpt>
      <trkpt lat="35.13474" lon="-111.79021">
        <ele>2224.0</ele>
      </trkpt>
      <trkpt lat="35.13469" lon="-111.79023">
        <ele>2224.0</ele>
      </trkpt>
      <trkpt lat="35.13467" lon="-111.79027">
        <ele>2224.0</ele>
      </trkpt>
      <trkpt lat="35.13467" lon="-111.79032">
        <ele>2224.0</ele>
      </trkpt>
      <trkpt lat="35.13464" lon="-111.7904">
        <ele>2224.0</ele>
      </trkpt>
      <trkpt lat="35.1346" lon="-111.79043">
        <ele>2224.0</ele>
      </trkpt>
      <trkpt lat="35.13457" lon="-111.79047">
        <ele>2224.0</ele>
      </trkpt>
      <trkpt lat="35.13455" lon="-111.79051">
        <ele>2224.0</ele>
      </trkpt>
      <trkpt lat="35.13453" lon="-111.79054">
        <ele>2224.0</ele>
      </trkpt>
      <trkpt lat="35.1345" lon="-111.79057">
        <ele>2224.0</ele>
      </trkpt>
      <trkpt lat="35.13445" lon="-111.79063">
        <ele>2224.0</ele>
      </trkpt>
      <trkpt lat="35.13441" lon="-111.79069">
        <ele>2224.0</ele>
      </trkpt>
      <trkpt lat="35.13435" lon="-111.79078">
        <ele>2224.0</ele>
      </trkpt>
      <trkpt lat="35.1343" lon="-111.79088">
        <ele>2224.0</ele>
      </trkpt>
      <trkpt lat="35.13425" lon="-111.79101">
        <ele>2224.0</ele>
      </trkpt>
      <trkpt lat="35.13417" lon="-111.7911">
        <ele>2223.97</ele>
      </trkpt>
      <trkpt lat="35.1341" lon="-111.79119">
        <ele>2224.0</ele>
      </trkpt>
      <trkpt lat="35.13405" lon="-111.79126">
        <ele>2224.0</ele>
      </trkpt>
      <trkpt lat="35.13398" lon="-111.79135">
        <ele>2224.0</ele>
      </trkpt>
      <trkpt lat="35.13392" lon="-111.79144">
        <ele>2224.0</ele>
      </trkpt>
      <trkpt lat="35.13385" lon="-111.79152">
        <ele>2224.0</ele>
      </trkpt>
      <trkpt lat="35.13379" lon="-111.79161">
        <ele>2224.07</ele>
      </trkpt>
      <trkpt lat="35.13372" lon="-111.79171">
        <ele>2224.82</ele>
      </trkpt>
      <trkpt lat="35.13364" lon="-111.7918">
        <ele>2225.0</ele>
      </trkpt>
      <trkpt lat="35.13358" lon="-111.79189">
        <ele>2225.0</ele>
      </trkpt>
      <trkpt lat="35.13352" lon="-111.79197">
        <ele>2225.0</ele>
      </trkpt>
      <trkpt lat="35.13346" lon="-111.79204">
        <ele>2225.02</ele>
      </trkpt>
      <trkpt lat="35.13342" lon="-111.79209">
        <ele>2225.6</ele>
      </trkpt>
      <trkpt lat="35.13339" lon="-111.79214">
        <ele>2226.0</ele>
      </trkpt>
      <trkpt lat="35.13336" lon="-111.79217">
        <ele>2226.0</ele>
      </trkpt>
      <trkpt lat="35.13334" lon="-111.79219">
        <ele>2226.0</ele>
      </trkpt>
      <trkpt lat="35.13331" lon="-111.79223">
        <ele>2226.0</ele>
      </trkpt>
      <trkpt lat="35.13328" lon="-111.79226">
        <ele>2226.0</ele>
      </trkpt>
      <trkpt lat="35.13326" lon="-111.79229">
        <ele>2226.0</ele>
      </trkpt>
      <trkpt lat="35.13322" lon="-111.79235">
        <ele>2226.22</ele>
      </trkpt>
      <trkpt lat="35.13317" lon="-111.79241">
        <ele>2226.74</ele>
      </trkpt>
      <trkpt lat="35.13313" lon="-111.79246">
        <ele>2226.54</ele>
      </trkpt>
      <trkpt lat="35.13309" lon="-111.79252">
        <ele>2226.63</ele>
      </trkpt>
      <trkpt lat="35.13305" lon="-111.79257">
        <ele>2227.0</ele>
      </trkpt>
      <trkpt lat="35.133" lon="-111.79264">
        <ele>2227.0</ele>
      </trkpt>
      <trkpt lat="35.13295" lon="-111.79271">
        <ele>2227.14</ele>
      </trkpt>
      <trkpt lat="35.13289" lon="-111.79279">
        <ele>2227.68</ele>
      </trkpt>
      <trkpt lat="35.13284" lon="-111.79285">
        <ele>2227.48</ele>
      </trkpt>
      <trkpt lat="35.13279" lon="-111.79292">
        <ele>2227.87</ele>
      </trkpt>
      <trkpt lat="35.13273" lon="-111.79299">
        <ele>2227.86</ele>
      </trkpt>
      <trkpt lat="35.13267" lon="-111.79307">
        <ele>2228.14</ele>
      </trkpt>
      <trkpt lat="35.13262" lon="-111.79315">
        <ele>2227.99</ele>
      </trkpt>
      <trkpt lat="35.13256" lon="-111.79323">
        <ele>2228.35</ele>
      </trkpt>
      <trkpt lat="35.13251" lon="-111.7933">
        <ele>2228.25</ele>
      </trkpt>
      <trkpt lat="35.13246" lon="-111.79339">
        <ele>2228.43</ele>
      </trkpt>
      <trkpt lat="35.13241" lon="-111.7935">
        <ele>2228.17</ele>
      </trkpt>
      <trkpt lat="35.13235" lon="-111.79361">
        <ele>2228.62</ele>
      </trkpt>
      <trkpt lat="35.13229" lon="-111.79372">
        <ele>2228.22</ele>
      </trkpt>
      <trkpt lat="35.13223" lon="-111.79386">
        <ele>2227.94</ele>
      </trkpt>
      <trkpt lat="35.13218" lon="-111.79398">
        <ele>2228.01</ele>
      </trkpt>
      <trkpt lat="35.13213" lon="-111.79409">
        <ele>2227.82</ele>
      </trkpt>
      <trkpt lat="35.13209" lon="-111.7942">
        <ele>2227.27</ele>
      </trkpt>
      <trkpt lat="35.13205" lon="-111.7943">
        <ele>2227.0</ele>
      </trkpt>
      <trkpt lat="35.13201" lon="-111.7944">
        <ele>2227.0</ele>
      </trkpt>
      <trkpt lat="35.13196" lon="-111.79449">
        <ele>2226.51</ele>
      </trkpt>
      <trkpt lat="35.13192" lon="-111.7946">
        <ele>2226.0</ele>
      </trkpt>
      <trkpt lat="35.13187" lon="-111.7947">
        <ele>2226.0</ele>
      </trkpt>
      <trkpt lat="35.13181" lon="-111.7948">
        <ele>2226.0</ele>
      </trkpt>
      <trkpt lat="35.13176" lon="-111.79489">
        <ele>2226.0</ele>
      </trkpt>
      <trkpt lat="35.13171" lon="-111.79499">
        <ele>2226.0</ele>
      </trkpt>
      <trkpt lat="35.13166" lon="-111.79508">
        <ele>2226.0</ele>
      </trkpt>
      <trkpt lat="35.13161" lon="-111.79517">
        <ele>2225.16</ele>
      </trkpt>
      <trkpt lat="35.13155" lon="-111.79524">
        <ele>2225.0</ele>
      </trkpt>
      <trkpt lat="35.13149" lon="-111.79532">
        <ele>2225.0</ele>
      </trkpt>
      <trkpt lat="35.13143" lon="-111.79539">
        <ele>2225.0</ele>
      </trkpt>
      <trkpt lat="35.13137" lon="-111.79546">
        <ele>2225.0</ele>
      </trkpt>
      <trkpt lat="35.13131" lon="-111.79553">
        <ele>2225.0</ele>
      </trkpt>
      <trkpt lat="35.13125" lon="-111.7956">
        <ele>2225.0</ele>
      </trkpt>
      <trkpt lat="35.13118" lon="-111.79567">
        <ele>2225.0</ele>
      </trkpt>
      <trkpt lat="35.13111" lon="-111.79575">
        <ele>2224.9</ele>
      </trkpt>
      <trkpt lat="35.13104" lon="-111.79584">
        <ele>2224.0</ele>
      </trkpt>
      <trkpt lat="35.13097" lon="-111.79592">
        <ele>2224.0</ele>
      </trkpt>
      <trkpt lat="35.13089" lon="-111.79601">
        <ele>2224.0</ele>
      </trkpt>
      <trkpt lat="35.13082" lon="-111.7961">
        <ele>2224.0</ele>
      </trkpt>
      <trkpt lat="35.13074" lon="-111.79618">
        <ele>2224.0</ele>
      </trkpt>
      <trkpt lat="35.13066" lon="-111.79627">
        <ele>2224.0</ele>
      </trkpt>
      <trkpt lat="35.13056" lon="-111.79637">
        <ele>2224.0</ele>
      </trkpt>
      <trkpt lat="35.13047" lon="-111.79647">
        <ele>2224.0</ele>
      </trkpt>
      <trkpt lat="35.13037" lon="-111.79657">
        <ele>2224.0</ele>
      </trkpt>
      <trkpt lat="35.13029" lon="-111.79666">
        <ele>2224.0</ele>
      </trkpt>
      <trkpt lat="35.1302" lon="-111.79675">
        <ele>2223.86</ele>
      </trkpt>
      <trkpt lat="35.1301" lon="-111.79686">
        <ele>2223.84</ele>
      </trkpt>
      <trkpt lat="35.13001" lon="-111.79696">
        <ele>2223.74</ele>
      </trkpt>
      <trkpt lat="35.12991" lon="-111.79705">
        <ele>2223.97</ele>
      </trkpt>
      <trkpt lat="35.12983" lon="-111.79715">
        <ele>2223.96</ele>
      </trkpt>
      <trkpt lat="35.12974" lon="-111.79727">
        <ele>2223.9</ele>
      </trkpt>
      <trkpt lat="35.12965" lon="-111.79738">
        <ele>2223.85</ele>
      </trkpt>
      <trkpt lat="35.12955" lon="-111.7975">
        <ele>2223.86</ele>
      </trkpt>
      <trkpt lat="35.12946" lon="-111.7976">
        <ele>2223.83</ele>
      </trkpt>
      <trkpt lat="35.12937" lon="-111.79771">
        <ele>2223.95</ele>
      </trkpt>
      <trkpt lat="35.12927" lon="-111.79781">
        <ele>2224.0</ele>
      </trkpt>
      <trkpt lat="35.12917" lon="-111.79792">
        <ele>2224.0</ele>
      </trkpt>
      <trkpt lat="35.12909" lon="-111.79802">
        <ele>2224.0</ele>
      </trkpt>
      <trkpt lat="35.129" lon="-111.79812">
        <ele>2224.0</ele>
      </trkpt>
      <trkpt lat="35.12891" lon="-111.79822">
        <ele>2224.0</ele>
      </trkpt>
      <trkpt lat="35.12882" lon="-111.79832">
        <ele>2224.11</ele>
      </trkpt>
      <trkpt lat="35.12872" lon="-111.79843">
        <ele>2224.82</ele>
      </trkpt>
      <trkpt lat="35.12862" lon="-111.79854">
        <ele>2224.98</ele>
      </trkpt>
      <trkpt lat="35.12851" lon="-111.79864">
        <ele>2225.0</ele>
      </trkpt>
      <trkpt lat="35.12841" lon="-111.79875">
        <ele>2225.0</ele>
      </trkpt>
      <trkpt lat="35.12831" lon="-111.79883">
        <ele>2225.0</ele>
      </trkpt>
      <trkpt lat="35.12819" lon="-111.79892">
        <ele>2225.0</ele>
      </trkpt>
      <trkpt lat="35.12808" lon="-111.79902">
        <ele>2225.0</ele>
      </trkpt>
      <trkpt lat="35.12798" lon="-111.79911">
        <ele>2225.0</ele>
      </trkpt>
      <trkpt lat="35.12786" lon="-111.79921">
        <ele>2225.0</ele>
      </trkpt>
      <trkpt lat="35.12775" lon="-111.79928">
        <ele>2224.78</ele>
      </trkpt>
      <trkpt lat="35.12763" lon="-111.79935">
        <ele>2224.02</ele>
      </trkpt>
      <trkpt lat="35.12751" lon="-111.79941">
        <ele>2224.33</ele>
      </trkpt>
      <trkpt lat="35.12738" lon="-111.79946">
        <ele>2224.0</ele>
      </trkpt>
      <trkpt lat="35.12729" lon="-111.79949">
        <ele>2224.0</ele>
      </trkpt>
      <trkpt lat="35.12718" lon="-111.79953">
        <ele>2224.0</ele>
      </trkpt>
      <trkpt lat="35.12712" lon="-111.79956">
        <ele>2224.0</ele>
      </trkpt>
      <trkpt lat="35.12704" lon="-111.79957">
        <ele>2224.0</ele>
      </trkpt>
      <trkpt lat="35.12696" lon="-111.79959">
        <ele>2223.17</ele>
      </trkpt>
      <trkpt lat="35.12689" lon="-111.79961">
        <ele>2223.0</ele>
      </trkpt>
      <trkpt lat="35.12682" lon="-111.79963">
        <ele>2222.66</ele>
      </trkpt>
      <trkpt lat="35.12673" lon="-111.79965">
        <ele>2221.68</ele>
      </trkpt>
      <trkpt lat="35.12666" lon="-111.79967">
        <ele>2220.93</ele>
      </trkpt>
      <trkpt lat="35.12655" lon="-111.7997">
        <ele>2220.0</ele>
      </trkpt>
      <trkpt lat="35.12647" lon="-111.79972">
        <ele>2220.0</ele>
      </trkpt>
      <trkpt lat="35.12639" lon="-111.79974">
        <ele>2220.0</ele>
      </trkpt>
      <trkpt lat="35.12633" lon="-111.79976">
        <ele>2220.0</ele>
      </trkpt>
      <trkpt lat="35.12625" lon="-111.79978">
        <ele>2219.5</ele>
      </trkpt>
      <trkpt lat="35.12616" lon="-111.79981">
        <ele>2219.0</ele>
      </trkpt>
      <trkpt lat="35.12606" lon="-111.79983">
        <ele>2219.0</ele>
      </trkpt>
      <trkpt lat="35.12597" lon="-111.79986">
        <ele>2219.0</ele>
      </trkpt>
      <trkpt lat="35.12588" lon="-111.79988">
        <ele>2219.0</ele>
      </trkpt>
      <trkpt lat="35.12578" lon="-111.79991">
        <ele>2218.41</ele>
      </trkpt>
      <trkpt lat="35.12569" lon="-111.79993">
        <ele>2218.0</ele>
      </trkpt>
      <trkpt lat="35.12561" lon="-111.79996">
        <ele>2218.0</ele>
      </trkpt>
      <trkpt lat="35.12553" lon="-111.79998">
        <ele>2218.0</ele>
      </trkpt>
      <trkpt lat="35.12547" lon="-111.8">
        <ele>2218.0</ele>
      </trkpt>
      <trkpt lat="35.1254" lon="-111.80001">
        <ele>2217.89</ele>
      </trkpt>
      <trkpt lat="35.12532" lon="-111.80003">
        <ele>2217.68</ele>
      </trkpt>
      <trkpt lat="35.12526" lon="-111.80005">
        <ele>2217.46</ele>
      </trkpt>
      <trkpt lat="35.12518" lon="-111.80008">
        <ele>2217.13</ele>
      </trkpt>
      <trkpt lat="35.1251" lon="-111.80011">
        <ele>2216.83</ele>
      </trkpt>
      <trkpt lat="35.12504" lon="-111.80014">
        <ele>2216.21</ele>
      </trkpt>
      <trkpt lat="35.12497" lon="-111.80018">
        <ele>2215.69</ele>
      </trkpt>
      <trkpt lat="35.12489" lon="-111.80023">
        <ele>2214.91</ele>
      </trkpt>
      <trkpt lat="35.12483" lon="-111.80028">
        <ele>2214.16</ele>
      </trkpt>
      <trkpt lat="35.12478" lon="-111.80033">
        <ele>2214.0</ele>
      </trkpt>
      <trkpt lat="35.12473" lon="-111.80039">
        <ele>2214.0</ele>
      </trkpt>
      <trkpt lat="35.12472" lon="-111.80044">
        <ele>2213.98</ele>
      </trkpt>
      <trkpt lat="35.12466" lon="-111.80053">
        <ele>2213.09</ele>
      </trkpt>
      <trkpt lat="35.12462" lon="-111.80062">
        <ele>2212.93</ele>
      </trkpt>
      <trkpt lat="35.12456" lon="-111.80071">
        <ele>2212.08</ele>
      </trkpt>
      <trkpt lat="35.1245" lon="-111.80081">
        <ele>2211.25</ele>
      </trkpt>
      <trkpt lat="35.12444" lon="-111.80091">
        <ele>2210.21</ele>
      </trkpt>
      <trkpt lat="35.12437" lon="-111.80101">
        <ele>2209.9</ele>
      </trkpt>
      <trkpt lat="35.12428" lon="-111.80113">
        <ele>2209.62</ele>
      </trkpt>
      <trkpt lat="35.1242" lon="-111.80124">
        <ele>2208.61</ele>
      </trkpt>
      <trkpt lat="35.12414" lon="-111.80135">
        <ele>2208.0</ele>
      </trkpt>
      <trkpt lat="35.12408" lon="-111.80145">
        <ele>2207.34</ele>
      </trkpt>
      <trkpt lat="35.124" lon="-111.80158">
        <ele>2206.94</ele>
      </trkpt>
      <trkpt lat="35.12393" lon="-111.8017">
        <ele>2206.0</ele>
      </trkpt>
      <trkpt lat="35.12386" lon="-111.80181">
        <ele>2205.45</ele>
      </trkpt>
      <trkpt lat="35.12378" lon="-111.80192">
        <ele>2205.0</ele>
      </trkpt>
      <trkpt lat="35.12369" lon="-111.80203">
        <ele>2204.22</ele>
      </trkpt>
      <trkpt lat="35.1236" lon="-111.80215">
        <ele>2205.21</ele>
      </trkpt>
      <trkpt lat="35.12352" lon="-111.80227">
        <ele>2205.47</ele>
      </trkpt>
      <trkpt lat="35.12342" lon="-111.80238">
        <ele>2205.36</ele>
      </trkpt>
      <trkpt lat="35.12334" lon="-111.80248">
        <ele>2205.14</ele>
      </trkpt>
      <trkpt lat="35.12327" lon="-111.80259">
        <ele>2204.71</ele>
      </trkpt>
      <trkpt lat="35.12319" lon="-111.8027">
        <ele>2204.39</ele>
      </trkpt>
      <trkpt lat="35.12309" lon="-111.80283">
        <ele>2204.27</ele>
      </trkpt>
      <trkpt lat="35.123" lon="-111.80296">
        <ele>2204.02</ele>
      </trkpt>
      <trkpt lat="35.12293" lon="-111.80308">
        <ele>2203.0</ele>
      </trkpt>
      <trkpt lat="35.12284" lon="-111.80319">
        <ele>2202.55</ele>
      </trkpt>
      <trkpt lat="35.12275" lon="-111.80332">
        <ele>2201.74</ele>
      </trkpt>
      <trkpt lat="35.12266" lon="-111.80343">
        <ele>2200.96</ele>
      </trkpt>
      <trkpt lat="35.12259" lon="-111.80355">
        <ele>2200.02</ele>
      </trkpt>
      <trkpt lat="35.1225" lon="-111.80367">
        <ele>2200.0</ele>
      </trkpt>
      <trkpt lat="35.12241" lon="-111.80378">
        <ele>2200.0</ele>
      </trkpt>
      <trkpt lat="35.12232" lon="-111.80391">
        <ele>2199.0</ele>
      </trkpt>
      <trkpt lat="35.12225" lon="-111.80403">
        <ele>2199.0</ele>
      </trkpt>
      <trkpt lat="35.12216" lon="-111.80416">
        <ele>2199.0</ele>
      </trkpt>
      <trkpt lat="35.12207" lon="-111.8043">
        <ele>2199.0</ele>
      </trkpt>
      <trkpt lat="35.12201" lon="-111.80443">
        <ele>2199.0</ele>
      </trkpt>
      <trkpt lat="35.12195" lon="-111.80457">
        <ele>2199.0</ele>
      </trkpt>
      <trkpt lat="35.1219" lon="-111.8047">
        <ele>2199.0</ele>
      </trkpt>
      <trkpt lat="35.12187" lon="-111.80481">
        <ele>2199.0</ele>
      </trkpt>
      <trkpt lat="35.12185" lon="-111.80494">
        <ele>2199.0</ele>
      </trkpt>
      <trkpt lat="35.12184" lon="-111.80506">
        <ele>2199.0</ele>
      </trkpt>
      <trkpt lat="35.12182" lon="-111.80519">
        <ele>2199.0</ele>
      </trkpt>
      <trkpt lat="35.12181" lon="-111.80533">
        <ele>2199.0</ele>
      </trkpt>
      <trkpt lat="35.12181" lon="-111.80546">
        <ele>2199.0</ele>
      </trkpt>
      <trkpt lat="35.12181" lon="-111.80559">
        <ele>2199.0</ele>
      </trkpt>
      <trkpt lat="35.12181" lon="-111.80573">
        <ele>2199.0</ele>
      </trkpt>
      <trkpt lat="35.12181" lon="-111.80589">
        <ele>2199.0</ele>
      </trkpt>
      <trkpt lat="35.12182" lon="-111.80603">
        <ele>2199.0</ele>
      </trkpt>
      <trkpt lat="35.12182" lon="-111.8062">
        <ele>2199.0</ele>
      </trkpt>
      <trkpt lat="35.12183" lon="-111.80637">
        <ele>2199.0</ele>
      </trkpt>
      <trkpt lat="35.12184" lon="-111.80653">
        <ele>2199.0</ele>
      </trkpt>
      <trkpt lat="35.12185" lon="-111.8067">
        <ele>2199.0</ele>
      </trkpt>
      <trkpt lat="35.12187" lon="-111.80687">
        <ele>2199.0</ele>
      </trkpt>
      <trkpt lat="35.12189" lon="-111.80705">
        <ele>2199.0</ele>
      </trkpt>
      <trkpt lat="35.12191" lon="-111.80724">
        <ele>2199.0</ele>
      </trkpt>
      <trkpt lat="35.12194" lon="-111.80741">
        <ele>2199.0</ele>
      </trkpt>
      <trkpt lat="35.12198" lon="-111.80759">
        <ele>2199.0</ele>
      </trkpt>
      <trkpt lat="35.12202" lon="-111.80776">
        <ele>2199.0</ele>
      </trkpt>
      <trkpt lat="35.12207" lon="-111.80794">
        <ele>2199.0</ele>
      </trkpt>
      <trkpt lat="35.12211" lon="-111.80811">
        <ele>2199.0</ele>
      </trkpt>
      <trkpt lat="35.12217" lon="-111.80828">
        <ele>2200.0</ele>
      </trkpt>
      <trkpt lat="35.12223" lon="-111.80844">
        <ele>2200.0</ele>
      </trkpt>
      <trkpt lat="35.12229" lon="-111.80859">
        <ele>2200.0</ele>
      </trkpt>
      <trkpt lat="35.12234" lon="-111.80873">
        <ele>2200.0</ele>
      </trkpt>
      <trkpt lat="35.12239" lon="-111.80888">
        <ele>2200.0</ele>
      </trkpt>
      <trkpt lat="35.12241" lon="-111.809">
        <ele>2200.0</ele>
      </trkpt>
      <trkpt lat="35.12241" lon="-111.80916">
        <ele>2200.0</ele>
      </trkpt>
      <trkpt lat="35.12242" lon="-111.80931">
        <ele>2200.0</ele>
      </trkpt>
      <trkpt lat="35.12241" lon="-111.80947">
        <ele>2200.0</ele>
      </trkpt>
      <trkpt lat="35.12241" lon="-111.80962">
        <ele>2200.0</ele>
      </trkpt>
      <trkpt lat="35.12239" lon="-111.80977">
        <ele>2200.0</ele>
      </trkpt>
      <trkpt lat="35.12236" lon="-111.80991">
        <ele>2200.0</ele>
      </trkpt>
      <trkpt lat="35.12233" lon="-111.81006">
        <ele>2200.54</ele>
      </trkpt>
      <trkpt lat="35.1223" lon="-111.81021">
        <ele>2201.27</ele>
      </trkpt>
      <trkpt lat="35.12225" lon="-111.81035">
        <ele>2202.0</ele>
      </trkpt>
      <trkpt lat="35.12219" lon="-111.81048">
        <ele>2203.0</ele>
      </trkpt>
      <trkpt lat="35.12211" lon="-111.8106">
        <ele>2203.59</ele>
      </trkpt>
      <trkpt lat="35.12202" lon="-111.81072">
        <ele>2204.82</ele>
      </trkpt>
      <trkpt lat="35.12192" lon="-111.81082">
        <ele>2205.0</ele>
      </trkpt>
      <trkpt lat="35.12183" lon="-111.81091">
        <ele>2205.87</ele>
      </trkpt>
      <trkpt lat="35.12176" lon="-111.811">
        <ele>2206.0</ele>
      </trkpt>
      <trkpt lat="35.1217" lon="-111.81107">
        <ele>2206.0</ele>
      </trkpt>
      <trkpt lat="35.12163" lon="-111.81113">
        <ele>2206.0</ele>
      </trkpt>
      <trkpt lat="35.1216" lon="-111.81116">
        <ele>2206.0</ele>
      </trkpt>
      <trkpt lat="35.12158" lon="-111.81118">
        <ele>2206.0</ele>
      </trkpt>
      <trkpt lat="35.12152" lon="-111.81121">
        <ele>2206.0</ele>
      </trkpt>
      <trkpt lat="35.12145" lon="-111.81124">
        <ele>2206.34</ele>
      </trkpt>
      <trkpt lat="35.12139" lon="-111.81129">
        <ele>2206.99</ele>
      </trkpt>
      <trkpt lat="35.12131" lon="-111.81133">
        <ele>2207.0</ele>
      </trkpt>
      <trkpt lat="35.12125" lon="-111.81137">
        <ele>2207.5</ele>
      </trkpt>
      <trkpt lat="35.12118" lon="-111.8114">
        <ele>2208.0</ele>
      </trkpt>
      <trkpt lat="35.12111" lon="-111.81144">
        <ele>2208.0</ele>
      </trkpt>
      <trkpt lat="35.12102" lon="-111.81147">
        <ele>2208.0</ele>
      </trkpt>
      <trkpt lat="35.12095" lon="-111.8115">
        <ele>2208.0</ele>
      </trkpt>
      <trkpt lat="35.12087" lon="-111.81153">
        <ele>2208.29</ele>
      </trkpt>
      <trkpt lat="35.12078" lon="-111.81156">
        <ele>2208.64</ele>
      </trkpt>
      <trkpt lat="35.1207" lon="-111.8116">
        <ele>2209.0</ele>
      </trkpt>
      <trkpt lat="35.12061" lon="-111.81163">
        <ele>2209.0</ele>
      </trkpt>
      <trkpt lat="35.12053" lon="-111.81168">
        <ele>2209.0</ele>
      </trkpt>
      <trkpt lat="35.12044" lon="-111.81173">
        <ele>2209.0</ele>
      </trkpt>
      <trkpt lat="35.12036" lon="-111.81178">
        <ele>2209.0</ele>
      </trkpt>
      <trkpt lat="35.12026" lon="-111.81183">
        <ele>2209.0</ele>
      </trkpt>
      <trkpt lat="35.12017" lon="-111.81187">
        <ele>2209.0</ele>
      </trkpt>
      <trkpt lat="35.12009" lon="-111.81191">
        <ele>2209.0</ele>
      </trkpt>
      <trkpt lat="35.12" lon="-111.81195">
        <ele>2209.0</ele>
      </trkpt>
      <trkpt lat="35.11989" lon="-111.81199">
        <ele>2209.0</ele>
      </trkpt>
      <trkpt lat="35.11978" lon="-111.81203">
        <ele>2209.0</ele>
      </trkpt>
      <trkpt lat="35.11968" lon="-111.81208">
        <ele>2209.0</ele>
      </trkpt>
      <trkpt lat="35.11958" lon="-111.81213">
        <ele>2209.0</ele>
      </trkpt>
      <trkpt lat="35.11948" lon="-111.81217">
        <ele>2209.0</ele>
      </trkpt>
      <trkpt lat="35.11938" lon="-111.81223">
        <ele>2208.28</ele>
      </trkpt>
      <trkpt lat="35.11929" lon="-111.81227">
        <ele>2208.0</ele>
      </trkpt>
      <trkpt lat="35.11919" lon="-111.81232">
        <ele>2208.0</ele>
      </trkpt>
      <trkpt lat="35.11909" lon="-111.81236">
        <ele>2208.0</ele>
      </trkpt>
      <trkpt lat="35.11899" lon="-111.8124">
        <ele>2208.0</ele>
      </trkpt>
      <trkpt lat="35.11889" lon="-111.81245">
        <ele>2207.01</ele>
      </trkpt>
      <trkpt lat="35.1188" lon="-111.8125">
        <ele>2207.0</ele>
      </trkpt>
      <trkpt lat="35.11872" lon="-111.81256">
        <ele>2207.0</ele>
      </trkpt>
      <trkpt lat="35.11862" lon="-111.81263">
        <ele>2206.1</ele>
      </trkpt>
      <trkpt lat="35.11852" lon="-111.81268">
        <ele>2206.0</ele>
      </trkpt>
      <trkpt lat="35.11842" lon="-111.81273">
        <ele>2206.0</ele>
      </trkpt>
      <trkpt lat="35.11832" lon="-111.81279">
        <ele>2205.74</ele>
      </trkpt>
      <trkpt lat="35.11821" lon="-111.81283">
        <ele>2205.0</ele>
      </trkpt>
      <trkpt lat="35.11809" lon="-111.81288">
        <ele>2205.0</ele>
      </trkpt>
      <trkpt lat="35.11796" lon="-111.81292">
        <ele>2204.45</ele>
      </trkpt>
      <trkpt lat="35.11783" lon="-111.81296">
        <ele>2204.0</ele>
      </trkpt>
      <trkpt lat="35.11771" lon="-111.81301">
        <ele>2204.0</ele>
      </trkpt>
      <trkpt lat="35.11759" lon="-111.81305">
        <ele>2203.0</ele>
      </trkpt>
      <trkpt lat="35.11747" lon="-111.81309">
        <ele>2202.68</ele>
      </trkpt>
      <trkpt lat="35.11735" lon="-111.81313">
        <ele>2202.0</ele>
      </trkpt>
      <trkpt lat="35.11723" lon="-111.81318">
        <ele>2202.0</ele>
      </trkpt>
      <trkpt lat="35.11711" lon="-111.81322">
        <ele>2202.0</ele>
      </trkpt>
      <trkpt lat="35.11699" lon="-111.81326">
        <ele>2201.49</ele>
      </trkpt>
      <trkpt lat="35.11686" lon="-111.8133">
        <ele>2201.0</ele>
      </trkpt>
      <trkpt lat="35.11676" lon="-111.81333">
        <ele>2201.0</ele>
      </trkpt>
      <trkpt lat="35.11664" lon="-111.81335">
        <ele>2200.0</ele>
      </trkpt>
      <trkpt lat="35.11651" lon="-111.81337">
        <ele>2200.0</ele>
      </trkpt>
      <trkpt lat="35.11638" lon="-111.81339">
        <ele>2200.39</ele>
      </trkpt>
      <trkpt lat="35.11628" lon="-111.8134">
        <ele>2200.28</ele>
      </trkpt>
      <trkpt lat="35.11616" lon="-111.81343">
        <ele>2199.98</ele>
      </trkpt>
      <trkpt lat="35.11605" lon="-111.81345">
        <ele>2199.74</ele>
      </trkpt>
      <trkpt lat="35.11591" lon="-111.81347">
        <ele>2199.43</ele>
      </trkpt>
      <trkpt lat="35.11579" lon="-111.81351">
        <ele>2199.0</ele>
      </trkpt>
      <trkpt lat="35.11565" lon="-111.81354">
        <ele>2198.02</ele>
      </trkpt>
      <trkpt lat="35.11551" lon="-111.81355">
        <ele>2197.51</ele>
      </trkpt>
      <trkpt lat="35.11537" lon="-111.81356">
        <ele>2197.0</ele>
      </trkpt>
      <trkpt lat="35.11524" lon="-111.81357">
        <ele>2196.0</ele>
      </trkpt>
      <trkpt lat="35.11513" lon="-111.81358">
        <ele>2195.4</ele>
      </trkpt>
      <trkpt lat="35.11503" lon="-111.81359">
        <ele>2195.0</ele>
      </trkpt>
      <trkpt lat="35.11493" lon="-111.8136">
        <ele>2195.0</ele>
      </trkpt>
      <trkpt lat="35.11482" lon="-111.81361">
        <ele>2194.99</ele>
      </trkpt>
      <trkpt lat="35.11471" lon="-111.81361">
        <ele>2194.0</ele>
      </trkpt>
      <trkpt lat="35.11459" lon="-111.81362">
        <ele>2194.0</ele>
      </trkpt>
      <trkpt lat="35.11447" lon="-111.81362">
        <ele>2193.28</ele>
      </trkpt>
      <trkpt lat="35.11432" lon="-111.81361">
        <ele>2193.0</ele>
      </trkpt>
      <trkpt lat="35.1142" lon="-111.81361">
        <ele>2193.0</ele>
      </trkpt>
      <trkpt lat="35.11407" lon="-111.81361">
        <ele>2193.0</ele>
      </trkpt>
      <trkpt lat="35.11395" lon="-111.81361">
        <ele>2193.0</ele>
      </trkpt>
      <trkpt lat="35.11384" lon="-111.81362">
        <ele>2193.53</ele>
      </trkpt>
      <trkpt lat="35.11372" lon="-111.81362">
        <ele>2194.0</ele>
      </trkpt>
      <trkpt lat="35.11362" lon="-111.81362">
        <ele>2194.0</ele>
      </trkpt>
      <trkpt lat="35.1135" lon="-111.81361">
        <ele>2195.0</ele>
      </trkpt>
      <trkpt lat="35.11335" lon="-111.8136">
        <ele>2195.82</ele>
      </trkpt>
      <trkpt lat="35.11322" lon="-111.81359">
        <ele>2196.0</ele>
      </trkpt>
      <trkpt lat="35.11306" lon="-111.81358">
        <ele>2196.0</ele>
      </trkpt>
      <trkpt lat="35.11294" lon="-111.81356">
        <ele>2196.45</ele>
      </trkpt>
      <trkpt lat="35.1128" lon="-111.81354">
        <ele>2196.23</ele>
      </trkpt>
      <trkpt lat="35.11265" lon="-111.81353">
        <ele>2196.12</ele>
      </trkpt>
      <trkpt lat="35.11252" lon="-111.8135">
        <ele>2196.63</ele>
      </trkpt>
      <trkpt lat="35.11239" lon="-111.81348">
        <ele>2196.58</ele>
      </trkpt>
      <trkpt lat="35.11224" lon="-111.81346">
        <ele>2196.07</ele>
      </trkpt>
      <trkpt lat="35.11211" lon="-111.81344">
        <ele>2196.0</ele>
      </trkpt>
      <trkpt lat="35.11196" lon="-111.81342">
        <ele>2195.94</ele>
      </trkpt>
      <trkpt lat="35.11181" lon="-111.8134">
        <ele>2195.85</ele>
      </trkpt>
      <trkpt lat="35.11167" lon="-111.81337">
        <ele>2196.0</ele>
      </trkpt>
      <trkpt lat="35.11153" lon="-111.81333">
        <ele>2195.0</ele>
      </trkpt>
      <trkpt lat="35.11139" lon="-111.81329">
        <ele>2194.54</ele>
      </trkpt>
      <trkpt lat="35.11126" lon="-111.81326">
        <ele>2194.21</ele>
      </trkpt>
      <trkpt lat="35.11112" lon="-111.81322">
        <ele>2194.0</ele>
      </trkpt>
      <trkpt lat="35.111" lon="-111.81318">
        <ele>2194.0</ele>
      </trkpt>
      <trkpt lat="35.11088" lon="-111.81314">
        <ele>2193.91</ele>
      </trkpt>
      <trkpt lat="35.11075" lon="-111.8131">
        <ele>2193.48</ele>
      </trkpt>
      <trkpt lat="35.11062" lon="-111.81307">
        <ele>2193.16</ele>
      </trkpt>
      <trkpt lat="35.11049" lon="-111.81303">
        <ele>2193.0</ele>
      </trkpt>
      <trkpt lat="35.11034" lon="-111.813">
        <ele>2193.0</ele>
      </trkpt>
      <trkpt lat="35.11021" lon="-111.81297">
        <ele>2192.32</ele>
      </trkpt>
      <trkpt lat="35.11006" lon="-111.81294">
        <ele>2192.0</ele>
      </trkpt>
      <trkpt lat="35.10994" lon="-111.8129">
        <ele>2192.0</ele>
      </trkpt>
      <trkpt lat="35.10982" lon="-111.81287">
        <ele>2192.0</ele>
      </trkpt>
      <trkpt lat="35.10968" lon="-111.81283">
        <ele>2191.56</ele>
      </trkpt>
      <trkpt lat="35.10954" lon="-111.8128">
        <ele>2191.24</ele>
      </trkpt>
      <trkpt lat="35.10942" lon="-111.81276">
        <ele>2191.0</ele>
      </trkpt>
      <trkpt lat="35.10929" lon="-111.81272">
        <ele>2191.0</ele>
      </trkpt>
      <trkpt lat="35.10918" lon="-111.81268">
        <ele>2190.94</ele>
      </trkpt>
      <trkpt lat="35.10906" lon="-111.81265">
        <ele>2190.62</ele>
      </trkpt>
      <trkpt lat="35.10894" lon="-111.81262">
        <ele>2190.3</ele>
      </trkpt>
      <trkpt lat="35.10882" lon="-111.81258">
        <ele>2190.0</ele>
      </trkpt>
      <trkpt lat="35.10871" lon="-111.81255">
        <ele>2190.0</ele>
      </trkpt>
      <trkpt lat="35.1086" lon="-111.81251">
        <ele>2190.0</ele>
      </trkpt>
      <trkpt lat="35.10849" lon="-111.81247">
        <ele>2189.68</ele>
      </trkpt>
      <trkpt lat="35.10838" lon="-111.81244">
        <ele>2189.18</ele>
      </trkpt>
      <trkpt lat="35.10826" lon="-111.81241">
        <ele>2189.0</ele>
      </trkpt>
      <trkpt lat="35.10814" lon="-111.81238">
        <ele>2189.0</ele>
      </trkpt>
      <trkpt lat="35.10803" lon="-111.81235">
        <ele>2189.0</ele>
      </trkpt>
      <trkpt lat="35.10793" lon="-111.81233">
        <ele>2189.0</ele>
      </trkpt>
      <trkpt lat="35.10783" lon="-111.81231">
        <ele>2188.98</ele>
      </trkpt>
      <trkpt lat="35.10773" lon="-111.81229">
        <ele>2188.73</ele>
      </trkpt>
      <trkpt lat="35.10763" lon="-111.81226">
        <ele>2188.16</ele>
      </trkpt>
      <trkpt lat="35.10753" lon="-111.81224">
        <ele>2188.0</ele>
      </trkpt>
      <trkpt lat="35.10743" lon="-111.81221">
        <ele>2188.0</ele>
      </trkpt>
      <trkpt lat="35.10732" lon="-111.81219">
        <ele>2188.0</ele>
      </trkpt>
      <trkpt lat="35.10721" lon="-111.81216">
        <ele>2188.0</ele>
      </trkpt>
      <trkpt lat="35.1071" lon="-111.81214">
        <ele>2188.0</ele>
      </trkpt>
      <trkpt lat="35.10699" lon="-111.81211">
        <ele>2188.0</ele>
      </trkpt>
      <trkpt lat="35.1069" lon="-111.81209">
        <ele>2187.79</ele>
      </trkpt>
      <trkpt lat="35.10681" lon="-111.81208">
        <ele>2187.25</ele>
      </trkpt>
      <trkpt lat="35.10671" lon="-111.81207">
        <ele>2187.0</ele>
      </trkpt>
      <trkpt lat="35.10661" lon="-111.81207">
        <ele>2187.0</ele>
      </trkpt>
      <trkpt lat="35.10649" lon="-111.81207">
        <ele>2187.0</ele>
      </trkpt>
      <trkpt lat="35.10638" lon="-111.81207">
        <ele>2186.9</ele>
      </trkpt>
      <trkpt lat="35.10624" lon="-111.81207">
        <ele>2186.0</ele>
      </trkpt>
      <trkpt lat="35.10612" lon="-111.81208">
        <ele>2186.0</ele>
      </trkpt>
      <trkpt lat="35.10601" lon="-111.81209">
        <ele>2186.0</ele>
      </trkpt>
      <trkpt lat="35.10593" lon="-111.81211">
        <ele>2186.0</ele>
      </trkpt>
      <trkpt lat="35.10585" lon="-111.81213">
        <ele>2186.0</ele>
      </trkpt>
      <trkpt lat="35.10575" lon="-111.81217">
        <ele>2186.0</ele>
      </trkpt>
      <trkpt lat="35.10562" lon="-111.8122">
        <ele>2186.0</ele>
      </trkpt>
      <trkpt lat="35.1055" lon="-111.81224">
        <ele>2186.0</ele>
      </trkpt>
      <trkpt lat="35.10534" lon="-111.81229">
        <ele>2186.0</ele>
      </trkpt>
      <trkpt lat="35.10521" lon="-111.81235">
        <ele>2186.0</ele>
      </trkpt>
      <trkpt lat="35.10508" lon="-111.8124">
        <ele>2186.0</ele>
      </trkpt>
      <trkpt lat="35.10495" lon="-111.81245">
        <ele>2186.0</ele>
      </trkpt>
      <trkpt lat="35.10482" lon="-111.8125">
        <ele>2186.0</ele>
      </trkpt>
      <trkpt lat="35.10469" lon="-111.81255">
        <ele>2186.0</ele>
      </trkpt>
      <trkpt lat="35.10455" lon="-111.81262">
        <ele>2186.0</ele>
      </trkpt>
      <trkpt lat="35.1044" lon="-111.81268">
        <ele>2186.0</ele>
      </trkpt>
      <trkpt lat="35.10425" lon="-111.81274">
        <ele>2186.0</ele>
      </trkpt>
      <trkpt lat="35.10411" lon="-111.8128">
        <ele>2186.0</ele>
      </trkpt>
      <trkpt lat="35.10395" lon="-111.81286">
        <ele>2186.0</ele>
      </trkpt>
      <trkpt lat="35.1038" lon="-111.81293">
        <ele>2186.0</ele>
      </trkpt>
      <trkpt lat="35.10365" lon="-111.81299">
        <ele>2186.0</ele>
      </trkpt>
      <trkpt lat="35.1035" lon="-111.81305">
        <ele>2186.0</ele>
      </trkpt>
      <trkpt lat="35.10335" lon="-111.81311">
        <ele>2186.0</ele>
      </trkpt>
      <trkpt lat="35.10318" lon="-111.81318">
        <ele>2186.0</ele>
      </trkpt>
      <trkpt lat="35.10304" lon="-111.81324">
        <ele>2186.0</ele>
      </trkpt>
      <trkpt lat="35.10288" lon="-111.8133">
        <ele>2186.0</ele>
      </trkpt>
      <trkpt lat="35.10272" lon="-111.81337">
        <ele>2186.4</ele>
      </trkpt>
      <trkpt lat="35.10256" lon="-111.81344">
        <ele>2186.1</ele>
      </trkpt>
      <trkpt lat="35.10241" lon="-111.81351">
        <ele>2186.0</ele>
      </trkpt>
      <trkpt lat="35.10227" lon="-111.81357">
        <ele>2186.0</ele>
      </trkpt>
      <trkpt lat="35.10212" lon="-111.81362">
        <ele>2186.0</ele>
      </trkpt>
      <trkpt lat="35.10197" lon="-111.81368">
        <ele>2186.0</ele>
      </trkpt>
      <trkpt lat="35.10182" lon="-111.81373">
        <ele>2186.0</ele>
      </trkpt>
      <trkpt lat="35.10167" lon="-111.81379">
        <ele>2186.0</ele>
      </trkpt>
      <trkpt lat="35.10151" lon="-111.81385">
        <ele>2186.0</ele>
      </trkpt>
      <trkpt lat="35.10136" lon="-111.81391">
        <ele>2186.0</ele>
      </trkpt>
      <trkpt lat="35.10121" lon="-111.81397">
        <ele>2186.0</ele>
      </trkpt>
      <trkpt lat="35.10107" lon="-111.81403">
        <ele>2186.0</ele>
      </trkpt>
      <trkpt lat="35.10092" lon="-111.81409">
        <ele>2186.0</ele>
      </trkpt>
      <trkpt lat="35.10078" lon="-111.81415">
        <ele>2186.0</ele>
      </trkpt>
      <trkpt lat="35.10064" lon="-111.81421">
        <ele>2186.0</ele>
      </trkpt>
      <trkpt lat="35.10051" lon="-111.81426">
        <ele>2186.0</ele>
      </trkpt>
      <trkpt lat="35.10037" lon="-111.81432">
        <ele>2186.0</ele>
      </trkpt>
      <trkpt lat="35.10024" lon="-111.81437">
        <ele>2186.0</ele>
      </trkpt>
      <trkpt lat="35.1001" lon="-111.81442">
        <ele>2186.0</ele>
      </trkpt>
      <trkpt lat="35.09996" lon="-111.81448">
        <ele>2186.0</ele>
      </trkpt>
      <trkpt lat="35.09981" lon="-111.81454">
        <ele>2186.0</ele>
      </trkpt>
      <trkpt lat="35.09966" lon="-111.81459">
        <ele>2186.0</ele>
      </trkpt>
      <trkpt lat="35.09951" lon="-111.81465">
        <ele>2186.0</ele>
      </trkpt>
      <trkpt lat="35.09936" lon="-111.8147">
        <ele>2186.0</ele>
      </trkpt>
      <trkpt lat="35.09921" lon="-111.81476">
        <ele>2186.53</ele>
      </trkpt>
      <trkpt lat="35.09906" lon="-111.81482">
        <ele>2187.15</ele>
      </trkpt>
      <trkpt lat="35.09891" lon="-111.81488">
        <ele>2188.0</ele>
      </trkpt>
      <trkpt lat="35.09875" lon="-111.81494">
        <ele>2188.0</ele>
      </trkpt>
      <trkpt lat="35.0986" lon="-111.815">
        <ele>2188.0</ele>
      </trkpt>
      <trkpt lat="35.09845" lon="-111.81506">
        <ele>2188.0</ele>
      </trkpt>
      <trkpt lat="35.0983" lon="-111.81512">
        <ele>2189.0</ele>
      </trkpt>
      <trkpt lat="35.09816" lon="-111.81518">
        <ele>2189.0</ele>
      </trkpt>
      <trkpt lat="35.09802" lon="-111.81523">
        <ele>2189.0</ele>
      </trkpt>
      <trkpt lat="35.09788" lon="-111.81528">
        <ele>2189.0</ele>
      </trkpt>
      <trkpt lat="35.09773" lon="-111.81534">
        <ele>2188.67</ele>
      </trkpt>
      <trkpt lat="35.09759" lon="-111.81541">
        <ele>2188.0</ele>
      </trkpt>
      <trkpt lat="35.09746" lon="-111.81546">
        <ele>2188.0</ele>
      </trkpt>
      <trkpt lat="35.09732" lon="-111.81552">
        <ele>2188.0</ele>
      </trkpt>
      <trkpt lat="35.09718" lon="-111.81557">
        <ele>2188.0</ele>
      </trkpt>
      <trkpt lat="35.09704" lon="-111.81563">
        <ele>2188.0</ele>
      </trkpt>
      <trkpt lat="35.0969" lon="-111.81569">
        <ele>2188.0</ele>
      </trkpt>
      <trkpt lat="35.09677" lon="-111.81574">
        <ele>2188.0</ele>
      </trkpt>
      <trkpt lat="35.09662" lon="-111.8158">
        <ele>2188.0</ele>
      </trkpt>
      <trkpt lat="35.09647" lon="-111.81586">
        <ele>2187.0</ele>
      </trkpt>
      <trkpt lat="35.09633" lon="-111.81592">
        <ele>2187.0</ele>
      </trkpt>
      <trkpt lat="35.09618" lon="-111.81599">
        <ele>2187.0</ele>
      </trkpt>
      <trkpt lat="35.09604" lon="-111.81605">
        <ele>2187.0</ele>
      </trkpt>
      <trkpt lat="35.0959" lon="-111.81611">
        <ele>2187.99</ele>
      </trkpt>
      <trkpt lat="35.09576" lon="-111.81617">
        <ele>2188.0</ele>
      </trkpt>
      <trkpt lat="35.09563" lon="-111.81623">
        <ele>2188.0</ele>
      </trkpt>
      <trkpt lat="35.09549" lon="-111.81628">
        <ele>2188.0</ele>
      </trkpt>
      <trkpt lat="35.09536" lon="-111.81633">
        <ele>2188.0</ele>
      </trkpt>
      <trkpt lat="35.09523" lon="-111.81638">
        <ele>2188.0</ele>
      </trkpt>
      <trkpt lat="35.09509" lon="-111.81643">
        <ele>2188.0</ele>
      </trkpt>
      <trkpt lat="35.09496" lon="-111.81649">
        <ele>2188.0</ele>
      </trkpt>
      <trkpt lat="35.09483" lon="-111.81653">
        <ele>2188.0</ele>
      </trkpt>
      <trkpt lat="35.09469" lon="-111.81658">
        <ele>2188.0</ele>
      </trkpt>
      <trkpt lat="35.09456" lon="-111.81663">
        <ele>2188.0</ele>
      </trkpt>
      <trkpt lat="35.09442" lon="-111.81668">
        <ele>2188.37</ele>
      </trkpt>
      <trkpt lat="35.09428" lon="-111.81674">
        <ele>2189.0</ele>
      </trkpt>
      <trkpt lat="35.09413" lon="-111.81679">
        <ele>2189.0</ele>
      </trkpt>
      <trkpt lat="35.09399" lon="-111.81684">
        <ele>2189.0</ele>
      </trkpt>
      <trkpt lat="35.09384" lon="-111.81689">
        <ele>2189.0</ele>
      </trkpt>
      <trkpt lat="35.0937" lon="-111.81695">
        <ele>2189.0</ele>
      </trkpt>
      <trkpt lat="35.09357" lon="-111.81701">
        <ele>2189.0</ele>
      </trkpt>
      <trkpt lat="35.09344" lon="-111.81707">
        <ele>2189.0</ele>
      </trkpt>
      <trkpt lat="35.0933" lon="-111.81712">
        <ele>2189.0</ele>
      </trkpt>
      <trkpt lat="35.09317" lon="-111.81717">
        <ele>2189.0</ele>
      </trkpt>
      <trkpt lat="35.09303" lon="-111.81722">
        <ele>2189.98</ele>
      </trkpt>
      <trkpt lat="35.0929" lon="-111.81729">
        <ele>2190.0</ele>
      </trkpt>
      <trkpt lat="35.09277" lon="-111.81735">
        <ele>2190.0</ele>
      </trkpt>
      <trkpt lat="35.09264" lon="-111.8174">
        <ele>2190.0</ele>
      </trkpt>
      <trkpt lat="35.0925" lon="-111.81746">
        <ele>2190.0</ele>
      </trkpt>
      <trkpt lat="35.09238" lon="-111.81751">
        <ele>2190.0</ele>
      </trkpt>
      <trkpt lat="35.09225" lon="-111.81757">
        <ele>2190.0</ele>
      </trkpt>
      <trkpt lat="35.09214" lon="-111.81762">
        <ele>2190.0</ele>
      </trkpt>
      <trkpt lat="35.09202" lon="-111.81767">
        <ele>2190.0</ele>
      </trkpt>
      <trkpt lat="35.09192" lon="-111.81771">
        <ele>2190.0</ele>
      </trkpt>
      <trkpt lat="35.09183" lon="-111.81774">
        <ele>2190.0</ele>
      </trkpt>
      <trkpt lat="35.09173" lon="-111.81777">
        <ele>2190.0</ele>
      </trkpt>
      <trkpt lat="35.09163" lon="-111.81781">
        <ele>2190.0</ele>
      </trkpt>
      <trkpt lat="35.09154" lon="-111.81785">
        <ele>2190.0</ele>
      </trkpt>
      <trkpt lat="35.09144" lon="-111.81789">
        <ele>2190.09</ele>
      </trkpt>
      <trkpt lat="35.09135" lon="-111.81793">
        <ele>2190.64</ele>
      </trkpt>
      <trkpt lat="35.09127" lon="-111.81797">
        <ele>2190.74</ele>
      </trkpt>
      <trkpt lat="35.09117" lon="-111.818">
        <ele>2190.4</ele>
      </trkpt>
      <trkpt lat="35.09109" lon="-111.81803">
        <ele>2190.72</ele>
      </trkpt>
      <trkpt lat="35.091" lon="-111.81807">
        <ele>2190.83</ele>
      </trkpt>
      <trkpt lat="35.09091" lon="-111.8181">
        <ele>2190.48</ele>
      </trkpt>
      <trkpt lat="35.09083" lon="-111.81814">
        <ele>2190.91</ele>
      </trkpt>
      <trkpt lat="35.09075" lon="-111.81817">
        <ele>2191.0</ele>
      </trkpt>
      <trkpt lat="35.09066" lon="-111.81821">
        <ele>2190.71</ele>
      </trkpt>
      <trkpt lat="35.09057" lon="-111.81824">
        <ele>2190.99</ele>
      </trkpt>
      <trkpt lat="35.09048" lon="-111.81828">
        <ele>2191.0</ele>
      </trkpt>
      <trkpt lat="35.0904" lon="-111.81832">
        <ele>2190.9</ele>
      </trkpt>
      <trkpt lat="35.09032" lon="-111.81836">
        <ele>2191.0</ele>
      </trkpt>
      <trkpt lat="35.09023" lon="-111.8184">
        <ele>2191.0</ele>
      </trkpt>
      <trkpt lat="35.09014" lon="-111.81845">
        <ele>2191.0</ele>
      </trkpt>
      <trkpt lat="35.09006" lon="-111.81849">
        <ele>2191.0</ele>
      </trkpt>
      <trkpt lat="35.08998" lon="-111.81855">
        <ele>2191.48</ele>
      </trkpt>
      <trkpt lat="35.0899" lon="-111.8186">
        <ele>2192.0</ele>
      </trkpt>
      <trkpt lat="35.08981" lon="-111.81865">
        <ele>2192.0</ele>
      </trkpt>
      <trkpt lat="35.08973" lon="-111.8187">
        <ele>2192.0</ele>
      </trkpt>
      <trkpt lat="35.08966" lon="-111.81876">
        <ele>2192.67</ele>
      </trkpt>
      <trkpt lat="35.08959" lon="-111.81882">
        <ele>2193.0</ele>
      </trkpt>
      <trkpt lat="35.08952" lon="-111.81888">
        <ele>2193.0</ele>
      </trkpt>
      <trkpt lat="35.08945" lon="-111.81893">
        <ele>2193.0</ele>
      </trkpt>
      <trkpt lat="35.08938" lon="-111.819">
        <ele>2193.0</ele>
      </trkpt>
      <trkpt lat="35.08932" lon="-111.81907">
        <ele>2193.0</ele>
      </trkpt>
      <trkpt lat="35.08925" lon="-111.81914">
        <ele>2193.74</ele>
      </trkpt>
      <trkpt lat="35.08917" lon="-111.81921">
        <ele>2194.0</ele>
      </trkpt>
      <trkpt lat="35.08909" lon="-111.81928">
        <ele>2194.0</ele>
      </trkpt>
      <trkpt lat="35.08902" lon="-111.81936">
        <ele>2194.0</ele>
      </trkpt>
      <trkpt lat="35.08894" lon="-111.81943">
        <ele>2194.0</ele>
      </trkpt>
      <trkpt lat="35.08885" lon="-111.81951">
        <ele>2194.83</ele>
      </trkpt>
      <trkpt lat="35.08877" lon="-111.81959">
        <ele>2195.0</ele>
      </trkpt>
      <trkpt lat="35.0887" lon="-111.81967">
        <ele>2195.0</ele>
      </trkpt>
      <trkpt lat="35.08862" lon="-111.81974">
        <ele>2195.0</ele>
      </trkpt>
      <trkpt lat="35.08856" lon="-111.81981">
        <ele>2195.0</ele>
      </trkpt>
      <trkpt lat="35.08849" lon="-111.81989">
        <ele>2195.25</ele>
      </trkpt>
      <trkpt lat="35.08842" lon="-111.81997">
        <ele>2196.0</ele>
      </trkpt>
      <trkpt lat="35.08835" lon="-111.82004">
        <ele>2196.0</ele>
      </trkpt>
      <trkpt lat="35.08827" lon="-111.82012">
        <ele>2196.0</ele>
      </trkpt>
      <trkpt lat="35.0882" lon="-111.82019">
        <ele>2196.02</ele>
      </trkpt>
      <trkpt lat="35.08813" lon="-111.82027">
        <ele>2196.92</ele>
      </trkpt>
      <trkpt lat="35.08805" lon="-111.82035">
        <ele>2197.0</ele>
      </trkpt>
      <trkpt lat="35.08798" lon="-111.82043">
        <ele>2197.0</ele>
      </trkpt>
      <trkpt lat="35.0879" lon="-111.82052">
        <ele>2197.0</ele>
      </trkpt>
      <trkpt lat="35.08783" lon="-111.8206">
        <ele>2197.0</ele>
      </trkpt>
      <trkpt lat="35.08776" lon="-111.82068">
        <ele>2197.0</ele>
      </trkpt>
      <trkpt lat="35.08768" lon="-111.82075">
        <ele>2197.0</ele>
      </trkpt>
      <trkpt lat="35.0876" lon="-111.82082">
        <ele>2197.0</ele>
      </trkpt>
      <trkpt lat="35.08752" lon="-111.82089">
        <ele>2197.0</ele>
      </trkpt>
      <trkpt lat="35.08744" lon="-111.82097">
        <ele>2197.0</ele>
      </trkpt>
      <trkpt lat="35.08736" lon="-111.82106">
        <ele>2197.0</ele>
      </trkpt>
      <trkpt lat="35.08728" lon="-111.82113">
        <ele>2197.3</ele>
      </trkpt>
      <trkpt lat="35.0872" lon="-111.82121">
        <ele>2197.24</ele>
      </trkpt>
      <trkpt lat="35.08712" lon="-111.82129">
        <ele>2198.0</ele>
      </trkpt>
      <trkpt lat="35.08705" lon="-111.82138">
        <ele>2197.87</ele>
      </trkpt>
      <trkpt lat="35.08698" lon="-111.82147">
        <ele>2198.0</ele>
      </trkpt>
      <trkpt lat="35.0869" lon="-111.82155">
        <ele>2198.0</ele>
      </trkpt>
      <trkpt lat="35.08683" lon="-111.82165">
        <ele>2198.0</ele>
      </trkpt>
      <trkpt lat="35.08675" lon="-111.82175">
        <ele>2198.0</ele>
      </trkpt>
      <trkpt lat="35.08669" lon="-111.82185">
        <ele>2198.0</ele>
      </trkpt>
      <trkpt lat="35.08662" lon="-111.82194">
        <ele>2198.0</ele>
      </trkpt>
      <trkpt lat="35.08654" lon="-111.82204">
        <ele>2198.0</ele>
      </trkpt>
      <trkpt lat="35.08647" lon="-111.82213">
        <ele>2198.0</ele>
      </trkpt>
      <trkpt lat="35.0864" lon="-111.82221">
        <ele>2198.0</ele>
      </trkpt>
      <trkpt lat="35.08633" lon="-111.82228">
        <ele>2198.0</ele>
      </trkpt>
      <trkpt lat="35.08626" lon="-111.82234">
        <ele>2198.0</ele>
      </trkpt>
      <trkpt lat="35.08619" lon="-111.82241">
        <ele>2198.0</ele>
      </trkpt>
      <trkpt lat="35.08612" lon="-111.82247">
        <ele>2198.0</ele>
      </trkpt>
      <trkpt lat="35.08605" lon="-111.82255">
        <ele>2198.0</ele>
      </trkpt>
      <trkpt lat="35.08598" lon="-111.82263">
        <ele>2198.0</ele>
      </trkpt>
      <trkpt lat="35.08592" lon="-111.82272">
        <ele>2198.0</ele>
      </trkpt>
      <trkpt lat="35.08584" lon="-111.82279">
        <ele>2198.0</ele>
      </trkpt>
      <trkpt lat="35.08577" lon="-111.82286">
        <ele>2198.0</ele>
      </trkpt>
      <trkpt lat="35.08569" lon="-111.82293">
        <ele>2197.16</ele>
      </trkpt>
      <trkpt lat="35.08562" lon="-111.82303">
        <ele>2197.0</ele>
      </trkpt>
      <trkpt lat="35.08556" lon="-111.82311">
        <ele>2196.44</ele>
      </trkpt>
      <trkpt lat="35.08548" lon="-111.82322">
        <ele>2196.0</ele>
      </trkpt>
      <trkpt lat="35.0854" lon="-111.82331">
        <ele>2195.25</ele>
      </trkpt>
      <trkpt lat="35.08532" lon="-111.82341">
        <ele>2195.0</ele>
      </trkpt>
      <trkpt lat="35.08525" lon="-111.82351">
        <ele>2195.0</ele>
      </trkpt>
      <trkpt lat="35.08518" lon="-111.8236">
        <ele>2195.0</ele>
      </trkpt>
      <trkpt lat="35.0851" lon="-111.82371">
        <ele>2195.0</ele>
      </trkpt>
      <trkpt lat="35.08503" lon="-111.82383">
        <ele>2195.0</ele>
      </trkpt>
      <trkpt lat="35.08494" lon="-111.82394">
        <ele>2194.45</ele>
      </trkpt>
      <trkpt lat="35.08487" lon="-111.82405">
        <ele>2194.0</ele>
      </trkpt>
      <trkpt lat="35.08479" lon="-111.82415">
        <ele>2194.0</ele>
      </trkpt>
      <trkpt lat="35.08471" lon="-111.82427">
        <ele>2193.0</ele>
      </trkpt>
      <trkpt lat="35.08464" lon="-111.82438">
        <ele>2193.0</ele>
      </trkpt>
      <trkpt lat="35.08456" lon="-111.8245">
        <ele>2193.0</ele>
      </trkpt>
      <trkpt lat="35.08449" lon="-111.82462">
        <ele>2193.0</ele>
      </trkpt>
      <trkpt lat="35.08441" lon="-111.82474">
        <ele>2193.0</ele>
      </trkpt>
      <trkpt lat="35.08433" lon="-111.82485">
        <ele>2193.0</ele>
      </trkpt>
      <trkpt lat="35.08425" lon="-111.82495">
        <ele>2193.0</ele>
      </trkpt>
      <trkpt lat="35.08418" lon="-111.82504">
        <ele>2193.0</ele>
      </trkpt>
      <trkpt lat="35.0841" lon="-111.82515">
        <ele>2193.0</ele>
      </trkpt>
      <trkpt lat="35.08402" lon="-111.82525">
        <ele>2193.0</ele>
      </trkpt>
      <trkpt lat="35.08394" lon="-111.82535">
        <ele>2193.0</ele>
      </trkpt>
      <trkpt lat="35.08386" lon="-111.82547">
        <ele>2193.0</ele>
      </trkpt>
      <trkpt lat="35.08379" lon="-111.82558">
        <ele>2193.0</ele>
      </trkpt>
      <trkpt lat="35.08371" lon="-111.82569">
        <ele>2193.0</ele>
      </trkpt>
      <trkpt lat="35.08364" lon="-111.82579">
        <ele>2193.0</ele>
      </trkpt>
      <trkpt lat="35.08358" lon="-111.82589">
        <ele>2193.0</ele>
      </trkpt>
      <trkpt lat="35.08352" lon="-111.82598">
        <ele>2193.0</ele>
      </trkpt>
      <trkpt lat="35.08345" lon="-111.82607">
        <ele>2193.0</ele>
      </trkpt>
      <trkpt lat="35.08339" lon="-111.82615">
        <ele>2193.0</ele>
      </trkpt>
      <trkpt lat="35.08333" lon="-111.82624">
        <ele>2193.0</ele>
      </trkpt>
      <trkpt lat="35.08326" lon="-111.82632">
        <ele>2193.0</ele>
      </trkpt>
      <trkpt lat="35.0832" lon="-111.82642">
        <ele>2193.0</ele>
      </trkpt>
      <trkpt lat="35.08313" lon="-111.82651">
        <ele>2193.0</ele>
      </trkpt>
      <trkpt lat="35.08306" lon="-111.82662">
        <ele>2193.0</ele>
      </trkpt>
      <trkpt lat="35.08298" lon="-111.82673">
        <ele>2193.94</ele>
      </trkpt>
      <trkpt lat="35.08291" lon="-111.82684">
        <ele>2194.0</ele>
      </trkpt>
      <trkpt lat="35.08283" lon="-111.82694">
        <ele>2194.0</ele>
      </trkpt>
      <trkpt lat="35.08275" lon="-111.82706">
        <ele>2194.0</ele>
      </trkpt>
      <trkpt lat="35.08267" lon="-111.82718">
        <ele>2194.0</ele>
      </trkpt>
      <trkpt lat="35.08258" lon="-111.82728">
        <ele>2194.0</ele>
      </trkpt>
      <trkpt lat="35.0825" lon="-111.82737">
        <ele>2194.0</ele>
      </trkpt>
      <trkpt lat="35.08242" lon="-111.82749">
        <ele>2194.0</ele>
      </trkpt>
      <trkpt lat="35.08235" lon="-111.8276">
        <ele>2194.0</ele>
      </trkpt>
      <trkpt lat="35.08227" lon="-111.82771">
        <ele>2194.0</ele>
      </trkpt>
      <trkpt lat="35.08218" lon="-111.82781">
        <ele>2194.0</ele>
      </trkpt>
      <trkpt lat="35.08209" lon="-111.82792">
        <ele>2194.0</ele>
      </trkpt>
      <trkpt lat="35.08201" lon="-111.82804">
        <ele>2194.0</ele>
      </trkpt>
      <trkpt lat="35.08194" lon="-111.82817">
        <ele>2194.0</ele>
      </trkpt>
      <trkpt lat="35.08186" lon="-111.82831">
        <ele>2194.0</ele>
      </trkpt>
      <trkpt lat="35.08176" lon="-111.82844">
        <ele>2194.0</ele>
      </trkpt>
      <trkpt lat="35.08167" lon="-111.82857">
        <ele>2193.02</ele>
      </trkpt>
      <trkpt lat="35.08159" lon="-111.8287">
        <ele>2193.0</ele>
      </trkpt>
      <trkpt lat="35.08151" lon="-111.82882">
        <ele>2193.0</ele>
      </trkpt>
      <trkpt lat="35.08143" lon="-111.82895">
        <ele>2193.0</ele>
      </trkpt>
      <trkpt lat="35.08134" lon="-111.82904">
        <ele>2193.0</ele>
      </trkpt>
      <trkpt lat="35.08125" lon="-111.82917">
        <ele>2193.0</ele>
      </trkpt>
      <trkpt lat="35.08117" lon="-111.82928">
        <ele>2193.0</ele>
      </trkpt>
      <trkpt lat="35.08109" lon="-111.8294">
        <ele>2193.0</ele>
      </trkpt>
      <trkpt lat="35.08101" lon="-111.82952">
        <ele>2193.0</ele>
      </trkpt>
      <trkpt lat="35.08092" lon="-111.82965">
        <ele>2193.0</ele>
      </trkpt>
      <trkpt lat="35.08083" lon="-111.82976">
        <ele>2193.0</ele>
      </trkpt>
      <trkpt lat="35.08074" lon="-111.82987">
        <ele>2193.0</ele>
      </trkpt>
      <trkpt lat="35.08066" lon="-111.82999">
        <ele>2193.0</ele>
      </trkpt>
      <trkpt lat="35.08058" lon="-111.83012">
        <ele>2193.0</ele>
      </trkpt>
      <trkpt lat="35.08049" lon="-111.83025">
        <ele>2193.0</ele>
      </trkpt>
      <trkpt lat="35.08038" lon="-111.83035">
        <ele>2193.0</ele>
      </trkpt>
      <trkpt lat="35.08028" lon="-111.83046">
        <ele>2193.0</ele>
      </trkpt>
      <trkpt lat="35.08018" lon="-111.83058">
        <ele>2193.0</ele>
      </trkpt>
      <trkpt lat="35.08009" lon="-111.83068">
        <ele>2193.02</ele>
      </trkpt>
      <trkpt lat="35.07999" lon="-111.83079">
        <ele>2193.05</ele>
      </trkpt>
      <trkpt lat="35.07989" lon="-111.8309">
        <ele>2193.05</ele>
      </trkpt>
      <trkpt lat="35.07981" lon="-111.83099">
        <ele>2193.0</ele>
      </trkpt>
      <trkpt lat="35.0797" lon="-111.83107">
        <ele>2193.0</ele>
      </trkpt>
      <trkpt lat="35.07959" lon="-111.83116">
        <ele>2193.0</ele>
      </trkpt>
      <trkpt lat="35.07947" lon="-111.83123">
        <ele>2193.0</ele>
      </trkpt>
      <trkpt lat="35.07935" lon="-111.83131">
        <ele>2193.0</ele>
      </trkpt>
      <trkpt lat="35.07922" lon="-111.83139">
        <ele>2193.42</ele>
      </trkpt>
      <trkpt lat="35.07909" lon="-111.83146">
        <ele>2194.0</ele>
      </trkpt>
      <trkpt lat="35.07897" lon="-111.83154">
        <ele>2194.0</ele>
      </trkpt>
      <trkpt lat="35.07885" lon="-111.83162">
        <ele>2194.42</ele>
      </trkpt>
      <trkpt lat="35.07872" lon="-111.83168">
        <ele>2195.0</ele>
      </trkpt>
      <trkpt lat="35.0786" lon="-111.83175">
        <ele>2196.12</ele>
      </trkpt>
      <trkpt lat="35.07849" lon="-111.83182">
        <ele>2197.11</ele>
      </trkpt>
      <trkpt lat="35.07837" lon="-111.83187">
        <ele>2197.6</ele>
      </trkpt>
      <trkpt lat="35.07825" lon="-111.83193">
        <ele>2198.9</ele>
      </trkpt>
      <trkpt lat="35.07814" lon="-111.83199">
        <ele>2199.09</ele>
      </trkpt>
      <trkpt lat="35.07804" lon="-111.83204">
        <ele>2199.97</ele>
      </trkpt>
      <trkpt lat="35.07795" lon="-111.83209">
        <ele>2200.06</ele>
      </trkpt>
      <trkpt lat="35.07786" lon="-111.83215">
        <ele>2200.09</ele>
      </trkpt>
      <trkpt lat="35.07776" lon="-111.8322">
        <ele>2200.39</ele>
      </trkpt>
      <trkpt lat="35.07767" lon="-111.83225">
        <ele>2200.75</ele>
      </trkpt>
      <trkpt lat="35.07756" lon="-111.83231">
        <ele>2201.0</ele>
      </trkpt>
      <trkpt lat="35.07745" lon="-111.83236">
        <ele>2201.0</ele>
      </trkpt>
      <trkpt lat="35.07734" lon="-111.83243">
        <ele>2201.0</ele>
      </trkpt>
      <trkpt lat="35.07722" lon="-111.83249">
        <ele>2201.0</ele>
      </trkpt>
      <trkpt lat="35.0771" lon="-111.83255">
        <ele>2201.15</ele>
      </trkpt>
      <trkpt lat="35.07698" lon="-111.8326">
        <ele>2201.0</ele>
      </trkpt>
      <trkpt lat="35.07686" lon="-111.83267">
        <ele>2201.15</ele>
      </trkpt>
      <trkpt lat="35.07675" lon="-111.83274">
        <ele>2201.04</ele>
      </trkpt>
      <trkpt lat="35.07665" lon="-111.83281">
        <ele>2201.0</ele>
      </trkpt>
      <trkpt lat="35.07656" lon="-111.83288">
        <ele>2201.0</ele>
      </trkpt>
      <trkpt lat="35.07648" lon="-111.83296">
        <ele>2201.0</ele>
      </trkpt>
      <trkpt lat="35.07638" lon="-111.83302">
        <ele>2201.0</ele>
      </trkpt>
      <trkpt lat="35.07626" lon="-111.83309">
        <ele>2201.62</ele>
      </trkpt>
      <trkpt lat="35.07615" lon="-111.83315">
        <ele>2202.0</ele>
      </trkpt>
      <trkpt lat="35.07604" lon="-111.83324">
        <ele>2202.77</ele>
      </trkpt>
      <trkpt lat="35.07596" lon="-111.83333">
        <ele>2203.0</ele>
      </trkpt>
      <trkpt lat="35.0759" lon="-111.83342">
        <ele>2203.0</ele>
      </trkpt>
      <trkpt lat="35.07585" lon="-111.83351">
        <ele>2203.0</ele>
      </trkpt>
      <trkpt lat="35.07581" lon="-111.83359">
        <ele>2203.0</ele>
      </trkpt>
      <trkpt lat="35.07577" lon="-111.83364">
        <ele>2203.0</ele>
      </trkpt>
      <trkpt lat="35.07574" lon="-111.8337">
        <ele>2203.0</ele>
      </trkpt>
      <trkpt lat="35.07571" lon="-111.83379">
        <ele>2203.0</ele>
      </trkpt>
      <trkpt lat="35.07568" lon="-111.83387">
        <ele>2203.0</ele>
      </trkpt>
      <trkpt lat="35.07566" lon="-111.83396">
        <ele>2203.1</ele>
      </trkpt>
      <trkpt lat="35.07564" lon="-111.83407">
        <ele>2203.0</ele>
      </trkpt>
      <trkpt lat="35.07561" lon="-111.83418">
        <ele>2203.59</ele>
      </trkpt>
      <trkpt lat="35.07559" lon="-111.83432">
        <ele>2203.37</ele>
      </trkpt>
      <trkpt lat="35.07556" lon="-111.83446">
        <ele>2203.05</ele>
      </trkpt>
      <trkpt lat="35.07555" lon="-111.83458">
        <ele>2202.94</ele>
      </trkpt>
      <trkpt lat="35.07554" lon="-111.83469">
        <ele>2202.83</ele>
      </trkpt>
      <trkpt lat="35.07553" lon="-111.8348">
        <ele>2202.72</ele>
      </trkpt>
      <trkpt lat="35.07552" lon="-111.83493">
        <ele>2201.76</ele>
      </trkpt>
      <trkpt lat="35.07551" lon="-111.83507">
        <ele>2200.63</ele>
      </trkpt>
      <trkpt lat="35.0755" lon="-111.83521">
        <ele>2200.4</ele>
      </trkpt>
      <trkpt lat="35.07548" lon="-111.83535">
        <ele>2200.18</ele>
      </trkpt>
      <trkpt lat="35.07547" lon="-111.83548">
        <ele>2200.08</ele>
      </trkpt>
      <trkpt lat="35.07545" lon="-111.83561">
        <ele>2199.86</ele>
      </trkpt>
      <trkpt lat="35.07543" lon="-111.83576">
        <ele>2199.64</ele>
      </trkpt>
      <trkpt lat="35.07542" lon="-111.8359">
        <ele>2199.54</ele>
      </trkpt>
      <trkpt lat="35.0754" lon="-111.83603">
        <ele>2199.32</ele>
      </trkpt>
      <trkpt lat="35.07539" lon="-111.83616">
        <ele>2199.21</ele>
      </trkpt>
      <trkpt lat="35.07538" lon="-111.8363">
        <ele>2199.1</ele>
      </trkpt>
      <trkpt lat="35.07537" lon="-111.83644">
        <ele>2199.55</ele>
      </trkpt>
      <trkpt lat="35.07535" lon="-111.83659">
        <ele>2199.78</ele>
      </trkpt>
      <trkpt lat="35.07532" lon="-111.83674">
        <ele>2199.89</ele>
      </trkpt>
      <trkpt lat="35.07529" lon="-111.8369">
        <ele>2200.13</ele>
      </trkpt>
      <trkpt lat="35.07527" lon="-111.83706">
        <ele>2200.0</ele>
      </trkpt>
      <trkpt lat="35.07525" lon="-111.8372">
        <ele>2200.0</ele>
      </trkpt>
      <trkpt lat="35.07524" lon="-111.83735">
        <ele>2200.0</ele>
      </trkpt>
      <trkpt lat="35.07523" lon="-111.8375">
        <ele>2200.0</ele>
      </trkpt>
      <trkpt lat="35.07521" lon="-111.83765">
        <ele>2200.0</ele>
      </trkpt>
      <trkpt lat="35.0752" lon="-111.83781">
        <ele>2200.0</ele>
      </trkpt>
      <trkpt lat="35.07518" lon="-111.83798">
        <ele>2200.0</ele>
      </trkpt>
      <trkpt lat="35.07516" lon="-111.83814">
        <ele>2200.0</ele>
      </trkpt>
      <trkpt lat="35.07514" lon="-111.8383">
        <ele>2200.82</ele>
      </trkpt>
      <trkpt lat="35.07512" lon="-111.83846">
        <ele>2201.0</ele>
      </trkpt>
      <trkpt lat="35.0751" lon="-111.83863">
        <ele>2201.2</ele>
      </trkpt>
      <trkpt lat="35.07508" lon="-111.8388">
        <ele>2202.0</ele>
      </trkpt>
      <trkpt lat="35.07506" lon="-111.83895">
        <ele>2202.66</ele>
      </trkpt>
      <trkpt lat="35.07503" lon="-111.8391">
        <ele>2203.09</ele>
      </trkpt>
      <trkpt lat="35.07503" lon="-111.83924">
        <ele>2203.86</ele>
      </trkpt>
      <trkpt lat="35.07502" lon="-111.83938">
        <ele>2204.0</ele>
      </trkpt>
      <trkpt lat="35.07501" lon="-111.83954">
        <ele>2203.97</ele>
      </trkpt>
      <trkpt lat="35.07501" lon="-111.8397">
        <ele>2203.11</ele>
      </trkpt>
      <trkpt lat="35.07501" lon="-111.83987">
        <ele>2202.51</ele>
      </trkpt>
      <trkpt lat="35.07501" lon="-111.84006">
        <ele>2201.42</ele>
      </trkpt>
      <trkpt lat="35.07502" lon="-111.84024">
        <ele>2200.54</ele>
      </trkpt>
      <trkpt lat="35.07502" lon="-111.84042">
        <ele>2200.0</ele>
      </trkpt>
      <trkpt lat="35.07503" lon="-111.8406">
        <ele>2199.32</ele>
      </trkpt>
      <trkpt lat="35.07505" lon="-111.84077">
        <ele>2199.0</ele>
      </trkpt>
      <trkpt lat="35.07506" lon="-111.84095">
        <ele>2198.65</ele>
      </trkpt>
      <trkpt lat="35.07507" lon="-111.8411">
        <ele>2198.09</ele>
      </trkpt>
      <trkpt lat="35.07508" lon="-111.84125">
        <ele>2197.93</ele>
      </trkpt>
      <trkpt lat="35.07509" lon="-111.8414">
        <ele>2197.86</ele>
      </trkpt>
      <trkpt lat="35.0751" lon="-111.84154">
        <ele>2197.08</ele>
      </trkpt>
      <trkpt lat="35.07511" lon="-111.84167">
        <ele>2197.0</ele>
      </trkpt>
      <trkpt lat="35.07512" lon="-111.84182">
        <ele>2197.0</ele>
      </trkpt>
      <trkpt lat="35.07512" lon="-111.84196">
        <ele>2196.88</ele>
      </trkpt>
      <trkpt lat="35.07513" lon="-111.84208">
        <ele>2196.4</ele>
      </trkpt>
      <trkpt lat="35.07514" lon="-111.8422">
        <ele>2196.51</ele>
      </trkpt>
      <trkpt lat="35.07514" lon="-111.84231">
        <ele>2196.03</ele>
      </trkpt>
      <trkpt lat="35.07514" lon="-111.84242">
        <ele>2196.0</ele>
      </trkpt>
      <trkpt lat="35.07515" lon="-111.84254">
        <ele>2196.0</ele>
      </trkpt>
      <trkpt lat="35.07515" lon="-111.84268">
        <ele>2196.0</ele>
      </trkpt>
      <trkpt lat="35.07516" lon="-111.84283">
        <ele>2196.0</ele>
      </trkpt>
      <trkpt lat="35.07516" lon="-111.84299">
        <ele>2196.0</ele>
      </trkpt>
      <trkpt lat="35.07517" lon="-111.84315">
        <ele>2196.0</ele>
      </trkpt>
      <trkpt lat="35.07518" lon="-111.84331">
        <ele>2196.0</ele>
      </trkpt>
      <trkpt lat="35.07519" lon="-111.84348">
        <ele>2196.0</ele>
      </trkpt>
      <trkpt lat="35.0752" lon="-111.84366">
        <ele>2196.0</ele>
      </trkpt>
      <trkpt lat="35.07521" lon="-111.84383">
        <ele>2196.0</ele>
      </trkpt>
      <trkpt lat="35.07522" lon="-111.844">
        <ele>2196.0</ele>
      </trkpt>
      <trkpt lat="35.07523" lon="-111.84417">
        <ele>2196.53</ele>
      </trkpt>
      <trkpt lat="35.07524" lon="-111.84433">
        <ele>2197.0</ele>
      </trkpt>
      <trkpt lat="35.07524" lon="-111.84449">
        <ele>2197.0</ele>
      </trkpt>
      <trkpt lat="35.07526" lon="-111.84465">
        <ele>2197.0</ele>
      </trkpt>
      <trkpt lat="35.07527" lon="-111.84482">
        <ele>2197.0</ele>
      </trkpt>
      <trkpt lat="35.07528" lon="-111.845">
        <ele>2197.98</ele>
      </trkpt>
      <trkpt lat="35.07529" lon="-111.84517">
        <ele>2198.0</ele>
      </trkpt>
      <trkpt lat="35.07529" lon="-111.84533">
        <ele>2198.0</ele>
      </trkpt>
      <trkpt lat="35.0753" lon="-111.84548">
        <ele>2198.0</ele>
      </trkpt>
      <trkpt lat="35.07531" lon="-111.84562">
        <ele>2198.0</ele>
      </trkpt>
      <trkpt lat="35.07531" lon="-111.84572">
        <ele>2198.51</ele>
      </trkpt>
      <trkpt lat="35.07531" lon="-111.84583">
        <ele>2198.99</ele>
      </trkpt>
      <trkpt lat="35.07532" lon="-111.8459">
        <ele>2199.0</ele>
      </trkpt>
      <trkpt lat="35.07532" lon="-111.84597">
        <ele>2199.0</ele>
      </trkpt>
      <trkpt lat="35.07532" lon="-111.84604">
        <ele>2199.0</ele>
      </trkpt>
      <trkpt lat="35.07532" lon="-111.8461">
        <ele>2199.0</ele>
      </trkpt>
      <trkpt lat="35.07532" lon="-111.84618">
        <ele>2199.0</ele>
      </trkpt>
      <trkpt lat="35.07532" lon="-111.84626">
        <ele>2199.0</ele>
      </trkpt>
      <trkpt lat="35.07532" lon="-111.84635">
        <ele>2199.32</ele>
      </trkpt>
      <trkpt lat="35.07532" lon="-111.84645">
        <ele>2199.84</ele>
      </trkpt>
      <trkpt lat="35.07532" lon="-111.84655">
        <ele>2200.0</ele>
      </trkpt>
      <trkpt lat="35.07532" lon="-111.84667">
        <ele>2200.0</ele>
      </trkpt>
      <trkpt lat="35.07532" lon="-111.84679">
        <ele>2200.0</ele>
      </trkpt>
      <trkpt lat="35.07532" lon="-111.84691">
        <ele>2200.34</ele>
      </trkpt>
      <trkpt lat="35.07531" lon="-111.84704">
        <ele>2201.0</ele>
      </trkpt>
      <trkpt lat="35.07531" lon="-111.84719">
        <ele>2201.0</ele>
      </trkpt>
      <trkpt lat="35.0753" lon="-111.84733">
        <ele>2201.0</ele>
      </trkpt>
      <trkpt lat="35.07528" lon="-111.84746">
        <ele>2201.0</ele>
      </trkpt>
      <trkpt lat="35.07527" lon="-111.8476">
        <ele>2201.16</ele>
      </trkpt>
      <trkpt lat="35.07525" lon="-111.84773">
        <ele>2202.0</ele>
      </trkpt>
      <trkpt lat="35.07522" lon="-111.84784">
        <ele>2202.0</ele>
      </trkpt>
      <trkpt lat="35.07519" lon="-111.84794">
        <ele>2202.0</ele>
      </trkpt>
      <trkpt lat="35.07517" lon="-111.84802">
        <ele>2202.0</ele>
      </trkpt>
      <trkpt lat="35.07515" lon="-111.84809">
        <ele>2202.37</ele>
      </trkpt>
      <trkpt lat="35.07514" lon="-111.84813">
        <ele>2202.8</ele>
      </trkpt>
      <trkpt lat="35.07512" lon="-111.84817">
        <ele>2203.0</ele>
      </trkpt>
      <trkpt lat="35.07511" lon="-111.84821">
        <ele>2203.0</ele>
      </trkpt>
      <trkpt lat="35.07509" lon="-111.84827">
        <ele>2203.0</ele>
      </trkpt>
      <trkpt lat="35.07507" lon="-111.84834">
        <ele>2203.0</ele>
      </trkpt>
      <trkpt lat="35.07505" lon="-111.84844">
        <ele>2203.15</ele>
      </trkpt>
      <trkpt lat="35.07502" lon="-111.84853">
        <ele>2204.0</ele>
      </trkpt>
      <trkpt lat="35.07498" lon="-111.84863">
        <ele>2204.0</ele>
      </trkpt>
      <trkpt lat="35.07494" lon="-111.84874">
        <ele>2204.25</ele>
      </trkpt>
      <trkpt lat="35.07489" lon="-111.84886">
        <ele>2205.0</ele>
      </trkpt>
      <trkpt lat="35.07483" lon="-111.84898">
        <ele>2205.0</ele>
      </trkpt>
      <trkpt lat="35.07477" lon="-111.84911">
        <ele>2205.0</ele>
      </trkpt>
      <trkpt lat="35.07471" lon="-111.84923">
        <ele>2205.0</ele>
      </trkpt>
      <trkpt lat="35.07464" lon="-111.84935">
        <ele>2205.0</ele>
      </trkpt>
      <trkpt lat="35.07457" lon="-111.84947">
        <ele>2204.0</ele>
      </trkpt>
      <trkpt lat="35.0745" lon="-111.84959">
        <ele>2203.77</ele>
      </trkpt>
      <trkpt lat="35.07443" lon="-111.8497">
        <ele>2203.0</ele>
      </trkpt>
      <trkpt lat="35.07436" lon="-111.84981">
        <ele>2203.0</ele>
      </trkpt>
      <trkpt lat="35.07429" lon="-111.84992">
        <ele>2202.0</ele>
      </trkpt>
      <trkpt lat="35.07423" lon="-111.85002">
        <ele>2201.93</ele>
      </trkpt>
      <trkpt lat="35.07416" lon="-111.85012">
        <ele>2201.05</ele>
      </trkpt>
      <trkpt lat="35.0741" lon="-111.85021">
        <ele>2200.73</ele>
      </trkpt>
      <trkpt lat="35.07403" lon="-111.85029">
        <ele>2200.0</ele>
      </trkpt>
      <trkpt lat="35.07394" lon="-111.85037">
        <ele>2200.0</ele>
      </trkpt>
      <trkpt lat="35.07386" lon="-111.85044">
        <ele>2198.94</ele>
      </trkpt>
      <trkpt lat="35.07377" lon="-111.8505">
        <ele>2197.6</ele>
      </trkpt>
      <trkpt lat="35.07369" lon="-111.85057">
        <ele>2196.72</ele>
      </trkpt>
      <trkpt lat="35.07361" lon="-111.85064">
        <ele>2195.99</ele>
      </trkpt>
      <trkpt lat="35.07352" lon="-111.85069">
        <ele>2194.56</ele>
      </trkpt>
      <trkpt lat="35.07344" lon="-111.85075">
        <ele>2193.9</ele>
      </trkpt>
      <trkpt lat="35.07335" lon="-111.85081">
        <ele>2192.43</ele>
      </trkpt>
      <trkpt lat="35.07326" lon="-111.85086">
        <ele>2191.77</ele>
      </trkpt>
      <trkpt lat="35.07317" lon="-111.85092">
        <ele>2191.06</ele>
      </trkpt>
      <trkpt lat="35.07307" lon="-111.85096">
        <ele>2190.63</ele>
      </trkpt>
      <trkpt lat="35.07298" lon="-111.85101">
        <ele>2189.28</ele>
      </trkpt>
      <trkpt lat="35.07289" lon="-111.85105">
        <ele>2188.73</ele>
      </trkpt>
      <trkpt lat="35.0728" lon="-111.8511">
        <ele>2188.12</ele>
      </trkpt>
      <trkpt lat="35.07271" lon="-111.85114">
        <ele>2188.0</ele>
      </trkpt>
      <trkpt lat="35.07263" lon="-111.85119">
        <ele>2188.09</ele>
      </trkpt>
      <trkpt lat="35.07253" lon="-111.85124">
        <ele>2187.61</ele>
      </trkpt>
      <trkpt lat="35.07245" lon="-111.85128">
        <ele>2186.64</ele>
      </trkpt>
      <trkpt lat="35.07237" lon="-111.85131">
        <ele>2185.85</ele>
      </trkpt>
      <trkpt lat="35.07228" lon="-111.85135">
        <ele>2185.42</ele>
      </trkpt>
      <trkpt lat="35.0722" lon="-111.85139">
        <ele>2184.75</ele>
      </trkpt>
      <trkpt lat="35.07211" lon="-111.85145">
        <ele>2183.86</ele>
      </trkpt>
      <trkpt lat="35.07202" lon="-111.85152">
        <ele>2182.92</ele>
      </trkpt>
      <trkpt lat="35.07193" lon="-111.85158">
        <ele>2181.99</ele>
      </trkpt>
      <trkpt lat="35.07184" lon="-111.85165">
        <ele>2181.28</ele>
      </trkpt>
      <trkpt lat="35.07174" lon="-111.8517">
        <ele>2181.64</ele>
      </trkpt>
      <trkpt lat="35.07165" lon="-111.85174">
        <ele>2181.21</ele>
      </trkpt>
      <trkpt lat="35.07157" lon="-111.85175">
        <ele>2181.1</ele>
      </trkpt>
      <trkpt lat="35.07148" lon="-111.85175">
        <ele>2181.09</ele>
      </trkpt>
      <trkpt lat="35.07139" lon="-111.85174">
        <ele>2180.43</ele>
      </trkpt>
      <trkpt lat="35.07131" lon="-111.85172">
        <ele>2180.49</ele>
      </trkpt>
      <trkpt lat="35.07123" lon="-111.85169">
        <ele>2180.03</ele>
      </trkpt>
      <trkpt lat="35.07114" lon="-111.85164">
        <ele>2179.6</ele>
      </trkpt>
      <trkpt lat="35.07105" lon="-111.8516">
        <ele>2179.06</ele>
      </trkpt>
      <trkpt lat="35.07096" lon="-111.85156">
        <ele>2178.52</ele>
      </trkpt>
      <trkpt lat="35.07089" lon="-111.85153">
        <ele>2177.9</ele>
      </trkpt>
      <trkpt lat="35.07082" lon="-111.85152">
        <ele>2176.86</ele>
      </trkpt>
      <trkpt lat="35.07075" lon="-111.85152">
        <ele>2176.1</ele>
      </trkpt>
      <trkpt lat="35.07069" lon="-111.85152">
        <ele>2175.77</ele>
      </trkpt>
      <trkpt lat="35.07062" lon="-111.85153">
        <ele>2175.48</ele>
      </trkpt>
      <trkpt lat="35.07055" lon="-111.85154">
        <ele>2175.37</ele>
      </trkpt>
      <trkpt lat="35.0705" lon="-111.85157">
        <ele>2175.04</ele>
      </trkpt>
      <trkpt lat="35.07045" lon="-111.8516">
        <ele>2174.48</ele>
      </trkpt>
      <trkpt lat="35.07041" lon="-111.85165">
        <ele>2173.83</ele>
      </trkpt>
      <trkpt lat="35.07038" lon="-111.85171">
        <ele>2173.85</ele>
      </trkpt>
      <trkpt lat="35.07037" lon="-111.85177">
        <ele>2174.0</ele>
      </trkpt>
      <trkpt lat="35.07037" lon="-111.85183">
        <ele>2174.0</ele>
      </trkpt>
      <trkpt lat="35.07037" lon="-111.85191">
        <ele>2174.01</ele>
      </trkpt>
      <trkpt lat="35.07039" lon="-111.85198">
        <ele>2173.66</ele>
      </trkpt>
      <trkpt lat="35.07042" lon="-111.85206">
        <ele>2173.58</ele>
      </trkpt>
      <trkpt lat="35.07047" lon="-111.85214">
        <ele>2173.04</ele>
      </trkpt>
      <trkpt lat="35.07051" lon="-111.85221">
        <ele>2173.36</ele>
      </trkpt>
      <trkpt lat="35.07056" lon="-111.85229">
        <ele>2172.94</ele>
      </trkpt>
      <trkpt lat="35.0706" lon="-111.85236">
        <ele>2172.52</ele>
      </trkpt>
      <trkpt lat="35.07064" lon="-111.85245">
        <ele>2171.63</ele>
      </trkpt>
      <trkpt lat="35.07068" lon="-111.85253">
        <ele>2170.1</ele>
      </trkpt>
      <trkpt lat="35.07071" lon="-111.8526">
        <ele>2169.36</ele>
      </trkpt>
      <trkpt lat="35.07074" lon="-111.85265">
        <ele>2169.01</ele>
      </trkpt>
      <trkpt lat="35.07077" lon="-111.8527">
        <ele>2168.53</ele>
      </trkpt>
      <trkpt lat="35.07079" lon="-111.85274">
        <ele>2168.53</ele>
      </trkpt>
      <trkpt lat="35.07082" lon="-111.85279">
        <ele>2168.29</ele>
      </trkpt>
      <trkpt lat="35.07083" lon="-111.85286">
        <ele>2168.07</ele>
      </trkpt>
      <trkpt lat="35.07086" lon="-111.85294">
        <ele>2168.25</ele>
      </trkpt>
      <trkpt lat="35.07087" lon="-111.85304">
        <ele>2168.21</ele>
      </trkpt>
      <trkpt lat="35.07088" lon="-111.85314">
        <ele>2168.45</ele>
      </trkpt>
      <trkpt lat="35.0709" lon="-111.85324">
        <ele>2168.56</ele>
      </trkpt>
      <trkpt lat="35.07091" lon="-111.85334">
        <ele>2168.34</ele>
      </trkpt>
      <trkpt lat="35.07092" lon="-111.85345">
        <ele>2167.87</ele>
      </trkpt>
      <trkpt lat="35.07094" lon="-111.85358">
        <ele>2166.18</ele>
      </trkpt>
      <trkpt lat="35.07095" lon="-111.8537">
        <ele>2164.53</ele>
      </trkpt>
      <trkpt lat="35.07096" lon="-111.85384">
        <ele>2163.26</ele>
      </trkpt>
      <trkpt lat="35.07097" lon="-111.85397">
        <ele>2163.05</ele>
      </trkpt>
      <trkpt lat="35.07097" lon="-111.85409">
        <ele>2162.96</ele>
      </trkpt>
      <trkpt lat="35.07098" lon="-111.85422">
        <ele>2162.42</ele>
      </trkpt>
      <trkpt lat="35.07099" lon="-111.85437">
        <ele>2162.62</ele>
      </trkpt>
      <trkpt lat="35.07101" lon="-111.8545">
        <ele>2162.18</ele>
      </trkpt>
      <trkpt lat="35.07103" lon="-111.85462">
        <ele>2160.98</ele>
      </trkpt>
      <trkpt lat="35.07105" lon="-111.85475">
        <ele>2159.36</ele>
      </trkpt>
      <trkpt lat="35.07108" lon="-111.85488">
        <ele>2157.87</ele>
      </trkpt>
      <trkpt lat="35.07111" lon="-111.855">
        <ele>2157.02</ele>
      </trkpt>
      <trkpt lat="35.07114" lon="-111.85511">
        <ele>2156.56</ele>
      </trkpt>
      <trkpt lat="35.07117" lon="-111.85522">
        <ele>2157.1</ele>
      </trkpt>
      <trkpt lat="35.07121" lon="-111.85533">
        <ele>2157.43</ele>
      </trkpt>
      <trkpt lat="35.07126" lon="-111.85543">
        <ele>2157.43</ele>
      </trkpt>
      <trkpt lat="35.07133" lon="-111.85553">
        <ele>2157.0</ele>
      </trkpt>
      <trkpt lat="35.07139" lon="-111.85563">
        <ele>2156.78</ele>
      </trkpt>
      <trkpt lat="35.07143" lon="-111.85573">
        <ele>2157.0</ele>
      </trkpt>
      <trkpt lat="35.07145" lon="-111.85584">
        <ele>2156.7</ele>
      </trkpt>
      <trkpt lat="35.07148" lon="-111.85595">
        <ele>2155.79</ele>
      </trkpt>
      <trkpt lat="35.07149" lon="-111.85608">
        <ele>2153.52</ele>
      </trkpt>
      <trkpt lat="35.07149" lon="-111.8562">
        <ele>2150.81</ele>
      </trkpt>
      <trkpt lat="35.07149" lon="-111.85632">
        <ele>2149.35</ele>
      </trkpt>
      <trkpt lat="35.07147" lon="-111.85643">
        <ele>2148.61</ele>
      </trkpt>
      <trkpt lat="35.07144" lon="-111.85652">
        <ele>2147.73</ele>
      </trkpt>
      <trkpt lat="35.07139" lon="-111.85663">
        <ele>2148.33</ele>
      </trkpt>
      <trkpt lat="35.07135" lon="-111.85674">
        <ele>2147.55</ele>
      </trkpt>
      <trkpt lat="35.07129" lon="-111.85685">
        <ele>2148.24</ele>
      </trkpt>
      <trkpt lat="35.07124" lon="-111.85696">
        <ele>2147.52</ele>
      </trkpt>
      <trkpt lat="35.07117" lon="-111.85707">
        <ele>2147.88</ele>
      </trkpt>
      <trkpt lat="35.07111" lon="-111.85717">
        <ele>2145.7</ele>
      </trkpt>
      <trkpt lat="35.07104" lon="-111.85728">
        <ele>2144.29</ele>
      </trkpt>
      <trkpt lat="35.07099" lon="-111.85738">
        <ele>2143.91</ele>
      </trkpt>
      <trkpt lat="35.07094" lon="-111.85748">
        <ele>2143.91</ele>
      </trkpt>
      <trkpt lat="35.07089" lon="-111.85758">
        <ele>2143.58</ele>
      </trkpt>
      <trkpt lat="35.07084" lon="-111.85766">
        <ele>2143.2</ele>
      </trkpt>
      <trkpt lat="35.0708" lon="-111.85773">
        <ele>2143.24</ele>
      </trkpt>
      <trkpt lat="35.07072" lon="-111.85781">
        <ele>2143.61</ele>
      </trkpt>
      <trkpt lat="35.07064" lon="-111.85788">
        <ele>2143.8</ele>
      </trkpt>
      <trkpt lat="35.07056" lon="-111.85795">
        <ele>2143.1</ele>
      </trkpt>
      <trkpt lat="35.07044" lon="-111.85802">
        <ele>2142.23</ele>
      </trkpt>
      <trkpt lat="35.07033" lon="-111.85809">
        <ele>2139.98</ele>
      </trkpt>
      <trkpt lat="35.07022" lon="-111.85816">
        <ele>2138.82</ele>
      </trkpt>
      <trkpt lat="35.07011" lon="-111.85823">
        <ele>2138.21</ele>
      </trkpt>
      <trkpt lat="35.07001" lon="-111.85829">
        <ele>2137.89</ele>
      </trkpt>
      <trkpt lat="35.06991" lon="-111.85834">
        <ele>2137.83</ele>
      </trkpt>
      <trkpt lat="35.06982" lon="-111.85839">
        <ele>2137.72</ele>
      </trkpt>
      <trkpt lat="35.06972" lon="-111.85844">
        <ele>2137.7</ele>
      </trkpt>
      <trkpt lat="35.06963" lon="-111.85848">
        <ele>2137.41</ele>
      </trkpt>
      <trkpt lat="35.06954" lon="-111.85853">
        <ele>2136.87</ele>
      </trkpt>
      <trkpt lat="35.06945" lon="-111.85857">
        <ele>2136.44</ele>
      </trkpt>
      <trkpt lat="35.06935" lon="-111.85861">
        <ele>2136.01</ele>
      </trkpt>
      <trkpt lat="35.06926" lon="-111.85864">
        <ele>2136.0</ele>
      </trkpt>
      <trkpt lat="35.06916" lon="-111.85866">
        <ele>2135.44</ele>
      </trkpt>
      <trkpt lat="35.06907" lon="-111.85867">
        <ele>2134.96</ele>
      </trkpt>
      <trkpt lat="35.06895" lon="-111.85867">
        <ele>2133.78</ele>
      </trkpt>
      <trkpt lat="35.06884" lon="-111.85867">
        <ele>2133.36</ele>
      </trkpt>
      <trkpt lat="35.06873" lon="-111.85866">
        <ele>2132.76</ele>
      </trkpt>
      <trkpt lat="35.06863" lon="-111.85865">
        <ele>2132.58</ele>
      </trkpt>
      <trkpt lat="35.06852" lon="-111.8586">
        <ele>2132.14</ele>
      </trkpt>
      <trkpt lat="35.0684" lon="-111.85855">
        <ele>2132.38</ele>
      </trkpt>
      <trkpt lat="35.06827" lon="-111.85851">
        <ele>2131.41</ele>
      </trkpt>
      <trkpt lat="35.06815" lon="-111.85846">
        <ele>2131.01</ele>
      </trkpt>
      <trkpt lat="35.068" lon="-111.85841">
        <ele>2130.57</ele>
      </trkpt>
      <trkpt lat="35.06787" lon="-111.85837">
        <ele>2130.0</ele>
      </trkpt>
      <trkpt lat="35.06776" lon="-111.8583">
        <ele>2129.88</ele>
      </trkpt>
      <trkpt lat="35.06765" lon="-111.85822">
        <ele>2129.71</ele>
      </trkpt>
      <trkpt lat="35.06754" lon="-111.85815">
        <ele>2129.42</ele>
      </trkpt>
      <trkpt lat="35.06742" lon="-111.85808">
        <ele>2128.14</ele>
      </trkpt>
      <trkpt lat="35.0673" lon="-111.85801">
        <ele>2127.33</ele>
      </trkpt>
      <trkpt lat="35.06718" lon="-111.85794">
        <ele>2126.79</ele>
      </trkpt>
      <trkpt lat="35.06706" lon="-111.85787">
        <ele>2126.25</ele>
      </trkpt>
      <trkpt lat="35.06697" lon="-111.8578">
        <ele>2126.21</ele>
      </trkpt>
      <trkpt lat="35.06688" lon="-111.85775">
        <ele>2126.09</ele>
      </trkpt>
      <trkpt lat="35.0668" lon="-111.85771">
        <ele>2125.85</ele>
      </trkpt>
      <trkpt lat="35.06673" lon="-111.85767">
        <ele>2125.68</ele>
      </trkpt>
      <trkpt lat="35.06668" lon="-111.85764">
        <ele>2125.14</ele>
      </trkpt>
      <trkpt lat="35.06661" lon="-111.8576">
        <ele>2125.0</ele>
      </trkpt>
      <trkpt lat="35.06655" lon="-111.85757">
        <ele>2124.74</ele>
      </trkpt>
      <trkpt lat="35.06648" lon="-111.85753">
        <ele>2124.0</ele>
      </trkpt>
      <trkpt lat="35.06641" lon="-111.85748">
        <ele>2124.05</ele>
      </trkpt>
      <trkpt lat="35.06633" lon="-111.85742">
        <ele>2123.36</ele>
      </trkpt>
      <trkpt lat="35.06624" lon="-111.85737">
        <ele>2122.75</ele>
      </trkpt>
      <trkpt lat="35.06614" lon="-111.85731">
        <ele>2122.0</ele>
      </trkpt>
      <trkpt lat="35.06604" lon="-111.85725">
        <ele>2121.23</ele>
      </trkpt>
      <trkpt lat="35.06593" lon="-111.85718">
        <ele>2120.48</ele>
      </trkpt>
      <trkpt lat="35.06582" lon="-111.85711">
        <ele>2119.86</ele>
      </trkpt>
      <trkpt lat="35.06571" lon="-111.85704">
        <ele>2118.67</ele>
      </trkpt>
      <trkpt lat="35.06562" lon="-111.85696">
        <ele>2118.58</ele>
      </trkpt>
      <trkpt lat="35.06551" lon="-111.85688">
        <ele>2117.51</ele>
      </trkpt>
      <trkpt lat="35.0654" lon="-111.8568">
        <ele>2116.32</ele>
      </trkpt>
      <trkpt lat="35.06529" lon="-111.85672">
        <ele>2114.26</ele>
      </trkpt>
      <trkpt lat="35.06519" lon="-111.85663">
        <ele>2113.45</ele>
      </trkpt>
      <trkpt lat="35.06507" lon="-111.85654">
        <ele>2113.12</ele>
      </trkpt>
      <trkpt lat="35.06497" lon="-111.85645">
        <ele>2113.02</ele>
      </trkpt>
      <trkpt lat="35.06486" lon="-111.85637">
        <ele>2112.49</ele>
      </trkpt>
      <trkpt lat="35.06475" lon="-111.85627">
        <ele>2112.09</ele>
      </trkpt>
      <trkpt lat="35.06465" lon="-111.85618">
        <ele>2111.48</ele>
      </trkpt>
      <trkpt lat="35.06454" lon="-111.85607">
        <ele>2111.48</ele>
      </trkpt>
      <trkpt lat="35.06444" lon="-111.85598">
        <ele>2110.46</ele>
      </trkpt>
      <trkpt lat="35.06434" lon="-111.85589">
        <ele>2108.13</ele>
      </trkpt>
      <trkpt lat="35.06425" lon="-111.85581">
        <ele>2107.15</ele>
      </trkpt>
      <trkpt lat="35.06414" lon="-111.85572">
        <ele>2106.94</ele>
      </trkpt>
      <trkpt lat="35.06404" lon="-111.85564">
        <ele>2106.72</ele>
      </trkpt>
      <trkpt lat="35.06394" lon="-111.85555">
        <ele>2106.59</ele>
      </trkpt>
      <trkpt lat="35.06383" lon="-111.85547">
        <ele>2105.32</ele>
      </trkpt>
      <trkpt lat="35.06374" lon="-111.85536">
        <ele>2103.67</ele>
      </trkpt>
      <trkpt lat="35.06364" lon="-111.85526">
        <ele>2101.37</ele>
      </trkpt>
      <trkpt lat="35.06353" lon="-111.85515">
        <ele>2100.17</ele>
      </trkpt>
      <trkpt lat="35.06344" lon="-111.85505">
        <ele>2099.61</ele>
      </trkpt>
      <trkpt lat="35.06335" lon="-111.85494">
        <ele>2098.89</ele>
      </trkpt>
      <trkpt lat="35.06327" lon="-111.85483">
        <ele>2098.36</ele>
      </trkpt>
      <trkpt lat="35.0632" lon="-111.85472">
        <ele>2097.67</ele>
      </trkpt>
      <trkpt lat="35.06312" lon="-111.85463">
        <ele>2095.09</ele>
      </trkpt>
      <trkpt lat="35.06304" lon="-111.85455">
        <ele>2093.69</ele>
      </trkpt>
      <trkpt lat="35.06296" lon="-111.85447">
        <ele>2094.42</ele>
      </trkpt>
      <trkpt lat="35.06288" lon="-111.85442">
        <ele>2094.37</ele>
      </trkpt>
      <trkpt lat="35.0628" lon="-111.85438">
        <ele>2094.46</ele>
      </trkpt>
      <trkpt lat="35.06273" lon="-111.85437">
        <ele>2094.19</ele>
      </trkpt>
      <trkpt lat="35.06264" lon="-111.85436">
        <ele>2093.87</ele>
      </trkpt>
      <trkpt lat="35.06254" lon="-111.85436">
        <ele>2093.31</ele>
      </trkpt>
      <trkpt lat="35.06243" lon="-111.85437">
        <ele>2092.8</ele>
      </trkpt>
      <trkpt lat="35.06232" lon="-111.85439">
        <ele>2092.59</ele>
      </trkpt>
      <trkpt lat="35.06222" lon="-111.8544">
        <ele>2091.47</ele>
      </trkpt>
      <trkpt lat="35.06211" lon="-111.85442">
        <ele>2091.0</ele>
      </trkpt>
      <trkpt lat="35.06201" lon="-111.85444">
        <ele>2091.0</ele>
      </trkpt>
      <trkpt lat="35.0619" lon="-111.85447">
        <ele>2090.72</ele>
      </trkpt>
      <trkpt lat="35.06179" lon="-111.85449">
        <ele>2090.51</ele>
      </trkpt>
      <trkpt lat="35.06166" lon="-111.85452">
        <ele>2090.18</ele>
      </trkpt>
      <trkpt lat="35.06153" lon="-111.85453">
        <ele>2090.08</ele>
      </trkpt>
      <trkpt lat="35.0614" lon="-111.85454">
        <ele>2089.09</ele>
      </trkpt>
      <trkpt lat="35.06126" lon="-111.85454">
        <ele>2087.59</ele>
      </trkpt>
      <trkpt lat="35.06116" lon="-111.85454">
        <ele>2086.53</ele>
      </trkpt>
      <trkpt lat="35.06104" lon="-111.85454">
        <ele>2085.23</ele>
      </trkpt>
      <trkpt lat="35.06094" lon="-111.85454">
        <ele>2085.0</ele>
      </trkpt>
      <trkpt lat="35.06085" lon="-111.85454">
        <ele>2085.0</ele>
      </trkpt>
      <trkpt lat="35.06081" lon="-111.85454">
        <ele>2085.0</ele>
      </trkpt>
      <trkpt lat="35.06073" lon="-111.85455">
        <ele>2085.13</ele>
      </trkpt>
      <trkpt lat="35.06066" lon="-111.85456">
        <ele>2086.09</ele>
      </trkpt>
      <trkpt lat="35.0606" lon="-111.85457">
        <ele>2086.69</ele>
      </trkpt>
      <trkpt lat="35.06052" lon="-111.85457">
        <ele>2087.14</ele>
      </trkpt>
      <trkpt lat="35.06045" lon="-111.85458">
        <ele>2087.54</ele>
      </trkpt>
      <trkpt lat="35.06036" lon="-111.85459">
        <ele>2088.06</ele>
      </trkpt>
      <trkpt lat="35.06028" lon="-111.85461">
        <ele>2088.77</ele>
      </trkpt>
      <trkpt lat="35.0602" lon="-111.85462">
        <ele>2088.98</ele>
      </trkpt>
      <trkpt lat="35.06012" lon="-111.85464">
        <ele>2089.11</ele>
      </trkpt>
      <trkpt lat="35.06004" lon="-111.85466">
        <ele>2089.71</ele>
      </trkpt>
      <trkpt lat="35.05995" lon="-111.85468">
        <ele>2090.0</ele>
      </trkpt>
      <trkpt lat="35.05985" lon="-111.85469">
        <ele>2090.0</ele>
      </trkpt>
      <trkpt lat="35.05976" lon="-111.85471">
        <ele>2090.0</ele>
      </trkpt>
      <trkpt lat="35.05966" lon="-111.85473">
        <ele>2090.7</ele>
      </trkpt>
      <trkpt lat="35.05956" lon="-111.85474">
        <ele>2091.0</ele>
      </trkpt>
      <trkpt lat="35.05946" lon="-111.85474">
        <ele>2091.0</ele>
      </trkpt>
      <trkpt lat="35.05937" lon="-111.85474">
        <ele>2091.0</ele>
      </trkpt>
      <trkpt lat="35.05926" lon="-111.85474">
        <ele>2091.0</ele>
      </trkpt>
      <trkpt lat="35.05915" lon="-111.85473">
        <ele>2091.0</ele>
      </trkpt>
      <trkpt lat="35.05905" lon="-111.85472">
        <ele>2091.26</ele>
      </trkpt>
      <trkpt lat="35.05895" lon="-111.85471">
        <ele>2092.3</ele>
      </trkpt>
      <trkpt lat="35.05885" lon="-111.85469">
        <ele>2093.07</ele>
      </trkpt>
      <trkpt lat="35.05876" lon="-111.85465">
        <ele>2093.61</ele>
      </trkpt>
      <trkpt lat="35.05867" lon="-111.8546">
        <ele>2094.41</ele>
      </trkpt>
      <trkpt lat="35.0586" lon="-111.85454">
        <ele>2095.15</ele>
      </trkpt>
      <trkpt lat="35.05854" lon="-111.85447">
        <ele>2095.04</ele>
      </trkpt>
      <trkpt lat="35.05849" lon="-111.85439">
        <ele>2095.43</ele>
      </trkpt>
      <trkpt lat="35.05844" lon="-111.85431">
        <ele>2095.78</ele>
      </trkpt>
      <trkpt lat="35.0584" lon="-111.85423">
        <ele>2096.05</ele>
      </trkpt>
      <trkpt lat="35.05835" lon="-111.85412">
        <ele>2096.14</ele>
      </trkpt>
      <trkpt lat="35.05831" lon="-111.85401">
        <ele>2095.73</ele>
      </trkpt>
      <trkpt lat="35.05825" lon="-111.8539">
        <ele>2095.92</ele>
      </trkpt>
      <trkpt lat="35.0582" lon="-111.85379">
        <ele>2095.81</ele>
      </trkpt>
      <trkpt lat="35.05814" lon="-111.85368">
        <ele>2095.92</ele>
      </trkpt>
      <trkpt lat="35.05809" lon="-111.85355">
        <ele>2095.84</ele>
      </trkpt>
      <trkpt lat="35.05802" lon="-111.85344">
        <ele>2096.77</ele>
      </trkpt>
      <trkpt lat="35.05795" lon="-111.85333">
        <ele>2098.45</ele>
      </trkpt>
      <trkpt lat="35.05788" lon="-111.85322">
        <ele>2100.57</ele>
      </trkpt>
      <trkpt lat="35.05782" lon="-111.85312">
        <ele>2100.24</ele>
      </trkpt>
      <trkpt lat="35.05776" lon="-111.85302">
        <ele>2099.81</ele>
      </trkpt>
      <trkpt lat="35.05769" lon="-111.85294">
        <ele>2099.7</ele>
      </trkpt>
      <trkpt lat="35.05761" lon="-111.85288">
        <ele>2099.92</ele>
      </trkpt>
      <trkpt lat="35.05752" lon="-111.85286">
        <ele>2100.67</ele>
      </trkpt>
      <trkpt lat="35.05742" lon="-111.85285">
        <ele>2100.97</ele>
      </trkpt>
      <trkpt lat="35.05733" lon="-111.85285">
        <ele>2101.65</ele>
      </trkpt>
      <trkpt lat="35.05725" lon="-111.85285">
        <ele>2101.93</ele>
      </trkpt>
      <trkpt lat="35.05716" lon="-111.85285">
        <ele>2102.0</ele>
      </trkpt>
      <trkpt lat="35.05706" lon="-111.85286">
        <ele>2102.08</ele>
      </trkpt>
      <trkpt lat="35.05698" lon="-111.85287">
        <ele>2102.62</ele>
      </trkpt>
      <trkpt lat="35.05687" lon="-111.85287">
        <ele>2103.0</ele>
      </trkpt>
      <trkpt lat="35.05676" lon="-111.85288">
        <ele>2103.89</ele>
      </trkpt>
      <trkpt lat="35.05666" lon="-111.85288">
        <ele>2103.9</ele>
      </trkpt>
      <trkpt lat="35.05654" lon="-111.85288">
        <ele>2104.0</ele>
      </trkpt>
      <trkpt lat="35.05645" lon="-111.85288">
        <ele>2103.96</ele>
      </trkpt>
      <trkpt lat="35.05637" lon="-111.85288">
        <ele>2103.9</ele>
      </trkpt>
      <trkpt lat="35.05628" lon="-111.85289">
        <ele>2103.93</ele>
      </trkpt>
      <trkpt lat="35.05619" lon="-111.85294">
        <ele>2103.61</ele>
      </trkpt>
      <trkpt lat="35.05611" lon="-111.85296">
        <ele>2104.03</ele>
      </trkpt>
      <trkpt lat="35.05602" lon="-111.85299">
        <ele>2103.71</ele>
      </trkpt>
      <trkpt lat="35.05594" lon="-111.85305">
        <ele>2103.06</ele>
      </trkpt>
      <trkpt lat="35.05583" lon="-111.85309">
        <ele>2103.02</ele>
      </trkpt>
      <trkpt lat="35.05573" lon="-111.85312">
        <ele>2103.38</ele>
      </trkpt>
      <trkpt lat="35.05563" lon="-111.85316">
        <ele>2103.97</ele>
      </trkpt>
      <trkpt lat="35.05553" lon="-111.8532">
        <ele>2103.44</ele>
      </trkpt>
      <trkpt lat="35.05543" lon="-111.85323">
        <ele>2103.07</ele>
      </trkpt>
      <trkpt lat="35.05534" lon="-111.85326">
        <ele>2103.0</ele>
      </trkpt>
      <trkpt lat="35.05524" lon="-111.85329">
        <ele>2103.0</ele>
      </trkpt>
      <trkpt lat="35.05515" lon="-111.85333">
        <ele>2102.62</ele>
      </trkpt>
      <trkpt lat="35.05505" lon="-111.85337">
        <ele>2102.0</ele>
      </trkpt>
      <trkpt lat="35.05495" lon="-111.85343">
        <ele>2102.0</ele>
      </trkpt>
      <trkpt lat="35.05486" lon="-111.85349">
        <ele>2101.49</ele>
      </trkpt>
      <trkpt lat="35.05477" lon="-111.85356">
        <ele>2101.0</ele>
      </trkpt>
      <trkpt lat="35.05468" lon="-111.85363">
        <ele>2100.54</ele>
      </trkpt>
      <trkpt lat="35.05458" lon="-111.85368">
        <ele>2099.46</ele>
      </trkpt>
      <trkpt lat="35.05447" lon="-111.8537">
        <ele>2099.0</ele>
      </trkpt>
      <trkpt lat="35.05437" lon="-111.85374">
        <ele>2098.92</ele>
      </trkpt>
      <trkpt lat="35.05426" lon="-111.85379">
        <ele>2099.0</ele>
      </trkpt>
      <trkpt lat="35.05415" lon="-111.85383">
        <ele>2098.64</ele>
      </trkpt>
      <trkpt lat="35.05405" lon="-111.85388">
        <ele>2098.07</ele>
      </trkpt>
      <trkpt lat="35.05395" lon="-111.85393">
        <ele>2098.0</ele>
      </trkpt>
      <trkpt lat="35.05385" lon="-111.85398">
        <ele>2098.0</ele>
      </trkpt>
      <trkpt lat="35.05374" lon="-111.85403">
        <ele>2097.48</ele>
      </trkpt>
      <trkpt lat="35.05364" lon="-111.85408">
        <ele>2097.0</ele>
      </trkpt>
      <trkpt lat="35.05355" lon="-111.85412">
        <ele>2097.0</ele>
      </trkpt>
      <trkpt lat="35.05345" lon="-111.85414">
        <ele>2097.0</ele>
      </trkpt>
      <trkpt lat="35.05335" lon="-111.85415">
        <ele>2096.33</ele>
      </trkpt>
      <trkpt lat="35.05324" lon="-111.85415">
        <ele>2096.17</ele>
      </trkpt>
      <trkpt lat="35.05315" lon="-111.85415">
        <ele>2095.2</ele>
      </trkpt>
      <trkpt lat="35.05304" lon="-111.85414">
        <ele>2094.83</ele>
      </trkpt>
      <trkpt lat="35.05294" lon="-111.85412">
        <ele>2093.88</ele>
      </trkpt>
      <trkpt lat="35.05284" lon="-111.85408">
        <ele>2093.61</ele>
      </trkpt>
      <trkpt lat="35.05274" lon="-111.85403">
        <ele>2092.79</ele>
      </trkpt>
      <trkpt lat="35.05267" lon="-111.85396">
        <ele>2092.84</ele>
      </trkpt>
      <trkpt lat="35.05257" lon="-111.85389">
        <ele>2091.76</ele>
      </trkpt>
      <trkpt lat="35.05248" lon="-111.85381">
        <ele>2091.67</ele>
      </trkpt>
      <trkpt lat="35.0524" lon="-111.85375">
        <ele>2090.96</ele>
      </trkpt>
      <trkpt lat="35.05231" lon="-111.85367">
        <ele>2090.97</ele>
      </trkpt>
      <trkpt lat="35.05223" lon="-111.8536">
        <ele>2091.01</ele>
      </trkpt>
      <trkpt lat="35.05216" lon="-111.85354">
        <ele>2090.84</ele>
      </trkpt>
      <trkpt lat="35.05206" lon="-111.8535">
        <ele>2090.25</ele>
      </trkpt>
      <trkpt lat="35.05198" lon="-111.85346">
        <ele>2089.38</ele>
      </trkpt>
      <trkpt lat="35.05189" lon="-111.85345">
        <ele>2088.56</ele>
      </trkpt>
      <trkpt lat="35.0518" lon="-111.85345">
        <ele>2088.26</ele>
      </trkpt>
      <trkpt lat="35.05171" lon="-111.85345">
        <ele>2088.26</ele>
      </trkpt>
      <trkpt lat="35.05163" lon="-111.85346">
        <ele>2088.37</ele>
      </trkpt>
      <trkpt lat="35.05155" lon="-111.85347">
        <ele>2088.35</ele>
      </trkpt>
      <trkpt lat="35.05147" lon="-111.8535">
        <ele>2087.88</ele>
      </trkpt>
      <trkpt lat="35.0514" lon="-111.85355">
        <ele>2087.46</ele>
      </trkpt>
      <trkpt lat="35.05133" lon="-111.85361">
        <ele>2087.35</ele>
      </trkpt>
      <trkpt lat="35.05126" lon="-111.85369">
        <ele>2086.61</ele>
      </trkpt>
      <trkpt lat="35.0512" lon="-111.85377">
        <ele>2087.37</ele>
      </trkpt>
      <trkpt lat="35.05113" lon="-111.85385">
        <ele>2087.45</ele>
      </trkpt>
      <trkpt lat="35.05107" lon="-111.85393">
        <ele>2088.0</ele>
      </trkpt>
      <trkpt lat="35.05097" lon="-111.85399">
        <ele>2088.14</ele>
      </trkpt>
      <trkpt lat="35.05088" lon="-111.85406">
        <ele>2088.35</ele>
      </trkpt>
      <trkpt lat="35.05078" lon="-111.85412">
        <ele>2087.92</ele>
      </trkpt>
      <trkpt lat="35.05068" lon="-111.85418">
        <ele>2087.49</ele>
      </trkpt>
      <trkpt lat="35.05057" lon="-111.85421">
        <ele>2087.02</ele>
      </trkpt>
      <trkpt lat="35.05046" lon="-111.85424">
        <ele>2086.79</ele>
      </trkpt>
      <trkpt lat="35.05035" lon="-111.85425">
        <ele>2086.9</ele>
      </trkpt>
      <trkpt lat="35.05024" lon="-111.85426">
        <ele>2086.6</ele>
      </trkpt>
      <trkpt lat="35.05013" lon="-111.85427">
        <ele>2085.45</ele>
      </trkpt>
      <trkpt lat="35.05002" lon="-111.85428">
        <ele>2085.0</ele>
      </trkpt>
      <trkpt lat="35.04991" lon="-111.85428">
        <ele>2085.0</ele>
      </trkpt>
      <trkpt lat="35.04981" lon="-111.85429">
        <ele>2084.97</ele>
      </trkpt>
      <trkpt lat="35.0497" lon="-111.8543">
        <ele>2084.44</ele>
      </trkpt>
      <trkpt lat="35.04958" lon="-111.85432">
        <ele>2084.66</ele>
      </trkpt>
      <trkpt lat="35.04945" lon="-111.85435">
        <ele>2084.06</ele>
      </trkpt>
      <trkpt lat="35.04931" lon="-111.85438">
        <ele>2083.85</ele>
      </trkpt>
      <trkpt lat="35.04918" lon="-111.85441">
        <ele>2082.77</ele>
      </trkpt>
      <trkpt lat="35.04905" lon="-111.85445">
        <ele>2082.1</ele>
      </trkpt>
      <trkpt lat="35.04893" lon="-111.85449">
        <ele>2081.94</ele>
      </trkpt>
      <trkpt lat="35.04881" lon="-111.85454">
        <ele>2081.18</ele>
      </trkpt>
      <trkpt lat="35.04872" lon="-111.85459">
        <ele>2080.75</ele>
      </trkpt>
      <trkpt lat="35.04864" lon="-111.85465">
        <ele>2081.29</ele>
      </trkpt>
      <trkpt lat="35.04856" lon="-111.85469">
        <ele>2081.1</ele>
      </trkpt>
      <trkpt lat="35.04848" lon="-111.85474">
        <ele>2080.78</ele>
      </trkpt>
      <trkpt lat="35.04841" lon="-111.85478">
        <ele>2080.45</ele>
      </trkpt>
      <trkpt lat="35.04835" lon="-111.85484">
        <ele>2079.91</ele>
      </trkpt>
      <trkpt lat="35.04828" lon="-111.85491">
        <ele>2079.0</ele>
      </trkpt>
      <trkpt lat="35.04823" lon="-111.85498">
        <ele>2078.88</ele>
      </trkpt>
      <trkpt lat="35.04819" lon="-111.85505">
        <ele>2078.45</ele>
      </trkpt>
      <trkpt lat="35.04816" lon="-111.85512">
        <ele>2078.13</ele>
      </trkpt>
      <trkpt lat="35.04812" lon="-111.8552">
        <ele>2078.11</ele>
      </trkpt>
      <trkpt lat="35.04809" lon="-111.85529">
        <ele>2078.37</ele>
      </trkpt>
      <trkpt lat="35.04806" lon="-111.85538">
        <ele>2078.05</ele>
      </trkpt>
      <trkpt lat="35.04802" lon="-111.85549">
        <ele>2077.62</ele>
      </trkpt>
      <trkpt lat="35.048" lon="-111.85558">
        <ele>2077.66</ele>
      </trkpt>
      <trkpt lat="35.04799" lon="-111.85567">
        <ele>2078.36</ele>
      </trkpt>
      <trkpt lat="35.04798" lon="-111.85576">
        <ele>2078.54</ele>
      </trkpt>
      <trkpt lat="35.04797" lon="-111.85585">
        <ele>2079.09</ele>
      </trkpt>
      <trkpt lat="35.04795" lon="-111.85592">
        <ele>2078.85</ele>
      </trkpt>
      <trkpt lat="35.04793" lon="-111.85597">
        <ele>2078.95</ele>
      </trkpt>
      <trkpt lat="35.04792" lon="-111.85604">
        <ele>2079.18</ele>
      </trkpt>
      <trkpt lat="35.04786" lon="-111.8561">
        <ele>2078.67</ele>
      </trkpt>
      <trkpt lat="35.04785" lon="-111.85619">
        <ele>2078.75</ele>
      </trkpt>
      <trkpt lat="35.0478" lon="-111.85627">
        <ele>2078.24</ele>
      </trkpt>
      <trkpt lat="35.04684" lon="-111.85708">
        <ele>2066.87</ele>
      </trkpt>
      <trkpt lat="35.04675" lon="-111.85717">
        <ele>2065.9</ele>
      </trkpt>
      <trkpt lat="35.04665" lon="-111.85726">
        <ele>2065.33</ele>
      </trkpt>
      <trkpt lat="35.04657" lon="-111.85735">
        <ele>2064.96</ele>
      </trkpt>
      <trkpt lat="35.04649" lon="-111.85744">
        <ele>2064.09</ele>
      </trkpt>
      <trkpt lat="35.04641" lon="-111.85753">
        <ele>2063.23</ele>
      </trkpt>
      <trkpt lat="35.04633" lon="-111.85761">
        <ele>2062.55</ele>
      </trkpt>
      <trkpt lat="35.04626" lon="-111.85769">
        <ele>2062.24</ele>
      </trkpt>
      <trkpt lat="35.0462" lon="-111.8578">
        <ele>2061.96</ele>
      </trkpt>
      <trkpt lat="35.04614" lon="-111.85791">
        <ele>2061.74</ele>
      </trkpt>
      <trkpt lat="35.04609" lon="-111.85803">
        <ele>2061.54</ele>
      </trkpt>
      <trkpt lat="35.04605" lon="-111.85814">
        <ele>2060.68</ele>
      </trkpt>
      <trkpt lat="35.04601" lon="-111.85825">
        <ele>2058.55</ele>
      </trkpt>
      <trkpt lat="35.04596" lon="-111.85834">
        <ele>2056.81</ele>
      </trkpt>
      <trkpt lat="35.04591" lon="-111.85842">
        <ele>2056.76</ele>
      </trkpt>
      <trkpt lat="35.04584" lon="-111.8585">
        <ele>2056.93</ele>
      </trkpt>
      <trkpt lat="35.04575" lon="-111.85856">
        <ele>2057.0</ele>
      </trkpt>
      <trkpt lat="35.04565" lon="-111.8586">
        <ele>2056.78</ele>
      </trkpt>
      <trkpt lat="35.04556" lon="-111.85865">
        <ele>2056.47</ele>
      </trkpt>
      <trkpt lat="35.04549" lon="-111.85871">
        <ele>2056.36</ele>
      </trkpt>
      <trkpt lat="35.04543" lon="-111.85878">
        <ele>2056.47</ele>
      </trkpt>
      <trkpt lat="35.04536" lon="-111.85886">
        <ele>2056.54</ele>
      </trkpt>
      <trkpt lat="35.04531" lon="-111.85895">
        <ele>2057.01</ele>
      </trkpt>
      <trkpt lat="35.04525" lon="-111.85906">
        <ele>2056.7</ele>
      </trkpt>
      <trkpt lat="35.04521" lon="-111.85919">
        <ele>2057.27</ele>
      </trkpt>
      <trkpt lat="35.04516" lon="-111.85933">
        <ele>2057.49</ele>
      </trkpt>
      <trkpt lat="35.04511" lon="-111.85945">
        <ele>2057.25</ele>
      </trkpt>
      <trkpt lat="35.04506" lon="-111.85956">
        <ele>2057.38</ele>
      </trkpt>
      <trkpt lat="35.04502" lon="-111.85965">
        <ele>2057.44</ele>
      </trkpt>
      <trkpt lat="35.04496" lon="-111.85973">
        <ele>2057.26</ele>
      </trkpt>
      <trkpt lat="35.04488" lon="-111.8598">
        <ele>2057.04</ele>
      </trkpt>
      <trkpt lat="35.04479" lon="-111.85987">
        <ele>2056.71</ele>
      </trkpt>
      <trkpt lat="35.04469" lon="-111.85994">
        <ele>2057.13</ele>
      </trkpt>
      <trkpt lat="35.04458" lon="-111.85999">
        <ele>2056.49</ele>
      </trkpt>
      <trkpt lat="35.04446" lon="-111.86004">
        <ele>2055.56</ele>
      </trkpt>
      <trkpt lat="35.04433" lon="-111.86008">
        <ele>2052.88</ele>
      </trkpt>
      <trkpt lat="35.04421" lon="-111.86012">
        <ele>2051.06</ele>
      </trkpt>
      <trkpt lat="35.0441" lon="-111.86017">
        <ele>2051.55</ele>
      </trkpt>
      <trkpt lat="35.04398" lon="-111.86021">
        <ele>2051.53</ele>
      </trkpt>
      <trkpt lat="35.04386" lon="-111.86025">
        <ele>2051.61</ele>
      </trkpt>
      <trkpt lat="35.04375" lon="-111.86028">
        <ele>2051.55</ele>
      </trkpt>
      <trkpt lat="35.04364" lon="-111.86032">
        <ele>2051.6</ele>
      </trkpt>
      <trkpt lat="35.04354" lon="-111.86035">
        <ele>2051.78</ele>
      </trkpt>
      <trkpt lat="35.04344" lon="-111.86037">
        <ele>2051.99</ele>
      </trkpt>
      <trkpt lat="35.04334" lon="-111.8604">
        <ele>2052.32</ele>
      </trkpt>
      <trkpt lat="35.04324" lon="-111.86043">
        <ele>2051.64</ele>
      </trkpt>
      <trkpt lat="35.04314" lon="-111.86045">
        <ele>2051.85</ele>
      </trkpt>
      <trkpt lat="35.04303" lon="-111.86047">
        <ele>2051.8</ele>
      </trkpt>
      <trkpt lat="35.04292" lon="-111.8605">
        <ele>2051.4</ele>
      </trkpt>
      <trkpt lat="35.04282" lon="-111.86052">
        <ele>2050.53</ele>
      </trkpt>
      <trkpt lat="35.04271" lon="-111.86053">
        <ele>2048.26</ele>
      </trkpt>
      <trkpt lat="35.0426" lon="-111.86053">
        <ele>2046.8</ele>
      </trkpt>
      <trkpt lat="35.0425" lon="-111.86053">
        <ele>2046.72</ele>
      </trkpt>
      <trkpt lat="35.04237" lon="-111.86051">
        <ele>2046.51</ele>
      </trkpt>
      <trkpt lat="35.04225" lon="-111.86051">
        <ele>2046.51</ele>
      </trkpt>
      <trkpt lat="35.04215" lon="-111.86051">
        <ele>2046.51</ele>
      </trkpt>
      <trkpt lat="35.04205" lon="-111.86051">
        <ele>2046.08</ele>
      </trkpt>
      <trkpt lat="35.04196" lon="-111.86052">
        <ele>2045.72</ele>
      </trkpt>
      <trkpt lat="35.04187" lon="-111.86054">
        <ele>2045.7</ele>
      </trkpt>
      <trkpt lat="35.04179" lon="-111.86057">
        <ele>2045.49</ele>
      </trkpt>
      <trkpt lat="35.0417" lon="-111.86061">
        <ele>2044.31</ele>
      </trkpt>
      <trkpt lat="35.04161" lon="-111.86064">
        <ele>2042.69</ele>
      </trkpt>
      <trkpt lat="35.04153" lon="-111.86068">
        <ele>2041.21</ele>
      </trkpt>
      <trkpt lat="35.04145" lon="-111.86071">
        <ele>2040.33</ele>
      </trkpt>
      <trkpt lat="35.04136" lon="-111.86076">
        <ele>2039.9</ele>
      </trkpt>
      <trkpt lat="35.04129" lon="-111.86082">
        <ele>2039.79</ele>
      </trkpt>
      <trkpt lat="35.04122" lon="-111.86086">
        <ele>2039.46</ele>
      </trkpt>
      <trkpt lat="35.04116" lon="-111.86091">
        <ele>2039.36</ele>
      </trkpt>
      <trkpt lat="35.0411" lon="-111.86097">
        <ele>2039.24</ele>
      </trkpt>
      <trkpt lat="35.04105" lon="-111.86104">
        <ele>2038.68</ele>
      </trkpt>
      <trkpt lat="35.041" lon="-111.86111">
        <ele>2037.6</ele>
      </trkpt>
      <trkpt lat="35.04094" lon="-111.8612">
        <ele>2036.3</ele>
      </trkpt>
      <trkpt lat="35.04089" lon="-111.86129">
        <ele>2035.2</ele>
      </trkpt>
      <trkpt lat="35.04084" lon="-111.86137">
        <ele>2034.14</ele>
      </trkpt>
      <trkpt lat="35.0408" lon="-111.86146">
        <ele>2034.05</ele>
      </trkpt>
      <trkpt lat="35.04077" lon="-111.86157">
        <ele>2033.63</ele>
      </trkpt>
      <trkpt lat="35.04073" lon="-111.86167">
        <ele>2033.77</ele>
      </trkpt>
      <trkpt lat="35.0407" lon="-111.86177">
        <ele>2033.06</ele>
      </trkpt>
      <trkpt lat="35.04067" lon="-111.86186">
        <ele>2032.24</ele>
      </trkpt>
      <trkpt lat="35.04064" lon="-111.86197">
        <ele>2031.66</ele>
      </trkpt>
      <trkpt lat="35.0406" lon="-111.86208">
        <ele>2030.54</ele>
      </trkpt>
      <trkpt lat="35.04057" lon="-111.86218">
        <ele>2029.54</ele>
      </trkpt>
      <trkpt lat="35.04054" lon="-111.86228">
        <ele>2028.9</ele>
      </trkpt>
      <trkpt lat="35.04051" lon="-111.86238">
        <ele>2028.51</ele>
      </trkpt>
      <trkpt lat="35.04048" lon="-111.86249">
        <ele>2027.29</ele>
      </trkpt>
      <trkpt lat="35.04044" lon="-111.86259">
        <ele>2026.76</ele>
      </trkpt>
      <trkpt lat="35.04041" lon="-111.86267">
        <ele>2026.07</ele>
      </trkpt>
      <trkpt lat="35.04037" lon="-111.86274">
        <ele>2025.4</ele>
      </trkpt>
      <trkpt lat="35.04033" lon="-111.86279">
        <ele>2024.0</ele>
      </trkpt>
      <trkpt lat="35.04028" lon="-111.86281">
        <ele>2022.7</ele>
      </trkpt>
      <trkpt lat="35.04023" lon="-111.86282">
        <ele>2021.79</ele>
      </trkpt>
      <trkpt lat="35.04016" lon="-111.86282">
        <ele>2020.42</ele>
      </trkpt>
      <trkpt lat="35.04011" lon="-111.86282">
        <ele>2019.09</ele>
      </trkpt>
      <trkpt lat="35.04006" lon="-111.86281">
        <ele>2018.25</ele>
      </trkpt>
      <trkpt lat="35.03999" lon="-111.8628">
        <ele>2017.09</ele>
      </trkpt>
      <trkpt lat="35.03991" lon="-111.86279">
        <ele>2015.79</ele>
      </trkpt>
      <trkpt lat="35.03983" lon="-111.86276">
        <ele>2015.55</ele>
      </trkpt>
      <trkpt lat="35.03974" lon="-111.86273">
        <ele>2015.22</ele>
      </trkpt>
      <trkpt lat="35.03966" lon="-111.86269">
        <ele>2017.17</ele>
      </trkpt>
      <trkpt lat="35.03958" lon="-111.86264">
        <ele>2017.42</ele>
      </trkpt>
      <trkpt lat="35.0395" lon="-111.86259">
        <ele>2016.23</ele>
      </trkpt>
      <trkpt lat="35.03942" lon="-111.86253">
        <ele>2015.41</ele>
      </trkpt>
      <trkpt lat="35.03934" lon="-111.86247">
        <ele>2015.2</ele>
      </trkpt>
      <trkpt lat="35.03927" lon="-111.86241">
        <ele>2015.09</ele>
      </trkpt>
      <trkpt lat="35.0392" lon="-111.86235">
        <ele>2014.12</ele>
      </trkpt>
      <trkpt lat="35.03913" lon="-111.86229">
        <ele>2012.92</ele>
      </trkpt>
      <trkpt lat="35.03906" lon="-111.86223">
        <ele>2011.31</ele>
      </trkpt>
      <trkpt lat="35.039" lon="-111.86216">
        <ele>2009.2</ele>
      </trkpt>
      <trkpt lat="35.03894" lon="-111.8621">
        <ele>2008.25</ele>
      </trkpt>
      <trkpt lat="35.03888" lon="-111.86204">
        <ele>2007.78</ele>
      </trkpt>
      <trkpt lat="35.03883" lon="-111.86194">
        <ele>2007.41</ele>
      </trkpt>
      <trkpt lat="35.03879" lon="-111.86185">
        <ele>2007.87</ele>
      </trkpt>
      <trkpt lat="35.03874" lon="-111.86175">
        <ele>2007.35</ele>
      </trkpt>
      <trkpt lat="35.0387" lon="-111.86165">
        <ele>2006.97</ele>
      </trkpt>
      <trkpt lat="35.03866" lon="-111.86155">
        <ele>2007.0</ele>
      </trkpt>
      <trkpt lat="35.03863" lon="-111.86145">
        <ele>2007.0</ele>
      </trkpt>
      <trkpt lat="35.03858" lon="-111.86135">
        <ele>2007.08</ele>
      </trkpt>
      <trkpt lat="35.03853" lon="-111.86123">
        <ele>2007.75</ele>
      </trkpt>
      <trkpt lat="35.03849" lon="-111.86114">
        <ele>2007.29</ele>
      </trkpt>
      <trkpt lat="35.03845" lon="-111.86102">
        <ele>2007.5</ele>
      </trkpt>
      <trkpt lat="35.03841" lon="-111.86091">
        <ele>2007.83</ele>
      </trkpt>
      <trkpt lat="35.03836" lon="-111.86079">
        <ele>2008.04</ele>
      </trkpt>
      <trkpt lat="35.03831" lon="-111.86067">
        <ele>2008.01</ele>
      </trkpt>
      <trkpt lat="35.03825" lon="-111.86056">
        <ele>2007.16</ele>
      </trkpt>
      <trkpt lat="35.0382" lon="-111.86045">
        <ele>2006.74</ele>
      </trkpt>
      <trkpt lat="35.03815" lon="-111.86034">
        <ele>2006.37</ele>
      </trkpt>
      <trkpt lat="35.03809" lon="-111.86022">
        <ele>2006.13</ele>
      </trkpt>
      <trkpt lat="35.03804" lon="-111.86011">
        <ele>2006.24</ele>
      </trkpt>
      <trkpt lat="35.03798" lon="-111.86">
        <ele>2007.18</ele>
      </trkpt>
      <trkpt lat="35.03791" lon="-111.85991">
        <ele>2006.8</ele>
      </trkpt>
      <trkpt lat="35.03784" lon="-111.85981">
        <ele>2007.41</ele>
      </trkpt>
      <trkpt lat="35.03776" lon="-111.85972">
        <ele>2007.64</ele>
      </trkpt>
      <trkpt lat="35.03767" lon="-111.85963">
        <ele>2007.66</ele>
      </trkpt>
      <trkpt lat="35.03758" lon="-111.85953">
        <ele>2006.59</ele>
      </trkpt>
      <trkpt lat="35.03749" lon="-111.85944">
        <ele>2003.83</ele>
      </trkpt>
      <trkpt lat="35.0374" lon="-111.85936">
        <ele>2002.83</ele>
      </trkpt>
      <trkpt lat="35.0373" lon="-111.85929">
        <ele>2002.51</ele>
      </trkpt>
      <trkpt lat="35.03718" lon="-111.85924">
        <ele>2002.32</ele>
      </trkpt>
      <trkpt lat="35.03707" lon="-111.8592">
        <ele>2001.76</ele>
      </trkpt>
      <trkpt lat="35.03696" lon="-111.85915">
        <ele>2001.2</ele>
      </trkpt>
      <trkpt lat="35.03684" lon="-111.8591">
        <ele>1998.46</ele>
      </trkpt>
      <trkpt lat="35.03673" lon="-111.85906">
        <ele>1997.15</ele>
      </trkpt>
      <trkpt lat="35.03663" lon="-111.85904">
        <ele>1996.97</ele>
      </trkpt>
      <trkpt lat="35.03652" lon="-111.85902">
        <ele>1996.58</ele>
      </trkpt>
      <trkpt lat="35.03641" lon="-111.85902">
        <ele>1996.26</ele>
      </trkpt>
      <trkpt lat="35.0363" lon="-111.85902">
        <ele>1996.17</ele>
      </trkpt>
      <trkpt lat="35.03619" lon="-111.85902">
        <ele>1996.67</ele>
      </trkpt>
      <trkpt lat="35.03609" lon="-111.85904">
        <ele>1996.88</ele>
      </trkpt>
      <trkpt lat="35.03598" lon="-111.85907">
        <ele>1997.48</ele>
      </trkpt>
      <trkpt lat="35.03588" lon="-111.85913">
        <ele>1997.29</ele>
      </trkpt>
      <trkpt lat="35.03578" lon="-111.8592">
        <ele>1997.22</ele>
      </trkpt>
      <trkpt lat="35.03568" lon="-111.85928">
        <ele>1997.35</ele>
      </trkpt>
      <trkpt lat="35.03558" lon="-111.85936">
        <ele>1997.62</ele>
      </trkpt>
      <trkpt lat="35.0355" lon="-111.85944">
        <ele>1997.68</ele>
      </trkpt>
      <trkpt lat="35.03542" lon="-111.85952">
        <ele>1997.65</ele>
      </trkpt>
      <trkpt lat="35.03534" lon="-111.85958">
        <ele>1997.07</ele>
      </trkpt>
      <trkpt lat="35.03527" lon="-111.85961">
        <ele>1996.42</ele>
      </trkpt>
      <trkpt lat="35.0352" lon="-111.85962">
        <ele>1996.21</ele>
      </trkpt>
      <trkpt lat="35.03513" lon="-111.85962">
        <ele>1996.15</ele>
      </trkpt>
      <trkpt lat="35.03504" lon="-111.85962">
        <ele>1995.54</ele>
      </trkpt>
      <trkpt lat="35.03498" lon="-111.8596">
        <ele>1995.25</ele>
      </trkpt>
      <trkpt lat="35.03491" lon="-111.85956">
        <ele>1995.02</ele>
      </trkpt>
      <trkpt lat="35.03487" lon="-111.8595">
        <ele>1994.83</ele>
      </trkpt>
      <trkpt lat="35.03483" lon="-111.85942">
        <ele>1994.55</ele>
      </trkpt>
      <trkpt lat="35.03481" lon="-111.85933">
        <ele>1994.79</ele>
      </trkpt>
      <trkpt lat="35.0348" lon="-111.85924">
        <ele>1994.19</ele>
      </trkpt>
      <trkpt lat="35.03479" lon="-111.8591">
        <ele>1992.48</ele>
      </trkpt>
      <trkpt lat="35.03478" lon="-111.85897">
        <ele>1990.25</ele>
      </trkpt>
      <trkpt lat="35.03477" lon="-111.85884">
        <ele>1990.03</ele>
      </trkpt>
      <trkpt lat="35.03477" lon="-111.8587">
        <ele>1990.03</ele>
      </trkpt>
      <trkpt lat="35.03476" lon="-111.85857">
        <ele>1989.82</ele>
      </trkpt>
      <trkpt lat="35.03474" lon="-111.85843">
        <ele>1989.38</ele>
      </trkpt>
      <trkpt lat="35.03471" lon="-111.85829">
        <ele>1989.27</ele>
      </trkpt>
      <trkpt lat="35.03468" lon="-111.85814">
        <ele>1989.14</ele>
      </trkpt>
      <trkpt lat="35.03465" lon="-111.85801">
        <ele>1989.04</ele>
      </trkpt>
      <trkpt lat="35.03461" lon="-111.85787">
        <ele>1988.58</ele>
      </trkpt>
      <trkpt lat="35.03456" lon="-111.85775">
        <ele>1988.5</ele>
      </trkpt>
      <trkpt lat="35.03451" lon="-111.85762">
        <ele>1987.91</ele>
      </trkpt>
      <trkpt lat="35.03446" lon="-111.8575">
        <ele>1987.34</ele>
      </trkpt>
      <trkpt lat="35.03442" lon="-111.85738">
        <ele>1987.07</ele>
      </trkpt>
      <trkpt lat="35.03436" lon="-111.85725">
        <ele>1986.09</ele>
      </trkpt>
      <trkpt lat="35.0343" lon="-111.85714">
        <ele>1985.38</ele>
      </trkpt>
      <trkpt lat="35.03424" lon="-111.85703">
        <ele>1985.79</ele>
      </trkpt>
      <trkpt lat="35.03418" lon="-111.85692">
        <ele>1985.41</ele>
      </trkpt>
      <trkpt lat="35.03413" lon="-111.85682">
        <ele>1985.34</ele>
      </trkpt>
      <trkpt lat="35.03406" lon="-111.8567">
        <ele>1984.79</ele>
      </trkpt>
      <trkpt lat="35.034" lon="-111.85659">
        <ele>1985.03</ele>
      </trkpt>
      <trkpt lat="35.03392" lon="-111.85649">
        <ele>1983.67</ele>
      </trkpt>
      <trkpt lat="35.03385" lon="-111.85639">
        <ele>1982.58</ele>
      </trkpt>
      <trkpt lat="35.03379" lon="-111.85626">
        <ele>1982.37</ele>
      </trkpt>
      <trkpt lat="35.03374" lon="-111.85616">
        <ele>1982.58</ele>
      </trkpt>
      <trkpt lat="35.0337" lon="-111.85605">
        <ele>1981.96</ele>
      </trkpt>
      <trkpt lat="35.03366" lon="-111.85597">
        <ele>1981.53</ele>
      </trkpt>
      <trkpt lat="35.03361" lon="-111.8559">
        <ele>1981.0</ele>
      </trkpt>
      <trkpt lat="35.03356" lon="-111.85586">
        <ele>1981.0</ele>
      </trkpt>
      <trkpt lat="35.0335" lon="-111.85582">
        <ele>1980.97</ele>
      </trkpt>
      <trkpt lat="35.03344" lon="-111.85579">
        <ele>1980.6</ele>
      </trkpt>
      <trkpt lat="35.03338" lon="-111.85577">
        <ele>1980.81</ele>
      </trkpt>
      <trkpt lat="35.03334" lon="-111.85576">
        <ele>1981.14</ele>
      </trkpt>
      <trkpt lat="35.03329" lon="-111.85574">
        <ele>1980.99</ele>
      </trkpt>
      <trkpt lat="35.03323" lon="-111.85572">
        <ele>1980.89</ele>
      </trkpt>
      <trkpt lat="35.03315" lon="-111.85571">
        <ele>1981.65</ele>
      </trkpt>
      <trkpt lat="35.03308" lon="-111.8557">
        <ele>1981.56</ele>
      </trkpt>
      <trkpt lat="35.033" lon="-111.85569">
        <ele>1981.45</ele>
      </trkpt>
      <trkpt lat="35.03291" lon="-111.85569">
        <ele>1981.45</ele>
      </trkpt>
      <trkpt lat="35.03282" lon="-111.85569">
        <ele>1981.75</ele>
      </trkpt>
      <trkpt lat="35.03274" lon="-111.8557">
        <ele>1982.41</ele>
      </trkpt>
      <trkpt lat="35.03264" lon="-111.85572">
        <ele>1983.38</ele>
      </trkpt>
      <trkpt lat="35.03257" lon="-111.85576">
        <ele>1984.37</ele>
      </trkpt>
      <trkpt lat="35.03251" lon="-111.8558">
        <ele>1984.71</ele>
      </trkpt>
      <trkpt lat="35.03244" lon="-111.85584">
        <ele>1985.1</ele>
      </trkpt>
      <trkpt lat="35.03237" lon="-111.85587">
        <ele>1985.15</ele>
      </trkpt>
      <trkpt lat="35.03229" lon="-111.8559">
        <ele>1985.44</ele>
      </trkpt>
      <trkpt lat="35.0322" lon="-111.85591">
        <ele>1985.7</ele>
      </trkpt>
      <trkpt lat="35.03209" lon="-111.85591">
        <ele>1985.83</ele>
      </trkpt>
      <trkpt lat="35.03201" lon="-111.85591">
        <ele>1986.07</ele>
      </trkpt>
      <trkpt lat="35.03194" lon="-111.85591">
        <ele>1986.66</ele>
      </trkpt>
      <trkpt lat="35.03186" lon="-111.8559">
        <ele>1986.7</ele>
      </trkpt>
      <trkpt lat="35.0318" lon="-111.85589">
        <ele>1986.95</ele>
      </trkpt>
      <trkpt lat="35.03173" lon="-111.85587">
        <ele>1986.98</ele>
      </trkpt>
      <trkpt lat="35.03167" lon="-111.85585">
        <ele>1987.15</ele>
      </trkpt>
      <trkpt lat="35.0316" lon="-111.85581">
        <ele>1987.65</ele>
      </trkpt>
      <trkpt lat="35.03153" lon="-111.85576">
        <ele>1989.53</ele>
      </trkpt>
      <trkpt lat="35.03147" lon="-111.8557">
        <ele>1991.26</ele>
      </trkpt>
      <trkpt lat="35.03141" lon="-111.85565">
        <ele>1991.8</ele>
      </trkpt>
      <trkpt lat="35.03135" lon="-111.85561">
        <ele>1992.25</ele>
      </trkpt>
      <trkpt lat="35.0313" lon="-111.85557">
        <ele>1992.27</ele>
      </trkpt>
      <trkpt lat="35.03124" lon="-111.85553">
        <ele>1992.77</ele>
      </trkpt>
      <trkpt lat="35.03118" lon="-111.85548">
        <ele>1992.88</ele>
      </trkpt>
      <trkpt lat="35.03112" lon="-111.8554">
        <ele>1993.13</ele>
      </trkpt>
      <trkpt lat="35.03108" lon="-111.85533">
        <ele>1992.61</ele>
      </trkpt>
      <trkpt lat="35.03103" lon="-111.85528">
        <ele>1992.78</ele>
      </trkpt>
      <trkpt lat="35.03097" lon="-111.85521">
        <ele>1992.06</ele>
      </trkpt>
      <trkpt lat="35.03089" lon="-111.85515">
        <ele>1992.25</ele>
      </trkpt>
      <trkpt lat="35.03081" lon="-111.85511">
        <ele>1992.63</ele>
      </trkpt>
      <trkpt lat="35.03074" lon="-111.85506">
        <ele>1993.01</ele>
      </trkpt>
      <trkpt lat="35.03069" lon="-111.85501">
        <ele>1993.61</ele>
      </trkpt>
      <trkpt lat="35.03063" lon="-111.85495">
        <ele>1994.83</ele>
      </trkpt>
      <trkpt lat="35.03056" lon="-111.85491">
        <ele>1995.95</ele>
      </trkpt>
      <trkpt lat="35.03046" lon="-111.85487">
        <ele>1997.63</ele>
      </trkpt>
      <trkpt lat="35.03035" lon="-111.85482">
        <ele>1998.28</ele>
      </trkpt>
      <trkpt lat="35.03025" lon="-111.85477">
        <ele>1998.96</ele>
      </trkpt>
      <trkpt lat="35.03017" lon="-111.85472">
        <ele>2000.33</ele>
      </trkpt>
      <trkpt lat="35.03011" lon="-111.85467">
        <ele>2001.62</ele>
      </trkpt>
      <trkpt lat="35.03003" lon="-111.85463">
        <ele>2002.68</ele>
      </trkpt>
      <trkpt lat="35.02996" lon="-111.85461">
        <ele>2003.56</ele>
      </trkpt>
      <trkpt lat="35.02989" lon="-111.8546">
        <ele>2004.61</ele>
      </trkpt>
      <trkpt lat="35.0298" lon="-111.8546">
        <ele>2005.89</ele>
      </trkpt>
      <trkpt lat="35.02972" lon="-111.85461">
        <ele>2006.98</ele>
      </trkpt>
      <trkpt lat="35.02966" lon="-111.85464">
        <ele>2006.25</ele>
      </trkpt>
      <trkpt lat="35.02961" lon="-111.8547">
        <ele>2004.82</ele>
      </trkpt>
      <trkpt lat="35.02957" lon="-111.85479">
        <ele>2003.24</ele>
      </trkpt>
      <trkpt lat="35.02955" lon="-111.85489">
        <ele>2002.31</ele>
      </trkpt>
      <trkpt lat="35.02953" lon="-111.855">
        <ele>2002.15</ele>
      </trkpt>
      <trkpt lat="35.02953" lon="-111.85512">
        <ele>2004.15</ele>
      </trkpt>
      <trkpt lat="35.02953" lon="-111.85524">
        <ele>2004.74</ele>
      </trkpt>
      <trkpt lat="35.02954" lon="-111.85535">
        <ele>2006.53</ele>
      </trkpt>
      <trkpt lat="35.02956" lon="-111.85545">
        <ele>2007.83</ele>
      </trkpt>
      <trkpt lat="35.02959" lon="-111.85554">
        <ele>2008.71</ele>
      </trkpt>
      <trkpt lat="35.02961" lon="-111.85564">
        <ele>2009.14</ele>
      </trkpt>
      <trkpt lat="35.02963" lon="-111.85574">
        <ele>2008.99</ele>
      </trkpt>
      <trkpt lat="35.02964" lon="-111.85584">
        <ele>2009.78</ele>
      </trkpt>
      <trkpt lat="35.02965" lon="-111.85595">
        <ele>2009.56</ele>
      </trkpt>
      <trkpt lat="35.02965" lon="-111.85603">
        <ele>2009.68</ele>
      </trkpt>
      <trkpt lat="35.02965" lon="-111.85611">
        <ele>2010.55</ele>
      </trkpt>
      <trkpt lat="35.02965" lon="-111.85619">
        <ele>2010.56</ele>
      </trkpt>
      <trkpt lat="35.02966" lon="-111.85627">
        <ele>2011.06</ele>
      </trkpt>
      <trkpt lat="35.02966" lon="-111.85635">
        <ele>2011.34</ele>
      </trkpt>
      <trkpt lat="35.02967" lon="-111.85642">
        <ele>2011.27</ele>
      </trkpt>
      <trkpt lat="35.02968" lon="-111.85649">
        <ele>2011.55</ele>
      </trkpt>
      <trkpt lat="35.0297" lon="-111.85656">
        <ele>2012.09</ele>
      </trkpt>
      <trkpt lat="35.02972" lon="-111.85665">
        <ele>2013.66</ele>
      </trkpt>
      <trkpt lat="35.02975" lon="-111.85677">
        <ele>2014.82</ele>
      </trkpt>
      <trkpt lat="35.02977" lon="-111.85691">
        <ele>2015.79</ele>
      </trkpt>
      <trkpt lat="35.02978" lon="-111.85702">
        <ele>2015.75</ele>
      </trkpt>
      <trkpt lat="35.0298" lon="-111.85715">
        <ele>2016.32</ele>
      </trkpt>
      <trkpt lat="35.02981" lon="-111.85728">
        <ele>2016.1</ele>
      </trkpt>
      <trkpt lat="35.02982" lon="-111.8574">
        <ele>2016.81</ele>
      </trkpt>
      <trkpt lat="35.02983" lon="-111.85754">
        <ele>2017.27</ele>
      </trkpt>
      <trkpt lat="35.02984" lon="-111.85764">
        <ele>2018.38</ele>
      </trkpt>
      <trkpt lat="35.02985" lon="-111.85773">
        <ele>2019.78</ele>
      </trkpt>
      <trkpt lat="35.02986" lon="-111.85778">
        <ele>2020.55</ele>
      </trkpt>
      <trkpt lat="35.02986" lon="-111.85785">
        <ele>2021.69</ele>
      </trkpt>
      <trkpt lat="35.02987" lon="-111.8579">
        <ele>2022.0</ele>
      </trkpt>
      <trkpt lat="35.02988" lon="-111.85796">
        <ele>2022.27</ele>
      </trkpt>
      <trkpt lat="35.0299" lon="-111.85804">
        <ele>2022.15</ele>
      </trkpt>
      <trkpt lat="35.02992" lon="-111.85811">
        <ele>2022.32</ele>
      </trkpt>
      <trkpt lat="35.02994" lon="-111.85821">
        <ele>2022.3</ele>
      </trkpt>
      <trkpt lat="35.02998" lon="-111.85832">
        <ele>2022.1</ele>
      </trkpt>
      <trkpt lat="35.02999" lon="-111.85843">
        <ele>2022.22</ele>
      </trkpt>
      <trkpt lat="35.03001" lon="-111.85854">
        <ele>2022.02</ele>
      </trkpt>
      <trkpt lat="35.03003" lon="-111.85863">
        <ele>2022.42</ele>
      </trkpt>
      <trkpt lat="35.03005" lon="-111.85872">
        <ele>2022.54</ele>
      </trkpt>
      <trkpt lat="35.03007" lon="-111.85881">
        <ele>2022.6</ele>
      </trkpt>
      <trkpt lat="35.0301" lon="-111.85891">
        <ele>2023.17</ele>
      </trkpt>
      <trkpt lat="35.03013" lon="-111.85902">
        <ele>2024.83</ele>
      </trkpt>
      <trkpt lat="35.03016" lon="-111.85911">
        <ele>2026.49</ele>
      </trkpt>
      <trkpt lat="35.03018" lon="-111.85921">
        <ele>2027.55</ele>
      </trkpt>
      <trkpt lat="35.0302" lon="-111.85929">
        <ele>2027.73</ele>
      </trkpt>
      <trkpt lat="35.0302" lon="-111.85937">
        <ele>2028.0</ele>
      </trkpt>
      <trkpt lat="35.0302" lon="-111.85944">
        <ele>2028.64</ele>
      </trkpt>
      <trkpt lat="35.0302" lon="-111.85953">
        <ele>2028.83</ele>
      </trkpt>
      <trkpt lat="35.03019" lon="-111.85962">
        <ele>2029.8</ele>
      </trkpt>
      <trkpt lat="35.03017" lon="-111.85971">
        <ele>2031.03</ele>
      </trkpt>
      <trkpt lat="35.03012" lon="-111.85979">
        <ele>2032.44</ele>
      </trkpt>
      <trkpt lat="35.03007" lon="-111.85987">
        <ele>2034.18</ele>
      </trkpt>
      <trkpt lat="35.03002" lon="-111.85996">
        <ele>2035.0</ele>
      </trkpt>
      <trkpt lat="35.02995" lon="-111.86003">
        <ele>2035.22</ele>
      </trkpt>
      <trkpt lat="35.02989" lon="-111.86011">
        <ele>2035.19</ele>
      </trkpt>
      <trkpt lat="35.02984" lon="-111.86021">
        <ele>2035.19</ele>
      </trkpt>
      <trkpt lat="35.02978" lon="-111.86031">
        <ele>2035.03</ele>
      </trkpt>
      <trkpt lat="35.02972" lon="-111.86041">
        <ele>2034.62</ele>
      </trkpt>
      <trkpt lat="35.02967" lon="-111.8605">
        <ele>2034.9</ele>
      </trkpt>
      <trkpt lat="35.02961" lon="-111.8606">
        <ele>2034.83</ele>
      </trkpt>
      <trkpt lat="35.02957" lon="-111.8607">
        <ele>2034.93</ele>
      </trkpt>
      <trkpt lat="35.02953" lon="-111.86079">
        <ele>2035.64</ele>
      </trkpt>
      <trkpt lat="35.02948" lon="-111.86089">
        <ele>2037.23</ele>
      </trkpt>
      <trkpt lat="35.02944" lon="-111.861">
        <ele>2038.91</ele>
      </trkpt>
      <trkpt lat="35.02941" lon="-111.86111">
        <ele>2039.74</ele>
      </trkpt>
      <trkpt lat="35.02938" lon="-111.86122">
        <ele>2039.97</ele>
      </trkpt>
      <trkpt lat="35.02936" lon="-111.86133">
        <ele>2039.82</ele>
      </trkpt>
      <trkpt lat="35.02934" lon="-111.86145">
        <ele>2040.26</ele>
      </trkpt>
      <trkpt lat="35.02932" lon="-111.86158">
        <ele>2040.69</ele>
      </trkpt>
      <trkpt lat="35.02931" lon="-111.8617">
        <ele>2040.9</ele>
      </trkpt>
      <trkpt lat="35.0293" lon="-111.86182">
        <ele>2041.12</ele>
      </trkpt>
      <trkpt lat="35.02928" lon="-111.86195">
        <ele>2041.55</ele>
      </trkpt>
      <trkpt lat="35.02927" lon="-111.86207">
        <ele>2041.81</ele>
      </trkpt>
      <trkpt lat="35.02925" lon="-111.86216">
        <ele>2042.53</ele>
      </trkpt>
      <trkpt lat="35.02922" lon="-111.86226">
        <ele>2044.08</ele>
      </trkpt>
      <trkpt lat="35.02919" lon="-111.86234">
        <ele>2044.75</ele>
      </trkpt>
      <trkpt lat="35.02916" lon="-111.86243">
        <ele>2045.07</ele>
      </trkpt>
      <trkpt lat="35.0291" lon="-111.86248">
        <ele>2045.72</ele>
      </trkpt>
      <trkpt lat="35.02902" lon="-111.86251">
        <ele>2046.48</ele>
      </trkpt>
      <trkpt lat="35.02892" lon="-111.86254">
        <ele>2046.57</ele>
      </trkpt>
      <trkpt lat="35.02882" lon="-111.86255">
        <ele>2047.2</ele>
      </trkpt>
      <trkpt lat="35.02874" lon="-111.86256">
        <ele>2047.35</ele>
      </trkpt>
      <trkpt lat="35.02867" lon="-111.86255">
        <ele>2047.46</ele>
      </trkpt>
      <trkpt lat="35.02859" lon="-111.86253">
        <ele>2047.68</ele>
      </trkpt>
      <trkpt lat="35.02852" lon="-111.86251">
        <ele>2047.89</ele>
      </trkpt>
      <trkpt lat="35.02842" lon="-111.86249">
        <ele>2048.0</ele>
      </trkpt>
      <trkpt lat="35.02834" lon="-111.86247">
        <ele>2048.0</ele>
      </trkpt>
      <trkpt lat="35.02826" lon="-111.86245">
        <ele>2048.0</ele>
      </trkpt>
      <trkpt lat="35.0282" lon="-111.86244">
        <ele>2048.0</ele>
      </trkpt>
      <trkpt lat="35.02814" lon="-111.86244">
        <ele>2048.0</ele>
      </trkpt>
      <trkpt lat="35.02808" lon="-111.86244">
        <ele>2048.0</ele>
      </trkpt>
      <trkpt lat="35.028" lon="-111.86247">
        <ele>2048.0</ele>
      </trkpt>
      <trkpt lat="35.02791" lon="-111.86251">
        <ele>2048.06</ele>
      </trkpt>
      <trkpt lat="35.02782" lon="-111.86258">
        <ele>2048.94</ele>
      </trkpt>
      <trkpt lat="35.02771" lon="-111.86264">
        <ele>2049.37</ele>
      </trkpt>
      <trkpt lat="35.02756" lon="-111.8627">
        <ele>2050.46</ele>
      </trkpt>
      <trkpt lat="35.02749" lon="-111.86273">
        <ele>2051.11</ele>
      </trkpt>
      <trkpt lat="35.02742" lon="-111.86275">
        <ele>2051.86</ele>
      </trkpt>
      <trkpt lat="35.02735" lon="-111.86277">
        <ele>2052.57</ele>
      </trkpt>
      <trkpt lat="35.02726" lon="-111.86278">
        <ele>2053.01</ele>
      </trkpt>
      <trkpt lat="35.02719" lon="-111.8628">
        <ele>2053.5</ele>
      </trkpt>
      <trkpt lat="35.02712" lon="-111.86281">
        <ele>2054.04</ele>
      </trkpt>
      <trkpt lat="35.02705" lon="-111.86282">
        <ele>2054.39</ele>
      </trkpt>
      <trkpt lat="35.02697" lon="-111.86283">
        <ele>2054.88</ele>
      </trkpt>
      <trkpt lat="35.02688" lon="-111.86285">
        <ele>2055.7</ele>
      </trkpt>
      <trkpt lat="35.02679" lon="-111.86286">
        <ele>2056.59</ele>
      </trkpt>
      <trkpt lat="35.0267" lon="-111.86287">
        <ele>2057.0</ele>
      </trkpt>
      <trkpt lat="35.02659" lon="-111.86288">
        <ele>2057.0</ele>
      </trkpt>
      <trkpt lat="35.02648" lon="-111.8629">
        <ele>2057.0</ele>
      </trkpt>
      <trkpt lat="35.02638" lon="-111.86291">
        <ele>2057.0</ele>
      </trkpt>
      <trkpt lat="35.02629" lon="-111.86293">
        <ele>2057.0</ele>
      </trkpt>
      <trkpt lat="35.02619" lon="-111.86294">
        <ele>2057.0</ele>
      </trkpt>
      <trkpt lat="35.0261" lon="-111.86295">
        <ele>2056.98</ele>
      </trkpt>
      <trkpt lat="35.02602" lon="-111.86296">
        <ele>2056.97</ele>
      </trkpt>
      <trkpt lat="35.02591" lon="-111.86297">
        <ele>2057.08</ele>
      </trkpt>
      <trkpt lat="35.0258" lon="-111.86298">
        <ele>2057.18</ele>
      </trkpt>
      <trkpt lat="35.02569" lon="-111.863">
        <ele>2057.18</ele>
      </trkpt>
      <trkpt lat="35.02558" lon="-111.86302">
        <ele>2057.0</ele>
      </trkpt>
      <trkpt lat="35.02546" lon="-111.86304">
        <ele>2056.83</ele>
      </trkpt>
      <trkpt lat="35.02535" lon="-111.86306">
        <ele>2057.05</ele>
      </trkpt>
      <trkpt lat="35.02523" lon="-111.86308">
        <ele>2057.26</ele>
      </trkpt>
      <trkpt lat="35.02513" lon="-111.86309">
        <ele>2057.37</ele>
      </trkpt>
      <trkpt lat="35.02501" lon="-111.86311">
        <ele>2057.59</ele>
      </trkpt>
      <trkpt lat="35.0249" lon="-111.86313">
        <ele>2057.8</ele>
      </trkpt>
      <trkpt lat="35.02479" lon="-111.86314">
        <ele>2057.91</ele>
      </trkpt>
      <trkpt lat="35.02467" lon="-111.86315">
        <ele>2058.02</ele>
      </trkpt>
      <trkpt lat="35.02456" lon="-111.86316">
        <ele>2058.13</ele>
      </trkpt>
      <trkpt lat="35.02445" lon="-111.86316">
        <ele>2058.13</ele>
      </trkpt>
      <trkpt lat="35.02434" lon="-111.86317">
        <ele>2058.24</ele>
      </trkpt>
      <trkpt lat="35.02422" lon="-111.86316">
        <ele>2058.13</ele>
      </trkpt>
      <trkpt lat="35.02411" lon="-111.86316">
        <ele>2058.13</ele>
      </trkpt>
      <trkpt lat="35.02401" lon="-111.86315">
        <ele>2058.02</ele>
      </trkpt>
      <trkpt lat="35.0239" lon="-111.86314">
        <ele>2058.79</ele>
      </trkpt>
      <trkpt lat="35.02379" lon="-111.8631">
        <ele>2058.52</ele>
      </trkpt>
      <trkpt lat="35.02369" lon="-111.86305">
        <ele>2059.0</ele>
      </trkpt>
      <trkpt lat="35.0236" lon="-111.86299">
        <ele>2059.12</ele>
      </trkpt>
      <trkpt lat="35.02351" lon="-111.86292">
        <ele>2060.0</ele>
      </trkpt>
      <trkpt lat="35.02345" lon="-111.86286">
        <ele>2059.97</ele>
      </trkpt>
      <trkpt lat="35.0234" lon="-111.86277">
        <ele>2060.26</ele>
      </trkpt>
      <trkpt lat="35.02335" lon="-111.86269">
        <ele>2060.04</ele>
      </trkpt>
      <trkpt lat="35.02331" lon="-111.8626">
        <ele>2060.25</ele>
      </trkpt>
      <trkpt lat="35.02328" lon="-111.8625">
        <ele>2060.58</ele>
      </trkpt>
      <trkpt lat="35.02324" lon="-111.86239">
        <ele>2061.0</ele>
      </trkpt>
      <trkpt lat="35.02321" lon="-111.86229">
        <ele>2061.09</ele>
      </trkpt>
      <trkpt lat="35.02316" lon="-111.86222">
        <ele>2061.9</ele>
      </trkpt>
      <trkpt lat="35.02312" lon="-111.86215">
        <ele>2063.39</ele>
      </trkpt>
      <trkpt lat="35.02309" lon="-111.86207">
        <ele>2064.9</ele>
      </trkpt>
      <trkpt lat="35.02305" lon="-111.86198">
        <ele>2066.06</ele>
      </trkpt>
      <trkpt lat="35.02301" lon="-111.8619">
        <ele>2066.49</ele>
      </trkpt>
      <trkpt lat="35.02297" lon="-111.86181">
        <ele>2066.92</ele>
      </trkpt>
      <trkpt lat="35.02293" lon="-111.86173">
        <ele>2067.11</ele>
      </trkpt>
      <trkpt lat="35.02287" lon="-111.86164">
        <ele>2068.0</ele>
      </trkpt>
      <trkpt lat="35.02281" lon="-111.86154">
        <ele>2068.0</ele>
      </trkpt>
      <trkpt lat="35.02271" lon="-111.86144">
        <ele>2068.0</ele>
      </trkpt>
      <trkpt lat="35.02262" lon="-111.86135">
        <ele>2067.17</ele>
      </trkpt>
      <trkpt lat="35.02252" lon="-111.86128">
        <ele>2066.86</ele>
      </trkpt>
      <trkpt lat="35.02243" lon="-111.86122">
        <ele>2066.18</ele>
      </trkpt>
      <trkpt lat="35.02233" lon="-111.86117">
        <ele>2065.7</ele>
      </trkpt>
      <trkpt lat="35.02224" lon="-111.86113">
        <ele>2065.04</ele>
      </trkpt>
      <trkpt lat="35.02214" lon="-111.86111">
        <ele>2064.11</ele>
      </trkpt>
      <trkpt lat="35.02205" lon="-111.86108">
        <ele>2063.71</ele>
      </trkpt>
      <trkpt lat="35.02196" lon="-111.86106">
        <ele>2063.45</ele>
      </trkpt>
      <trkpt lat="35.02186" lon="-111.86104">
        <ele>2063.02</ele>
      </trkpt>
      <trkpt lat="35.02177" lon="-111.86102">
        <ele>2062.12</ele>
      </trkpt>
      <trkpt lat="35.02167" lon="-111.861">
        <ele>2061.04</ele>
      </trkpt>
      <trkpt lat="35.02157" lon="-111.86098">
        <ele>2060.98</ele>
      </trkpt>
      <trkpt lat="35.02145" lon="-111.86096">
        <ele>2060.24</ele>
      </trkpt>
      <trkpt lat="35.02133" lon="-111.86094">
        <ele>2060.0</ele>
      </trkpt>
      <trkpt lat="35.02122" lon="-111.86092">
        <ele>2060.0</ele>
      </trkpt>
      <trkpt lat="35.02111" lon="-111.8609">
        <ele>2059.72</ele>
      </trkpt>
      <trkpt lat="35.02099" lon="-111.86088">
        <ele>2059.5</ele>
      </trkpt>
      <trkpt lat="35.02087" lon="-111.86085">
        <ele>2059.18</ele>
      </trkpt>
      <trkpt lat="35.02076" lon="-111.86084">
        <ele>2059.01</ele>
      </trkpt>
      <trkpt lat="35.02065" lon="-111.86082">
        <ele>2059.0</ele>
      </trkpt>
      <trkpt lat="35.02055" lon="-111.86081">
        <ele>2059.0</ele>
      </trkpt>
      <trkpt lat="35.02045" lon="-111.8608">
        <ele>2059.0</ele>
      </trkpt>
      <trkpt lat="35.02036" lon="-111.86079">
        <ele>2059.06</ele>
      </trkpt>
      <trkpt lat="35.02026" lon="-111.86077">
        <ele>2059.45</ele>
      </trkpt>
      <trkpt lat="35.02018" lon="-111.86076">
        <ele>2060.0</ele>
      </trkpt>
      <trkpt lat="35.02007" lon="-111.86076">
        <ele>2060.05</ele>
      </trkpt>
      <trkpt lat="35.01996" lon="-111.86075">
        <ele>2060.49</ele>
      </trkpt>
      <trkpt lat="35.01987" lon="-111.86075">
        <ele>2061.0</ele>
      </trkpt>
      <trkpt lat="35.01977" lon="-111.86075">
        <ele>2061.0</ele>
      </trkpt>
      <trkpt lat="35.01967" lon="-111.86075">
        <ele>2061.56</ele>
      </trkpt>
      <trkpt lat="35.01958" lon="-111.86077">
        <ele>2062.54</ele>
      </trkpt>
      <trkpt lat="35.01949" lon="-111.8608">
        <ele>2063.83</ele>
      </trkpt>
      <trkpt lat="35.0194" lon="-111.86086">
        <ele>2065.48</ele>
      </trkpt>
      <trkpt lat="35.01933" lon="-111.86092">
        <ele>2066.24</ele>
      </trkpt>
      <trkpt lat="35.01925" lon="-111.861">
        <ele>2067.82</ele>
      </trkpt>
      <trkpt lat="35.01917" lon="-111.8611">
        <ele>2068.0</ele>
      </trkpt>
      <trkpt lat="35.0191" lon="-111.86121">
        <ele>2068.0</ele>
      </trkpt>
      <trkpt lat="35.01903" lon="-111.86133">
        <ele>2067.33</ele>
      </trkpt>
      <trkpt lat="35.01898" lon="-111.86145">
        <ele>2066.98</ele>
      </trkpt>
      <trkpt lat="35.01894" lon="-111.86156">
        <ele>2066.55</ele>
      </trkpt>
      <trkpt lat="35.01893" lon="-111.86166">
        <ele>2066.44</ele>
      </trkpt>
      <trkpt lat="35.01892" lon="-111.86177">
        <ele>2066.22</ele>
      </trkpt>
      <trkpt lat="35.01891" lon="-111.86188">
        <ele>2065.23</ele>
      </trkpt>
      <trkpt lat="35.0189" lon="-111.862">
        <ele>2065.12</ele>
      </trkpt>
      <trkpt lat="35.0189" lon="-111.86213">
        <ele>2065.12</ele>
      </trkpt>
      <trkpt lat="35.0189" lon="-111.86225">
        <ele>2064.2</ele>
      </trkpt>
      <trkpt lat="35.01889" lon="-111.86238">
        <ele>2064.01</ele>
      </trkpt>
      <trkpt lat="35.01889" lon="-111.86251">
        <ele>2062.9</ele>
      </trkpt>
      <trkpt lat="35.0189" lon="-111.86263">
        <ele>2061.67</ele>
      </trkpt>
      <trkpt lat="35.0189" lon="-111.86275">
        <ele>2060.38</ele>
      </trkpt>
      <trkpt lat="35.01891" lon="-111.86286">
        <ele>2060.03</ele>
      </trkpt>
      <trkpt lat="35.01892" lon="-111.86296">
        <ele>2059.36</ele>
      </trkpt>
      <trkpt lat="35.01895" lon="-111.86306">
        <ele>2059.61</ele>
      </trkpt>
      <trkpt lat="35.01899" lon="-111.86316">
        <ele>2059.09</ele>
      </trkpt>
      <trkpt lat="35.01905" lon="-111.86328">
        <ele>2059.74</ele>
      </trkpt>
      <trkpt lat="35.0191" lon="-111.8634">
        <ele>2059.56</ele>
      </trkpt>
      <trkpt lat="35.01915" lon="-111.86351">
        <ele>2059.82</ele>
      </trkpt>
      <trkpt lat="35.0192" lon="-111.86362">
        <ele>2059.33</ele>
      </trkpt>
      <trkpt lat="35.01925" lon="-111.86374">
        <ele>2058.96</ele>
      </trkpt>
      <trkpt lat="35.01931" lon="-111.86385">
        <ele>2058.97</ele>
      </trkpt>
      <trkpt lat="35.01936" lon="-111.86396">
        <ele>2059.09</ele>
      </trkpt>
      <trkpt lat="35.0194" lon="-111.86408">
        <ele>2058.52</ele>
      </trkpt>
      <trkpt lat="35.01944" lon="-111.8642">
        <ele>2058.61</ele>
      </trkpt>
      <trkpt lat="35.01948" lon="-111.86432">
        <ele>2058.38</ele>
      </trkpt>
      <trkpt lat="35.01954" lon="-111.86443">
        <ele>2058.18</ele>
      </trkpt>
      <trkpt lat="35.01959" lon="-111.86454">
        <ele>2057.99</ele>
      </trkpt>
      <trkpt lat="35.01966" lon="-111.86463">
        <ele>2058.0</ele>
      </trkpt>
      <trkpt lat="35.01972" lon="-111.86473">
        <ele>2057.89</ele>
      </trkpt>
      <trkpt lat="35.01979" lon="-111.86482">
        <ele>2056.98</ele>
      </trkpt>
      <trkpt lat="35.01985" lon="-111.86491">
        <ele>2056.98</ele>
      </trkpt>
      <trkpt lat="35.01992" lon="-111.865">
        <ele>2057.0</ele>
      </trkpt>
      <trkpt lat="35.01996" lon="-111.86508">
        <ele>2056.63</ele>
      </trkpt>
      <trkpt lat="35.01998" lon="-111.86517">
        <ele>2056.13</ele>
      </trkpt>
      <trkpt lat="35.01998" lon="-111.86526">
        <ele>2055.19</ele>
      </trkpt>
      <trkpt lat="35.01999" lon="-111.86538">
        <ele>2053.78</ele>
      </trkpt>
      <trkpt lat="35.01998" lon="-111.86549">
        <ele>2052.34</ele>
      </trkpt>
      <trkpt lat="35.01998" lon="-111.86561">
        <ele>2051.78</ele>
      </trkpt>
      <trkpt lat="35.01998" lon="-111.86573">
        <ele>2051.59</ele>
      </trkpt>
      <trkpt lat="35.01999" lon="-111.86584">
        <ele>2050.89</ele>
      </trkpt>
      <trkpt lat="35.02" lon="-111.86595">
        <ele>2051.0</ele>
      </trkpt>
      <trkpt lat="35.02004" lon="-111.86607">
        <ele>2050.44</ele>
      </trkpt>
      <trkpt lat="35.0201" lon="-111.86616">
        <ele>2049.55</ele>
      </trkpt>
      <trkpt lat="35.02018" lon="-111.86625">
        <ele>2049.89</ele>
      </trkpt>
      <trkpt lat="35.02027" lon="-111.86632">
        <ele>2050.64</ele>
      </trkpt>
      <trkpt lat="35.02037" lon="-111.86638">
        <ele>2051.0</ele>
      </trkpt>
      <trkpt lat="35.02047" lon="-111.86645">
        <ele>2048.92</ele>
      </trkpt>
      <trkpt lat="35.02054" lon="-111.86653">
        <ele>2048.52</ele>
      </trkpt>
      <trkpt lat="35.02055" lon="-111.86662">
        <ele>2049.41</ele>
      </trkpt>
      <trkpt lat="35.02055" lon="-111.86671">
        <ele>2050.35</ele>
      </trkpt>
      <trkpt lat="35.02054" lon="-111.86681">
        <ele>2050.66</ele>
      </trkpt>
      <trkpt lat="35.02051" lon="-111.86692">
        <ele>2050.75</ele>
      </trkpt>
      <trkpt lat="35.02047" lon="-111.867">
        <ele>2050.2</ele>
      </trkpt>
      <trkpt lat="35.02044" lon="-111.86709">
        <ele>2050.08</ele>
      </trkpt>
      <trkpt lat="35.02043" lon="-111.86718">
        <ele>2050.48</ele>
      </trkpt>
      <trkpt lat="35.02043" lon="-111.86729">
        <ele>2050.64</ele>
      </trkpt>
      <trkpt lat="35.02044" lon="-111.86737">
        <ele>2050.75</ele>
      </trkpt>
      <trkpt lat="35.02045" lon="-111.86746">
        <ele>2050.21</ele>
      </trkpt>
      <trkpt lat="35.02047" lon="-111.86757">
        <ele>2048.56</ele>
      </trkpt>
      <trkpt lat="35.02048" lon="-111.86771">
        <ele>2045.7</ele>
      </trkpt>
      <trkpt lat="35.02052" lon="-111.86784">
        <ele>2043.89</ele>
      </trkpt>
      <trkpt lat="35.02055" lon="-111.86797">
        <ele>2041.67</ele>
      </trkpt>
      <trkpt lat="35.02057" lon="-111.86809">
        <ele>2039.84</ele>
      </trkpt>
      <trkpt lat="35.0206" lon="-111.86823">
        <ele>2039.08</ele>
      </trkpt>
      <trkpt lat="35.02063" lon="-111.86836">
        <ele>2038.75</ele>
      </trkpt>
      <trkpt lat="35.02066" lon="-111.86848">
        <ele>2039.18</ele>
      </trkpt>
      <trkpt lat="35.02069" lon="-111.86862">
        <ele>2038.81</ele>
      </trkpt>
      <trkpt lat="35.02071" lon="-111.86874">
        <ele>2038.21</ele>
      </trkpt>
      <trkpt lat="35.02074" lon="-111.86889">
        <ele>2037.96</ele>
      </trkpt>
      <trkpt lat="35.02077" lon="-111.86903">
        <ele>2036.58</ele>
      </trkpt>
      <trkpt lat="35.0208" lon="-111.86917">
        <ele>2034.24</ele>
      </trkpt>
      <trkpt lat="35.02082" lon="-111.86931">
        <ele>2033.16</ele>
      </trkpt>
      <trkpt lat="35.02084" lon="-111.86943">
        <ele>2032.3</ele>
      </trkpt>
      <trkpt lat="35.02086" lon="-111.86954">
        <ele>2031.26</ele>
      </trkpt>
      <trkpt lat="35.02087" lon="-111.86964">
        <ele>2030.35</ele>
      </trkpt>
      <trkpt lat="35.02088" lon="-111.86974">
        <ele>2030.0</ele>
      </trkpt>
      <trkpt lat="35.02088" lon="-111.86985">
        <ele>2030.0</ele>
      </trkpt>
      <trkpt lat="35.02087" lon="-111.86995">
        <ele>2030.0</ele>
      </trkpt>
      <trkpt lat="35.02086" lon="-111.87004">
        <ele>2030.0</ele>
      </trkpt>
      <trkpt lat="35.02083" lon="-111.87013">
        <ele>2030.0</ele>
      </trkpt>
      <trkpt lat="35.02079" lon="-111.87021">
        <ele>2030.0</ele>
      </trkpt>
      <trkpt lat="35.02073" lon="-111.87028">
        <ele>2030.0</ele>
      </trkpt>
      <trkpt lat="35.02067" lon="-111.87032">
        <ele>2030.0</ele>
      </trkpt>
      <trkpt lat="35.0206" lon="-111.87033">
        <ele>2030.52</ele>
      </trkpt>
      <trkpt lat="35.02052" lon="-111.87034">
        <ele>2031.51</ele>
      </trkpt>
      <trkpt lat="35.02044" lon="-111.87033">
        <ele>2032.58</ele>
      </trkpt>
      <trkpt lat="35.02036" lon="-111.87031">
        <ele>2033.11</ele>
      </trkpt>
      <trkpt lat="35.02028" lon="-111.87028">
        <ele>2033.98</ele>
      </trkpt>
      <trkpt lat="35.02021" lon="-111.87025">
        <ele>2034.81</ele>
      </trkpt>
      <trkpt lat="35.02013" lon="-111.87023">
        <ele>2035.6</ele>
      </trkpt>
      <trkpt lat="35.02006" lon="-111.87021">
        <ele>2036.0</ele>
      </trkpt>
      <trkpt lat="35.01999" lon="-111.87019">
        <ele>2036.11</ele>
      </trkpt>
      <trkpt lat="35.01994" lon="-111.87018">
        <ele>2036.65</ele>
      </trkpt>
      <trkpt lat="35.01991" lon="-111.87017">
        <ele>2036.97</ele>
      </trkpt>
      <trkpt lat="35.01987" lon="-111.87013">
        <ele>2037.4</ele>
      </trkpt>
      <trkpt lat="35.01983" lon="-111.8701">
        <ele>2037.84</ele>
      </trkpt>
      <trkpt lat="35.01981" lon="-111.87009">
        <ele>2038.1</ele>
      </trkpt>
      <trkpt lat="35.01978" lon="-111.87008">
        <ele>2038.75</ele>
      </trkpt>
      <trkpt lat="35.01975" lon="-111.87006">
        <ele>2039.4</ele>
      </trkpt>
      <trkpt lat="35.01972" lon="-111.87004">
        <ele>2040.05</ele>
      </trkpt>
      <trkpt lat="35.01968" lon="-111.87002">
        <ele>2040.91</ele>
      </trkpt>
      <trkpt lat="35.01965" lon="-111.87">
        <ele>2041.56</ele>
      </trkpt>
      <trkpt lat="35.01961" lon="-111.86998">
        <ele>2042.42</ele>
      </trkpt>
      <trkpt lat="35.01956" lon="-111.86996">
        <ele>2043.5</ele>
      </trkpt>
      <trkpt lat="35.0195" lon="-111.86994">
        <ele>2044.54</ele>
      </trkpt>
      <trkpt lat="35.01944" lon="-111.86992">
        <ele>2045.23</ele>
      </trkpt>
      <trkpt lat="35.01938" lon="-111.8699">
        <ele>2046.34</ele>
      </trkpt>
      <trkpt lat="35.01932" lon="-111.86987">
        <ele>2046.94</ele>
      </trkpt>
      <trkpt lat="35.01925" lon="-111.86984">
        <ele>2047.34</ele>
      </trkpt>
      <trkpt lat="35.01919" lon="-111.86982">
        <ele>2047.76</ele>
      </trkpt>
      <trkpt lat="35.01912" lon="-111.8698">
        <ele>2047.84</ele>
      </trkpt>
      <trkpt lat="35.01906" lon="-111.86978">
        <ele>2047.78</ele>
      </trkpt>
      <trkpt lat="35.019" lon="-111.86976">
        <ele>2048.21</ele>
      </trkpt>
      <trkpt lat="35.01894" lon="-111.86974">
        <ele>2048.19</ele>
      </trkpt>
      <trkpt lat="35.01888" lon="-111.86972">
        <ele>2048.09</ele>
      </trkpt>
      <trkpt lat="35.0188" lon="-111.86968">
        <ele>2048.52</ele>
      </trkpt>
      <trkpt lat="35.01872" lon="-111.86963">
        <ele>2048.0</ele>
      </trkpt>
      <trkpt lat="35.01864" lon="-111.86957">
        <ele>2048.24</ele>
      </trkpt>
      <trkpt lat="35.01856" lon="-111.86951">
        <ele>2048.39</ele>
      </trkpt>
      <trkpt lat="35.01849" lon="-111.86946">
        <ele>2048.17</ele>
      </trkpt>
      <trkpt lat="35.01842" lon="-111.86941">
        <ele>2048.04</ele>
      </trkpt>
      <trkpt lat="35.01835" lon="-111.86936">
        <ele>2048.07</ele>
      </trkpt>
      <trkpt lat="35.01827" lon="-111.8693">
        <ele>2048.0</ele>
      </trkpt>
      <trkpt lat="35.0182" lon="-111.86925">
        <ele>2047.9</ele>
      </trkpt>
      <trkpt lat="35.01813" lon="-111.86918">
        <ele>2047.14</ele>
      </trkpt>
      <trkpt lat="35.01806" lon="-111.86912">
        <ele>2046.02</ele>
      </trkpt>
      <trkpt lat="35.01799" lon="-111.86905">
        <ele>2044.63</ele>
      </trkpt>
      <trkpt lat="35.01793" lon="-111.86899">
        <ele>2043.18</ele>
      </trkpt>
      <trkpt lat="35.01786" lon="-111.86893">
        <ele>2042.99</ele>
      </trkpt>
      <trkpt lat="35.0178" lon="-111.86888">
        <ele>2042.24</ele>
      </trkpt>
      <trkpt lat="35.01775" lon="-111.86883">
        <ele>2042.11</ele>
      </trkpt>
      <trkpt lat="35.0177" lon="-111.86876">
        <ele>2042.0</ele>
      </trkpt>
      <trkpt lat="35.01767" lon="-111.86874">
        <ele>2042.0</ele>
      </trkpt>
      <trkpt lat="35.01765" lon="-111.86872">
        <ele>2042.0</ele>
      </trkpt>
      <trkpt lat="35.0176" lon="-111.8687">
        <ele>2041.96</ele>
      </trkpt>
      <trkpt lat="35.01756" lon="-111.86868">
        <ele>2041.74</ele>
      </trkpt>
      <trkpt lat="35.01752" lon="-111.86866">
        <ele>2041.53</ele>
      </trkpt>
      <trkpt lat="35.01746" lon="-111.86861">
        <ele>2041.43</ele>
      </trkpt>
      <trkpt lat="35.01743" lon="-111.86857">
        <ele>2041.42</ele>
      </trkpt>
      <trkpt lat="35.01738" lon="-111.8685">
        <ele>2040.8</ele>
      </trkpt>
      <trkpt lat="35.01733" lon="-111.86845">
        <ele>2040.26</ele>
      </trkpt>
      <trkpt lat="35.01728" lon="-111.86839">
        <ele>2039.6</ele>
      </trkpt>
      <trkpt lat="35.01723" lon="-111.86831">
        <ele>2038.43</ele>
      </trkpt>
      <trkpt lat="35.01717" lon="-111.86822">
        <ele>2037.78</ele>
      </trkpt>
      <trkpt lat="35.01712" lon="-111.86814">
        <ele>2037.21</ele>
      </trkpt>
      <trkpt lat="35.01707" lon="-111.86807">
        <ele>2037.0</ele>
      </trkpt>
      <trkpt lat="35.01702" lon="-111.86799">
        <ele>2036.95</ele>
      </trkpt>
      <trkpt lat="35.01697" lon="-111.86791">
        <ele>2037.34</ele>
      </trkpt>
      <trkpt lat="35.01693" lon="-111.86784">
        <ele>2037.09</ele>
      </trkpt>
      <trkpt lat="35.01687" lon="-111.86776">
        <ele>2037.3</ele>
      </trkpt>
      <trkpt lat="35.01683" lon="-111.86768">
        <ele>2036.46</ele>
      </trkpt>
      <trkpt lat="35.01677" lon="-111.86761">
        <ele>2037.05</ele>
      </trkpt>
      <trkpt lat="35.01674" lon="-111.86751">
        <ele>2036.32</ele>
      </trkpt>
      <trkpt lat="35.01669" lon="-111.86743">
        <ele>2036.18</ele>
      </trkpt>
      <trkpt lat="35.01664" lon="-111.86736">
        <ele>2035.78</ele>
      </trkpt>
      <trkpt lat="35.01658" lon="-111.86727">
        <ele>2035.0</ele>
      </trkpt>
      <trkpt lat="35.01653" lon="-111.86719">
        <ele>2033.3</ele>
      </trkpt>
      <trkpt lat="35.01648" lon="-111.86711">
        <ele>2031.79</ele>
      </trkpt>
      <trkpt lat="35.01643" lon="-111.86702">
        <ele>2030.92</ele>
      </trkpt>
      <trkpt lat="35.01636" lon="-111.86694">
        <ele>2031.0</ele>
      </trkpt>
      <trkpt lat="35.0163" lon="-111.86685">
        <ele>2031.0</ele>
      </trkpt>
      <trkpt lat="35.01626" lon="-111.86676">
        <ele>2031.39</ele>
      </trkpt>
      <trkpt lat="35.0162" lon="-111.86668">
        <ele>2032.07</ele>
      </trkpt>
      <trkpt lat="35.01615" lon="-111.86659">
        <ele>2033.51</ele>
      </trkpt>
      <trkpt lat="35.01609" lon="-111.86651">
        <ele>2034.46</ele>
      </trkpt>
      <trkpt lat="35.01604" lon="-111.86643">
        <ele>2035.66</ele>
      </trkpt>
      <trkpt lat="35.01599" lon="-111.86635">
        <ele>2036.18</ele>
      </trkpt>
      <trkpt lat="35.01594" lon="-111.86627">
        <ele>2036.0</ele>
      </trkpt>
      <trkpt lat="35.01588" lon="-111.8662">
        <ele>2036.48</ele>
      </trkpt>
      <trkpt lat="35.01582" lon="-111.86612">
        <ele>2036.24</ele>
      </trkpt>
      <trkpt lat="35.01577" lon="-111.86606">
        <ele>2036.68</ele>
      </trkpt>
      <trkpt lat="35.01572" lon="-111.866">
        <ele>2037.02</ele>
      </trkpt>
      <trkpt lat="35.01567" lon="-111.86593">
        <ele>2036.81</ele>
      </trkpt>
      <trkpt lat="35.01564" lon="-111.86587">
        <ele>2036.57</ele>
      </trkpt>
      <trkpt lat="35.01559" lon="-111.86582">
        <ele>2037.31</ele>
      </trkpt>
      <trkpt lat="35.01555" lon="-111.86577">
        <ele>2038.2</ele>
      </trkpt>
      <trkpt lat="35.01551" lon="-111.86572">
        <ele>2039.59</ele>
      </trkpt>
      <trkpt lat="35.01547" lon="-111.86565">
        <ele>2040.85</ele>
      </trkpt>
      <trkpt lat="35.01544" lon="-111.8656">
        <ele>2041.5</ele>
      </trkpt>
      <trkpt lat="35.01541" lon="-111.86555">
        <ele>2042.17</ele>
      </trkpt>
      <trkpt lat="35.01538" lon="-111.8655">
        <ele>2042.85</ele>
      </trkpt>
      <trkpt lat="35.01535" lon="-111.86546">
        <ele>2043.19</ele>
      </trkpt>
      <trkpt lat="35.01533" lon="-111.86542">
        <ele>2042.97</ele>
      </trkpt>
      <trkpt lat="35.01531" lon="-111.86538">
        <ele>2042.76</ele>
      </trkpt>
      <trkpt lat="35.01528" lon="-111.86533">
        <ele>2042.99</ele>
      </trkpt>
      <trkpt lat="35.01526" lon="-111.86529">
        <ele>2043.22</ele>
      </trkpt>
      <trkpt lat="35.01524" lon="-111.86525">
        <ele>2043.29</ele>
      </trkpt>
      <trkpt lat="35.01522" lon="-111.86519">
        <ele>2043.03</ele>
      </trkpt>
      <trkpt lat="35.0152" lon="-111.86514">
        <ele>2043.0</ele>
      </trkpt>
      <trkpt lat="35.01517" lon="-111.86509">
        <ele>2043.16</ele>
      </trkpt>
      <trkpt lat="35.01514" lon="-111.86502">
        <ele>2043.11</ele>
      </trkpt>
      <trkpt lat="35.01511" lon="-111.86496">
        <ele>2043.0</ele>
      </trkpt>
      <trkpt lat="35.01509" lon="-111.8649">
        <ele>2043.03</ele>
      </trkpt>
      <trkpt lat="35.01506" lon="-111.86484">
        <ele>2043.1</ele>
      </trkpt>
      <trkpt lat="35.01504" lon="-111.8648">
        <ele>2043.0</ele>
      </trkpt>
      <trkpt lat="35.01501" lon="-111.86475">
        <ele>2043.0</ele>
      </trkpt>
      <trkpt lat="35.01498" lon="-111.8647">
        <ele>2043.16</ele>
      </trkpt>
      <trkpt lat="35.01496" lon="-111.86465">
        <ele>2043.1</ele>
      </trkpt>
      <trkpt lat="35.01493" lon="-111.8646">
        <ele>2042.92</ele>
      </trkpt>
      <trkpt lat="35.0149" lon="-111.86455">
        <ele>2043.01</ele>
      </trkpt>
      <trkpt lat="35.01487" lon="-111.86449">
        <ele>2042.7</ele>
      </trkpt>
      <trkpt lat="35.01484" lon="-111.86443">
        <ele>2042.61</ele>
      </trkpt>
      <trkpt lat="35.01481" lon="-111.86437">
        <ele>2042.24</ele>
      </trkpt>
      <trkpt lat="35.01478" lon="-111.86432">
        <ele>2042.25</ele>
      </trkpt>
      <trkpt lat="35.01475" lon="-111.86427">
        <ele>2042.08</ele>
      </trkpt>
      <trkpt lat="35.01472" lon="-111.86421">
        <ele>2041.48</ele>
      </trkpt>
      <trkpt lat="35.01469" lon="-111.86414">
        <ele>2041.06</ele>
      </trkpt>
      <trkpt lat="35.01465" lon="-111.86408">
        <ele>2040.84</ele>
      </trkpt>
      <trkpt lat="35.01461" lon="-111.86402">
        <ele>2040.63</ele>
      </trkpt>
      <trkpt lat="35.01458" lon="-111.86394">
        <ele>2040.09</ele>
      </trkpt>
      <trkpt lat="35.01455" lon="-111.86388">
        <ele>2039.78</ele>
      </trkpt>
      <trkpt lat="35.01453" lon="-111.86382">
        <ele>2039.33</ele>
      </trkpt>
      <trkpt lat="35.0145" lon="-111.86377">
        <ele>2039.4</ele>
      </trkpt>
      <trkpt lat="35.01449" lon="-111.86374">
        <ele>2039.51</ele>
      </trkpt>
      <trkpt lat="35.01446" lon="-111.86369">
        <ele>2039.68</ele>
      </trkpt>
      <trkpt lat="35.01444" lon="-111.86366">
        <ele>2039.53</ele>
      </trkpt>
      <trkpt lat="35.01442" lon="-111.86362">
        <ele>2039.1</ele>
      </trkpt>
      <trkpt lat="35.01439" lon="-111.86357">
        <ele>2038.56</ele>
      </trkpt>
      <trkpt lat="35.01436" lon="-111.86353">
        <ele>2038.12</ele>
      </trkpt>
      <trkpt lat="35.01434" lon="-111.86347">
        <ele>2037.48</ele>
      </trkpt>
      <trkpt lat="35.01431" lon="-111.86342">
        <ele>2036.96</ele>
      </trkpt>
      <trkpt lat="35.01427" lon="-111.86337">
        <ele>2036.93</ele>
      </trkpt>
      <trkpt lat="35.01422" lon="-111.86331">
        <ele>2036.85</ele>
      </trkpt>
      <trkpt lat="35.01417" lon="-111.86327">
        <ele>2036.98</ele>
      </trkpt>
      <trkpt lat="35.01413" lon="-111.86322">
        <ele>2036.86</ele>
      </trkpt>
      <trkpt lat="35.0141" lon="-111.86318">
        <ele>2036.82</ele>
      </trkpt>
      <trkpt lat="35.01407" lon="-111.86313">
        <ele>2036.85</ele>
      </trkpt>
      <trkpt lat="35.01403" lon="-111.86307">
        <ele>2036.63</ele>
      </trkpt>
      <trkpt lat="35.014" lon="-111.86302">
        <ele>2036.42</ele>
      </trkpt>
      <trkpt lat="35.01397" lon="-111.86297">
        <ele>2036.2</ele>
      </trkpt>
      <trkpt lat="35.01394" lon="-111.86292">
        <ele>2036.24</ele>
      </trkpt>
      <trkpt lat="35.01391" lon="-111.86284">
        <ele>2035.93</ele>
      </trkpt>
      <trkpt lat="35.01387" lon="-111.86278">
        <ele>2036.0</ele>
      </trkpt>
      <trkpt lat="35.01383" lon="-111.86273">
        <ele>2035.81</ele>
      </trkpt>
      <trkpt lat="35.01379" lon="-111.86267">
        <ele>2035.9</ele>
      </trkpt>
      <trkpt lat="35.01376" lon="-111.8626">
        <ele>2035.47</ele>
      </trkpt>
      <trkpt lat="35.01371" lon="-111.86255">
        <ele>2035.5</ele>
      </trkpt>
      <trkpt lat="35.01366" lon="-111.86249">
        <ele>2035.42</ele>
      </trkpt>
      <trkpt lat="35.01362" lon="-111.86243">
        <ele>2035.22</ele>
      </trkpt>
      <trkpt lat="35.01357" lon="-111.86235">
        <ele>2035.44</ele>
      </trkpt>
      <trkpt lat="35.01352" lon="-111.86227">
        <ele>2035.5</ele>
      </trkpt>
      <trkpt lat="35.01346" lon="-111.8622">
        <ele>2035.39</ele>
      </trkpt>
      <trkpt lat="35.01341" lon="-111.86212">
        <ele>2035.07</ele>
      </trkpt>
      <trkpt lat="35.01336" lon="-111.86206">
        <ele>2034.96</ele>
      </trkpt>
      <trkpt lat="35.01331" lon="-111.86199">
        <ele>2034.62</ele>
      </trkpt>
      <trkpt lat="35.01326" lon="-111.86192">
        <ele>2033.53</ele>
      </trkpt>
      <trkpt lat="35.01322" lon="-111.86185">
        <ele>2031.98</ele>
      </trkpt>
      <trkpt lat="35.01318" lon="-111.86179">
        <ele>2031.33</ele>
      </trkpt>
      <trkpt lat="35.01316" lon="-111.86176">
        <ele>2031.01</ele>
      </trkpt>
      <trkpt lat="35.01314" lon="-111.86173">
        <ele>2030.68</ele>
      </trkpt>
      <trkpt lat="35.01315" lon="-111.86169">
        <ele>2030.27</ele>
      </trkpt>
      <trkpt lat="35.01313" lon="-111.86166">
        <ele>2030.0</ele>
      </trkpt>
      <trkpt lat="35.01313" lon="-111.86162">
        <ele>2030.0</ele>
      </trkpt>
      <trkpt lat="35.01309" lon="-111.86159">
        <ele>2030.0</ele>
      </trkpt>
      <trkpt lat="35.01308" lon="-111.86157">
        <ele>2030.01</ele>
      </trkpt>
      <trkpt lat="35.01306" lon="-111.86154">
        <ele>2030.02</ele>
      </trkpt>
      <trkpt lat="35.01304" lon="-111.86152">
        <ele>2029.9</ele>
      </trkpt>
      <trkpt lat="35.01301" lon="-111.86149">
        <ele>2029.55</ele>
      </trkpt>
      <trkpt lat="35.01298" lon="-111.86145">
        <ele>2029.18</ele>
      </trkpt>
      <trkpt lat="35.01295" lon="-111.86142">
        <ele>2028.77</ele>
      </trkpt>
      <trkpt lat="35.01292" lon="-111.86139">
        <ele>2028.08</ele>
      </trkpt>
      <trkpt lat="35.01289" lon="-111.86136">
        <ele>2027.11</ele>
      </trkpt>
      <trkpt lat="35.01285" lon="-111.86133">
        <ele>2026.14</ele>
      </trkpt>
      <trkpt lat="35.01283" lon="-111.8613">
        <ele>2025.6</ele>
      </trkpt>
      <trkpt lat="35.01281" lon="-111.86128">
        <ele>2025.35</ele>
      </trkpt>
      <trkpt lat="35.01279" lon="-111.86125">
        <ele>2025.13</ele>
      </trkpt>
      <trkpt lat="35.01277" lon="-111.86122">
        <ele>2024.92</ele>
      </trkpt>
      <trkpt lat="35.01275" lon="-111.86119">
        <ele>2024.6</ele>
      </trkpt>
      <trkpt lat="35.01273" lon="-111.86115">
        <ele>2024.2</ele>
      </trkpt>
      <trkpt lat="35.01271" lon="-111.86112">
        <ele>2024.03</ele>
      </trkpt>
      <trkpt lat="35.01268" lon="-111.86109">
        <ele>2023.94</ele>
      </trkpt>
      <trkpt lat="35.01265" lon="-111.86105">
        <ele>2023.62</ele>
      </trkpt>
      <trkpt lat="35.01262" lon="-111.86102">
        <ele>2023.3</ele>
      </trkpt>
      <trkpt lat="35.01259" lon="-111.86098">
        <ele>2023.0</ele>
      </trkpt>
      <trkpt lat="35.01255" lon="-111.86095">
        <ele>2023.0</ele>
      </trkpt>
      <trkpt lat="35.0125" lon="-111.86088">
        <ele>2023.0</ele>
      </trkpt>
      <trkpt lat="35.01245" lon="-111.86082">
        <ele>2022.46</ele>
      </trkpt>
      <trkpt lat="35.01239" lon="-111.86075">
        <ele>2021.81</ele>
      </trkpt>
      <trkpt lat="35.01233" lon="-111.86068">
        <ele>2021.16</ele>
      </trkpt>
      <trkpt lat="35.01227" lon="-111.86062">
        <ele>2020.67</ele>
      </trkpt>
      <trkpt lat="35.01222" lon="-111.86055">
        <ele>2020.09</ele>
      </trkpt>
      <trkpt lat="35.01216" lon="-111.86049">
        <ele>2020.27</ele>
      </trkpt>
      <trkpt lat="35.0121" lon="-111.86043">
        <ele>2019.72</ele>
      </trkpt>
      <trkpt lat="35.01204" lon="-111.86038">
        <ele>2018.96</ele>
      </trkpt>
      <trkpt lat="35.01198" lon="-111.86033">
        <ele>2018.38</ele>
      </trkpt>
      <trkpt lat="35.01192" lon="-111.86027">
        <ele>2018.0</ele>
      </trkpt>
      <trkpt lat="35.01188" lon="-111.86021">
        <ele>2018.0</ele>
      </trkpt>
      <trkpt lat="35.01183" lon="-111.86016">
        <ele>2017.79</ele>
      </trkpt>
      <trkpt lat="35.01177" lon="-111.86011">
        <ele>2017.91</ele>
      </trkpt>
      <trkpt lat="35.01172" lon="-111.86007">
        <ele>2017.86</ele>
      </trkpt>
      <trkpt lat="35.01168" lon="-111.86001">
        <ele>2017.87</ele>
      </trkpt>
      <trkpt lat="35.01165" lon="-111.85996">
        <ele>2017.57</ele>
      </trkpt>
      <trkpt lat="35.01161" lon="-111.85992">
        <ele>2017.14</ele>
      </trkpt>
      <trkpt lat="35.01156" lon="-111.85986">
        <ele>2017.59</ele>
      </trkpt>
      <trkpt lat="35.01151" lon="-111.85979">
        <ele>2018.17</ele>
      </trkpt>
      <trkpt lat="35.01147" lon="-111.85975">
        <ele>2018.12</ele>
      </trkpt>
      <trkpt lat="35.01144" lon="-111.85971">
        <ele>2018.65</ele>
      </trkpt>
      <trkpt lat="35.01141" lon="-111.85966">
        <ele>2019.6</ele>
      </trkpt>
      <trkpt lat="35.01139" lon="-111.8596">
        <ele>2020.64</ele>
      </trkpt>
      <trkpt lat="35.01137" lon="-111.85953">
        <ele>2022.26</ele>
      </trkpt>
      <trkpt lat="35.01135" lon="-111.85948">
        <ele>2022.78</ele>
      </trkpt>
      <trkpt lat="35.01132" lon="-111.85943">
        <ele>2023.04</ele>
      </trkpt>
      <trkpt lat="35.0113" lon="-111.85939">
        <ele>2023.02</ele>
      </trkpt>
      <trkpt lat="35.01128" lon="-111.85936">
        <ele>2023.02</ele>
      </trkpt>
      <trkpt lat="35.01125" lon="-111.85932">
        <ele>2023.0</ele>
      </trkpt>
      <trkpt lat="35.01123" lon="-111.85929">
        <ele>2023.0</ele>
      </trkpt>
      <trkpt lat="35.0112" lon="-111.85925">
        <ele>2023.04</ele>
      </trkpt>
      <trkpt lat="35.01117" lon="-111.8592">
        <ele>2023.6</ele>
      </trkpt>
      <trkpt lat="35.01115" lon="-111.85916">
        <ele>2024.22</ele>
      </trkpt>
      <trkpt lat="35.01112" lon="-111.85912">
        <ele>2024.9</ele>
      </trkpt>
      <trkpt lat="35.01111" lon="-111.85909">
        <ele>2025.02</ele>
      </trkpt>
      <trkpt lat="35.01109" lon="-111.85906">
        <ele>2025.69</ele>
      </trkpt>
      <trkpt lat="35.01107" lon="-111.85903">
        <ele>2026.42</ele>
      </trkpt>
      <trkpt lat="35.01106" lon="-111.859">
        <ele>2026.82</ele>
      </trkpt>
      <trkpt lat="35.01104" lon="-111.85897">
        <ele>2027.15</ele>
      </trkpt>
      <trkpt lat="35.01102" lon="-111.85893">
        <ele>2027.56</ele>
      </trkpt>
      <trkpt lat="35.011" lon="-111.8589">
        <ele>2028.1</ele>
      </trkpt>
      <trkpt lat="35.01098" lon="-111.85886">
        <ele>2028.6</ele>
      </trkpt>
      <trkpt lat="35.01095" lon="-111.85883">
        <ele>2028.91</ele>
      </trkpt>
      <trkpt lat="35.01093" lon="-111.8588">
        <ele>2029.0</ele>
      </trkpt>
      <trkpt lat="35.0109" lon="-111.85876">
        <ele>2029.28</ele>
      </trkpt>
      <trkpt lat="35.01087" lon="-111.85872">
        <ele>2029.33</ele>
      </trkpt>
      <trkpt lat="35.01084" lon="-111.85868">
        <ele>2029.07</ele>
      </trkpt>
      <trkpt lat="35.01079" lon="-111.85864">
        <ele>2029.15</ele>
      </trkpt>
      <trkpt lat="35.01075" lon="-111.85858">
        <ele>2029.03</ele>
      </trkpt>
      <trkpt lat="35.01072" lon="-111.85853">
        <ele>2029.03</ele>
      </trkpt>
      <trkpt lat="35.01068" lon="-111.85847">
        <ele>2029.18</ele>
      </trkpt>
      <trkpt lat="35.01065" lon="-111.85842">
        <ele>2029.08</ele>
      </trkpt>
      <trkpt lat="35.01062" lon="-111.85838">
        <ele>2029.5</ele>
      </trkpt>
      <trkpt lat="35.01059" lon="-111.85834">
        <ele>2029.39</ele>
      </trkpt>
      <trkpt lat="35.01057" lon="-111.8583">
        <ele>2029.16</ele>
      </trkpt>
      <trkpt lat="35.01054" lon="-111.85826">
        <ele>2029.2</ele>
      </trkpt>
      <trkpt lat="35.01052" lon="-111.85824">
        <ele>2029.39</ele>
      </trkpt>
      <trkpt lat="35.01049" lon="-111.85821">
        <ele>2029.8</ele>
      </trkpt>
      <trkpt lat="35.01046" lon="-111.85816">
        <ele>2030.07</ele>
      </trkpt>
      <trkpt lat="35.01041" lon="-111.85809">
        <ele>2031.14</ele>
      </trkpt>
      <trkpt lat="35.01035" lon="-111.85801">
        <ele>2033.04</ele>
      </trkpt>
      <trkpt lat="35.0103" lon="-111.8579">
        <ele>2034.52</ele>
      </trkpt>
      <trkpt lat="35.01027" lon="-111.85778">
        <ele>2035.08</ele>
      </trkpt>
      <trkpt lat="35.01023" lon="-111.85767">
        <ele>2035.52</ele>
      </trkpt>
      <trkpt lat="35.01018" lon="-111.85756">
        <ele>2036.0</ele>
      </trkpt>
      <trkpt lat="35.01012" lon="-111.85745">
        <ele>2036.0</ele>
      </trkpt>
      <trkpt lat="35.01007" lon="-111.85734">
        <ele>2036.24</ele>
      </trkpt>
      <trkpt lat="35.01004" lon="-111.85725">
        <ele>2036.17</ele>
      </trkpt>
      <trkpt lat="35.01001" lon="-111.85718">
        <ele>2036.0</ele>
      </trkpt>
      <trkpt lat="35.00999" lon="-111.85714">
        <ele>2036.12</ele>
      </trkpt>
      <trkpt lat="35.00999" lon="-111.8571">
        <ele>2036.11</ele>
      </trkpt>
      <trkpt lat="35.00999" lon="-111.85704">
        <ele>2036.11</ele>
      </trkpt>
      <trkpt lat="35.00998" lon="-111.85698">
        <ele>2036.08</ele>
      </trkpt>
      <trkpt lat="35.00997" lon="-111.85694">
        <ele>2036.0</ele>
      </trkpt>
      <trkpt lat="35.00996" lon="-111.85689">
        <ele>2036.0</ele>
      </trkpt>
      <trkpt lat="35.00994" lon="-111.85684">
        <ele>2035.87</ele>
      </trkpt>
      <trkpt lat="35.00991" lon="-111.8568">
        <ele>2035.44</ele>
      </trkpt>
      <trkpt lat="35.00988" lon="-111.85676">
        <ele>2035.3</ele>
      </trkpt>
      <trkpt lat="35.00985" lon="-111.85673">
        <ele>2035.62</ele>
      </trkpt>
      <trkpt lat="35.00981" lon="-111.8567">
        <ele>2036.05</ele>
      </trkpt>
      <trkpt lat="35.00978" lon="-111.85667">
        <ele>2036.38</ele>
      </trkpt>
      <trkpt lat="35.00975" lon="-111.85663">
        <ele>2036.3</ele>
      </trkpt>
      <trkpt lat="35.0097" lon="-111.85656">
        <ele>2036.12</ele>
      </trkpt>
      <trkpt lat="35.00966" lon="-111.85648">
        <ele>2036.33</ele>
      </trkpt>
      <trkpt lat="35.00963" lon="-111.85641">
        <ele>2036.22</ele>
      </trkpt>
      <trkpt lat="35.00961" lon="-111.85634">
        <ele>2035.68</ele>
      </trkpt>
      <trkpt lat="35.00956" lon="-111.85629">
        <ele>2035.74</ele>
      </trkpt>
      <trkpt lat="35.00952" lon="-111.85623">
        <ele>2036.18</ele>
      </trkpt>
      <trkpt lat="35.00948" lon="-111.85618">
        <ele>2036.36</ele>
      </trkpt>
      <trkpt lat="35.00944" lon="-111.85612">
        <ele>2036.1</ele>
      </trkpt>
      <trkpt lat="35.00941" lon="-111.85606">
        <ele>2036.0</ele>
      </trkpt>
      <trkpt lat="35.00936" lon="-111.85599">
        <ele>2036.0</ele>
      </trkpt>
      <trkpt lat="35.00932" lon="-111.85592">
        <ele>2036.34</ele>
      </trkpt>
      <trkpt lat="35.00927" lon="-111.85586">
        <ele>2036.88</ele>
      </trkpt>
      <trkpt lat="35.00923" lon="-111.8558">
        <ele>2037.0</ele>
      </trkpt>
      <trkpt lat="35.00919" lon="-111.85574">
        <ele>2037.0</ele>
      </trkpt>
      <trkpt lat="35.00916" lon="-111.85569">
        <ele>2037.03</ele>
      </trkpt>
      <trkpt lat="35.00912" lon="-111.85563">
        <ele>2037.1</ele>
      </trkpt>
      <trkpt lat="35.00908" lon="-111.85558">
        <ele>2037.69</ele>
      </trkpt>
      <trkpt lat="35.00904" lon="-111.85551">
        <ele>2039.23</ele>
      </trkpt>
      <trkpt lat="35.00898" lon="-111.85545">
        <ele>2041.02</ele>
      </trkpt>
      <trkpt lat="35.00892" lon="-111.85537">
        <ele>2041.66</ele>
      </trkpt>
      <trkpt lat="35.00886" lon="-111.8553">
        <ele>2042.07</ele>
      </trkpt>
      <trkpt lat="35.00881" lon="-111.85524">
        <ele>2042.0</ele>
      </trkpt>
      <trkpt lat="35.00878" lon="-111.85519">
        <ele>2042.0</ele>
      </trkpt>
      <trkpt lat="35.00876" lon="-111.85516">
        <ele>2041.73</ele>
      </trkpt>
      <trkpt lat="35.00873" lon="-111.85513">
        <ele>2041.4</ele>
      </trkpt>
      <trkpt lat="35.00871" lon="-111.85512">
        <ele>2041.3</ele>
      </trkpt>
      <trkpt lat="35.00868" lon="-111.85513">
        <ele>2041.4</ele>
      </trkpt>
      <trkpt lat="35.00865" lon="-111.85514">
        <ele>2041.51</ele>
      </trkpt>
      <trkpt lat="35.00863" lon="-111.85512">
        <ele>2041.3</ele>
      </trkpt>
      <trkpt lat="35.00861" lon="-111.85508">
        <ele>2040.73</ele>
      </trkpt>
      <trkpt lat="35.0086" lon="-111.85504">
        <ele>2039.93</ele>
      </trkpt>
      <trkpt lat="35.00858" lon="-111.85499">
        <ele>2039.19</ele>
      </trkpt>
      <trkpt lat="35.00855" lon="-111.85494">
        <ele>2038.58</ele>
      </trkpt>
      <trkpt lat="35.00852" lon="-111.85489">
        <ele>2037.81</ele>
      </trkpt>
      <trkpt lat="35.00851" lon="-111.85486">
        <ele>2037.53</ele>
      </trkpt>
      <trkpt lat="35.0085" lon="-111.85483">
        <ele>2037.2</ele>
      </trkpt>
      <trkpt lat="35.00849" lon="-111.8548">
        <ele>2036.84</ele>
      </trkpt>
      <trkpt lat="35.00848" lon="-111.85476">
        <ele>2036.41</ele>
      </trkpt>
      <trkpt lat="35.00846" lon="-111.85473">
        <ele>2036.08</ele>
      </trkpt>
      <trkpt lat="35.00845" lon="-111.85469">
        <ele>2035.65</ele>
      </trkpt>
      <trkpt lat="35.00843" lon="-111.85464">
        <ele>2035.11</ele>
      </trkpt>
      <trkpt lat="35.00841" lon="-111.85459">
        <ele>2034.57</ele>
      </trkpt>
      <trkpt lat="35.00839" lon="-111.85454">
        <ele>2034.03</ele>
      </trkpt>
      <trkpt lat="35.00837" lon="-111.8545">
        <ele>2033.6</ele>
      </trkpt>
      <trkpt lat="35.00835" lon="-111.85447">
        <ele>2033.28</ele>
      </trkpt>
      <trkpt lat="35.00833" lon="-111.85443">
        <ele>2033.01</ele>
      </trkpt>
      <trkpt lat="35.00832" lon="-111.85439">
        <ele>2033.08</ele>
      </trkpt>
      <trkpt lat="35.0083" lon="-111.85434">
        <ele>2033.41</ele>
      </trkpt>
      <trkpt lat="35.00828" lon="-111.8543">
        <ele>2033.9</ele>
      </trkpt>
      <trkpt lat="35.00826" lon="-111.85424">
        <ele>2034.63</ele>
      </trkpt>
      <trkpt lat="35.00823" lon="-111.85418">
        <ele>2035.23</ele>
      </trkpt>
      <trkpt lat="35.0082" lon="-111.85413">
        <ele>2035.71</ele>
      </trkpt>
      <trkpt lat="35.00817" lon="-111.85408">
        <ele>2035.81</ele>
      </trkpt>
      <trkpt lat="35.00813" lon="-111.85403">
        <ele>2036.2</ele>
      </trkpt>
      <trkpt lat="35.0081" lon="-111.85396">
        <ele>2036.52</ele>
      </trkpt>
      <trkpt lat="35.00808" lon="-111.85389">
        <ele>2036.74</ele>
      </trkpt>
      <trkpt lat="35.00805" lon="-111.85382">
        <ele>2036.32</ele>
      </trkpt>
      <trkpt lat="35.00803" lon="-111.85376">
        <ele>2036.28</ele>
      </trkpt>
      <trkpt lat="35.008" lon="-111.85366">
        <ele>2036.6</ele>
      </trkpt>
      <trkpt lat="35.00796" lon="-111.85358">
        <ele>2036.67</ele>
      </trkpt>
      <trkpt lat="35.00792" lon="-111.85349">
        <ele>2036.32</ele>
      </trkpt>
      <trkpt lat="35.00788" lon="-111.85341">
        <ele>2036.0</ele>
      </trkpt>
      <trkpt lat="35.00785" lon="-111.85334">
        <ele>2036.02</ele>
      </trkpt>
      <trkpt lat="35.00782" lon="-111.85327">
        <ele>2036.0</ele>
      </trkpt>
      <trkpt lat="35.00777" lon="-111.8532">
        <ele>2036.05</ele>
      </trkpt>
      <trkpt lat="35.00772" lon="-111.85313">
        <ele>2036.0</ele>
      </trkpt>
      <trkpt lat="35.00765" lon="-111.85307">
        <ele>2036.38</ele>
      </trkpt>
      <trkpt lat="35.00759" lon="-111.853">
        <ele>2037.03</ele>
      </trkpt>
      <trkpt lat="35.00751" lon="-111.85293">
        <ele>2038.25</ele>
      </trkpt>
      <trkpt lat="35.00744" lon="-111.85287">
        <ele>2039.65</ele>
      </trkpt>
      <trkpt lat="35.00737" lon="-111.85283">
        <ele>2040.66</ele>
      </trkpt>
      <trkpt lat="35.00729" lon="-111.85278">
        <ele>2041.27</ele>
      </trkpt>
      <trkpt lat="35.00722" lon="-111.85273">
        <ele>2042.0</ele>
      </trkpt>
      <trkpt lat="35.00715" lon="-111.85265">
        <ele>2042.0</ele>
      </trkpt>
      <trkpt lat="35.00709" lon="-111.85258">
        <ele>2042.0</ele>
      </trkpt>
      <trkpt lat="35.00702" lon="-111.85255">
        <ele>2042.0</ele>
      </trkpt>
      <trkpt lat="35.00696" lon="-111.85251">
        <ele>2042.0</ele>
      </trkpt>
      <trkpt lat="35.0069" lon="-111.85246">
        <ele>2042.0</ele>
      </trkpt>
      <trkpt lat="35.00685" lon="-111.85242">
        <ele>2042.0</ele>
      </trkpt>
      <trkpt lat="35.0068" lon="-111.85239">
        <ele>2042.0</ele>
      </trkpt>
      <trkpt lat="35.00676" lon="-111.85235">
        <ele>2042.0</ele>
      </trkpt>
      <trkpt lat="35.00672" lon="-111.85232">
        <ele>2042.02</ele>
      </trkpt>
      <trkpt lat="35.00669" lon="-111.85228">
        <ele>2042.38</ele>
      </trkpt>
      <trkpt lat="35.00666" lon="-111.85224">
        <ele>2042.89</ele>
      </trkpt>
      <trkpt lat="35.00662" lon="-111.85218">
        <ele>2043.73</ele>
      </trkpt>
      <trkpt lat="35.00659" lon="-111.85211">
        <ele>2044.21</ele>
      </trkpt>
      <trkpt lat="35.00656" lon="-111.85206">
        <ele>2044.94</ele>
      </trkpt>
      <trkpt lat="35.00654" lon="-111.85201">
        <ele>2045.66</ele>
      </trkpt>
      <trkpt lat="35.00651" lon="-111.85196">
        <ele>2046.52</ele>
      </trkpt>
      <trkpt lat="35.00648" lon="-111.85192">
        <ele>2047.28</ele>
      </trkpt>
      <trkpt lat="35.00645" lon="-111.85187">
        <ele>2047.87</ele>
      </trkpt>
      <trkpt lat="35.00641" lon="-111.8518">
        <ele>2048.43</ele>
      </trkpt>
      <trkpt lat="35.00638" lon="-111.85173">
        <ele>2049.1</ele>
      </trkpt>
      <trkpt lat="35.00635" lon="-111.85166">
        <ele>2049.49</ele>
      </trkpt>
      <trkpt lat="35.00632" lon="-111.85162">
        <ele>2050.25</ele>
      </trkpt>
      <trkpt lat="35.00631" lon="-111.85155">
        <ele>2051.11</ele>
      </trkpt>
      <trkpt lat="35.00629" lon="-111.85149">
        <ele>2051.91</ele>
      </trkpt>
      <trkpt lat="35.00627" lon="-111.85144">
        <ele>2052.13</ele>
      </trkpt>
      <trkpt lat="35.00624" lon="-111.85139">
        <ele>2052.6</ele>
      </trkpt>
      <trkpt lat="35.00622" lon="-111.85135">
        <ele>2053.24</ele>
      </trkpt>
      <trkpt lat="35.0062" lon="-111.8513">
        <ele>2053.96</ele>
      </trkpt>
      <trkpt lat="35.00618" lon="-111.85124">
        <ele>2054.0</ele>
      </trkpt>
      <trkpt lat="35.00616" lon="-111.85119">
        <ele>2054.0</ele>
      </trkpt>
      <trkpt lat="35.00614" lon="-111.85114">
        <ele>2054.0</ele>
      </trkpt>
      <trkpt lat="35.00612" lon="-111.8511">
        <ele>2054.12</ele>
      </trkpt>
      <trkpt lat="35.00611" lon="-111.85107">
        <ele>2054.45</ele>
      </trkpt>
      <trkpt lat="35.00608" lon="-111.85108">
        <ele>2054.56</ele>
      </trkpt>
      <trkpt lat="35.00604" lon="-111.85108">
        <ele>2054.85</ele>
      </trkpt>
      <trkpt lat="35.00601" lon="-111.85107">
        <ele>2055.0</ele>
      </trkpt>
      <trkpt lat="35.00596" lon="-111.85106">
        <ele>2055.0</ele>
      </trkpt>
      <trkpt lat="35.00592" lon="-111.85105">
        <ele>2055.02</ele>
      </trkpt>
      <trkpt lat="35.00587" lon="-111.85103">
        <ele>2055.07</ele>
      </trkpt>
      <trkpt lat="35.00585" lon="-111.85095">
        <ele>2055.0</ele>
      </trkpt>
      <trkpt lat="35.00584" lon="-111.85087">
        <ele>2054.96</ele>
      </trkpt>
      <trkpt lat="35.00581" lon="-111.85081">
        <ele>2055.0</ele>
      </trkpt>
      <trkpt lat="35.00579" lon="-111.85076">
        <ele>2055.0</ele>
      </trkpt>
      <trkpt lat="35.00577" lon="-111.85071">
        <ele>2054.67</ele>
      </trkpt>
      <trkpt lat="35.00576" lon="-111.85067">
        <ele>2054.24</ele>
      </trkpt>
      <trkpt lat="35.00573" lon="-111.85063">
        <ele>2054.09</ele>
      </trkpt>
      <trkpt lat="35.0057" lon="-111.8506">
        <ele>2054.21</ele>
      </trkpt>
      <trkpt lat="35.00566" lon="-111.85055">
        <ele>2053.94</ele>
      </trkpt>
      <trkpt lat="35.00563" lon="-111.85051">
        <ele>2053.51</ele>
      </trkpt>
      <trkpt lat="35.00561" lon="-111.85047">
        <ele>2053.08</ele>
      </trkpt>
      <trkpt lat="35.00558" lon="-111.85044">
        <ele>2052.75</ele>
      </trkpt>
      <trkpt lat="35.00556" lon="-111.85041">
        <ele>2052.43</ele>
      </trkpt>
      <trkpt lat="35.00554" lon="-111.85037">
        <ele>2052.0</ele>
      </trkpt>
      <trkpt lat="35.00551" lon="-111.85031">
        <ele>2051.35</ele>
      </trkpt>
      <trkpt lat="35.00548" lon="-111.85027">
        <ele>2050.92</ele>
      </trkpt>
      <trkpt lat="35.00546" lon="-111.8502">
        <ele>2050.13</ele>
      </trkpt>
      <trkpt lat="35.00543" lon="-111.85015">
        <ele>2049.4</ele>
      </trkpt>
      <trkpt lat="35.0054" lon="-111.85011">
        <ele>2049.06</ele>
      </trkpt>
      <trkpt lat="35.00537" lon="-111.85007">
        <ele>2049.0</ele>
      </trkpt>
      <trkpt lat="35.00532" lon="-111.85003">
        <ele>2049.37</ele>
      </trkpt>
      <trkpt lat="35.00529" lon="-111.84998">
        <ele>2049.9</ele>
      </trkpt>
      <trkpt lat="35.00527" lon="-111.84993">
        <ele>2050.08</ele>
      </trkpt>
      <trkpt lat="35.00525" lon="-111.84988">
        <ele>2050.6</ele>
      </trkpt>
      <trkpt lat="35.00523" lon="-111.84984">
        <ele>2051.24</ele>
      </trkpt>
      <trkpt lat="35.00521" lon="-111.84979">
        <ele>2051.73</ele>
      </trkpt>
      <trkpt lat="35.00519" lon="-111.84974">
        <ele>2051.95</ele>
      </trkpt>
      <trkpt lat="35.00517" lon="-111.84968">
        <ele>2052.16</ele>
      </trkpt>
      <trkpt lat="35.00515" lon="-111.84964">
        <ele>2052.38</ele>
      </trkpt>
      <trkpt lat="35.00511" lon="-111.8496">
        <ele>2052.81</ele>
      </trkpt>
      <trkpt lat="35.00508" lon="-111.84956">
        <ele>2053.14</ele>
      </trkpt>
      <trkpt lat="35.00504" lon="-111.84951">
        <ele>2053.57</ele>
      </trkpt>
      <trkpt lat="35.00498" lon="-111.84946">
        <ele>2054.22</ele>
      </trkpt>
      <trkpt lat="35.00493" lon="-111.8494">
        <ele>2054.39</ele>
      </trkpt>
      <trkpt lat="35.00489" lon="-111.84932">
        <ele>2054.19</ele>
      </trkpt>
      <trkpt lat="35.00485" lon="-111.84927">
        <ele>2054.62</ele>
      </trkpt>
      <trkpt lat="35.00481" lon="-111.84921">
        <ele>2054.5</ele>
      </trkpt>
      <trkpt lat="35.00477" lon="-111.84914">
        <ele>2054.34</ele>
      </trkpt>
      <trkpt lat="35.00474" lon="-111.84906">
        <ele>2054.0</ele>
      </trkpt>
      <trkpt lat="35.00471" lon="-111.849">
        <ele>2054.13</ele>
      </trkpt>
      <trkpt lat="35.00468" lon="-111.84894">
        <ele>2054.46</ele>
      </trkpt>
      <trkpt lat="35.00465" lon="-111.84889">
        <ele>2054.78</ele>
      </trkpt>
      <trkpt lat="35.00462" lon="-111.84882">
        <ele>2055.0</ele>
      </trkpt>
      <trkpt lat="35.00458" lon="-111.84876">
        <ele>2055.0</ele>
      </trkpt>
      <trkpt lat="35.00455" lon="-111.8487">
        <ele>2055.0</ele>
      </trkpt>
      <trkpt lat="35.00451" lon="-111.84863">
        <ele>2055.0</ele>
      </trkpt>
      <trkpt lat="35.00446" lon="-111.84857">
        <ele>2055.0</ele>
      </trkpt>
      <trkpt lat="35.00442" lon="-111.8485">
        <ele>2054.85</ele>
      </trkpt>
      <trkpt lat="35.00437" lon="-111.84844">
        <ele>2054.83</ele>
      </trkpt>
      <trkpt lat="35.00433" lon="-111.84838">
        <ele>2054.62</ele>
      </trkpt>
      <trkpt lat="35.00428" lon="-111.84831">
        <ele>2054.78</ele>
      </trkpt>
      <trkpt lat="35.00424" lon="-111.84826">
        <ele>2055.21</ele>
      </trkpt>
      <trkpt lat="35.0042" lon="-111.8482">
        <ele>2055.64</ele>
      </trkpt>
      <trkpt lat="35.00415" lon="-111.84815">
        <ele>2056.18</ele>
      </trkpt>
      <trkpt lat="35.0041" lon="-111.84809">
        <ele>2056.09</ele>
      </trkpt>
      <trkpt lat="35.00405" lon="-111.84804">
        <ele>2056.26</ele>
      </trkpt>
      <trkpt lat="35.00401" lon="-111.848">
        <ele>2056.69</ele>
      </trkpt>
      <trkpt lat="35.00397" lon="-111.84797">
        <ele>2057.12</ele>
      </trkpt>
      <trkpt lat="35.00395" lon="-111.84793">
        <ele>2057.22</ele>
      </trkpt>
      <trkpt lat="35.00392" lon="-111.84789">
        <ele>2057.14</ele>
      </trkpt>
      <trkpt lat="35.0039" lon="-111.84786">
        <ele>2056.99</ele>
      </trkpt>
      <trkpt lat="35.00387" lon="-111.8478">
        <ele>2057.2</ele>
      </trkpt>
      <trkpt lat="35.00384" lon="-111.84775">
        <ele>2057.37</ele>
      </trkpt>
      <trkpt lat="35.00381" lon="-111.84771">
        <ele>2057.23</ele>
      </trkpt>
      <trkpt lat="35.00377" lon="-111.84764">
        <ele>2057.28</ele>
      </trkpt>
      <trkpt lat="35.00373" lon="-111.84758">
        <ele>2057.62</ele>
      </trkpt>
      <trkpt lat="35.0037" lon="-111.84752">
        <ele>2057.25</ele>
      </trkpt>
      <trkpt lat="35.00367" lon="-111.84747">
        <ele>2057.36</ele>
      </trkpt>
      <trkpt lat="35.00363" lon="-111.84742">
        <ele>2057.8</ele>
      </trkpt>
      <trkpt lat="35.00358" lon="-111.84737">
        <ele>2057.73</ele>
      </trkpt>
      <trkpt lat="35.00353" lon="-111.84731">
        <ele>2057.88</ele>
      </trkpt>
      <trkpt lat="35.00348" lon="-111.84725">
        <ele>2058.12</ele>
      </trkpt>
      <trkpt lat="35.00343" lon="-111.8472">
        <ele>2057.99</ele>
      </trkpt>
      <trkpt lat="35.00339" lon="-111.84714">
        <ele>2058.39</ele>
      </trkpt>
      <trkpt lat="35.00336" lon="-111.84709">
        <ele>2058.71</ele>
      </trkpt>
      <trkpt lat="35.00332" lon="-111.84704">
        <ele>2059.0</ele>
      </trkpt>
      <trkpt lat="35.00329" lon="-111.84701">
        <ele>2058.84</ele>
      </trkpt>
      <trkpt lat="35.00326" lon="-111.84697">
        <ele>2058.85</ele>
      </trkpt>
      <trkpt lat="35.00324" lon="-111.84694">
        <ele>2059.01</ele>
      </trkpt>
      <trkpt lat="35.00321" lon="-111.8469">
        <ele>2059.17</ele>
      </trkpt>
      <trkpt lat="35.00318" lon="-111.84687">
        <ele>2059.13</ele>
      </trkpt>
      <trkpt lat="35.00315" lon="-111.84683">
        <ele>2059.0</ele>
      </trkpt>
      <trkpt lat="35.00312" lon="-111.8468">
        <ele>2059.3</ele>
      </trkpt>
      <trkpt lat="35.00308" lon="-111.84676">
        <ele>2059.74</ele>
      </trkpt>
      <trkpt lat="35.00305" lon="-111.84672">
        <ele>2060.0</ele>
      </trkpt>
      <trkpt lat="35.00301" lon="-111.84668">
        <ele>2060.0</ele>
      </trkpt>
      <trkpt lat="35.00298" lon="-111.84663">
        <ele>2060.0</ele>
      </trkpt>
      <trkpt lat="35.00295" lon="-111.84658">
        <ele>2060.01</ele>
      </trkpt>
      <trkpt lat="35.00292" lon="-111.84653">
        <ele>2060.0</ele>
      </trkpt>
      <trkpt lat="35.00288" lon="-111.84648">
        <ele>2060.0</ele>
      </trkpt>
      <trkpt lat="35.00284" lon="-111.84643">
        <ele>2060.33</ele>
      </trkpt>
      <trkpt lat="35.0028" lon="-111.84638">
        <ele>2060.69</ele>
      </trkpt>
      <trkpt lat="35.00276" lon="-111.84634">
        <ele>2060.57</ele>
      </trkpt>
      <trkpt lat="35.00271" lon="-111.84632">
        <ele>2060.8</ele>
      </trkpt>
      <trkpt lat="35.00268" lon="-111.8463">
        <ele>2061.0</ele>
      </trkpt>
      <trkpt lat="35.00263" lon="-111.84629">
        <ele>2061.0</ele>
      </trkpt>
      <trkpt lat="35.0026" lon="-111.84628">
        <ele>2061.0</ele>
      </trkpt>
      <trkpt lat="35.00256" lon="-111.84627">
        <ele>2061.35</ele>
      </trkpt>
      <trkpt lat="35.00253" lon="-111.84626">
        <ele>2061.68</ele>
      </trkpt>
      <trkpt lat="35.00249" lon="-111.84626">
        <ele>2062.07</ele>
      </trkpt>
      <trkpt lat="35.00245" lon="-111.84627">
        <ele>2062.39</ele>
      </trkpt>
      <trkpt lat="35.00241" lon="-111.84627">
        <ele>2062.7</ele>
      </trkpt>
      <trkpt lat="35.00236" lon="-111.84627">
        <ele>2062.86</ele>
      </trkpt>
      <trkpt lat="35.00232" lon="-111.84626">
        <ele>2062.98</ele>
      </trkpt>
      <trkpt lat="35.00227" lon="-111.84625">
        <ele>2063.48</ele>
      </trkpt>
      <trkpt lat="35.00222" lon="-111.84623">
        <ele>2064.02</ele>
      </trkpt>
      <trkpt lat="35.00217" lon="-111.8462">
        <ele>2064.56</ele>
      </trkpt>
      <trkpt lat="35.00213" lon="-111.84617">
        <ele>2065.0</ele>
      </trkpt>
      <trkpt lat="35.0021" lon="-111.84614">
        <ele>2065.32</ele>
      </trkpt>
      <trkpt lat="35.00205" lon="-111.84611">
        <ele>2065.85</ele>
      </trkpt>
      <trkpt lat="35.002" lon="-111.84606">
        <ele>2065.67</ele>
      </trkpt>
      <trkpt lat="35.00195" lon="-111.846">
        <ele>2065.94</ele>
      </trkpt>
      <trkpt lat="35.00191" lon="-111.84596">
        <ele>2066.37</ele>
      </trkpt>
      <trkpt lat="35.00185" lon="-111.84592">
        <ele>2067.0</ele>
      </trkpt>
      <trkpt lat="35.0018" lon="-111.8459">
        <ele>2067.0</ele>
      </trkpt>
      <trkpt lat="35.00176" lon="-111.84587">
        <ele>2067.0</ele>
      </trkpt>
      <trkpt lat="35.00171" lon="-111.84582">
        <ele>2067.53</ele>
      </trkpt>
      <trkpt lat="35.00169" lon="-111.84577">
        <ele>2067.75</ele>
      </trkpt>
      <trkpt lat="35.00166" lon="-111.84571">
        <ele>2067.69</ele>
      </trkpt>
      <trkpt lat="35.00162" lon="-111.84565">
        <ele>2067.51</ele>
      </trkpt>
      <trkpt lat="35.00157" lon="-111.84558">
        <ele>2067.3</ele>
      </trkpt>
      <trkpt lat="35.00153" lon="-111.84549">
        <ele>2067.14</ele>
      </trkpt>
      <trkpt lat="35.00146" lon="-111.84541">
        <ele>2067.23</ele>
      </trkpt>
      <trkpt lat="35.00141" lon="-111.84536">
        <ele>2067.69</ele>
      </trkpt>
      <trkpt lat="35.00135" lon="-111.84528">
        <ele>2067.43</ele>
      </trkpt>
      <trkpt lat="35.00129" lon="-111.84519">
        <ele>2067.12</ele>
      </trkpt>
      <trkpt lat="35.00124" lon="-111.84512">
        <ele>2067.18</ele>
      </trkpt>
      <trkpt lat="35.0012" lon="-111.84506">
        <ele>2067.03</ele>
      </trkpt>
      <trkpt lat="35.00115" lon="-111.845">
        <ele>2067.0</ele>
      </trkpt>
      <trkpt lat="35.00111" lon="-111.84495">
        <ele>2067.01</ele>
      </trkpt>
      <trkpt lat="35.00107" lon="-111.8449">
        <ele>2067.41</ele>
      </trkpt>
      <trkpt lat="35.00103" lon="-111.84487">
        <ele>2067.52</ele>
      </trkpt>
      <trkpt lat="35.00099" lon="-111.84482">
        <ele>2067.35</ele>
      </trkpt>
      <trkpt lat="35.00096" lon="-111.84477">
        <ele>2067.33</ele>
      </trkpt>
      <trkpt lat="35.00092" lon="-111.84472">
        <ele>2067.06</ele>
      </trkpt>
      <trkpt lat="35.00087" lon="-111.84466">
        <ele>2067.2</ele>
      </trkpt>
      <trkpt lat="35.00082" lon="-111.8446">
        <ele>2067.1</ele>
      </trkpt>
      <trkpt lat="35.00078" lon="-111.84455">
        <ele>2067.08</ele>
      </trkpt>
      <trkpt lat="35.00074" lon="-111.84449">
        <ele>2067.01</ele>
      </trkpt>
      <trkpt lat="35.0007" lon="-111.84443">
        <ele>2067.37</ele>
      </trkpt>
      <trkpt lat="35.00065" lon="-111.84438">
        <ele>2067.3</ele>
      </trkpt>
      <trkpt lat="35.00061" lon="-111.84433">
        <ele>2067.0</ele>
      </trkpt>
      <trkpt lat="35.00056" lon="-111.84429">
        <ele>2067.0</ele>
      </trkpt>
      <trkpt lat="35.00053" lon="-111.84425">
        <ele>2067.25</ele>
      </trkpt>
      <trkpt lat="35.00048" lon="-111.84419">
        <ele>2067.21</ele>
      </trkpt>
      <trkpt lat="35.00044" lon="-111.84413">
        <ele>2067.15</ele>
      </trkpt>
      <trkpt lat="35.00037" lon="-111.84405">
        <ele>2067.0</ele>
      </trkpt>
      <trkpt lat="35.00033" lon="-111.84399">
        <ele>2067.04</ele>
      </trkpt>
      <trkpt lat="35.00027" lon="-111.84395">
        <ele>2067.08</ele>
      </trkpt>
      <trkpt lat="35.00022" lon="-111.8439">
        <ele>2067.62</ele>
      </trkpt>
      <trkpt lat="35.00016" lon="-111.84385">
        <ele>2067.69</ele>
      </trkpt>
      <trkpt lat="35.00011" lon="-111.8438">
        <ele>2067.82</ele>
      </trkpt>
      <trkpt lat="35.00007" lon="-111.84374">
        <ele>2067.39</ele>
      </trkpt>
      <trkpt lat="35.00005" lon="-111.84366">
        <ele>2067.0</ele>
      </trkpt>
      <trkpt lat="35.00003" lon="-111.8436">
        <ele>2066.96</ele>
      </trkpt>
      <trkpt lat="35.00001" lon="-111.84354">
        <ele>2066.92</ele>
      </trkpt>
      <trkpt lat="35.0" lon="-111.84352">
        <ele>2067.0</ele>
      </trkpt>
      <trkpt lat="34.99996" lon="-111.84347">
        <ele>2066.7</ele>
      </trkpt>
      <trkpt lat="34.99995" lon="-111.84343">
        <ele>2066.56</ele>
      </trkpt>
      <trkpt lat="34.99994" lon="-111.8434">
        <ele>2066.47</ele>
      </trkpt>
      <trkpt lat="34.99992" lon="-111.84336">
        <ele>2066.25</ele>
      </trkpt>
      <trkpt lat="34.99989" lon="-111.8433">
        <ele>2066.12</ele>
      </trkpt>
      <trkpt lat="34.99985" lon="-111.84326">
        <ele>2066.13</ele>
      </trkpt>
      <trkpt lat="34.99983" lon="-111.84324">
        <ele>2066.0</ele>
      </trkpt>
      <trkpt lat="34.99982" lon="-111.84321">
        <ele>2066.0</ele>
      </trkpt>
      <trkpt lat="34.9998" lon="-111.84318">
        <ele>2066.06</ele>
      </trkpt>
      <trkpt lat="34.99978" lon="-111.84315">
        <ele>2066.01</ele>
      </trkpt>
      <trkpt lat="34.99975" lon="-111.84312">
        <ele>2066.0</ele>
      </trkpt>
      <trkpt lat="34.99973" lon="-111.84308">
        <ele>2066.0</ele>
      </trkpt>
      <trkpt lat="34.99971" lon="-111.84304">
        <ele>2066.0</ele>
      </trkpt>
      <trkpt lat="34.99969" lon="-111.843">
        <ele>2066.0</ele>
      </trkpt>
      <trkpt lat="34.99966" lon="-111.84297">
        <ele>2066.0</ele>
      </trkpt>
      <trkpt lat="34.99963" lon="-111.84293">
        <ele>2066.0</ele>
      </trkpt>
      <trkpt lat="34.99961" lon="-111.84289">
        <ele>2066.0</ele>
      </trkpt>
      <trkpt lat="34.99957" lon="-111.84283">
        <ele>2065.56</ele>
      </trkpt>
      <trkpt lat="34.99953" lon="-111.84276">
        <ele>2065.0</ele>
      </trkpt>
      <trkpt lat="34.99948" lon="-111.8427">
        <ele>2065.0</ele>
      </trkpt>
      <trkpt lat="34.99942" lon="-111.84264">
        <ele>2065.0</ele>
      </trkpt>
      <trkpt lat="34.99938" lon="-111.84258">
        <ele>2064.86</ele>
      </trkpt>
      <trkpt lat="34.99935" lon="-111.84253">
        <ele>2064.32</ele>
      </trkpt>
      <trkpt lat="34.99931" lon="-111.84247">
        <ele>2064.0</ele>
      </trkpt>
      <trkpt lat="34.99927" lon="-111.84241">
        <ele>2064.0</ele>
      </trkpt>
      <trkpt lat="34.99923" lon="-111.84234">
        <ele>2063.27</ele>
      </trkpt>
      <trkpt lat="34.99919" lon="-111.84228">
        <ele>2063.0</ele>
      </trkpt>
      <trkpt lat="34.99915" lon="-111.84223">
        <ele>2063.0</ele>
      </trkpt>
      <trkpt lat="34.99911" lon="-111.84217">
        <ele>2062.44</ele>
      </trkpt>
      <trkpt lat="34.99908" lon="-111.8421">
        <ele>2062.0</ele>
      </trkpt>
      <trkpt lat="34.99904" lon="-111.84204">
        <ele>2062.0</ele>
      </trkpt>
      <trkpt lat="34.999" lon="-111.84198">
        <ele>2062.0</ele>
      </trkpt>
      <trkpt lat="34.99896" lon="-111.8419">
        <ele>2062.0</ele>
      </trkpt>
      <trkpt lat="34.99891" lon="-111.84182">
        <ele>2062.0</ele>
      </trkpt>
      <trkpt lat="34.99886" lon="-111.84174">
        <ele>2062.0</ele>
      </trkpt>
      <trkpt lat="34.9988" lon="-111.84167">
        <ele>2062.0</ele>
      </trkpt>
      <trkpt lat="34.99876" lon="-111.8416">
        <ele>2062.0</ele>
      </trkpt>
      <trkpt lat="34.99871" lon="-111.84153">
        <ele>2062.0</ele>
      </trkpt>
      <trkpt lat="34.99866" lon="-111.84146">
        <ele>2062.0</ele>
      </trkpt>
      <trkpt lat="34.9986" lon="-111.84138">
        <ele>2062.0</ele>
      </trkpt>
      <trkpt lat="34.99856" lon="-111.8413">
        <ele>2062.0</ele>
      </trkpt>
      <trkpt lat="34.99852" lon="-111.84123">
        <ele>2062.0</ele>
      </trkpt>
      <trkpt lat="34.99846" lon="-111.84116">
        <ele>2062.0</ele>
      </trkpt>
      <trkpt lat="34.99842" lon="-111.84109">
        <ele>2061.94</ele>
      </trkpt>
      <trkpt lat="34.99837" lon="-111.84102">
        <ele>2061.4</ele>
      </trkpt>
      <trkpt lat="34.99833" lon="-111.84094">
        <ele>2061.0</ele>
      </trkpt>
      <trkpt lat="34.99828" lon="-111.84087">
        <ele>2061.0</ele>
      </trkpt>
      <trkpt lat="34.99823" lon="-111.84081">
        <ele>2061.0</ele>
      </trkpt>
      <trkpt lat="34.99815" lon="-111.84075">
        <ele>2061.0</ele>
      </trkpt>
      <trkpt lat="34.99808" lon="-111.84068">
        <ele>2061.0</ele>
      </trkpt>
      <trkpt lat="34.99802" lon="-111.84062">
        <ele>2061.0</ele>
      </trkpt>
      <trkpt lat="34.99797" lon="-111.84056">
        <ele>2061.0</ele>
      </trkpt>
      <trkpt lat="34.99792" lon="-111.8405">
        <ele>2061.0</ele>
      </trkpt>
      <trkpt lat="34.99786" lon="-111.84043">
        <ele>2061.32</ele>
      </trkpt>
      <trkpt lat="34.99781" lon="-111.84037">
        <ele>2061.35</ele>
      </trkpt>
      <trkpt lat="34.99777" lon="-111.8403">
        <ele>2061.76</ele>
      </trkpt>
      <trkpt lat="34.99772" lon="-111.84024">
        <ele>2062.0</ele>
      </trkpt>
      <trkpt lat="34.99768" lon="-111.84019">
        <ele>2062.0</ele>
      </trkpt>
      <trkpt lat="34.99765" lon="-111.84012">
        <ele>2062.7</ele>
      </trkpt>
      <trkpt lat="34.99761" lon="-111.84005">
        <ele>2063.0</ele>
      </trkpt>
      <trkpt lat="34.99758" lon="-111.83998">
        <ele>2063.32</ele>
      </trkpt>
      <trkpt lat="34.99756" lon="-111.83991">
        <ele>2063.98</ele>
      </trkpt>
      <trkpt lat="34.99753" lon="-111.83985">
        <ele>2064.62</ele>
      </trkpt>
      <trkpt lat="34.99751" lon="-111.83979">
        <ele>2065.0</ele>
      </trkpt>
      <trkpt lat="34.99747" lon="-111.83973">
        <ele>2065.3</ele>
      </trkpt>
      <trkpt lat="34.99744" lon="-111.83969">
        <ele>2065.77</ele>
      </trkpt>
      <trkpt lat="34.9974" lon="-111.83964">
        <ele>2066.0</ele>
      </trkpt>
      <trkpt lat="34.99735" lon="-111.83959">
        <ele>2066.43</ele>
      </trkpt>
      <trkpt lat="34.9973" lon="-111.83954">
        <ele>2066.97</ele>
      </trkpt>
      <trkpt lat="34.99726" lon="-111.83946">
        <ele>2067.49</ele>
      </trkpt>
      <trkpt lat="34.99721" lon="-111.83939">
        <ele>2068.0</ele>
      </trkpt>
      <trkpt lat="34.99717" lon="-111.83932">
        <ele>2068.34</ele>
      </trkpt>
      <trkpt lat="34.99713" lon="-111.83925">
        <ele>2069.0</ele>
      </trkpt>
      <trkpt lat="34.99712" lon="-111.83915">
        <ele>2069.18</ele>
      </trkpt>
      <trkpt lat="34.99709" lon="-111.83905">
        <ele>2070.0</ele>
      </trkpt>
      <trkpt lat="34.99706" lon="-111.83898">
        <ele>2070.0</ele>
      </trkpt>
      <trkpt lat="34.99704" lon="-111.83887">
        <ele>2070.2</ele>
      </trkpt>
      <trkpt lat="34.99701" lon="-111.8388">
        <ele>2070.96</ele>
      </trkpt>
      <trkpt lat="34.99699" lon="-111.83872">
        <ele>2071.0</ele>
      </trkpt>
      <trkpt lat="34.99696" lon="-111.83865">
        <ele>2071.0</ele>
      </trkpt>
      <trkpt lat="34.99693" lon="-111.83857">
        <ele>2071.44</ele>
      </trkpt>
      <trkpt lat="34.9969" lon="-111.8385">
        <ele>2072.0</ele>
      </trkpt>
      <trkpt lat="34.99686" lon="-111.83841">
        <ele>2072.0</ele>
      </trkpt>
      <trkpt lat="34.99681" lon="-111.83832">
        <ele>2072.0</ele>
      </trkpt>
      <trkpt lat="34.99677" lon="-111.83824">
        <ele>2072.0</ele>
      </trkpt>
      <trkpt lat="34.99673" lon="-111.83815">
        <ele>2072.0</ele>
      </trkpt>
      <trkpt lat="34.99669" lon="-111.83808">
        <ele>2072.0</ele>
      </trkpt>
      <trkpt lat="34.99666" lon="-111.838">
        <ele>2072.0</ele>
      </trkpt>
      <trkpt lat="34.99661" lon="-111.83791">
        <ele>2072.0</ele>
      </trkpt>
      <trkpt lat="34.99657" lon="-111.83781">
        <ele>2072.65</ele>
      </trkpt>
      <trkpt lat="34.99653" lon="-111.8377">
        <ele>2073.0</ele>
      </trkpt>
      <trkpt lat="34.99649" lon="-111.83761">
        <ele>2073.0</ele>
      </trkpt>
      <trkpt lat="34.99645" lon="-111.83753">
        <ele>2073.0</ele>
      </trkpt>
      <trkpt lat="34.99642" lon="-111.83743">
        <ele>2073.0</ele>
      </trkpt>
      <trkpt lat="34.99639" lon="-111.83734">
        <ele>2073.0</ele>
      </trkpt>
      <trkpt lat="34.99635" lon="-111.83725">
        <ele>2073.0</ele>
      </trkpt>
      <trkpt lat="34.99632" lon="-111.83716">
        <ele>2073.0</ele>
      </trkpt>
      <trkpt lat="34.99629" lon="-111.83707">
        <ele>2073.0</ele>
      </trkpt>
      <trkpt lat="34.99624" lon="-111.83697">
        <ele>2073.0</ele>
      </trkpt>
      <trkpt lat="34.9962" lon="-111.83687">
        <ele>2073.0</ele>
      </trkpt>
      <trkpt lat="34.99616" lon="-111.83678">
        <ele>2073.0</ele>
      </trkpt>
      <trkpt lat="34.99612" lon="-111.83669">
        <ele>2073.0</ele>
      </trkpt>
      <trkpt lat="34.99606" lon="-111.8366">
        <ele>2073.0</ele>
      </trkpt>
      <trkpt lat="34.996" lon="-111.83652">
        <ele>2073.0</ele>
      </trkpt>
      <trkpt lat="34.99595" lon="-111.83644">
        <ele>2073.0</ele>
      </trkpt>
      <trkpt lat="34.99592" lon="-111.83638">
        <ele>2073.0</ele>
      </trkpt>
      <trkpt lat="34.9959" lon="-111.83635">
        <ele>2073.0</ele>
      </trkpt>
      <trkpt lat="34.99587" lon="-111.83632">
        <ele>2073.0</ele>
      </trkpt>
      <trkpt lat="34.99584" lon="-111.8363">
        <ele>2073.0</ele>
      </trkpt>
      <trkpt lat="34.99581" lon="-111.83628">
        <ele>2073.0</ele>
      </trkpt>
      <trkpt lat="34.99579" lon="-111.83625">
        <ele>2073.0</ele>
      </trkpt>
      <trkpt lat="34.99578" lon="-111.83621">
        <ele>2073.0</ele>
      </trkpt>
      <trkpt lat="34.99575" lon="-111.83617">
        <ele>2073.0</ele>
      </trkpt>
      <trkpt lat="34.99572" lon="-111.83612">
        <ele>2073.0</ele>
      </trkpt>
      <trkpt lat="34.99568" lon="-111.83608">
        <ele>2072.88</ele>
      </trkpt>
      <trkpt lat="34.99562" lon="-111.83604">
        <ele>2073.0</ele>
      </trkpt>
      <trkpt lat="34.99557" lon="-111.836">
        <ele>2072.97</ele>
      </trkpt>
      <trkpt lat="34.99552" lon="-111.83595">
        <ele>2073.0</ele>
      </trkpt>
      <trkpt lat="34.99547" lon="-111.83591">
        <ele>2073.0</ele>
      </trkpt>
      <trkpt lat="34.99543" lon="-111.83586">
        <ele>2073.0</ele>
      </trkpt>
      <trkpt lat="34.99539" lon="-111.83581">
        <ele>2073.0</ele>
      </trkpt>
      <trkpt lat="34.99534" lon="-111.83574">
        <ele>2073.0</ele>
      </trkpt>
      <trkpt lat="34.99529" lon="-111.83569">
        <ele>2073.0</ele>
      </trkpt>
      <trkpt lat="34.99525" lon="-111.83565">
        <ele>2073.0</ele>
      </trkpt>
      <trkpt lat="34.9952" lon="-111.8356">
        <ele>2073.0</ele>
      </trkpt>
      <trkpt lat="34.99516" lon="-111.83555">
        <ele>2073.0</ele>
      </trkpt>
      <trkpt lat="34.99512" lon="-111.8355">
        <ele>2073.0</ele>
      </trkpt>
      <trkpt lat="34.99508" lon="-111.83546">
        <ele>2073.0</ele>
      </trkpt>
      <trkpt lat="34.99504" lon="-111.83544">
        <ele>2073.0</ele>
      </trkpt>
      <trkpt lat="34.995" lon="-111.83541">
        <ele>2073.0</ele>
      </trkpt>
      <trkpt lat="34.99497" lon="-111.83539">
        <ele>2073.0</ele>
      </trkpt>
      <trkpt lat="34.99493" lon="-111.83537">
        <ele>2073.0</ele>
      </trkpt>
      <trkpt lat="34.9949" lon="-111.83536">
        <ele>2073.0</ele>
      </trkpt>
      <trkpt lat="34.99487" lon="-111.83535">
        <ele>2073.0</ele>
      </trkpt>
      <trkpt lat="34.99485" lon="-111.83534">
        <ele>2073.0</ele>
      </trkpt>
      <trkpt lat="34.99482" lon="-111.83532">
        <ele>2073.0</ele>
      </trkpt>
      <trkpt lat="34.99479" lon="-111.8353">
        <ele>2073.0</ele>
      </trkpt>
      <trkpt lat="34.99476" lon="-111.83528">
        <ele>2073.0</ele>
      </trkpt>
      <trkpt lat="34.99472" lon="-111.83525">
        <ele>2073.0</ele>
      </trkpt>
      <trkpt lat="34.99468" lon="-111.83521">
        <ele>2073.0</ele>
      </trkpt>
      <trkpt lat="34.99465" lon="-111.83518">
        <ele>2073.0</ele>
      </trkpt>
      <trkpt lat="34.99461" lon="-111.83514">
        <ele>2073.0</ele>
      </trkpt>
      <trkpt lat="34.99458" lon="-111.8351">
        <ele>2073.0</ele>
      </trkpt>
      <trkpt lat="34.99455" lon="-111.83504">
        <ele>2073.0</ele>
      </trkpt>
      <trkpt lat="34.99454" lon="-111.83498">
        <ele>2073.0</ele>
      </trkpt>
      <trkpt lat="34.99452" lon="-111.83493">
        <ele>2073.0</ele>
      </trkpt>
      <trkpt lat="34.99449" lon="-111.83486">
        <ele>2073.0</ele>
      </trkpt>
      <trkpt lat="34.99447" lon="-111.8348">
        <ele>2073.0</ele>
      </trkpt>
      <trkpt lat="34.99444" lon="-111.83474">
        <ele>2073.0</ele>
      </trkpt>
      <trkpt lat="34.9944" lon="-111.83469">
        <ele>2073.0</ele>
      </trkpt>
      <trkpt lat="34.99436" lon="-111.83464">
        <ele>2073.0</ele>
      </trkpt>
      <trkpt lat="34.99431" lon="-111.8346">
        <ele>2073.0</ele>
      </trkpt>
      <trkpt lat="34.99426" lon="-111.83458">
        <ele>2073.0</ele>
      </trkpt>
      <trkpt lat="34.9942" lon="-111.83457">
        <ele>2073.0</ele>
      </trkpt>
      <trkpt lat="34.99414" lon="-111.83456">
        <ele>2073.0</ele>
      </trkpt>
      <trkpt lat="34.99408" lon="-111.83455">
        <ele>2073.0</ele>
      </trkpt>
      <trkpt lat="34.99402" lon="-111.83453">
        <ele>2073.08</ele>
      </trkpt>
      <trkpt lat="34.99396" lon="-111.83452">
        <ele>2073.18</ele>
      </trkpt>
      <trkpt lat="34.99389" lon="-111.8345">
        <ele>2073.4</ele>
      </trkpt>
      <trkpt lat="34.99383" lon="-111.83449">
        <ele>2073.51</ele>
      </trkpt>
      <trkpt lat="34.99377" lon="-111.83448">
        <ele>2073.62</ele>
      </trkpt>
      <trkpt lat="34.99369" lon="-111.83447">
        <ele>2073.72</ele>
      </trkpt>
      <trkpt lat="34.99362" lon="-111.83444">
        <ele>2074.05</ele>
      </trkpt>
      <trkpt lat="34.99353" lon="-111.83441">
        <ele>2074.05</ele>
      </trkpt>
      <trkpt lat="34.99346" lon="-111.8344">
        <ele>2074.3</ele>
      </trkpt>
      <trkpt lat="34.99338" lon="-111.83438">
        <ele>2074.85</ele>
      </trkpt>
      <trkpt lat="34.9933" lon="-111.83437">
        <ele>2075.0</ele>
      </trkpt>
      <trkpt lat="34.99324" lon="-111.83437">
        <ele>2075.0</ele>
      </trkpt>
      <trkpt lat="34.99317" lon="-111.83437">
        <ele>2075.0</ele>
      </trkpt>
      <trkpt lat="34.99311" lon="-111.83436">
        <ele>2075.41</ele>
      </trkpt>
      <trkpt lat="34.99304" lon="-111.83437">
        <ele>2076.0</ele>
      </trkpt>
      <trkpt lat="34.99295" lon="-111.83437">
        <ele>2076.0</ele>
      </trkpt>
      <trkpt lat="34.99287" lon="-111.83438">
        <ele>2076.0</ele>
      </trkpt>
      <trkpt lat="34.99279" lon="-111.83439">
        <ele>2076.0</ele>
      </trkpt>
      <trkpt lat="34.99272" lon="-111.8344">
        <ele>2075.7</ele>
      </trkpt>
      <trkpt lat="34.99265" lon="-111.83442">
        <ele>2075.84</ele>
      </trkpt>
      <trkpt lat="34.99257" lon="-111.83443">
        <ele>2075.79</ele>
      </trkpt>
      <trkpt lat="34.99251" lon="-111.83444">
        <ele>2075.15</ele>
      </trkpt>
      <trkpt lat="34.99243" lon="-111.83444">
        <ele>2075.77</ele>
      </trkpt>
      <trkpt lat="34.99237" lon="-111.83444">
        <ele>2076.0</ele>
      </trkpt>
      <trkpt lat="34.9923" lon="-111.83444">
        <ele>2076.0</ele>
      </trkpt>
      <trkpt lat="34.99221" lon="-111.83443">
        <ele>2076.0</ele>
      </trkpt>
      <trkpt lat="34.99214" lon="-111.8344">
        <ele>2076.0</ele>
      </trkpt>
      <trkpt lat="34.99207" lon="-111.83436">
        <ele>2075.94</ele>
      </trkpt>
      <trkpt lat="34.99203" lon="-111.83431">
        <ele>2076.0</ele>
      </trkpt>
      <trkpt lat="34.99196" lon="-111.83426">
        <ele>2076.0</ele>
      </trkpt>
      <trkpt lat="34.99189" lon="-111.83421">
        <ele>2076.0</ele>
      </trkpt>
      <trkpt lat="34.99183" lon="-111.83415">
        <ele>2076.0</ele>
      </trkpt>
      <trkpt lat="34.99177" lon="-111.83408">
        <ele>2076.0</ele>
      </trkpt>
      <trkpt lat="34.99171" lon="-111.83404">
        <ele>2076.0</ele>
      </trkpt>
      <trkpt lat="34.99164" lon="-111.83398">
        <ele>2076.0</ele>
      </trkpt>
      <trkpt lat="34.99158" lon="-111.83393">
        <ele>2076.0</ele>
      </trkpt>
      <trkpt lat="34.99152" lon="-111.83388">
        <ele>2075.96</ele>
      </trkpt>
      <trkpt lat="34.99145" lon="-111.83382">
        <ele>2076.0</ele>
      </trkpt>
      <trkpt lat="34.99139" lon="-111.83374">
        <ele>2076.0</ele>
      </trkpt>
      <trkpt lat="34.99134" lon="-111.83367">
        <ele>2076.0</ele>
      </trkpt>
      <trkpt lat="34.99131" lon="-111.83359">
        <ele>2076.0</ele>
      </trkpt>
      <trkpt lat="34.99127" lon="-111.83353">
        <ele>2076.0</ele>
      </trkpt>
      <trkpt lat="34.99122" lon="-111.83348">
        <ele>2076.0</ele>
      </trkpt>
      <trkpt lat="34.99113" lon="-111.83341">
        <ele>2076.0</ele>
      </trkpt>
      <trkpt lat="34.99106" lon="-111.83336">
        <ele>2076.0</ele>
      </trkpt>
      <trkpt lat="34.991" lon="-111.83334">
        <ele>2076.0</ele>
      </trkpt>
      <trkpt lat="34.99092" lon="-111.83332">
        <ele>2076.0</ele>
      </trkpt>
      <trkpt lat="34.99084" lon="-111.83331">
        <ele>2076.0</ele>
      </trkpt>
      <trkpt lat="34.99078" lon="-111.83329">
        <ele>2076.0</ele>
      </trkpt>
      <trkpt lat="34.99073" lon="-111.83323">
        <ele>2076.0</ele>
      </trkpt>
      <trkpt lat="34.99069" lon="-111.83318">
        <ele>2076.0</ele>
      </trkpt>
      <trkpt lat="34.99065" lon="-111.83314">
        <ele>2076.0</ele>
      </trkpt>
      <trkpt lat="34.99059" lon="-111.83309">
        <ele>2076.0</ele>
      </trkpt>
      <trkpt lat="34.99053" lon="-111.83305">
        <ele>2076.04</ele>
      </trkpt>
      <trkpt lat="34.99047" lon="-111.83301">
        <ele>2076.04</ele>
      </trkpt>
      <trkpt lat="34.99042" lon="-111.83296">
        <ele>2076.03</ele>
      </trkpt>
      <trkpt lat="34.99038" lon="-111.83291">
        <ele>2076.57</ele>
      </trkpt>
      <trkpt lat="34.99031" lon="-111.83286">
        <ele>2077.0</ele>
      </trkpt>
      <trkpt lat="34.99024" lon="-111.83281">
        <ele>2077.0</ele>
      </trkpt>
      <trkpt lat="34.99014" lon="-111.83273">
        <ele>2077.0</ele>
      </trkpt>
      <trkpt lat="34.99005" lon="-111.83265">
        <ele>2077.0</ele>
      </trkpt>
      <trkpt lat="34.98999" lon="-111.83259">
        <ele>2077.0</ele>
      </trkpt>
      <trkpt lat="34.98991" lon="-111.83253">
        <ele>2077.0</ele>
      </trkpt>
      <trkpt lat="34.98985" lon="-111.83248">
        <ele>2077.22</ele>
      </trkpt>
      <trkpt lat="34.98979" lon="-111.83244">
        <ele>2077.74</ele>
      </trkpt>
      <trkpt lat="34.98974" lon="-111.83239">
        <ele>2078.0</ele>
      </trkpt>
      <trkpt lat="34.98967" lon="-111.83234">
        <ele>2078.0</ele>
      </trkpt>
      <trkpt lat="34.9896" lon="-111.83228">
        <ele>2078.0</ele>
      </trkpt>
      <trkpt lat="34.98954" lon="-111.83223">
        <ele>2078.0</ele>
      </trkpt>
      <trkpt lat="34.98947" lon="-111.83218">
        <ele>2078.0</ele>
      </trkpt>
      <trkpt lat="34.98939" lon="-111.83212">
        <ele>2078.63</ele>
      </trkpt>
      <trkpt lat="34.98932" lon="-111.83207">
        <ele>2079.0</ele>
      </trkpt>
      <trkpt lat="34.98926" lon="-111.83201">
        <ele>2079.0</ele>
      </trkpt>
      <trkpt lat="34.98919" lon="-111.83194">
        <ele>2079.0</ele>
      </trkpt>
      <trkpt lat="34.98913" lon="-111.83188">
        <ele>2079.0</ele>
      </trkpt>
      <trkpt lat="34.98909" lon="-111.83182">
        <ele>2079.28</ele>
      </trkpt>
      <trkpt lat="34.98904" lon="-111.83176">
        <ele>2079.99</ele>
      </trkpt>
      <trkpt lat="34.98899" lon="-111.83168">
        <ele>2080.0</ele>
      </trkpt>
      <trkpt lat="34.98894" lon="-111.8316">
        <ele>2080.0</ele>
      </trkpt>
      <trkpt lat="34.9889" lon="-111.83153">
        <ele>2080.0</ele>
      </trkpt>
      <trkpt lat="34.98887" lon="-111.83146">
        <ele>2080.0</ele>
      </trkpt>
      <trkpt lat="34.98883" lon="-111.83142">
        <ele>2080.0</ele>
      </trkpt>
      <trkpt lat="34.9888" lon="-111.83137">
        <ele>2080.01</ele>
      </trkpt>
      <trkpt lat="34.98876" lon="-111.83133">
        <ele>2080.0</ele>
      </trkpt>
      <trkpt lat="34.98873" lon="-111.83127">
        <ele>2080.28</ele>
      </trkpt>
      <trkpt lat="34.98869" lon="-111.83122">
        <ele>2080.82</ele>
      </trkpt>
      <trkpt lat="34.98866" lon="-111.83117">
        <ele>2081.0</ele>
      </trkpt>
      <trkpt lat="34.98862" lon="-111.83111">
        <ele>2081.0</ele>
      </trkpt>
      <trkpt lat="34.98858" lon="-111.83107">
        <ele>2081.0</ele>
      </trkpt>
      <trkpt lat="34.98854" lon="-111.83102">
        <ele>2081.0</ele>
      </trkpt>
      <trkpt lat="34.98851" lon="-111.83098">
        <ele>2081.0</ele>
      </trkpt>
      <trkpt lat="34.98848" lon="-111.83093">
        <ele>2081.0</ele>
      </trkpt>
      <trkpt lat="34.98844" lon="-111.83089">
        <ele>2081.39</ele>
      </trkpt>
      <trkpt lat="34.9884" lon="-111.83085">
        <ele>2081.82</ele>
      </trkpt>
      <trkpt lat="34.98836" lon="-111.83081">
        <ele>2082.0</ele>
      </trkpt>
      <trkpt lat="34.98832" lon="-111.83076">
        <ele>2081.97</ele>
      </trkpt>
      <trkpt lat="34.98827" lon="-111.83072">
        <ele>2082.0</ele>
      </trkpt>
      <trkpt lat="34.98823" lon="-111.83067">
        <ele>2082.0</ele>
      </trkpt>
      <trkpt lat="34.98819" lon="-111.83062">
        <ele>2082.14</ele>
      </trkpt>
      <trkpt lat="34.98814" lon="-111.83057">
        <ele>2081.99</ele>
      </trkpt>
      <trkpt lat="34.98809" lon="-111.83051">
        <ele>2082.0</ele>
      </trkpt>
      <trkpt lat="34.98804" lon="-111.83048">
        <ele>2081.97</ele>
      </trkpt>
      <trkpt lat="34.98802" lon="-111.83045">
        <ele>2082.0</ele>
      </trkpt>
      <trkpt lat="34.98804" lon="-111.83042">
        <ele>2082.0</ele>
      </trkpt>
      <trkpt lat="34.988" lon="-111.83036">
        <ele>2082.04</ele>
      </trkpt>
      <trkpt lat="34.98798" lon="-111.83032">
        <ele>2082.1</ele>
      </trkpt>
      <trkpt lat="34.98795" lon="-111.83027">
        <ele>2082.07</ele>
      </trkpt>
      <trkpt lat="34.98791" lon="-111.83024">
        <ele>2082.17</ele>
      </trkpt>
      <trkpt lat="34.98788" lon="-111.83021">
        <ele>2082.08</ele>
      </trkpt>
      <trkpt lat="34.98784" lon="-111.83018">
        <ele>2082.04</ele>
      </trkpt>
      <trkpt lat="34.9878" lon="-111.83013">
        <ele>2082.14</ele>
      </trkpt>
      <trkpt lat="34.98775" lon="-111.83007">
        <ele>2082.17</ele>
      </trkpt>
      <trkpt lat="34.98771" lon="-111.83001">
        <ele>2082.24</ele>
      </trkpt>
      <trkpt lat="34.98765" lon="-111.82995">
        <ele>2082.54</ele>
      </trkpt>
      <trkpt lat="34.98758" lon="-111.8299">
        <ele>2083.0</ele>
      </trkpt>
      <trkpt lat="34.98751" lon="-111.82984">
        <ele>2083.0</ele>
      </trkpt>
      <trkpt lat="34.98744" lon="-111.82978">
        <ele>2083.0</ele>
      </trkpt>
      <trkpt lat="34.98738" lon="-111.82973">
        <ele>2083.0</ele>
      </trkpt>
      <trkpt lat="34.98732" lon="-111.82967">
        <ele>2083.0</ele>
      </trkpt>
      <trkpt lat="34.98726" lon="-111.82962">
        <ele>2082.41</ele>
      </trkpt>
      <trkpt lat="34.98721" lon="-111.82956">
        <ele>2082.13</ele>
      </trkpt>
      <trkpt lat="34.98716" lon="-111.82951">
        <ele>2082.77</ele>
      </trkpt>
      <trkpt lat="34.98711" lon="-111.82946">
        <ele>2083.0</ele>
      </trkpt>
      <trkpt lat="34.98707" lon="-111.82939">
        <ele>2082.62</ele>
      </trkpt>
      <trkpt lat="34.98704" lon="-111.82931">
        <ele>2082.46</ele>
      </trkpt>
      <trkpt lat="34.987" lon="-111.82926">
        <ele>2083.0</ele>
      </trkpt>
      <trkpt lat="34.98698" lon="-111.82918">
        <ele>2082.67</ele>
      </trkpt>
      <trkpt lat="34.98695" lon="-111.82911">
        <ele>2082.98</ele>
      </trkpt>
      <trkpt lat="34.98691" lon="-111.82906">
        <ele>2083.0</ele>
      </trkpt>
      <trkpt lat="34.98688" lon="-111.82901">
        <ele>2083.0</ele>
      </trkpt>
      <trkpt lat="34.98683" lon="-111.82894">
        <ele>2083.24</ele>
      </trkpt>
      <trkpt lat="34.98677" lon="-111.82889">
        <ele>2083.88</ele>
      </trkpt>
      <trkpt lat="34.98671" lon="-111.82884">
        <ele>2084.78</ele>
      </trkpt>
      <trkpt lat="34.98665" lon="-111.8288">
        <ele>2085.18</ele>
      </trkpt>
      <trkpt lat="34.9866" lon="-111.82874">
        <ele>2085.89</ele>
      </trkpt>
      <trkpt lat="34.98654" lon="-111.82868">
        <ele>2086.09</ele>
      </trkpt>
      <trkpt lat="34.9865" lon="-111.82863">
        <ele>2086.64</ele>
      </trkpt>
      <trkpt lat="34.98645" lon="-111.82857">
        <ele>2087.0</ele>
      </trkpt>
      <trkpt lat="34.98641" lon="-111.82853">
        <ele>2087.0</ele>
      </trkpt>
      <trkpt lat="34.9864" lon="-111.82852">
        <ele>2087.0</ele>
      </trkpt>
      <trkpt lat="34.9864" lon="-111.82853">
        <ele>2087.0</ele>
      </trkpt>
      <trkpt lat="34.98617" lon="-111.82844">
        <ele>2087.0</ele>
      </trkpt>
      <trkpt lat="34.98576" lon="-111.82833">
        <ele>2087.04</ele>
      </trkpt>
      <trkpt lat="34.98562" lon="-111.82826">
        <ele>2087.79</ele>
      </trkpt>
      <trkpt lat="34.98539" lon="-111.82814">
        <ele>2088.0</ele>
      </trkpt>
      <trkpt lat="34.98517" lon="-111.82773">
        <ele>2088.0</ele>
      </trkpt>
      <trkpt lat="34.98487" lon="-111.82737">
        <ele>2089.0</ele>
      </trkpt>
      <trkpt lat="34.98463" lon="-111.82724">
        <ele>2089.0</ele>
      </trkpt>
      <trkpt lat="34.98437" lon="-111.8273">
        <ele>2089.13</ele>
      </trkpt>
      <trkpt lat="34.98401" lon="-111.82746">
        <ele>2090.0</ele>
      </trkpt>
      <trkpt lat="34.98362" lon="-111.82764">
        <ele>2091.0</ele>
      </trkpt>
      <trkpt lat="34.98313" lon="-111.82789">
        <ele>2092.0</ele>
      </trkpt>
      <trkpt lat="34.98289" lon="-111.82793">
        <ele>2093.0</ele>
      </trkpt>
      <trkpt lat="34.9826" lon="-111.82785">
        <ele>2094.0</ele>
      </trkpt>
      <trkpt lat="34.98255" lon="-111.82779">
        <ele>2094.46</ele>
      </trkpt>
      <trkpt lat="34.98237" lon="-111.82756">
        <ele>2096.0</ele>
      </trkpt>
      <trkpt lat="34.98202" lon="-111.82732">
        <ele>2098.18</ele>
      </trkpt>
      <trkpt lat="34.98161" lon="-111.82718">
        <ele>2101.61</ele>
      </trkpt>
      <trkpt lat="34.98122" lon="-111.82703">
        <ele>2103.0</ele>
      </trkpt>
      <trkpt lat="34.98103" lon="-111.82703">
        <ele>2104.0</ele>
      </trkpt>
      <trkpt lat="34.98084" lon="-111.82708">
        <ele>2104.54</ele>
      </trkpt>
      <trkpt lat="34.98079" lon="-111.82734">
        <ele>2103.0</ele>
      </trkpt>
      <trkpt lat="34.98071" lon="-111.82778">
        <ele>2103.0</ele>
      </trkpt>
      <trkpt lat="34.98068" lon="-111.82803">
        <ele>2102.0</ele>
      </trkpt>
      <trkpt lat="34.98052" lon="-111.82811">
        <ele>2101.03</ele>
      </trkpt>
      <trkpt lat="34.98036" lon="-111.8281">
        <ele>2098.78</ele>
      </trkpt>
      <trkpt lat="34.98052" lon="-111.82811">
        <ele>2101.03</ele>
      </trkpt>
      <trkpt lat="34.98068" lon="-111.82803">
        <ele>2102.0</ele>
      </trkpt>
      <trkpt lat="34.98071" lon="-111.82778">
        <ele>2103.0</ele>
      </trkpt>
      <trkpt lat="34.98079" lon="-111.82734">
        <ele>2103.0</ele>
      </trkpt>
      <trkpt lat="34.98084" lon="-111.82708">
        <ele>2104.54</ele>
      </trkpt>
      <trkpt lat="34.98103" lon="-111.82703">
        <ele>2104.0</ele>
      </trkpt>
      <trkpt lat="34.98122" lon="-111.82703">
        <ele>2103.0</ele>
      </trkpt>
      <trkpt lat="34.98161" lon="-111.82718">
        <ele>2101.61</ele>
      </trkpt>
      <trkpt lat="34.98202" lon="-111.82732">
        <ele>2098.18</ele>
      </trkpt>
      <trkpt lat="34.98237" lon="-111.82756">
        <ele>2096.0</ele>
      </trkpt>
      <trkpt lat="34.98255" lon="-111.82779">
        <ele>2094.46</ele>
      </trkpt>
      <trkpt lat="34.9826" lon="-111.82785">
        <ele>2094.0</ele>
      </trkpt>
      <trkpt lat="34.98289" lon="-111.82793">
        <ele>2093.0</ele>
      </trkpt>
      <trkpt lat="34.98313" lon="-111.82789">
        <ele>2092.0</ele>
      </trkpt>
      <trkpt lat="34.98362" lon="-111.82764">
        <ele>2091.0</ele>
      </trkpt>
      <trkpt lat="34.98401" lon="-111.82746">
        <ele>2090.0</ele>
      </trkpt>
      <trkpt lat="34.98437" lon="-111.8273">
        <ele>2089.13</ele>
      </trkpt>
      <trkpt lat="34.98463" lon="-111.82724">
        <ele>2089.0</ele>
      </trkpt>
      <trkpt lat="34.98487" lon="-111.82737">
        <ele>2089.0</ele>
      </trkpt>
      <trkpt lat="34.98517" lon="-111.82773">
        <ele>2088.0</ele>
      </trkpt>
      <trkpt lat="34.98539" lon="-111.82814">
        <ele>2088.0</ele>
      </trkpt>
      <trkpt lat="34.98562" lon="-111.82826">
        <ele>2087.79</ele>
      </trkpt>
      <trkpt lat="34.98576" lon="-111.82833">
        <ele>2087.04</ele>
      </trkpt>
      <trkpt lat="34.98617" lon="-111.82844">
        <ele>2087.0</ele>
      </trkpt>
      <trkpt lat="34.9864" lon="-111.82853">
        <ele>2087.0</ele>
      </trkpt>
      <trkpt lat="34.9864" lon="-111.82852">
        <ele>2087.0</ele>
      </trkpt>
      <trkpt lat="34.98636" lon="-111.82848">
        <ele>2087.42</ele>
      </trkpt>
      <trkpt lat="34.98632" lon="-111.82841">
        <ele>2088.04</ele>
      </trkpt>
      <trkpt lat="34.98627" lon="-111.82836">
        <ele>2087.92</ele>
      </trkpt>
      <trkpt lat="34.98621" lon="-111.82826">
        <ele>2088.79</ele>
      </trkpt>
      <trkpt lat="34.98618" lon="-111.82818">
        <ele>2089.49</ele>
      </trkpt>
      <trkpt lat="34.98616" lon="-111.82813">
        <ele>2089.82</ele>
      </trkpt>
      <trkpt lat="34.98614" lon="-111.82808">
        <ele>2090.55</ele>
      </trkpt>
      <trkpt lat="34.98612" lon="-111.82805">
        <ele>2091.07</ele>
      </trkpt>
      <trkpt lat="34.9861" lon="-111.82801">
        <ele>2091.37</ele>
      </trkpt>
      <trkpt lat="34.98608" lon="-111.82797">
        <ele>2091.59</ele>
      </trkpt>
      <trkpt lat="34.98606" lon="-111.82792">
        <ele>2092.17</ele>
      </trkpt>
      <trkpt lat="34.98604" lon="-111.82788">
        <ele>2092.82</ele>
      </trkpt>
      <trkpt lat="34.98603" lon="-111.82784">
        <ele>2093.37</ele>
      </trkpt>
      <trkpt lat="34.98603" lon="-111.82781">
        <ele>2093.73</ele>
      </trkpt>
      <trkpt lat="34.98601" lon="-111.82775">
        <ele>2094.21</ele>
      </trkpt>
      <trkpt lat="34.986" lon="-111.82769">
        <ele>2094.75</ele>
      </trkpt>
      <trkpt lat="34.98598" lon="-111.82764">
        <ele>2095.56</ele>
      </trkpt>
      <trkpt lat="34.98596" lon="-111.82759">
        <ele>2096.4</ele>
      </trkpt>
      <trkpt lat="34.98595" lon="-111.82755">
        <ele>2096.72</ele>
      </trkpt>
      <trkpt lat="34.98593" lon="-111.82751">
        <ele>2096.94</ele>
      </trkpt>
      <trkpt lat="34.98592" lon="-111.82747">
        <ele>2097.26</ele>
      </trkpt>
      <trkpt lat="34.98591" lon="-111.82743">
        <ele>2097.58</ele>
      </trkpt>
      <trkpt lat="34.98591" lon="-111.82739">
        <ele>2098.02</ele>
      </trkpt>
      <trkpt lat="34.98591" lon="-111.82735">
        <ele>2098.45</ele>
      </trkpt>
      <trkpt lat="34.98591" lon="-111.8273">
        <ele>2098.99</ele>
      </trkpt>
      <trkpt lat="34.98591" lon="-111.82726">
        <ele>2099.42</ele>
      </trkpt>
      <trkpt lat="34.98592" lon="-111.82719">
        <ele>2099.96</ele>
      </trkpt>
      <trkpt lat="34.98592" lon="-111.82713">
        <ele>2100.0</ele>
      </trkpt>
      <trkpt lat="34.98593" lon="-111.82708">
        <ele>2100.56</ele>
      </trkpt>
      <trkpt lat="34.98594" lon="-111.82703">
        <ele>2101.01</ele>
      </trkpt>
      <trkpt lat="34.98594" lon="-111.82699">
        <ele>2101.08</ele>
      </trkpt>
      <trkpt lat="34.98595" lon="-111.82694">
        <ele>2101.26</ele>
      </trkpt>
      <trkpt lat="34.98595" lon="-111.8269">
        <ele>2101.26</ele>
      </trkpt>
      <trkpt lat="34.98596" lon="-111.82686">
        <ele>2101.37</ele>
      </trkpt>
      <trkpt lat="34.98596" lon="-111.8268">
        <ele>2101.72</ele>
      </trkpt>
      <trkpt lat="34.98597" lon="-111.82676">
        <ele>2102.0</ele>
      </trkpt>
      <trkpt lat="34.98597" lon="-111.8267">
        <ele>2102.0</ele>
      </trkpt>
      <trkpt lat="34.98598" lon="-111.82666">
        <ele>2102.0</ele>
      </trkpt>
      <trkpt lat="34.98598" lon="-111.8266">
        <ele>2102.0</ele>
      </trkpt>
      <trkpt lat="34.98599" lon="-111.82655">
        <ele>2102.18</ele>
      </trkpt>
      <trkpt lat="34.986" lon="-111.82649">
        <ele>2102.73</ele>
      </trkpt>
      <trkpt lat="34.98601" lon="-111.82644">
        <ele>2102.91</ele>
      </trkpt>
      <trkpt lat="34.98602" lon="-111.82638">
        <ele>2103.0</ele>
      </trkpt>
      <trkpt lat="34.98603" lon="-111.82632">
        <ele>2103.0</ele>
      </trkpt>
      <trkpt lat="34.98605" lon="-111.82626">
        <ele>2103.0</ele>
      </trkpt>
      <trkpt lat="34.98607" lon="-111.82621">
        <ele>2103.0</ele>
      </trkpt>
      <trkpt lat="34.98608" lon="-111.82617">
        <ele>2103.0</ele>
      </trkpt>
      <trkpt lat="34.98609" lon="-111.82613">
        <ele>2103.0</ele>
      </trkpt>
      <trkpt lat="34.9861" lon="-111.82608">
        <ele>2103.0</ele>
      </trkpt>
      <trkpt lat="34.98611" lon="-111.82601">
        <ele>2103.0</ele>
      </trkpt>
      <trkpt lat="34.98612" lon="-111.82594">
        <ele>2103.0</ele>
      </trkpt>
      <trkpt lat="34.98613" lon="-111.82589">
        <ele>2103.0</ele>
      </trkpt>
      <trkpt lat="34.98614" lon="-111.82583">
        <ele>2103.0</ele>
      </trkpt>
      <trkpt lat="34.98615" lon="-111.82576">
        <ele>2103.0</ele>
      </trkpt>
      <trkpt lat="34.98616" lon="-111.82569">
        <ele>2103.0</ele>
      </trkpt>
      <trkpt lat="34.98616" lon="-111.82563">
        <ele>2103.09</ele>
      </trkpt>
      <trkpt lat="34.98616" lon="-111.82556">
        <ele>2103.45</ele>
      </trkpt>
      <trkpt lat="34.98616" lon="-111.82549">
        <ele>2103.85</ele>
      </trkpt>
      <trkpt lat="34.98615" lon="-111.82543">
        <ele>2104.0</ele>
      </trkpt>
      <trkpt lat="34.98613" lon="-111.82535">
        <ele>2104.0</ele>
      </trkpt>
      <trkpt lat="34.98612" lon="-111.82528">
        <ele>2104.0</ele>
      </trkpt>
      <trkpt lat="34.9861" lon="-111.82521">
        <ele>2104.0</ele>
      </trkpt>
      <trkpt lat="34.98608" lon="-111.82513">
        <ele>2104.6</ele>
      </trkpt>
      <trkpt lat="34.98606" lon="-111.82507">
        <ele>2105.0</ele>
      </trkpt>
      <trkpt lat="34.98604" lon="-111.825">
        <ele>2105.0</ele>
      </trkpt>
      <trkpt lat="34.98603" lon="-111.82494">
        <ele>2105.0</ele>
      </trkpt>
      <trkpt lat="34.98602" lon="-111.82487">
        <ele>2105.0</ele>
      </trkpt>
      <trkpt lat="34.98601" lon="-111.82482">
        <ele>2105.09</ele>
      </trkpt>
      <trkpt lat="34.98601" lon="-111.82476">
        <ele>2105.63</ele>
      </trkpt>
      <trkpt lat="34.986" lon="-111.8247">
        <ele>2106.0</ele>
      </trkpt>
      <trkpt lat="34.986" lon="-111.82465">
        <ele>2106.0</ele>
      </trkpt>
      <trkpt lat="34.986" lon="-111.8246">
        <ele>2106.06</ele>
      </trkpt>
      <trkpt lat="34.986" lon="-111.82455">
        <ele>2106.17</ele>
      </trkpt>
      <trkpt lat="34.98602" lon="-111.82446">
        <ele>2106.0</ele>
      </trkpt>
      <trkpt lat="34.98602" lon="-111.82438">
        <ele>2106.0</ele>
      </trkpt>
      <trkpt lat="34.98603" lon="-111.82433">
        <ele>2106.21</ele>
      </trkpt>
      <trkpt lat="34.98603" lon="-111.82428">
        <ele>2106.68</ele>
      </trkpt>
      <trkpt lat="34.98603" lon="-111.82424">
        <ele>2106.88</ele>
      </trkpt>
      <trkpt lat="34.98603" lon="-111.8242">
        <ele>2106.88</ele>
      </trkpt>
      <trkpt lat="34.98602" lon="-111.82416">
        <ele>2106.98</ele>
      </trkpt>
      <trkpt lat="34.98602" lon="-111.82412">
        <ele>2106.98</ele>
      </trkpt>
      <trkpt lat="34.98602" lon="-111.82408">
        <ele>2106.98</ele>
      </trkpt>
      <trkpt lat="34.98602" lon="-111.82405">
        <ele>2106.98</ele>
      </trkpt>
      <trkpt lat="34.98602" lon="-111.824">
        <ele>2106.98</ele>
      </trkpt>
      <trkpt lat="34.98602" lon="-111.82396">
        <ele>2106.76</ele>
      </trkpt>
      <trkpt lat="34.98601" lon="-111.8239">
        <ele>2106.2</ele>
      </trkpt>
      <trkpt lat="34.986" lon="-111.82385">
        <ele>2106.2</ele>
      </trkpt>
      <trkpt lat="34.98599" lon="-111.82379">
        <ele>2106.29</ele>
      </trkpt>
      <trkpt lat="34.98598" lon="-111.82373">
        <ele>2106.12</ele>
      </trkpt>
      <trkpt lat="34.98598" lon="-111.82367">
        <ele>2106.0</ele>
      </trkpt>
      <trkpt lat="34.98596" lon="-111.82362">
        <ele>2106.0</ele>
      </trkpt>
      <trkpt lat="34.98595" lon="-111.82356">
        <ele>2105.86</ele>
      </trkpt>
      <trkpt lat="34.98594" lon="-111.82352">
        <ele>2105.85</ele>
      </trkpt>
      <trkpt lat="34.98594" lon="-111.82348">
        <ele>2105.5</ele>
      </trkpt>
      <trkpt lat="34.98593" lon="-111.82344">
        <ele>2105.15</ele>
      </trkpt>
      <trkpt lat="34.98592" lon="-111.82339">
        <ele>2105.04</ele>
      </trkpt>
      <trkpt lat="34.98591" lon="-111.82334">
        <ele>2105.01</ele>
      </trkpt>
      <trkpt lat="34.98589" lon="-111.82329">
        <ele>2104.71</ele>
      </trkpt>
      <trkpt lat="34.98587" lon="-111.82324">
        <ele>2104.6</ele>
      </trkpt>
      <trkpt lat="34.98585" lon="-111.82319">
        <ele>2104.37</ele>
      </trkpt>
      <trkpt lat="34.98582" lon="-111.82313">
        <ele>2104.0</ele>
      </trkpt>
      <trkpt lat="34.98579" lon="-111.82307">
        <ele>2104.0</ele>
      </trkpt>
      <trkpt lat="34.98576" lon="-111.82301">
        <ele>2103.51</ele>
      </trkpt>
      <trkpt lat="34.98573" lon="-111.82295">
        <ele>2102.88</ele>
      </trkpt>
      <trkpt lat="34.98571" lon="-111.8229">
        <ele>2102.55</ele>
      </trkpt>
      <trkpt lat="34.98568" lon="-111.82284">
        <ele>2102.33</ele>
      </trkpt>
      <trkpt lat="34.98564" lon="-111.82279">
        <ele>2102.13</ele>
      </trkpt>
      <trkpt lat="34.9856" lon="-111.82275">
        <ele>2101.7</ele>
      </trkpt>
      <trkpt lat="34.98557" lon="-111.82271">
        <ele>2101.27</ele>
      </trkpt>
      <trkpt lat="34.98554" lon="-111.82267">
        <ele>2101.0</ele>
      </trkpt>
      <trkpt lat="34.9855" lon="-111.82263">
        <ele>2101.0</ele>
      </trkpt>
      <trkpt lat="34.98546" lon="-111.82259">
        <ele>2100.97</ele>
      </trkpt>
      <trkpt lat="34.98542" lon="-111.82255">
        <ele>2100.54</ele>
      </trkpt>
      <trkpt lat="34.98539" lon="-111.8225">
        <ele>2100.0</ele>
      </trkpt>
      <trkpt lat="34.98535" lon="-111.82247">
        <ele>2100.15</ele>
      </trkpt>
      <trkpt lat="34.98532" lon="-111.82243">
        <ele>2100.13</ele>
      </trkpt>
      <trkpt lat="34.9853" lon="-111.8224">
        <ele>2099.92</ele>
      </trkpt>
      <trkpt lat="34.98527" lon="-111.82236">
        <ele>2099.53</ele>
      </trkpt>
      <trkpt lat="34.98525" lon="-111.82232">
        <ele>2099.34</ele>
      </trkpt>
      <trkpt lat="34.98523" lon="-111.82228">
        <ele>2099.32</ele>
      </trkpt>
      <trkpt lat="34.9852" lon="-111.82224">
        <ele>2099.16</ele>
      </trkpt>
      <trkpt lat="34.98516" lon="-111.82219">
        <ele>2099.18</ele>
      </trkpt>
      <trkpt lat="34.98513" lon="-111.82215">
        <ele>2099.13</ele>
      </trkpt>
      <trkpt lat="34.9851" lon="-111.82212">
        <ele>2099.0</ele>
      </trkpt>
      <trkpt lat="34.98508" lon="-111.82206">
        <ele>2099.03</ele>
      </trkpt>
      <trkpt lat="34.98507" lon="-111.82202">
        <ele>2099.0</ele>
      </trkpt>
      <trkpt lat="34.98505" lon="-111.82197">
        <ele>2099.0</ele>
      </trkpt>
      <trkpt lat="34.98504" lon="-111.8219">
        <ele>2099.0</ele>
      </trkpt>
      <trkpt lat="34.98503" lon="-111.82182">
        <ele>2099.0</ele>
      </trkpt>
      <trkpt lat="34.98503" lon="-111.82176">
        <ele>2099.0</ele>
      </trkpt>
      <trkpt lat="34.98503" lon="-111.8217">
        <ele>2099.0</ele>
      </trkpt>
      <trkpt lat="34.98504" lon="-111.82161">
        <ele>2099.0</ele>
      </trkpt>
      <trkpt lat="34.98506" lon="-111.82152">
        <ele>2099.21</ele>
      </trkpt>
      <trkpt lat="34.98508" lon="-111.82144">
        <ele>2099.52</ele>
      </trkpt>
      <trkpt lat="34.98511" lon="-111.82135">
        <ele>2099.89</ele>
      </trkpt>
      <trkpt lat="34.98514" lon="-111.82126">
        <ele>2100.19</ele>
      </trkpt>
      <trkpt lat="34.98515" lon="-111.82117">
        <ele>2100.61</ele>
      </trkpt>
      <trkpt lat="34.98516" lon="-111.82108">
        <ele>2101.09</ele>
      </trkpt>
      <trkpt lat="34.98516" lon="-111.82099">
        <ele>2101.5</ele>
      </trkpt>
      <trkpt lat="34.98517" lon="-111.82091">
        <ele>2102.17</ele>
      </trkpt>
      <trkpt lat="34.98517" lon="-111.8208">
        <ele>2103.36</ele>
      </trkpt>
      <trkpt lat="34.98517" lon="-111.82071">
        <ele>2104.05</ele>
      </trkpt>
      <trkpt lat="34.98517" lon="-111.82063">
        <ele>2104.33</ele>
      </trkpt>
      <trkpt lat="34.98517" lon="-111.82057">
        <ele>2104.87</ele>
      </trkpt>
      <trkpt lat="34.98517" lon="-111.82052">
        <ele>2105.38</ele>
      </trkpt>
      <trkpt lat="34.98517" lon="-111.82048">
        <ele>2105.82</ele>
      </trkpt>
      <trkpt lat="34.98516" lon="-111.82041">
        <ele>2106.16</ele>
      </trkpt>
      <trkpt lat="34.98515" lon="-111.82038">
        <ele>2106.34</ele>
      </trkpt>
      <trkpt lat="34.98514" lon="-111.82033">
        <ele>2106.71</ele>
      </trkpt>
      <trkpt lat="34.98512" lon="-111.82028">
        <ele>2106.99</ele>
      </trkpt>
      <trkpt lat="34.9851" lon="-111.82024">
        <ele>2107.38</ele>
      </trkpt>
      <trkpt lat="34.9851" lon="-111.8202">
        <ele>2107.77</ele>
      </trkpt>
      <trkpt lat="34.98509" lon="-111.82015">
        <ele>2108.03</ele>
      </trkpt>
      <trkpt lat="34.98509" lon="-111.82011">
        <ele>2108.03</ele>
      </trkpt>
      <trkpt lat="34.98509" lon="-111.82003">
        <ele>2108.7</ele>
      </trkpt>
      <trkpt lat="34.9851" lon="-111.81997">
        <ele>2108.92</ele>
      </trkpt>
      <trkpt lat="34.9851" lon="-111.81992">
        <ele>2108.92</ele>
      </trkpt>
      <trkpt lat="34.98511" lon="-111.81986">
        <ele>2108.91</ele>
      </trkpt>
      <trkpt lat="34.98512" lon="-111.8198">
        <ele>2109.0</ele>
      </trkpt>
      <trkpt lat="34.98513" lon="-111.81973">
        <ele>2109.0</ele>
      </trkpt>
      <trkpt lat="34.98514" lon="-111.81969">
        <ele>2109.0</ele>
      </trkpt>
      <trkpt lat="34.98515" lon="-111.81962">
        <ele>2108.94</ele>
      </trkpt>
      <trkpt lat="34.98518" lon="-111.81957">
        <ele>2108.39</ele>
      </trkpt>
      <trkpt lat="34.98522" lon="-111.8195">
        <ele>2108.0</ele>
      </trkpt>
      <trkpt lat="34.98526" lon="-111.81944">
        <ele>2108.0</ele>
      </trkpt>
      <trkpt lat="34.98529" lon="-111.81939">
        <ele>2107.87</ele>
      </trkpt>
      <trkpt lat="34.98532" lon="-111.81933">
        <ele>2107.42</ele>
      </trkpt>
      <trkpt lat="34.98533" lon="-111.81925">
        <ele>2106.94</ele>
      </trkpt>
      <trkpt lat="34.98533" lon="-111.81917">
        <ele>2106.46</ele>
      </trkpt>
      <trkpt lat="34.98533" lon="-111.81911">
        <ele>2106.44</ele>
      </trkpt>
      <trkpt lat="34.98533" lon="-111.81904">
        <ele>2106.28</ele>
      </trkpt>
      <trkpt lat="34.9853" lon="-111.81899">
        <ele>2106.07</ele>
      </trkpt>
      <trkpt lat="34.98527" lon="-111.81893">
        <ele>2106.04</ele>
      </trkpt>
      <trkpt lat="34.98522" lon="-111.81887">
        <ele>2106.0</ele>
      </trkpt>
      <trkpt lat="34.98518" lon="-111.81882">
        <ele>2106.0</ele>
      </trkpt>
      <trkpt lat="34.98514" lon="-111.81877">
        <ele>2106.0</ele>
      </trkpt>
      <trkpt lat="34.9851" lon="-111.81872">
        <ele>2106.0</ele>
      </trkpt>
      <trkpt lat="34.98506" lon="-111.81867">
        <ele>2105.76</ele>
      </trkpt>
      <trkpt lat="34.98502" lon="-111.81863">
        <ele>2105.83</ele>
      </trkpt>
      <trkpt lat="34.98498" lon="-111.81858">
        <ele>2105.66</ele>
      </trkpt>
      <trkpt lat="34.98494" lon="-111.81854">
        <ele>2105.23</ele>
      </trkpt>
      <trkpt lat="34.98489" lon="-111.81849">
        <ele>2105.0</ele>
      </trkpt>
      <trkpt lat="34.98484" lon="-111.81844">
        <ele>2105.0</ele>
      </trkpt>
      <trkpt lat="34.9848" lon="-111.81838">
        <ele>2105.0</ele>
      </trkpt>
      <trkpt lat="34.98477" lon="-111.81832">
        <ele>2104.86</ele>
      </trkpt>
      <trkpt lat="34.98474" lon="-111.81826">
        <ele>2104.21</ele>
      </trkpt>
      <trkpt lat="34.9847" lon="-111.8182">
        <ele>2104.0</ele>
      </trkpt>
      <trkpt lat="34.98467" lon="-111.81815">
        <ele>2104.0</ele>
      </trkpt>
      <trkpt lat="34.98463" lon="-111.81809">
        <ele>2104.0</ele>
      </trkpt>
      <trkpt lat="34.98458" lon="-111.81803">
        <ele>2104.0</ele>
      </trkpt>
      <trkpt lat="34.98453" lon="-111.81798">
        <ele>2104.0</ele>
      </trkpt>
      <trkpt lat="34.98448" lon="-111.81794">
        <ele>2104.0</ele>
      </trkpt>
      <trkpt lat="34.98443" lon="-111.8179">
        <ele>2104.0</ele>
      </trkpt>
      <trkpt lat="34.98437" lon="-111.81784">
        <ele>2104.0</ele>
      </trkpt>
      <trkpt lat="34.98433" lon="-111.81778">
        <ele>2104.0</ele>
      </trkpt>
      <trkpt lat="34.98429" lon="-111.81771">
        <ele>2104.0</ele>
      </trkpt>
      <trkpt lat="34.98426" lon="-111.81765">
        <ele>2104.0</ele>
      </trkpt>
      <trkpt lat="34.98424" lon="-111.81759">
        <ele>2104.0</ele>
      </trkpt>
      <trkpt lat="34.98422" lon="-111.81753">
        <ele>2104.0</ele>
      </trkpt>
      <trkpt lat="34.98421" lon="-111.81746">
        <ele>2104.0</ele>
      </trkpt>
      <trkpt lat="34.98419" lon="-111.81738">
        <ele>2104.0</ele>
      </trkpt>
      <trkpt lat="34.98419" lon="-111.81732">
        <ele>2104.0</ele>
      </trkpt>
      <trkpt lat="34.98418" lon="-111.81723">
        <ele>2104.0</ele>
      </trkpt>
      <trkpt lat="34.98418" lon="-111.81716">
        <ele>2104.0</ele>
      </trkpt>
      <trkpt lat="34.98419" lon="-111.81707">
        <ele>2104.0</ele>
      </trkpt>
      <trkpt lat="34.98419" lon="-111.81699">
        <ele>2104.0</ele>
      </trkpt>
      <trkpt lat="34.9842" lon="-111.81692">
        <ele>2104.0</ele>
      </trkpt>
      <trkpt lat="34.9842" lon="-111.81684">
        <ele>2104.0</ele>
      </trkpt>
      <trkpt lat="34.9842" lon="-111.81677">
        <ele>2104.0</ele>
      </trkpt>
      <trkpt lat="34.9842" lon="-111.81669">
        <ele>2104.0</ele>
      </trkpt>
      <trkpt lat="34.9842" lon="-111.81662">
        <ele>2104.0</ele>
      </trkpt>
      <trkpt lat="34.9842" lon="-111.81656">
        <ele>2103.95</ele>
      </trkpt>
      <trkpt lat="34.9842" lon="-111.81648">
        <ele>2103.64</ele>
      </trkpt>
      <trkpt lat="34.9842" lon="-111.8164">
        <ele>2103.64</ele>
      </trkpt>
      <trkpt lat="34.9842" lon="-111.81633">
        <ele>2103.64</ele>
      </trkpt>
      <trkpt lat="34.9842" lon="-111.81624">
        <ele>2103.25</ele>
      </trkpt>
      <trkpt lat="34.98421" lon="-111.81618">
        <ele>2103.0</ele>
      </trkpt>
      <trkpt lat="34.98421" lon="-111.81612">
        <ele>2103.0</ele>
      </trkpt>
      <trkpt lat="34.98422" lon="-111.81605">
        <ele>2103.0</ele>
      </trkpt>
      <trkpt lat="34.98422" lon="-111.81597">
        <ele>2103.0</ele>
      </trkpt>
      <trkpt lat="34.98423" lon="-111.8159">
        <ele>2102.81</ele>
      </trkpt>
      <trkpt lat="34.98423" lon="-111.81585">
        <ele>2102.44</ele>
      </trkpt>
      <trkpt lat="34.98423" lon="-111.8158">
        <ele>2102.32</ele>
      </trkpt>
      <trkpt lat="34.98423" lon="-111.81576">
        <ele>2102.32</ele>
      </trkpt>
      <trkpt lat="34.98423" lon="-111.81571">
        <ele>2102.21</ele>
      </trkpt>
      <trkpt lat="34.98423" lon="-111.81566">
        <ele>2102.04</ele>
      </trkpt>
      <trkpt lat="34.98423" lon="-111.8156">
        <ele>2102.0</ele>
      </trkpt>
      <trkpt lat="34.98424" lon="-111.8155">
        <ele>2102.0</ele>
      </trkpt>
      <trkpt lat="34.98424" lon="-111.81544">
        <ele>2102.05</ele>
      </trkpt>
      <trkpt lat="34.98425" lon="-111.81537">
        <ele>2102.1</ele>
      </trkpt>
      <trkpt lat="34.98427" lon="-111.8153">
        <ele>2102.0</ele>
      </trkpt>
      <trkpt lat="34.98427" lon="-111.81521">
        <ele>2102.65</ele>
      </trkpt>
      <trkpt lat="34.98429" lon="-111.81513">
        <ele>2102.67</ele>
      </trkpt>
      <trkpt lat="34.98431" lon="-111.81507">
        <ele>2102.59</ele>
      </trkpt>
      <trkpt lat="34.98433" lon="-111.815">
        <ele>2103.0</ele>
      </trkpt>
      <trkpt lat="34.98436" lon="-111.81493">
        <ele>2102.98</ele>
      </trkpt>
      <trkpt lat="34.98439" lon="-111.81486">
        <ele>2103.0</ele>
      </trkpt>
      <trkpt lat="34.98441" lon="-111.81479">
        <ele>2103.0</ele>
      </trkpt>
      <trkpt lat="34.98443" lon="-111.81474">
        <ele>2103.0</ele>
      </trkpt>
      <trkpt lat="34.98445" lon="-111.81467">
        <ele>2103.0</ele>
      </trkpt>
      <trkpt lat="34.98447" lon="-111.81461">
        <ele>2103.21</ele>
      </trkpt>
      <trkpt lat="34.98448" lon="-111.81457">
        <ele>2103.64</ele>
      </trkpt>
      <trkpt lat="34.9845" lon="-111.81453">
        <ele>2104.0</ele>
      </trkpt>
      <trkpt lat="34.9845" lon="-111.81449">
        <ele>2104.0</ele>
      </trkpt>
      <trkpt lat="34.98449" lon="-111.81446">
        <ele>2104.0</ele>
      </trkpt>
      <trkpt lat="34.98445" lon="-111.81444">
        <ele>2104.0</ele>
      </trkpt>
      <trkpt lat="34.98443" lon="-111.81442">
        <ele>2104.0</ele>
      </trkpt>
      <trkpt lat="34.98445" lon="-111.81438">
        <ele>2104.0</ele>
      </trkpt>
      <trkpt lat="34.98449" lon="-111.81434">
        <ele>2104.0</ele>
      </trkpt>
      <trkpt lat="34.98452" lon="-111.81429">
        <ele>2104.0</ele>
      </trkpt>
      <trkpt lat="34.98454" lon="-111.81425">
        <ele>2104.0</ele>
      </trkpt>
      <trkpt lat="34.98457" lon="-111.81419">
        <ele>2104.0</ele>
      </trkpt>
      <trkpt lat="34.98459" lon="-111.81414">
        <ele>2104.0</ele>
      </trkpt>
      <trkpt lat="34.9846" lon="-111.8141">
        <ele>2104.0</ele>
      </trkpt>
      <trkpt lat="34.98462" lon="-111.81404">
        <ele>2104.0</ele>
      </trkpt>
      <trkpt lat="34.98465" lon="-111.81399">
        <ele>2104.0</ele>
      </trkpt>
      <trkpt lat="34.98467" lon="-111.81393">
        <ele>2104.0</ele>
      </trkpt>
      <trkpt lat="34.98468" lon="-111.81388">
        <ele>2104.0</ele>
      </trkpt>
      <trkpt lat="34.9847" lon="-111.81383">
        <ele>2104.0</ele>
      </trkpt>
      <trkpt lat="34.98471" lon="-111.81377">
        <ele>2104.0</ele>
      </trkpt>
      <trkpt lat="34.98472" lon="-111.81371">
        <ele>2104.0</ele>
      </trkpt>
      <trkpt lat="34.98472" lon="-111.81364">
        <ele>2104.0</ele>
      </trkpt>
      <trkpt lat="34.98473" lon="-111.81359">
        <ele>2104.0</ele>
      </trkpt>
      <trkpt lat="34.98474" lon="-111.81352">
        <ele>2104.0</ele>
      </trkpt>
      <trkpt lat="34.98475" lon="-111.81347">
        <ele>2104.0</ele>
      </trkpt>
      <trkpt lat="34.98476" lon="-111.81341">
        <ele>2104.0</ele>
      </trkpt>
      <trkpt lat="34.98476" lon="-111.81337">
        <ele>2104.0</ele>
      </trkpt>
      <trkpt lat="34.98477" lon="-111.81331">
        <ele>2104.0</ele>
      </trkpt>
      <trkpt lat="34.98478" lon="-111.81326">
        <ele>2104.0</ele>
      </trkpt>
      <trkpt lat="34.98479" lon="-111.8132">
        <ele>2104.0</ele>
      </trkpt>
      <trkpt lat="34.9848" lon="-111.81315">
        <ele>2104.0</ele>
      </trkpt>
      <trkpt lat="34.98481" lon="-111.81309">
        <ele>2104.0</ele>
      </trkpt>
      <trkpt lat="34.98483" lon="-111.81303">
        <ele>2104.0</ele>
      </trkpt>
      <trkpt lat="34.98484" lon="-111.81298">
        <ele>2104.0</ele>
      </trkpt>
      <trkpt lat="34.98485" lon="-111.81293">
        <ele>2104.0</ele>
      </trkpt>
      <trkpt lat="34.98485" lon="-111.81288">
        <ele>2104.0</ele>
      </trkpt>
      <trkpt lat="34.98486" lon="-111.81284">
        <ele>2104.0</ele>
      </trkpt>
      <trkpt lat="34.98486" lon="-111.8128">
        <ele>2104.0</ele>
      </trkpt>
      <trkpt lat="34.98487" lon="-111.81276">
        <ele>2104.0</ele>
      </trkpt>
      <trkpt lat="34.98487" lon="-111.81272">
        <ele>2104.0</ele>
      </trkpt>
      <trkpt lat="34.98487" lon="-111.81268">
        <ele>2103.97</ele>
      </trkpt>
      <trkpt lat="34.98488" lon="-111.81263">
        <ele>2103.58</ele>
      </trkpt>
      <trkpt lat="34.98488" lon="-111.81257">
        <ele>2103.22</ele>
      </trkpt>
      <trkpt lat="34.98487" lon="-111.81253">
        <ele>2103.13</ele>
      </trkpt>
      <trkpt lat="34.98487" lon="-111.81248">
        <ele>2103.0</ele>
      </trkpt>
      <trkpt lat="34.98486" lon="-111.81243">
        <ele>2103.0</ele>
      </trkpt>
      <trkpt lat="34.98485" lon="-111.81238">
        <ele>2103.0</ele>
      </trkpt>
      <trkpt lat="34.98484" lon="-111.81234">
        <ele>2103.0</ele>
      </trkpt>
      <trkpt lat="34.98483" lon="-111.81229">
        <ele>2103.0</ele>
      </trkpt>
      <trkpt lat="34.98482" lon="-111.81224">
        <ele>2103.0</ele>
      </trkpt>
      <trkpt lat="34.9848" lon="-111.81218">
        <ele>2103.0</ele>
      </trkpt>
      <trkpt lat="34.98478" lon="-111.81213">
        <ele>2103.0</ele>
      </trkpt>
      <trkpt lat="34.98476" lon="-111.81208">
        <ele>2102.78</ele>
      </trkpt>
      <trkpt lat="34.98473" lon="-111.81202">
        <ele>2102.75</ele>
      </trkpt>
      <trkpt lat="34.9847" lon="-111.81197">
        <ele>2102.45</ele>
      </trkpt>
      <trkpt lat="34.98467" lon="-111.81191">
        <ele>2102.56</ele>
      </trkpt>
      <trkpt lat="34.98465" lon="-111.81183">
        <ele>2102.78</ele>
      </trkpt>
      <trkpt lat="34.98462" lon="-111.81177">
        <ele>2103.0</ele>
      </trkpt>
      <trkpt lat="34.9846" lon="-111.8117">
        <ele>2102.56</ele>
      </trkpt>
      <trkpt lat="34.98457" lon="-111.81163">
        <ele>2102.39</ele>
      </trkpt>
      <trkpt lat="34.98455" lon="-111.81155">
        <ele>2102.0</ele>
      </trkpt>
      <trkpt lat="34.98453" lon="-111.81148">
        <ele>2102.07</ele>
      </trkpt>
      <trkpt lat="34.98453" lon="-111.81142">
        <ele>2102.03</ele>
      </trkpt>
      <trkpt lat="34.98453" lon="-111.81133">
        <ele>2102.0</ele>
      </trkpt>
      <trkpt lat="34.98453" lon="-111.81126">
        <ele>2102.0</ele>
      </trkpt>
      <trkpt lat="34.98455" lon="-111.81118">
        <ele>2101.64</ele>
      </trkpt>
      <trkpt lat="34.98457" lon="-111.8111">
        <ele>2101.0</ele>
      </trkpt>
      <trkpt lat="34.98461" lon="-111.81102">
        <ele>2101.0</ele>
      </trkpt>
      <trkpt lat="34.98464" lon="-111.81093">
        <ele>2100.89</ele>
      </trkpt>
      <trkpt lat="34.98467" lon="-111.81084">
        <ele>2100.04</ele>
      </trkpt>
      <trkpt lat="34.9847" lon="-111.81076">
        <ele>2100.0</ele>
      </trkpt>
      <trkpt lat="34.98474" lon="-111.81068">
        <ele>2099.28</ele>
      </trkpt>
      <trkpt lat="34.98476" lon="-111.8106">
        <ele>2099.0</ele>
      </trkpt>
      <trkpt lat="34.98479" lon="-111.81052">
        <ele>2099.0</ele>
      </trkpt>
      <trkpt lat="34.98481" lon="-111.81044">
        <ele>2099.0</ele>
      </trkpt>
      <trkpt lat="34.98483" lon="-111.81037">
        <ele>2098.84</ele>
      </trkpt>
      <trkpt lat="34.98486" lon="-111.81029">
        <ele>2098.51</ele>
      </trkpt>
      <trkpt lat="34.98488" lon="-111.8102">
        <ele>2098.05</ele>
      </trkpt>
      <trkpt lat="34.98489" lon="-111.81011">
        <ele>2098.0</ele>
      </trkpt>
      <trkpt lat="34.9849" lon="-111.81003">
        <ele>2098.0</ele>
      </trkpt>
      <trkpt lat="34.9849" lon="-111.80993">
        <ele>2098.0</ele>
      </trkpt>
      <trkpt lat="34.9849" lon="-111.80984">
        <ele>2098.0</ele>
      </trkpt>
      <trkpt lat="34.98489" lon="-111.80976">
        <ele>2098.0</ele>
      </trkpt>
      <trkpt lat="34.98488" lon="-111.80968">
        <ele>2098.0</ele>
      </trkpt>
      <trkpt lat="34.98486" lon="-111.80959">
        <ele>2098.0</ele>
      </trkpt>
      <trkpt lat="34.98482" lon="-111.80951">
        <ele>2098.0</ele>
      </trkpt>
      <trkpt lat="34.98478" lon="-111.80942">
        <ele>2098.0</ele>
      </trkpt>
      <trkpt lat="34.98474" lon="-111.80935">
        <ele>2098.0</ele>
      </trkpt>
      <trkpt lat="34.98472" lon="-111.80929">
        <ele>2098.0</ele>
      </trkpt>
      <trkpt lat="34.98469" lon="-111.80923">
        <ele>2097.68</ele>
      </trkpt>
      <trkpt lat="34.98467" lon="-111.80915">
        <ele>2097.0</ele>
      </trkpt>
      <trkpt lat="34.98465" lon="-111.80907">
        <ele>2096.99</ele>
      </trkpt>
      <trkpt lat="34.98462" lon="-111.80899">
        <ele>2097.0</ele>
      </trkpt>
      <trkpt lat="34.98461" lon="-111.80889">
        <ele>2096.01</ele>
      </trkpt>
      <trkpt lat="34.9846" lon="-111.8088">
        <ele>2096.0</ele>
      </trkpt>
      <trkpt lat="34.98459" lon="-111.8087">
        <ele>2095.0</ele>
      </trkpt>
      <trkpt lat="34.98459" lon="-111.80859">
        <ele>2095.0</ele>
      </trkpt>
      <trkpt lat="34.98459" lon="-111.80846">
        <ele>2094.64</ele>
      </trkpt>
      <trkpt lat="34.98459" lon="-111.80834">
        <ele>2094.03</ele>
      </trkpt>
      <trkpt lat="34.98459" lon="-111.80823">
        <ele>2094.0</ele>
      </trkpt>
      <trkpt lat="34.98458" lon="-111.80813">
        <ele>2094.0</ele>
      </trkpt>
      <trkpt lat="34.98458" lon="-111.80804">
        <ele>2093.92</ele>
      </trkpt>
      <trkpt lat="34.98459" lon="-111.80793">
        <ele>2093.63</ele>
      </trkpt>
      <trkpt lat="34.98459" lon="-111.80782">
        <ele>2093.69</ele>
      </trkpt>
      <trkpt lat="34.98461" lon="-111.80773">
        <ele>2093.21</ele>
      </trkpt>
      <trkpt lat="34.98463" lon="-111.80765">
        <ele>2093.0</ele>
      </trkpt>
      <trkpt lat="34.98465" lon="-111.80757">
        <ele>2093.0</ele>
      </trkpt>
      <trkpt lat="34.98468" lon="-111.8075">
        <ele>2093.0</ele>
      </trkpt>
      <trkpt lat="34.9847" lon="-111.80742">
        <ele>2093.0</ele>
      </trkpt>
      <trkpt lat="34.98471" lon="-111.80729">
        <ele>2093.13</ele>
      </trkpt>
      <trkpt lat="34.98472" lon="-111.8072">
        <ele>2093.02</ele>
      </trkpt>
      <trkpt lat="34.98473" lon="-111.8071">
        <ele>2093.0</ele>
      </trkpt>
      <trkpt lat="34.98475" lon="-111.807">
        <ele>2093.0</ele>
      </trkpt>
      <trkpt lat="34.98476" lon="-111.80691">
        <ele>2093.0</ele>
      </trkpt>
      <trkpt lat="34.98478" lon="-111.80681">
        <ele>2093.0</ele>
      </trkpt>
      <trkpt lat="34.9848" lon="-111.80673">
        <ele>2093.0</ele>
      </trkpt>
      <trkpt lat="34.98482" lon="-111.80664">
        <ele>2093.0</ele>
      </trkpt>
      <trkpt lat="34.98484" lon="-111.80656">
        <ele>2093.0</ele>
      </trkpt>
      <trkpt lat="34.98485" lon="-111.80647">
        <ele>2093.0</ele>
      </trkpt>
      <trkpt lat="34.98487" lon="-111.8064">
        <ele>2093.0</ele>
      </trkpt>
      <trkpt lat="34.98488" lon="-111.80631">
        <ele>2093.0</ele>
      </trkpt>
      <trkpt lat="34.9849" lon="-111.80621">
        <ele>2093.0</ele>
      </trkpt>
      <trkpt lat="34.98491" lon="-111.80612">
        <ele>2092.97</ele>
      </trkpt>
      <trkpt lat="34.98492" lon="-111.80604">
        <ele>2092.86</ele>
      </trkpt>
      <trkpt lat="34.98493" lon="-111.80596">
        <ele>2092.28</ele>
      </trkpt>
      <trkpt lat="34.98492" lon="-111.80588">
        <ele>2092.0</ele>
      </trkpt>
      <trkpt lat="34.98492" lon="-111.8058">
        <ele>2092.0</ele>
      </trkpt>
      <trkpt lat="34.9849" lon="-111.80574">
        <ele>2092.0</ele>
      </trkpt>
      <trkpt lat="34.98487" lon="-111.80568">
        <ele>2092.0</ele>
      </trkpt>
      <trkpt lat="34.98482" lon="-111.80564">
        <ele>2092.0</ele>
      </trkpt>
      <trkpt lat="34.98477" lon="-111.8056">
        <ele>2092.0</ele>
      </trkpt>
      <trkpt lat="34.98472" lon="-111.80557">
        <ele>2092.0</ele>
      </trkpt>
      <trkpt lat="34.98465" lon="-111.8055">
        <ele>2092.0</ele>
      </trkpt>
      <trkpt lat="34.98462" lon="-111.80543">
        <ele>2092.0</ele>
      </trkpt>
      <trkpt lat="34.98458" lon="-111.80536">
        <ele>2092.0</ele>
      </trkpt>
      <trkpt lat="34.98452" lon="-111.80531">
        <ele>2092.0</ele>
      </trkpt>
      <trkpt lat="34.98448" lon="-111.80526">
        <ele>2092.0</ele>
      </trkpt>
      <trkpt lat="34.98444" lon="-111.8052">
        <ele>2092.0</ele>
      </trkpt>
      <trkpt lat="34.98439" lon="-111.80514">
        <ele>2092.0</ele>
      </trkpt>
      <trkpt lat="34.98433" lon="-111.80507">
        <ele>2092.0</ele>
      </trkpt>
      <trkpt lat="34.98428" lon="-111.80503">
        <ele>2092.0</ele>
      </trkpt>
      <trkpt lat="34.98422" lon="-111.80498">
        <ele>2092.0</ele>
      </trkpt>
      <trkpt lat="34.98416" lon="-111.80494">
        <ele>2092.0</ele>
      </trkpt>
      <trkpt lat="34.98408" lon="-111.8049">
        <ele>2092.0</ele>
      </trkpt>
      <trkpt lat="34.98401" lon="-111.80486">
        <ele>2092.0</ele>
      </trkpt>
      <trkpt lat="34.98394" lon="-111.80481">
        <ele>2092.0</ele>
      </trkpt>
      <trkpt lat="34.98389" lon="-111.80475">
        <ele>2092.0</ele>
      </trkpt>
      <trkpt lat="34.98383" lon="-111.8047">
        <ele>2092.0</ele>
      </trkpt>
      <trkpt lat="34.98378" lon="-111.80464">
        <ele>2092.0</ele>
      </trkpt>
      <trkpt lat="34.98374" lon="-111.80457">
        <ele>2092.0</ele>
      </trkpt>
      <trkpt lat="34.98369" lon="-111.80449">
        <ele>2092.0</ele>
      </trkpt>
      <trkpt lat="34.98364" lon="-111.80439">
        <ele>2091.82</ele>
      </trkpt>
      <trkpt lat="34.98358" lon="-111.80431">
        <ele>2091.7</ele>
      </trkpt>
      <trkpt lat="34.98354" lon="-111.80422">
        <ele>2091.44</ele>
      </trkpt>
      <trkpt lat="34.9835" lon="-111.80413">
        <ele>2091.0</ele>
      </trkpt>
      <trkpt lat="34.98345" lon="-111.80405">
        <ele>2090.93</ele>
      </trkpt>
      <trkpt lat="34.98341" lon="-111.80397">
        <ele>2090.9</ele>
      </trkpt>
      <trkpt lat="34.98337" lon="-111.80388">
        <ele>2090.55</ele>
      </trkpt>
      <trkpt lat="34.98333" lon="-111.8038">
        <ele>2090.07</ele>
      </trkpt>
      <trkpt lat="34.98328" lon="-111.80373">
        <ele>2090.16</ele>
      </trkpt>
      <trkpt lat="34.98323" lon="-111.80365">
        <ele>2090.0</ele>
      </trkpt>
      <trkpt lat="34.98318" lon="-111.80358">
        <ele>2089.66</ele>
      </trkpt>
      <trkpt lat="34.98314" lon="-111.8035">
        <ele>2089.07</ele>
      </trkpt>
      <trkpt lat="34.98309" lon="-111.80343">
        <ele>2089.03</ele>
      </trkpt>
      <trkpt lat="34.98303" lon="-111.80336">
        <ele>2089.0</ele>
      </trkpt>
      <trkpt lat="34.98299" lon="-111.80328">
        <ele>2088.42</ele>
      </trkpt>
      <trkpt lat="34.98293" lon="-111.8032">
        <ele>2088.0</ele>
      </trkpt>
      <trkpt lat="34.98288" lon="-111.80312">
        <ele>2088.0</ele>
      </trkpt>
      <trkpt lat="34.98282" lon="-111.80304">
        <ele>2088.0</ele>
      </trkpt>
      <trkpt lat="34.98276" lon="-111.80297">
        <ele>2088.0</ele>
      </trkpt>
      <trkpt lat="34.98271" lon="-111.80291">
        <ele>2088.0</ele>
      </trkpt>
      <trkpt lat="34.98266" lon="-111.80286">
        <ele>2088.0</ele>
      </trkpt>
      <trkpt lat="34.98261" lon="-111.80279">
        <ele>2088.0</ele>
      </trkpt>
      <trkpt lat="34.98257" lon="-111.80273">
        <ele>2088.0</ele>
      </trkpt>
      <trkpt lat="34.98252" lon="-111.80266">
        <ele>2088.0</ele>
      </trkpt>
      <trkpt lat="34.98248" lon="-111.80259">
        <ele>2088.0</ele>
      </trkpt>
      <trkpt lat="34.98245" lon="-111.80252">
        <ele>2088.0</ele>
      </trkpt>
      <trkpt lat="34.98241" lon="-111.80245">
        <ele>2087.48</ele>
      </trkpt>
      <trkpt lat="34.98237" lon="-111.80236">
        <ele>2087.0</ele>
      </trkpt>
      <trkpt lat="34.98232" lon="-111.80226">
        <ele>2087.0</ele>
      </trkpt>
      <trkpt lat="34.98228" lon="-111.80216">
        <ele>2087.0</ele>
      </trkpt>
      <trkpt lat="34.98225" lon="-111.80208">
        <ele>2087.0</ele>
      </trkpt>
      <trkpt lat="34.98222" lon="-111.80198">
        <ele>2087.0</ele>
      </trkpt>
      <trkpt lat="34.9822" lon="-111.80189">
        <ele>2087.0</ele>
      </trkpt>
      <trkpt lat="34.98218" lon="-111.8018">
        <ele>2087.0</ele>
      </trkpt>
      <trkpt lat="34.98216" lon="-111.80171">
        <ele>2087.0</ele>
      </trkpt>
      <trkpt lat="34.98214" lon="-111.80162">
        <ele>2087.0</ele>
      </trkpt>
      <trkpt lat="34.98212" lon="-111.80153">
        <ele>2087.0</ele>
      </trkpt>
      <trkpt lat="34.98211" lon="-111.80144">
        <ele>2087.0</ele>
      </trkpt>
      <trkpt lat="34.98209" lon="-111.80135">
        <ele>2087.0</ele>
      </trkpt>
      <trkpt lat="34.98207" lon="-111.80125">
        <ele>2087.18</ele>
      </trkpt>
      <trkpt lat="34.98205" lon="-111.80116">
        <ele>2087.55</ele>
      </trkpt>
      <trkpt lat="34.98202" lon="-111.80107">
        <ele>2087.82</ele>
      </trkpt>
      <trkpt lat="34.98199" lon="-111.80098">
        <ele>2087.49</ele>
      </trkpt>
      <trkpt lat="34.98197" lon="-111.80087">
        <ele>2087.71</ele>
      </trkpt>
      <trkpt lat="34.98193" lon="-111.80078">
        <ele>2087.84</ele>
      </trkpt>
      <trkpt lat="34.98187" lon="-111.80068">
        <ele>2087.2</ele>
      </trkpt>
      <trkpt lat="34.98183" lon="-111.80059">
        <ele>2087.0</ele>
      </trkpt>
      <trkpt lat="34.98178" lon="-111.80051">
        <ele>2087.0</ele>
      </trkpt>
      <trkpt lat="34.98172" lon="-111.80043">
        <ele>2087.0</ele>
      </trkpt>
      <trkpt lat="34.98168" lon="-111.80035">
        <ele>2087.0</ele>
      </trkpt>
      <trkpt lat="34.98166" lon="-111.80025">
        <ele>2086.95</ele>
      </trkpt>
      <trkpt lat="34.98163" lon="-111.80016">
        <ele>2087.0</ele>
      </trkpt>
      <trkpt lat="34.98162" lon="-111.80009">
        <ele>2087.0</ele>
      </trkpt>
      <trkpt lat="34.98161" lon="-111.79999">
        <ele>2087.0</ele>
      </trkpt>
      <trkpt lat="34.9816" lon="-111.79992">
        <ele>2087.0</ele>
      </trkpt>
      <trkpt lat="34.9816" lon="-111.79986">
        <ele>2087.0</ele>
      </trkpt>
      <trkpt lat="34.9816" lon="-111.79982">
        <ele>2087.0</ele>
      </trkpt>
      <trkpt lat="34.98159" lon="-111.79978">
        <ele>2086.69</ele>
      </trkpt>
      <trkpt lat="34.98159" lon="-111.79971">
        <ele>2086.15</ele>
      </trkpt>
      <trkpt lat="34.98159" lon="-111.79963">
        <ele>2086.0</ele>
      </trkpt>
      <trkpt lat="34.9816" lon="-111.79954">
        <ele>2086.0</ele>
      </trkpt>
      <trkpt lat="34.9816" lon="-111.79945">
        <ele>2086.0</ele>
      </trkpt>
      <trkpt lat="34.9816" lon="-111.79937">
        <ele>2086.0</ele>
      </trkpt>
      <trkpt lat="34.98161" lon="-111.79928">
        <ele>2086.0</ele>
      </trkpt>
      <trkpt lat="34.98162" lon="-111.79919">
        <ele>2086.0</ele>
      </trkpt>
      <trkpt lat="34.98162" lon="-111.7991">
        <ele>2086.0</ele>
      </trkpt>
      <trkpt lat="34.98163" lon="-111.79903">
        <ele>2086.0</ele>
      </trkpt>
      <trkpt lat="34.98163" lon="-111.79897">
        <ele>2086.0</ele>
      </trkpt>
      <trkpt lat="34.98164" lon="-111.79893">
        <ele>2086.0</ele>
      </trkpt>
      <trkpt lat="34.98165" lon="-111.7989">
        <ele>2086.0</ele>
      </trkpt>
      <trkpt lat="34.98168" lon="-111.79888">
        <ele>2086.0</ele>
      </trkpt>
      <trkpt lat="34.98172" lon="-111.79887">
        <ele>2086.0</ele>
      </trkpt>
      <trkpt lat="34.98172" lon="-111.79883">
        <ele>2086.0</ele>
      </trkpt>
      <trkpt lat="34.98171" lon="-111.79877">
        <ele>2086.0</ele>
      </trkpt>
      <trkpt lat="34.9817" lon="-111.79869">
        <ele>2086.0</ele>
      </trkpt>
      <trkpt lat="34.98168" lon="-111.7986">
        <ele>2086.0</ele>
      </trkpt>
      <trkpt lat="34.98167" lon="-111.79851">
        <ele>2086.0</ele>
      </trkpt>
      <trkpt lat="34.98166" lon="-111.79843">
        <ele>2086.0</ele>
      </trkpt>
      <trkpt lat="34.98164" lon="-111.79835">
        <ele>2086.0</ele>
      </trkpt>
      <trkpt lat="34.98163" lon="-111.79827">
        <ele>2086.0</ele>
      </trkpt>
      <trkpt lat="34.98162" lon="-111.79819">
        <ele>2086.0</ele>
      </trkpt>
      <trkpt lat="34.98161" lon="-111.79812">
        <ele>2086.0</ele>
      </trkpt>
      <trkpt lat="34.9816" lon="-111.79806">
        <ele>2086.0</ele>
      </trkpt>
      <trkpt lat="34.9816" lon="-111.79802">
        <ele>2086.0</ele>
      </trkpt>
      <trkpt lat="34.98159" lon="-111.79798">
        <ele>2086.0</ele>
      </trkpt>
      <trkpt lat="34.98156" lon="-111.79792">
        <ele>2086.0</ele>
      </trkpt>
      <trkpt lat="34.98154" lon="-111.79787">
        <ele>2086.0</ele>
      </trkpt>
      <trkpt lat="34.98153" lon="-111.79784">
        <ele>2086.0</ele>
      </trkpt>
      <trkpt lat="34.98152" lon="-111.7978">
        <ele>2086.0</ele>
      </trkpt>
      <trkpt lat="34.98152" lon="-111.79774">
        <ele>2085.59</ele>
      </trkpt>
      <trkpt lat="34.98151" lon="-111.79768">
        <ele>2085.0</ele>
      </trkpt>
      <trkpt lat="34.98151" lon="-111.79763">
        <ele>2085.0</ele>
      </trkpt>
      <trkpt lat="34.9815" lon="-111.79758">
        <ele>2085.0</ele>
      </trkpt>
      <trkpt lat="34.9815" lon="-111.79753">
        <ele>2085.0</ele>
      </trkpt>
      <trkpt lat="34.9815" lon="-111.79748">
        <ele>2085.0</ele>
      </trkpt>
      <trkpt lat="34.98149" lon="-111.79742">
        <ele>2085.0</ele>
      </trkpt>
      <trkpt lat="34.98149" lon="-111.79734">
        <ele>2084.93</ele>
      </trkpt>
      <trkpt lat="34.98149" lon="-111.79726">
        <ele>2084.91</ele>
      </trkpt>
      <trkpt lat="34.98149" lon="-111.79718">
        <ele>2084.49</ele>
      </trkpt>
      <trkpt lat="34.98149" lon="-111.7971">
        <ele>2084.0</ele>
      </trkpt>
      <trkpt lat="34.98149" lon="-111.797">
        <ele>2084.0</ele>
      </trkpt>
      <trkpt lat="34.9815" lon="-111.79691">
        <ele>2083.93</ele>
      </trkpt>
      <trkpt lat="34.98151" lon="-111.79682">
        <ele>2083.69</ele>
      </trkpt>
      <trkpt lat="34.98152" lon="-111.79672">
        <ele>2083.58</ele>
      </trkpt>
      <trkpt lat="34.98153" lon="-111.7966">
        <ele>2083.48</ele>
      </trkpt>
      <trkpt lat="34.98154" lon="-111.79649">
        <ele>2083.37</ele>
      </trkpt>
      <trkpt lat="34.98155" lon="-111.79638">
        <ele>2083.26</ele>
      </trkpt>
      <trkpt lat="34.98156" lon="-111.79628">
        <ele>2083.15</ele>
      </trkpt>
      <trkpt lat="34.98157" lon="-111.79618">
        <ele>2083.04</ele>
      </trkpt>
      <trkpt lat="34.98157" lon="-111.79607">
        <ele>2083.04</ele>
      </trkpt>
      <trkpt lat="34.98158" lon="-111.79597">
        <ele>2083.49</ele>
      </trkpt>
      <trkpt lat="34.98158" lon="-111.79586">
        <ele>2083.94</ele>
      </trkpt>
      <trkpt lat="34.98158" lon="-111.79578">
        <ele>2083.94</ele>
      </trkpt>
      <trkpt lat="34.98158" lon="-111.7957">
        <ele>2083.94</ele>
      </trkpt>
      <trkpt lat="34.98157" lon="-111.79561">
        <ele>2084.0</ele>
      </trkpt>
      <trkpt lat="34.98156" lon="-111.79551">
        <ele>2084.0</ele>
      </trkpt>
      <trkpt lat="34.98154" lon="-111.79542">
        <ele>2084.0</ele>
      </trkpt>
      <trkpt lat="34.98152" lon="-111.79534">
        <ele>2084.0</ele>
      </trkpt>
      <trkpt lat="34.9815" lon="-111.79526">
        <ele>2084.15</ele>
      </trkpt>
      <trkpt lat="34.98149" lon="-111.79518">
        <ele>2084.91</ele>
      </trkpt>
      <trkpt lat="34.98146" lon="-111.79509">
        <ele>2085.0</ele>
      </trkpt>
      <trkpt lat="34.98145" lon="-111.795">
        <ele>2085.0</ele>
      </trkpt>
      <trkpt lat="34.98142" lon="-111.79491">
        <ele>2085.0</ele>
      </trkpt>
      <trkpt lat="34.98141" lon="-111.79484">
        <ele>2085.0</ele>
      </trkpt>
      <trkpt lat="34.9814" lon="-111.79474">
        <ele>2085.0</ele>
      </trkpt>
      <trkpt lat="34.98139" lon="-111.79458">
        <ele>2085.0</ele>
      </trkpt>
      <trkpt lat="34.98138" lon="-111.79451">
        <ele>2085.0</ele>
      </trkpt>
      <trkpt lat="34.98137" lon="-111.79444">
        <ele>2085.0</ele>
      </trkpt>
      <trkpt lat="34.98135" lon="-111.79437">
        <ele>2085.0</ele>
      </trkpt>
      <trkpt lat="34.98134" lon="-111.7943">
        <ele>2085.0</ele>
      </trkpt>
      <trkpt lat="34.98131" lon="-111.79423">
        <ele>2085.0</ele>
      </trkpt>
      <trkpt lat="34.98127" lon="-111.79415">
        <ele>2085.0</ele>
      </trkpt>
      <trkpt lat="34.98123" lon="-111.79409">
        <ele>2085.0</ele>
      </trkpt>
      <trkpt lat="34.98118" lon="-111.79401">
        <ele>2085.0</ele>
      </trkpt>
      <trkpt lat="34.98114" lon="-111.79394">
        <ele>2085.0</ele>
      </trkpt>
      <trkpt lat="34.98112" lon="-111.79386">
        <ele>2085.0</ele>
      </trkpt>
      <trkpt lat="34.9811" lon="-111.7938">
        <ele>2085.12</ele>
      </trkpt>
      <trkpt lat="34.98107" lon="-111.79372">
        <ele>2085.9</ele>
      </trkpt>
      <trkpt lat="34.98104" lon="-111.79362">
        <ele>2086.0</ele>
      </trkpt>
      <trkpt lat="34.98101" lon="-111.79355">
        <ele>2086.0</ele>
      </trkpt>
      <trkpt lat="34.98098" lon="-111.79346">
        <ele>2086.0</ele>
      </trkpt>
      <trkpt lat="34.98097" lon="-111.79339">
        <ele>2086.0</ele>
      </trkpt>
      <trkpt lat="34.98095" lon="-111.79332">
        <ele>2086.0</ele>
      </trkpt>
      <trkpt lat="34.98093" lon="-111.79325">
        <ele>2086.0</ele>
      </trkpt>
      <trkpt lat="34.98091" lon="-111.7932">
        <ele>2086.0</ele>
      </trkpt>
      <trkpt lat="34.98088" lon="-111.79316">
        <ele>2086.0</ele>
      </trkpt>
      <trkpt lat="34.98085" lon="-111.79311">
        <ele>2086.0</ele>
      </trkpt>
      <trkpt lat="34.98081" lon="-111.79306">
        <ele>2086.0</ele>
      </trkpt>
      <trkpt lat="34.98079" lon="-111.79302">
        <ele>2085.82</ele>
      </trkpt>
      <trkpt lat="34.98077" lon="-111.79298">
        <ele>2085.44</ele>
      </trkpt>
      <trkpt lat="34.98074" lon="-111.79294">
        <ele>2085.0</ele>
      </trkpt>
      <trkpt lat="34.98072" lon="-111.79291">
        <ele>2085.0</ele>
      </trkpt>
      <trkpt lat="34.98069" lon="-111.79289">
        <ele>2085.0</ele>
      </trkpt>
      <trkpt lat="34.98066" lon="-111.79289">
        <ele>2085.0</ele>
      </trkpt>
      <trkpt lat="34.9806" lon="-111.79289">
        <ele>2085.0</ele>
      </trkpt>
      <trkpt lat="34.98056" lon="-111.79291">
        <ele>2085.0</ele>
      </trkpt>
      <trkpt lat="34.98053" lon="-111.79293">
        <ele>2084.72</ele>
      </trkpt>
      <trkpt lat="34.98051" lon="-111.79297">
        <ele>2084.55</ele>
      </trkpt>
      <trkpt lat="34.98046" lon="-111.79298">
        <ele>2084.18</ele>
      </trkpt>
      <trkpt lat="34.98042" lon="-111.79303">
        <ele>2084.39</ele>
      </trkpt>
      <trkpt lat="34.98038" lon="-111.79308">
        <ele>2084.1</ele>
      </trkpt>
      <trkpt lat="34.98035" lon="-111.79312">
        <ele>2083.78</ele>
      </trkpt>
      <trkpt lat="34.98031" lon="-111.79317">
        <ele>2083.58</ele>
      </trkpt>
      <trkpt lat="34.98028" lon="-111.79322">
        <ele>2083.8</ele>
      </trkpt>
      <trkpt lat="34.98027" lon="-111.79328">
        <ele>2083.87</ele>
      </trkpt>
      <trkpt lat="34.98025" lon="-111.79334">
        <ele>2083.77</ele>
      </trkpt>
      <trkpt lat="34.98024" lon="-111.79339">
        <ele>2084.2</ele>
      </trkpt>
      <trkpt lat="34.98023" lon="-111.79345">
        <ele>2084.48</ele>
      </trkpt>
      <trkpt lat="34.98021" lon="-111.79351">
        <ele>2084.27</ele>
      </trkpt>
      <trkpt lat="34.98018" lon="-111.79356">
        <ele>2084.39</ele>
      </trkpt>
      <trkpt lat="34.98015" lon="-111.7936">
        <ele>2084.5</ele>
      </trkpt>
      <trkpt lat="34.98011" lon="-111.79363">
        <ele>2084.19</ele>
      </trkpt>
      <trkpt lat="34.98007" lon="-111.79366">
        <ele>2083.76</ele>
      </trkpt>
      <trkpt lat="34.98002" lon="-111.79367">
        <ele>2083.22</ele>
      </trkpt>
      <trkpt lat="34.97998" lon="-111.7937">
        <ele>2082.78</ele>
      </trkpt>
      <trkpt lat="34.97993" lon="-111.79371">
        <ele>2082.24</ele>
      </trkpt>
      <trkpt lat="34.97989" lon="-111.79372">
        <ele>2081.47</ele>
      </trkpt>
      <trkpt lat="34.97984" lon="-111.79373">
        <ele>2080.02</ele>
      </trkpt>
      <trkpt lat="34.97979" lon="-111.79371">
        <ele>2078.51</ele>
      </trkpt>
      <trkpt lat="34.97978" lon="-111.7937">
        <ele>2078.23</ele>
      </trkpt>
      <trkpt lat="34.97978" lon="-111.7937">
        <ele>2078.23</ele>
      </trkpt>
      <trkpt lat="34.97979" lon="-111.79368">
        <ele>2078.4</ele>
      </trkpt>
      <trkpt lat="34.97982" lon="-111.79368">
        <ele>2079.15</ele>
      </trkpt>
      <trkpt lat="34.97986" lon="-111.79368">
        <ele>2080.34</ele>
      </trkpt>
      <trkpt lat="34.97989" lon="-111.79368">
        <ele>2081.23</ele>
      </trkpt>
      <trkpt lat="34.97986" lon="-111.79368">
        <ele>2080.34</ele>
      </trkpt>
      <trkpt lat="34.97982" lon="-111.79368">
        <ele>2079.15</ele>
      </trkpt>
      <trkpt lat="34.97979" lon="-111.79368">
        <ele>2078.4</ele>
      </trkpt>
      <trkpt lat="34.97978" lon="-111.7937">
        <ele>2078.23</ele>
      </trkpt>
      <trkpt lat="34.97978" lon="-111.7937">
        <ele>2078.23</ele>
      </trkpt>
      <trkpt lat="34.97979" lon="-111.79371">
        <ele>2078.51</ele>
      </trkpt>
      <trkpt lat="34.97984" lon="-111.79373">
        <ele>2080.02</ele>
      </trkpt>
      <trkpt lat="34.97989" lon="-111.79372">
        <ele>2081.47</ele>
      </trkpt>
      <trkpt lat="34.97993" lon="-111.79371">
        <ele>2082.24</ele>
      </trkpt>
      <trkpt lat="34.97998" lon="-111.7937">
        <ele>2082.78</ele>
      </trkpt>
      <trkpt lat="34.98002" lon="-111.79367">
        <ele>2083.22</ele>
      </trkpt>
      <trkpt lat="34.98007" lon="-111.79366">
        <ele>2083.76</ele>
      </trkpt>
      <trkpt lat="34.98011" lon="-111.79363">
        <ele>2084.19</ele>
      </trkpt>
      <trkpt lat="34.98015" lon="-111.7936">
        <ele>2084.5</ele>
      </trkpt>
      <trkpt lat="34.98018" lon="-111.79356">
        <ele>2084.39</ele>
      </trkpt>
      <trkpt lat="34.98021" lon="-111.79351">
        <ele>2084.27</ele>
      </trkpt>
      <trkpt lat="34.98023" lon="-111.79345">
        <ele>2084.48</ele>
      </trkpt>
      <trkpt lat="34.98024" lon="-111.79339">
        <ele>2084.2</ele>
      </trkpt>
      <trkpt lat="34.98025" lon="-111.79334">
        <ele>2083.77</ele>
      </trkpt>
      <trkpt lat="34.98027" lon="-111.79328">
        <ele>2083.87</ele>
      </trkpt>
      <trkpt lat="34.98028" lon="-111.79322">
        <ele>2083.8</ele>
      </trkpt>
      <trkpt lat="34.98031" lon="-111.79317">
        <ele>2083.58</ele>
      </trkpt>
      <trkpt lat="34.98035" lon="-111.79312">
        <ele>2083.78</ele>
      </trkpt>
      <trkpt lat="34.98038" lon="-111.79308">
        <ele>2084.1</ele>
      </trkpt>
      <trkpt lat="34.98042" lon="-111.79303">
        <ele>2084.39</ele>
      </trkpt>
      <trkpt lat="34.98046" lon="-111.79298">
        <ele>2084.18</ele>
      </trkpt>
      <trkpt lat="34.98051" lon="-111.79297">
        <ele>2084.55</ele>
      </trkpt>
      <trkpt lat="34.98053" lon="-111.79293">
        <ele>2084.72</ele>
      </trkpt>
      <trkpt lat="34.98056" lon="-111.79291">
        <ele>2085.0</ele>
      </trkpt>
      <trkpt lat="34.9806" lon="-111.79289">
        <ele>2085.0</ele>
      </trkpt>
      <trkpt lat="34.98066" lon="-111.79289">
        <ele>2085.0</ele>
      </trkpt>
      <trkpt lat="34.98069" lon="-111.79289">
        <ele>2085.0</ele>
      </trkpt>
      <trkpt lat="34.98072" lon="-111.79291">
        <ele>2085.0</ele>
      </trkpt>
      <trkpt lat="34.98074" lon="-111.79294">
        <ele>2085.0</ele>
      </trkpt>
      <trkpt lat="34.98077" lon="-111.79298">
        <ele>2085.44</ele>
      </trkpt>
      <trkpt lat="34.98079" lon="-111.79302">
        <ele>2085.82</ele>
      </trkpt>
      <trkpt lat="34.98081" lon="-111.79306">
        <ele>2086.0</ele>
      </trkpt>
      <trkpt lat="34.98085" lon="-111.79311">
        <ele>2086.0</ele>
      </trkpt>
      <trkpt lat="34.98088" lon="-111.79316">
        <ele>2086.0</ele>
      </trkpt>
      <trkpt lat="34.98091" lon="-111.7932">
        <ele>2086.0</ele>
      </trkpt>
      <trkpt lat="34.98093" lon="-111.79325">
        <ele>2086.0</ele>
      </trkpt>
      <trkpt lat="34.98095" lon="-111.79332">
        <ele>2086.0</ele>
      </trkpt>
      <trkpt lat="34.98097" lon="-111.79339">
        <ele>2086.0</ele>
      </trkpt>
      <trkpt lat="34.98098" lon="-111.79346">
        <ele>2086.0</ele>
      </trkpt>
      <trkpt lat="34.98101" lon="-111.79355">
        <ele>2086.0</ele>
      </trkpt>
      <trkpt lat="34.98104" lon="-111.79362">
        <ele>2086.0</ele>
      </trkpt>
      <trkpt lat="34.98107" lon="-111.79372">
        <ele>2085.9</ele>
      </trkpt>
      <trkpt lat="34.9811" lon="-111.7938">
        <ele>2085.12</ele>
      </trkpt>
      <trkpt lat="34.98112" lon="-111.79386">
        <ele>2085.0</ele>
      </trkpt>
      <trkpt lat="34.98114" lon="-111.79394">
        <ele>2085.0</ele>
      </trkpt>
      <trkpt lat="34.98118" lon="-111.79401">
        <ele>2085.0</ele>
      </trkpt>
      <trkpt lat="34.98123" lon="-111.79409">
        <ele>2085.0</ele>
      </trkpt>
      <trkpt lat="34.98127" lon="-111.79415">
        <ele>2085.0</ele>
      </trkpt>
      <trkpt lat="34.98131" lon="-111.79423">
        <ele>2085.0</ele>
      </trkpt>
      <trkpt lat="34.98134" lon="-111.7943">
        <ele>2085.0</ele>
      </trkpt>
      <trkpt lat="34.98135" lon="-111.79437">
        <ele>2085.0</ele>
      </trkpt>
      <trkpt lat="34.98137" lon="-111.79444">
        <ele>2085.0</ele>
      </trkpt>
      <trkpt lat="34.98138" lon="-111.79451">
        <ele>2085.0</ele>
      </trkpt>
      <trkpt lat="34.98139" lon="-111.79458">
        <ele>2085.0</ele>
      </trkpt>
      <trkpt lat="34.9814" lon="-111.79474">
        <ele>2085.0</ele>
      </trkpt>
      <trkpt lat="34.98141" lon="-111.79484">
        <ele>2085.0</ele>
      </trkpt>
      <trkpt lat="34.98142" lon="-111.79491">
        <ele>2085.0</ele>
      </trkpt>
      <trkpt lat="34.98145" lon="-111.795">
        <ele>2085.0</ele>
      </trkpt>
      <trkpt lat="34.98146" lon="-111.79509">
        <ele>2085.0</ele>
      </trkpt>
      <trkpt lat="34.98149" lon="-111.79518">
        <ele>2084.91</ele>
      </trkpt>
      <trkpt lat="34.9815" lon="-111.79526">
        <ele>2084.15</ele>
      </trkpt>
      <trkpt lat="34.98152" lon="-111.79534">
        <ele>2084.0</ele>
      </trkpt>
      <trkpt lat="34.98154" lon="-111.79542">
        <ele>2084.0</ele>
      </trkpt>
      <trkpt lat="34.98156" lon="-111.79551">
        <ele>2084.0</ele>
      </trkpt>
      <trkpt lat="34.98157" lon="-111.79561">
        <ele>2084.0</ele>
      </trkpt>
      <trkpt lat="34.98158" lon="-111.7957">
        <ele>2083.94</ele>
      </trkpt>
      <trkpt lat="34.98158" lon="-111.79578">
        <ele>2083.94</ele>
      </trkpt>
      <trkpt lat="34.98158" lon="-111.79586">
        <ele>2083.94</ele>
      </trkpt>
      <trkpt lat="34.98158" lon="-111.79597">
        <ele>2083.49</ele>
      </trkpt>
      <trkpt lat="34.98157" lon="-111.79607">
        <ele>2083.04</ele>
      </trkpt>
      <trkpt lat="34.98157" lon="-111.79618">
        <ele>2083.04</ele>
      </trkpt>
      <trkpt lat="34.98156" lon="-111.79628">
        <ele>2083.15</ele>
      </trkpt>
      <trkpt lat="34.98155" lon="-111.79638">
        <ele>2083.26</ele>
      </trkpt>
      <trkpt lat="34.98154" lon="-111.79649">
        <ele>2083.37</ele>
      </trkpt>
      <trkpt lat="34.98153" lon="-111.7966">
        <ele>2083.48</ele>
      </trkpt>
      <trkpt lat="34.98152" lon="-111.79672">
        <ele>2083.58</ele>
      </trkpt>
      <trkpt lat="34.98151" lon="-111.79682">
        <ele>2083.69</ele>
      </trkpt>
      <trkpt lat="34.9815" lon="-111.79691">
        <ele>2083.93</ele>
      </trkpt>
      <trkpt lat="34.98149" lon="-111.797">
        <ele>2084.0</ele>
      </trkpt>
      <trkpt lat="34.98149" lon="-111.7971">
        <ele>2084.0</ele>
      </trkpt>
      <trkpt lat="34.98149" lon="-111.79718">
        <ele>2084.49</ele>
      </trkpt>
      <trkpt lat="34.98149" lon="-111.79726">
        <ele>2084.91</ele>
      </trkpt>
      <trkpt lat="34.98149" lon="-111.79734">
        <ele>2084.93</ele>
      </trkpt>
      <trkpt lat="34.98149" lon="-111.79742">
        <ele>2085.0</ele>
      </trkpt>
      <trkpt lat="34.9815" lon="-111.79748">
        <ele>2085.0</ele>
      </trkpt>
      <trkpt lat="34.9815" lon="-111.79753">
        <ele>2085.0</ele>
      </trkpt>
      <trkpt lat="34.9815" lon="-111.79758">
        <ele>2085.0</ele>
      </trkpt>
      <trkpt lat="34.98151" lon="-111.79763">
        <ele>2085.0</ele>
      </trkpt>
      <trkpt lat="34.98151" lon="-111.79768">
        <ele>2085.0</ele>
      </trkpt>
      <trkpt lat="34.98152" lon="-111.79774">
        <ele>2085.59</ele>
      </trkpt>
      <trkpt lat="34.98152" lon="-111.7978">
        <ele>2086.0</ele>
      </trkpt>
      <trkpt lat="34.98153" lon="-111.79784">
        <ele>2086.0</ele>
      </trkpt>
      <trkpt lat="34.98154" lon="-111.79787">
        <ele>2086.0</ele>
      </trkpt>
      <trkpt lat="34.98156" lon="-111.79792">
        <ele>2086.0</ele>
      </trkpt>
      <trkpt lat="34.98159" lon="-111.79798">
        <ele>2086.0</ele>
      </trkpt>
      <trkpt lat="34.9816" lon="-111.79802">
        <ele>2086.0</ele>
      </trkpt>
      <trkpt lat="34.9816" lon="-111.79806">
        <ele>2086.0</ele>
      </trkpt>
      <trkpt lat="34.98161" lon="-111.79812">
        <ele>2086.0</ele>
      </trkpt>
      <trkpt lat="34.98162" lon="-111.79819">
        <ele>2086.0</ele>
      </trkpt>
      <trkpt lat="34.98163" lon="-111.79827">
        <ele>2086.0</ele>
      </trkpt>
      <trkpt lat="34.98164" lon="-111.79835">
        <ele>2086.0</ele>
      </trkpt>
      <trkpt lat="34.98166" lon="-111.79843">
        <ele>2086.0</ele>
      </trkpt>
      <trkpt lat="34.98167" lon="-111.79851">
        <ele>2086.0</ele>
      </trkpt>
      <trkpt lat="34.98168" lon="-111.7986">
        <ele>2086.0</ele>
      </trkpt>
      <trkpt lat="34.9817" lon="-111.79869">
        <ele>2086.0</ele>
      </trkpt>
      <trkpt lat="34.98171" lon="-111.79877">
        <ele>2086.0</ele>
      </trkpt>
      <trkpt lat="34.98172" lon="-111.79883">
        <ele>2086.0</ele>
      </trkpt>
      <trkpt lat="34.98172" lon="-111.79887">
        <ele>2086.0</ele>
      </trkpt>
      <trkpt lat="34.98168" lon="-111.79888">
        <ele>2086.0</ele>
      </trkpt>
      <trkpt lat="34.98165" lon="-111.7989">
        <ele>2086.0</ele>
      </trkpt>
      <trkpt lat="34.98164" lon="-111.79893">
        <ele>2086.0</ele>
      </trkpt>
      <trkpt lat="34.98163" lon="-111.79897">
        <ele>2086.0</ele>
      </trkpt>
      <trkpt lat="34.98163" lon="-111.79903">
        <ele>2086.0</ele>
      </trkpt>
      <trkpt lat="34.98162" lon="-111.7991">
        <ele>2086.0</ele>
      </trkpt>
      <trkpt lat="34.98162" lon="-111.79919">
        <ele>2086.0</ele>
      </trkpt>
      <trkpt lat="34.98161" lon="-111.79928">
        <ele>2086.0</ele>
      </trkpt>
      <trkpt lat="34.9816" lon="-111.79937">
        <ele>2086.0</ele>
      </trkpt>
      <trkpt lat="34.9816" lon="-111.79945">
        <ele>2086.0</ele>
      </trkpt>
      <trkpt lat="34.9816" lon="-111.79954">
        <ele>2086.0</ele>
      </trkpt>
      <trkpt lat="34.98159" lon="-111.79963">
        <ele>2086.0</ele>
      </trkpt>
      <trkpt lat="34.98159" lon="-111.79971">
        <ele>2086.15</ele>
      </trkpt>
      <trkpt lat="34.98159" lon="-111.79978">
        <ele>2086.69</ele>
      </trkpt>
      <trkpt lat="34.9816" lon="-111.79982">
        <ele>2087.0</ele>
      </trkpt>
      <trkpt lat="34.9816" lon="-111.79986">
        <ele>2087.0</ele>
      </trkpt>
      <trkpt lat="34.9816" lon="-111.79992">
        <ele>2087.0</ele>
      </trkpt>
      <trkpt lat="34.98161" lon="-111.79999">
        <ele>2087.0</ele>
      </trkpt>
      <trkpt lat="34.98162" lon="-111.80009">
        <ele>2087.0</ele>
      </trkpt>
      <trkpt lat="34.98163" lon="-111.80016">
        <ele>2087.0</ele>
      </trkpt>
      <trkpt lat="34.98166" lon="-111.80025">
        <ele>2086.95</ele>
      </trkpt>
      <trkpt lat="34.98168" lon="-111.80035">
        <ele>2087.0</ele>
      </trkpt>
      <trkpt lat="34.98172" lon="-111.80043">
        <ele>2087.0</ele>
      </trkpt>
      <trkpt lat="34.98178" lon="-111.80051">
        <ele>2087.0</ele>
      </trkpt>
      <trkpt lat="34.98183" lon="-111.80059">
        <ele>2087.0</ele>
      </trkpt>
      <trkpt lat="34.98187" lon="-111.80068">
        <ele>2087.2</ele>
      </trkpt>
      <trkpt lat="34.98193" lon="-111.80078">
        <ele>2087.84</ele>
      </trkpt>
      <trkpt lat="34.98197" lon="-111.80087">
        <ele>2087.71</ele>
      </trkpt>
      <trkpt lat="34.98199" lon="-111.80098">
        <ele>2087.49</ele>
      </trkpt>
      <trkpt lat="34.98202" lon="-111.80107">
        <ele>2087.82</ele>
      </trkpt>
      <trkpt lat="34.98205" lon="-111.80116">
        <ele>2087.55</ele>
      </trkpt>
      <trkpt lat="34.98207" lon="-111.80125">
        <ele>2087.18</ele>
      </trkpt>
      <trkpt lat="34.98209" lon="-111.80135">
        <ele>2087.0</ele>
      </trkpt>
      <trkpt lat="34.98211" lon="-111.80144">
        <ele>2087.0</ele>
      </trkpt>
      <trkpt lat="34.98212" lon="-111.80153">
        <ele>2087.0</ele>
      </trkpt>
      <trkpt lat="34.98214" lon="-111.80162">
        <ele>2087.0</ele>
      </trkpt>
      <trkpt lat="34.98216" lon="-111.80171">
        <ele>2087.0</ele>
      </trkpt>
      <trkpt lat="34.98218" lon="-111.8018">
        <ele>2087.0</ele>
      </trkpt>
      <trkpt lat="34.9822" lon="-111.80189">
        <ele>2087.0</ele>
      </trkpt>
      <trkpt lat="34.98222" lon="-111.80198">
        <ele>2087.0</ele>
      </trkpt>
      <trkpt lat="34.98225" lon="-111.80208">
        <ele>2087.0</ele>
      </trkpt>
      <trkpt lat="34.98228" lon="-111.80216">
        <ele>2087.0</ele>
      </trkpt>
      <trkpt lat="34.98232" lon="-111.80226">
        <ele>2087.0</ele>
      </trkpt>
      <trkpt lat="34.98237" lon="-111.80236">
        <ele>2087.0</ele>
      </trkpt>
      <trkpt lat="34.98241" lon="-111.80245">
        <ele>2087.48</ele>
      </trkpt>
      <trkpt lat="34.98245" lon="-111.80252">
        <ele>2088.0</ele>
      </trkpt>
      <trkpt lat="34.98248" lon="-111.80259">
        <ele>2088.0</ele>
      </trkpt>
      <trkpt lat="34.98252" lon="-111.80266">
        <ele>2088.0</ele>
      </trkpt>
      <trkpt lat="34.98257" lon="-111.80273">
        <ele>2088.0</ele>
      </trkpt>
      <trkpt lat="34.98261" lon="-111.80279">
        <ele>2088.0</ele>
      </trkpt>
      <trkpt lat="34.98266" lon="-111.80286">
        <ele>2088.0</ele>
      </trkpt>
      <trkpt lat="34.98271" lon="-111.80291">
        <ele>2088.0</ele>
      </trkpt>
      <trkpt lat="34.98276" lon="-111.80297">
        <ele>2088.0</ele>
      </trkpt>
      <trkpt lat="34.98282" lon="-111.80304">
        <ele>2088.0</ele>
      </trkpt>
      <trkpt lat="34.98288" lon="-111.80312">
        <ele>2088.0</ele>
      </trkpt>
      <trkpt lat="34.98293" lon="-111.8032">
        <ele>2088.0</ele>
      </trkpt>
      <trkpt lat="34.98299" lon="-111.80328">
        <ele>2088.42</ele>
      </trkpt>
      <trkpt lat="34.98303" lon="-111.80336">
        <ele>2089.0</ele>
      </trkpt>
      <trkpt lat="34.98309" lon="-111.80343">
        <ele>2089.03</ele>
      </trkpt>
      <trkpt lat="34.98314" lon="-111.8035">
        <ele>2089.07</ele>
      </trkpt>
      <trkpt lat="34.98318" lon="-111.80358">
        <ele>2089.66</ele>
      </trkpt>
      <trkpt lat="34.98323" lon="-111.80365">
        <ele>2090.0</ele>
      </trkpt>
      <trkpt lat="34.98328" lon="-111.80373">
        <ele>2090.16</ele>
      </trkpt>
      <trkpt lat="34.98333" lon="-111.8038">
        <ele>2090.07</ele>
      </trkpt>
      <trkpt lat="34.98337" lon="-111.80388">
        <ele>2090.55</ele>
      </trkpt>
      <trkpt lat="34.98341" lon="-111.80397">
        <ele>2090.9</ele>
      </trkpt>
      <trkpt lat="34.98345" lon="-111.80405">
        <ele>2090.93</ele>
      </trkpt>
      <trkpt lat="34.9835" lon="-111.80413">
        <ele>2091.0</ele>
      </trkpt>
      <trkpt lat="34.98354" lon="-111.80422">
        <ele>2091.44</ele>
      </trkpt>
      <trkpt lat="34.98358" lon="-111.80431">
        <ele>2091.7</ele>
      </trkpt>
      <trkpt lat="34.98364" lon="-111.80439">
        <ele>2091.82</ele>
      </trkpt>
      <trkpt lat="34.98369" lon="-111.80449">
        <ele>2092.0</ele>
      </trkpt>
      <trkpt lat="34.98374" lon="-111.80457">
        <ele>2092.0</ele>
      </trkpt>
      <trkpt lat="34.98378" lon="-111.80464">
        <ele>2092.0</ele>
      </trkpt>
      <trkpt lat="34.98383" lon="-111.8047">
        <ele>2092.0</ele>
      </trkpt>
      <trkpt lat="34.98389" lon="-111.80475">
        <ele>2092.0</ele>
      </trkpt>
      <trkpt lat="34.98394" lon="-111.80481">
        <ele>2092.0</ele>
      </trkpt>
      <trkpt lat="34.98401" lon="-111.80486">
        <ele>2092.0</ele>
      </trkpt>
      <trkpt lat="34.98408" lon="-111.8049">
        <ele>2092.0</ele>
      </trkpt>
      <trkpt lat="34.98416" lon="-111.80494">
        <ele>2092.0</ele>
      </trkpt>
      <trkpt lat="34.98422" lon="-111.80498">
        <ele>2092.0</ele>
      </trkpt>
      <trkpt lat="34.98428" lon="-111.80503">
        <ele>2092.0</ele>
      </trkpt>
      <trkpt lat="34.98433" lon="-111.80507">
        <ele>2092.0</ele>
      </trkpt>
      <trkpt lat="34.98439" lon="-111.80514">
        <ele>2092.0</ele>
      </trkpt>
      <trkpt lat="34.98444" lon="-111.8052">
        <ele>2092.0</ele>
      </trkpt>
      <trkpt lat="34.98448" lon="-111.80526">
        <ele>2092.0</ele>
      </trkpt>
      <trkpt lat="34.98452" lon="-111.80531">
        <ele>2092.0</ele>
      </trkpt>
      <trkpt lat="34.98458" lon="-111.80536">
        <ele>2092.0</ele>
      </trkpt>
      <trkpt lat="34.98462" lon="-111.80543">
        <ele>2092.0</ele>
      </trkpt>
      <trkpt lat="34.98465" lon="-111.8055">
        <ele>2092.0</ele>
      </trkpt>
      <trkpt lat="34.98472" lon="-111.80557">
        <ele>2092.0</ele>
      </trkpt>
      <trkpt lat="34.98477" lon="-111.8056">
        <ele>2092.0</ele>
      </trkpt>
      <trkpt lat="34.98482" lon="-111.80564">
        <ele>2092.0</ele>
      </trkpt>
      <trkpt lat="34.98487" lon="-111.80568">
        <ele>2092.0</ele>
      </trkpt>
      <trkpt lat="34.9849" lon="-111.80574">
        <ele>2092.0</ele>
      </trkpt>
      <trkpt lat="34.98492" lon="-111.8058">
        <ele>2092.0</ele>
      </trkpt>
      <trkpt lat="34.98492" lon="-111.80588">
        <ele>2092.0</ele>
      </trkpt>
      <trkpt lat="34.98493" lon="-111.80596">
        <ele>2092.28</ele>
      </trkpt>
      <trkpt lat="34.98492" lon="-111.80604">
        <ele>2092.86</ele>
      </trkpt>
      <trkpt lat="34.98491" lon="-111.80612">
        <ele>2092.97</ele>
      </trkpt>
      <trkpt lat="34.9849" lon="-111.80621">
        <ele>2093.0</ele>
      </trkpt>
      <trkpt lat="34.98488" lon="-111.80631">
        <ele>2093.0</ele>
      </trkpt>
      <trkpt lat="34.98487" lon="-111.8064">
        <ele>2093.0</ele>
      </trkpt>
      <trkpt lat="34.98485" lon="-111.80647">
        <ele>2093.0</ele>
      </trkpt>
      <trkpt lat="34.98484" lon="-111.80656">
        <ele>2093.0</ele>
      </trkpt>
      <trkpt lat="34.98482" lon="-111.80664">
        <ele>2093.0</ele>
      </trkpt>
      <trkpt lat="34.9848" lon="-111.80673">
        <ele>2093.0</ele>
      </trkpt>
      <trkpt lat="34.98478" lon="-111.80681">
        <ele>2093.0</ele>
      </trkpt>
      <trkpt lat="34.98476" lon="-111.80691">
        <ele>2093.0</ele>
      </trkpt>
      <trkpt lat="34.98475" lon="-111.807">
        <ele>2093.0</ele>
      </trkpt>
      <trkpt lat="34.98473" lon="-111.8071">
        <ele>2093.0</ele>
      </trkpt>
      <trkpt lat="34.98472" lon="-111.8072">
        <ele>2093.02</ele>
      </trkpt>
      <trkpt lat="34.98471" lon="-111.80729">
        <ele>2093.13</ele>
      </trkpt>
      <trkpt lat="34.9847" lon="-111.80742">
        <ele>2093.0</ele>
      </trkpt>
      <trkpt lat="34.98468" lon="-111.8075">
        <ele>2093.0</ele>
      </trkpt>
      <trkpt lat="34.98465" lon="-111.80757">
        <ele>2093.0</ele>
      </trkpt>
      <trkpt lat="34.98463" lon="-111.80765">
        <ele>2093.0</ele>
      </trkpt>
      <trkpt lat="34.98461" lon="-111.80773">
        <ele>2093.21</ele>
      </trkpt>
      <trkpt lat="34.98459" lon="-111.80782">
        <ele>2093.69</ele>
      </trkpt>
      <trkpt lat="34.98459" lon="-111.80793">
        <ele>2093.63</ele>
      </trkpt>
      <trkpt lat="34.98458" lon="-111.80804">
        <ele>2093.92</ele>
      </trkpt>
      <trkpt lat="34.98458" lon="-111.80813">
        <ele>2094.0</ele>
      </trkpt>
      <trkpt lat="34.98459" lon="-111.80823">
        <ele>2094.0</ele>
      </trkpt>
      <trkpt lat="34.98459" lon="-111.80834">
        <ele>2094.03</ele>
      </trkpt>
      <trkpt lat="34.98459" lon="-111.80846">
        <ele>2094.64</ele>
      </trkpt>
      <trkpt lat="34.98459" lon="-111.80859">
        <ele>2095.0</ele>
      </trkpt>
      <trkpt lat="34.98459" lon="-111.8087">
        <ele>2095.0</ele>
      </trkpt>
      <trkpt lat="34.9846" lon="-111.8088">
        <ele>2096.0</ele>
      </trkpt>
      <trkpt lat="34.98461" lon="-111.80889">
        <ele>2096.01</ele>
      </trkpt>
      <trkpt lat="34.98462" lon="-111.80899">
        <ele>2097.0</ele>
      </trkpt>
      <trkpt lat="34.98465" lon="-111.80907">
        <ele>2096.99</ele>
      </trkpt>
      <trkpt lat="34.98467" lon="-111.80915">
        <ele>2097.0</ele>
      </trkpt>
      <trkpt lat="34.98469" lon="-111.80923">
        <ele>2097.68</ele>
      </trkpt>
      <trkpt lat="34.98472" lon="-111.80929">
        <ele>2098.0</ele>
      </trkpt>
      <trkpt lat="34.98474" lon="-111.80935">
        <ele>2098.0</ele>
      </trkpt>
      <trkpt lat="34.98478" lon="-111.80942">
        <ele>2098.0</ele>
      </trkpt>
      <trkpt lat="34.98482" lon="-111.80951">
        <ele>2098.0</ele>
      </trkpt>
      <trkpt lat="34.98486" lon="-111.80959">
        <ele>2098.0</ele>
      </trkpt>
      <trkpt lat="34.98488" lon="-111.80968">
        <ele>2098.0</ele>
      </trkpt>
      <trkpt lat="34.98489" lon="-111.80976">
        <ele>2098.0</ele>
      </trkpt>
      <trkpt lat="34.9849" lon="-111.80984">
        <ele>2098.0</ele>
      </trkpt>
      <trkpt lat="34.9849" lon="-111.80993">
        <ele>2098.0</ele>
      </trkpt>
      <trkpt lat="34.9849" lon="-111.81003">
        <ele>2098.0</ele>
      </trkpt>
      <trkpt lat="34.98489" lon="-111.81011">
        <ele>2098.0</ele>
      </trkpt>
      <trkpt lat="34.98488" lon="-111.8102">
        <ele>2098.05</ele>
      </trkpt>
      <trkpt lat="34.98486" lon="-111.81029">
        <ele>2098.51</ele>
      </trkpt>
      <trkpt lat="34.98483" lon="-111.81037">
        <ele>2098.84</ele>
      </trkpt>
      <trkpt lat="34.98481" lon="-111.81044">
        <ele>2099.0</ele>
      </trkpt>
      <trkpt lat="34.98479" lon="-111.81052">
        <ele>2099.0</ele>
      </trkpt>
      <trkpt lat="34.98476" lon="-111.8106">
        <ele>2099.0</ele>
      </trkpt>
      <trkpt lat="34.98474" lon="-111.81068">
        <ele>2099.28</ele>
      </trkpt>
      <trkpt lat="34.9847" lon="-111.81076">
        <ele>2100.0</ele>
      </trkpt>
      <trkpt lat="34.98467" lon="-111.81084">
        <ele>2100.04</ele>
      </trkpt>
      <trkpt lat="34.98464" lon="-111.81093">
        <ele>2100.89</ele>
      </trkpt>
      <trkpt lat="34.98461" lon="-111.81102">
        <ele>2101.0</ele>
      </trkpt>
      <trkpt lat="34.98457" lon="-111.8111">
        <ele>2101.0</ele>
      </trkpt>
      <trkpt lat="34.98455" lon="-111.81118">
        <ele>2101.64</ele>
      </trkpt>
      <trkpt lat="34.98453" lon="-111.81126">
        <ele>2102.0</ele>
      </trkpt>
      <trkpt lat="34.98453" lon="-111.81133">
        <ele>2102.0</ele>
      </trkpt>
      <trkpt lat="34.98453" lon="-111.81142">
        <ele>2102.03</ele>
      </trkpt>
      <trkpt lat="34.98453" lon="-111.81148">
        <ele>2102.07</ele>
      </trkpt>
      <trkpt lat="34.98455" lon="-111.81155">
        <ele>2102.0</ele>
      </trkpt>
      <trkpt lat="34.98457" lon="-111.81163">
        <ele>2102.39</ele>
      </trkpt>
      <trkpt lat="34.9846" lon="-111.8117">
        <ele>2102.56</ele>
      </trkpt>
      <trkpt lat="34.98462" lon="-111.81177">
        <ele>2103.0</ele>
      </trkpt>
      <trkpt lat="34.98465" lon="-111.81183">
        <ele>2102.78</ele>
      </trkpt>
      <trkpt lat="34.98467" lon="-111.81191">
        <ele>2102.56</ele>
      </trkpt>
      <trkpt lat="34.9847" lon="-111.81197">
        <ele>2102.45</ele>
      </trkpt>
      <trkpt lat="34.98473" lon="-111.81202">
        <ele>2102.75</ele>
      </trkpt>
      <trkpt lat="34.98476" lon="-111.81208">
        <ele>2102.78</ele>
      </trkpt>
      <trkpt lat="34.98478" lon="-111.81213">
        <ele>2103.0</ele>
      </trkpt>
      <trkpt lat="34.9848" lon="-111.81218">
        <ele>2103.0</ele>
      </trkpt>
      <trkpt lat="34.98482" lon="-111.81224">
        <ele>2103.0</ele>
      </trkpt>
      <trkpt lat="34.98483" lon="-111.81229">
        <ele>2103.0</ele>
      </trkpt>
      <trkpt lat="34.98484" lon="-111.81234">
        <ele>2103.0</ele>
      </trkpt>
      <trkpt lat="34.98485" lon="-111.81238">
        <ele>2103.0</ele>
      </trkpt>
      <trkpt lat="34.98486" lon="-111.81243">
        <ele>2103.0</ele>
      </trkpt>
      <trkpt lat="34.98487" lon="-111.81248">
        <ele>2103.0</ele>
      </trkpt>
      <trkpt lat="34.98487" lon="-111.81253">
        <ele>2103.13</ele>
      </trkpt>
      <trkpt lat="34.98488" lon="-111.81257">
        <ele>2103.22</ele>
      </trkpt>
      <trkpt lat="34.98488" lon="-111.81263">
        <ele>2103.58</ele>
      </trkpt>
      <trkpt lat="34.98487" lon="-111.81268">
        <ele>2103.97</ele>
      </trkpt>
      <trkpt lat="34.98487" lon="-111.81272">
        <ele>2104.0</ele>
      </trkpt>
      <trkpt lat="34.98487" lon="-111.81276">
        <ele>2104.0</ele>
      </trkpt>
      <trkpt lat="34.98486" lon="-111.8128">
        <ele>2104.0</ele>
      </trkpt>
      <trkpt lat="34.98486" lon="-111.81284">
        <ele>2104.0</ele>
      </trkpt>
      <trkpt lat="34.98485" lon="-111.81288">
        <ele>2104.0</ele>
      </trkpt>
      <trkpt lat="34.98485" lon="-111.81293">
        <ele>2104.0</ele>
      </trkpt>
      <trkpt lat="34.98484" lon="-111.81298">
        <ele>2104.0</ele>
      </trkpt>
      <trkpt lat="34.98483" lon="-111.81303">
        <ele>2104.0</ele>
      </trkpt>
      <trkpt lat="34.98481" lon="-111.81309">
        <ele>2104.0</ele>
      </trkpt>
      <trkpt lat="34.9848" lon="-111.81315">
        <ele>2104.0</ele>
      </trkpt>
      <trkpt lat="34.98479" lon="-111.8132">
        <ele>2104.0</ele>
      </trkpt>
      <trkpt lat="34.98478" lon="-111.81326">
        <ele>2104.0</ele>
      </trkpt>
      <trkpt lat="34.98477" lon="-111.81331">
        <ele>2104.0</ele>
      </trkpt>
      <trkpt lat="34.98476" lon="-111.81337">
        <ele>2104.0</ele>
      </trkpt>
      <trkpt lat="34.98476" lon="-111.81341">
        <ele>2104.0</ele>
      </trkpt>
      <trkpt lat="34.98475" lon="-111.81347">
        <ele>2104.0</ele>
      </trkpt>
      <trkpt lat="34.98474" lon="-111.81352">
        <ele>2104.0</ele>
      </trkpt>
      <trkpt lat="34.98473" lon="-111.81359">
        <ele>2104.0</ele>
      </trkpt>
      <trkpt lat="34.98472" lon="-111.81364">
        <ele>2104.0</ele>
      </trkpt>
      <trkpt lat="34.98472" lon="-111.81371">
        <ele>2104.0</ele>
      </trkpt>
      <trkpt lat="34.98471" lon="-111.81377">
        <ele>2104.0</ele>
      </trkpt>
      <trkpt lat="34.9847" lon="-111.81383">
        <ele>2104.0</ele>
      </trkpt>
      <trkpt lat="34.98468" lon="-111.81388">
        <ele>2104.0</ele>
      </trkpt>
      <trkpt lat="34.98467" lon="-111.81393">
        <ele>2104.0</ele>
      </trkpt>
      <trkpt lat="34.98465" lon="-111.81399">
        <ele>2104.0</ele>
      </trkpt>
      <trkpt lat="34.98462" lon="-111.81404">
        <ele>2104.0</ele>
      </trkpt>
      <trkpt lat="34.9846" lon="-111.8141">
        <ele>2104.0</ele>
      </trkpt>
      <trkpt lat="34.98459" lon="-111.81414">
        <ele>2104.0</ele>
      </trkpt>
      <trkpt lat="34.98457" lon="-111.81419">
        <ele>2104.0</ele>
      </trkpt>
      <trkpt lat="34.98454" lon="-111.81425">
        <ele>2104.0</ele>
      </trkpt>
      <trkpt lat="34.98452" lon="-111.81429">
        <ele>2104.0</ele>
      </trkpt>
      <trkpt lat="34.98449" lon="-111.81434">
        <ele>2104.0</ele>
      </trkpt>
      <trkpt lat="34.98445" lon="-111.81438">
        <ele>2104.0</ele>
      </trkpt>
      <trkpt lat="34.98443" lon="-111.81442">
        <ele>2104.0</ele>
      </trkpt>
      <trkpt lat="34.98445" lon="-111.81444">
        <ele>2104.0</ele>
      </trkpt>
      <trkpt lat="34.98449" lon="-111.81446">
        <ele>2104.0</ele>
      </trkpt>
      <trkpt lat="34.9845" lon="-111.81449">
        <ele>2104.0</ele>
      </trkpt>
      <trkpt lat="34.9845" lon="-111.81453">
        <ele>2104.0</ele>
      </trkpt>
      <trkpt lat="34.98448" lon="-111.81457">
        <ele>2103.64</ele>
      </trkpt>
      <trkpt lat="34.98447" lon="-111.81461">
        <ele>2103.21</ele>
      </trkpt>
      <trkpt lat="34.98445" lon="-111.81467">
        <ele>2103.0</ele>
      </trkpt>
      <trkpt lat="34.98443" lon="-111.81474">
        <ele>2103.0</ele>
      </trkpt>
      <trkpt lat="34.98441" lon="-111.81479">
        <ele>2103.0</ele>
      </trkpt>
      <trkpt lat="34.98439" lon="-111.81486">
        <ele>2103.0</ele>
      </trkpt>
      <trkpt lat="34.98436" lon="-111.81493">
        <ele>2102.98</ele>
      </trkpt>
      <trkpt lat="34.98433" lon="-111.815">
        <ele>2103.0</ele>
      </trkpt>
      <trkpt lat="34.98431" lon="-111.81507">
        <ele>2102.59</ele>
      </trkpt>
      <trkpt lat="34.98429" lon="-111.81513">
        <ele>2102.67</ele>
      </trkpt>
      <trkpt lat="34.98427" lon="-111.81521">
        <ele>2102.65</ele>
      </trkpt>
      <trkpt lat="34.98427" lon="-111.8153">
        <ele>2102.0</ele>
      </trkpt>
      <trkpt lat="34.98425" lon="-111.81537">
        <ele>2102.1</ele>
      </trkpt>
      <trkpt lat="34.98424" lon="-111.81544">
        <ele>2102.05</ele>
      </trkpt>
      <trkpt lat="34.98424" lon="-111.8155">
        <ele>2102.0</ele>
      </trkpt>
      <trkpt lat="34.98423" lon="-111.8156">
        <ele>2102.0</ele>
      </trkpt>
      <trkpt lat="34.98423" lon="-111.81566">
        <ele>2102.04</ele>
      </trkpt>
      <trkpt lat="34.98423" lon="-111.81571">
        <ele>2102.21</ele>
      </trkpt>
      <trkpt lat="34.98423" lon="-111.81576">
        <ele>2102.32</ele>
      </trkpt>
      <trkpt lat="34.98423" lon="-111.8158">
        <ele>2102.32</ele>
      </trkpt>
      <trkpt lat="34.98423" lon="-111.81585">
        <ele>2102.44</ele>
      </trkpt>
      <trkpt lat="34.98423" lon="-111.8159">
        <ele>2102.81</ele>
      </trkpt>
      <trkpt lat="34.98422" lon="-111.81597">
        <ele>2103.0</ele>
      </trkpt>
      <trkpt lat="34.98422" lon="-111.81605">
        <ele>2103.0</ele>
      </trkpt>
      <trkpt lat="34.98421" lon="-111.81612">
        <ele>2103.0</ele>
      </trkpt>
      <trkpt lat="34.98421" lon="-111.81618">
        <ele>2103.0</ele>
      </trkpt>
      <trkpt lat="34.9842" lon="-111.81624">
        <ele>2103.25</ele>
      </trkpt>
      <trkpt lat="34.9842" lon="-111.81633">
        <ele>2103.64</ele>
      </trkpt>
      <trkpt lat="34.9842" lon="-111.8164">
        <ele>2103.64</ele>
      </trkpt>
      <trkpt lat="34.9842" lon="-111.81648">
        <ele>2103.64</ele>
      </trkpt>
      <trkpt lat="34.9842" lon="-111.81656">
        <ele>2103.95</ele>
      </trkpt>
      <trkpt lat="34.9842" lon="-111.81662">
        <ele>2104.0</ele>
      </trkpt>
      <trkpt lat="34.9842" lon="-111.81669">
        <ele>2104.0</ele>
      </trkpt>
      <trkpt lat="34.9842" lon="-111.81677">
        <ele>2104.0</ele>
      </trkpt>
      <trkpt lat="34.9842" lon="-111.81684">
        <ele>2104.0</ele>
      </trkpt>
      <trkpt lat="34.9842" lon="-111.81692">
        <ele>2104.0</ele>
      </trkpt>
      <trkpt lat="34.98419" lon="-111.81699">
        <ele>2104.0</ele>
      </trkpt>
      <trkpt lat="34.98419" lon="-111.81707">
        <ele>2104.0</ele>
      </trkpt>
      <trkpt lat="34.98418" lon="-111.81716">
        <ele>2104.0</ele>
      </trkpt>
      <trkpt lat="34.98418" lon="-111.81723">
        <ele>2104.0</ele>
      </trkpt>
      <trkpt lat="34.98419" lon="-111.81732">
        <ele>2104.0</ele>
      </trkpt>
      <trkpt lat="34.98419" lon="-111.81738">
        <ele>2104.0</ele>
      </trkpt>
      <trkpt lat="34.98421" lon="-111.81746">
        <ele>2104.0</ele>
      </trkpt>
      <trkpt lat="34.98422" lon="-111.81753">
        <ele>2104.0</ele>
      </trkpt>
      <trkpt lat="34.98424" lon="-111.81759">
        <ele>2104.0</ele>
      </trkpt>
      <trkpt lat="34.98426" lon="-111.81765">
        <ele>2104.0</ele>
      </trkpt>
      <trkpt lat="34.98429" lon="-111.81771">
        <ele>2104.0</ele>
      </trkpt>
      <trkpt lat="34.98433" lon="-111.81778">
        <ele>2104.0</ele>
      </trkpt>
      <trkpt lat="34.98437" lon="-111.81784">
        <ele>2104.0</ele>
      </trkpt>
      <trkpt lat="34.98443" lon="-111.8179">
        <ele>2104.0</ele>
      </trkpt>
      <trkpt lat="34.98448" lon="-111.81794">
        <ele>2104.0</ele>
      </trkpt>
      <trkpt lat="34.98453" lon="-111.81798">
        <ele>2104.0</ele>
      </trkpt>
      <trkpt lat="34.98458" lon="-111.81803">
        <ele>2104.0</ele>
      </trkpt>
      <trkpt lat="34.98463" lon="-111.81809">
        <ele>2104.0</ele>
      </trkpt>
      <trkpt lat="34.98467" lon="-111.81815">
        <ele>2104.0</ele>
      </trkpt>
      <trkpt lat="34.9847" lon="-111.8182">
        <ele>2104.0</ele>
      </trkpt>
      <trkpt lat="34.98474" lon="-111.81826">
        <ele>2104.21</ele>
      </trkpt>
      <trkpt lat="34.98477" lon="-111.81832">
        <ele>2104.86</ele>
      </trkpt>
      <trkpt lat="34.9848" lon="-111.81838">
        <ele>2105.0</ele>
      </trkpt>
      <trkpt lat="34.98484" lon="-111.81844">
        <ele>2105.0</ele>
      </trkpt>
      <trkpt lat="34.98489" lon="-111.81849">
        <ele>2105.0</ele>
      </trkpt>
      <trkpt lat="34.98494" lon="-111.81854">
        <ele>2105.23</ele>
      </trkpt>
      <trkpt lat="34.98498" lon="-111.81858">
        <ele>2105.66</ele>
      </trkpt>
      <trkpt lat="34.98502" lon="-111.81863">
        <ele>2105.83</ele>
      </trkpt>
      <trkpt lat="34.98506" lon="-111.81867">
        <ele>2105.76</ele>
      </trkpt>
      <trkpt lat="34.9851" lon="-111.81872">
        <ele>2106.0</ele>
      </trkpt>
      <trkpt lat="34.98514" lon="-111.81877">
        <ele>2106.0</ele>
      </trkpt>
      <trkpt lat="34.98518" lon="-111.81882">
        <ele>2106.0</ele>
      </trkpt>
      <trkpt lat="34.98522" lon="-111.81887">
        <ele>2106.0</ele>
      </trkpt>
      <trkpt lat="34.98527" lon="-111.81893">
        <ele>2106.04</ele>
      </trkpt>
      <trkpt lat="34.9853" lon="-111.81899">
        <ele>2106.07</ele>
      </trkpt>
      <trkpt lat="34.98533" lon="-111.81904">
        <ele>2106.28</ele>
      </trkpt>
      <trkpt lat="34.98533" lon="-111.81911">
        <ele>2106.44</ele>
      </trkpt>
      <trkpt lat="34.98533" lon="-111.81917">
        <ele>2106.46</ele>
      </trkpt>
      <trkpt lat="34.98533" lon="-111.81925">
        <ele>2106.94</ele>
      </trkpt>
      <trkpt lat="34.98532" lon="-111.81933">
        <ele>2107.42</ele>
      </trkpt>
      <trkpt lat="34.98529" lon="-111.81939">
        <ele>2107.87</ele>
      </trkpt>
      <trkpt lat="34.98526" lon="-111.81944">
        <ele>2108.0</ele>
      </trkpt>
      <trkpt lat="34.98522" lon="-111.8195">
        <ele>2108.0</ele>
      </trkpt>
      <trkpt lat="34.98518" lon="-111.81957">
        <ele>2108.39</ele>
      </trkpt>
      <trkpt lat="34.98515" lon="-111.81962">
        <ele>2108.94</ele>
      </trkpt>
      <trkpt lat="34.98514" lon="-111.81969">
        <ele>2109.0</ele>
      </trkpt>
      <trkpt lat="34.98513" lon="-111.81973">
        <ele>2109.0</ele>
      </trkpt>
      <trkpt lat="34.98512" lon="-111.8198">
        <ele>2109.0</ele>
      </trkpt>
      <trkpt lat="34.98511" lon="-111.81986">
        <ele>2108.91</ele>
      </trkpt>
      <trkpt lat="34.9851" lon="-111.81992">
        <ele>2108.92</ele>
      </trkpt>
      <trkpt lat="34.9851" lon="-111.81997">
        <ele>2108.92</ele>
      </trkpt>
      <trkpt lat="34.98509" lon="-111.82003">
        <ele>2108.7</ele>
      </trkpt>
      <trkpt lat="34.98509" lon="-111.82011">
        <ele>2108.03</ele>
      </trkpt>
      <trkpt lat="34.98509" lon="-111.82015">
        <ele>2108.03</ele>
      </trkpt>
      <trkpt lat="34.9851" lon="-111.8202">
        <ele>2107.77</ele>
      </trkpt>
      <trkpt lat="34.9851" lon="-111.82024">
        <ele>2107.38</ele>
      </trkpt>
      <trkpt lat="34.98512" lon="-111.82028">
        <ele>2106.99</ele>
      </trkpt>
      <trkpt lat="34.98514" lon="-111.82033">
        <ele>2106.71</ele>
      </trkpt>
      <trkpt lat="34.98515" lon="-111.82038">
        <ele>2106.34</ele>
      </trkpt>
      <trkpt lat="34.98516" lon="-111.82041">
        <ele>2106.16</ele>
      </trkpt>
      <trkpt lat="34.98517" lon="-111.82048">
        <ele>2105.82</ele>
      </trkpt>
      <trkpt lat="34.98517" lon="-111.82052">
        <ele>2105.38</ele>
      </trkpt>
      <trkpt lat="34.98517" lon="-111.82057">
        <ele>2104.87</ele>
      </trkpt>
      <trkpt lat="34.98517" lon="-111.82063">
        <ele>2104.33</ele>
      </trkpt>
      <trkpt lat="34.98517" lon="-111.82071">
        <ele>2104.05</ele>
      </trkpt>
      <trkpt lat="34.98517" lon="-111.8208">
        <ele>2103.36</ele>
      </trkpt>
      <trkpt lat="34.98517" lon="-111.82091">
        <ele>2102.17</ele>
      </trkpt>
      <trkpt lat="34.98516" lon="-111.82099">
        <ele>2101.5</ele>
      </trkpt>
      <trkpt lat="34.98516" lon="-111.82108">
        <ele>2101.09</ele>
      </trkpt>
      <trkpt lat="34.98515" lon="-111.82117">
        <ele>2100.61</ele>
      </trkpt>
      <trkpt lat="34.98514" lon="-111.82126">
        <ele>2100.19</ele>
      </trkpt>
      <trkpt lat="34.98511" lon="-111.82135">
        <ele>2099.89</ele>
      </trkpt>
      <trkpt lat="34.98508" lon="-111.82144">
        <ele>2099.52</ele>
      </trkpt>
      <trkpt lat="34.98506" lon="-111.82152">
        <ele>2099.21</ele>
      </trkpt>
      <trkpt lat="34.98504" lon="-111.82161">
        <ele>2099.0</ele>
      </trkpt>
      <trkpt lat="34.98503" lon="-111.8217">
        <ele>2099.0</ele>
      </trkpt>
      <trkpt lat="34.98503" lon="-111.82176">
        <ele>2099.0</ele>
      </trkpt>
      <trkpt lat="34.98503" lon="-111.82182">
        <ele>2099.0</ele>
      </trkpt>
      <trkpt lat="34.98504" lon="-111.8219">
        <ele>2099.0</ele>
      </trkpt>
      <trkpt lat="34.98505" lon="-111.82197">
        <ele>2099.0</ele>
      </trkpt>
      <trkpt lat="34.98507" lon="-111.82202">
        <ele>2099.0</ele>
      </trkpt>
      <trkpt lat="34.98508" lon="-111.82206">
        <ele>2099.03</ele>
      </trkpt>
      <trkpt lat="34.9851" lon="-111.82212">
        <ele>2099.0</ele>
      </trkpt>
      <trkpt lat="34.98513" lon="-111.82215">
        <ele>2099.13</ele>
      </trkpt>
      <trkpt lat="34.98516" lon="-111.82219">
        <ele>2099.18</ele>
      </trkpt>
      <trkpt lat="34.9852" lon="-111.82224">
        <ele>2099.16</ele>
      </trkpt>
      <trkpt lat="34.98523" lon="-111.82228">
        <ele>2099.32</ele>
      </trkpt>
      <trkpt lat="34.98525" lon="-111.82232">
        <ele>2099.34</ele>
      </trkpt>
      <trkpt lat="34.98527" lon="-111.82236">
        <ele>2099.53</ele>
      </trkpt>
      <trkpt lat="34.9853" lon="-111.8224">
        <ele>2099.92</ele>
      </trkpt>
      <trkpt lat="34.98532" lon="-111.82243">
        <ele>2100.13</ele>
      </trkpt>
      <trkpt lat="34.98535" lon="-111.82247">
        <ele>2100.15</ele>
      </trkpt>
      <trkpt lat="34.98539" lon="-111.8225">
        <ele>2100.0</ele>
      </trkpt>
      <trkpt lat="34.98542" lon="-111.82255">
        <ele>2100.54</ele>
      </trkpt>
      <trkpt lat="34.98546" lon="-111.82259">
        <ele>2100.97</ele>
      </trkpt>
      <trkpt lat="34.9855" lon="-111.82263">
        <ele>2101.0</ele>
      </trkpt>
      <trkpt lat="34.98554" lon="-111.82267">
        <ele>2101.0</ele>
      </trkpt>
      <trkpt lat="34.98557" lon="-111.82271">
        <ele>2101.27</ele>
      </trkpt>
      <trkpt lat="34.9856" lon="-111.82275">
        <ele>2101.7</ele>
      </trkpt>
      <trkpt lat="34.98564" lon="-111.82279">
        <ele>2102.13</ele>
      </trkpt>
      <trkpt lat="34.98568" lon="-111.82284">
        <ele>2102.33</ele>
      </trkpt>
      <trkpt lat="34.98571" lon="-111.8229">
        <ele>2102.55</ele>
      </trkpt>
      <trkpt lat="34.98573" lon="-111.82295">
        <ele>2102.88</ele>
      </trkpt>
      <trkpt lat="34.98576" lon="-111.82301">
        <ele>2103.51</ele>
      </trkpt>
      <trkpt lat="34.98579" lon="-111.82307">
        <ele>2104.0</ele>
      </trkpt>
      <trkpt lat="34.98582" lon="-111.82313">
        <ele>2104.0</ele>
      </trkpt>
      <trkpt lat="34.98585" lon="-111.82319">
        <ele>2104.37</ele>
      </trkpt>
      <trkpt lat="34.98587" lon="-111.82324">
        <ele>2104.6</ele>
      </trkpt>
      <trkpt lat="34.98589" lon="-111.82329">
        <ele>2104.71</ele>
      </trkpt>
      <trkpt lat="34.98591" lon="-111.82334">
        <ele>2105.01</ele>
      </trkpt>
      <trkpt lat="34.98592" lon="-111.82339">
        <ele>2105.04</ele>
      </trkpt>
      <trkpt lat="34.98593" lon="-111.82344">
        <ele>2105.15</ele>
      </trkpt>
      <trkpt lat="34.98594" lon="-111.82348">
        <ele>2105.5</ele>
      </trkpt>
      <trkpt lat="34.98594" lon="-111.82352">
        <ele>2105.85</ele>
      </trkpt>
      <trkpt lat="34.98595" lon="-111.82356">
        <ele>2105.86</ele>
      </trkpt>
      <trkpt lat="34.98596" lon="-111.82362">
        <ele>2106.0</ele>
      </trkpt>
      <trkpt lat="34.98598" lon="-111.82367">
        <ele>2106.0</ele>
      </trkpt>
      <trkpt lat="34.98598" lon="-111.82373">
        <ele>2106.12</ele>
      </trkpt>
      <trkpt lat="34.98599" lon="-111.82379">
        <ele>2106.29</ele>
      </trkpt>
      <trkpt lat="34.986" lon="-111.82385">
        <ele>2106.2</ele>
      </trkpt>
      <trkpt lat="34.98601" lon="-111.8239">
        <ele>2106.2</ele>
      </trkpt>
      <trkpt lat="34.98602" lon="-111.82396">
        <ele>2106.76</ele>
      </trkpt>
      <trkpt lat="34.98602" lon="-111.824">
        <ele>2106.98</ele>
      </trkpt>
      <trkpt lat="34.98602" lon="-111.82405">
        <ele>2106.98</ele>
      </trkpt>
      <trkpt lat="34.98602" lon="-111.82408">
        <ele>2106.98</ele>
      </trkpt>
      <trkpt lat="34.98602" lon="-111.82412">
        <ele>2106.98</ele>
      </trkpt>
      <trkpt lat="34.98602" lon="-111.82416">
        <ele>2106.98</ele>
      </trkpt>
      <trkpt lat="34.98603" lon="-111.8242">
        <ele>2106.88</ele>
      </trkpt>
      <trkpt lat="34.98603" lon="-111.82424">
        <ele>2106.88</ele>
      </trkpt>
      <trkpt lat="34.98603" lon="-111.82428">
        <ele>2106.68</ele>
      </trkpt>
      <trkpt lat="34.98603" lon="-111.82433">
        <ele>2106.21</ele>
      </trkpt>
      <trkpt lat="34.98602" lon="-111.82438">
        <ele>2106.0</ele>
      </trkpt>
      <trkpt lat="34.98602" lon="-111.82446">
        <ele>2106.0</ele>
      </trkpt>
      <trkpt lat="34.986" lon="-111.82455">
        <ele>2106.17</ele>
      </trkpt>
      <trkpt lat="34.986" lon="-111.8246">
        <ele>2106.06</ele>
      </trkpt>
      <trkpt lat="34.986" lon="-111.82465">
        <ele>2106.0</ele>
      </trkpt>
      <trkpt lat="34.986" lon="-111.8247">
        <ele>2106.0</ele>
      </trkpt>
      <trkpt lat="34.98601" lon="-111.82476">
        <ele>2105.63</ele>
      </trkpt>
      <trkpt lat="34.98601" lon="-111.82482">
        <ele>2105.09</ele>
      </trkpt>
      <trkpt lat="34.98602" lon="-111.82487">
        <ele>2105.0</ele>
      </trkpt>
      <trkpt lat="34.98603" lon="-111.82494">
        <ele>2105.0</ele>
      </trkpt>
      <trkpt lat="34.98604" lon="-111.825">
        <ele>2105.0</ele>
      </trkpt>
      <trkpt lat="34.98606" lon="-111.82507">
        <ele>2105.0</ele>
      </trkpt>
      <trkpt lat="34.98608" lon="-111.82513">
        <ele>2104.6</ele>
      </trkpt>
      <trkpt lat="34.9861" lon="-111.82521">
        <ele>2104.0</ele>
      </trkpt>
      <trkpt lat="34.98612" lon="-111.82528">
        <ele>2104.0</ele>
      </trkpt>
      <trkpt lat="34.98613" lon="-111.82535">
        <ele>2104.0</ele>
      </trkpt>
      <trkpt lat="34.98615" lon="-111.82543">
        <ele>2104.0</ele>
      </trkpt>
      <trkpt lat="34.98616" lon="-111.82549">
        <ele>2103.85</ele>
      </trkpt>
      <trkpt lat="34.98616" lon="-111.82556">
        <ele>2103.45</ele>
      </trkpt>
      <trkpt lat="34.98616" lon="-111.82563">
        <ele>2103.09</ele>
      </trkpt>
      <trkpt lat="34.98616" lon="-111.82569">
        <ele>2103.0</ele>
      </trkpt>
      <trkpt lat="34.98615" lon="-111.82576">
        <ele>2103.0</ele>
      </trkpt>
      <trkpt lat="34.98614" lon="-111.82583">
        <ele>2103.0</ele>
      </trkpt>
      <trkpt lat="34.98613" lon="-111.82589">
        <ele>2103.0</ele>
      </trkpt>
      <trkpt lat="34.98612" lon="-111.82594">
        <ele>2103.0</ele>
      </trkpt>
      <trkpt lat="34.98611" lon="-111.82601">
        <ele>2103.0</ele>
      </trkpt>
      <trkpt lat="34.9861" lon="-111.82608">
        <ele>2103.0</ele>
      </trkpt>
      <trkpt lat="34.98609" lon="-111.82613">
        <ele>2103.0</ele>
      </trkpt>
      <trkpt lat="34.98608" lon="-111.82617">
        <ele>2103.0</ele>
      </trkpt>
      <trkpt lat="34.98607" lon="-111.82621">
        <ele>2103.0</ele>
      </trkpt>
      <trkpt lat="34.98605" lon="-111.82626">
        <ele>2103.0</ele>
      </trkpt>
      <trkpt lat="34.98603" lon="-111.82632">
        <ele>2103.0</ele>
      </trkpt>
      <trkpt lat="34.98602" lon="-111.82638">
        <ele>2103.0</ele>
      </trkpt>
      <trkpt lat="34.98601" lon="-111.82644">
        <ele>2102.91</ele>
      </trkpt>
      <trkpt lat="34.986" lon="-111.82649">
        <ele>2102.73</ele>
      </trkpt>
      <trkpt lat="34.98599" lon="-111.82655">
        <ele>2102.18</ele>
      </trkpt>
      <trkpt lat="34.98598" lon="-111.8266">
        <ele>2102.0</ele>
      </trkpt>
      <trkpt lat="34.98598" lon="-111.82666">
        <ele>2102.0</ele>
      </trkpt>
      <trkpt lat="34.98597" lon="-111.8267">
        <ele>2102.0</ele>
      </trkpt>
      <trkpt lat="34.98597" lon="-111.82676">
        <ele>2102.0</ele>
      </trkpt>
      <trkpt lat="34.98596" lon="-111.8268">
        <ele>2101.72</ele>
      </trkpt>
      <trkpt lat="34.98596" lon="-111.82686">
        <ele>2101.37</ele>
      </trkpt>
      <trkpt lat="34.98595" lon="-111.8269">
        <ele>2101.26</ele>
      </trkpt>
      <trkpt lat="34.98595" lon="-111.82694">
        <ele>2101.26</ele>
      </trkpt>
      <trkpt lat="34.98594" lon="-111.82699">
        <ele>2101.08</ele>
      </trkpt>
      <trkpt lat="34.98594" lon="-111.82703">
        <ele>2101.01</ele>
      </trkpt>
      <trkpt lat="34.98593" lon="-111.82708">
        <ele>2100.56</ele>
      </trkpt>
      <trkpt lat="34.98592" lon="-111.82713">
        <ele>2100.0</ele>
      </trkpt>
      <trkpt lat="34.98592" lon="-111.82719">
        <ele>2099.96</ele>
      </trkpt>
      <trkpt lat="34.98591" lon="-111.82726">
        <ele>2099.42</ele>
      </trkpt>
      <trkpt lat="34.98591" lon="-111.8273">
        <ele>2098.99</ele>
      </trkpt>
      <trkpt lat="34.98591" lon="-111.82735">
        <ele>2098.45</ele>
      </trkpt>
      <trkpt lat="34.98591" lon="-111.82739">
        <ele>2098.02</ele>
      </trkpt>
      <trkpt lat="34.98591" lon="-111.82743">
        <ele>2097.58</ele>
      </trkpt>
      <trkpt lat="34.98592" lon="-111.82747">
        <ele>2097.26</ele>
      </trkpt>
      <trkpt lat="34.98593" lon="-111.82751">
        <ele>2096.94</ele>
      </trkpt>
      <trkpt lat="34.98595" lon="-111.82755">
        <ele>2096.72</ele>
      </trkpt>
      <trkpt lat="34.98596" lon="-111.82759">
        <ele>2096.4</ele>
      </trkpt>
      <trkpt lat="34.98598" lon="-111.82764">
        <ele>2095.56</ele>
      </trkpt>
      <trkpt lat="34.986" lon="-111.82769">
        <ele>2094.75</ele>
      </trkpt>
      <trkpt lat="34.98601" lon="-111.82775">
        <ele>2094.21</ele>
      </trkpt>
      <trkpt lat="34.98603" lon="-111.82781">
        <ele>2093.73</ele>
      </trkpt>
      <trkpt lat="34.98603" lon="-111.82784">
        <ele>2093.37</ele>
      </trkpt>
      <trkpt lat="34.98604" lon="-111.82788">
        <ele>2092.82</ele>
      </trkpt>
      <trkpt lat="34.98606" lon="-111.82792">
        <ele>2092.17</ele>
      </trkpt>
      <trkpt lat="34.98608" lon="-111.82797">
        <ele>2091.59</ele>
      </trkpt>
      <trkpt lat="34.9861" lon="-111.82801">
        <ele>2091.37</ele>
      </trkpt>
      <trkpt lat="34.98612" lon="-111.82805">
        <ele>2091.07</ele>
      </trkpt>
      <trkpt lat="34.98614" lon="-111.82808">
        <ele>2090.55</ele>
      </trkpt>
      <trkpt lat="34.98616" lon="-111.82813">
        <ele>2089.82</ele>
      </trkpt>
      <trkpt lat="34.98618" lon="-111.82818">
        <ele>2089.49</ele>
      </trkpt>
      <trkpt lat="34.98621" lon="-111.82826">
        <ele>2088.79</ele>
      </trkpt>
      <trkpt lat="34.98627" lon="-111.82836">
        <ele>2087.92</ele>
      </trkpt>
      <trkpt lat="34.98632" lon="-111.82841">
        <ele>2088.04</ele>
      </trkpt>
      <trkpt lat="34.98636" lon="-111.82848">
        <ele>2087.42</ele>
      </trkpt>
      <trkpt lat="34.98641" lon="-111.82853">
        <ele>2087.0</ele>
      </trkpt>
      <trkpt lat="34.98645" lon="-111.82857">
        <ele>2087.0</ele>
      </trkpt>
      <trkpt lat="34.9865" lon="-111.82863">
        <ele>2086.64</ele>
      </trkpt>
      <trkpt lat="34.98654" lon="-111.82868">
        <ele>2086.09</ele>
      </trkpt>
      <trkpt lat="34.9866" lon="-111.82874">
        <ele>2085.89</ele>
      </trkpt>
      <trkpt lat="34.98665" lon="-111.8288">
        <ele>2085.18</ele>
      </trkpt>
      <trkpt lat="34.98671" lon="-111.82884">
        <ele>2084.78</ele>
      </trkpt>
      <trkpt lat="34.98677" lon="-111.82889">
        <ele>2083.88</ele>
      </trkpt>
      <trkpt lat="34.98683" lon="-111.82894">
        <ele>2083.24</ele>
      </trkpt>
      <trkpt lat="34.98688" lon="-111.82901">
        <ele>2083.0</ele>
      </trkpt>
      <trkpt lat="34.98691" lon="-111.82906">
        <ele>2083.0</ele>
      </trkpt>
      <trkpt lat="34.98695" lon="-111.82911">
        <ele>2082.98</ele>
      </trkpt>
      <trkpt lat="34.98698" lon="-111.82918">
        <ele>2082.67</ele>
      </trkpt>
      <trkpt lat="34.987" lon="-111.82926">
        <ele>2083.0</ele>
      </trkpt>
      <trkpt lat="34.98704" lon="-111.82931">
        <ele>2082.46</ele>
      </trkpt>
      <trkpt lat="34.98707" lon="-111.82939">
        <ele>2082.62</ele>
      </trkpt>
      <trkpt lat="34.98711" lon="-111.82946">
        <ele>2083.0</ele>
      </trkpt>
      <trkpt lat="34.98716" lon="-111.82951">
        <ele>2082.77</ele>
      </trkpt>
      <trkpt lat="34.98721" lon="-111.82956">
        <ele>2082.13</ele>
      </trkpt>
      <trkpt lat="34.98726" lon="-111.82962">
        <ele>2082.41</ele>
      </trkpt>
      <trkpt lat="34.98732" lon="-111.82967">
        <ele>2083.0</ele>
      </trkpt>
      <trkpt lat="34.98738" lon="-111.82973">
        <ele>2083.0</ele>
      </trkpt>
      <trkpt lat="34.98744" lon="-111.82978">
        <ele>2083.0</ele>
      </trkpt>
      <trkpt lat="34.98751" lon="-111.82984">
        <ele>2083.0</ele>
      </trkpt>
      <trkpt lat="34.98758" lon="-111.8299">
        <ele>2083.0</ele>
      </trkpt>
      <trkpt lat="34.98765" lon="-111.82995">
        <ele>2082.54</ele>
      </trkpt>
      <trkpt lat="34.98771" lon="-111.83001">
        <ele>2082.24</ele>
      </trkpt>
      <trkpt lat="34.98775" lon="-111.83007">
        <ele>2082.17</ele>
      </trkpt>
      <trkpt lat="34.9878" lon="-111.83013">
        <ele>2082.14</ele>
      </trkpt>
      <trkpt lat="34.98784" lon="-111.83018">
        <ele>2082.04</ele>
      </trkpt>
      <trkpt lat="34.98788" lon="-111.83021">
        <ele>2082.08</ele>
      </trkpt>
      <trkpt lat="34.98791" lon="-111.83024">
        <ele>2082.17</ele>
      </trkpt>
      <trkpt lat="34.98795" lon="-111.83027">
        <ele>2082.07</ele>
      </trkpt>
      <trkpt lat="34.98798" lon="-111.83032">
        <ele>2082.1</ele>
      </trkpt>
      <trkpt lat="34.988" lon="-111.83036">
        <ele>2082.04</ele>
      </trkpt>
      <trkpt lat="34.98804" lon="-111.83042">
        <ele>2082.0</ele>
      </trkpt>
      <trkpt lat="34.98802" lon="-111.83045">
        <ele>2082.0</ele>
      </trkpt>
      <trkpt lat="34.98804" lon="-111.83048">
        <ele>2081.97</ele>
      </trkpt>
      <trkpt lat="34.98809" lon="-111.83051">
        <ele>2082.0</ele>
      </trkpt>
      <trkpt lat="34.98814" lon="-111.83057">
        <ele>2081.99</ele>
      </trkpt>
      <trkpt lat="34.98819" lon="-111.83062">
        <ele>2082.14</ele>
      </trkpt>
      <trkpt lat="34.98823" lon="-111.83067">
        <ele>2082.0</ele>
      </trkpt>
      <trkpt lat="34.98827" lon="-111.83072">
        <ele>2082.0</ele>
      </trkpt>
      <trkpt lat="34.98832" lon="-111.83076">
        <ele>2081.97</ele>
      </trkpt>
      <trkpt lat="34.98836" lon="-111.83081">
        <ele>2082.0</ele>
      </trkpt>
      <trkpt lat="34.9884" lon="-111.83085">
        <ele>2081.82</ele>
      </trkpt>
      <trkpt lat="34.98844" lon="-111.83089">
        <ele>2081.39</ele>
      </trkpt>
      <trkpt lat="34.98848" lon="-111.83093">
        <ele>2081.0</ele>
      </trkpt>
      <trkpt lat="34.98851" lon="-111.83098">
        <ele>2081.0</ele>
      </trkpt>
      <trkpt lat="34.98854" lon="-111.83102">
        <ele>2081.0</ele>
      </trkpt>
      <trkpt lat="34.98858" lon="-111.83107">
        <ele>2081.0</ele>
      </trkpt>
      <trkpt lat="34.98862" lon="-111.83111">
        <ele>2081.0</ele>
      </trkpt>
      <trkpt lat="34.98866" lon="-111.83117">
        <ele>2081.0</ele>
      </trkpt>
      <trkpt lat="34.98869" lon="-111.83122">
        <ele>2080.82</ele>
      </trkpt>
      <trkpt lat="34.98873" lon="-111.83127">
        <ele>2080.28</ele>
      </trkpt>
      <trkpt lat="34.98876" lon="-111.83133">
        <ele>2080.0</ele>
      </trkpt>
      <trkpt lat="34.9888" lon="-111.83137">
        <ele>2080.01</ele>
      </trkpt>
      <trkpt lat="34.98883" lon="-111.83142">
        <ele>2080.0</ele>
      </trkpt>
      <trkpt lat="34.98887" lon="-111.83146">
        <ele>2080.0</ele>
      </trkpt>
      <trkpt lat="34.9889" lon="-111.83153">
        <ele>2080.0</ele>
      </trkpt>
      <trkpt lat="34.98894" lon="-111.8316">
        <ele>2080.0</ele>
      </trkpt>
      <trkpt lat="34.98899" lon="-111.83168">
        <ele>2080.0</ele>
      </trkpt>
      <trkpt lat="34.98904" lon="-111.83176">
        <ele>2079.99</ele>
      </trkpt>
      <trkpt lat="34.98909" lon="-111.83182">
        <ele>2079.28</ele>
      </trkpt>
      <trkpt lat="34.98913" lon="-111.83188">
        <ele>2079.0</ele>
      </trkpt>
      <trkpt lat="34.98919" lon="-111.83194">
        <ele>2079.0</ele>
      </trkpt>
      <trkpt lat="34.98926" lon="-111.83201">
        <ele>2079.0</ele>
      </trkpt>
      <trkpt lat="34.98932" lon="-111.83207">
        <ele>2079.0</ele>
      </trkpt>
      <trkpt lat="34.98939" lon="-111.83212">
        <ele>2078.63</ele>
      </trkpt>
      <trkpt lat="34.98947" lon="-111.83218">
        <ele>2078.0</ele>
      </trkpt>
      <trkpt lat="34.98954" lon="-111.83223">
        <ele>2078.0</ele>
      </trkpt>
      <trkpt lat="34.9896" lon="-111.83228">
        <ele>2078.0</ele>
      </trkpt>
      <trkpt lat="34.98967" lon="-111.83234">
        <ele>2078.0</ele>
      </trkpt>
      <trkpt lat="34.98974" lon="-111.83239">
        <ele>2078.0</ele>
      </trkpt>
      <trkpt lat="34.98979" lon="-111.83244">
        <ele>2077.74</ele>
      </trkpt>
      <trkpt lat="34.98985" lon="-111.83248">
        <ele>2077.22</ele>
      </trkpt>
      <trkpt lat="34.98991" lon="-111.83253">
        <ele>2077.0</ele>
      </trkpt>
      <trkpt lat="34.98999" lon="-111.83259">
        <ele>2077.0</ele>
      </trkpt>
      <trkpt lat="34.99005" lon="-111.83265">
        <ele>2077.0</ele>
      </trkpt>
      <trkpt lat="34.99014" lon="-111.83273">
        <ele>2077.0</ele>
      </trkpt>
      <trkpt lat="34.99024" lon="-111.83281">
        <ele>2077.0</ele>
      </trkpt>
      <trkpt lat="34.99031" lon="-111.83286">
        <ele>2077.0</ele>
      </trkpt>
      <trkpt lat="34.99038" lon="-111.83291">
        <ele>2076.57</ele>
      </trkpt>
      <trkpt lat="34.99042" lon="-111.83296">
        <ele>2076.03</ele>
      </trkpt>
      <trkpt lat="34.99047" lon="-111.83301">
        <ele>2076.04</ele>
      </trkpt>
      <trkpt lat="34.99053" lon="-111.83305">
        <ele>2076.04</ele>
      </trkpt>
      <trkpt lat="34.99059" lon="-111.83309">
        <ele>2076.0</ele>
      </trkpt>
      <trkpt lat="34.99065" lon="-111.83314">
        <ele>2076.0</ele>
      </trkpt>
      <trkpt lat="34.99069" lon="-111.83318">
        <ele>2076.0</ele>
      </trkpt>
      <trkpt lat="34.99073" lon="-111.83323">
        <ele>2076.0</ele>
      </trkpt>
      <trkpt lat="34.99078" lon="-111.83329">
        <ele>2076.0</ele>
      </trkpt>
      <trkpt lat="34.99084" lon="-111.83331">
        <ele>2076.0</ele>
      </trkpt>
      <trkpt lat="34.99092" lon="-111.83332">
        <ele>2076.0</ele>
      </trkpt>
      <trkpt lat="34.991" lon="-111.83334">
        <ele>2076.0</ele>
      </trkpt>
      <trkpt lat="34.99106" lon="-111.83336">
        <ele>2076.0</ele>
      </trkpt>
      <trkpt lat="34.99113" lon="-111.83341">
        <ele>2076.0</ele>
      </trkpt>
      <trkpt lat="34.99122" lon="-111.83348">
        <ele>2076.0</ele>
      </trkpt>
      <trkpt lat="34.99127" lon="-111.83353">
        <ele>2076.0</ele>
      </trkpt>
      <trkpt lat="34.99131" lon="-111.83359">
        <ele>2076.0</ele>
      </trkpt>
      <trkpt lat="34.99134" lon="-111.83367">
        <ele>2076.0</ele>
      </trkpt>
      <trkpt lat="34.99139" lon="-111.83374">
        <ele>2076.0</ele>
      </trkpt>
      <trkpt lat="34.99145" lon="-111.83382">
        <ele>2076.0</ele>
      </trkpt>
      <trkpt lat="34.99152" lon="-111.83388">
        <ele>2075.96</ele>
      </trkpt>
      <trkpt lat="34.99158" lon="-111.83393">
        <ele>2076.0</ele>
      </trkpt>
      <trkpt lat="34.99164" lon="-111.83398">
        <ele>2076.0</ele>
      </trkpt>
      <trkpt lat="34.99171" lon="-111.83404">
        <ele>2076.0</ele>
      </trkpt>
      <trkpt lat="34.99177" lon="-111.83408">
        <ele>2076.0</ele>
      </trkpt>
      <trkpt lat="34.99183" lon="-111.83415">
        <ele>2076.0</ele>
      </trkpt>
      <trkpt lat="34.99189" lon="-111.83421">
        <ele>2076.0</ele>
      </trkpt>
      <trkpt lat="34.99196" lon="-111.83426">
        <ele>2076.0</ele>
      </trkpt>
      <trkpt lat="34.99203" lon="-111.83431">
        <ele>2076.0</ele>
      </trkpt>
      <trkpt lat="34.99207" lon="-111.83436">
        <ele>2075.94</ele>
      </trkpt>
      <trkpt lat="34.99214" lon="-111.8344">
        <ele>2076.0</ele>
      </trkpt>
      <trkpt lat="34.99221" lon="-111.83443">
        <ele>2076.0</ele>
      </trkpt>
      <trkpt lat="34.9923" lon="-111.83444">
        <ele>2076.0</ele>
      </trkpt>
      <trkpt lat="34.99237" lon="-111.83444">
        <ele>2076.0</ele>
      </trkpt>
      <trkpt lat="34.99243" lon="-111.83444">
        <ele>2075.77</ele>
      </trkpt>
      <trkpt lat="34.99251" lon="-111.83444">
        <ele>2075.15</ele>
      </trkpt>
      <trkpt lat="34.99257" lon="-111.83443">
        <ele>2075.79</ele>
      </trkpt>
      <trkpt lat="34.99265" lon="-111.83442">
        <ele>2075.84</ele>
      </trkpt>
      <trkpt lat="34.99272" lon="-111.8344">
        <ele>2075.7</ele>
      </trkpt>
      <trkpt lat="34.99279" lon="-111.83439">
        <ele>2076.0</ele>
      </trkpt>
      <trkpt lat="34.99287" lon="-111.83438">
        <ele>2076.0</ele>
      </trkpt>
      <trkpt lat="34.99295" lon="-111.83437">
        <ele>2076.0</ele>
      </trkpt>
      <trkpt lat="34.99304" lon="-111.83437">
        <ele>2076.0</ele>
      </trkpt>
      <trkpt lat="34.99311" lon="-111.83436">
        <ele>2075.41</ele>
      </trkpt>
      <trkpt lat="34.99317" lon="-111.83437">
        <ele>2075.0</ele>
      </trkpt>
      <trkpt lat="34.99324" lon="-111.83437">
        <ele>2075.0</ele>
      </trkpt>
      <trkpt lat="34.9933" lon="-111.83437">
        <ele>2075.0</ele>
      </trkpt>
      <trkpt lat="34.99338" lon="-111.83438">
        <ele>2074.85</ele>
      </trkpt>
      <trkpt lat="34.99346" lon="-111.8344">
        <ele>2074.3</ele>
      </trkpt>
      <trkpt lat="34.99353" lon="-111.83441">
        <ele>2074.05</ele>
      </trkpt>
      <trkpt lat="34.99362" lon="-111.83444">
        <ele>2074.05</ele>
      </trkpt>
      <trkpt lat="34.99369" lon="-111.83447">
        <ele>2073.72</ele>
      </trkpt>
      <trkpt lat="34.99377" lon="-111.83448">
        <ele>2073.62</ele>
      </trkpt>
      <trkpt lat="34.99383" lon="-111.83449">
        <ele>2073.51</ele>
      </trkpt>
      <trkpt lat="34.99389" lon="-111.8345">
        <ele>2073.4</ele>
      </trkpt>
      <trkpt lat="34.99396" lon="-111.83452">
        <ele>2073.18</ele>
      </trkpt>
      <trkpt lat="34.99402" lon="-111.83453">
        <ele>2073.08</ele>
      </trkpt>
      <trkpt lat="34.99408" lon="-111.83455">
        <ele>2073.0</ele>
      </trkpt>
      <trkpt lat="34.99414" lon="-111.83456">
        <ele>2073.0</ele>
      </trkpt>
      <trkpt lat="34.9942" lon="-111.83457">
        <ele>2073.0</ele>
      </trkpt>
      <trkpt lat="34.99426" lon="-111.83458">
        <ele>2073.0</ele>
      </trkpt>
      <trkpt lat="34.99431" lon="-111.8346">
        <ele>2073.0</ele>
      </trkpt>
      <trkpt lat="34.99436" lon="-111.83464">
        <ele>2073.0</ele>
      </trkpt>
      <trkpt lat="34.9944" lon="-111.83469">
        <ele>2073.0</ele>
      </trkpt>
      <trkpt lat="34.99444" lon="-111.83474">
        <ele>2073.0</ele>
      </trkpt>
      <trkpt lat="34.99447" lon="-111.8348">
        <ele>2073.0</ele>
      </trkpt>
      <trkpt lat="34.99449" lon="-111.83486">
        <ele>2073.0</ele>
      </trkpt>
      <trkpt lat="34.99452" lon="-111.83493">
        <ele>2073.0</ele>
      </trkpt>
      <trkpt lat="34.99454" lon="-111.83498">
        <ele>2073.0</ele>
      </trkpt>
      <trkpt lat="34.99455" lon="-111.83504">
        <ele>2073.0</ele>
      </trkpt>
      <trkpt lat="34.99458" lon="-111.8351">
        <ele>2073.0</ele>
      </trkpt>
      <trkpt lat="34.99461" lon="-111.83514">
        <ele>2073.0</ele>
      </trkpt>
      <trkpt lat="34.99465" lon="-111.83518">
        <ele>2073.0</ele>
      </trkpt>
      <trkpt lat="34.99468" lon="-111.83521">
        <ele>2073.0</ele>
      </trkpt>
      <trkpt lat="34.99472" lon="-111.83525">
        <ele>2073.0</ele>
      </trkpt>
      <trkpt lat="34.99476" lon="-111.83528">
        <ele>2073.0</ele>
      </trkpt>
      <trkpt lat="34.99479" lon="-111.8353">
        <ele>2073.0</ele>
      </trkpt>
      <trkpt lat="34.99482" lon="-111.83532">
        <ele>2073.0</ele>
      </trkpt>
      <trkpt lat="34.99485" lon="-111.83534">
        <ele>2073.0</ele>
      </trkpt>
      <trkpt lat="34.99487" lon="-111.83535">
        <ele>2073.0</ele>
      </trkpt>
      <trkpt lat="34.9949" lon="-111.83536">
        <ele>2073.0</ele>
      </trkpt>
      <trkpt lat="34.99493" lon="-111.83537">
        <ele>2073.0</ele>
      </trkpt>
      <trkpt lat="34.99497" lon="-111.83539">
        <ele>2073.0</ele>
      </trkpt>
      <trkpt lat="34.995" lon="-111.83541">
        <ele>2073.0</ele>
      </trkpt>
      <trkpt lat="34.99504" lon="-111.83544">
        <ele>2073.0</ele>
      </trkpt>
      <trkpt lat="34.99508" lon="-111.83546">
        <ele>2073.0</ele>
      </trkpt>
      <trkpt lat="34.99512" lon="-111.8355">
        <ele>2073.0</ele>
      </trkpt>
      <trkpt lat="34.99516" lon="-111.83555">
        <ele>2073.0</ele>
      </trkpt>
      <trkpt lat="34.9952" lon="-111.8356">
        <ele>2073.0</ele>
      </trkpt>
      <trkpt lat="34.99525" lon="-111.83565">
        <ele>2073.0</ele>
      </trkpt>
      <trkpt lat="34.99529" lon="-111.83569">
        <ele>2073.0</ele>
      </trkpt>
      <trkpt lat="34.99534" lon="-111.83574">
        <ele>2073.0</ele>
      </trkpt>
      <trkpt lat="34.99539" lon="-111.83581">
        <ele>2073.0</ele>
      </trkpt>
      <trkpt lat="34.99543" lon="-111.83586">
        <ele>2073.0</ele>
      </trkpt>
      <trkpt lat="34.99547" lon="-111.83591">
        <ele>2073.0</ele>
      </trkpt>
      <trkpt lat="34.99552" lon="-111.83595">
        <ele>2073.0</ele>
      </trkpt>
      <trkpt lat="34.99557" lon="-111.836">
        <ele>2072.97</ele>
      </trkpt>
      <trkpt lat="34.99562" lon="-111.83604">
        <ele>2073.0</ele>
      </trkpt>
      <trkpt lat="34.99568" lon="-111.83608">
        <ele>2072.88</ele>
      </trkpt>
      <trkpt lat="34.99572" lon="-111.83612">
        <ele>2073.0</ele>
      </trkpt>
      <trkpt lat="34.99575" lon="-111.83617">
        <ele>2073.0</ele>
      </trkpt>
      <trkpt lat="34.99578" lon="-111.83621">
        <ele>2073.0</ele>
      </trkpt>
      <trkpt lat="34.99579" lon="-111.83625">
        <ele>2073.0</ele>
      </trkpt>
      <trkpt lat="34.99581" lon="-111.83628">
        <ele>2073.0</ele>
      </trkpt>
      <trkpt lat="34.99584" lon="-111.8363">
        <ele>2073.0</ele>
      </trkpt>
      <trkpt lat="34.99587" lon="-111.83632">
        <ele>2073.0</ele>
      </trkpt>
      <trkpt lat="34.9959" lon="-111.83635">
        <ele>2073.0</ele>
      </trkpt>
      <trkpt lat="34.99592" lon="-111.83638">
        <ele>2073.0</ele>
      </trkpt>
      <trkpt lat="34.99595" lon="-111.83644">
        <ele>2073.0</ele>
      </trkpt>
      <trkpt lat="34.996" lon="-111.83652">
        <ele>2073.0</ele>
      </trkpt>
      <trkpt lat="34.99606" lon="-111.8366">
        <ele>2073.0</ele>
      </trkpt>
      <trkpt lat="34.99612" lon="-111.83669">
        <ele>2073.0</ele>
      </trkpt>
      <trkpt lat="34.99616" lon="-111.83678">
        <ele>2073.0</ele>
      </trkpt>
      <trkpt lat="34.9962" lon="-111.83687">
        <ele>2073.0</ele>
      </trkpt>
      <trkpt lat="34.99624" lon="-111.83697">
        <ele>2073.0</ele>
      </trkpt>
      <trkpt lat="34.99629" lon="-111.83707">
        <ele>2073.0</ele>
      </trkpt>
      <trkpt lat="34.99632" lon="-111.83716">
        <ele>2073.0</ele>
      </trkpt>
      <trkpt lat="34.99635" lon="-111.83725">
        <ele>2073.0</ele>
      </trkpt>
      <trkpt lat="34.99639" lon="-111.83734">
        <ele>2073.0</ele>
      </trkpt>
      <trkpt lat="34.99642" lon="-111.83743">
        <ele>2073.0</ele>
      </trkpt>
      <trkpt lat="34.99645" lon="-111.83753">
        <ele>2073.0</ele>
      </trkpt>
      <trkpt lat="34.99649" lon="-111.83761">
        <ele>2073.0</ele>
      </trkpt>
      <trkpt lat="34.99653" lon="-111.8377">
        <ele>2073.0</ele>
      </trkpt>
      <trkpt lat="34.99657" lon="-111.83781">
        <ele>2072.65</ele>
      </trkpt>
      <trkpt lat="34.99661" lon="-111.83791">
        <ele>2072.0</ele>
      </trkpt>
      <trkpt lat="34.99666" lon="-111.838">
        <ele>2072.0</ele>
      </trkpt>
      <trkpt lat="34.99669" lon="-111.83808">
        <ele>2072.0</ele>
      </trkpt>
      <trkpt lat="34.99673" lon="-111.83815">
        <ele>2072.0</ele>
      </trkpt>
      <trkpt lat="34.99677" lon="-111.83824">
        <ele>2072.0</ele>
      </trkpt>
      <trkpt lat="34.99681" lon="-111.83832">
        <ele>2072.0</ele>
      </trkpt>
      <trkpt lat="34.99686" lon="-111.83841">
        <ele>2072.0</ele>
      </trkpt>
      <trkpt lat="34.9969" lon="-111.8385">
        <ele>2072.0</ele>
      </trkpt>
      <trkpt lat="34.99693" lon="-111.83857">
        <ele>2071.44</ele>
      </trkpt>
      <trkpt lat="34.99696" lon="-111.83865">
        <ele>2071.0</ele>
      </trkpt>
      <trkpt lat="34.99699" lon="-111.83872">
        <ele>2071.0</ele>
      </trkpt>
      <trkpt lat="34.99701" lon="-111.8388">
        <ele>2070.96</ele>
      </trkpt>
      <trkpt lat="34.99704" lon="-111.83887">
        <ele>2070.2</ele>
      </trkpt>
      <trkpt lat="34.99706" lon="-111.83898">
        <ele>2070.0</ele>
      </trkpt>
      <trkpt lat="34.99709" lon="-111.83905">
        <ele>2070.0</ele>
      </trkpt>
      <trkpt lat="34.99712" lon="-111.83915">
        <ele>2069.18</ele>
      </trkpt>
      <trkpt lat="34.99713" lon="-111.83925">
        <ele>2069.0</ele>
      </trkpt>
      <trkpt lat="34.99717" lon="-111.83932">
        <ele>2068.34</ele>
      </trkpt>
      <trkpt lat="34.99721" lon="-111.83939">
        <ele>2068.0</ele>
      </trkpt>
      <trkpt lat="34.99726" lon="-111.83946">
        <ele>2067.49</ele>
      </trkpt>
      <trkpt lat="34.9973" lon="-111.83954">
        <ele>2066.97</ele>
      </trkpt>
      <trkpt lat="34.99735" lon="-111.83959">
        <ele>2066.43</ele>
      </trkpt>
      <trkpt lat="34.9974" lon="-111.83964">
        <ele>2066.0</ele>
      </trkpt>
      <trkpt lat="34.99744" lon="-111.83969">
        <ele>2065.77</ele>
      </trkpt>
      <trkpt lat="34.99747" lon="-111.83973">
        <ele>2065.3</ele>
      </trkpt>
      <trkpt lat="34.99751" lon="-111.83979">
        <ele>2065.0</ele>
      </trkpt>
      <trkpt lat="34.99753" lon="-111.83985">
        <ele>2064.62</ele>
      </trkpt>
      <trkpt lat="34.99756" lon="-111.83991">
        <ele>2063.98</ele>
      </trkpt>
      <trkpt lat="34.99758" lon="-111.83998">
        <ele>2063.32</ele>
      </trkpt>
      <trkpt lat="34.99761" lon="-111.84005">
        <ele>2063.0</ele>
      </trkpt>
      <trkpt lat="34.99765" lon="-111.84012">
        <ele>2062.7</ele>
      </trkpt>
      <trkpt lat="34.99768" lon="-111.84019">
        <ele>2062.0</ele>
      </trkpt>
      <trkpt lat="34.99772" lon="-111.84024">
        <ele>2062.0</ele>
      </trkpt>
      <trkpt lat="34.99777" lon="-111.8403">
        <ele>2061.76</ele>
      </trkpt>
      <trkpt lat="34.99781" lon="-111.84037">
        <ele>2061.35</ele>
      </trkpt>
      <trkpt lat="34.99786" lon="-111.84043">
        <ele>2061.32</ele>
      </trkpt>
      <trkpt lat="34.99792" lon="-111.8405">
        <ele>2061.0</ele>
      </trkpt>
      <trkpt lat="34.99797" lon="-111.84056">
        <ele>2061.0</ele>
      </trkpt>
      <trkpt lat="34.99802" lon="-111.84062">
        <ele>2061.0</ele>
      </trkpt>
      <trkpt lat="34.99808" lon="-111.84068">
        <ele>2061.0</ele>
      </trkpt>
      <trkpt lat="34.99815" lon="-111.84075">
        <ele>2061.0</ele>
      </trkpt>
      <trkpt lat="34.99823" lon="-111.84081">
        <ele>2061.0</ele>
      </trkpt>
      <trkpt lat="34.99828" lon="-111.84087">
        <ele>2061.0</ele>
      </trkpt>
      <trkpt lat="34.99833" lon="-111.84094">
        <ele>2061.0</ele>
      </trkpt>
      <trkpt lat="34.99837" lon="-111.84102">
        <ele>2061.4</ele>
      </trkpt>
      <trkpt lat="34.99842" lon="-111.84109">
        <ele>2061.94</ele>
      </trkpt>
      <trkpt lat="34.99846" lon="-111.84116">
        <ele>2062.0</ele>
      </trkpt>
      <trkpt lat="34.99852" lon="-111.84123">
        <ele>2062.0</ele>
      </trkpt>
      <trkpt lat="34.99856" lon="-111.8413">
        <ele>2062.0</ele>
      </trkpt>
      <trkpt lat="34.9986" lon="-111.84138">
        <ele>2062.0</ele>
      </trkpt>
      <trkpt lat="34.99866" lon="-111.84146">
        <ele>2062.0</ele>
      </trkpt>
      <trkpt lat="34.99871" lon="-111.84153">
        <ele>2062.0</ele>
      </trkpt>
      <trkpt lat="34.99876" lon="-111.8416">
        <ele>2062.0</ele>
      </trkpt>
      <trkpt lat="34.9988" lon="-111.84167">
        <ele>2062.0</ele>
      </trkpt>
      <trkpt lat="34.99886" lon="-111.84174">
        <ele>2062.0</ele>
      </trkpt>
      <trkpt lat="34.99891" lon="-111.84182">
        <ele>2062.0</ele>
      </trkpt>
      <trkpt lat="34.99896" lon="-111.8419">
        <ele>2062.0</ele>
      </trkpt>
      <trkpt lat="34.999" lon="-111.84198">
        <ele>2062.0</ele>
      </trkpt>
      <trkpt lat="34.99904" lon="-111.84204">
        <ele>2062.0</ele>
      </trkpt>
      <trkpt lat="34.99908" lon="-111.8421">
        <ele>2062.0</ele>
      </trkpt>
      <trkpt lat="34.99911" lon="-111.84217">
        <ele>2062.44</ele>
      </trkpt>
      <trkpt lat="34.99915" lon="-111.84223">
        <ele>2063.0</ele>
      </trkpt>
      <trkpt lat="34.99919" lon="-111.84228">
        <ele>2063.0</ele>
      </trkpt>
      <trkpt lat="34.99923" lon="-111.84234">
        <ele>2063.27</ele>
      </trkpt>
      <trkpt lat="34.99927" lon="-111.84241">
        <ele>2064.0</ele>
      </trkpt>
      <trkpt lat="34.99931" lon="-111.84247">
        <ele>2064.0</ele>
      </trkpt>
      <trkpt lat="34.99935" lon="-111.84253">
        <ele>2064.32</ele>
      </trkpt>
      <trkpt lat="34.99938" lon="-111.84258">
        <ele>2064.86</ele>
      </trkpt>
      <trkpt lat="34.99942" lon="-111.84264">
        <ele>2065.0</ele>
      </trkpt>
      <trkpt lat="34.99948" lon="-111.8427">
        <ele>2065.0</ele>
      </trkpt>
      <trkpt lat="34.99953" lon="-111.84276">
        <ele>2065.0</ele>
      </trkpt>
      <trkpt lat="34.99957" lon="-111.84283">
        <ele>2065.56</ele>
      </trkpt>
      <trkpt lat="34.99961" lon="-111.84289">
        <ele>2066.0</ele>
      </trkpt>
      <trkpt lat="34.99963" lon="-111.84293">
        <ele>2066.0</ele>
      </trkpt>
      <trkpt lat="34.99966" lon="-111.84297">
        <ele>2066.0</ele>
      </trkpt>
      <trkpt lat="34.99969" lon="-111.843">
        <ele>2066.0</ele>
      </trkpt>
      <trkpt lat="34.99971" lon="-111.84304">
        <ele>2066.0</ele>
      </trkpt>
      <trkpt lat="34.99973" lon="-111.84308">
        <ele>2066.0</ele>
      </trkpt>
      <trkpt lat="34.99975" lon="-111.84312">
        <ele>2066.0</ele>
      </trkpt>
      <trkpt lat="34.99978" lon="-111.84315">
        <ele>2066.01</ele>
      </trkpt>
      <trkpt lat="34.9998" lon="-111.84318">
        <ele>2066.06</ele>
      </trkpt>
      <trkpt lat="34.99982" lon="-111.84321">
        <ele>2066.0</ele>
      </trkpt>
      <trkpt lat="34.99983" lon="-111.84324">
        <ele>2066.0</ele>
      </trkpt>
      <trkpt lat="34.99985" lon="-111.84326">
        <ele>2066.13</ele>
      </trkpt>
      <trkpt lat="34.99989" lon="-111.8433">
        <ele>2066.12</ele>
      </trkpt>
      <trkpt lat="34.99992" lon="-111.84336">
        <ele>2066.25</ele>
      </trkpt>
      <trkpt lat="34.99994" lon="-111.8434">
        <ele>2066.47</ele>
      </trkpt>
      <trkpt lat="34.99995" lon="-111.84343">
        <ele>2066.56</ele>
      </trkpt>
      <trkpt lat="34.99996" lon="-111.84347">
        <ele>2066.7</ele>
      </trkpt>
      <trkpt lat="35.0" lon="-111.84352">
        <ele>2067.0</ele>
      </trkpt>
      <trkpt lat="35.00001" lon="-111.84354">
        <ele>2066.92</ele>
      </trkpt>
      <trkpt lat="35.00003" lon="-111.8436">
        <ele>2066.96</ele>
      </trkpt>
      <trkpt lat="35.00005" lon="-111.84366">
        <ele>2067.0</ele>
      </trkpt>
      <trkpt lat="35.00007" lon="-111.84374">
        <ele>2067.39</ele>
      </trkpt>
      <trkpt lat="35.00011" lon="-111.8438">
        <ele>2067.82</ele>
      </trkpt>
      <trkpt lat="35.00016" lon="-111.84385">
        <ele>2067.69</ele>
      </trkpt>
      <trkpt lat="35.00022" lon="-111.8439">
        <ele>2067.62</ele>
      </trkpt>
      <trkpt lat="35.00027" lon="-111.84395">
        <ele>2067.08</ele>
      </trkpt>
      <trkpt lat="35.00033" lon="-111.84399">
        <ele>2067.04</ele>
      </trkpt>
      <trkpt lat="35.00037" lon="-111.84405">
        <ele>2067.0</ele>
      </trkpt>
      <trkpt lat="35.00044" lon="-111.84413">
        <ele>2067.15</ele>
      </trkpt>
      <trkpt lat="35.00048" lon="-111.84419">
        <ele>2067.21</ele>
      </trkpt>
      <trkpt lat="35.00053" lon="-111.84425">
        <ele>2067.25</ele>
      </trkpt>
      <trkpt lat="35.00056" lon="-111.84429">
        <ele>2067.0</ele>
      </trkpt>
      <trkpt lat="35.00061" lon="-111.84433">
        <ele>2067.0</ele>
      </trkpt>
      <trkpt lat="35.00065" lon="-111.84438">
        <ele>2067.3</ele>
      </trkpt>
      <trkpt lat="35.0007" lon="-111.84443">
        <ele>2067.37</ele>
      </trkpt>
      <trkpt lat="35.00074" lon="-111.84449">
        <ele>2067.01</ele>
      </trkpt>
      <trkpt lat="35.00078" lon="-111.84455">
        <ele>2067.08</ele>
      </trkpt>
      <trkpt lat="35.00082" lon="-111.8446">
        <ele>2067.1</ele>
      </trkpt>
      <trkpt lat="35.00087" lon="-111.84466">
        <ele>2067.2</ele>
      </trkpt>
      <trkpt lat="35.00092" lon="-111.84472">
        <ele>2067.06</ele>
      </trkpt>
      <trkpt lat="35.00096" lon="-111.84477">
        <ele>2067.33</ele>
      </trkpt>
      <trkpt lat="35.00099" lon="-111.84482">
        <ele>2067.35</ele>
      </trkpt>
      <trkpt lat="35.00103" lon="-111.84487">
        <ele>2067.52</ele>
      </trkpt>
      <trkpt lat="35.00107" lon="-111.8449">
        <ele>2067.41</ele>
      </trkpt>
      <trkpt lat="35.00111" lon="-111.84495">
        <ele>2067.01</ele>
      </trkpt>
      <trkpt lat="35.00115" lon="-111.845">
        <ele>2067.0</ele>
      </trkpt>
      <trkpt lat="35.0012" lon="-111.84506">
        <ele>2067.03</ele>
      </trkpt>
      <trkpt lat="35.00124" lon="-111.84512">
        <ele>2067.18</ele>
      </trkpt>
      <trkpt lat="35.00129" lon="-111.84519">
        <ele>2067.12</ele>
      </trkpt>
      <trkpt lat="35.00135" lon="-111.84528">
        <ele>2067.43</ele>
      </trkpt>
      <trkpt lat="35.00141" lon="-111.84536">
        <ele>2067.69</ele>
      </trkpt>
      <trkpt lat="35.00146" lon="-111.84541">
        <ele>2067.23</ele>
      </trkpt>
      <trkpt lat="35.00153" lon="-111.84549">
        <ele>2067.14</ele>
      </trkpt>
      <trkpt lat="35.00157" lon="-111.84558">
        <ele>2067.3</ele>
      </trkpt>
      <trkpt lat="35.00162" lon="-111.84565">
        <ele>2067.51</ele>
      </trkpt>
      <trkpt lat="35.00166" lon="-111.84571">
        <ele>2067.69</ele>
      </trkpt>
      <trkpt lat="35.00169" lon="-111.84577">
        <ele>2067.75</ele>
      </trkpt>
      <trkpt lat="35.00171" lon="-111.84582">
        <ele>2067.53</ele>
      </trkpt>
      <trkpt lat="35.00176" lon="-111.84587">
        <ele>2067.0</ele>
      </trkpt>
      <trkpt lat="35.0018" lon="-111.8459">
        <ele>2067.0</ele>
      </trkpt>
      <trkpt lat="35.00185" lon="-111.84592">
        <ele>2067.0</ele>
      </trkpt>
      <trkpt lat="35.00191" lon="-111.84596">
        <ele>2066.37</ele>
      </trkpt>
      <trkpt lat="35.00195" lon="-111.846">
        <ele>2065.94</ele>
      </trkpt>
      <trkpt lat="35.002" lon="-111.84606">
        <ele>2065.67</ele>
      </trkpt>
      <trkpt lat="35.00205" lon="-111.84611">
        <ele>2065.85</ele>
      </trkpt>
      <trkpt lat="35.0021" lon="-111.84614">
        <ele>2065.32</ele>
      </trkpt>
      <trkpt lat="35.00213" lon="-111.84617">
        <ele>2065.0</ele>
      </trkpt>
      <trkpt lat="35.00217" lon="-111.8462">
        <ele>2064.56</ele>
      </trkpt>
      <trkpt lat="35.00222" lon="-111.84623">
        <ele>2064.02</ele>
      </trkpt>
      <trkpt lat="35.00227" lon="-111.84625">
        <ele>2063.48</ele>
      </trkpt>
      <trkpt lat="35.00232" lon="-111.84626">
        <ele>2062.98</ele>
      </trkpt>
      <trkpt lat="35.00236" lon="-111.84627">
        <ele>2062.86</ele>
      </trkpt>
      <trkpt lat="35.00241" lon="-111.84627">
        <ele>2062.7</ele>
      </trkpt>
      <trkpt lat="35.00245" lon="-111.84627">
        <ele>2062.39</ele>
      </trkpt>
      <trkpt lat="35.00249" lon="-111.84626">
        <ele>2062.07</ele>
      </trkpt>
      <trkpt lat="35.00253" lon="-111.84626">
        <ele>2061.68</ele>
      </trkpt>
      <trkpt lat="35.00256" lon="-111.84627">
        <ele>2061.35</ele>
      </trkpt>
      <trkpt lat="35.0026" lon="-111.84628">
        <ele>2061.0</ele>
      </trkpt>
      <trkpt lat="35.00263" lon="-111.84629">
        <ele>2061.0</ele>
      </trkpt>
      <trkpt lat="35.00268" lon="-111.8463">
        <ele>2061.0</ele>
      </trkpt>
      <trkpt lat="35.00271" lon="-111.84632">
        <ele>2060.8</ele>
      </trkpt>
      <trkpt lat="35.00276" lon="-111.84634">
        <ele>2060.57</ele>
      </trkpt>
      <trkpt lat="35.0028" lon="-111.84638">
        <ele>2060.69</ele>
      </trkpt>
      <trkpt lat="35.00284" lon="-111.84643">
        <ele>2060.33</ele>
      </trkpt>
      <trkpt lat="35.00288" lon="-111.84648">
        <ele>2060.0</ele>
      </trkpt>
      <trkpt lat="35.00292" lon="-111.84653">
        <ele>2060.0</ele>
      </trkpt>
      <trkpt lat="35.00295" lon="-111.84658">
        <ele>2060.01</ele>
      </trkpt>
      <trkpt lat="35.00298" lon="-111.84663">
        <ele>2060.0</ele>
      </trkpt>
      <trkpt lat="35.00301" lon="-111.84668">
        <ele>2060.0</ele>
      </trkpt>
      <trkpt lat="35.00305" lon="-111.84672">
        <ele>2060.0</ele>
      </trkpt>
      <trkpt lat="35.00308" lon="-111.84676">
        <ele>2059.74</ele>
      </trkpt>
      <trkpt lat="35.00312" lon="-111.8468">
        <ele>2059.3</ele>
      </trkpt>
      <trkpt lat="35.00315" lon="-111.84683">
        <ele>2059.0</ele>
      </trkpt>
      <trkpt lat="35.00318" lon="-111.84687">
        <ele>2059.13</ele>
      </trkpt>
      <trkpt lat="35.00321" lon="-111.8469">
        <ele>2059.17</ele>
      </trkpt>
      <trkpt lat="35.00324" lon="-111.84694">
        <ele>2059.01</ele>
      </trkpt>
      <trkpt lat="35.00326" lon="-111.84697">
        <ele>2058.85</ele>
      </trkpt>
      <trkpt lat="35.00329" lon="-111.84701">
        <ele>2058.84</ele>
      </trkpt>
      <trkpt lat="35.00332" lon="-111.84704">
        <ele>2059.0</ele>
      </trkpt>
      <trkpt lat="35.00336" lon="-111.84709">
        <ele>2058.71</ele>
      </trkpt>
      <trkpt lat="35.00339" lon="-111.84714">
        <ele>2058.39</ele>
      </trkpt>
      <trkpt lat="35.00343" lon="-111.8472">
        <ele>2057.99</ele>
      </trkpt>
      <trkpt lat="35.00348" lon="-111.84725">
        <ele>2058.12</ele>
      </trkpt>
      <trkpt lat="35.00353" lon="-111.84731">
        <ele>2057.88</ele>
      </trkpt>
      <trkpt lat="35.00358" lon="-111.84737">
        <ele>2057.73</ele>
      </trkpt>
      <trkpt lat="35.00363" lon="-111.84742">
        <ele>2057.8</ele>
      </trkpt>
      <trkpt lat="35.00367" lon="-111.84747">
        <ele>2057.36</ele>
      </trkpt>
      <trkpt lat="35.0037" lon="-111.84752">
        <ele>2057.25</ele>
      </trkpt>
      <trkpt lat="35.00373" lon="-111.84758">
        <ele>2057.62</ele>
      </trkpt>
      <trkpt lat="35.00377" lon="-111.84764">
        <ele>2057.28</ele>
      </trkpt>
      <trkpt lat="35.00381" lon="-111.84771">
        <ele>2057.23</ele>
      </trkpt>
      <trkpt lat="35.00384" lon="-111.84775">
        <ele>2057.37</ele>
      </trkpt>
      <trkpt lat="35.00387" lon="-111.8478">
        <ele>2057.2</ele>
      </trkpt>
      <trkpt lat="35.0039" lon="-111.84786">
        <ele>2056.99</ele>
      </trkpt>
      <trkpt lat="35.00392" lon="-111.84789">
        <ele>2057.14</ele>
      </trkpt>
      <trkpt lat="35.00395" lon="-111.84793">
        <ele>2057.22</ele>
      </trkpt>
      <trkpt lat="35.00397" lon="-111.84797">
        <ele>2057.12</ele>
      </trkpt>
      <trkpt lat="35.00401" lon="-111.848">
        <ele>2056.69</ele>
      </trkpt>
      <trkpt lat="35.00405" lon="-111.84804">
        <ele>2056.26</ele>
      </trkpt>
      <trkpt lat="35.0041" lon="-111.84809">
        <ele>2056.09</ele>
      </trkpt>
      <trkpt lat="35.00415" lon="-111.84815">
        <ele>2056.18</ele>
      </trkpt>
      <trkpt lat="35.0042" lon="-111.8482">
        <ele>2055.64</ele>
      </trkpt>
      <trkpt lat="35.00424" lon="-111.84826">
        <ele>2055.21</ele>
      </trkpt>
      <trkpt lat="35.00428" lon="-111.84831">
        <ele>2054.78</ele>
      </trkpt>
      <trkpt lat="35.00433" lon="-111.84838">
        <ele>2054.62</ele>
      </trkpt>
      <trkpt lat="35.00437" lon="-111.84844">
        <ele>2054.83</ele>
      </trkpt>
      <trkpt lat="35.00442" lon="-111.8485">
        <ele>2054.85</ele>
      </trkpt>
      <trkpt lat="35.00446" lon="-111.84857">
        <ele>2055.0</ele>
      </trkpt>
      <trkpt lat="35.00451" lon="-111.84863">
        <ele>2055.0</ele>
      </trkpt>
      <trkpt lat="35.00455" lon="-111.8487">
        <ele>2055.0</ele>
      </trkpt>
      <trkpt lat="35.00458" lon="-111.84876">
        <ele>2055.0</ele>
      </trkpt>
      <trkpt lat="35.00462" lon="-111.84882">
        <ele>2055.0</ele>
      </trkpt>
      <trkpt lat="35.00465" lon="-111.84889">
        <ele>2054.78</ele>
      </trkpt>
      <trkpt lat="35.00468" lon="-111.84894">
        <ele>2054.46</ele>
      </trkpt>
      <trkpt lat="35.00471" lon="-111.849">
        <ele>2054.13</ele>
      </trkpt>
      <trkpt lat="35.00474" lon="-111.84906">
        <ele>2054.0</ele>
      </trkpt>
      <trkpt lat="35.00477" lon="-111.84914">
        <ele>2054.34</ele>
      </trkpt>
      <trkpt lat="35.00481" lon="-111.84921">
        <ele>2054.5</ele>
      </trkpt>
      <trkpt lat="35.00485" lon="-111.84927">
        <ele>2054.62</ele>
      </trkpt>
      <trkpt lat="35.00489" lon="-111.84932">
        <ele>2054.19</ele>
      </trkpt>
      <trkpt lat="35.00493" lon="-111.8494">
        <ele>2054.39</ele>
      </trkpt>
      <trkpt lat="35.00498" lon="-111.84946">
        <ele>2054.22</ele>
      </trkpt>
      <trkpt lat="35.00504" lon="-111.84951">
        <ele>2053.57</ele>
      </trkpt>
      <trkpt lat="35.00508" lon="-111.84956">
        <ele>2053.14</ele>
      </trkpt>
      <trkpt lat="35.00511" lon="-111.8496">
        <ele>2052.81</ele>
      </trkpt>
      <trkpt lat="35.00515" lon="-111.84964">
        <ele>2052.38</ele>
      </trkpt>
      <trkpt lat="35.00517" lon="-111.84968">
        <ele>2052.16</ele>
      </trkpt>
      <trkpt lat="35.00519" lon="-111.84974">
        <ele>2051.95</ele>
      </trkpt>
      <trkpt lat="35.00521" lon="-111.84979">
        <ele>2051.73</ele>
      </trkpt>
      <trkpt lat="35.00523" lon="-111.84984">
        <ele>2051.24</ele>
      </trkpt>
      <trkpt lat="35.00525" lon="-111.84988">
        <ele>2050.6</ele>
      </trkpt>
      <trkpt lat="35.00527" lon="-111.84993">
        <ele>2050.08</ele>
      </trkpt>
      <trkpt lat="35.00529" lon="-111.84998">
        <ele>2049.9</ele>
      </trkpt>
      <trkpt lat="35.00532" lon="-111.85003">
        <ele>2049.37</ele>
      </trkpt>
      <trkpt lat="35.00537" lon="-111.85007">
        <ele>2049.0</ele>
      </trkpt>
      <trkpt lat="35.0054" lon="-111.85011">
        <ele>2049.06</ele>
      </trkpt>
      <trkpt lat="35.00543" lon="-111.85015">
        <ele>2049.4</ele>
      </trkpt>
      <trkpt lat="35.00546" lon="-111.8502">
        <ele>2050.13</ele>
      </trkpt>
      <trkpt lat="35.00548" lon="-111.85027">
        <ele>2050.92</ele>
      </trkpt>
      <trkpt lat="35.00551" lon="-111.85031">
        <ele>2051.35</ele>
      </trkpt>
      <trkpt lat="35.00554" lon="-111.85037">
        <ele>2052.0</ele>
      </trkpt>
      <trkpt lat="35.00556" lon="-111.85041">
        <ele>2052.43</ele>
      </trkpt>
      <trkpt lat="35.00558" lon="-111.85044">
        <ele>2052.75</ele>
      </trkpt>
      <trkpt lat="35.00561" lon="-111.85047">
        <ele>2053.08</ele>
      </trkpt>
      <trkpt lat="35.00563" lon="-111.85051">
        <ele>2053.51</ele>
      </trkpt>
      <trkpt lat="35.00566" lon="-111.85055">
        <ele>2053.94</ele>
      </trkpt>
      <trkpt lat="35.0057" lon="-111.8506">
        <ele>2054.21</ele>
      </trkpt>
      <trkpt lat="35.00573" lon="-111.85063">
        <ele>2054.09</ele>
      </trkpt>
      <trkpt lat="35.00576" lon="-111.85067">
        <ele>2054.24</ele>
      </trkpt>
      <trkpt lat="35.00577" lon="-111.85071">
        <ele>2054.67</ele>
      </trkpt>
      <trkpt lat="35.00579" lon="-111.85076">
        <ele>2055.0</ele>
      </trkpt>
      <trkpt lat="35.00581" lon="-111.85081">
        <ele>2055.0</ele>
      </trkpt>
      <trkpt lat="35.00584" lon="-111.85087">
        <ele>2054.96</ele>
      </trkpt>
      <trkpt lat="35.00585" lon="-111.85095">
        <ele>2055.0</ele>
      </trkpt>
      <trkpt lat="35.00587" lon="-111.85103">
        <ele>2055.07</ele>
      </trkpt>
      <trkpt lat="35.00592" lon="-111.85105">
        <ele>2055.02</ele>
      </trkpt>
      <trkpt lat="35.00596" lon="-111.85106">
        <ele>2055.0</ele>
      </trkpt>
      <trkpt lat="35.00601" lon="-111.85107">
        <ele>2055.0</ele>
      </trkpt>
      <trkpt lat="35.00604" lon="-111.85108">
        <ele>2054.85</ele>
      </trkpt>
      <trkpt lat="35.00608" lon="-111.85108">
        <ele>2054.56</ele>
      </trkpt>
      <trkpt lat="35.00611" lon="-111.85107">
        <ele>2054.45</ele>
      </trkpt>
      <trkpt lat="35.00612" lon="-111.8511">
        <ele>2054.12</ele>
      </trkpt>
      <trkpt lat="35.00614" lon="-111.85114">
        <ele>2054.0</ele>
      </trkpt>
      <trkpt lat="35.00616" lon="-111.85119">
        <ele>2054.0</ele>
      </trkpt>
      <trkpt lat="35.00618" lon="-111.85124">
        <ele>2054.0</ele>
      </trkpt>
      <trkpt lat="35.0062" lon="-111.8513">
        <ele>2053.96</ele>
      </trkpt>
      <trkpt lat="35.00622" lon="-111.85135">
        <ele>2053.24</ele>
      </trkpt>
      <trkpt lat="35.00624" lon="-111.85139">
        <ele>2052.6</ele>
      </trkpt>
      <trkpt lat="35.00627" lon="-111.85144">
        <ele>2052.13</ele>
      </trkpt>
      <trkpt lat="35.00629" lon="-111.85149">
        <ele>2051.91</ele>
      </trkpt>
      <trkpt lat="35.00631" lon="-111.85155">
        <ele>2051.11</ele>
      </trkpt>
      <trkpt lat="35.00632" lon="-111.85162">
        <ele>2050.25</ele>
      </trkpt>
      <trkpt lat="35.00635" lon="-111.85166">
        <ele>2049.49</ele>
      </trkpt>
      <trkpt lat="35.00638" lon="-111.85173">
        <ele>2049.1</ele>
      </trkpt>
      <trkpt lat="35.00641" lon="-111.8518">
        <ele>2048.43</ele>
      </trkpt>
      <trkpt lat="35.00645" lon="-111.85187">
        <ele>2047.87</ele>
      </trkpt>
      <trkpt lat="35.00648" lon="-111.85192">
        <ele>2047.28</ele>
      </trkpt>
      <trkpt lat="35.00651" lon="-111.85196">
        <ele>2046.52</ele>
      </trkpt>
      <trkpt lat="35.00654" lon="-111.85201">
        <ele>2045.66</ele>
      </trkpt>
      <trkpt lat="35.00656" lon="-111.85206">
        <ele>2044.94</ele>
      </trkpt>
      <trkpt lat="35.00659" lon="-111.85211">
        <ele>2044.21</ele>
      </trkpt>
      <trkpt lat="35.00662" lon="-111.85218">
        <ele>2043.73</ele>
      </trkpt>
      <trkpt lat="35.00666" lon="-111.85224">
        <ele>2042.89</ele>
      </trkpt>
      <trkpt lat="35.00669" lon="-111.85228">
        <ele>2042.38</ele>
      </trkpt>
      <trkpt lat="35.00672" lon="-111.85232">
        <ele>2042.02</ele>
      </trkpt>
      <trkpt lat="35.00676" lon="-111.85235">
        <ele>2042.0</ele>
      </trkpt>
      <trkpt lat="35.0068" lon="-111.85239">
        <ele>2042.0</ele>
      </trkpt>
      <trkpt lat="35.00685" lon="-111.85242">
        <ele>2042.0</ele>
      </trkpt>
      <trkpt lat="35.0069" lon="-111.85246">
        <ele>2042.0</ele>
      </trkpt>
      <trkpt lat="35.00696" lon="-111.85251">
        <ele>2042.0</ele>
      </trkpt>
      <trkpt lat="35.00702" lon="-111.85255">
        <ele>2042.0</ele>
      </trkpt>
      <trkpt lat="35.00709" lon="-111.85258">
        <ele>2042.0</ele>
      </trkpt>
      <trkpt lat="35.00715" lon="-111.85265">
        <ele>2042.0</ele>
      </trkpt>
      <trkpt lat="35.00722" lon="-111.85273">
        <ele>2042.0</ele>
      </trkpt>
      <trkpt lat="35.00729" lon="-111.85278">
        <ele>2041.27</ele>
      </trkpt>
      <trkpt lat="35.00737" lon="-111.85283">
        <ele>2040.66</ele>
      </trkpt>
      <trkpt lat="35.00744" lon="-111.85287">
        <ele>2039.65</ele>
      </trkpt>
      <trkpt lat="35.00751" lon="-111.85293">
        <ele>2038.25</ele>
      </trkpt>
      <trkpt lat="35.00759" lon="-111.853">
        <ele>2037.03</ele>
      </trkpt>
      <trkpt lat="35.00765" lon="-111.85307">
        <ele>2036.38</ele>
      </trkpt>
      <trkpt lat="35.00772" lon="-111.85313">
        <ele>2036.0</ele>
      </trkpt>
      <trkpt lat="35.00777" lon="-111.8532">
        <ele>2036.05</ele>
      </trkpt>
      <trkpt lat="35.00782" lon="-111.85327">
        <ele>2036.0</ele>
      </trkpt>
      <trkpt lat="35.00785" lon="-111.85334">
        <ele>2036.02</ele>
      </trkpt>
      <trkpt lat="35.00788" lon="-111.85341">
        <ele>2036.0</ele>
      </trkpt>
      <trkpt lat="35.00792" lon="-111.85349">
        <ele>2036.32</ele>
      </trkpt>
      <trkpt lat="35.00796" lon="-111.85358">
        <ele>2036.67</ele>
      </trkpt>
      <trkpt lat="35.008" lon="-111.85366">
        <ele>2036.6</ele>
      </trkpt>
      <trkpt lat="35.00803" lon="-111.85376">
        <ele>2036.28</ele>
      </trkpt>
      <trkpt lat="35.00805" lon="-111.85382">
        <ele>2036.32</ele>
      </trkpt>
      <trkpt lat="35.00808" lon="-111.85389">
        <ele>2036.74</ele>
      </trkpt>
      <trkpt lat="35.0081" lon="-111.85396">
        <ele>2036.52</ele>
      </trkpt>
      <trkpt lat="35.00813" lon="-111.85403">
        <ele>2036.2</ele>
      </trkpt>
      <trkpt lat="35.00817" lon="-111.85408">
        <ele>2035.81</ele>
      </trkpt>
      <trkpt lat="35.0082" lon="-111.85413">
        <ele>2035.71</ele>
      </trkpt>
      <trkpt lat="35.00823" lon="-111.85418">
        <ele>2035.23</ele>
      </trkpt>
      <trkpt lat="35.00826" lon="-111.85424">
        <ele>2034.63</ele>
      </trkpt>
      <trkpt lat="35.00828" lon="-111.8543">
        <ele>2033.9</ele>
      </trkpt>
      <trkpt lat="35.0083" lon="-111.85434">
        <ele>2033.41</ele>
      </trkpt>
      <trkpt lat="35.00832" lon="-111.85439">
        <ele>2033.08</ele>
      </trkpt>
      <trkpt lat="35.00833" lon="-111.85443">
        <ele>2033.01</ele>
      </trkpt>
      <trkpt lat="35.00835" lon="-111.85447">
        <ele>2033.28</ele>
      </trkpt>
      <trkpt lat="35.00837" lon="-111.8545">
        <ele>2033.6</ele>
      </trkpt>
      <trkpt lat="35.00839" lon="-111.85454">
        <ele>2034.03</ele>
      </trkpt>
      <trkpt lat="35.00841" lon="-111.85459">
        <ele>2034.57</ele>
      </trkpt>
      <trkpt lat="35.00843" lon="-111.85464">
        <ele>2035.11</ele>
      </trkpt>
      <trkpt lat="35.00845" lon="-111.85469">
        <ele>2035.65</ele>
      </trkpt>
      <trkpt lat="35.00846" lon="-111.85473">
        <ele>2036.08</ele>
      </trkpt>
      <trkpt lat="35.00848" lon="-111.85476">
        <ele>2036.41</ele>
      </trkpt>
      <trkpt lat="35.00849" lon="-111.8548">
        <ele>2036.84</ele>
      </trkpt>
      <trkpt lat="35.0085" lon="-111.85483">
        <ele>2037.2</ele>
      </trkpt>
      <trkpt lat="35.00851" lon="-111.85486">
        <ele>2037.53</ele>
      </trkpt>
      <trkpt lat="35.00852" lon="-111.85489">
        <ele>2037.81</ele>
      </trkpt>
      <trkpt lat="35.00855" lon="-111.85494">
        <ele>2038.58</ele>
      </trkpt>
      <trkpt lat="35.00858" lon="-111.85499">
        <ele>2039.19</ele>
      </trkpt>
      <trkpt lat="35.0086" lon="-111.85504">
        <ele>2039.93</ele>
      </trkpt>
      <trkpt lat="35.00861" lon="-111.85508">
        <ele>2040.73</ele>
      </trkpt>
      <trkpt lat="35.00863" lon="-111.85512">
        <ele>2041.3</ele>
      </trkpt>
      <trkpt lat="35.00865" lon="-111.85514">
        <ele>2041.51</ele>
      </trkpt>
      <trkpt lat="35.00868" lon="-111.85513">
        <ele>2041.4</ele>
      </trkpt>
      <trkpt lat="35.00871" lon="-111.85512">
        <ele>2041.3</ele>
      </trkpt>
      <trkpt lat="35.00873" lon="-111.85513">
        <ele>2041.4</ele>
      </trkpt>
      <trkpt lat="35.00876" lon="-111.85516">
        <ele>2041.73</ele>
      </trkpt>
      <trkpt lat="35.00878" lon="-111.85519">
        <ele>2042.0</ele>
      </trkpt>
      <trkpt lat="35.00881" lon="-111.85524">
        <ele>2042.0</ele>
      </trkpt>
      <trkpt lat="35.00886" lon="-111.8553">
        <ele>2042.07</ele>
      </trkpt>
      <trkpt lat="35.00892" lon="-111.85537">
        <ele>2041.66</ele>
      </trkpt>
      <trkpt lat="35.00898" lon="-111.85545">
        <ele>2041.02</ele>
      </trkpt>
      <trkpt lat="35.00904" lon="-111.85551">
        <ele>2039.23</ele>
      </trkpt>
      <trkpt lat="35.00908" lon="-111.85558">
        <ele>2037.69</ele>
      </trkpt>
      <trkpt lat="35.00912" lon="-111.85563">
        <ele>2037.1</ele>
      </trkpt>
      <trkpt lat="35.00916" lon="-111.85569">
        <ele>2037.03</ele>
      </trkpt>
      <trkpt lat="35.00919" lon="-111.85574">
        <ele>2037.0</ele>
      </trkpt>
      <trkpt lat="35.00923" lon="-111.8558">
        <ele>2037.0</ele>
      </trkpt>
      <trkpt lat="35.00927" lon="-111.85586">
        <ele>2036.88</ele>
      </trkpt>
      <trkpt lat="35.00932" lon="-111.85592">
        <ele>2036.34</ele>
      </trkpt>
      <trkpt lat="35.00936" lon="-111.85599">
        <ele>2036.0</ele>
      </trkpt>
      <trkpt lat="35.00941" lon="-111.85606">
        <ele>2036.0</ele>
      </trkpt>
      <trkpt lat="35.00944" lon="-111.85612">
        <ele>2036.1</ele>
      </trkpt>
      <trkpt lat="35.00948" lon="-111.85618">
        <ele>2036.36</ele>
      </trkpt>
      <trkpt lat="35.00952" lon="-111.85623">
        <ele>2036.18</ele>
      </trkpt>
      <trkpt lat="35.00956" lon="-111.85629">
        <ele>2035.74</ele>
      </trkpt>
      <trkpt lat="35.00961" lon="-111.85634">
        <ele>2035.68</ele>
      </trkpt>
      <trkpt lat="35.00963" lon="-111.85641">
        <ele>2036.22</ele>
      </trkpt>
      <trkpt lat="35.00966" lon="-111.85648">
        <ele>2036.33</ele>
      </trkpt>
      <trkpt lat="35.0097" lon="-111.85656">
        <ele>2036.12</ele>
      </trkpt>
      <trkpt lat="35.00975" lon="-111.85663">
        <ele>2036.3</ele>
      </trkpt>
      <trkpt lat="35.00978" lon="-111.85667">
        <ele>2036.38</ele>
      </trkpt>
      <trkpt lat="35.00981" lon="-111.8567">
        <ele>2036.05</ele>
      </trkpt>
      <trkpt lat="35.00985" lon="-111.85673">
        <ele>2035.62</ele>
      </trkpt>
      <trkpt lat="35.00988" lon="-111.85676">
        <ele>2035.3</ele>
      </trkpt>
      <trkpt lat="35.00991" lon="-111.8568">
        <ele>2035.44</ele>
      </trkpt>
      <trkpt lat="35.00994" lon="-111.85684">
        <ele>2035.87</ele>
      </trkpt>
      <trkpt lat="35.00996" lon="-111.85689">
        <ele>2036.0</ele>
      </trkpt>
      <trkpt lat="35.00997" lon="-111.85694">
        <ele>2036.0</ele>
      </trkpt>
      <trkpt lat="35.00998" lon="-111.85698">
        <ele>2036.08</ele>
      </trkpt>
      <trkpt lat="35.00999" lon="-111.85704">
        <ele>2036.11</ele>
      </trkpt>
      <trkpt lat="35.00999" lon="-111.8571">
        <ele>2036.11</ele>
      </trkpt>
      <trkpt lat="35.00999" lon="-111.85714">
        <ele>2036.12</ele>
      </trkpt>
      <trkpt lat="35.01001" lon="-111.85718">
        <ele>2036.0</ele>
      </trkpt>
      <trkpt lat="35.01004" lon="-111.85725">
        <ele>2036.17</ele>
      </trkpt>
      <trkpt lat="35.01007" lon="-111.85734">
        <ele>2036.24</ele>
      </trkpt>
      <trkpt lat="35.01012" lon="-111.85745">
        <ele>2036.0</ele>
      </trkpt>
      <trkpt lat="35.01018" lon="-111.85756">
        <ele>2036.0</ele>
      </trkpt>
      <trkpt lat="35.01023" lon="-111.85767">
        <ele>2035.52</ele>
      </trkpt>
      <trkpt lat="35.01027" lon="-111.85778">
        <ele>2035.08</ele>
      </trkpt>
      <trkpt lat="35.0103" lon="-111.8579">
        <ele>2034.52</ele>
      </trkpt>
      <trkpt lat="35.01035" lon="-111.85801">
        <ele>2033.04</ele>
      </trkpt>
      <trkpt lat="35.01041" lon="-111.85809">
        <ele>2031.14</ele>
      </trkpt>
      <trkpt lat="35.01046" lon="-111.85816">
        <ele>2030.07</ele>
      </trkpt>
      <trkpt lat="35.01049" lon="-111.85821">
        <ele>2029.8</ele>
      </trkpt>
      <trkpt lat="35.01052" lon="-111.85824">
        <ele>2029.39</ele>
      </trkpt>
      <trkpt lat="35.01054" lon="-111.85826">
        <ele>2029.2</ele>
      </trkpt>
      <trkpt lat="35.01057" lon="-111.8583">
        <ele>2029.16</ele>
      </trkpt>
      <trkpt lat="35.01059" lon="-111.85834">
        <ele>2029.39</ele>
      </trkpt>
      <trkpt lat="35.01062" lon="-111.85838">
        <ele>2029.5</ele>
      </trkpt>
      <trkpt lat="35.01065" lon="-111.85842">
        <ele>2029.08</ele>
      </trkpt>
      <trkpt lat="35.01068" lon="-111.85847">
        <ele>2029.18</ele>
      </trkpt>
      <trkpt lat="35.01072" lon="-111.85853">
        <ele>2029.03</ele>
      </trkpt>
      <trkpt lat="35.01075" lon="-111.85858">
        <ele>2029.03</ele>
      </trkpt>
      <trkpt lat="35.01079" lon="-111.85864">
        <ele>2029.15</ele>
      </trkpt>
      <trkpt lat="35.01084" lon="-111.85868">
        <ele>2029.07</ele>
      </trkpt>
      <trkpt lat="35.01087" lon="-111.85872">
        <ele>2029.33</ele>
      </trkpt>
      <trkpt lat="35.0109" lon="-111.85876">
        <ele>2029.28</ele>
      </trkpt>
      <trkpt lat="35.01093" lon="-111.8588">
        <ele>2029.0</ele>
      </trkpt>
      <trkpt lat="35.01095" lon="-111.85883">
        <ele>2028.91</ele>
      </trkpt>
      <trkpt lat="35.01098" lon="-111.85886">
        <ele>2028.6</ele>
      </trkpt>
      <trkpt lat="35.011" lon="-111.8589">
        <ele>2028.1</ele>
      </trkpt>
      <trkpt lat="35.01102" lon="-111.85893">
        <ele>2027.56</ele>
      </trkpt>
      <trkpt lat="35.01104" lon="-111.85897">
        <ele>2027.15</ele>
      </trkpt>
      <trkpt lat="35.01106" lon="-111.859">
        <ele>2026.82</ele>
      </trkpt>
      <trkpt lat="35.01107" lon="-111.85903">
        <ele>2026.42</ele>
      </trkpt>
      <trkpt lat="35.01109" lon="-111.85906">
        <ele>2025.69</ele>
      </trkpt>
      <trkpt lat="35.01111" lon="-111.85909">
        <ele>2025.02</ele>
      </trkpt>
      <trkpt lat="35.01112" lon="-111.85912">
        <ele>2024.9</ele>
      </trkpt>
      <trkpt lat="35.01115" lon="-111.85916">
        <ele>2024.22</ele>
      </trkpt>
      <trkpt lat="35.01117" lon="-111.8592">
        <ele>2023.6</ele>
      </trkpt>
      <trkpt lat="35.0112" lon="-111.85925">
        <ele>2023.04</ele>
      </trkpt>
      <trkpt lat="35.01123" lon="-111.85929">
        <ele>2023.0</ele>
      </trkpt>
      <trkpt lat="35.01125" lon="-111.85932">
        <ele>2023.0</ele>
      </trkpt>
      <trkpt lat="35.01128" lon="-111.85936">
        <ele>2023.02</ele>
      </trkpt>
      <trkpt lat="35.0113" lon="-111.85939">
        <ele>2023.02</ele>
      </trkpt>
      <trkpt lat="35.01132" lon="-111.85943">
        <ele>2023.04</ele>
      </trkpt>
      <trkpt lat="35.01135" lon="-111.85948">
        <ele>2022.78</ele>
      </trkpt>
      <trkpt lat="35.01137" lon="-111.85953">
        <ele>2022.26</ele>
      </trkpt>
      <trkpt lat="35.01139" lon="-111.8596">
        <ele>2020.64</ele>
      </trkpt>
      <trkpt lat="35.01141" lon="-111.85966">
        <ele>2019.6</ele>
      </trkpt>
      <trkpt lat="35.01144" lon="-111.85971">
        <ele>2018.65</ele>
      </trkpt>
      <trkpt lat="35.01147" lon="-111.85975">
        <ele>2018.12</ele>
      </trkpt>
      <trkpt lat="35.01151" lon="-111.85979">
        <ele>2018.17</ele>
      </trkpt>
      <trkpt lat="35.01156" lon="-111.85986">
        <ele>2017.59</ele>
      </trkpt>
      <trkpt lat="35.01161" lon="-111.85992">
        <ele>2017.14</ele>
      </trkpt>
      <trkpt lat="35.01165" lon="-111.85996">
        <ele>2017.57</ele>
      </trkpt>
      <trkpt lat="35.01168" lon="-111.86001">
        <ele>2017.87</ele>
      </trkpt>
      <trkpt lat="35.01172" lon="-111.86007">
        <ele>2017.86</ele>
      </trkpt>
      <trkpt lat="35.01177" lon="-111.86011">
        <ele>2017.91</ele>
      </trkpt>
      <trkpt lat="35.01183" lon="-111.86016">
        <ele>2017.79</ele>
      </trkpt>
      <trkpt lat="35.01188" lon="-111.86021">
        <ele>2018.0</ele>
      </trkpt>
      <trkpt lat="35.01192" lon="-111.86027">
        <ele>2018.0</ele>
      </trkpt>
      <trkpt lat="35.01198" lon="-111.86033">
        <ele>2018.38</ele>
      </trkpt>
      <trkpt lat="35.01204" lon="-111.86038">
        <ele>2018.96</ele>
      </trkpt>
      <trkpt lat="35.0121" lon="-111.86043">
        <ele>2019.72</ele>
      </trkpt>
      <trkpt lat="35.01216" lon="-111.86049">
        <ele>2020.27</ele>
      </trkpt>
      <trkpt lat="35.01222" lon="-111.86055">
        <ele>2020.09</ele>
      </trkpt>
      <trkpt lat="35.01227" lon="-111.86062">
        <ele>2020.67</ele>
      </trkpt>
      <trkpt lat="35.01233" lon="-111.86068">
        <ele>2021.16</ele>
      </trkpt>
      <trkpt lat="35.01239" lon="-111.86075">
        <ele>2021.81</ele>
      </trkpt>
      <trkpt lat="35.01245" lon="-111.86082">
        <ele>2022.46</ele>
      </trkpt>
      <trkpt lat="35.0125" lon="-111.86088">
        <ele>2023.0</ele>
      </trkpt>
      <trkpt lat="35.01255" lon="-111.86095">
        <ele>2023.0</ele>
      </trkpt>
      <trkpt lat="35.01259" lon="-111.86098">
        <ele>2023.0</ele>
      </trkpt>
      <trkpt lat="35.01262" lon="-111.86102">
        <ele>2023.3</ele>
      </trkpt>
      <trkpt lat="35.01265" lon="-111.86105">
        <ele>2023.62</ele>
      </trkpt>
      <trkpt lat="35.01268" lon="-111.86109">
        <ele>2023.94</ele>
      </trkpt>
      <trkpt lat="35.01271" lon="-111.86112">
        <ele>2024.03</ele>
      </trkpt>
      <trkpt lat="35.01273" lon="-111.86115">
        <ele>2024.2</ele>
      </trkpt>
      <trkpt lat="35.01275" lon="-111.86119">
        <ele>2024.6</ele>
      </trkpt>
      <trkpt lat="35.01277" lon="-111.86122">
        <ele>2024.92</ele>
      </trkpt>
      <trkpt lat="35.01279" lon="-111.86125">
        <ele>2025.13</ele>
      </trkpt>
      <trkpt lat="35.01281" lon="-111.86128">
        <ele>2025.35</ele>
      </trkpt>
      <trkpt lat="35.01283" lon="-111.8613">
        <ele>2025.6</ele>
      </trkpt>
      <trkpt lat="35.01285" lon="-111.86133">
        <ele>2026.14</ele>
      </trkpt>
      <trkpt lat="35.01289" lon="-111.86136">
        <ele>2027.11</ele>
      </trkpt>
      <trkpt lat="35.01292" lon="-111.86139">
        <ele>2028.08</ele>
      </trkpt>
      <trkpt lat="35.01295" lon="-111.86142">
        <ele>2028.77</ele>
      </trkpt>
      <trkpt lat="35.01298" lon="-111.86145">
        <ele>2029.18</ele>
      </trkpt>
      <trkpt lat="35.01301" lon="-111.86149">
        <ele>2029.55</ele>
      </trkpt>
      <trkpt lat="35.01304" lon="-111.86152">
        <ele>2029.9</ele>
      </trkpt>
      <trkpt lat="35.01306" lon="-111.86154">
        <ele>2030.02</ele>
      </trkpt>
      <trkpt lat="35.01308" lon="-111.86157">
        <ele>2030.01</ele>
      </trkpt>
      <trkpt lat="35.01309" lon="-111.86159">
        <ele>2030.0</ele>
      </trkpt>
      <trkpt lat="35.01313" lon="-111.86162">
        <ele>2030.0</ele>
      </trkpt>
      <trkpt lat="35.01313" lon="-111.86166">
        <ele>2030.0</ele>
      </trkpt>
      <trkpt lat="35.01315" lon="-111.86169">
        <ele>2030.27</ele>
      </trkpt>
      <trkpt lat="35.01314" lon="-111.86173">
        <ele>2030.68</ele>
      </trkpt>
      <trkpt lat="35.01316" lon="-111.86176">
        <ele>2031.01</ele>
      </trkpt>
      <trkpt lat="35.01318" lon="-111.86179">
        <ele>2031.33</ele>
      </trkpt>
      <trkpt lat="35.01322" lon="-111.86185">
        <ele>2031.98</ele>
      </trkpt>
      <trkpt lat="35.01326" lon="-111.86192">
        <ele>2033.53</ele>
      </trkpt>
      <trkpt lat="35.01331" lon="-111.86199">
        <ele>2034.62</ele>
      </trkpt>
      <trkpt lat="35.01336" lon="-111.86206">
        <ele>2034.96</ele>
      </trkpt>
      <trkpt lat="35.01341" lon="-111.86212">
        <ele>2035.07</ele>
      </trkpt>
      <trkpt lat="35.01346" lon="-111.8622">
        <ele>2035.39</ele>
      </trkpt>
      <trkpt lat="35.01352" lon="-111.86227">
        <ele>2035.5</ele>
      </trkpt>
      <trkpt lat="35.01357" lon="-111.86235">
        <ele>2035.44</ele>
      </trkpt>
      <trkpt lat="35.01362" lon="-111.86243">
        <ele>2035.22</ele>
      </trkpt>
      <trkpt lat="35.01366" lon="-111.86249">
        <ele>2035.42</ele>
      </trkpt>
      <trkpt lat="35.01371" lon="-111.86255">
        <ele>2035.5</ele>
      </trkpt>
      <trkpt lat="35.01376" lon="-111.8626">
        <ele>2035.47</ele>
      </trkpt>
      <trkpt lat="35.01379" lon="-111.86267">
        <ele>2035.9</ele>
      </trkpt>
      <trkpt lat="35.01383" lon="-111.86273">
        <ele>2035.81</ele>
      </trkpt>
      <trkpt lat="35.01387" lon="-111.86278">
        <ele>2036.0</ele>
      </trkpt>
      <trkpt lat="35.01391" lon="-111.86284">
        <ele>2035.93</ele>
      </trkpt>
      <trkpt lat="35.01394" lon="-111.86292">
        <ele>2036.24</ele>
      </trkpt>
      <trkpt lat="35.01397" lon="-111.86297">
        <ele>2036.2</ele>
      </trkpt>
      <trkpt lat="35.014" lon="-111.86302">
        <ele>2036.42</ele>
      </trkpt>
      <trkpt lat="35.01403" lon="-111.86307">
        <ele>2036.63</ele>
      </trkpt>
      <trkpt lat="35.01407" lon="-111.86313">
        <ele>2036.85</ele>
      </trkpt>
      <trkpt lat="35.0141" lon="-111.86318">
        <ele>2036.82</ele>
      </trkpt>
      <trkpt lat="35.01413" lon="-111.86322">
        <ele>2036.86</ele>
      </trkpt>
      <trkpt lat="35.01417" lon="-111.86327">
        <ele>2036.98</ele>
      </trkpt>
      <trkpt lat="35.01422" lon="-111.86331">
        <ele>2036.85</ele>
      </trkpt>
      <trkpt lat="35.01427" lon="-111.86337">
        <ele>2036.93</ele>
      </trkpt>
      <trkpt lat="35.01431" lon="-111.86342">
        <ele>2036.96</ele>
      </trkpt>
      <trkpt lat="35.01434" lon="-111.86347">
        <ele>2037.48</ele>
      </trkpt>
      <trkpt lat="35.01436" lon="-111.86353">
        <ele>2038.12</ele>
      </trkpt>
      <trkpt lat="35.01439" lon="-111.86357">
        <ele>2038.56</ele>
      </trkpt>
      <trkpt lat="35.01442" lon="-111.86362">
        <ele>2039.1</ele>
      </trkpt>
      <trkpt lat="35.01444" lon="-111.86366">
        <ele>2039.53</ele>
      </trkpt>
      <trkpt lat="35.01446" lon="-111.86369">
        <ele>2039.68</ele>
      </trkpt>
      <trkpt lat="35.01449" lon="-111.86374">
        <ele>2039.51</ele>
      </trkpt>
      <trkpt lat="35.0145" lon="-111.86377">
        <ele>2039.4</ele>
      </trkpt>
      <trkpt lat="35.01453" lon="-111.86382">
        <ele>2039.33</ele>
      </trkpt>
      <trkpt lat="35.01455" lon="-111.86388">
        <ele>2039.78</ele>
      </trkpt>
      <trkpt lat="35.01458" lon="-111.86394">
        <ele>2040.09</ele>
      </trkpt>
      <trkpt lat="35.01461" lon="-111.86402">
        <ele>2040.63</ele>
      </trkpt>
      <trkpt lat="35.01465" lon="-111.86408">
        <ele>2040.84</ele>
      </trkpt>
      <trkpt lat="35.01469" lon="-111.86414">
        <ele>2041.06</ele>
      </trkpt>
      <trkpt lat="35.01472" lon="-111.86421">
        <ele>2041.48</ele>
      </trkpt>
      <trkpt lat="35.01475" lon="-111.86427">
        <ele>2042.08</ele>
      </trkpt>
      <trkpt lat="35.01478" lon="-111.86432">
        <ele>2042.25</ele>
      </trkpt>
      <trkpt lat="35.01481" lon="-111.86437">
        <ele>2042.24</ele>
      </trkpt>
      <trkpt lat="35.01484" lon="-111.86443">
        <ele>2042.61</ele>
      </trkpt>
      <trkpt lat="35.01487" lon="-111.86449">
        <ele>2042.7</ele>
      </trkpt>
      <trkpt lat="35.0149" lon="-111.86455">
        <ele>2043.01</ele>
      </trkpt>
      <trkpt lat="35.01493" lon="-111.8646">
        <ele>2042.92</ele>
      </trkpt>
      <trkpt lat="35.01496" lon="-111.86465">
        <ele>2043.1</ele>
      </trkpt>
      <trkpt lat="35.01498" lon="-111.8647">
        <ele>2043.16</ele>
      </trkpt>
      <trkpt lat="35.01501" lon="-111.86475">
        <ele>2043.0</ele>
      </trkpt>
      <trkpt lat="35.01504" lon="-111.8648">
        <ele>2043.0</ele>
      </trkpt>
      <trkpt lat="35.01506" lon="-111.86484">
        <ele>2043.1</ele>
      </trkpt>
      <trkpt lat="35.01509" lon="-111.8649">
        <ele>2043.03</ele>
      </trkpt>
      <trkpt lat="35.01511" lon="-111.86496">
        <ele>2043.0</ele>
      </trkpt>
      <trkpt lat="35.01514" lon="-111.86502">
        <ele>2043.11</ele>
      </trkpt>
      <trkpt lat="35.01517" lon="-111.86509">
        <ele>2043.16</ele>
      </trkpt>
      <trkpt lat="35.0152" lon="-111.86514">
        <ele>2043.0</ele>
      </trkpt>
      <trkpt lat="35.01522" lon="-111.86519">
        <ele>2043.03</ele>
      </trkpt>
      <trkpt lat="35.01524" lon="-111.86525">
        <ele>2043.29</ele>
      </trkpt>
      <trkpt lat="35.01526" lon="-111.86529">
        <ele>2043.22</ele>
      </trkpt>
      <trkpt lat="35.01528" lon="-111.86533">
        <ele>2042.99</ele>
      </trkpt>
      <trkpt lat="35.01531" lon="-111.86538">
        <ele>2042.76</ele>
      </trkpt>
      <trkpt lat="35.01533" lon="-111.86542">
        <ele>2042.97</ele>
      </trkpt>
      <trkpt lat="35.01535" lon="-111.86546">
        <ele>2043.19</ele>
      </trkpt>
      <trkpt lat="35.01538" lon="-111.8655">
        <ele>2042.85</ele>
      </trkpt>
      <trkpt lat="35.01541" lon="-111.86555">
        <ele>2042.17</ele>
      </trkpt>
      <trkpt lat="35.01544" lon="-111.8656">
        <ele>2041.5</ele>
      </trkpt>
      <trkpt lat="35.01547" lon="-111.86565">
        <ele>2040.85</ele>
      </trkpt>
      <trkpt lat="35.01551" lon="-111.86572">
        <ele>2039.59</ele>
      </trkpt>
      <trkpt lat="35.01555" lon="-111.86577">
        <ele>2038.2</ele>
      </trkpt>
      <trkpt lat="35.01559" lon="-111.86582">
        <ele>2037.31</ele>
      </trkpt>
      <trkpt lat="35.01564" lon="-111.86587">
        <ele>2036.57</ele>
      </trkpt>
      <trkpt lat="35.01567" lon="-111.86593">
        <ele>2036.81</ele>
      </trkpt>
      <trkpt lat="35.01572" lon="-111.866">
        <ele>2037.02</ele>
      </trkpt>
      <trkpt lat="35.01577" lon="-111.86606">
        <ele>2036.68</ele>
      </trkpt>
      <trkpt lat="35.01582" lon="-111.86612">
        <ele>2036.24</ele>
      </trkpt>
      <trkpt lat="35.01588" lon="-111.8662">
        <ele>2036.48</ele>
      </trkpt>
      <trkpt lat="35.01594" lon="-111.86627">
        <ele>2036.0</ele>
      </trkpt>
      <trkpt lat="35.01599" lon="-111.86635">
        <ele>2036.18</ele>
      </trkpt>
      <trkpt lat="35.01604" lon="-111.86643">
        <ele>2035.66</ele>
      </trkpt>
      <trkpt lat="35.01609" lon="-111.86651">
        <ele>2034.46</ele>
      </trkpt>
      <trkpt lat="35.01615" lon="-111.86659">
        <ele>2033.51</ele>
      </trkpt>
      <trkpt lat="35.0162" lon="-111.86668">
        <ele>2032.07</ele>
      </trkpt>
      <trkpt lat="35.01626" lon="-111.86676">
        <ele>2031.39</ele>
      </trkpt>
      <trkpt lat="35.0163" lon="-111.86685">
        <ele>2031.0</ele>
      </trkpt>
      <trkpt lat="35.01636" lon="-111.86694">
        <ele>2031.0</ele>
      </trkpt>
      <trkpt lat="35.01643" lon="-111.86702">
        <ele>2030.92</ele>
      </trkpt>
      <trkpt lat="35.01648" lon="-111.86711">
        <ele>2031.79</ele>
      </trkpt>
      <trkpt lat="35.01653" lon="-111.86719">
        <ele>2033.3</ele>
      </trkpt>
      <trkpt lat="35.01658" lon="-111.86727">
        <ele>2035.0</ele>
      </trkpt>
      <trkpt lat="35.01664" lon="-111.86736">
        <ele>2035.78</ele>
      </trkpt>
      <trkpt lat="35.01669" lon="-111.86743">
        <ele>2036.18</ele>
      </trkpt>
      <trkpt lat="35.01674" lon="-111.86751">
        <ele>2036.32</ele>
      </trkpt>
      <trkpt lat="35.01677" lon="-111.86761">
        <ele>2037.05</ele>
      </trkpt>
      <trkpt lat="35.01683" lon="-111.86768">
        <ele>2036.46</ele>
      </trkpt>
      <trkpt lat="35.01687" lon="-111.86776">
        <ele>2037.3</ele>
      </trkpt>
      <trkpt lat="35.01693" lon="-111.86784">
        <ele>2037.09</ele>
      </trkpt>
      <trkpt lat="35.01697" lon="-111.86791">
        <ele>2037.34</ele>
      </trkpt>
      <trkpt lat="35.01702" lon="-111.86799">
        <ele>2036.95</ele>
      </trkpt>
      <trkpt lat="35.01707" lon="-111.86807">
        <ele>2037.0</ele>
      </trkpt>
      <trkpt lat="35.01712" lon="-111.86814">
        <ele>2037.21</ele>
      </trkpt>
      <trkpt lat="35.01717" lon="-111.86822">
        <ele>2037.78</ele>
      </trkpt>
      <trkpt lat="35.01723" lon="-111.86831">
        <ele>2038.43</ele>
      </trkpt>
      <trkpt lat="35.01728" lon="-111.86839">
        <ele>2039.6</ele>
      </trkpt>
      <trkpt lat="35.01733" lon="-111.86845">
        <ele>2040.26</ele>
      </trkpt>
      <trkpt lat="35.01738" lon="-111.8685">
        <ele>2040.8</ele>
      </trkpt>
      <trkpt lat="35.01743" lon="-111.86857">
        <ele>2041.42</ele>
      </trkpt>
      <trkpt lat="35.01746" lon="-111.86861">
        <ele>2041.43</ele>
      </trkpt>
      <trkpt lat="35.01752" lon="-111.86866">
        <ele>2041.53</ele>
      </trkpt>
      <trkpt lat="35.01756" lon="-111.86868">
        <ele>2041.74</ele>
      </trkpt>
      <trkpt lat="35.0176" lon="-111.8687">
        <ele>2041.96</ele>
      </trkpt>
      <trkpt lat="35.01765" lon="-111.86872">
        <ele>2042.0</ele>
      </trkpt>
      <trkpt lat="35.01767" lon="-111.86874">
        <ele>2042.0</ele>
      </trkpt>
      <trkpt lat="35.0177" lon="-111.86876">
        <ele>2042.0</ele>
      </trkpt>
      <trkpt lat="35.01775" lon="-111.86883">
        <ele>2042.11</ele>
      </trkpt>
      <trkpt lat="35.0178" lon="-111.86888">
        <ele>2042.24</ele>
      </trkpt>
      <trkpt lat="35.01786" lon="-111.86893">
        <ele>2042.99</ele>
      </trkpt>
      <trkpt lat="35.01793" lon="-111.86899">
        <ele>2043.18</ele>
      </trkpt>
      <trkpt lat="35.01799" lon="-111.86905">
        <ele>2044.63</ele>
      </trkpt>
      <trkpt lat="35.01806" lon="-111.86912">
        <ele>2046.02</ele>
      </trkpt>
      <trkpt lat="35.01813" lon="-111.86918">
        <ele>2047.14</ele>
      </trkpt>
      <trkpt lat="35.0182" lon="-111.86925">
        <ele>2047.9</ele>
      </trkpt>
      <trkpt lat="35.01827" lon="-111.8693">
        <ele>2048.0</ele>
      </trkpt>
      <trkpt lat="35.01835" lon="-111.86936">
        <ele>2048.07</ele>
      </trkpt>
      <trkpt lat="35.01842" lon="-111.86941">
        <ele>2048.04</ele>
      </trkpt>
      <trkpt lat="35.01849" lon="-111.86946">
        <ele>2048.17</ele>
      </trkpt>
      <trkpt lat="35.01856" lon="-111.86951">
        <ele>2048.39</ele>
      </trkpt>
      <trkpt lat="35.01864" lon="-111.86957">
        <ele>2048.24</ele>
      </trkpt>
      <trkpt lat="35.01872" lon="-111.86963">
        <ele>2048.0</ele>
      </trkpt>
      <trkpt lat="35.0188" lon="-111.86968">
        <ele>2048.52</ele>
      </trkpt>
      <trkpt lat="35.01888" lon="-111.86972">
        <ele>2048.09</ele>
      </trkpt>
      <trkpt lat="35.01894" lon="-111.86974">
        <ele>2048.19</ele>
      </trkpt>
      <trkpt lat="35.019" lon="-111.86976">
        <ele>2048.21</ele>
      </trkpt>
      <trkpt lat="35.01906" lon="-111.86978">
        <ele>2047.78</ele>
      </trkpt>
      <trkpt lat="35.01912" lon="-111.8698">
        <ele>2047.84</ele>
      </trkpt>
      <trkpt lat="35.01919" lon="-111.86982">
        <ele>2047.76</ele>
      </trkpt>
      <trkpt lat="35.01925" lon="-111.86984">
        <ele>2047.34</ele>
      </trkpt>
      <trkpt lat="35.01932" lon="-111.86987">
        <ele>2046.94</ele>
      </trkpt>
      <trkpt lat="35.01938" lon="-111.8699">
        <ele>2046.34</ele>
      </trkpt>
      <trkpt lat="35.01944" lon="-111.86992">
        <ele>2045.23</ele>
      </trkpt>
      <trkpt lat="35.0195" lon="-111.86994">
        <ele>2044.54</ele>
      </trkpt>
      <trkpt lat="35.01956" lon="-111.86996">
        <ele>2043.5</ele>
      </trkpt>
      <trkpt lat="35.01961" lon="-111.86998">
        <ele>2042.42</ele>
      </trkpt>
      <trkpt lat="35.01965" lon="-111.87">
        <ele>2041.56</ele>
      </trkpt>
      <trkpt lat="35.01968" lon="-111.87002">
        <ele>2040.91</ele>
      </trkpt>
      <trkpt lat="35.01972" lon="-111.87004">
        <ele>2040.05</ele>
      </trkpt>
      <trkpt lat="35.01975" lon="-111.87006">
        <ele>2039.4</ele>
      </trkpt>
      <trkpt lat="35.01978" lon="-111.87008">
        <ele>2038.75</ele>
      </trkpt>
      <trkpt lat="35.01981" lon="-111.87009">
        <ele>2038.1</ele>
      </trkpt>
      <trkpt lat="35.01983" lon="-111.8701">
        <ele>2037.84</ele>
      </trkpt>
      <trkpt lat="35.01987" lon="-111.87013">
        <ele>2037.4</ele>
      </trkpt>
      <trkpt lat="35.01991" lon="-111.87017">
        <ele>2036.97</ele>
      </trkpt>
      <trkpt lat="35.01994" lon="-111.87018">
        <ele>2036.65</ele>
      </trkpt>
      <trkpt lat="35.01999" lon="-111.87019">
        <ele>2036.11</ele>
      </trkpt>
      <trkpt lat="35.02006" lon="-111.87021">
        <ele>2036.0</ele>
      </trkpt>
      <trkpt lat="35.02013" lon="-111.87023">
        <ele>2035.6</ele>
      </trkpt>
      <trkpt lat="35.02021" lon="-111.87025">
        <ele>2034.81</ele>
      </trkpt>
      <trkpt lat="35.02028" lon="-111.87028">
        <ele>2033.98</ele>
      </trkpt>
      <trkpt lat="35.02036" lon="-111.87031">
        <ele>2033.11</ele>
      </trkpt>
      <trkpt lat="35.02044" lon="-111.87033">
        <ele>2032.58</ele>
      </trkpt>
      <trkpt lat="35.02052" lon="-111.87034">
        <ele>2031.51</ele>
      </trkpt>
      <trkpt lat="35.0206" lon="-111.87033">
        <ele>2030.52</ele>
      </trkpt>
      <trkpt lat="35.02067" lon="-111.87032">
        <ele>2030.0</ele>
      </trkpt>
      <trkpt lat="35.02073" lon="-111.87028">
        <ele>2030.0</ele>
      </trkpt>
      <trkpt lat="35.02079" lon="-111.87021">
        <ele>2030.0</ele>
      </trkpt>
      <trkpt lat="35.02083" lon="-111.87013">
        <ele>2030.0</ele>
      </trkpt>
      <trkpt lat="35.02086" lon="-111.87004">
        <ele>2030.0</ele>
      </trkpt>
      <trkpt lat="35.02087" lon="-111.86995">
        <ele>2030.0</ele>
      </trkpt>
      <trkpt lat="35.02088" lon="-111.86985">
        <ele>2030.0</ele>
      </trkpt>
      <trkpt lat="35.02088" lon="-111.86974">
        <ele>2030.0</ele>
      </trkpt>
      <trkpt lat="35.02087" lon="-111.86964">
        <ele>2030.35</ele>
      </trkpt>
      <trkpt lat="35.02086" lon="-111.86954">
        <ele>2031.26</ele>
      </trkpt>
      <trkpt lat="35.02084" lon="-111.86943">
        <ele>2032.3</ele>
      </trkpt>
      <trkpt lat="35.02082" lon="-111.86931">
        <ele>2033.16</ele>
      </trkpt>
      <trkpt lat="35.0208" lon="-111.86917">
        <ele>2034.24</ele>
      </trkpt>
      <trkpt lat="35.02077" lon="-111.86903">
        <ele>2036.58</ele>
      </trkpt>
      <trkpt lat="35.02074" lon="-111.86889">
        <ele>2037.96</ele>
      </trkpt>
      <trkpt lat="35.02071" lon="-111.86874">
        <ele>2038.21</ele>
      </trkpt>
      <trkpt lat="35.02069" lon="-111.86862">
        <ele>2038.81</ele>
      </trkpt>
      <trkpt lat="35.02066" lon="-111.86848">
        <ele>2039.18</ele>
      </trkpt>
      <trkpt lat="35.02063" lon="-111.86836">
        <ele>2038.75</ele>
      </trkpt>
      <trkpt lat="35.0206" lon="-111.86823">
        <ele>2039.08</ele>
      </trkpt>
      <trkpt lat="35.02057" lon="-111.86809">
        <ele>2039.84</ele>
      </trkpt>
      <trkpt lat="35.02055" lon="-111.86797">
        <ele>2041.67</ele>
      </trkpt>
      <trkpt lat="35.02052" lon="-111.86784">
        <ele>2043.89</ele>
      </trkpt>
      <trkpt lat="35.02048" lon="-111.86771">
        <ele>2045.7</ele>
      </trkpt>
      <trkpt lat="35.02047" lon="-111.86757">
        <ele>2048.56</ele>
      </trkpt>
      <trkpt lat="35.02045" lon="-111.86746">
        <ele>2050.21</ele>
      </trkpt>
      <trkpt lat="35.02044" lon="-111.86737">
        <ele>2050.75</ele>
      </trkpt>
      <trkpt lat="35.02043" lon="-111.86729">
        <ele>2050.64</ele>
      </trkpt>
      <trkpt lat="35.02043" lon="-111.86718">
        <ele>2050.48</ele>
      </trkpt>
      <trkpt lat="35.02044" lon="-111.86709">
        <ele>2050.08</ele>
      </trkpt>
      <trkpt lat="35.02047" lon="-111.867">
        <ele>2050.2</ele>
      </trkpt>
      <trkpt lat="35.02051" lon="-111.86692">
        <ele>2050.75</ele>
      </trkpt>
      <trkpt lat="35.02054" lon="-111.86681">
        <ele>2050.66</ele>
      </trkpt>
      <trkpt lat="35.02055" lon="-111.86671">
        <ele>2050.35</ele>
      </trkpt>
      <trkpt lat="35.02055" lon="-111.86662">
        <ele>2049.41</ele>
      </trkpt>
      <trkpt lat="35.02054" lon="-111.86653">
        <ele>2048.52</ele>
      </trkpt>
      <trkpt lat="35.02047" lon="-111.86645">
        <ele>2048.92</ele>
      </trkpt>
      <trkpt lat="35.02037" lon="-111.86638">
        <ele>2051.0</ele>
      </trkpt>
      <trkpt lat="35.02027" lon="-111.86632">
        <ele>2050.64</ele>
      </trkpt>
      <trkpt lat="35.02018" lon="-111.86625">
        <ele>2049.89</ele>
      </trkpt>
      <trkpt lat="35.0201" lon="-111.86616">
        <ele>2049.55</ele>
      </trkpt>
      <trkpt lat="35.02004" lon="-111.86607">
        <ele>2050.44</ele>
      </trkpt>
      <trkpt lat="35.02" lon="-111.86595">
        <ele>2051.0</ele>
      </trkpt>
      <trkpt lat="35.01999" lon="-111.86584">
        <ele>2050.89</ele>
      </trkpt>
      <trkpt lat="35.01998" lon="-111.86573">
        <ele>2051.59</ele>
      </trkpt>
      <trkpt lat="35.01998" lon="-111.86561">
        <ele>2051.78</ele>
      </trkpt>
      <trkpt lat="35.01998" lon="-111.86549">
        <ele>2052.34</ele>
      </trkpt>
      <trkpt lat="35.01999" lon="-111.86538">
        <ele>2053.78</ele>
      </trkpt>
      <trkpt lat="35.01998" lon="-111.86526">
        <ele>2055.19</ele>
      </trkpt>
      <trkpt lat="35.01998" lon="-111.86517">
        <ele>2056.13</ele>
      </trkpt>
      <trkpt lat="35.01996" lon="-111.86508">
        <ele>2056.63</ele>
      </trkpt>
      <trkpt lat="35.01992" lon="-111.865">
        <ele>2057.0</ele>
      </trkpt>
      <trkpt lat="35.01985" lon="-111.86491">
        <ele>2056.98</ele>
      </trkpt>
      <trkpt lat="35.01979" lon="-111.86482">
        <ele>2056.98</ele>
      </trkpt>
      <trkpt lat="35.01972" lon="-111.86473">
        <ele>2057.89</ele>
      </trkpt>
      <trkpt lat="35.01966" lon="-111.86463">
        <ele>2058.0</ele>
      </trkpt>
      <trkpt lat="35.01959" lon="-111.86454">
        <ele>2057.99</ele>
      </trkpt>
      <trkpt lat="35.01954" lon="-111.86443">
        <ele>2058.18</ele>
      </trkpt>
      <trkpt lat="35.01948" lon="-111.86432">
        <ele>2058.38</ele>
      </trkpt>
      <trkpt lat="35.01944" lon="-111.8642">
        <ele>2058.61</ele>
      </trkpt>
      <trkpt lat="35.0194" lon="-111.86408">
        <ele>2058.52</ele>
      </trkpt>
      <trkpt lat="35.01936" lon="-111.86396">
        <ele>2059.09</ele>
      </trkpt>
      <trkpt lat="35.01931" lon="-111.86385">
        <ele>2058.97</ele>
      </trkpt>
      <trkpt lat="35.01925" lon="-111.86374">
        <ele>2058.96</ele>
      </trkpt>
      <trkpt lat="35.0192" lon="-111.86362">
        <ele>2059.33</ele>
      </trkpt>
      <trkpt lat="35.01915" lon="-111.86351">
        <ele>2059.82</ele>
      </trkpt>
      <trkpt lat="35.0191" lon="-111.8634">
        <ele>2059.56</ele>
      </trkpt>
      <trkpt lat="35.01905" lon="-111.86328">
        <ele>2059.74</ele>
      </trkpt>
      <trkpt lat="35.01899" lon="-111.86316">
        <ele>2059.09</ele>
      </trkpt>
      <trkpt lat="35.01895" lon="-111.86306">
        <ele>2059.61</ele>
      </trkpt>
      <trkpt lat="35.01892" lon="-111.86296">
        <ele>2059.36</ele>
      </trkpt>
      <trkpt lat="35.01891" lon="-111.86286">
        <ele>2060.03</ele>
      </trkpt>
      <trkpt lat="35.0189" lon="-111.86275">
        <ele>2060.38</ele>
      </trkpt>
      <trkpt lat="35.0189" lon="-111.86263">
        <ele>2061.67</ele>
      </trkpt>
      <trkpt lat="35.01889" lon="-111.86251">
        <ele>2062.9</ele>
      </trkpt>
      <trkpt lat="35.01889" lon="-111.86238">
        <ele>2064.01</ele>
      </trkpt>
      <trkpt lat="35.0189" lon="-111.86225">
        <ele>2064.2</ele>
      </trkpt>
      <trkpt lat="35.0189" lon="-111.86213">
        <ele>2065.12</ele>
      </trkpt>
      <trkpt lat="35.0189" lon="-111.862">
        <ele>2065.12</ele>
      </trkpt>
      <trkpt lat="35.01891" lon="-111.86188">
        <ele>2065.23</ele>
      </trkpt>
      <trkpt lat="35.01892" lon="-111.86177">
        <ele>2066.22</ele>
      </trkpt>
      <trkpt lat="35.01893" lon="-111.86166">
        <ele>2066.44</ele>
      </trkpt>
      <trkpt lat="35.01894" lon="-111.86156">
        <ele>2066.55</ele>
      </trkpt>
      <trkpt lat="35.01898" lon="-111.86145">
        <ele>2066.98</ele>
      </trkpt>
      <trkpt lat="35.01903" lon="-111.86133">
        <ele>2067.33</ele>
      </trkpt>
      <trkpt lat="35.0191" lon="-111.86121">
        <ele>2068.0</ele>
      </trkpt>
      <trkpt lat="35.01917" lon="-111.8611">
        <ele>2068.0</ele>
      </trkpt>
      <trkpt lat="35.01925" lon="-111.861">
        <ele>2067.82</ele>
      </trkpt>
      <trkpt lat="35.01933" lon="-111.86092">
        <ele>2066.24</ele>
      </trkpt>
      <trkpt lat="35.0194" lon="-111.86086">
        <ele>2065.48</ele>
      </trkpt>
      <trkpt lat="35.01949" lon="-111.8608">
        <ele>2063.83</ele>
      </trkpt>
      <trkpt lat="35.01958" lon="-111.86077">
        <ele>2062.54</ele>
      </trkpt>
      <trkpt lat="35.01967" lon="-111.86075">
        <ele>2061.56</ele>
      </trkpt>
      <trkpt lat="35.01977" lon="-111.86075">
        <ele>2061.0</ele>
      </trkpt>
      <trkpt lat="35.01987" lon="-111.86075">
        <ele>2061.0</ele>
      </trkpt>
      <trkpt lat="35.01996" lon="-111.86075">
        <ele>2060.49</ele>
      </trkpt>
      <trkpt lat="35.02007" lon="-111.86076">
        <ele>2060.05</ele>
      </trkpt>
      <trkpt lat="35.02018" lon="-111.86076">
        <ele>2060.0</ele>
      </trkpt>
      <trkpt lat="35.02026" lon="-111.86077">
        <ele>2059.45</ele>
      </trkpt>
      <trkpt lat="35.02036" lon="-111.86079">
        <ele>2059.06</ele>
      </trkpt>
      <trkpt lat="35.02045" lon="-111.8608">
        <ele>2059.0</ele>
      </trkpt>
      <trkpt lat="35.02055" lon="-111.86081">
        <ele>2059.0</ele>
      </trkpt>
      <trkpt lat="35.02065" lon="-111.86082">
        <ele>2059.0</ele>
      </trkpt>
      <trkpt lat="35.02076" lon="-111.86084">
        <ele>2059.01</ele>
      </trkpt>
      <trkpt lat="35.02087" lon="-111.86085">
        <ele>2059.18</ele>
      </trkpt>
      <trkpt lat="35.02099" lon="-111.86088">
        <ele>2059.5</ele>
      </trkpt>
      <trkpt lat="35.02111" lon="-111.8609">
        <ele>2059.72</ele>
      </trkpt>
      <trkpt lat="35.02122" lon="-111.86092">
        <ele>2060.0</ele>
      </trkpt>
      <trkpt lat="35.02133" lon="-111.86094">
        <ele>2060.0</ele>
      </trkpt>
      <trkpt lat="35.02145" lon="-111.86096">
        <ele>2060.24</ele>
      </trkpt>
      <trkpt lat="35.02157" lon="-111.86098">
        <ele>2060.98</ele>
      </trkpt>
      <trkpt lat="35.02167" lon="-111.861">
        <ele>2061.04</ele>
      </trkpt>
      <trkpt lat="35.02177" lon="-111.86102">
        <ele>2062.12</ele>
      </trkpt>
      <trkpt lat="35.02186" lon="-111.86104">
        <ele>2063.02</ele>
      </trkpt>
      <trkpt lat="35.02196" lon="-111.86106">
        <ele>2063.45</ele>
      </trkpt>
      <trkpt lat="35.02205" lon="-111.86108">
        <ele>2063.71</ele>
      </trkpt>
      <trkpt lat="35.02214" lon="-111.86111">
        <ele>2064.11</ele>
      </trkpt>
      <trkpt lat="35.02224" lon="-111.86113">
        <ele>2065.04</ele>
      </trkpt>
      <trkpt lat="35.02233" lon="-111.86117">
        <ele>2065.7</ele>
      </trkpt>
      <trkpt lat="35.02243" lon="-111.86122">
        <ele>2066.18</ele>
      </trkpt>
      <trkpt lat="35.02252" lon="-111.86128">
        <ele>2066.86</ele>
      </trkpt>
      <trkpt lat="35.02262" lon="-111.86135">
        <ele>2067.17</ele>
      </trkpt>
      <trkpt lat="35.02271" lon="-111.86144">
        <ele>2068.0</ele>
      </trkpt>
      <trkpt lat="35.02281" lon="-111.86154">
        <ele>2068.0</ele>
      </trkpt>
      <trkpt lat="35.02287" lon="-111.86164">
        <ele>2068.0</ele>
      </trkpt>
      <trkpt lat="35.02293" lon="-111.86173">
        <ele>2067.11</ele>
      </trkpt>
      <trkpt lat="35.02297" lon="-111.86181">
        <ele>2066.92</ele>
      </trkpt>
      <trkpt lat="35.02301" lon="-111.8619">
        <ele>2066.49</ele>
      </trkpt>
      <trkpt lat="35.02305" lon="-111.86198">
        <ele>2066.06</ele>
      </trkpt>
      <trkpt lat="35.02309" lon="-111.86207">
        <ele>2064.9</ele>
      </trkpt>
      <trkpt lat="35.02312" lon="-111.86215">
        <ele>2063.39</ele>
      </trkpt>
      <trkpt lat="35.02316" lon="-111.86222">
        <ele>2061.9</ele>
      </trkpt>
      <trkpt lat="35.02321" lon="-111.86229">
        <ele>2061.09</ele>
      </trkpt>
      <trkpt lat="35.02324" lon="-111.86239">
        <ele>2061.0</ele>
      </trkpt>
      <trkpt lat="35.02328" lon="-111.8625">
        <ele>2060.58</ele>
      </trkpt>
      <trkpt lat="35.02331" lon="-111.8626">
        <ele>2060.25</ele>
      </trkpt>
      <trkpt lat="35.02335" lon="-111.86269">
        <ele>2060.04</ele>
      </trkpt>
      <trkpt lat="35.0234" lon="-111.86277">
        <ele>2060.26</ele>
      </trkpt>
      <trkpt lat="35.02345" lon="-111.86286">
        <ele>2059.97</ele>
      </trkpt>
      <trkpt lat="35.02351" lon="-111.86292">
        <ele>2060.0</ele>
      </trkpt>
      <trkpt lat="35.0236" lon="-111.86299">
        <ele>2059.12</ele>
      </trkpt>
      <trkpt lat="35.02369" lon="-111.86305">
        <ele>2059.0</ele>
      </trkpt>
      <trkpt lat="35.02379" lon="-111.8631">
        <ele>2058.52</ele>
      </trkpt>
      <trkpt lat="35.0239" lon="-111.86314">
        <ele>2058.79</ele>
      </trkpt>
      <trkpt lat="35.02401" lon="-111.86315">
        <ele>2058.02</ele>
      </trkpt>
      <trkpt lat="35.02411" lon="-111.86316">
        <ele>2058.13</ele>
      </trkpt>
      <trkpt lat="35.02422" lon="-111.86316">
        <ele>2058.13</ele>
      </trkpt>
      <trkpt lat="35.02434" lon="-111.86317">
        <ele>2058.24</ele>
      </trkpt>
      <trkpt lat="35.02445" lon="-111.86316">
        <ele>2058.13</ele>
      </trkpt>
      <trkpt lat="35.02456" lon="-111.86316">
        <ele>2058.13</ele>
      </trkpt>
      <trkpt lat="35.02467" lon="-111.86315">
        <ele>2058.02</ele>
      </trkpt>
      <trkpt lat="35.02479" lon="-111.86314">
        <ele>2057.91</ele>
      </trkpt>
      <trkpt lat="35.0249" lon="-111.86313">
        <ele>2057.8</ele>
      </trkpt>
      <trkpt lat="35.02501" lon="-111.86311">
        <ele>2057.59</ele>
      </trkpt>
      <trkpt lat="35.02513" lon="-111.86309">
        <ele>2057.37</ele>
      </trkpt>
      <trkpt lat="35.02523" lon="-111.86308">
        <ele>2057.26</ele>
      </trkpt>
      <trkpt lat="35.02535" lon="-111.86306">
        <ele>2057.05</ele>
      </trkpt>
      <trkpt lat="35.02546" lon="-111.86304">
        <ele>2056.83</ele>
      </trkpt>
      <trkpt lat="35.02558" lon="-111.86302">
        <ele>2057.0</ele>
      </trkpt>
      <trkpt lat="35.02569" lon="-111.863">
        <ele>2057.18</ele>
      </trkpt>
      <trkpt lat="35.0258" lon="-111.86298">
        <ele>2057.18</ele>
      </trkpt>
      <trkpt lat="35.02591" lon="-111.86297">
        <ele>2057.08</ele>
      </trkpt>
      <trkpt lat="35.02602" lon="-111.86296">
        <ele>2056.97</ele>
      </trkpt>
      <trkpt lat="35.0261" lon="-111.86295">
        <ele>2056.98</ele>
      </trkpt>
      <trkpt lat="35.02619" lon="-111.86294">
        <ele>2057.0</ele>
      </trkpt>
      <trkpt lat="35.02629" lon="-111.86293">
        <ele>2057.0</ele>
      </trkpt>
      <trkpt lat="35.02638" lon="-111.86291">
        <ele>2057.0</ele>
      </trkpt>
      <trkpt lat="35.02648" lon="-111.8629">
        <ele>2057.0</ele>
      </trkpt>
      <trkpt lat="35.02659" lon="-111.86288">
        <ele>2057.0</ele>
      </trkpt>
      <trkpt lat="35.0267" lon="-111.86287">
        <ele>2057.0</ele>
      </trkpt>
      <trkpt lat="35.02679" lon="-111.86286">
        <ele>2056.59</ele>
      </trkpt>
      <trkpt lat="35.02688" lon="-111.86285">
        <ele>2055.7</ele>
      </trkpt>
      <trkpt lat="35.02697" lon="-111.86283">
        <ele>2054.88</ele>
      </trkpt>
      <trkpt lat="35.02705" lon="-111.86282">
        <ele>2054.39</ele>
      </trkpt>
      <trkpt lat="35.02712" lon="-111.86281">
        <ele>2054.04</ele>
      </trkpt>
      <trkpt lat="35.02719" lon="-111.8628">
        <ele>2053.5</ele>
      </trkpt>
      <trkpt lat="35.02726" lon="-111.86278">
        <ele>2053.01</ele>
      </trkpt>
      <trkpt lat="35.02735" lon="-111.86277">
        <ele>2052.57</ele>
      </trkpt>
      <trkpt lat="35.02742" lon="-111.86275">
        <ele>2051.86</ele>
      </trkpt>
      <trkpt lat="35.02749" lon="-111.86273">
        <ele>2051.11</ele>
      </trkpt>
      <trkpt lat="35.02756" lon="-111.8627">
        <ele>2050.46</ele>
      </trkpt>
      <trkpt lat="35.02771" lon="-111.86264">
        <ele>2049.37</ele>
      </trkpt>
      <trkpt lat="35.02782" lon="-111.86258">
        <ele>2048.94</ele>
      </trkpt>
      <trkpt lat="35.02791" lon="-111.86251">
        <ele>2048.06</ele>
      </trkpt>
      <trkpt lat="35.028" lon="-111.86247">
        <ele>2048.0</ele>
      </trkpt>
      <trkpt lat="35.02808" lon="-111.86244">
        <ele>2048.0</ele>
      </trkpt>
      <trkpt lat="35.02814" lon="-111.86244">
        <ele>2048.0</ele>
      </trkpt>
      <trkpt lat="35.0282" lon="-111.86244">
        <ele>2048.0</ele>
      </trkpt>
      <trkpt lat="35.02826" lon="-111.86245">
        <ele>2048.0</ele>
      </trkpt>
      <trkpt lat="35.02834" lon="-111.86247">
        <ele>2048.0</ele>
      </trkpt>
      <trkpt lat="35.02842" lon="-111.86249">
        <ele>2048.0</ele>
      </trkpt>
      <trkpt lat="35.02852" lon="-111.86251">
        <ele>2047.89</ele>
      </trkpt>
      <trkpt lat="35.02859" lon="-111.86253">
        <ele>2047.68</ele>
      </trkpt>
      <trkpt lat="35.02867" lon="-111.86255">
        <ele>2047.46</ele>
      </trkpt>
      <trkpt lat="35.02874" lon="-111.86256">
        <ele>2047.35</ele>
      </trkpt>
      <trkpt lat="35.02882" lon="-111.86255">
        <ele>2047.2</ele>
      </trkpt>
      <trkpt lat="35.02892" lon="-111.86254">
        <ele>2046.57</ele>
      </trkpt>
      <trkpt lat="35.02902" lon="-111.86251">
        <ele>2046.48</ele>
      </trkpt>
      <trkpt lat="35.0291" lon="-111.86248">
        <ele>2045.72</ele>
      </trkpt>
      <trkpt lat="35.02916" lon="-111.86243">
        <ele>2045.07</ele>
      </trkpt>
      <trkpt lat="35.02919" lon="-111.86234">
        <ele>2044.75</ele>
      </trkpt>
      <trkpt lat="35.02922" lon="-111.86226">
        <ele>2044.08</ele>
      </trkpt>
      <trkpt lat="35.02925" lon="-111.86216">
        <ele>2042.53</ele>
      </trkpt>
      <trkpt lat="35.02927" lon="-111.86207">
        <ele>2041.81</ele>
      </trkpt>
      <trkpt lat="35.02928" lon="-111.86195">
        <ele>2041.55</ele>
      </trkpt>
      <trkpt lat="35.0293" lon="-111.86182">
        <ele>2041.12</ele>
      </trkpt>
      <trkpt lat="35.02931" lon="-111.8617">
        <ele>2040.9</ele>
      </trkpt>
      <trkpt lat="35.02932" lon="-111.86158">
        <ele>2040.69</ele>
      </trkpt>
      <trkpt lat="35.02934" lon="-111.86145">
        <ele>2040.26</ele>
      </trkpt>
      <trkpt lat="35.02936" lon="-111.86133">
        <ele>2039.82</ele>
      </trkpt>
      <trkpt lat="35.02938" lon="-111.86122">
        <ele>2039.97</ele>
      </trkpt>
      <trkpt lat="35.02941" lon="-111.86111">
        <ele>2039.74</ele>
      </trkpt>
      <trkpt lat="35.02944" lon="-111.861">
        <ele>2038.91</ele>
      </trkpt>
      <trkpt lat="35.02948" lon="-111.86089">
        <ele>2037.23</ele>
      </trkpt>
      <trkpt lat="35.02953" lon="-111.86079">
        <ele>2035.64</ele>
      </trkpt>
      <trkpt lat="35.02957" lon="-111.8607">
        <ele>2034.93</ele>
      </trkpt>
      <trkpt lat="35.02961" lon="-111.8606">
        <ele>2034.83</ele>
      </trkpt>
      <trkpt lat="35.02967" lon="-111.8605">
        <ele>2034.9</ele>
      </trkpt>
      <trkpt lat="35.02972" lon="-111.86041">
        <ele>2034.62</ele>
      </trkpt>
      <trkpt lat="35.02978" lon="-111.86031">
        <ele>2035.03</ele>
      </trkpt>
      <trkpt lat="35.02984" lon="-111.86021">
        <ele>2035.19</ele>
      </trkpt>
      <trkpt lat="35.02989" lon="-111.86011">
        <ele>2035.19</ele>
      </trkpt>
      <trkpt lat="35.02995" lon="-111.86003">
        <ele>2035.22</ele>
      </trkpt>
      <trkpt lat="35.03002" lon="-111.85996">
        <ele>2035.0</ele>
      </trkpt>
      <trkpt lat="35.03007" lon="-111.85987">
        <ele>2034.18</ele>
      </trkpt>
      <trkpt lat="35.03012" lon="-111.85979">
        <ele>2032.44</ele>
      </trkpt>
      <trkpt lat="35.03017" lon="-111.85971">
        <ele>2031.03</ele>
      </trkpt>
      <trkpt lat="35.03019" lon="-111.85962">
        <ele>2029.8</ele>
      </trkpt>
      <trkpt lat="35.0302" lon="-111.85953">
        <ele>2028.83</ele>
      </trkpt>
      <trkpt lat="35.0302" lon="-111.85944">
        <ele>2028.64</ele>
      </trkpt>
      <trkpt lat="35.0302" lon="-111.85937">
        <ele>2028.0</ele>
      </trkpt>
      <trkpt lat="35.0302" lon="-111.85929">
        <ele>2027.73</ele>
      </trkpt>
      <trkpt lat="35.03018" lon="-111.85921">
        <ele>2027.55</ele>
      </trkpt>
      <trkpt lat="35.03016" lon="-111.85911">
        <ele>2026.49</ele>
      </trkpt>
      <trkpt lat="35.03013" lon="-111.85902">
        <ele>2024.83</ele>
      </trkpt>
      <trkpt lat="35.0301" lon="-111.85891">
        <ele>2023.17</ele>
      </trkpt>
      <trkpt lat="35.03007" lon="-111.85881">
        <ele>2022.6</ele>
      </trkpt>
      <trkpt lat="35.03005" lon="-111.85872">
        <ele>2022.54</ele>
      </trkpt>
      <trkpt lat="35.03003" lon="-111.85863">
        <ele>2022.42</ele>
      </trkpt>
      <trkpt lat="35.03001" lon="-111.85854">
        <ele>2022.02</ele>
      </trkpt>
      <trkpt lat="35.02999" lon="-111.85843">
        <ele>2022.22</ele>
      </trkpt>
      <trkpt lat="35.02998" lon="-111.85832">
        <ele>2022.1</ele>
      </trkpt>
      <trkpt lat="35.02994" lon="-111.85821">
        <ele>2022.3</ele>
      </trkpt>
      <trkpt lat="35.02992" lon="-111.85811">
        <ele>2022.32</ele>
      </trkpt>
      <trkpt lat="35.0299" lon="-111.85804">
        <ele>2022.15</ele>
      </trkpt>
      <trkpt lat="35.02988" lon="-111.85796">
        <ele>2022.27</ele>
      </trkpt>
      <trkpt lat="35.02987" lon="-111.8579">
        <ele>2022.0</ele>
      </trkpt>
      <trkpt lat="35.02986" lon="-111.85785">
        <ele>2021.69</ele>
      </trkpt>
      <trkpt lat="35.02986" lon="-111.85778">
        <ele>2020.55</ele>
      </trkpt>
      <trkpt lat="35.02985" lon="-111.85773">
        <ele>2019.78</ele>
      </trkpt>
      <trkpt lat="35.02984" lon="-111.85764">
        <ele>2018.38</ele>
      </trkpt>
      <trkpt lat="35.02983" lon="-111.85754">
        <ele>2017.27</ele>
      </trkpt>
      <trkpt lat="35.02982" lon="-111.8574">
        <ele>2016.81</ele>
      </trkpt>
      <trkpt lat="35.02981" lon="-111.85728">
        <ele>2016.1</ele>
      </trkpt>
      <trkpt lat="35.0298" lon="-111.85715">
        <ele>2016.32</ele>
      </trkpt>
      <trkpt lat="35.02978" lon="-111.85702">
        <ele>2015.75</ele>
      </trkpt>
      <trkpt lat="35.02977" lon="-111.85691">
        <ele>2015.79</ele>
      </trkpt>
      <trkpt lat="35.02975" lon="-111.85677">
        <ele>2014.82</ele>
      </trkpt>
      <trkpt lat="35.02972" lon="-111.85665">
        <ele>2013.66</ele>
      </trkpt>
      <trkpt lat="35.0297" lon="-111.85656">
        <ele>2012.09</ele>
      </trkpt>
      <trkpt lat="35.02968" lon="-111.85649">
        <ele>2011.55</ele>
      </trkpt>
      <trkpt lat="35.02967" lon="-111.85642">
        <ele>2011.27</ele>
      </trkpt>
      <trkpt lat="35.02966" lon="-111.85635">
        <ele>2011.34</ele>
      </trkpt>
      <trkpt lat="35.02966" lon="-111.85627">
        <ele>2011.06</ele>
      </trkpt>
      <trkpt lat="35.02965" lon="-111.85619">
        <ele>2010.56</ele>
      </trkpt>
      <trkpt lat="35.02965" lon="-111.85611">
        <ele>2010.55</ele>
      </trkpt>
      <trkpt lat="35.02965" lon="-111.85603">
        <ele>2009.68</ele>
      </trkpt>
      <trkpt lat="35.02965" lon="-111.85595">
        <ele>2009.56</ele>
      </trkpt>
      <trkpt lat="35.02964" lon="-111.85584">
        <ele>2009.78</ele>
      </trkpt>
      <trkpt lat="35.02963" lon="-111.85574">
        <ele>2008.99</ele>
      </trkpt>
      <trkpt lat="35.02961" lon="-111.85564">
        <ele>2009.14</ele>
      </trkpt>
      <trkpt lat="35.02959" lon="-111.85554">
        <ele>2008.71</ele>
      </trkpt>
      <trkpt lat="35.02956" lon="-111.85545">
        <ele>2007.83</ele>
      </trkpt>
      <trkpt lat="35.02954" lon="-111.85535">
        <ele>2006.53</ele>
      </trkpt>
      <trkpt lat="35.02953" lon="-111.85524">
        <ele>2004.74</ele>
      </trkpt>
      <trkpt lat="35.02953" lon="-111.85512">
        <ele>2004.15</ele>
      </trkpt>
      <trkpt lat="35.02953" lon="-111.855">
        <ele>2002.15</ele>
      </trkpt>
      <trkpt lat="35.02955" lon="-111.85489">
        <ele>2002.31</ele>
      </trkpt>
      <trkpt lat="35.02957" lon="-111.85479">
        <ele>2003.24</ele>
      </trkpt>
      <trkpt lat="35.02961" lon="-111.8547">
        <ele>2004.82</ele>
      </trkpt>
      <trkpt lat="35.02966" lon="-111.85464">
        <ele>2006.25</ele>
      </trkpt>
      <trkpt lat="35.02972" lon="-111.85461">
        <ele>2006.98</ele>
      </trkpt>
      <trkpt lat="35.0298" lon="-111.8546">
        <ele>2005.89</ele>
      </trkpt>
      <trkpt lat="35.02989" lon="-111.8546">
        <ele>2004.61</ele>
      </trkpt>
      <trkpt lat="35.02996" lon="-111.85461">
        <ele>2003.56</ele>
      </trkpt>
      <trkpt lat="35.03003" lon="-111.85463">
        <ele>2002.68</ele>
      </trkpt>
      <trkpt lat="35.03011" lon="-111.85467">
        <ele>2001.62</ele>
      </trkpt>
      <trkpt lat="35.03017" lon="-111.85472">
        <ele>2000.33</ele>
      </trkpt>
      <trkpt lat="35.03025" lon="-111.85477">
        <ele>1998.96</ele>
      </trkpt>
      <trkpt lat="35.03035" lon="-111.85482">
        <ele>1998.28</ele>
      </trkpt>
      <trkpt lat="35.03046" lon="-111.85487">
        <ele>1997.63</ele>
      </trkpt>
      <trkpt lat="35.03056" lon="-111.85491">
        <ele>1995.95</ele>
      </trkpt>
      <trkpt lat="35.03063" lon="-111.85495">
        <ele>1994.83</ele>
      </trkpt>
      <trkpt lat="35.03069" lon="-111.85501">
        <ele>1993.61</ele>
      </trkpt>
      <trkpt lat="35.03074" lon="-111.85506">
        <ele>1993.01</ele>
      </trkpt>
      <trkpt lat="35.03081" lon="-111.85511">
        <ele>1992.63</ele>
      </trkpt>
      <trkpt lat="35.03089" lon="-111.85515">
        <ele>1992.25</ele>
      </trkpt>
      <trkpt lat="35.03097" lon="-111.85521">
        <ele>1992.06</ele>
      </trkpt>
      <trkpt lat="35.03103" lon="-111.85528">
        <ele>1992.78</ele>
      </trkpt>
      <trkpt lat="35.03108" lon="-111.85533">
        <ele>1992.61</ele>
      </trkpt>
      <trkpt lat="35.03112" lon="-111.8554">
        <ele>1993.13</ele>
      </trkpt>
      <trkpt lat="35.03118" lon="-111.85548">
        <ele>1992.88</ele>
      </trkpt>
      <trkpt lat="35.03124" lon="-111.85553">
        <ele>1992.77</ele>
      </trkpt>
      <trkpt lat="35.0313" lon="-111.85557">
        <ele>1992.27</ele>
      </trkpt>
      <trkpt lat="35.03135" lon="-111.85561">
        <ele>1992.25</ele>
      </trkpt>
      <trkpt lat="35.03141" lon="-111.85565">
        <ele>1991.8</ele>
      </trkpt>
      <trkpt lat="35.03147" lon="-111.8557">
        <ele>1991.26</ele>
      </trkpt>
      <trkpt lat="35.03153" lon="-111.85576">
        <ele>1989.53</ele>
      </trkpt>
      <trkpt lat="35.0316" lon="-111.85581">
        <ele>1987.65</ele>
      </trkpt>
      <trkpt lat="35.03167" lon="-111.85585">
        <ele>1987.15</ele>
      </trkpt>
      <trkpt lat="35.03173" lon="-111.85587">
        <ele>1986.98</ele>
      </trkpt>
      <trkpt lat="35.0318" lon="-111.85589">
        <ele>1986.95</ele>
      </trkpt>
      <trkpt lat="35.03186" lon="-111.8559">
        <ele>1986.7</ele>
      </trkpt>
      <trkpt lat="35.03194" lon="-111.85591">
        <ele>1986.66</ele>
      </trkpt>
      <trkpt lat="35.03201" lon="-111.85591">
        <ele>1986.07</ele>
      </trkpt>
      <trkpt lat="35.03209" lon="-111.85591">
        <ele>1985.83</ele>
      </trkpt>
      <trkpt lat="35.0322" lon="-111.85591">
        <ele>1985.7</ele>
      </trkpt>
      <trkpt lat="35.03229" lon="-111.8559">
        <ele>1985.44</ele>
      </trkpt>
      <trkpt lat="35.03237" lon="-111.85587">
        <ele>1985.15</ele>
      </trkpt>
      <trkpt lat="35.03244" lon="-111.85584">
        <ele>1985.1</ele>
      </trkpt>
      <trkpt lat="35.03251" lon="-111.8558">
        <ele>1984.71</ele>
      </trkpt>
      <trkpt lat="35.03257" lon="-111.85576">
        <ele>1984.37</ele>
      </trkpt>
      <trkpt lat="35.03264" lon="-111.85572">
        <ele>1983.38</ele>
      </trkpt>
      <trkpt lat="35.03274" lon="-111.8557">
        <ele>1982.41</ele>
      </trkpt>
      <trkpt lat="35.03282" lon="-111.85569">
        <ele>1981.75</ele>
      </trkpt>
      <trkpt lat="35.03291" lon="-111.85569">
        <ele>1981.45</ele>
      </trkpt>
      <trkpt lat="35.033" lon="-111.85569">
        <ele>1981.45</ele>
      </trkpt>
      <trkpt lat="35.03308" lon="-111.8557">
        <ele>1981.56</ele>
      </trkpt>
      <trkpt lat="35.03315" lon="-111.85571">
        <ele>1981.65</ele>
      </trkpt>
      <trkpt lat="35.03323" lon="-111.85572">
        <ele>1980.89</ele>
      </trkpt>
      <trkpt lat="35.03329" lon="-111.85574">
        <ele>1980.99</ele>
      </trkpt>
      <trkpt lat="35.03334" lon="-111.85576">
        <ele>1981.14</ele>
      </trkpt>
      <trkpt lat="35.03338" lon="-111.85577">
        <ele>1980.81</ele>
      </trkpt>
      <trkpt lat="35.03344" lon="-111.85579">
        <ele>1980.6</ele>
      </trkpt>
      <trkpt lat="35.0335" lon="-111.85582">
        <ele>1980.97</ele>
      </trkpt>
      <trkpt lat="35.03356" lon="-111.85586">
        <ele>1981.0</ele>
      </trkpt>
      <trkpt lat="35.03361" lon="-111.8559">
        <ele>1981.0</ele>
      </trkpt>
      <trkpt lat="35.03366" lon="-111.85597">
        <ele>1981.53</ele>
      </trkpt>
      <trkpt lat="35.0337" lon="-111.85605">
        <ele>1981.96</ele>
      </trkpt>
      <trkpt lat="35.03374" lon="-111.85616">
        <ele>1982.58</ele>
      </trkpt>
      <trkpt lat="35.03379" lon="-111.85626">
        <ele>1982.37</ele>
      </trkpt>
      <trkpt lat="35.03385" lon="-111.85639">
        <ele>1982.58</ele>
      </trkpt>
      <trkpt lat="35.03392" lon="-111.85649">
        <ele>1983.67</ele>
      </trkpt>
      <trkpt lat="35.034" lon="-111.85659">
        <ele>1985.03</ele>
      </trkpt>
      <trkpt lat="35.03406" lon="-111.8567">
        <ele>1984.79</ele>
      </trkpt>
      <trkpt lat="35.03413" lon="-111.85682">
        <ele>1985.34</ele>
      </trkpt>
      <trkpt lat="35.03418" lon="-111.85692">
        <ele>1985.41</ele>
      </trkpt>
      <trkpt lat="35.03424" lon="-111.85703">
        <ele>1985.79</ele>
      </trkpt>
      <trkpt lat="35.0343" lon="-111.85714">
        <ele>1985.38</ele>
      </trkpt>
      <trkpt lat="35.03436" lon="-111.85725">
        <ele>1986.09</ele>
      </trkpt>
      <trkpt lat="35.03442" lon="-111.85738">
        <ele>1987.07</ele>
      </trkpt>
      <trkpt lat="35.03446" lon="-111.8575">
        <ele>1987.34</ele>
      </trkpt>
      <trkpt lat="35.03451" lon="-111.85762">
        <ele>1987.91</ele>
      </trkpt>
      <trkpt lat="35.03456" lon="-111.85775">
        <ele>1988.5</ele>
      </trkpt>
      <trkpt lat="35.03461" lon="-111.85787">
        <ele>1988.58</ele>
      </trkpt>
      <trkpt lat="35.03465" lon="-111.85801">
        <ele>1989.04</ele>
      </trkpt>
      <trkpt lat="35.03468" lon="-111.85814">
        <ele>1989.14</ele>
      </trkpt>
      <trkpt lat="35.03471" lon="-111.85829">
        <ele>1989.27</ele>
      </trkpt>
      <trkpt lat="35.03474" lon="-111.85843">
        <ele>1989.38</ele>
      </trkpt>
      <trkpt lat="35.03476" lon="-111.85857">
        <ele>1989.82</ele>
      </trkpt>
      <trkpt lat="35.03477" lon="-111.8587">
        <ele>1990.03</ele>
      </trkpt>
      <trkpt lat="35.03477" lon="-111.85884">
        <ele>1990.03</ele>
      </trkpt>
      <trkpt lat="35.03478" lon="-111.85897">
        <ele>1990.25</ele>
      </trkpt>
      <trkpt lat="35.03479" lon="-111.8591">
        <ele>1992.48</ele>
      </trkpt>
      <trkpt lat="35.0348" lon="-111.85924">
        <ele>1994.19</ele>
      </trkpt>
      <trkpt lat="35.03481" lon="-111.85933">
        <ele>1994.79</ele>
      </trkpt>
      <trkpt lat="35.03483" lon="-111.85942">
        <ele>1994.55</ele>
      </trkpt>
      <trkpt lat="35.03487" lon="-111.8595">
        <ele>1994.83</ele>
      </trkpt>
      <trkpt lat="35.03491" lon="-111.85956">
        <ele>1995.02</ele>
      </trkpt>
      <trkpt lat="35.03498" lon="-111.8596">
        <ele>1995.25</ele>
      </trkpt>
      <trkpt lat="35.03504" lon="-111.85962">
        <ele>1995.54</ele>
      </trkpt>
      <trkpt lat="35.03513" lon="-111.85962">
        <ele>1996.15</ele>
      </trkpt>
      <trkpt lat="35.0352" lon="-111.85962">
        <ele>1996.21</ele>
      </trkpt>
      <trkpt lat="35.03527" lon="-111.85961">
        <ele>1996.42</ele>
      </trkpt>
      <trkpt lat="35.03534" lon="-111.85958">
        <ele>1997.07</ele>
      </trkpt>
      <trkpt lat="35.03542" lon="-111.85952">
        <ele>1997.65</ele>
      </trkpt>
      <trkpt lat="35.0355" lon="-111.85944">
        <ele>1997.68</ele>
      </trkpt>
      <trkpt lat="35.03558" lon="-111.85936">
        <ele>1997.62</ele>
      </trkpt>
      <trkpt lat="35.03568" lon="-111.85928">
        <ele>1997.35</ele>
      </trkpt>
      <trkpt lat="35.03578" lon="-111.8592">
        <ele>1997.22</ele>
      </trkpt>
      <trkpt lat="35.03588" lon="-111.85913">
        <ele>1997.29</ele>
      </trkpt>
      <trkpt lat="35.03598" lon="-111.85907">
        <ele>1997.48</ele>
      </trkpt>
      <trkpt lat="35.03609" lon="-111.85904">
        <ele>1996.88</ele>
      </trkpt>
      <trkpt lat="35.03619" lon="-111.85902">
        <ele>1996.67</ele>
      </trkpt>
      <trkpt lat="35.0363" lon="-111.85902">
        <ele>1996.17</ele>
      </trkpt>
      <trkpt lat="35.03641" lon="-111.85902">
        <ele>1996.26</ele>
      </trkpt>
      <trkpt lat="35.03652" lon="-111.85902">
        <ele>1996.58</ele>
      </trkpt>
      <trkpt lat="35.03663" lon="-111.85904">
        <ele>1996.97</ele>
      </trkpt>
      <trkpt lat="35.03673" lon="-111.85906">
        <ele>1997.15</ele>
      </trkpt>
      <trkpt lat="35.03684" lon="-111.8591">
        <ele>1998.46</ele>
      </trkpt>
      <trkpt lat="35.03696" lon="-111.85915">
        <ele>2001.2</ele>
      </trkpt>
      <trkpt lat="35.03707" lon="-111.8592">
        <ele>2001.76</ele>
      </trkpt>
      <trkpt lat="35.03718" lon="-111.85924">
        <ele>2002.32</ele>
      </trkpt>
      <trkpt lat="35.0373" lon="-111.85929">
        <ele>2002.51</ele>
      </trkpt>
      <trkpt lat="35.0374" lon="-111.85936">
        <ele>2002.83</ele>
      </trkpt>
      <trkpt lat="35.03749" lon="-111.85944">
        <ele>2003.83</ele>
      </trkpt>
      <trkpt lat="35.03758" lon="-111.85953">
        <ele>2006.59</ele>
      </trkpt>
      <trkpt lat="35.03767" lon="-111.85963">
        <ele>2007.66</ele>
      </trkpt>
      <trkpt lat="35.03776" lon="-111.85972">
        <ele>2007.64</ele>
      </trkpt>
      <trkpt lat="35.03784" lon="-111.85981">
        <ele>2007.41</ele>
      </trkpt>
      <trkpt lat="35.03791" lon="-111.85991">
        <ele>2006.8</ele>
      </trkpt>
      <trkpt lat="35.03798" lon="-111.86">
        <ele>2007.18</ele>
      </trkpt>
      <trkpt lat="35.03804" lon="-111.86011">
        <ele>2006.24</ele>
      </trkpt>
      <trkpt lat="35.03809" lon="-111.86022">
        <ele>2006.13</ele>
      </trkpt>
      <trkpt lat="35.03815" lon="-111.86034">
        <ele>2006.37</ele>
      </trkpt>
      <trkpt lat="35.0382" lon="-111.86045">
        <ele>2006.74</ele>
      </trkpt>
      <trkpt lat="35.03825" lon="-111.86056">
        <ele>2007.16</ele>
      </trkpt>
      <trkpt lat="35.03831" lon="-111.86067">
        <ele>2008.01</ele>
      </trkpt>
      <trkpt lat="35.03836" lon="-111.86079">
        <ele>2008.04</ele>
      </trkpt>
      <trkpt lat="35.03841" lon="-111.86091">
        <ele>2007.83</ele>
      </trkpt>
      <trkpt lat="35.03845" lon="-111.86102">
        <ele>2007.5</ele>
      </trkpt>
      <trkpt lat="35.03849" lon="-111.86114">
        <ele>2007.29</ele>
      </trkpt>
      <trkpt lat="35.03853" lon="-111.86123">
        <ele>2007.75</ele>
      </trkpt>
      <trkpt lat="35.03858" lon="-111.86135">
        <ele>2007.08</ele>
      </trkpt>
      <trkpt lat="35.03863" lon="-111.86145">
        <ele>2007.0</ele>
      </trkpt>
      <trkpt lat="35.03866" lon="-111.86155">
        <ele>2007.0</ele>
      </trkpt>
      <trkpt lat="35.0387" lon="-111.86165">
        <ele>2006.97</ele>
      </trkpt>
      <trkpt lat="35.03874" lon="-111.86175">
        <ele>2007.35</ele>
      </trkpt>
      <trkpt lat="35.03879" lon="-111.86185">
        <ele>2007.87</ele>
      </trkpt>
      <trkpt lat="35.03883" lon="-111.86194">
        <ele>2007.41</ele>
      </trkpt>
      <trkpt lat="35.03888" lon="-111.86204">
        <ele>2007.78</ele>
      </trkpt>
      <trkpt lat="35.03894" lon="-111.8621">
        <ele>2008.25</ele>
      </trkpt>
      <trkpt lat="35.039" lon="-111.86216">
        <ele>2009.2</ele>
      </trkpt>
      <trkpt lat="35.03906" lon="-111.86223">
        <ele>2011.31</ele>
      </trkpt>
      <trkpt lat="35.03913" lon="-111.86229">
        <ele>2012.92</ele>
      </trkpt>
      <trkpt lat="35.0392" lon="-111.86235">
        <ele>2014.12</ele>
      </trkpt>
      <trkpt lat="35.03927" lon="-111.86241">
        <ele>2015.09</ele>
      </trkpt>
      <trkpt lat="35.03934" lon="-111.86247">
        <ele>2015.2</ele>
      </trkpt>
      <trkpt lat="35.03942" lon="-111.86253">
        <ele>2015.41</ele>
      </trkpt>
      <trkpt lat="35.0395" lon="-111.86259">
        <ele>2016.23</ele>
      </trkpt>
      <trkpt lat="35.03958" lon="-111.86264">
        <ele>2017.42</ele>
      </trkpt>
      <trkpt lat="35.03966" lon="-111.86269">
        <ele>2017.17</ele>
      </trkpt>
      <trkpt lat="35.03974" lon="-111.86273">
        <ele>2015.22</ele>
      </trkpt>
      <trkpt lat="35.03983" lon="-111.86276">
        <ele>2015.55</ele>
      </trkpt>
      <trkpt lat="35.03991" lon="-111.86279">
        <ele>2015.79</ele>
      </trkpt>
      <trkpt lat="35.03999" lon="-111.8628">
        <ele>2017.09</ele>
      </trkpt>
      <trkpt lat="35.04006" lon="-111.86281">
        <ele>2018.25</ele>
      </trkpt>
      <trkpt lat="35.04011" lon="-111.86282">
        <ele>2019.09</ele>
      </trkpt>
      <trkpt lat="35.04016" lon="-111.86282">
        <ele>2020.42</ele>
      </trkpt>
      <trkpt lat="35.04023" lon="-111.86282">
        <ele>2021.79</ele>
      </trkpt>
      <trkpt lat="35.04028" lon="-111.86281">
        <ele>2022.7</ele>
      </trkpt>
      <trkpt lat="35.04033" lon="-111.86279">
        <ele>2024.0</ele>
      </trkpt>
      <trkpt lat="35.04037" lon="-111.86274">
        <ele>2025.4</ele>
      </trkpt>
      <trkpt lat="35.04041" lon="-111.86267">
        <ele>2026.07</ele>
      </trkpt>
      <trkpt lat="35.04044" lon="-111.86259">
        <ele>2026.76</ele>
      </trkpt>
      <trkpt lat="35.04048" lon="-111.86249">
        <ele>2027.29</ele>
      </trkpt>
      <trkpt lat="35.04051" lon="-111.86238">
        <ele>2028.51</ele>
      </trkpt>
      <trkpt lat="35.04054" lon="-111.86228">
        <ele>2028.9</ele>
      </trkpt>
      <trkpt lat="35.04057" lon="-111.86218">
        <ele>2029.54</ele>
      </trkpt>
      <trkpt lat="35.0406" lon="-111.86208">
        <ele>2030.54</ele>
      </trkpt>
      <trkpt lat="35.04064" lon="-111.86197">
        <ele>2031.66</ele>
      </trkpt>
      <trkpt lat="35.04067" lon="-111.86186">
        <ele>2032.24</ele>
      </trkpt>
      <trkpt lat="35.0407" lon="-111.86177">
        <ele>2033.06</ele>
      </trkpt>
      <trkpt lat="35.04073" lon="-111.86167">
        <ele>2033.77</ele>
      </trkpt>
      <trkpt lat="35.04077" lon="-111.86157">
        <ele>2033.63</ele>
      </trkpt>
      <trkpt lat="35.0408" lon="-111.86146">
        <ele>2034.05</ele>
      </trkpt>
      <trkpt lat="35.04084" lon="-111.86137">
        <ele>2034.14</ele>
      </trkpt>
      <trkpt lat="35.04089" lon="-111.86129">
        <ele>2035.2</ele>
      </trkpt>
      <trkpt lat="35.04094" lon="-111.8612">
        <ele>2036.3</ele>
      </trkpt>
      <trkpt lat="35.041" lon="-111.86111">
        <ele>2037.6</ele>
      </trkpt>
      <trkpt lat="35.04105" lon="-111.86104">
        <ele>2038.68</ele>
      </trkpt>
      <trkpt lat="35.0411" lon="-111.86097">
        <ele>2039.24</ele>
      </trkpt>
      <trkpt lat="35.04116" lon="-111.86091">
        <ele>2039.36</ele>
      </trkpt>
      <trkpt lat="35.04122" lon="-111.86086">
        <ele>2039.46</ele>
      </trkpt>
      <trkpt lat="35.04129" lon="-111.86082">
        <ele>2039.79</ele>
      </trkpt>
      <trkpt lat="35.04136" lon="-111.86076">
        <ele>2039.9</ele>
      </trkpt>
      <trkpt lat="35.04145" lon="-111.86071">
        <ele>2040.33</ele>
      </trkpt>
      <trkpt lat="35.04153" lon="-111.86068">
        <ele>2041.21</ele>
      </trkpt>
      <trkpt lat="35.04161" lon="-111.86064">
        <ele>2042.69</ele>
      </trkpt>
      <trkpt lat="35.0417" lon="-111.86061">
        <ele>2044.31</ele>
      </trkpt>
      <trkpt lat="35.04179" lon="-111.86057">
        <ele>2045.49</ele>
      </trkpt>
      <trkpt lat="35.04187" lon="-111.86054">
        <ele>2045.7</ele>
      </trkpt>
      <trkpt lat="35.04196" lon="-111.86052">
        <ele>2045.72</ele>
      </trkpt>
      <trkpt lat="35.04205" lon="-111.86051">
        <ele>2046.08</ele>
      </trkpt>
      <trkpt lat="35.04215" lon="-111.86051">
        <ele>2046.51</ele>
      </trkpt>
      <trkpt lat="35.04225" lon="-111.86051">
        <ele>2046.51</ele>
      </trkpt>
      <trkpt lat="35.04237" lon="-111.86051">
        <ele>2046.51</ele>
      </trkpt>
      <trkpt lat="35.0425" lon="-111.86053">
        <ele>2046.72</ele>
      </trkpt>
      <trkpt lat="35.0426" lon="-111.86053">
        <ele>2046.8</ele>
      </trkpt>
      <trkpt lat="35.04271" lon="-111.86053">
        <ele>2048.26</ele>
      </trkpt>
      <trkpt lat="35.04282" lon="-111.86052">
        <ele>2050.53</ele>
      </trkpt>
      <trkpt lat="35.04292" lon="-111.8605">
        <ele>2051.4</ele>
      </trkpt>
      <trkpt lat="35.04303" lon="-111.86047">
        <ele>2051.8</ele>
      </trkpt>
      <trkpt lat="35.04314" lon="-111.86045">
        <ele>2051.85</ele>
      </trkpt>
      <trkpt lat="35.04324" lon="-111.86043">
        <ele>2051.64</ele>
      </trkpt>
      <trkpt lat="35.04334" lon="-111.8604">
        <ele>2052.32</ele>
      </trkpt>
      <trkpt lat="35.04344" lon="-111.86037">
        <ele>2051.99</ele>
      </trkpt>
      <trkpt lat="35.04354" lon="-111.86035">
        <ele>2051.78</ele>
      </trkpt>
      <trkpt lat="35.04364" lon="-111.86032">
        <ele>2051.6</ele>
      </trkpt>
      <trkpt lat="35.04375" lon="-111.86028">
        <ele>2051.55</ele>
      </trkpt>
      <trkpt lat="35.04386" lon="-111.86025">
        <ele>2051.61</ele>
      </trkpt>
      <trkpt lat="35.04398" lon="-111.86021">
        <ele>2051.53</ele>
      </trkpt>
      <trkpt lat="35.0441" lon="-111.86017">
        <ele>2051.55</ele>
      </trkpt>
      <trkpt lat="35.04421" lon="-111.86012">
        <ele>2051.06</ele>
      </trkpt>
      <trkpt lat="35.04433" lon="-111.86008">
        <ele>2052.88</ele>
      </trkpt>
      <trkpt lat="35.04446" lon="-111.86004">
        <ele>2055.56</ele>
      </trkpt>
      <trkpt lat="35.04458" lon="-111.85999">
        <ele>2056.49</ele>
      </trkpt>
      <trkpt lat="35.04469" lon="-111.85994">
        <ele>2057.13</ele>
      </trkpt>
      <trkpt lat="35.04479" lon="-111.85987">
        <ele>2056.71</ele>
      </trkpt>
      <trkpt lat="35.04488" lon="-111.8598">
        <ele>2057.04</ele>
      </trkpt>
      <trkpt lat="35.04496" lon="-111.85973">
        <ele>2057.26</ele>
      </trkpt>
      <trkpt lat="35.04502" lon="-111.85965">
        <ele>2057.44</ele>
      </trkpt>
      <trkpt lat="35.04506" lon="-111.85956">
        <ele>2057.38</ele>
      </trkpt>
      <trkpt lat="35.04511" lon="-111.85945">
        <ele>2057.25</ele>
      </trkpt>
      <trkpt lat="35.04516" lon="-111.85933">
        <ele>2057.49</ele>
      </trkpt>
      <trkpt lat="35.04521" lon="-111.85919">
        <ele>2057.27</ele>
      </trkpt>
      <trkpt lat="35.04525" lon="-111.85906">
        <ele>2056.7</ele>
      </trkpt>
      <trkpt lat="35.04531" lon="-111.85895">
        <ele>2057.01</ele>
      </trkpt>
      <trkpt lat="35.04536" lon="-111.85886">
        <ele>2056.54</ele>
      </trkpt>
      <trkpt lat="35.04543" lon="-111.85878">
        <ele>2056.47</ele>
      </trkpt>
      <trkpt lat="35.04549" lon="-111.85871">
        <ele>2056.36</ele>
      </trkpt>
      <trkpt lat="35.04556" lon="-111.85865">
        <ele>2056.47</ele>
      </trkpt>
      <trkpt lat="35.04565" lon="-111.8586">
        <ele>2056.78</ele>
      </trkpt>
      <trkpt lat="35.04575" lon="-111.85856">
        <ele>2057.0</ele>
      </trkpt>
      <trkpt lat="35.04584" lon="-111.8585">
        <ele>2056.93</ele>
      </trkpt>
      <trkpt lat="35.04591" lon="-111.85842">
        <ele>2056.76</ele>
      </trkpt>
      <trkpt lat="35.04596" lon="-111.85834">
        <ele>2056.81</ele>
      </trkpt>
      <trkpt lat="35.04601" lon="-111.85825">
        <ele>2058.55</ele>
      </trkpt>
      <trkpt lat="35.04605" lon="-111.85814">
        <ele>2060.68</ele>
      </trkpt>
      <trkpt lat="35.04609" lon="-111.85803">
        <ele>2061.54</ele>
      </trkpt>
      <trkpt lat="35.04614" lon="-111.85791">
        <ele>2061.74</ele>
      </trkpt>
      <trkpt lat="35.0462" lon="-111.8578">
        <ele>2061.96</ele>
      </trkpt>
      <trkpt lat="35.04626" lon="-111.85769">
        <ele>2062.24</ele>
      </trkpt>
      <trkpt lat="35.04633" lon="-111.85761">
        <ele>2062.55</ele>
      </trkpt>
      <trkpt lat="35.04641" lon="-111.85753">
        <ele>2063.23</ele>
      </trkpt>
      <trkpt lat="35.04649" lon="-111.85744">
        <ele>2064.09</ele>
      </trkpt>
      <trkpt lat="35.04657" lon="-111.85735">
        <ele>2064.96</ele>
      </trkpt>
      <trkpt lat="35.04665" lon="-111.85726">
        <ele>2065.33</ele>
      </trkpt>
      <trkpt lat="35.04675" lon="-111.85717">
        <ele>2065.9</ele>
      </trkpt>
      <trkpt lat="35.04684" lon="-111.85708">
        <ele>2066.87</ele>
      </trkpt>
      <trkpt lat="35.0478" lon="-111.85627">
        <ele>2078.24</ele>
      </trkpt>
      <trkpt lat="35.04785" lon="-111.85619">
        <ele>2078.75</ele>
      </trkpt>
      <trkpt lat="35.04786" lon="-111.8561">
        <ele>2078.67</ele>
      </trkpt>
      <trkpt lat="35.04792" lon="-111.85604">
        <ele>2079.18</ele>
      </trkpt>
      <trkpt lat="35.04793" lon="-111.85597">
        <ele>2078.95</ele>
      </trkpt>
      <trkpt lat="35.04795" lon="-111.85592">
        <ele>2078.85</ele>
      </trkpt>
      <trkpt lat="35.04797" lon="-111.85585">
        <ele>2079.09</ele>
      </trkpt>
      <trkpt lat="35.04798" lon="-111.85576">
        <ele>2078.54</ele>
      </trkpt>
      <trkpt lat="35.04799" lon="-111.85567">
        <ele>2078.36</ele>
      </trkpt>
      <trkpt lat="35.048" lon="-111.85558">
        <ele>2077.66</ele>
      </trkpt>
      <trkpt lat="35.04802" lon="-111.85549">
        <ele>2077.62</ele>
      </trkpt>
      <trkpt lat="35.04806" lon="-111.85538">
        <ele>2078.05</ele>
      </trkpt>
      <trkpt lat="35.04809" lon="-111.85529">
        <ele>2078.37</ele>
      </trkpt>
      <trkpt lat="35.04812" lon="-111.8552">
        <ele>2078.11</ele>
      </trkpt>
      <trkpt lat="35.04816" lon="-111.85512">
        <ele>2078.13</ele>
      </trkpt>
      <trkpt lat="35.04819" lon="-111.85505">
        <ele>2078.45</ele>
      </trkpt>
      <trkpt lat="35.04823" lon="-111.85498">
        <ele>2078.88</ele>
      </trkpt>
      <trkpt lat="35.04828" lon="-111.85491">
        <ele>2079.0</ele>
      </trkpt>
      <trkpt lat="35.04835" lon="-111.85484">
        <ele>2079.91</ele>
      </trkpt>
      <trkpt lat="35.04841" lon="-111.85478">
        <ele>2080.45</ele>
      </trkpt>
      <trkpt lat="35.04848" lon="-111.85474">
        <ele>2080.78</ele>
      </trkpt>
      <trkpt lat="35.04856" lon="-111.85469">
        <ele>2081.1</ele>
      </trkpt>
      <trkpt lat="35.04864" lon="-111.85465">
        <ele>2081.29</ele>
      </trkpt>
      <trkpt lat="35.04872" lon="-111.85459">
        <ele>2080.75</ele>
      </trkpt>
      <trkpt lat="35.04881" lon="-111.85454">
        <ele>2081.18</ele>
      </trkpt>
      <trkpt lat="35.04893" lon="-111.85449">
        <ele>2081.94</ele>
      </trkpt>
      <trkpt lat="35.04905" lon="-111.85445">
        <ele>2082.1</ele>
      </trkpt>
      <trkpt lat="35.04918" lon="-111.85441">
        <ele>2082.77</ele>
      </trkpt>
      <trkpt lat="35.04931" lon="-111.85438">
        <ele>2083.85</ele>
      </trkpt>
      <trkpt lat="35.04945" lon="-111.85435">
        <ele>2084.06</ele>
      </trkpt>
      <trkpt lat="35.04958" lon="-111.85432">
        <ele>2084.66</ele>
      </trkpt>
      <trkpt lat="35.0497" lon="-111.8543">
        <ele>2084.44</ele>
      </trkpt>
      <trkpt lat="35.04981" lon="-111.85429">
        <ele>2084.97</ele>
      </trkpt>
      <trkpt lat="35.04991" lon="-111.85428">
        <ele>2085.0</ele>
      </trkpt>
      <trkpt lat="35.05002" lon="-111.85428">
        <ele>2085.0</ele>
      </trkpt>
      <trkpt lat="35.05013" lon="-111.85427">
        <ele>2085.45</ele>
      </trkpt>
      <trkpt lat="35.05024" lon="-111.85426">
        <ele>2086.6</ele>
      </trkpt>
      <trkpt lat="35.05035" lon="-111.85425">
        <ele>2086.9</ele>
      </trkpt>
      <trkpt lat="35.05046" lon="-111.85424">
        <ele>2086.79</ele>
      </trkpt>
      <trkpt lat="35.05057" lon="-111.85421">
        <ele>2087.02</ele>
      </trkpt>
      <trkpt lat="35.05068" lon="-111.85418">
        <ele>2087.49</ele>
      </trkpt>
      <trkpt lat="35.05078" lon="-111.85412">
        <ele>2087.92</ele>
      </trkpt>
      <trkpt lat="35.05088" lon="-111.85406">
        <ele>2088.35</ele>
      </trkpt>
      <trkpt lat="35.05097" lon="-111.85399">
        <ele>2088.14</ele>
      </trkpt>
      <trkpt lat="35.05107" lon="-111.85393">
        <ele>2088.0</ele>
      </trkpt>
      <trkpt lat="35.05113" lon="-111.85385">
        <ele>2087.45</ele>
      </trkpt>
      <trkpt lat="35.0512" lon="-111.85377">
        <ele>2087.37</ele>
      </trkpt>
      <trkpt lat="35.05126" lon="-111.85369">
        <ele>2086.61</ele>
      </trkpt>
      <trkpt lat="35.05133" lon="-111.85361">
        <ele>2087.35</ele>
      </trkpt>
      <trkpt lat="35.0514" lon="-111.85355">
        <ele>2087.46</ele>
      </trkpt>
      <trkpt lat="35.05147" lon="-111.8535">
        <ele>2087.88</ele>
      </trkpt>
      <trkpt lat="35.05155" lon="-111.85347">
        <ele>2088.35</ele>
      </trkpt>
      <trkpt lat="35.05163" lon="-111.85346">
        <ele>2088.37</ele>
      </trkpt>
      <trkpt lat="35.05171" lon="-111.85345">
        <ele>2088.26</ele>
      </trkpt>
      <trkpt lat="35.0518" lon="-111.85345">
        <ele>2088.26</ele>
      </trkpt>
      <trkpt lat="35.05189" lon="-111.85345">
        <ele>2088.56</ele>
      </trkpt>
      <trkpt lat="35.05198" lon="-111.85346">
        <ele>2089.38</ele>
      </trkpt>
      <trkpt lat="35.05206" lon="-111.8535">
        <ele>2090.25</ele>
      </trkpt>
      <trkpt lat="35.05216" lon="-111.85354">
        <ele>2090.84</ele>
      </trkpt>
      <trkpt lat="35.05223" lon="-111.8536">
        <ele>2091.01</ele>
      </trkpt>
      <trkpt lat="35.05231" lon="-111.85367">
        <ele>2090.97</ele>
      </trkpt>
      <trkpt lat="35.0524" lon="-111.85375">
        <ele>2090.96</ele>
      </trkpt>
      <trkpt lat="35.05248" lon="-111.85381">
        <ele>2091.67</ele>
      </trkpt>
      <trkpt lat="35.05257" lon="-111.85389">
        <ele>2091.76</ele>
      </trkpt>
      <trkpt lat="35.05267" lon="-111.85396">
        <ele>2092.84</ele>
      </trkpt>
      <trkpt lat="35.05274" lon="-111.85403">
        <ele>2092.79</ele>
      </trkpt>
      <trkpt lat="35.05284" lon="-111.85408">
        <ele>2093.61</ele>
      </trkpt>
      <trkpt lat="35.05294" lon="-111.85412">
        <ele>2093.88</ele>
      </trkpt>
      <trkpt lat="35.05304" lon="-111.85414">
        <ele>2094.83</ele>
      </trkpt>
      <trkpt lat="35.05315" lon="-111.85415">
        <ele>2095.2</ele>
      </trkpt>
      <trkpt lat="35.05324" lon="-111.85415">
        <ele>2096.17</ele>
      </trkpt>
      <trkpt lat="35.05335" lon="-111.85415">
        <ele>2096.33</ele>
      </trkpt>
      <trkpt lat="35.05345" lon="-111.85414">
        <ele>2097.0</ele>
      </trkpt>
      <trkpt lat="35.05355" lon="-111.85412">
        <ele>2097.0</ele>
      </trkpt>
      <trkpt lat="35.05364" lon="-111.85408">
        <ele>2097.0</ele>
      </trkpt>
      <trkpt lat="35.05374" lon="-111.85403">
        <ele>2097.48</ele>
      </trkpt>
      <trkpt lat="35.05385" lon="-111.85398">
        <ele>2098.0</ele>
      </trkpt>
      <trkpt lat="35.05395" lon="-111.85393">
        <ele>2098.0</ele>
      </trkpt>
      <trkpt lat="35.05405" lon="-111.85388">
        <ele>2098.07</ele>
      </trkpt>
      <trkpt lat="35.05415" lon="-111.85383">
        <ele>2098.64</ele>
      </trkpt>
      <trkpt lat="35.05426" lon="-111.85379">
        <ele>2099.0</ele>
      </trkpt>
      <trkpt lat="35.05437" lon="-111.85374">
        <ele>2098.92</ele>
      </trkpt>
      <trkpt lat="35.05447" lon="-111.8537">
        <ele>2099.0</ele>
      </trkpt>
      <trkpt lat="35.05458" lon="-111.85368">
        <ele>2099.46</ele>
      </trkpt>
      <trkpt lat="35.05468" lon="-111.85363">
        <ele>2100.54</ele>
      </trkpt>
      <trkpt lat="35.05477" lon="-111.85356">
        <ele>2101.0</ele>
      </trkpt>
      <trkpt lat="35.05486" lon="-111.85349">
        <ele>2101.49</ele>
      </trkpt>
      <trkpt lat="35.05495" lon="-111.85343">
        <ele>2102.0</ele>
      </trkpt>
      <trkpt lat="35.05505" lon="-111.85337">
        <ele>2102.0</ele>
      </trkpt>
      <trkpt lat="35.05515" lon="-111.85333">
        <ele>2102.62</ele>
      </trkpt>
      <trkpt lat="35.05524" lon="-111.85329">
        <ele>2103.0</ele>
      </trkpt>
      <trkpt lat="35.05534" lon="-111.85326">
        <ele>2103.0</ele>
      </trkpt>
      <trkpt lat="35.05543" lon="-111.85323">
        <ele>2103.07</ele>
      </trkpt>
      <trkpt lat="35.05553" lon="-111.8532">
        <ele>2103.44</ele>
      </trkpt>
      <trkpt lat="35.05563" lon="-111.85316">
        <ele>2103.97</ele>
      </trkpt>
      <trkpt lat="35.05573" lon="-111.85312">
        <ele>2103.38</ele>
      </trkpt>
      <trkpt lat="35.05583" lon="-111.85309">
        <ele>2103.02</ele>
      </trkpt>
      <trkpt lat="35.05594" lon="-111.85305">
        <ele>2103.06</ele>
      </trkpt>
      <trkpt lat="35.05602" lon="-111.85299">
        <ele>2103.71</ele>
      </trkpt>
      <trkpt lat="35.05611" lon="-111.85296">
        <ele>2104.03</ele>
      </trkpt>
      <trkpt lat="35.05619" lon="-111.85294">
        <ele>2103.61</ele>
      </trkpt>
      <trkpt lat="35.05628" lon="-111.85289">
        <ele>2103.93</ele>
      </trkpt>
      <trkpt lat="35.05637" lon="-111.85288">
        <ele>2103.9</ele>
      </trkpt>
      <trkpt lat="35.05645" lon="-111.85288">
        <ele>2103.96</ele>
      </trkpt>
      <trkpt lat="35.05654" lon="-111.85288">
        <ele>2104.0</ele>
      </trkpt>
      <trkpt lat="35.05666" lon="-111.85288">
        <ele>2103.9</ele>
      </trkpt>
      <trkpt lat="35.05676" lon="-111.85288">
        <ele>2103.89</ele>
      </trkpt>
      <trkpt lat="35.05687" lon="-111.85287">
        <ele>2103.0</ele>
      </trkpt>
      <trkpt lat="35.05698" lon="-111.85287">
        <ele>2102.62</ele>
      </trkpt>
      <trkpt lat="35.05706" lon="-111.85286">
        <ele>2102.08</ele>
      </trkpt>
      <trkpt lat="35.05716" lon="-111.85285">
        <ele>2102.0</ele>
      </trkpt>
      <trkpt lat="35.05725" lon="-111.85285">
        <ele>2101.93</ele>
      </trkpt>
      <trkpt lat="35.05733" lon="-111.85285">
        <ele>2101.65</ele>
      </trkpt>
      <trkpt lat="35.05742" lon="-111.85285">
        <ele>2100.97</ele>
      </trkpt>
      <trkpt lat="35.05752" lon="-111.85286">
        <ele>2100.67</ele>
      </trkpt>
      <trkpt lat="35.05761" lon="-111.85288">
        <ele>2099.92</ele>
      </trkpt>
      <trkpt lat="35.05769" lon="-111.85294">
        <ele>2099.7</ele>
      </trkpt>
      <trkpt lat="35.05776" lon="-111.85302">
        <ele>2099.81</ele>
      </trkpt>
      <trkpt lat="35.05782" lon="-111.85312">
        <ele>2100.24</ele>
      </trkpt>
      <trkpt lat="35.05788" lon="-111.85322">
        <ele>2100.57</ele>
      </trkpt>
      <trkpt lat="35.05795" lon="-111.85333">
        <ele>2098.45</ele>
      </trkpt>
      <trkpt lat="35.05802" lon="-111.85344">
        <ele>2096.77</ele>
      </trkpt>
      <trkpt lat="35.05809" lon="-111.85355">
        <ele>2095.84</ele>
      </trkpt>
      <trkpt lat="35.05814" lon="-111.85368">
        <ele>2095.92</ele>
      </trkpt>
      <trkpt lat="35.0582" lon="-111.85379">
        <ele>2095.81</ele>
      </trkpt>
      <trkpt lat="35.05825" lon="-111.8539">
        <ele>2095.92</ele>
      </trkpt>
      <trkpt lat="35.05831" lon="-111.85401">
        <ele>2095.73</ele>
      </trkpt>
      <trkpt lat="35.05835" lon="-111.85412">
        <ele>2096.14</ele>
      </trkpt>
      <trkpt lat="35.0584" lon="-111.85423">
        <ele>2096.05</ele>
      </trkpt>
      <trkpt lat="35.05844" lon="-111.85431">
        <ele>2095.78</ele>
      </trkpt>
      <trkpt lat="35.05849" lon="-111.85439">
        <ele>2095.43</ele>
      </trkpt>
      <trkpt lat="35.05854" lon="-111.85447">
        <ele>2095.04</ele>
      </trkpt>
      <trkpt lat="35.0586" lon="-111.85454">
        <ele>2095.15</ele>
      </trkpt>
      <trkpt lat="35.05867" lon="-111.8546">
        <ele>2094.41</ele>
      </trkpt>
      <trkpt lat="35.05876" lon="-111.85465">
        <ele>2093.61</ele>
      </trkpt>
      <trkpt lat="35.05885" lon="-111.85469">
        <ele>2093.07</ele>
      </trkpt>
      <trkpt lat="35.05895" lon="-111.85471">
        <ele>2092.3</ele>
      </trkpt>
      <trkpt lat="35.05905" lon="-111.85472">
        <ele>2091.26</ele>
      </trkpt>
      <trkpt lat="35.05915" lon="-111.85473">
        <ele>2091.0</ele>
      </trkpt>
      <trkpt lat="35.05926" lon="-111.85474">
        <ele>2091.0</ele>
      </trkpt>
      <trkpt lat="35.05937" lon="-111.85474">
        <ele>2091.0</ele>
      </trkpt>
      <trkpt lat="35.05946" lon="-111.85474">
        <ele>2091.0</ele>
      </trkpt>
      <trkpt lat="35.05956" lon="-111.85474">
        <ele>2091.0</ele>
      </trkpt>
      <trkpt lat="35.05966" lon="-111.85473">
        <ele>2090.7</ele>
      </trkpt>
      <trkpt lat="35.05976" lon="-111.85471">
        <ele>2090.0</ele>
      </trkpt>
      <trkpt lat="35.05985" lon="-111.85469">
        <ele>2090.0</ele>
      </trkpt>
      <trkpt lat="35.05995" lon="-111.85468">
        <ele>2090.0</ele>
      </trkpt>
      <trkpt lat="35.06004" lon="-111.85466">
        <ele>2089.71</ele>
      </trkpt>
      <trkpt lat="35.06012" lon="-111.85464">
        <ele>2089.11</ele>
      </trkpt>
      <trkpt lat="35.0602" lon="-111.85462">
        <ele>2088.98</ele>
      </trkpt>
      <trkpt lat="35.06028" lon="-111.85461">
        <ele>2088.77</ele>
      </trkpt>
      <trkpt lat="35.06036" lon="-111.85459">
        <ele>2088.06</ele>
      </trkpt>
      <trkpt lat="35.06045" lon="-111.85458">
        <ele>2087.54</ele>
      </trkpt>
      <trkpt lat="35.06052" lon="-111.85457">
        <ele>2087.14</ele>
      </trkpt>
      <trkpt lat="35.0606" lon="-111.85457">
        <ele>2086.69</ele>
      </trkpt>
      <trkpt lat="35.06066" lon="-111.85456">
        <ele>2086.09</ele>
      </trkpt>
      <trkpt lat="35.06073" lon="-111.85455">
        <ele>2085.13</ele>
      </trkpt>
      <trkpt lat="35.06081" lon="-111.85454">
        <ele>2085.0</ele>
      </trkpt>
      <trkpt lat="35.06085" lon="-111.85454">
        <ele>2085.0</ele>
      </trkpt>
      <trkpt lat="35.06094" lon="-111.85454">
        <ele>2085.0</ele>
      </trkpt>
      <trkpt lat="35.06104" lon="-111.85454">
        <ele>2085.23</ele>
      </trkpt>
      <trkpt lat="35.06116" lon="-111.85454">
        <ele>2086.53</ele>
      </trkpt>
      <trkpt lat="35.06126" lon="-111.85454">
        <ele>2087.59</ele>
      </trkpt>
      <trkpt lat="35.0614" lon="-111.85454">
        <ele>2089.09</ele>
      </trkpt>
      <trkpt lat="35.06153" lon="-111.85453">
        <ele>2090.08</ele>
      </trkpt>
      <trkpt lat="35.06166" lon="-111.85452">
        <ele>2090.18</ele>
      </trkpt>
      <trkpt lat="35.06179" lon="-111.85449">
        <ele>2090.51</ele>
      </trkpt>
      <trkpt lat="35.0619" lon="-111.85447">
        <ele>2090.72</ele>
      </trkpt>
      <trkpt lat="35.06201" lon="-111.85444">
        <ele>2091.0</ele>
      </trkpt>
      <trkpt lat="35.06211" lon="-111.85442">
        <ele>2091.0</ele>
      </trkpt>
      <trkpt lat="35.06222" lon="-111.8544">
        <ele>2091.47</ele>
      </trkpt>
      <trkpt lat="35.06232" lon="-111.85439">
        <ele>2092.59</ele>
      </trkpt>
      <trkpt lat="35.06243" lon="-111.85437">
        <ele>2092.8</ele>
      </trkpt>
      <trkpt lat="35.06254" lon="-111.85436">
        <ele>2093.31</ele>
      </trkpt>
      <trkpt lat="35.06264" lon="-111.85436">
        <ele>2093.87</ele>
      </trkpt>
      <trkpt lat="35.06273" lon="-111.85437">
        <ele>2094.19</ele>
      </trkpt>
      <trkpt lat="35.0628" lon="-111.85438">
        <ele>2094.46</ele>
      </trkpt>
      <trkpt lat="35.06288" lon="-111.85442">
        <ele>2094.37</ele>
      </trkpt>
      <trkpt lat="35.06296" lon="-111.85447">
        <ele>2094.42</ele>
      </trkpt>
      <trkpt lat="35.06304" lon="-111.85455">
        <ele>2093.69</ele>
      </trkpt>
      <trkpt lat="35.06312" lon="-111.85463">
        <ele>2095.09</ele>
      </trkpt>
      <trkpt lat="35.0632" lon="-111.85472">
        <ele>2097.67</ele>
      </trkpt>
      <trkpt lat="35.06327" lon="-111.85483">
        <ele>2098.36</ele>
      </trkpt>
      <trkpt lat="35.06335" lon="-111.85494">
        <ele>2098.89</ele>
      </trkpt>
      <trkpt lat="35.06344" lon="-111.85505">
        <ele>2099.61</ele>
      </trkpt>
      <trkpt lat="35.06353" lon="-111.85515">
        <ele>2100.17</ele>
      </trkpt>
      <trkpt lat="35.06364" lon="-111.85526">
        <ele>2101.37</ele>
      </trkpt>
      <trkpt lat="35.06374" lon="-111.85536">
        <ele>2103.67</ele>
      </trkpt>
      <trkpt lat="35.06383" lon="-111.85547">
        <ele>2105.32</ele>
      </trkpt>
      <trkpt lat="35.06394" lon="-111.85555">
        <ele>2106.59</ele>
      </trkpt>
      <trkpt lat="35.06404" lon="-111.85564">
        <ele>2106.72</ele>
      </trkpt>
      <trkpt lat="35.06414" lon="-111.85572">
        <ele>2106.94</ele>
      </trkpt>
      <trkpt lat="35.06425" lon="-111.85581">
        <ele>2107.15</ele>
      </trkpt>
      <trkpt lat="35.06434" lon="-111.85589">
        <ele>2108.13</ele>
      </trkpt>
      <trkpt lat="35.06444" lon="-111.85598">
        <ele>2110.46</ele>
      </trkpt>
      <trkpt lat="35.06454" lon="-111.85607">
        <ele>2111.48</ele>
      </trkpt>
      <trkpt lat="35.06465" lon="-111.85618">
        <ele>2111.48</ele>
      </trkpt>
      <trkpt lat="35.06475" lon="-111.85627">
        <ele>2112.09</ele>
      </trkpt>
      <trkpt lat="35.06486" lon="-111.85637">
        <ele>2112.49</ele>
      </trkpt>
      <trkpt lat="35.06497" lon="-111.85645">
        <ele>2113.02</ele>
      </trkpt>
      <trkpt lat="35.06507" lon="-111.85654">
        <ele>2113.12</ele>
      </trkpt>
      <trkpt lat="35.06519" lon="-111.85663">
        <ele>2113.45</ele>
      </trkpt>
      <trkpt lat="35.06529" lon="-111.85672">
        <ele>2114.26</ele>
      </trkpt>
      <trkpt lat="35.0654" lon="-111.8568">
        <ele>2116.32</ele>
      </trkpt>
      <trkpt lat="35.06551" lon="-111.85688">
        <ele>2117.51</ele>
      </trkpt>
      <trkpt lat="35.06562" lon="-111.85696">
        <ele>2118.58</ele>
      </trkpt>
      <trkpt lat="35.06571" lon="-111.85704">
        <ele>2118.67</ele>
      </trkpt>
      <trkpt lat="35.06582" lon="-111.85711">
        <ele>2119.86</ele>
      </trkpt>
      <trkpt lat="35.06593" lon="-111.85718">
        <ele>2120.48</ele>
      </trkpt>
      <trkpt lat="35.06604" lon="-111.85725">
        <ele>2121.23</ele>
      </trkpt>
      <trkpt lat="35.06614" lon="-111.85731">
        <ele>2122.0</ele>
      </trkpt>
      <trkpt lat="35.06624" lon="-111.85737">
        <ele>2122.75</ele>
      </trkpt>
      <trkpt lat="35.06633" lon="-111.85742">
        <ele>2123.36</ele>
      </trkpt>
      <trkpt lat="35.06641" lon="-111.85748">
        <ele>2124.05</ele>
      </trkpt>
      <trkpt lat="35.06648" lon="-111.85753">
        <ele>2124.0</ele>
      </trkpt>
      <trkpt lat="35.06655" lon="-111.85757">
        <ele>2124.74</ele>
      </trkpt>
      <trkpt lat="35.06661" lon="-111.8576">
        <ele>2125.0</ele>
      </trkpt>
      <trkpt lat="35.06668" lon="-111.85764">
        <ele>2125.14</ele>
      </trkpt>
      <trkpt lat="35.06673" lon="-111.85767">
        <ele>2125.68</ele>
      </trkpt>
      <trkpt lat="35.0668" lon="-111.85771">
        <ele>2125.85</ele>
      </trkpt>
      <trkpt lat="35.06688" lon="-111.85775">
        <ele>2126.09</ele>
      </trkpt>
      <trkpt lat="35.06697" lon="-111.8578">
        <ele>2126.21</ele>
      </trkpt>
      <trkpt lat="35.06706" lon="-111.85787">
        <ele>2126.25</ele>
      </trkpt>
      <trkpt lat="35.06718" lon="-111.85794">
        <ele>2126.79</ele>
      </trkpt>
      <trkpt lat="35.0673" lon="-111.85801">
        <ele>2127.33</ele>
      </trkpt>
      <trkpt lat="35.06742" lon="-111.85808">
        <ele>2128.14</ele>
      </trkpt>
      <trkpt lat="35.06754" lon="-111.85815">
        <ele>2129.42</ele>
      </trkpt>
      <trkpt lat="35.06765" lon="-111.85822">
        <ele>2129.71</ele>
      </trkpt>
      <trkpt lat="35.06776" lon="-111.8583">
        <ele>2129.88</ele>
      </trkpt>
      <trkpt lat="35.06787" lon="-111.85837">
        <ele>2130.0</ele>
      </trkpt>
      <trkpt lat="35.068" lon="-111.85841">
        <ele>2130.57</ele>
      </trkpt>
      <trkpt lat="35.06815" lon="-111.85846">
        <ele>2131.01</ele>
      </trkpt>
      <trkpt lat="35.06827" lon="-111.85851">
        <ele>2131.41</ele>
      </trkpt>
      <trkpt lat="35.0684" lon="-111.85855">
        <ele>2132.38</ele>
      </trkpt>
      <trkpt lat="35.06852" lon="-111.8586">
        <ele>2132.14</ele>
      </trkpt>
      <trkpt lat="35.06863" lon="-111.85865">
        <ele>2132.58</ele>
      </trkpt>
      <trkpt lat="35.06873" lon="-111.85866">
        <ele>2132.76</ele>
      </trkpt>
      <trkpt lat="35.06884" lon="-111.85867">
        <ele>2133.36</ele>
      </trkpt>
      <trkpt lat="35.06895" lon="-111.85867">
        <ele>2133.78</ele>
      </trkpt>
      <trkpt lat="35.06907" lon="-111.85867">
        <ele>2134.96</ele>
      </trkpt>
      <trkpt lat="35.06916" lon="-111.85866">
        <ele>2135.44</ele>
      </trkpt>
      <trkpt lat="35.06926" lon="-111.85864">
        <ele>2136.0</ele>
      </trkpt>
      <trkpt lat="35.06935" lon="-111.85861">
        <ele>2136.01</ele>
      </trkpt>
      <trkpt lat="35.06945" lon="-111.85857">
        <ele>2136.44</ele>
      </trkpt>
      <trkpt lat="35.06954" lon="-111.85853">
        <ele>2136.87</ele>
      </trkpt>
      <trkpt lat="35.06963" lon="-111.85848">
        <ele>2137.41</ele>
      </trkpt>
      <trkpt lat="35.06972" lon="-111.85844">
        <ele>2137.7</ele>
      </trkpt>
      <trkpt lat="35.06982" lon="-111.85839">
        <ele>2137.72</ele>
      </trkpt>
      <trkpt lat="35.06991" lon="-111.85834">
        <ele>2137.83</ele>
      </trkpt>
      <trkpt lat="35.07001" lon="-111.85829">
        <ele>2137.89</ele>
      </trkpt>
      <trkpt lat="35.07011" lon="-111.85823">
        <ele>2138.21</ele>
      </trkpt>
      <trkpt lat="35.07022" lon="-111.85816">
        <ele>2138.82</ele>
      </trkpt>
      <trkpt lat="35.07033" lon="-111.85809">
        <ele>2139.98</ele>
      </trkpt>
      <trkpt lat="35.07044" lon="-111.85802">
        <ele>2142.23</ele>
      </trkpt>
      <trkpt lat="35.07056" lon="-111.85795">
        <ele>2143.1</ele>
      </trkpt>
      <trkpt lat="35.07064" lon="-111.85788">
        <ele>2143.8</ele>
      </trkpt>
      <trkpt lat="35.07072" lon="-111.85781">
        <ele>2143.61</ele>
      </trkpt>
      <trkpt lat="35.0708" lon="-111.85773">
        <ele>2143.24</ele>
      </trkpt>
      <trkpt lat="35.07084" lon="-111.85766">
        <ele>2143.2</ele>
      </trkpt>
      <trkpt lat="35.07089" lon="-111.85758">
        <ele>2143.58</ele>
      </trkpt>
      <trkpt lat="35.07094" lon="-111.85748">
        <ele>2143.91</ele>
      </trkpt>
      <trkpt lat="35.07099" lon="-111.85738">
        <ele>2143.91</ele>
      </trkpt>
      <trkpt lat="35.07104" lon="-111.85728">
        <ele>2144.29</ele>
      </trkpt>
      <trkpt lat="35.07111" lon="-111.85717">
        <ele>2145.7</ele>
      </trkpt>
      <trkpt lat="35.07117" lon="-111.85707">
        <ele>2147.88</ele>
      </trkpt>
      <trkpt lat="35.07124" lon="-111.85696">
        <ele>2147.52</ele>
      </trkpt>
      <trkpt lat="35.07129" lon="-111.85685">
        <ele>2148.24</ele>
      </trkpt>
      <trkpt lat="35.07135" lon="-111.85674">
        <ele>2147.55</ele>
      </trkpt>
      <trkpt lat="35.07139" lon="-111.85663">
        <ele>2148.33</ele>
      </trkpt>
      <trkpt lat="35.07144" lon="-111.85652">
        <ele>2147.73</ele>
      </trkpt>
      <trkpt lat="35.07147" lon="-111.85643">
        <ele>2148.61</ele>
      </trkpt>
      <trkpt lat="35.07149" lon="-111.85632">
        <ele>2149.35</ele>
      </trkpt>
      <trkpt lat="35.07149" lon="-111.8562">
        <ele>2150.81</ele>
      </trkpt>
      <trkpt lat="35.07149" lon="-111.85608">
        <ele>2153.52</ele>
      </trkpt>
      <trkpt lat="35.07148" lon="-111.85595">
        <ele>2155.79</ele>
      </trkpt>
      <trkpt lat="35.07145" lon="-111.85584">
        <ele>2156.7</ele>
      </trkpt>
      <trkpt lat="35.07143" lon="-111.85573">
        <ele>2157.0</ele>
      </trkpt>
      <trkpt lat="35.07139" lon="-111.85563">
        <ele>2156.78</ele>
      </trkpt>
      <trkpt lat="35.07133" lon="-111.85553">
        <ele>2157.0</ele>
      </trkpt>
      <trkpt lat="35.07126" lon="-111.85543">
        <ele>2157.43</ele>
      </trkpt>
      <trkpt lat="35.07121" lon="-111.85533">
        <ele>2157.43</ele>
      </trkpt>
      <trkpt lat="35.07117" lon="-111.85522">
        <ele>2157.1</ele>
      </trkpt>
      <trkpt lat="35.07114" lon="-111.85511">
        <ele>2156.56</ele>
      </trkpt>
      <trkpt lat="35.07111" lon="-111.855">
        <ele>2157.02</ele>
      </trkpt>
      <trkpt lat="35.07108" lon="-111.85488">
        <ele>2157.87</ele>
      </trkpt>
      <trkpt lat="35.07105" lon="-111.85475">
        <ele>2159.36</ele>
      </trkpt>
      <trkpt lat="35.07103" lon="-111.85462">
        <ele>2160.98</ele>
      </trkpt>
      <trkpt lat="35.07101" lon="-111.8545">
        <ele>2162.18</ele>
      </trkpt>
      <trkpt lat="35.07099" lon="-111.85437">
        <ele>2162.62</ele>
      </trkpt>
      <trkpt lat="35.07098" lon="-111.85422">
        <ele>2162.42</ele>
      </trkpt>
      <trkpt lat="35.07097" lon="-111.85409">
        <ele>2162.96</ele>
      </trkpt>
      <trkpt lat="35.07097" lon="-111.85397">
        <ele>2163.05</ele>
      </trkpt>
      <trkpt lat="35.07096" lon="-111.85384">
        <ele>2163.26</ele>
      </trkpt>
      <trkpt lat="35.07095" lon="-111.8537">
        <ele>2164.53</ele>
      </trkpt>
      <trkpt lat="35.07094" lon="-111.85358">
        <ele>2166.18</ele>
      </trkpt>
      <trkpt lat="35.07092" lon="-111.85345">
        <ele>2167.87</ele>
      </trkpt>
      <trkpt lat="35.07091" lon="-111.85334">
        <ele>2168.34</ele>
      </trkpt>
      <trkpt lat="35.0709" lon="-111.85324">
        <ele>2168.56</ele>
      </trkpt>
      <trkpt lat="35.07088" lon="-111.85314">
        <ele>2168.45</ele>
      </trkpt>
      <trkpt lat="35.07087" lon="-111.85304">
        <ele>2168.21</ele>
      </trkpt>
      <trkpt lat="35.07086" lon="-111.85294">
        <ele>2168.25</ele>
      </trkpt>
      <trkpt lat="35.07083" lon="-111.85286">
        <ele>2168.07</ele>
      </trkpt>
      <trkpt lat="35.07082" lon="-111.85279">
        <ele>2168.29</ele>
      </trkpt>
      <trkpt lat="35.07079" lon="-111.85274">
        <ele>2168.53</ele>
      </trkpt>
      <trkpt lat="35.07077" lon="-111.8527">
        <ele>2168.53</ele>
      </trkpt>
      <trkpt lat="35.07074" lon="-111.85265">
        <ele>2169.01</ele>
      </trkpt>
      <trkpt lat="35.07071" lon="-111.8526">
        <ele>2169.36</ele>
      </trkpt>
      <trkpt lat="35.07068" lon="-111.85253">
        <ele>2170.1</ele>
      </trkpt>
      <trkpt lat="35.07064" lon="-111.85245">
        <ele>2171.63</ele>
      </trkpt>
      <trkpt lat="35.0706" lon="-111.85236">
        <ele>2172.52</ele>
      </trkpt>
      <trkpt lat="35.07056" lon="-111.85229">
        <ele>2172.94</ele>
      </trkpt>
      <trkpt lat="35.07051" lon="-111.85221">
        <ele>2173.36</ele>
      </trkpt>
      <trkpt lat="35.07047" lon="-111.85214">
        <ele>2173.04</ele>
      </trkpt>
      <trkpt lat="35.07042" lon="-111.85206">
        <ele>2173.58</ele>
      </trkpt>
      <trkpt lat="35.07039" lon="-111.85198">
        <ele>2173.66</ele>
      </trkpt>
      <trkpt lat="35.07037" lon="-111.85191">
        <ele>2174.01</ele>
      </trkpt>
      <trkpt lat="35.07037" lon="-111.85183">
        <ele>2174.0</ele>
      </trkpt>
      <trkpt lat="35.07037" lon="-111.85177">
        <ele>2174.0</ele>
      </trkpt>
      <trkpt lat="35.07038" lon="-111.85171">
        <ele>2173.85</ele>
      </trkpt>
      <trkpt lat="35.07041" lon="-111.85165">
        <ele>2173.83</ele>
      </trkpt>
      <trkpt lat="35.07045" lon="-111.8516">
        <ele>2174.48</ele>
      </trkpt>
      <trkpt lat="35.0705" lon="-111.85157">
        <ele>2175.04</ele>
      </trkpt>
      <trkpt lat="35.07055" lon="-111.85154">
        <ele>2175.37</ele>
      </trkpt>
      <trkpt lat="35.07062" lon="-111.85153">
        <ele>2175.48</ele>
      </trkpt>
      <trkpt lat="35.07069" lon="-111.85152">
        <ele>2175.77</ele>
      </trkpt>
      <trkpt lat="35.07075" lon="-111.85152">
        <ele>2176.1</ele>
      </trkpt>
      <trkpt lat="35.07082" lon="-111.85152">
        <ele>2176.86</ele>
      </trkpt>
      <trkpt lat="35.07089" lon="-111.85153">
        <ele>2177.9</ele>
      </trkpt>
      <trkpt lat="35.07096" lon="-111.85156">
        <ele>2178.52</ele>
      </trkpt>
      <trkpt lat="35.07105" lon="-111.8516">
        <ele>2179.06</ele>
      </trkpt>
      <trkpt lat="35.07114" lon="-111.85164">
        <ele>2179.6</ele>
      </trkpt>
      <trkpt lat="35.07123" lon="-111.85169">
        <ele>2180.03</ele>
      </trkpt>
      <trkpt lat="35.07131" lon="-111.85172">
        <ele>2180.49</ele>
      </trkpt>
      <trkpt lat="35.07139" lon="-111.85174">
        <ele>2180.43</ele>
      </trkpt>
      <trkpt lat="35.07148" lon="-111.85175">
        <ele>2181.09</ele>
      </trkpt>
      <trkpt lat="35.07157" lon="-111.85175">
        <ele>2181.1</ele>
      </trkpt>
      <trkpt lat="35.07165" lon="-111.85174">
        <ele>2181.21</ele>
      </trkpt>
      <trkpt lat="35.07174" lon="-111.8517">
        <ele>2181.64</ele>
      </trkpt>
      <trkpt lat="35.07184" lon="-111.85165">
        <ele>2181.28</ele>
      </trkpt>
      <trkpt lat="35.07193" lon="-111.85158">
        <ele>2181.99</ele>
      </trkpt>
      <trkpt lat="35.07202" lon="-111.85152">
        <ele>2182.92</ele>
      </trkpt>
      <trkpt lat="35.07211" lon="-111.85145">
        <ele>2183.86</ele>
      </trkpt>
      <trkpt lat="35.0722" lon="-111.85139">
        <ele>2184.75</ele>
      </trkpt>
      <trkpt lat="35.07228" lon="-111.85135">
        <ele>2185.42</ele>
      </trkpt>
      <trkpt lat="35.07237" lon="-111.85131">
        <ele>2185.85</ele>
      </trkpt>
      <trkpt lat="35.07245" lon="-111.85128">
        <ele>2186.64</ele>
      </trkpt>
      <trkpt lat="35.07253" lon="-111.85124">
        <ele>2187.61</ele>
      </trkpt>
      <trkpt lat="35.07263" lon="-111.85119">
        <ele>2188.09</ele>
      </trkpt>
      <trkpt lat="35.07271" lon="-111.85114">
        <ele>2188.0</ele>
      </trkpt>
      <trkpt lat="35.0728" lon="-111.8511">
        <ele>2188.12</ele>
      </trkpt>
      <trkpt lat="35.07289" lon="-111.85105">
        <ele>2188.73</ele>
      </trkpt>
      <trkpt lat="35.07298" lon="-111.85101">
        <ele>2189.28</ele>
      </trkpt>
      <trkpt lat="35.07307" lon="-111.85096">
        <ele>2190.63</ele>
      </trkpt>
      <trkpt lat="35.07317" lon="-111.85092">
        <ele>2191.06</ele>
      </trkpt>
      <trkpt lat="35.07326" lon="-111.85086">
        <ele>2191.77</ele>
      </trkpt>
      <trkpt lat="35.07335" lon="-111.85081">
        <ele>2192.43</ele>
      </trkpt>
      <trkpt lat="35.07344" lon="-111.85075">
        <ele>2193.9</ele>
      </trkpt>
      <trkpt lat="35.07352" lon="-111.85069">
        <ele>2194.56</ele>
      </trkpt>
      <trkpt lat="35.07361" lon="-111.85064">
        <ele>2195.99</ele>
      </trkpt>
      <trkpt lat="35.07369" lon="-111.85057">
        <ele>2196.72</ele>
      </trkpt>
      <trkpt lat="35.07377" lon="-111.8505">
        <ele>2197.6</ele>
      </trkpt>
      <trkpt lat="35.07386" lon="-111.85044">
        <ele>2198.94</ele>
      </trkpt>
      <trkpt lat="35.07394" lon="-111.85037">
        <ele>2200.0</ele>
      </trkpt>
      <trkpt lat="35.07403" lon="-111.85029">
        <ele>2200.0</ele>
      </trkpt>
      <trkpt lat="35.0741" lon="-111.85021">
        <ele>2200.73</ele>
      </trkpt>
      <trkpt lat="35.07416" lon="-111.85012">
        <ele>2201.05</ele>
      </trkpt>
      <trkpt lat="35.07423" lon="-111.85002">
        <ele>2201.93</ele>
      </trkpt>
      <trkpt lat="35.07429" lon="-111.84992">
        <ele>2202.0</ele>
      </trkpt>
      <trkpt lat="35.07436" lon="-111.84981">
        <ele>2203.0</ele>
      </trkpt>
      <trkpt lat="35.07443" lon="-111.8497">
        <ele>2203.0</ele>
      </trkpt>
      <trkpt lat="35.0745" lon="-111.84959">
        <ele>2203.77</ele>
      </trkpt>
      <trkpt lat="35.07457" lon="-111.84947">
        <ele>2204.0</ele>
      </trkpt>
      <trkpt lat="35.07464" lon="-111.84935">
        <ele>2205.0</ele>
      </trkpt>
      <trkpt lat="35.07471" lon="-111.84923">
        <ele>2205.0</ele>
      </trkpt>
      <trkpt lat="35.07477" lon="-111.84911">
        <ele>2205.0</ele>
      </trkpt>
      <trkpt lat="35.07483" lon="-111.84898">
        <ele>2205.0</ele>
      </trkpt>
      <trkpt lat="35.07489" lon="-111.84886">
        <ele>2205.0</ele>
      </trkpt>
      <trkpt lat="35.07494" lon="-111.84874">
        <ele>2204.25</ele>
      </trkpt>
      <trkpt lat="35.07498" lon="-111.84863">
        <ele>2204.0</ele>
      </trkpt>
      <trkpt lat="35.07502" lon="-111.84853">
        <ele>2204.0</ele>
      </trkpt>
      <trkpt lat="35.07505" lon="-111.84844">
        <ele>2203.15</ele>
      </trkpt>
      <trkpt lat="35.07507" lon="-111.84834">
        <ele>2203.0</ele>
      </trkpt>
      <trkpt lat="35.07509" lon="-111.84827">
        <ele>2203.0</ele>
      </trkpt>
      <trkpt lat="35.07511" lon="-111.84821">
        <ele>2203.0</ele>
      </trkpt>
      <trkpt lat="35.07512" lon="-111.84817">
        <ele>2203.0</ele>
      </trkpt>
      <trkpt lat="35.07514" lon="-111.84813">
        <ele>2202.8</ele>
      </trkpt>
      <trkpt lat="35.07515" lon="-111.84809">
        <ele>2202.37</ele>
      </trkpt>
      <trkpt lat="35.07517" lon="-111.84802">
        <ele>2202.0</ele>
      </trkpt>
      <trkpt lat="35.07519" lon="-111.84794">
        <ele>2202.0</ele>
      </trkpt>
      <trkpt lat="35.07522" lon="-111.84784">
        <ele>2202.0</ele>
      </trkpt>
      <trkpt lat="35.07525" lon="-111.84773">
        <ele>2202.0</ele>
      </trkpt>
      <trkpt lat="35.07527" lon="-111.8476">
        <ele>2201.16</ele>
      </trkpt>
      <trkpt lat="35.07528" lon="-111.84746">
        <ele>2201.0</ele>
      </trkpt>
      <trkpt lat="35.0753" lon="-111.84733">
        <ele>2201.0</ele>
      </trkpt>
      <trkpt lat="35.07531" lon="-111.84719">
        <ele>2201.0</ele>
      </trkpt>
      <trkpt lat="35.07531" lon="-111.84704">
        <ele>2201.0</ele>
      </trkpt>
      <trkpt lat="35.07532" lon="-111.84691">
        <ele>2200.34</ele>
      </trkpt>
      <trkpt lat="35.07532" lon="-111.84679">
        <ele>2200.0</ele>
      </trkpt>
      <trkpt lat="35.07532" lon="-111.84667">
        <ele>2200.0</ele>
      </trkpt>
      <trkpt lat="35.07532" lon="-111.84655">
        <ele>2200.0</ele>
      </trkpt>
      <trkpt lat="35.07532" lon="-111.84645">
        <ele>2199.84</ele>
      </trkpt>
      <trkpt lat="35.07532" lon="-111.84635">
        <ele>2199.32</ele>
      </trkpt>
      <trkpt lat="35.07532" lon="-111.84626">
        <ele>2199.0</ele>
      </trkpt>
      <trkpt lat="35.07532" lon="-111.84618">
        <ele>2199.0</ele>
      </trkpt>
      <trkpt lat="35.07532" lon="-111.8461">
        <ele>2199.0</ele>
      </trkpt>
      <trkpt lat="35.07532" lon="-111.84604">
        <ele>2199.0</ele>
      </trkpt>
      <trkpt lat="35.07532" lon="-111.84597">
        <ele>2199.0</ele>
      </trkpt>
      <trkpt lat="35.07532" lon="-111.8459">
        <ele>2199.0</ele>
      </trkpt>
      <trkpt lat="35.07531" lon="-111.84583">
        <ele>2198.99</ele>
      </trkpt>
      <trkpt lat="35.07531" lon="-111.84572">
        <ele>2198.51</ele>
      </trkpt>
      <trkpt lat="35.07531" lon="-111.84562">
        <ele>2198.0</ele>
      </trkpt>
      <trkpt lat="35.0753" lon="-111.84548">
        <ele>2198.0</ele>
      </trkpt>
      <trkpt lat="35.07529" lon="-111.84533">
        <ele>2198.0</ele>
      </trkpt>
      <trkpt lat="35.07529" lon="-111.84517">
        <ele>2198.0</ele>
      </trkpt>
      <trkpt lat="35.07528" lon="-111.845">
        <ele>2197.98</ele>
      </trkpt>
      <trkpt lat="35.07527" lon="-111.84482">
        <ele>2197.0</ele>
      </trkpt>
      <trkpt lat="35.07526" lon="-111.84465">
        <ele>2197.0</ele>
      </trkpt>
      <trkpt lat="35.07524" lon="-111.84449">
        <ele>2197.0</ele>
      </trkpt>
      <trkpt lat="35.07524" lon="-111.84433">
        <ele>2197.0</ele>
      </trkpt>
      <trkpt lat="35.07523" lon="-111.84417">
        <ele>2196.53</ele>
      </trkpt>
      <trkpt lat="35.07522" lon="-111.844">
        <ele>2196.0</ele>
      </trkpt>
      <trkpt lat="35.07521" lon="-111.84383">
        <ele>2196.0</ele>
      </trkpt>
      <trkpt lat="35.0752" lon="-111.84366">
        <ele>2196.0</ele>
      </trkpt>
      <trkpt lat="35.07519" lon="-111.84348">
        <ele>2196.0</ele>
      </trkpt>
      <trkpt lat="35.07518" lon="-111.84331">
        <ele>2196.0</ele>
      </trkpt>
      <trkpt lat="35.07517" lon="-111.84315">
        <ele>2196.0</ele>
      </trkpt>
      <trkpt lat="35.07516" lon="-111.84299">
        <ele>2196.0</ele>
      </trkpt>
      <trkpt lat="35.07516" lon="-111.84283">
        <ele>2196.0</ele>
      </trkpt>
      <trkpt lat="35.07515" lon="-111.84268">
        <ele>2196.0</ele>
      </trkpt>
      <trkpt lat="35.07515" lon="-111.84254">
        <ele>2196.0</ele>
      </trkpt>
      <trkpt lat="35.07514" lon="-111.84242">
        <ele>2196.0</ele>
      </trkpt>
      <trkpt lat="35.07514" lon="-111.84231">
        <ele>2196.03</ele>
      </trkpt>
      <trkpt lat="35.07514" lon="-111.8422">
        <ele>2196.51</ele>
      </trkpt>
      <trkpt lat="35.07513" lon="-111.84208">
        <ele>2196.4</ele>
      </trkpt>
      <trkpt lat="35.07512" lon="-111.84196">
        <ele>2196.88</ele>
      </trkpt>
      <trkpt lat="35.07512" lon="-111.84182">
        <ele>2197.0</ele>
      </trkpt>
      <trkpt lat="35.07511" lon="-111.84167">
        <ele>2197.0</ele>
      </trkpt>
      <trkpt lat="35.0751" lon="-111.84154">
        <ele>2197.08</ele>
      </trkpt>
      <trkpt lat="35.07509" lon="-111.8414">
        <ele>2197.86</ele>
      </trkpt>
      <trkpt lat="35.07508" lon="-111.84125">
        <ele>2197.93</ele>
      </trkpt>
      <trkpt lat="35.07507" lon="-111.8411">
        <ele>2198.09</ele>
      </trkpt>
      <trkpt lat="35.07506" lon="-111.84095">
        <ele>2198.65</ele>
      </trkpt>
      <trkpt lat="35.07505" lon="-111.84077">
        <ele>2199.0</ele>
      </trkpt>
      <trkpt lat="35.07503" lon="-111.8406">
        <ele>2199.32</ele>
      </trkpt>
      <trkpt lat="35.07502" lon="-111.84042">
        <ele>2200.0</ele>
      </trkpt>
      <trkpt lat="35.07502" lon="-111.84024">
        <ele>2200.54</ele>
      </trkpt>
      <trkpt lat="35.07501" lon="-111.84006">
        <ele>2201.42</ele>
      </trkpt>
      <trkpt lat="35.07501" lon="-111.83987">
        <ele>2202.51</ele>
      </trkpt>
      <trkpt lat="35.07501" lon="-111.8397">
        <ele>2203.11</ele>
      </trkpt>
      <trkpt lat="35.07501" lon="-111.83954">
        <ele>2203.97</ele>
      </trkpt>
      <trkpt lat="35.07502" lon="-111.83938">
        <ele>2204.0</ele>
      </trkpt>
      <trkpt lat="35.07503" lon="-111.83924">
        <ele>2203.86</ele>
      </trkpt>
      <trkpt lat="35.07503" lon="-111.8391">
        <ele>2203.09</ele>
      </trkpt>
      <trkpt lat="35.07506" lon="-111.83895">
        <ele>2202.66</ele>
      </trkpt>
      <trkpt lat="35.07508" lon="-111.8388">
        <ele>2202.0</ele>
      </trkpt>
      <trkpt lat="35.0751" lon="-111.83863">
        <ele>2201.2</ele>
      </trkpt>
      <trkpt lat="35.07512" lon="-111.83846">
        <ele>2201.0</ele>
      </trkpt>
      <trkpt lat="35.07514" lon="-111.8383">
        <ele>2200.82</ele>
      </trkpt>
      <trkpt lat="35.07516" lon="-111.83814">
        <ele>2200.0</ele>
      </trkpt>
      <trkpt lat="35.07518" lon="-111.83798">
        <ele>2200.0</ele>
      </trkpt>
      <trkpt lat="35.0752" lon="-111.83781">
        <ele>2200.0</ele>
      </trkpt>
      <trkpt lat="35.07521" lon="-111.83765">
        <ele>2200.0</ele>
      </trkpt>
      <trkpt lat="35.07523" lon="-111.8375">
        <ele>2200.0</ele>
      </trkpt>
      <trkpt lat="35.07524" lon="-111.83735">
        <ele>2200.0</ele>
      </trkpt>
      <trkpt lat="35.07525" lon="-111.8372">
        <ele>2200.0</ele>
      </trkpt>
      <trkpt lat="35.07527" lon="-111.83706">
        <ele>2200.0</ele>
      </trkpt>
      <trkpt lat="35.07529" lon="-111.8369">
        <ele>2200.13</ele>
      </trkpt>
      <trkpt lat="35.07532" lon="-111.83674">
        <ele>2199.89</ele>
      </trkpt>
      <trkpt lat="35.07535" lon="-111.83659">
        <ele>2199.78</ele>
      </trkpt>
      <trkpt lat="35.07537" lon="-111.83644">
        <ele>2199.55</ele>
      </trkpt>
      <trkpt lat="35.07538" lon="-111.8363">
        <ele>2199.1</ele>
      </trkpt>
      <trkpt lat="35.07539" lon="-111.83616">
        <ele>2199.21</ele>
      </trkpt>
      <trkpt lat="35.0754" lon="-111.83603">
        <ele>2199.32</ele>
      </trkpt>
      <trkpt lat="35.07542" lon="-111.8359">
        <ele>2199.54</ele>
      </trkpt>
      <trkpt lat="35.07543" lon="-111.83576">
        <ele>2199.64</ele>
      </trkpt>
      <trkpt lat="35.07545" lon="-111.83561">
        <ele>2199.86</ele>
      </trkpt>
      <trkpt lat="35.07547" lon="-111.83548">
        <ele>2200.08</ele>
      </trkpt>
      <trkpt lat="35.07548" lon="-111.83535">
        <ele>2200.18</ele>
      </trkpt>
      <trkpt lat="35.0755" lon="-111.83521">
        <ele>2200.4</ele>
      </trkpt>
      <trkpt lat="35.07551" lon="-111.83507">
        <ele>2200.63</ele>
      </trkpt>
      <trkpt lat="35.07552" lon="-111.83493">
        <ele>2201.76</ele>
      </trkpt>
      <trkpt lat="35.07553" lon="-111.8348">
        <ele>2202.72</ele>
      </trkpt>
      <trkpt lat="35.07554" lon="-111.83469">
        <ele>2202.83</ele>
      </trkpt>
      <trkpt lat="35.07555" lon="-111.83458">
        <ele>2202.94</ele>
      </trkpt>
      <trkpt lat="35.07556" lon="-111.83446">
        <ele>2203.05</ele>
      </trkpt>
      <trkpt lat="35.07559" lon="-111.83432">
        <ele>2203.37</ele>
      </trkpt>
      <trkpt lat="35.07561" lon="-111.83418">
        <ele>2203.59</ele>
      </trkpt>
      <trkpt lat="35.07564" lon="-111.83407">
        <ele>2203.0</ele>
      </trkpt>
      <trkpt lat="35.07566" lon="-111.83396">
        <ele>2203.1</ele>
      </trkpt>
      <trkpt lat="35.07568" lon="-111.83387">
        <ele>2203.0</ele>
      </trkpt>
      <trkpt lat="35.07571" lon="-111.83379">
        <ele>2203.0</ele>
      </trkpt>
      <trkpt lat="35.07574" lon="-111.8337">
        <ele>2203.0</ele>
      </trkpt>
      <trkpt lat="35.07577" lon="-111.83364">
        <ele>2203.0</ele>
      </trkpt>
      <trkpt lat="35.07581" lon="-111.83359">
        <ele>2203.0</ele>
      </trkpt>
      <trkpt lat="35.07585" lon="-111.83351">
        <ele>2203.0</ele>
      </trkpt>
      <trkpt lat="35.0759" lon="-111.83342">
        <ele>2203.0</ele>
      </trkpt>
      <trkpt lat="35.07596" lon="-111.83333">
        <ele>2203.0</ele>
      </trkpt>
      <trkpt lat="35.07604" lon="-111.83324">
        <ele>2202.77</ele>
      </trkpt>
      <trkpt lat="35.07615" lon="-111.83315">
        <ele>2202.0</ele>
      </trkpt>
      <trkpt lat="35.07626" lon="-111.83309">
        <ele>2201.62</ele>
      </trkpt>
      <trkpt lat="35.07638" lon="-111.83302">
        <ele>2201.0</ele>
      </trkpt>
      <trkpt lat="35.07648" lon="-111.83296">
        <ele>2201.0</ele>
      </trkpt>
      <trkpt lat="35.07656" lon="-111.83288">
        <ele>2201.0</ele>
      </trkpt>
      <trkpt lat="35.07665" lon="-111.83281">
        <ele>2201.0</ele>
      </trkpt>
      <trkpt lat="35.07675" lon="-111.83274">
        <ele>2201.04</ele>
      </trkpt>
      <trkpt lat="35.07686" lon="-111.83267">
        <ele>2201.15</ele>
      </trkpt>
      <trkpt lat="35.07698" lon="-111.8326">
        <ele>2201.0</ele>
      </trkpt>
      <trkpt lat="35.0771" lon="-111.83255">
        <ele>2201.15</ele>
      </trkpt>
      <trkpt lat="35.07722" lon="-111.83249">
        <ele>2201.0</ele>
      </trkpt>
      <trkpt lat="35.07734" lon="-111.83243">
        <ele>2201.0</ele>
      </trkpt>
      <trkpt lat="35.07745" lon="-111.83236">
        <ele>2201.0</ele>
      </trkpt>
      <trkpt lat="35.07756" lon="-111.83231">
        <ele>2201.0</ele>
      </trkpt>
      <trkpt lat="35.07767" lon="-111.83225">
        <ele>2200.75</ele>
      </trkpt>
      <trkpt lat="35.07776" lon="-111.8322">
        <ele>2200.39</ele>
      </trkpt>
      <trkpt lat="35.07786" lon="-111.83215">
        <ele>2200.09</ele>
      </trkpt>
      <trkpt lat="35.07795" lon="-111.83209">
        <ele>2200.06</ele>
      </trkpt>
      <trkpt lat="35.07804" lon="-111.83204">
        <ele>2199.97</ele>
      </trkpt>
      <trkpt lat="35.07814" lon="-111.83199">
        <ele>2199.09</ele>
      </trkpt>
      <trkpt lat="35.07825" lon="-111.83193">
        <ele>2198.9</ele>
      </trkpt>
      <trkpt lat="35.07837" lon="-111.83187">
        <ele>2197.6</ele>
      </trkpt>
      <trkpt lat="35.07849" lon="-111.83182">
        <ele>2197.11</ele>
      </trkpt>
      <trkpt lat="35.0786" lon="-111.83175">
        <ele>2196.12</ele>
      </trkpt>
      <trkpt lat="35.07872" lon="-111.83168">
        <ele>2195.0</ele>
      </trkpt>
      <trkpt lat="35.07885" lon="-111.83162">
        <ele>2194.42</ele>
      </trkpt>
      <trkpt lat="35.07897" lon="-111.83154">
        <ele>2194.0</ele>
      </trkpt>
      <trkpt lat="35.07909" lon="-111.83146">
        <ele>2194.0</ele>
      </trkpt>
      <trkpt lat="35.07922" lon="-111.83139">
        <ele>2193.42</ele>
      </trkpt>
      <trkpt lat="35.07935" lon="-111.83131">
        <ele>2193.0</ele>
      </trkpt>
      <trkpt lat="35.07947" lon="-111.83123">
        <ele>2193.0</ele>
      </trkpt>
      <trkpt lat="35.07959" lon="-111.83116">
        <ele>2193.0</ele>
      </trkpt>
      <trkpt lat="35.0797" lon="-111.83107">
        <ele>2193.0</ele>
      </trkpt>
      <trkpt lat="35.07981" lon="-111.83099">
        <ele>2193.0</ele>
      </trkpt>
      <trkpt lat="35.07989" lon="-111.8309">
        <ele>2193.05</ele>
      </trkpt>
      <trkpt lat="35.07999" lon="-111.83079">
        <ele>2193.05</ele>
      </trkpt>
      <trkpt lat="35.08009" lon="-111.83068">
        <ele>2193.02</ele>
      </trkpt>
      <trkpt lat="35.08018" lon="-111.83058">
        <ele>2193.0</ele>
      </trkpt>
      <trkpt lat="35.08028" lon="-111.83046">
        <ele>2193.0</ele>
      </trkpt>
      <trkpt lat="35.08038" lon="-111.83035">
        <ele>2193.0</ele>
      </trkpt>
      <trkpt lat="35.08049" lon="-111.83025">
        <ele>2193.0</ele>
      </trkpt>
      <trkpt lat="35.08058" lon="-111.83012">
        <ele>2193.0</ele>
      </trkpt>
      <trkpt lat="35.08066" lon="-111.82999">
        <ele>2193.0</ele>
      </trkpt>
      <trkpt lat="35.08074" lon="-111.82987">
        <ele>2193.0</ele>
      </trkpt>
      <trkpt lat="35.08083" lon="-111.82976">
        <ele>2193.0</ele>
      </trkpt>
      <trkpt lat="35.08092" lon="-111.82965">
        <ele>2193.0</ele>
      </trkpt>
      <trkpt lat="35.08101" lon="-111.82952">
        <ele>2193.0</ele>
      </trkpt>
      <trkpt lat="35.08109" lon="-111.8294">
        <ele>2193.0</ele>
      </trkpt>
      <trkpt lat="35.08117" lon="-111.82928">
        <ele>2193.0</ele>
      </trkpt>
      <trkpt lat="35.08125" lon="-111.82917">
        <ele>2193.0</ele>
      </trkpt>
      <trkpt lat="35.08134" lon="-111.82904">
        <ele>2193.0</ele>
      </trkpt>
      <trkpt lat="35.08143" lon="-111.82895">
        <ele>2193.0</ele>
      </trkpt>
      <trkpt lat="35.08151" lon="-111.82882">
        <ele>2193.0</ele>
      </trkpt>
      <trkpt lat="35.08159" lon="-111.8287">
        <ele>2193.0</ele>
      </trkpt>
      <trkpt lat="35.08167" lon="-111.82857">
        <ele>2193.02</ele>
      </trkpt>
      <trkpt lat="35.08176" lon="-111.82844">
        <ele>2194.0</ele>
      </trkpt>
      <trkpt lat="35.08186" lon="-111.82831">
        <ele>2194.0</ele>
      </trkpt>
      <trkpt lat="35.08194" lon="-111.82817">
        <ele>2194.0</ele>
      </trkpt>
      <trkpt lat="35.08201" lon="-111.82804">
        <ele>2194.0</ele>
      </trkpt>
      <trkpt lat="35.08209" lon="-111.82792">
        <ele>2194.0</ele>
      </trkpt>
      <trkpt lat="35.08218" lon="-111.82781">
        <ele>2194.0</ele>
      </trkpt>
      <trkpt lat="35.08227" lon="-111.82771">
        <ele>2194.0</ele>
      </trkpt>
      <trkpt lat="35.08235" lon="-111.8276">
        <ele>2194.0</ele>
      </trkpt>
      <trkpt lat="35.08242" lon="-111.82749">
        <ele>2194.0</ele>
      </trkpt>
      <trkpt lat="35.0825" lon="-111.82737">
        <ele>2194.0</ele>
      </trkpt>
      <trkpt lat="35.08258" lon="-111.82728">
        <ele>2194.0</ele>
      </trkpt>
      <trkpt lat="35.08267" lon="-111.82718">
        <ele>2194.0</ele>
      </trkpt>
      <trkpt lat="35.08275" lon="-111.82706">
        <ele>2194.0</ele>
      </trkpt>
      <trkpt lat="35.08283" lon="-111.82694">
        <ele>2194.0</ele>
      </trkpt>
      <trkpt lat="35.08291" lon="-111.82684">
        <ele>2194.0</ele>
      </trkpt>
      <trkpt lat="35.08298" lon="-111.82673">
        <ele>2193.94</ele>
      </trkpt>
      <trkpt lat="35.08306" lon="-111.82662">
        <ele>2193.0</ele>
      </trkpt>
      <trkpt lat="35.08313" lon="-111.82651">
        <ele>2193.0</ele>
      </trkpt>
      <trkpt lat="35.0832" lon="-111.82642">
        <ele>2193.0</ele>
      </trkpt>
      <trkpt lat="35.08326" lon="-111.82632">
        <ele>2193.0</ele>
      </trkpt>
      <trkpt lat="35.08333" lon="-111.82624">
        <ele>2193.0</ele>
      </trkpt>
      <trkpt lat="35.08339" lon="-111.82615">
        <ele>2193.0</ele>
      </trkpt>
      <trkpt lat="35.08345" lon="-111.82607">
        <ele>2193.0</ele>
      </trkpt>
      <trkpt lat="35.08352" lon="-111.82598">
        <ele>2193.0</ele>
      </trkpt>
      <trkpt lat="35.08358" lon="-111.82589">
        <ele>2193.0</ele>
      </trkpt>
      <trkpt lat="35.08364" lon="-111.82579">
        <ele>2193.0</ele>
      </trkpt>
      <trkpt lat="35.08371" lon="-111.82569">
        <ele>2193.0</ele>
      </trkpt>
      <trkpt lat="35.08379" lon="-111.82558">
        <ele>2193.0</ele>
      </trkpt>
      <trkpt lat="35.08386" lon="-111.82547">
        <ele>2193.0</ele>
      </trkpt>
      <trkpt lat="35.08394" lon="-111.82535">
        <ele>2193.0</ele>
      </trkpt>
      <trkpt lat="35.08402" lon="-111.82525">
        <ele>2193.0</ele>
      </trkpt>
      <trkpt lat="35.0841" lon="-111.82515">
        <ele>2193.0</ele>
      </trkpt>
      <trkpt lat="35.08418" lon="-111.82504">
        <ele>2193.0</ele>
      </trkpt>
      <trkpt lat="35.08425" lon="-111.82495">
        <ele>2193.0</ele>
      </trkpt>
      <trkpt lat="35.08433" lon="-111.82485">
        <ele>2193.0</ele>
      </trkpt>
      <trkpt lat="35.08441" lon="-111.82474">
        <ele>2193.0</ele>
      </trkpt>
      <trkpt lat="35.08449" lon="-111.82462">
        <ele>2193.0</ele>
      </trkpt>
      <trkpt lat="35.08456" lon="-111.8245">
        <ele>2193.0</ele>
      </trkpt>
      <trkpt lat="35.08464" lon="-111.82438">
        <ele>2193.0</ele>
      </trkpt>
      <trkpt lat="35.08471" lon="-111.82427">
        <ele>2193.0</ele>
      </trkpt>
      <trkpt lat="35.08479" lon="-111.82415">
        <ele>2194.0</ele>
      </trkpt>
      <trkpt lat="35.08487" lon="-111.82405">
        <ele>2194.0</ele>
      </trkpt>
      <trkpt lat="35.08494" lon="-111.82394">
        <ele>2194.45</ele>
      </trkpt>
      <trkpt lat="35.08503" lon="-111.82383">
        <ele>2195.0</ele>
      </trkpt>
      <trkpt lat="35.0851" lon="-111.82371">
        <ele>2195.0</ele>
      </trkpt>
      <trkpt lat="35.08518" lon="-111.8236">
        <ele>2195.0</ele>
      </trkpt>
      <trkpt lat="35.08525" lon="-111.82351">
        <ele>2195.0</ele>
      </trkpt>
      <trkpt lat="35.08532" lon="-111.82341">
        <ele>2195.0</ele>
      </trkpt>
      <trkpt lat="35.0854" lon="-111.82331">
        <ele>2195.25</ele>
      </trkpt>
      <trkpt lat="35.08548" lon="-111.82322">
        <ele>2196.0</ele>
      </trkpt>
      <trkpt lat="35.08556" lon="-111.82311">
        <ele>2196.44</ele>
      </trkpt>
      <trkpt lat="35.08562" lon="-111.82303">
        <ele>2197.0</ele>
      </trkpt>
      <trkpt lat="35.08569" lon="-111.82293">
        <ele>2197.16</ele>
      </trkpt>
      <trkpt lat="35.08577" lon="-111.82286">
        <ele>2198.0</ele>
      </trkpt>
      <trkpt lat="35.08584" lon="-111.82279">
        <ele>2198.0</ele>
      </trkpt>
      <trkpt lat="35.08592" lon="-111.82272">
        <ele>2198.0</ele>
      </trkpt>
      <trkpt lat="35.08598" lon="-111.82263">
        <ele>2198.0</ele>
      </trkpt>
      <trkpt lat="35.08605" lon="-111.82255">
        <ele>2198.0</ele>
      </trkpt>
      <trkpt lat="35.08612" lon="-111.82247">
        <ele>2198.0</ele>
      </trkpt>
      <trkpt lat="35.08619" lon="-111.82241">
        <ele>2198.0</ele>
      </trkpt>
      <trkpt lat="35.08626" lon="-111.82234">
        <ele>2198.0</ele>
      </trkpt>
      <trkpt lat="35.08633" lon="-111.82228">
        <ele>2198.0</ele>
      </trkpt>
      <trkpt lat="35.0864" lon="-111.82221">
        <ele>2198.0</ele>
      </trkpt>
      <trkpt lat="35.08647" lon="-111.82213">
        <ele>2198.0</ele>
      </trkpt>
      <trkpt lat="35.08654" lon="-111.82204">
        <ele>2198.0</ele>
      </trkpt>
      <trkpt lat="35.08662" lon="-111.82194">
        <ele>2198.0</ele>
      </trkpt>
      <trkpt lat="35.08669" lon="-111.82185">
        <ele>2198.0</ele>
      </trkpt>
      <trkpt lat="35.08675" lon="-111.82175">
        <ele>2198.0</ele>
      </trkpt>
      <trkpt lat="35.08683" lon="-111.82165">
        <ele>2198.0</ele>
      </trkpt>
      <trkpt lat="35.0869" lon="-111.82155">
        <ele>2198.0</ele>
      </trkpt>
      <trkpt lat="35.08698" lon="-111.82147">
        <ele>2198.0</ele>
      </trkpt>
      <trkpt lat="35.08705" lon="-111.82138">
        <ele>2197.87</ele>
      </trkpt>
      <trkpt lat="35.08712" lon="-111.82129">
        <ele>2198.0</ele>
      </trkpt>
      <trkpt lat="35.0872" lon="-111.82121">
        <ele>2197.24</ele>
      </trkpt>
      <trkpt lat="35.08728" lon="-111.82113">
        <ele>2197.3</ele>
      </trkpt>
      <trkpt lat="35.08736" lon="-111.82106">
        <ele>2197.0</ele>
      </trkpt>
      <trkpt lat="35.08744" lon="-111.82097">
        <ele>2197.0</ele>
      </trkpt>
      <trkpt lat="35.08752" lon="-111.82089">
        <ele>2197.0</ele>
      </trkpt>
      <trkpt lat="35.0876" lon="-111.82082">
        <ele>2197.0</ele>
      </trkpt>
      <trkpt lat="35.08768" lon="-111.82075">
        <ele>2197.0</ele>
      </trkpt>
      <trkpt lat="35.08776" lon="-111.82068">
        <ele>2197.0</ele>
      </trkpt>
      <trkpt lat="35.08783" lon="-111.8206">
        <ele>2197.0</ele>
      </trkpt>
      <trkpt lat="35.0879" lon="-111.82052">
        <ele>2197.0</ele>
      </trkpt>
      <trkpt lat="35.08798" lon="-111.82043">
        <ele>2197.0</ele>
      </trkpt>
      <trkpt lat="35.08805" lon="-111.82035">
        <ele>2197.0</ele>
      </trkpt>
      <trkpt lat="35.08813" lon="-111.82027">
        <ele>2196.92</ele>
      </trkpt>
      <trkpt lat="35.0882" lon="-111.82019">
        <ele>2196.02</ele>
      </trkpt>
      <trkpt lat="35.08827" lon="-111.82012">
        <ele>2196.0</ele>
      </trkpt>
      <trkpt lat="35.08835" lon="-111.82004">
        <ele>2196.0</ele>
      </trkpt>
      <trkpt lat="35.08842" lon="-111.81997">
        <ele>2196.0</ele>
      </trkpt>
      <trkpt lat="35.08849" lon="-111.81989">
        <ele>2195.25</ele>
      </trkpt>
      <trkpt lat="35.08856" lon="-111.81981">
        <ele>2195.0</ele>
      </trkpt>
      <trkpt lat="35.08862" lon="-111.81974">
        <ele>2195.0</ele>
      </trkpt>
      <trkpt lat="35.0887" lon="-111.81967">
        <ele>2195.0</ele>
      </trkpt>
      <trkpt lat="35.08877" lon="-111.81959">
        <ele>2195.0</ele>
      </trkpt>
      <trkpt lat="35.08885" lon="-111.81951">
        <ele>2194.83</ele>
      </trkpt>
      <trkpt lat="35.08894" lon="-111.81943">
        <ele>2194.0</ele>
      </trkpt>
      <trkpt lat="35.08902" lon="-111.81936">
        <ele>2194.0</ele>
      </trkpt>
      <trkpt lat="35.08909" lon="-111.81928">
        <ele>2194.0</ele>
      </trkpt>
      <trkpt lat="35.08917" lon="-111.81921">
        <ele>2194.0</ele>
      </trkpt>
      <trkpt lat="35.08925" lon="-111.81914">
        <ele>2193.74</ele>
      </trkpt>
      <trkpt lat="35.08932" lon="-111.81907">
        <ele>2193.0</ele>
      </trkpt>
      <trkpt lat="35.08938" lon="-111.819">
        <ele>2193.0</ele>
      </trkpt>
      <trkpt lat="35.08945" lon="-111.81893">
        <ele>2193.0</ele>
      </trkpt>
      <trkpt lat="35.08952" lon="-111.81888">
        <ele>2193.0</ele>
      </trkpt>
      <trkpt lat="35.08959" lon="-111.81882">
        <ele>2193.0</ele>
      </trkpt>
      <trkpt lat="35.08966" lon="-111.81876">
        <ele>2192.67</ele>
      </trkpt>
      <trkpt lat="35.08973" lon="-111.8187">
        <ele>2192.0</ele>
      </trkpt>
      <trkpt lat="35.08981" lon="-111.81865">
        <ele>2192.0</ele>
      </trkpt>
      <trkpt lat="35.0899" lon="-111.8186">
        <ele>2192.0</ele>
      </trkpt>
      <trkpt lat="35.08998" lon="-111.81855">
        <ele>2191.48</ele>
      </trkpt>
      <trkpt lat="35.09006" lon="-111.81849">
        <ele>2191.0</ele>
      </trkpt>
      <trkpt lat="35.09014" lon="-111.81845">
        <ele>2191.0</ele>
      </trkpt>
      <trkpt lat="35.09023" lon="-111.8184">
        <ele>2191.0</ele>
      </trkpt>
      <trkpt lat="35.09032" lon="-111.81836">
        <ele>2191.0</ele>
      </trkpt>
      <trkpt lat="35.0904" lon="-111.81832">
        <ele>2190.9</ele>
      </trkpt>
      <trkpt lat="35.09048" lon="-111.81828">
        <ele>2191.0</ele>
      </trkpt>
      <trkpt lat="35.09057" lon="-111.81824">
        <ele>2190.99</ele>
      </trkpt>
      <trkpt lat="35.09066" lon="-111.81821">
        <ele>2190.71</ele>
      </trkpt>
      <trkpt lat="35.09075" lon="-111.81817">
        <ele>2191.0</ele>
      </trkpt>
      <trkpt lat="35.09083" lon="-111.81814">
        <ele>2190.91</ele>
      </trkpt>
      <trkpt lat="35.09091" lon="-111.8181">
        <ele>2190.48</ele>
      </trkpt>
      <trkpt lat="35.091" lon="-111.81807">
        <ele>2190.83</ele>
      </trkpt>
      <trkpt lat="35.09109" lon="-111.81803">
        <ele>2190.72</ele>
      </trkpt>
      <trkpt lat="35.09117" lon="-111.818">
        <ele>2190.4</ele>
      </trkpt>
      <trkpt lat="35.09127" lon="-111.81797">
        <ele>2190.74</ele>
      </trkpt>
      <trkpt lat="35.09135" lon="-111.81793">
        <ele>2190.64</ele>
      </trkpt>
      <trkpt lat="35.09144" lon="-111.81789">
        <ele>2190.09</ele>
      </trkpt>
      <trkpt lat="35.09154" lon="-111.81785">
        <ele>2190.0</ele>
      </trkpt>
      <trkpt lat="35.09163" lon="-111.81781">
        <ele>2190.0</ele>
      </trkpt>
      <trkpt lat="35.09173" lon="-111.81777">
        <ele>2190.0</ele>
      </trkpt>
      <trkpt lat="35.09183" lon="-111.81774">
        <ele>2190.0</ele>
      </trkpt>
      <trkpt lat="35.09192" lon="-111.81771">
        <ele>2190.0</ele>
      </trkpt>
      <trkpt lat="35.09202" lon="-111.81767">
        <ele>2190.0</ele>
      </trkpt>
      <trkpt lat="35.09214" lon="-111.81762">
        <ele>2190.0</ele>
      </trkpt>
      <trkpt lat="35.09225" lon="-111.81757">
        <ele>2190.0</ele>
      </trkpt>
      <trkpt lat="35.09238" lon="-111.81751">
        <ele>2190.0</ele>
      </trkpt>
      <trkpt lat="35.0925" lon="-111.81746">
        <ele>2190.0</ele>
      </trkpt>
      <trkpt lat="35.09264" lon="-111.8174">
        <ele>2190.0</ele>
      </trkpt>
      <trkpt lat="35.09277" lon="-111.81735">
        <ele>2190.0</ele>
      </trkpt>
      <trkpt lat="35.0929" lon="-111.81729">
        <ele>2190.0</ele>
      </trkpt>
      <trkpt lat="35.09303" lon="-111.81722">
        <ele>2189.98</ele>
      </trkpt>
      <trkpt lat="35.09317" lon="-111.81717">
        <ele>2189.0</ele>
      </trkpt>
      <trkpt lat="35.0933" lon="-111.81712">
        <ele>2189.0</ele>
      </trkpt>
      <trkpt lat="35.09344" lon="-111.81707">
        <ele>2189.0</ele>
      </trkpt>
      <trkpt lat="35.09357" lon="-111.81701">
        <ele>2189.0</ele>
      </trkpt>
      <trkpt lat="35.0937" lon="-111.81695">
        <ele>2189.0</ele>
      </trkpt>
      <trkpt lat="35.09384" lon="-111.81689">
        <ele>2189.0</ele>
      </trkpt>
      <trkpt lat="35.09399" lon="-111.81684">
        <ele>2189.0</ele>
      </trkpt>
      <trkpt lat="35.09413" lon="-111.81679">
        <ele>2189.0</ele>
      </trkpt>
      <trkpt lat="35.09428" lon="-111.81674">
        <ele>2189.0</ele>
      </trkpt>
      <trkpt lat="35.09442" lon="-111.81668">
        <ele>2188.37</ele>
      </trkpt>
      <trkpt lat="35.09456" lon="-111.81663">
        <ele>2188.0</ele>
      </trkpt>
      <trkpt lat="35.09469" lon="-111.81658">
        <ele>2188.0</ele>
      </trkpt>
      <trkpt lat="35.09483" lon="-111.81653">
        <ele>2188.0</ele>
      </trkpt>
      <trkpt lat="35.09496" lon="-111.81649">
        <ele>2188.0</ele>
      </trkpt>
      <trkpt lat="35.09509" lon="-111.81643">
        <ele>2188.0</ele>
      </trkpt>
      <trkpt lat="35.09523" lon="-111.81638">
        <ele>2188.0</ele>
      </trkpt>
      <trkpt lat="35.09536" lon="-111.81633">
        <ele>2188.0</ele>
      </trkpt>
      <trkpt lat="35.09549" lon="-111.81628">
        <ele>2188.0</ele>
      </trkpt>
      <trkpt lat="35.09563" lon="-111.81623">
        <ele>2188.0</ele>
      </trkpt>
      <trkpt lat="35.09576" lon="-111.81617">
        <ele>2188.0</ele>
      </trkpt>
      <trkpt lat="35.0959" lon="-111.81611">
        <ele>2187.99</ele>
      </trkpt>
      <trkpt lat="35.09604" lon="-111.81605">
        <ele>2187.0</ele>
      </trkpt>
      <trkpt lat="35.09618" lon="-111.81599">
        <ele>2187.0</ele>
      </trkpt>
      <trkpt lat="35.09633" lon="-111.81592">
        <ele>2187.0</ele>
      </trkpt>
      <trkpt lat="35.09647" lon="-111.81586">
        <ele>2187.0</ele>
      </trkpt>
      <trkpt lat="35.09662" lon="-111.8158">
        <ele>2188.0</ele>
      </trkpt>
      <trkpt lat="35.09677" lon="-111.81574">
        <ele>2188.0</ele>
      </trkpt>
      <trkpt lat="35.0969" lon="-111.81569">
        <ele>2188.0</ele>
      </trkpt>
      <trkpt lat="35.09704" lon="-111.81563">
        <ele>2188.0</ele>
      </trkpt>
      <trkpt lat="35.09718" lon="-111.81557">
        <ele>2188.0</ele>
      </trkpt>
      <trkpt lat="35.09732" lon="-111.81552">
        <ele>2188.0</ele>
      </trkpt>
      <trkpt lat="35.09746" lon="-111.81546">
        <ele>2188.0</ele>
      </trkpt>
      <trkpt lat="35.09759" lon="-111.81541">
        <ele>2188.0</ele>
      </trkpt>
      <trkpt lat="35.09773" lon="-111.81534">
        <ele>2188.67</ele>
      </trkpt>
      <trkpt lat="35.09788" lon="-111.81528">
        <ele>2189.0</ele>
      </trkpt>
      <trkpt lat="35.09802" lon="-111.81523">
        <ele>2189.0</ele>
      </trkpt>
      <trkpt lat="35.09816" lon="-111.81518">
        <ele>2189.0</ele>
      </trkpt>
      <trkpt lat="35.0983" lon="-111.81512">
        <ele>2189.0</ele>
      </trkpt>
      <trkpt lat="35.09845" lon="-111.81506">
        <ele>2188.0</ele>
      </trkpt>
      <trkpt lat="35.0986" lon="-111.815">
        <ele>2188.0</ele>
      </trkpt>
      <trkpt lat="35.09875" lon="-111.81494">
        <ele>2188.0</ele>
      </trkpt>
      <trkpt lat="35.09891" lon="-111.81488">
        <ele>2188.0</ele>
      </trkpt>
      <trkpt lat="35.09906" lon="-111.81482">
        <ele>2187.15</ele>
      </trkpt>
      <trkpt lat="35.09921" lon="-111.81476">
        <ele>2186.53</ele>
      </trkpt>
      <trkpt lat="35.09936" lon="-111.8147">
        <ele>2186.0</ele>
      </trkpt>
      <trkpt lat="35.09951" lon="-111.81465">
        <ele>2186.0</ele>
      </trkpt>
      <trkpt lat="35.09966" lon="-111.81459">
        <ele>2186.0</ele>
      </trkpt>
      <trkpt lat="35.09981" lon="-111.81454">
        <ele>2186.0</ele>
      </trkpt>
      <trkpt lat="35.09996" lon="-111.81448">
        <ele>2186.0</ele>
      </trkpt>
      <trkpt lat="35.1001" lon="-111.81442">
        <ele>2186.0</ele>
      </trkpt>
      <trkpt lat="35.10024" lon="-111.81437">
        <ele>2186.0</ele>
      </trkpt>
      <trkpt lat="35.10037" lon="-111.81432">
        <ele>2186.0</ele>
      </trkpt>
      <trkpt lat="35.10051" lon="-111.81426">
        <ele>2186.0</ele>
      </trkpt>
      <trkpt lat="35.10064" lon="-111.81421">
        <ele>2186.0</ele>
      </trkpt>
      <trkpt lat="35.10078" lon="-111.81415">
        <ele>2186.0</ele>
      </trkpt>
      <trkpt lat="35.10092" lon="-111.81409">
        <ele>2186.0</ele>
      </trkpt>
      <trkpt lat="35.10107" lon="-111.81403">
        <ele>2186.0</ele>
      </trkpt>
      <trkpt lat="35.10121" lon="-111.81397">
        <ele>2186.0</ele>
      </trkpt>
      <trkpt lat="35.10136" lon="-111.81391">
        <ele>2186.0</ele>
      </trkpt>
      <trkpt lat="35.10151" lon="-111.81385">
        <ele>2186.0</ele>
      </trkpt>
      <trkpt lat="35.10167" lon="-111.81379">
        <ele>2186.0</ele>
      </trkpt>
      <trkpt lat="35.10182" lon="-111.81373">
        <ele>2186.0</ele>
      </trkpt>
      <trkpt lat="35.10197" lon="-111.81368">
        <ele>2186.0</ele>
      </trkpt>
      <trkpt lat="35.10212" lon="-111.81362">
        <ele>2186.0</ele>
      </trkpt>
      <trkpt lat="35.10227" lon="-111.81357">
        <ele>2186.0</ele>
      </trkpt>
      <trkpt lat="35.10241" lon="-111.81351">
        <ele>2186.0</ele>
      </trkpt>
      <trkpt lat="35.10256" lon="-111.81344">
        <ele>2186.1</ele>
      </trkpt>
      <trkpt lat="35.10272" lon="-111.81337">
        <ele>2186.4</ele>
      </trkpt>
      <trkpt lat="35.10288" lon="-111.8133">
        <ele>2186.0</ele>
      </trkpt>
      <trkpt lat="35.10304" lon="-111.81324">
        <ele>2186.0</ele>
      </trkpt>
      <trkpt lat="35.10318" lon="-111.81318">
        <ele>2186.0</ele>
      </trkpt>
      <trkpt lat="35.10335" lon="-111.81311">
        <ele>2186.0</ele>
      </trkpt>
      <trkpt lat="35.1035" lon="-111.81305">
        <ele>2186.0</ele>
      </trkpt>
      <trkpt lat="35.10365" lon="-111.81299">
        <ele>2186.0</ele>
      </trkpt>
      <trkpt lat="35.1038" lon="-111.81293">
        <ele>2186.0</ele>
      </trkpt>
      <trkpt lat="35.10395" lon="-111.81286">
        <ele>2186.0</ele>
      </trkpt>
      <trkpt lat="35.10411" lon="-111.8128">
        <ele>2186.0</ele>
      </trkpt>
      <trkpt lat="35.10425" lon="-111.81274">
        <ele>2186.0</ele>
      </trkpt>
      <trkpt lat="35.1044" lon="-111.81268">
        <ele>2186.0</ele>
      </trkpt>
      <trkpt lat="35.10455" lon="-111.81262">
        <ele>2186.0</ele>
      </trkpt>
      <trkpt lat="35.10469" lon="-111.81255">
        <ele>2186.0</ele>
      </trkpt>
      <trkpt lat="35.10482" lon="-111.8125">
        <ele>2186.0</ele>
      </trkpt>
      <trkpt lat="35.10495" lon="-111.81245">
        <ele>2186.0</ele>
      </trkpt>
      <trkpt lat="35.10508" lon="-111.8124">
        <ele>2186.0</ele>
      </trkpt>
      <trkpt lat="35.10521" lon="-111.81235">
        <ele>2186.0</ele>
      </trkpt>
      <trkpt lat="35.10534" lon="-111.81229">
        <ele>2186.0</ele>
      </trkpt>
      <trkpt lat="35.1055" lon="-111.81224">
        <ele>2186.0</ele>
      </trkpt>
      <trkpt lat="35.10562" lon="-111.8122">
        <ele>2186.0</ele>
      </trkpt>
      <trkpt lat="35.10575" lon="-111.81217">
        <ele>2186.0</ele>
      </trkpt>
      <trkpt lat="35.10585" lon="-111.81213">
        <ele>2186.0</ele>
      </trkpt>
      <trkpt lat="35.10593" lon="-111.81211">
        <ele>2186.0</ele>
      </trkpt>
      <trkpt lat="35.10601" lon="-111.81209">
        <ele>2186.0</ele>
      </trkpt>
      <trkpt lat="35.10612" lon="-111.81208">
        <ele>2186.0</ele>
      </trkpt>
      <trkpt lat="35.10624" lon="-111.81207">
        <ele>2186.0</ele>
      </trkpt>
      <trkpt lat="35.10638" lon="-111.81207">
        <ele>2186.9</ele>
      </trkpt>
      <trkpt lat="35.10649" lon="-111.81207">
        <ele>2187.0</ele>
      </trkpt>
      <trkpt lat="35.10661" lon="-111.81207">
        <ele>2187.0</ele>
      </trkpt>
      <trkpt lat="35.10671" lon="-111.81207">
        <ele>2187.0</ele>
      </trkpt>
      <trkpt lat="35.10681" lon="-111.81208">
        <ele>2187.25</ele>
      </trkpt>
      <trkpt lat="35.1069" lon="-111.81209">
        <ele>2187.79</ele>
      </trkpt>
      <trkpt lat="35.10699" lon="-111.81211">
        <ele>2188.0</ele>
      </trkpt>
      <trkpt lat="35.1071" lon="-111.81214">
        <ele>2188.0</ele>
      </trkpt>
      <trkpt lat="35.10721" lon="-111.81216">
        <ele>2188.0</ele>
      </trkpt>
      <trkpt lat="35.10732" lon="-111.81219">
        <ele>2188.0</ele>
      </trkpt>
      <trkpt lat="35.10743" lon="-111.81221">
        <ele>2188.0</ele>
      </trkpt>
      <trkpt lat="35.10753" lon="-111.81224">
        <ele>2188.0</ele>
      </trkpt>
      <trkpt lat="35.10763" lon="-111.81226">
        <ele>2188.16</ele>
      </trkpt>
      <trkpt lat="35.10773" lon="-111.81229">
        <ele>2188.73</ele>
      </trkpt>
      <trkpt lat="35.10783" lon="-111.81231">
        <ele>2188.98</ele>
      </trkpt>
      <trkpt lat="35.10793" lon="-111.81233">
        <ele>2189.0</ele>
      </trkpt>
      <trkpt lat="35.10803" lon="-111.81235">
        <ele>2189.0</ele>
      </trkpt>
      <trkpt lat="35.10814" lon="-111.81238">
        <ele>2189.0</ele>
      </trkpt>
      <trkpt lat="35.10826" lon="-111.81241">
        <ele>2189.0</ele>
      </trkpt>
      <trkpt lat="35.10838" lon="-111.81244">
        <ele>2189.18</ele>
      </trkpt>
      <trkpt lat="35.10849" lon="-111.81247">
        <ele>2189.68</ele>
      </trkpt>
      <trkpt lat="35.1086" lon="-111.81251">
        <ele>2190.0</ele>
      </trkpt>
      <trkpt lat="35.10871" lon="-111.81255">
        <ele>2190.0</ele>
      </trkpt>
      <trkpt lat="35.10882" lon="-111.81258">
        <ele>2190.0</ele>
      </trkpt>
      <trkpt lat="35.10894" lon="-111.81262">
        <ele>2190.3</ele>
      </trkpt>
      <trkpt lat="35.10906" lon="-111.81265">
        <ele>2190.62</ele>
      </trkpt>
      <trkpt lat="35.10918" lon="-111.81268">
        <ele>2190.94</ele>
      </trkpt>
      <trkpt lat="35.10929" lon="-111.81272">
        <ele>2191.0</ele>
      </trkpt>
      <trkpt lat="35.10942" lon="-111.81276">
        <ele>2191.0</ele>
      </trkpt>
      <trkpt lat="35.10954" lon="-111.8128">
        <ele>2191.24</ele>
      </trkpt>
      <trkpt lat="35.10968" lon="-111.81283">
        <ele>2191.56</ele>
      </trkpt>
      <trkpt lat="35.10982" lon="-111.81287">
        <ele>2192.0</ele>
      </trkpt>
      <trkpt lat="35.10994" lon="-111.8129">
        <ele>2192.0</ele>
      </trkpt>
      <trkpt lat="35.11006" lon="-111.81294">
        <ele>2192.0</ele>
      </trkpt>
      <trkpt lat="35.11021" lon="-111.81297">
        <ele>2192.32</ele>
      </trkpt>
      <trkpt lat="35.11034" lon="-111.813">
        <ele>2193.0</ele>
      </trkpt>
      <trkpt lat="35.11049" lon="-111.81303">
        <ele>2193.0</ele>
      </trkpt>
      <trkpt lat="35.11062" lon="-111.81307">
        <ele>2193.16</ele>
      </trkpt>
      <trkpt lat="35.11075" lon="-111.8131">
        <ele>2193.48</ele>
      </trkpt>
      <trkpt lat="35.11088" lon="-111.81314">
        <ele>2193.91</ele>
      </trkpt>
      <trkpt lat="35.111" lon="-111.81318">
        <ele>2194.0</ele>
      </trkpt>
      <trkpt lat="35.11112" lon="-111.81322">
        <ele>2194.0</ele>
      </trkpt>
      <trkpt lat="35.11126" lon="-111.81326">
        <ele>2194.21</ele>
      </trkpt>
      <trkpt lat="35.11139" lon="-111.81329">
        <ele>2194.54</ele>
      </trkpt>
      <trkpt lat="35.11153" lon="-111.81333">
        <ele>2195.0</ele>
      </trkpt>
      <trkpt lat="35.11167" lon="-111.81337">
        <ele>2196.0</ele>
      </trkpt>
      <trkpt lat="35.11181" lon="-111.8134">
        <ele>2195.85</ele>
      </trkpt>
      <trkpt lat="35.11196" lon="-111.81342">
        <ele>2195.94</ele>
      </trkpt>
      <trkpt lat="35.11211" lon="-111.81344">
        <ele>2196.0</ele>
      </trkpt>
      <trkpt lat="35.11224" lon="-111.81346">
        <ele>2196.07</ele>
      </trkpt>
      <trkpt lat="35.11239" lon="-111.81348">
        <ele>2196.58</ele>
      </trkpt>
      <trkpt lat="35.11252" lon="-111.8135">
        <ele>2196.63</ele>
      </trkpt>
      <trkpt lat="35.11265" lon="-111.81353">
        <ele>2196.12</ele>
      </trkpt>
      <trkpt lat="35.1128" lon="-111.81354">
        <ele>2196.23</ele>
      </trkpt>
      <trkpt lat="35.11294" lon="-111.81356">
        <ele>2196.45</ele>
      </trkpt>
      <trkpt lat="35.11306" lon="-111.81358">
        <ele>2196.0</ele>
      </trkpt>
      <trkpt lat="35.11322" lon="-111.81359">
        <ele>2196.0</ele>
      </trkpt>
      <trkpt lat="35.11335" lon="-111.8136">
        <ele>2195.82</ele>
      </trkpt>
      <trkpt lat="35.1135" lon="-111.81361">
        <ele>2195.0</ele>
      </trkpt>
      <trkpt lat="35.11362" lon="-111.81362">
        <ele>2194.0</ele>
      </trkpt>
      <trkpt lat="35.11372" lon="-111.81362">
        <ele>2194.0</ele>
      </trkpt>
      <trkpt lat="35.11384" lon="-111.81362">
        <ele>2193.53</ele>
      </trkpt>
      <trkpt lat="35.11395" lon="-111.81361">
        <ele>2193.0</ele>
      </trkpt>
      <trkpt lat="35.11407" lon="-111.81361">
        <ele>2193.0</ele>
      </trkpt>
      <trkpt lat="35.1142" lon="-111.81361">
        <ele>2193.0</ele>
      </trkpt>
      <trkpt lat="35.11432" lon="-111.81361">
        <ele>2193.0</ele>
      </trkpt>
      <trkpt lat="35.11447" lon="-111.81362">
        <ele>2193.28</ele>
      </trkpt>
      <trkpt lat="35.11459" lon="-111.81362">
        <ele>2194.0</ele>
      </trkpt>
      <trkpt lat="35.11471" lon="-111.81361">
        <ele>2194.0</ele>
      </trkpt>
      <trkpt lat="35.11482" lon="-111.81361">
        <ele>2194.99</ele>
      </trkpt>
      <trkpt lat="35.11493" lon="-111.8136">
        <ele>2195.0</ele>
      </trkpt>
      <trkpt lat="35.11503" lon="-111.81359">
        <ele>2195.0</ele>
      </trkpt>
      <trkpt lat="35.11513" lon="-111.81358">
        <ele>2195.4</ele>
      </trkpt>
      <trkpt lat="35.11524" lon="-111.81357">
        <ele>2196.0</ele>
      </trkpt>
      <trkpt lat="35.11537" lon="-111.81356">
        <ele>2197.0</ele>
      </trkpt>
      <trkpt lat="35.11551" lon="-111.81355">
        <ele>2197.51</ele>
      </trkpt>
      <trkpt lat="35.11565" lon="-111.81354">
        <ele>2198.02</ele>
      </trkpt>
      <trkpt lat="35.11579" lon="-111.81351">
        <ele>2199.0</ele>
      </trkpt>
      <trkpt lat="35.11591" lon="-111.81347">
        <ele>2199.43</ele>
      </trkpt>
      <trkpt lat="35.11605" lon="-111.81345">
        <ele>2199.74</ele>
      </trkpt>
      <trkpt lat="35.11616" lon="-111.81343">
        <ele>2199.98</ele>
      </trkpt>
      <trkpt lat="35.11628" lon="-111.8134">
        <ele>2200.28</ele>
      </trkpt>
      <trkpt lat="35.11638" lon="-111.81339">
        <ele>2200.39</ele>
      </trkpt>
      <trkpt lat="35.11651" lon="-111.81337">
        <ele>2200.0</ele>
      </trkpt>
      <trkpt lat="35.11664" lon="-111.81335">
        <ele>2200.0</ele>
      </trkpt>
      <trkpt lat="35.11676" lon="-111.81333">
        <ele>2201.0</ele>
      </trkpt>
      <trkpt lat="35.11686" lon="-111.8133">
        <ele>2201.0</ele>
      </trkpt>
      <trkpt lat="35.11699" lon="-111.81326">
        <ele>2201.49</ele>
      </trkpt>
      <trkpt lat="35.11711" lon="-111.81322">
        <ele>2202.0</ele>
      </trkpt>
      <trkpt lat="35.11723" lon="-111.81318">
        <ele>2202.0</ele>
      </trkpt>
      <trkpt lat="35.11735" lon="-111.81313">
        <ele>2202.0</ele>
      </trkpt>
      <trkpt lat="35.11747" lon="-111.81309">
        <ele>2202.68</ele>
      </trkpt>
      <trkpt lat="35.11759" lon="-111.81305">
        <ele>2203.0</ele>
      </trkpt>
      <trkpt lat="35.11771" lon="-111.81301">
        <ele>2204.0</ele>
      </trkpt>
      <trkpt lat="35.11783" lon="-111.81296">
        <ele>2204.0</ele>
      </trkpt>
      <trkpt lat="35.11796" lon="-111.81292">
        <ele>2204.45</ele>
      </trkpt>
      <trkpt lat="35.11809" lon="-111.81288">
        <ele>2205.0</ele>
      </trkpt>
      <trkpt lat="35.11821" lon="-111.81283">
        <ele>2205.0</ele>
      </trkpt>
      <trkpt lat="35.11832" lon="-111.81279">
        <ele>2205.74</ele>
      </trkpt>
      <trkpt lat="35.11842" lon="-111.81273">
        <ele>2206.0</ele>
      </trkpt>
      <trkpt lat="35.11852" lon="-111.81268">
        <ele>2206.0</ele>
      </trkpt>
      <trkpt lat="35.11862" lon="-111.81263">
        <ele>2206.1</ele>
      </trkpt>
      <trkpt lat="35.11872" lon="-111.81256">
        <ele>2207.0</ele>
      </trkpt>
      <trkpt lat="35.1188" lon="-111.8125">
        <ele>2207.0</ele>
      </trkpt>
      <trkpt lat="35.11889" lon="-111.81245">
        <ele>2207.01</ele>
      </trkpt>
      <trkpt lat="35.11899" lon="-111.8124">
        <ele>2208.0</ele>
      </trkpt>
      <trkpt lat="35.11909" lon="-111.81236">
        <ele>2208.0</ele>
      </trkpt>
      <trkpt lat="35.11919" lon="-111.81232">
        <ele>2208.0</ele>
      </trkpt>
      <trkpt lat="35.11929" lon="-111.81227">
        <ele>2208.0</ele>
      </trkpt>
      <trkpt lat="35.11938" lon="-111.81223">
        <ele>2208.28</ele>
      </trkpt>
      <trkpt lat="35.11948" lon="-111.81217">
        <ele>2209.0</ele>
      </trkpt>
      <trkpt lat="35.11958" lon="-111.81213">
        <ele>2209.0</ele>
      </trkpt>
      <trkpt lat="35.11968" lon="-111.81208">
        <ele>2209.0</ele>
      </trkpt>
      <trkpt lat="35.11978" lon="-111.81203">
        <ele>2209.0</ele>
      </trkpt>
      <trkpt lat="35.11989" lon="-111.81199">
        <ele>2209.0</ele>
      </trkpt>
      <trkpt lat="35.12" lon="-111.81195">
        <ele>2209.0</ele>
      </trkpt>
      <trkpt lat="35.12009" lon="-111.81191">
        <ele>2209.0</ele>
      </trkpt>
      <trkpt lat="35.12017" lon="-111.81187">
        <ele>2209.0</ele>
      </trkpt>
      <trkpt lat="35.12026" lon="-111.81183">
        <ele>2209.0</ele>
      </trkpt>
      <trkpt lat="35.12036" lon="-111.81178">
        <ele>2209.0</ele>
      </trkpt>
      <trkpt lat="35.12044" lon="-111.81173">
        <ele>2209.0</ele>
      </trkpt>
      <trkpt lat="35.12053" lon="-111.81168">
        <ele>2209.0</ele>
      </trkpt>
      <trkpt lat="35.12061" lon="-111.81163">
        <ele>2209.0</ele>
      </trkpt>
      <trkpt lat="35.1207" lon="-111.8116">
        <ele>2209.0</ele>
      </trkpt>
      <trkpt lat="35.12078" lon="-111.81156">
        <ele>2208.64</ele>
      </trkpt>
      <trkpt lat="35.12087" lon="-111.81153">
        <ele>2208.29</ele>
      </trkpt>
      <trkpt lat="35.12095" lon="-111.8115">
        <ele>2208.0</ele>
      </trkpt>
      <trkpt lat="35.12102" lon="-111.81147">
        <ele>2208.0</ele>
      </trkpt>
      <trkpt lat="35.12111" lon="-111.81144">
        <ele>2208.0</ele>
      </trkpt>
      <trkpt lat="35.12118" lon="-111.8114">
        <ele>2208.0</ele>
      </trkpt>
      <trkpt lat="35.12125" lon="-111.81137">
        <ele>2207.5</ele>
      </trkpt>
      <trkpt lat="35.12131" lon="-111.81133">
        <ele>2207.0</ele>
      </trkpt>
      <trkpt lat="35.12139" lon="-111.81129">
        <ele>2206.99</ele>
      </trkpt>
      <trkpt lat="35.12145" lon="-111.81124">
        <ele>2206.34</ele>
      </trkpt>
      <trkpt lat="35.12152" lon="-111.81121">
        <ele>2206.0</ele>
      </trkpt>
      <trkpt lat="35.12158" lon="-111.81118">
        <ele>2206.0</ele>
      </trkpt>
      <trkpt lat="35.1216" lon="-111.81116">
        <ele>2206.0</ele>
      </trkpt>
      <trkpt lat="35.12163" lon="-111.81113">
        <ele>2206.0</ele>
      </trkpt>
      <trkpt lat="35.1217" lon="-111.81107">
        <ele>2206.0</ele>
      </trkpt>
      <trkpt lat="35.12176" lon="-111.811">
        <ele>2206.0</ele>
      </trkpt>
      <trkpt lat="35.12183" lon="-111.81091">
        <ele>2205.87</ele>
      </trkpt>
      <trkpt lat="35.12192" lon="-111.81082">
        <ele>2205.0</ele>
      </trkpt>
      <trkpt lat="35.12202" lon="-111.81072">
        <ele>2204.82</ele>
      </trkpt>
      <trkpt lat="35.12211" lon="-111.8106">
        <ele>2203.59</ele>
      </trkpt>
      <trkpt lat="35.12219" lon="-111.81048">
        <ele>2203.0</ele>
      </trkpt>
      <trkpt lat="35.12225" lon="-111.81035">
        <ele>2202.0</ele>
      </trkpt>
      <trkpt lat="35.1223" lon="-111.81021">
        <ele>2201.27</ele>
      </trkpt>
      <trkpt lat="35.12233" lon="-111.81006">
        <ele>2200.54</ele>
      </trkpt>
      <trkpt lat="35.12236" lon="-111.80991">
        <ele>2200.0</ele>
      </trkpt>
      <trkpt lat="35.12239" lon="-111.80977">
        <ele>2200.0</ele>
      </trkpt>
      <trkpt lat="35.12241" lon="-111.80962">
        <ele>2200.0</ele>
      </trkpt>
      <trkpt lat="35.12241" lon="-111.80947">
        <ele>2200.0</ele>
      </trkpt>
      <trkpt lat="35.12242" lon="-111.80931">
        <ele>2200.0</ele>
      </trkpt>
      <trkpt lat="35.12241" lon="-111.80916">
        <ele>2200.0</ele>
      </trkpt>
      <trkpt lat="35.12241" lon="-111.809">
        <ele>2200.0</ele>
      </trkpt>
      <trkpt lat="35.12239" lon="-111.80888">
        <ele>2200.0</ele>
      </trkpt>
      <trkpt lat="35.12234" lon="-111.80873">
        <ele>2200.0</ele>
      </trkpt>
      <trkpt lat="35.12229" lon="-111.80859">
        <ele>2200.0</ele>
      </trkpt>
      <trkpt lat="35.12223" lon="-111.80844">
        <ele>2200.0</ele>
      </trkpt>
      <trkpt lat="35.12217" lon="-111.80828">
        <ele>2200.0</ele>
      </trkpt>
      <trkpt lat="35.12211" lon="-111.80811">
        <ele>2199.0</ele>
      </trkpt>
      <trkpt lat="35.12207" lon="-111.80794">
        <ele>2199.0</ele>
      </trkpt>
      <trkpt lat="35.12202" lon="-111.80776">
        <ele>2199.0</ele>
      </trkpt>
      <trkpt lat="35.12198" lon="-111.80759">
        <ele>2199.0</ele>
      </trkpt>
      <trkpt lat="35.12194" lon="-111.80741">
        <ele>2199.0</ele>
      </trkpt>
      <trkpt lat="35.12191" lon="-111.80724">
        <ele>2199.0</ele>
      </trkpt>
      <trkpt lat="35.12189" lon="-111.80705">
        <ele>2199.0</ele>
      </trkpt>
      <trkpt lat="35.12187" lon="-111.80687">
        <ele>2199.0</ele>
      </trkpt>
      <trkpt lat="35.12185" lon="-111.8067">
        <ele>2199.0</ele>
      </trkpt>
      <trkpt lat="35.12184" lon="-111.80653">
        <ele>2199.0</ele>
      </trkpt>
      <trkpt lat="35.12183" lon="-111.80637">
        <ele>2199.0</ele>
      </trkpt>
      <trkpt lat="35.12182" lon="-111.8062">
        <ele>2199.0</ele>
      </trkpt>
      <trkpt lat="35.12182" lon="-111.80603">
        <ele>2199.0</ele>
      </trkpt>
      <trkpt lat="35.12181" lon="-111.80589">
        <ele>2199.0</ele>
      </trkpt>
      <trkpt lat="35.12181" lon="-111.80573">
        <ele>2199.0</ele>
      </trkpt>
      <trkpt lat="35.12181" lon="-111.80559">
        <ele>2199.0</ele>
      </trkpt>
      <trkpt lat="35.12181" lon="-111.80546">
        <ele>2199.0</ele>
      </trkpt>
      <trkpt lat="35.12181" lon="-111.80533">
        <ele>2199.0</ele>
      </trkpt>
      <trkpt lat="35.12182" lon="-111.80519">
        <ele>2199.0</ele>
      </trkpt>
      <trkpt lat="35.12184" lon="-111.80506">
        <ele>2199.0</ele>
      </trkpt>
      <trkpt lat="35.12185" lon="-111.80494">
        <ele>2199.0</ele>
      </trkpt>
      <trkpt lat="35.12187" lon="-111.80481">
        <ele>2199.0</ele>
      </trkpt>
      <trkpt lat="35.1219" lon="-111.8047">
        <ele>2199.0</ele>
      </trkpt>
      <trkpt lat="35.12195" lon="-111.80457">
        <ele>2199.0</ele>
      </trkpt>
      <trkpt lat="35.12201" lon="-111.80443">
        <ele>2199.0</ele>
      </trkpt>
      <trkpt lat="35.12207" lon="-111.8043">
        <ele>2199.0</ele>
      </trkpt>
      <trkpt lat="35.12216" lon="-111.80416">
        <ele>2199.0</ele>
      </trkpt>
      <trkpt lat="35.12225" lon="-111.80403">
        <ele>2199.0</ele>
      </trkpt>
      <trkpt lat="35.12232" lon="-111.80391">
        <ele>2199.0</ele>
      </trkpt>
      <trkpt lat="35.12241" lon="-111.80378">
        <ele>2200.0</ele>
      </trkpt>
      <trkpt lat="35.1225" lon="-111.80367">
        <ele>2200.0</ele>
      </trkpt>
      <trkpt lat="35.12259" lon="-111.80355">
        <ele>2200.02</ele>
      </trkpt>
      <trkpt lat="35.12266" lon="-111.80343">
        <ele>2200.96</ele>
      </trkpt>
      <trkpt lat="35.12275" lon="-111.80332">
        <ele>2201.74</ele>
      </trkpt>
      <trkpt lat="35.12284" lon="-111.80319">
        <ele>2202.55</ele>
      </trkpt>
      <trkpt lat="35.12293" lon="-111.80308">
        <ele>2203.0</ele>
      </trkpt>
      <trkpt lat="35.123" lon="-111.80296">
        <ele>2204.02</ele>
      </trkpt>
      <trkpt lat="35.12309" lon="-111.80283">
        <ele>2204.27</ele>
      </trkpt>
      <trkpt lat="35.12319" lon="-111.8027">
        <ele>2204.39</ele>
      </trkpt>
      <trkpt lat="35.12327" lon="-111.80259">
        <ele>2204.71</ele>
      </trkpt>
      <trkpt lat="35.12334" lon="-111.80248">
        <ele>2205.14</ele>
      </trkpt>
      <trkpt lat="35.12342" lon="-111.80238">
        <ele>2205.36</ele>
      </trkpt>
      <trkpt lat="35.12352" lon="-111.80227">
        <ele>2205.47</ele>
      </trkpt>
      <trkpt lat="35.1236" lon="-111.80215">
        <ele>2205.21</ele>
      </trkpt>
      <trkpt lat="35.12369" lon="-111.80203">
        <ele>2204.22</ele>
      </trkpt>
      <trkpt lat="35.12378" lon="-111.80192">
        <ele>2205.0</ele>
      </trkpt>
      <trkpt lat="35.12386" lon="-111.80181">
        <ele>2205.45</ele>
      </trkpt>
      <trkpt lat="35.12393" lon="-111.8017">
        <ele>2206.0</ele>
      </trkpt>
      <trkpt lat="35.124" lon="-111.80158">
        <ele>2206.94</ele>
      </trkpt>
      <trkpt lat="35.12408" lon="-111.80145">
        <ele>2207.34</ele>
      </trkpt>
      <trkpt lat="35.12414" lon="-111.80135">
        <ele>2208.0</ele>
      </trkpt>
      <trkpt lat="35.1242" lon="-111.80124">
        <ele>2208.61</ele>
      </trkpt>
      <trkpt lat="35.12428" lon="-111.80113">
        <ele>2209.62</ele>
      </trkpt>
      <trkpt lat="35.12437" lon="-111.80101">
        <ele>2209.9</ele>
      </trkpt>
      <trkpt lat="35.12444" lon="-111.80091">
        <ele>2210.21</ele>
      </trkpt>
      <trkpt lat="35.1245" lon="-111.80081">
        <ele>2211.25</ele>
      </trkpt>
      <trkpt lat="35.12456" lon="-111.80071">
        <ele>2212.08</ele>
      </trkpt>
      <trkpt lat="35.12462" lon="-111.80062">
        <ele>2212.93</ele>
      </trkpt>
      <trkpt lat="35.12466" lon="-111.80053">
        <ele>2213.09</ele>
      </trkpt>
      <trkpt lat="35.12472" lon="-111.80044">
        <ele>2213.98</ele>
      </trkpt>
      <trkpt lat="35.12473" lon="-111.80039">
        <ele>2214.0</ele>
      </trkpt>
      <trkpt lat="35.12478" lon="-111.80033">
        <ele>2214.0</ele>
      </trkpt>
      <trkpt lat="35.12483" lon="-111.80028">
        <ele>2214.16</ele>
      </trkpt>
      <trkpt lat="35.12489" lon="-111.80023">
        <ele>2214.91</ele>
      </trkpt>
      <trkpt lat="35.12497" lon="-111.80018">
        <ele>2215.69</ele>
      </trkpt>
      <trkpt lat="35.12504" lon="-111.80014">
        <ele>2216.21</ele>
      </trkpt>
      <trkpt lat="35.1251" lon="-111.80011">
        <ele>2216.83</ele>
      </trkpt>
      <trkpt lat="35.12518" lon="-111.80008">
        <ele>2217.13</ele>
      </trkpt>
      <trkpt lat="35.12526" lon="-111.80005">
        <ele>2217.46</ele>
      </trkpt>
      <trkpt lat="35.12532" lon="-111.80003">
        <ele>2217.68</ele>
      </trkpt>
      <trkpt lat="35.1254" lon="-111.80001">
        <ele>2217.89</ele>
      </trkpt>
      <trkpt lat="35.12547" lon="-111.8">
        <ele>2218.0</ele>
      </trkpt>
      <trkpt lat="35.12553" lon="-111.79998">
        <ele>2218.0</ele>
      </trkpt>
      <trkpt lat="35.12561" lon="-111.79996">
        <ele>2218.0</ele>
      </trkpt>
      <trkpt lat="35.12569" lon="-111.79993">
        <ele>2218.0</ele>
      </trkpt>
      <trkpt lat="35.12578" lon="-111.79991">
        <ele>2218.41</ele>
      </trkpt>
      <trkpt lat="35.12588" lon="-111.79988">
        <ele>2219.0</ele>
      </trkpt>
      <trkpt lat="35.12597" lon="-111.79986">
        <ele>2219.0</ele>
      </trkpt>
      <trkpt lat="35.12606" lon="-111.79983">
        <ele>2219.0</ele>
      </trkpt>
      <trkpt lat="35.12616" lon="-111.79981">
        <ele>2219.0</ele>
      </trkpt>
      <trkpt lat="35.12625" lon="-111.79978">
        <ele>2219.5</ele>
      </trkpt>
      <trkpt lat="35.12633" lon="-111.79976">
        <ele>2220.0</ele>
      </trkpt>
      <trkpt lat="35.12639" lon="-111.79974">
        <ele>2220.0</ele>
      </trkpt>
      <trkpt lat="35.12647" lon="-111.79972">
        <ele>2220.0</ele>
      </trkpt>
      <trkpt lat="35.12655" lon="-111.7997">
        <ele>2220.0</ele>
      </trkpt>
      <trkpt lat="35.12666" lon="-111.79967">
        <ele>2220.93</ele>
      </trkpt>
      <trkpt lat="35.12673" lon="-111.79965">
        <ele>2221.68</ele>
      </trkpt>
      <trkpt lat="35.12682" lon="-111.79963">
        <ele>2222.66</ele>
      </trkpt>
      <trkpt lat="35.12689" lon="-111.79961">
        <ele>2223.0</ele>
      </trkpt>
      <trkpt lat="35.12696" lon="-111.79959">
        <ele>2223.17</ele>
      </trkpt>
      <trkpt lat="35.12704" lon="-111.79957">
        <ele>2224.0</ele>
      </trkpt>
      <trkpt lat="35.12712" lon="-111.79956">
        <ele>2224.0</ele>
      </trkpt>
      <trkpt lat="35.12718" lon="-111.79953">
        <ele>2224.0</ele>
      </trkpt>
      <trkpt lat="35.12729" lon="-111.79949">
        <ele>2224.0</ele>
      </trkpt>
      <trkpt lat="35.12738" lon="-111.79946">
        <ele>2224.0</ele>
      </trkpt>
      <trkpt lat="35.12751" lon="-111.79941">
        <ele>2224.33</ele>
      </trkpt>
      <trkpt lat="35.12763" lon="-111.79935">
        <ele>2224.02</ele>
      </trkpt>
      <trkpt lat="35.12775" lon="-111.79928">
        <ele>2224.78</ele>
      </trkpt>
      <trkpt lat="35.12786" lon="-111.79921">
        <ele>2225.0</ele>
      </trkpt>
      <trkpt lat="35.12798" lon="-111.79911">
        <ele>2225.0</ele>
      </trkpt>
      <trkpt lat="35.12808" lon="-111.79902">
        <ele>2225.0</ele>
      </trkpt>
      <trkpt lat="35.12819" lon="-111.79892">
        <ele>2225.0</ele>
      </trkpt>
      <trkpt lat="35.12831" lon="-111.79883">
        <ele>2225.0</ele>
      </trkpt>
      <trkpt lat="35.12841" lon="-111.79875">
        <ele>2225.0</ele>
      </trkpt>
      <trkpt lat="35.12851" lon="-111.79864">
        <ele>2225.0</ele>
      </trkpt>
      <trkpt lat="35.12862" lon="-111.79854">
        <ele>2224.98</ele>
      </trkpt>
      <trkpt lat="35.12872" lon="-111.79843">
        <ele>2224.82</ele>
      </trkpt>
      <trkpt lat="35.12882" lon="-111.79832">
        <ele>2224.11</ele>
      </trkpt>
      <trkpt lat="35.12891" lon="-111.79822">
        <ele>2224.0</ele>
      </trkpt>
      <trkpt lat="35.129" lon="-111.79812">
        <ele>2224.0</ele>
      </trkpt>
      <trkpt lat="35.12909" lon="-111.79802">
        <ele>2224.0</ele>
      </trkpt>
      <trkpt lat="35.12917" lon="-111.79792">
        <ele>2224.0</ele>
      </trkpt>
      <trkpt lat="35.12927" lon="-111.79781">
        <ele>2224.0</ele>
      </trkpt>
      <trkpt lat="35.12937" lon="-111.79771">
        <ele>2223.95</ele>
      </trkpt>
      <trkpt lat="35.12946" lon="-111.7976">
        <ele>2223.83</ele>
      </trkpt>
      <trkpt lat="35.12955" lon="-111.7975">
        <ele>2223.86</ele>
      </trkpt>
      <trkpt lat="35.12965" lon="-111.79738">
        <ele>2223.85</ele>
      </trkpt>
      <trkpt lat="35.12974" lon="-111.79727">
        <ele>2223.9</ele>
      </trkpt>
      <trkpt lat="35.12983" lon="-111.79715">
        <ele>2223.96</ele>
      </trkpt>
      <trkpt lat="35.12991" lon="-111.79705">
        <ele>2223.97</ele>
      </trkpt>
      <trkpt lat="35.13001" lon="-111.79696">
        <ele>2223.74</ele>
      </trkpt>
      <trkpt lat="35.1301" lon="-111.79686">
        <ele>2223.84</ele>
      </trkpt>
      <trkpt lat="35.1302" lon="-111.79675">
        <ele>2223.86</ele>
      </trkpt>
      <trkpt lat="35.13029" lon="-111.79666">
        <ele>2224.0</ele>
      </trkpt>
      <trkpt lat="35.13037" lon="-111.79657">
        <ele>2224.0</ele>
      </trkpt>
      <trkpt lat="35.13047" lon="-111.79647">
        <ele>2224.0</ele>
      </trkpt>
      <trkpt lat="35.13056" lon="-111.79637">
        <ele>2224.0</ele>
      </trkpt>
      <trkpt lat="35.13066" lon="-111.79627">
        <ele>2224.0</ele>
      </trkpt>
      <trkpt lat="35.13074" lon="-111.79618">
        <ele>2224.0</ele>
      </trkpt>
      <trkpt lat="35.13082" lon="-111.7961">
        <ele>2224.0</ele>
      </trkpt>
      <trkpt lat="35.13089" lon="-111.79601">
        <ele>2224.0</ele>
      </trkpt>
      <trkpt lat="35.13097" lon="-111.79592">
        <ele>2224.0</ele>
      </trkpt>
      <trkpt lat="35.13104" lon="-111.79584">
        <ele>2224.0</ele>
      </trkpt>
      <trkpt lat="35.13111" lon="-111.79575">
        <ele>2224.9</ele>
      </trkpt>
      <trkpt lat="35.13118" lon="-111.79567">
        <ele>2225.0</ele>
      </trkpt>
      <trkpt lat="35.13125" lon="-111.7956">
        <ele>2225.0</ele>
      </trkpt>
      <trkpt lat="35.13131" lon="-111.79553">
        <ele>2225.0</ele>
      </trkpt>
      <trkpt lat="35.13137" lon="-111.79546">
        <ele>2225.0</ele>
      </trkpt>
      <trkpt lat="35.13143" lon="-111.79539">
        <ele>2225.0</ele>
      </trkpt>
      <trkpt lat="35.13149" lon="-111.79532">
        <ele>2225.0</ele>
      </trkpt>
      <trkpt lat="35.13155" lon="-111.79524">
        <ele>2225.0</ele>
      </trkpt>
      <trkpt lat="35.13161" lon="-111.79517">
        <ele>2225.16</ele>
      </trkpt>
      <trkpt lat="35.13166" lon="-111.79508">
        <ele>2226.0</ele>
      </trkpt>
      <trkpt lat="35.13171" lon="-111.79499">
        <ele>2226.0</ele>
      </trkpt>
      <trkpt lat="35.13176" lon="-111.79489">
        <ele>2226.0</ele>
      </trkpt>
      <trkpt lat="35.13181" lon="-111.7948">
        <ele>2226.0</ele>
      </trkpt>
      <trkpt lat="35.13187" lon="-111.7947">
        <ele>2226.0</ele>
      </trkpt>
      <trkpt lat="35.13192" lon="-111.7946">
        <ele>2226.0</ele>
      </trkpt>
      <trkpt lat="35.13196" lon="-111.79449">
        <ele>2226.51</ele>
      </trkpt>
      <trkpt lat="35.13201" lon="-111.7944">
        <ele>2227.0</ele>
      </trkpt>
      <trkpt lat="35.13205" lon="-111.7943">
        <ele>2227.0</ele>
      </trkpt>
      <trkpt lat="35.13209" lon="-111.7942">
        <ele>2227.27</ele>
      </trkpt>
      <trkpt lat="35.13213" lon="-111.79409">
        <ele>2227.82</ele>
      </trkpt>
      <trkpt lat="35.13218" lon="-111.79398">
        <ele>2228.01</ele>
      </trkpt>
      <trkpt lat="35.13223" lon="-111.79386">
        <ele>2227.94</ele>
      </trkpt>
      <trkpt lat="35.13229" lon="-111.79372">
        <ele>2228.22</ele>
      </trkpt>
      <trkpt lat="35.13235" lon="-111.79361">
        <ele>2228.62</ele>
      </trkpt>
      <trkpt lat="35.13241" lon="-111.7935">
        <ele>2228.17</ele>
      </trkpt>
      <trkpt lat="35.13246" lon="-111.79339">
        <ele>2228.43</ele>
      </trkpt>
      <trkpt lat="35.13251" lon="-111.7933">
        <ele>2228.25</ele>
      </trkpt>
      <trkpt lat="35.13256" lon="-111.79323">
        <ele>2228.35</ele>
      </trkpt>
      <trkpt lat="35.13262" lon="-111.79315">
        <ele>2227.99</ele>
      </trkpt>
      <trkpt lat="35.13267" lon="-111.79307">
        <ele>2228.14</ele>
      </trkpt>
      <trkpt lat="35.13273" lon="-111.79299">
        <ele>2227.86</ele>
      </trkpt>
      <trkpt lat="35.13279" lon="-111.79292">
        <ele>2227.87</ele>
      </trkpt>
      <trkpt lat="35.13284" lon="-111.79285">
        <ele>2227.48</ele>
      </trkpt>
      <trkpt lat="35.13289" lon="-111.79279">
        <ele>2227.68</ele>
      </trkpt>
      <trkpt lat="35.13295" lon="-111.79271">
        <ele>2227.14</ele>
      </trkpt>
      <trkpt lat="35.133" lon="-111.79264">
        <ele>2227.0</ele>
      </trkpt>
      <trkpt lat="35.13305" lon="-111.79257">
        <ele>2227.0</ele>
      </trkpt>
      <trkpt lat="35.13309" lon="-111.79252">
        <ele>2226.63</ele>
      </trkpt>
      <trkpt lat="35.13313" lon="-111.79246">
        <ele>2226.54</ele>
      </trkpt>
      <trkpt lat="35.13317" lon="-111.79241">
        <ele>2226.74</ele>
      </trkpt>
      <trkpt lat="35.13322" lon="-111.79235">
        <ele>2226.22</ele>
      </trkpt>
      <trkpt lat="35.13326" lon="-111.79229">
        <ele>2226.0</ele>
      </trkpt>
      <trkpt lat="35.13328" lon="-111.79226">
        <ele>2226.0</ele>
      </trkpt>
      <trkpt lat="35.13331" lon="-111.79223">
        <ele>2226.0</ele>
      </trkpt>
      <trkpt lat="35.13334" lon="-111.79219">
        <ele>2226.0</ele>
      </trkpt>
      <trkpt lat="35.13336" lon="-111.79217">
        <ele>2226.0</ele>
      </trkpt>
      <trkpt lat="35.13339" lon="-111.79214">
        <ele>2226.0</ele>
      </trkpt>
      <trkpt lat="35.13342" lon="-111.79209">
        <ele>2225.6</ele>
      </trkpt>
      <trkpt lat="35.13346" lon="-111.79204">
        <ele>2225.02</ele>
      </trkpt>
      <trkpt lat="35.13352" lon="-111.79197">
        <ele>2225.0</ele>
      </trkpt>
      <trkpt lat="35.13358" lon="-111.79189">
        <ele>2225.0</ele>
      </trkpt>
      <trkpt lat="35.13364" lon="-111.7918">
        <ele>2225.0</ele>
      </trkpt>
      <trkpt lat="35.13372" lon="-111.79171">
        <ele>2224.82</ele>
      </trkpt>
      <trkpt lat="35.13379" lon="-111.79161">
        <ele>2224.07</ele>
      </trkpt>
      <trkpt lat="35.13385" lon="-111.79152">
        <ele>2224.0</ele>
      </trkpt>
      <trkpt lat="35.13392" lon="-111.79144">
        <ele>2224.0</ele>
      </trkpt>
      <trkpt lat="35.13398" lon="-111.79135">
        <ele>2224.0</ele>
      </trkpt>
      <trkpt lat="35.13405" lon="-111.79126">
        <ele>2224.0</ele>
      </trkpt>
      <trkpt lat="35.1341" lon="-111.79119">
        <ele>2224.0</ele>
      </trkpt>
      <trkpt lat="35.13417" lon="-111.7911">
        <ele>2223.97</ele>
      </trkpt>
      <trkpt lat="35.13425" lon="-111.79101">
        <ele>2224.0</ele>
      </trkpt>
      <trkpt lat="35.1343" lon="-111.79088">
        <ele>2224.0</ele>
      </trkpt>
      <trkpt lat="35.13435" lon="-111.79078">
        <ele>2224.0</ele>
      </trkpt>
      <trkpt lat="35.13441" lon="-111.79069">
        <ele>2224.0</ele>
      </trkpt>
      <trkpt lat="35.13445" lon="-111.79063">
        <ele>2224.0</ele>
      </trkpt>
      <trkpt lat="35.1345" lon="-111.79057">
        <ele>2224.0</ele>
      </trkpt>
      <trkpt lat="35.13453" lon="-111.79054">
        <ele>2224.0</ele>
      </trkpt>
      <trkpt lat="35.13455" lon="-111.79051">
        <ele>2224.0</ele>
      </trkpt>
      <trkpt lat="35.13457" lon="-111.79047">
        <ele>2224.0</ele>
      </trkpt>
      <trkpt lat="35.1346" lon="-111.79043">
        <ele>2224.0</ele>
      </trkpt>
      <trkpt lat="35.13464" lon="-111.7904">
        <ele>2224.0</ele>
      </trkpt>
      <trkpt lat="35.13467" lon="-111.79032">
        <ele>2224.0</ele>
      </trkpt>
      <trkpt lat="35.13467" lon="-111.79027">
        <ele>2224.0</ele>
      </trkpt>
      <trkpt lat="35.13469" lon="-111.79023">
        <ele>2224.0</ele>
      </trkpt>
      <trkpt lat="35.13474" lon="-111.79021">
        <ele>2224.0</ele>
      </trkpt>
      <trkpt lat="35.1348" lon="-111.79019">
        <ele>2224.0</ele>
      </trkpt>
      <trkpt lat="35.13484" lon="-111.7902">
        <ele>2223.96</ele>
      </trkpt>
      <trkpt lat="35.13485" lon="-111.79025">
        <ele>2223.73</ele>
      </trkpt>
      <trkpt lat="35.13487" lon="-111.7903">
        <ele>2223.31</ele>
      </trkpt>
      <trkpt lat="35.1349" lon="-111.79037">
        <ele>2223.0</ele>
      </trkpt>
      <trkpt lat="35.13491" lon="-111.79044">
        <ele>2223.0</ele>
      </trkpt>
      <trkpt lat="35.13492" lon="-111.79051">
        <ele>2223.0</ele>
      </trkpt>
      <trkpt lat="35.13492" lon="-111.79058">
        <ele>2223.0</ele>
      </trkpt>
      <trkpt lat="35.13493" lon="-111.79064">
        <ele>2223.0</ele>
      </trkpt>
      <trkpt lat="35.13493" lon="-111.79071">
        <ele>2223.0</ele>
      </trkpt>
      <trkpt lat="35.13495" lon="-111.79079">
        <ele>2223.0</ele>
      </trkpt>
      <trkpt lat="35.13498" lon="-111.79079">
        <ele>2223.0</ele>
      </trkpt>
      <trkpt lat="35.13497" lon="-111.79075">
        <ele>2223.0</ele>
      </trkpt>
      <trkpt lat="35.13493" lon="-111.79068">
        <ele>2223.0</ele>
      </trkpt>
      <trkpt lat="35.13489" lon="-111.79059">
        <ele>2223.0</ele>
      </trkpt>
      <trkpt lat="35.13488" lon="-111.79046">
        <ele>2223.0</ele>
      </trkpt>
      <trkpt lat="35.13487" lon="-111.79034">
        <ele>2223.13</ele>
      </trkpt>
      <trkpt lat="35.13486" lon="-111.79025">
        <ele>2223.66</ele>
      </trkpt>
      <trkpt lat="35.13483" lon="-111.79022">
        <ele>2223.94</ele>
      </trkpt>
      <trkpt lat="35.13482" lon="-111.79025">
        <ele>2223.96</ele>
      </trkpt>
      <trkpt lat="35.1348" lon="-111.79027">
        <ele>2224.0</ele>
      </trkpt>
      <trkpt lat="35.13482" lon="-111.79025">
        <ele>2223.96</ele>
      </trkpt>
      <trkpt lat="35.13486" lon="-111.7902">
        <ele>2223.92</ele>
      </trkpt>
      <trkpt lat="35.1349" lon="-111.79015">
        <ele>2224.0</ele>
      </trkpt>
      <trkpt lat="35.13495" lon="-111.79008">
        <ele>2224.0</ele>
      </trkpt>
      <trkpt lat="35.135" lon="-111.79001">
        <ele>2224.0</ele>
      </trkpt>
      <trkpt lat="35.13506" lon="-111.78994">
        <ele>2224.0</ele>
      </trkpt>
      <trkpt lat="35.13511" lon="-111.78987">
        <ele>2224.0</ele>
      </trkpt>
      <trkpt lat="35.13515" lon="-111.78981">
        <ele>2224.0</ele>
      </trkpt>
      <trkpt lat="35.1352" lon="-111.78974">
        <ele>2223.97</ele>
      </trkpt>
      <trkpt lat="35.13525" lon="-111.78968">
        <ele>2224.0</ele>
      </trkpt>
      <trkpt lat="35.13531" lon="-111.7896">
        <ele>2223.65</ele>
      </trkpt>
      <trkpt lat="35.13537" lon="-111.78953">
        <ele>2223.0</ele>
      </trkpt>
      <trkpt lat="35.13542" lon="-111.78945">
        <ele>2223.0</ele>
      </trkpt>
      <trkpt lat="35.13548" lon="-111.78938">
        <ele>2223.0</ele>
      </trkpt>
      <trkpt lat="35.13553" lon="-111.78931">
        <ele>2223.0</ele>
      </trkpt>
      <trkpt lat="35.13558" lon="-111.78925">
        <ele>2223.0</ele>
      </trkpt>
      <trkpt lat="35.13562" lon="-111.7892">
        <ele>2223.0</ele>
      </trkpt>
      <trkpt lat="35.13566" lon="-111.78914">
        <ele>2223.0</ele>
      </trkpt>
      <trkpt lat="35.13571" lon="-111.78908">
        <ele>2223.0</ele>
      </trkpt>
      <trkpt lat="35.13575" lon="-111.78902">
        <ele>2222.96</ele>
      </trkpt>
      <trkpt lat="35.13581" lon="-111.78894">
        <ele>2223.0</ele>
      </trkpt>
      <trkpt lat="35.13586" lon="-111.78887">
        <ele>2222.71</ele>
      </trkpt>
      <trkpt lat="35.13591" lon="-111.78881">
        <ele>2222.17</ele>
      </trkpt>
      <trkpt lat="35.13596" lon="-111.78874">
        <ele>2222.0</ele>
      </trkpt>
      <trkpt lat="35.13601" lon="-111.78868">
        <ele>2222.0</ele>
      </trkpt>
      <trkpt lat="35.13605" lon="-111.78862">
        <ele>2221.66</ele>
      </trkpt>
      <trkpt lat="35.13611" lon="-111.78855">
        <ele>2221.01</ele>
      </trkpt>
      <trkpt lat="35.13617" lon="-111.78846">
        <ele>2221.0</ele>
      </trkpt>
      <trkpt lat="35.13623" lon="-111.78838">
        <ele>2221.0</ele>
      </trkpt>
      <trkpt lat="35.13629" lon="-111.7883">
        <ele>2220.66</ele>
      </trkpt>
      <trkpt lat="35.13635" lon="-111.78823">
        <ele>2220.0</ele>
      </trkpt>
      <trkpt lat="35.13641" lon="-111.78815">
        <ele>2220.0</ele>
      </trkpt>
      <trkpt lat="35.13646" lon="-111.78807">
        <ele>2220.0</ele>
      </trkpt>
      <trkpt lat="35.13651" lon="-111.788">
        <ele>2219.69</ele>
      </trkpt>
      <trkpt lat="35.13657" lon="-111.78794">
        <ele>2219.04</ele>
      </trkpt>
      <trkpt lat="35.13662" lon="-111.78787">
        <ele>2219.0</ele>
      </trkpt>
      <trkpt lat="35.13667" lon="-111.78779">
        <ele>2219.0</ele>
      </trkpt>
      <trkpt lat="35.13673" lon="-111.78772">
        <ele>2219.0</ele>
      </trkpt>
      <trkpt lat="35.13678" lon="-111.78766">
        <ele>2219.0</ele>
      </trkpt>
      <trkpt lat="35.13682" lon="-111.78759">
        <ele>2219.01</ele>
      </trkpt>
      <trkpt lat="35.13687" lon="-111.78753">
        <ele>2219.0</ele>
      </trkpt>
      <trkpt lat="35.13693" lon="-111.78746">
        <ele>2219.07</ele>
      </trkpt>
      <trkpt lat="35.13699" lon="-111.78738">
        <ele>2219.15</ele>
      </trkpt>
      <trkpt lat="35.13704" lon="-111.78731">
        <ele>2219.0</ele>
      </trkpt>
      <trkpt lat="35.13709" lon="-111.78724">
        <ele>2219.0</ele>
      </trkpt>
      <trkpt lat="35.13714" lon="-111.78718">
        <ele>2219.0</ele>
      </trkpt>
      <trkpt lat="35.13719" lon="-111.78711">
        <ele>2219.0</ele>
      </trkpt>
      <trkpt lat="35.13724" lon="-111.78705">
        <ele>2219.0</ele>
      </trkpt>
      <trkpt lat="35.13729" lon="-111.78698">
        <ele>2219.0</ele>
      </trkpt>
      <trkpt lat="35.13735" lon="-111.7869">
        <ele>2218.8</ele>
      </trkpt>
      <trkpt lat="35.1374" lon="-111.78683">
        <ele>2219.0</ele>
      </trkpt>
      <trkpt lat="35.13745" lon="-111.78677">
        <ele>2218.54</ele>
      </trkpt>
      <trkpt lat="35.1375" lon="-111.7867">
        <ele>2218.0</ele>
      </trkpt>
      <trkpt lat="35.13755" lon="-111.78663">
        <ele>2218.18</ele>
      </trkpt>
      <trkpt lat="35.13761" lon="-111.78656">
        <ele>2218.0</ele>
      </trkpt>
      <trkpt lat="35.13765" lon="-111.78649">
        <ele>2218.0</ele>
      </trkpt>
      <trkpt lat="35.1377" lon="-111.78644">
        <ele>2218.0</ele>
      </trkpt>
      <trkpt lat="35.13773" lon="-111.78639">
        <ele>2218.0</ele>
      </trkpt>
      <trkpt lat="35.13778" lon="-111.78633">
        <ele>2217.99</ele>
      </trkpt>
      <trkpt lat="35.13781" lon="-111.78628">
        <ele>2218.0</ele>
      </trkpt>
      <trkpt lat="35.13785" lon="-111.78623">
        <ele>2218.0</ele>
      </trkpt>
      <trkpt lat="35.13789" lon="-111.78618">
        <ele>2218.0</ele>
      </trkpt>
      <trkpt lat="35.13792" lon="-111.78614">
        <ele>2218.0</ele>
      </trkpt>
      <trkpt lat="35.13796" lon="-111.78609">
        <ele>2218.0</ele>
      </trkpt>
      <trkpt lat="35.138" lon="-111.78603">
        <ele>2217.95</ele>
      </trkpt>
      <trkpt lat="35.13804" lon="-111.78597">
        <ele>2218.0</ele>
      </trkpt>
      <trkpt lat="35.13809" lon="-111.78591">
        <ele>2218.0</ele>
      </trkpt>
      <trkpt lat="35.13812" lon="-111.78586">
        <ele>2218.0</ele>
      </trkpt>
      <trkpt lat="35.13815" lon="-111.78582">
        <ele>2217.98</ele>
      </trkpt>
      <trkpt lat="35.13818" lon="-111.78578">
        <ele>2217.85</ele>
      </trkpt>
      <trkpt lat="35.13821" lon="-111.78574">
        <ele>2218.0</ele>
      </trkpt>
      <trkpt lat="35.13825" lon="-111.7857">
        <ele>2217.9</ele>
      </trkpt>
      <trkpt lat="35.13828" lon="-111.78566">
        <ele>2217.58</ele>
      </trkpt>
      <trkpt lat="35.13832" lon="-111.78561">
        <ele>2217.5</ele>
      </trkpt>
      <trkpt lat="35.13836" lon="-111.78555">
        <ele>2217.71</ele>
      </trkpt>
      <trkpt lat="35.13841" lon="-111.78548">
        <ele>2217.17</ele>
      </trkpt>
      <trkpt lat="35.13847" lon="-111.78541">
        <ele>2217.3</ele>
      </trkpt>
      <trkpt lat="35.13852" lon="-111.78533">
        <ele>2216.99</ele>
      </trkpt>
      <trkpt lat="35.13857" lon="-111.78526">
        <ele>2217.0</ele>
      </trkpt>
      <trkpt lat="35.13863" lon="-111.78519">
        <ele>2216.8</ele>
      </trkpt>
      <trkpt lat="35.13869" lon="-111.78511">
        <ele>2216.15</ele>
      </trkpt>
      <trkpt lat="35.13876" lon="-111.78501">
        <ele>2216.0</ele>
      </trkpt>
      <trkpt lat="35.13883" lon="-111.78492">
        <ele>2215.64</ele>
      </trkpt>
      <trkpt lat="35.1389" lon="-111.78482">
        <ele>2215.83</ele>
      </trkpt>
      <trkpt lat="35.13898" lon="-111.78472">
        <ele>2216.0</ele>
      </trkpt>
      <trkpt lat="35.13906" lon="-111.78461">
        <ele>2216.0</ele>
      </trkpt>
      <trkpt lat="35.13915" lon="-111.7845">
        <ele>2216.0</ele>
      </trkpt>
      <trkpt lat="35.13924" lon="-111.78439">
        <ele>2216.12</ele>
      </trkpt>
      <trkpt lat="35.13933" lon="-111.78428">
        <ele>2216.18</ele>
      </trkpt>
      <trkpt lat="35.13941" lon="-111.78419">
        <ele>2216.28</ele>
      </trkpt>
      <trkpt lat="35.13948" lon="-111.78406">
        <ele>2216.62</ele>
      </trkpt>
      <trkpt lat="35.13954" lon="-111.78394">
        <ele>2216.42</ele>
      </trkpt>
      <trkpt lat="35.1396" lon="-111.78382">
        <ele>2216.32</ele>
      </trkpt>
      <trkpt lat="35.13966" lon="-111.78369">
        <ele>2215.67</ele>
      </trkpt>
      <trkpt lat="35.13971" lon="-111.78358">
        <ele>2215.47</ele>
      </trkpt>
      <trkpt lat="35.13975" lon="-111.78347">
        <ele>2215.7</ele>
      </trkpt>
      <trkpt lat="35.13979" lon="-111.78336">
        <ele>2215.98</ele>
      </trkpt>
      <trkpt lat="35.13984" lon="-111.78323">
        <ele>2215.76</ele>
      </trkpt>
      <trkpt lat="35.13988" lon="-111.78312">
        <ele>2216.09</ele>
      </trkpt>
      <trkpt lat="35.13992" lon="-111.78299">
        <ele>2215.86</ele>
      </trkpt>
      <trkpt lat="35.13996" lon="-111.78286">
        <ele>2216.43</ele>
      </trkpt>
      <trkpt lat="35.14003" lon="-111.78272">
        <ele>2216.3</ele>
      </trkpt>
      <trkpt lat="35.14011" lon="-111.7826">
        <ele>2216.73</ele>
      </trkpt>
      <trkpt lat="35.14018" lon="-111.78251">
        <ele>2216.95</ele>
      </trkpt>
      <trkpt lat="35.14024" lon="-111.78244">
        <ele>2217.06</ele>
      </trkpt>
      <trkpt lat="35.1403" lon="-111.78235">
        <ele>2217.38</ele>
      </trkpt>
      <trkpt lat="35.14033" lon="-111.78227">
        <ele>2217.71</ele>
      </trkpt>
      <trkpt lat="35.14043" lon="-111.78218">
        <ele>2217.36</ele>
      </trkpt>
      <trkpt lat="35.14053" lon="-111.7821">
        <ele>2217.09</ele>
      </trkpt>
      <trkpt lat="35.14064" lon="-111.78202">
        <ele>2217.02</ele>
      </trkpt>
      <trkpt lat="35.14073" lon="-111.78194">
        <ele>2216.16</ele>
      </trkpt>
      <trkpt lat="35.14082" lon="-111.78187">
        <ele>2216.12</ele>
      </trkpt>
      <trkpt lat="35.14091" lon="-111.7818">
        <ele>2216.56</ele>
      </trkpt>
      <trkpt lat="35.14102" lon="-111.78172">
        <ele>2216.42</ele>
      </trkpt>
      <trkpt lat="35.14112" lon="-111.78165">
        <ele>2217.08</ele>
      </trkpt>
      <trkpt lat="35.14123" lon="-111.78156">
        <ele>2217.11</ele>
      </trkpt>
      <trkpt lat="35.14133" lon="-111.78148">
        <ele>2217.01</ele>
      </trkpt>
      <trkpt lat="35.14143" lon="-111.78141">
        <ele>2216.9</ele>
      </trkpt>
      <trkpt lat="35.14152" lon="-111.78133">
        <ele>2216.58</ele>
      </trkpt>
      <trkpt lat="35.14161" lon="-111.78126">
        <ele>2216.0</ele>
      </trkpt>
      <trkpt lat="35.1417" lon="-111.78118">
        <ele>2215.73</ele>
      </trkpt>
      <trkpt lat="35.1418" lon="-111.7811">
        <ele>2215.61</ele>
      </trkpt>
      <trkpt lat="35.14188" lon="-111.78103">
        <ele>2215.61</ele>
      </trkpt>
      <trkpt lat="35.14197" lon="-111.78096">
        <ele>2215.63</ele>
      </trkpt>
      <trkpt lat="35.14206" lon="-111.78088">
        <ele>2215.88</ele>
      </trkpt>
      <trkpt lat="35.14215" lon="-111.7808">
        <ele>2215.86</ele>
      </trkpt>
      <trkpt lat="35.14222" lon="-111.78073">
        <ele>2216.01</ele>
      </trkpt>
      <trkpt lat="35.14229" lon="-111.78065">
        <ele>2215.27</ele>
      </trkpt>
      <trkpt lat="35.14235" lon="-111.7806">
        <ele>2215.14</ele>
      </trkpt>
      <trkpt lat="35.1424" lon="-111.78055">
        <ele>2215.08</ele>
      </trkpt>
      <trkpt lat="35.14245" lon="-111.78047">
        <ele>2214.54</ele>
      </trkpt>
      <trkpt lat="35.1425" lon="-111.78038">
        <ele>2214.0</ele>
      </trkpt>
      <trkpt lat="35.14255" lon="-111.7803">
        <ele>2214.0</ele>
      </trkpt>
      <trkpt lat="35.14261" lon="-111.7802">
        <ele>2214.0</ele>
      </trkpt>
      <trkpt lat="35.14267" lon="-111.7801">
        <ele>2214.0</ele>
      </trkpt>
      <trkpt lat="35.14273" lon="-111.78">
        <ele>2214.0</ele>
      </trkpt>
      <trkpt lat="35.1428" lon="-111.77989">
        <ele>2214.0</ele>
      </trkpt>
      <trkpt lat="35.14286" lon="-111.77977">
        <ele>2214.0</ele>
      </trkpt>
      <trkpt lat="35.14293" lon="-111.77966">
        <ele>2214.0</ele>
      </trkpt>
      <trkpt lat="35.14299" lon="-111.77955">
        <ele>2214.0</ele>
      </trkpt>
      <trkpt lat="35.14306" lon="-111.77942">
        <ele>2214.0</ele>
      </trkpt>
      <trkpt lat="35.14313" lon="-111.77932">
        <ele>2214.0</ele>
      </trkpt>
      <trkpt lat="35.1432" lon="-111.77918">
        <ele>2214.0</ele>
      </trkpt>
      <trkpt lat="35.14327" lon="-111.77906">
        <ele>2214.0</ele>
      </trkpt>
      <trkpt lat="35.14334" lon="-111.77894">
        <ele>2214.0</ele>
      </trkpt>
      <trkpt lat="35.14342" lon="-111.7788">
        <ele>2214.0</ele>
      </trkpt>
      <trkpt lat="35.14349" lon="-111.77868">
        <ele>2214.0</ele>
      </trkpt>
      <trkpt lat="35.14356" lon="-111.77856">
        <ele>2214.0</ele>
      </trkpt>
      <trkpt lat="35.14363" lon="-111.77844">
        <ele>2214.68</ele>
      </trkpt>
      <trkpt lat="35.14371" lon="-111.77832">
        <ele>2214.93</ele>
      </trkpt>
      <trkpt lat="35.14377" lon="-111.77821">
        <ele>2214.62</ele>
      </trkpt>
      <trkpt lat="35.14384" lon="-111.7781">
        <ele>2215.05</ele>
      </trkpt>
      <trkpt lat="35.1439" lon="-111.778">
        <ele>2214.88</ele>
      </trkpt>
      <trkpt lat="35.14396" lon="-111.77791">
        <ele>2214.8</ele>
      </trkpt>
      <trkpt lat="35.14402" lon="-111.77782">
        <ele>2214.81</ele>
      </trkpt>
      <trkpt lat="35.14408" lon="-111.77772">
        <ele>2214.94</ele>
      </trkpt>
      <trkpt lat="35.14415" lon="-111.77762">
        <ele>2214.88</ele>
      </trkpt>
      <trkpt lat="35.14422" lon="-111.77752">
        <ele>2215.21</ele>
      </trkpt>
      <trkpt lat="35.14429" lon="-111.77743">
        <ele>2215.42</ele>
      </trkpt>
      <trkpt lat="35.14434" lon="-111.77733">
        <ele>2215.96</ele>
      </trkpt>
      <trkpt lat="35.14441" lon="-111.77725">
        <ele>2216.07</ele>
      </trkpt>
      <trkpt lat="35.14449" lon="-111.77718">
        <ele>2215.96</ele>
      </trkpt>
      <trkpt lat="35.14566" lon="-111.77679">
        <ele>2215.67</ele>
      </trkpt>
      <trkpt lat="35.1458" lon="-111.77678">
        <ele>2215.14</ele>
      </trkpt>
      <trkpt lat="35.14596" lon="-111.77677">
        <ele>2214.56</ele>
      </trkpt>
      <trkpt lat="35.14613" lon="-111.77677">
        <ele>2214.0</ele>
      </trkpt>
      <trkpt lat="35.14633" lon="-111.77678">
        <ele>2214.0</ele>
      </trkpt>
      <trkpt lat="35.14655" lon="-111.77678">
        <ele>2214.0</ele>
      </trkpt>
      <trkpt lat="35.14674" lon="-111.77678">
        <ele>2214.0</ele>
      </trkpt>
      <trkpt lat="35.1469" lon="-111.77678">
        <ele>2214.0</ele>
      </trkpt>
      <trkpt lat="35.14705" lon="-111.77676">
        <ele>2214.0</ele>
      </trkpt>
      <trkpt lat="35.14713" lon="-111.77673">
        <ele>2214.0</ele>
      </trkpt>
      <trkpt lat="35.14719" lon="-111.77668">
        <ele>2214.0</ele>
      </trkpt>
      <trkpt lat="35.14727" lon="-111.7766">
        <ele>2214.0</ele>
      </trkpt>
      <trkpt lat="35.14735" lon="-111.77656">
        <ele>2214.0</ele>
      </trkpt>
      <trkpt lat="35.14735" lon="-111.7765">
        <ele>2214.0</ele>
      </trkpt>
      <trkpt lat="35.14733" lon="-111.77644">
        <ele>2214.0</ele>
      </trkpt>
      <trkpt lat="35.14731" lon="-111.77639">
        <ele>2214.0</ele>
      </trkpt>
      <trkpt lat="35.14726" lon="-111.77635">
        <ele>2214.0</ele>
      </trkpt>
      <trkpt lat="35.1472" lon="-111.7763">
        <ele>2214.0</ele>
      </trkpt>
      <trkpt lat="35.14714" lon="-111.77624">
        <ele>2214.0</ele>
      </trkpt>
      <trkpt lat="35.14708" lon="-111.7762">
        <ele>2214.0</ele>
      </trkpt>
      <trkpt lat="35.14702" lon="-111.77618">
        <ele>2214.0</ele>
      </trkpt>
      <trkpt lat="35.14697" lon="-111.77615">
        <ele>2214.0</ele>
      </trkpt>
      <trkpt lat="35.14692" lon="-111.77614">
        <ele>2214.18</ele>
      </trkpt>
      <trkpt lat="35.14694" lon="-111.77617">
        <ele>2214.02</ele>
      </trkpt>
      <trkpt lat="35.14697" lon="-111.7762">
        <ele>2214.0</ele>
      </trkpt>
      <trkpt lat="35.14702" lon="-111.77616">
        <ele>2214.0</ele>
      </trkpt>
      <trkpt lat="35.14708" lon="-111.77608">
        <ele>2214.0</ele>
      </trkpt>
      <trkpt lat="35.14712" lon="-111.77601">
        <ele>2214.0</ele>
      </trkpt>
      <trkpt lat="35.14713" lon="-111.77593">
        <ele>2214.0</ele>
      </trkpt>
      <trkpt lat="35.14715" lon="-111.77585">
        <ele>2214.0</ele>
      </trkpt>
      <trkpt lat="35.14717" lon="-111.77574">
        <ele>2214.0</ele>
      </trkpt>
      <trkpt lat="35.14717" lon="-111.77563">
        <ele>2214.56</ele>
      </trkpt>
      <trkpt lat="35.14717" lon="-111.77551">
        <ele>2214.56</ele>
      </trkpt>
      <trkpt lat="35.14717" lon="-111.7754">
        <ele>2214.56</ele>
      </trkpt>
      <trkpt lat="35.14717" lon="-111.77528">
        <ele>2215.11</ele>
      </trkpt>
      <trkpt lat="35.14716" lon="-111.77515">
        <ele>2215.34</ele>
      </trkpt>
      <trkpt lat="35.14715" lon="-111.775">
        <ele>2215.56</ele>
      </trkpt>
      <trkpt lat="35.14715" lon="-111.77483">
        <ele>2215.56</ele>
      </trkpt>
      <trkpt lat="35.14714" lon="-111.77466">
        <ele>2215.48</ele>
      </trkpt>
      <trkpt lat="35.14713" lon="-111.77453">
        <ele>2215.99</ele>
      </trkpt>
      <trkpt lat="35.14712" lon="-111.7744">
        <ele>2216.21</ele>
      </trkpt>
      <trkpt lat="35.14708" lon="-111.77427">
        <ele>2217.07</ele>
      </trkpt>
      <trkpt lat="35.14707" lon="-111.77414">
        <ele>2217.39</ele>
      </trkpt>
      <trkpt lat="35.14707" lon="-111.77399">
        <ele>2217.64</ele>
      </trkpt>
      <trkpt lat="35.14708" lon="-111.77385">
        <ele>2217.73</ele>
      </trkpt>
      <trkpt lat="35.1471" lon="-111.77372">
        <ele>2218.26</ele>
      </trkpt>
      <trkpt lat="35.14715" lon="-111.77361">
        <ele>2218.78</ele>
      </trkpt>
      <trkpt lat="35.14721" lon="-111.77351">
        <ele>2218.22</ele>
      </trkpt>
      <trkpt lat="35.14729" lon="-111.7734">
        <ele>2218.27</ele>
      </trkpt>
      <trkpt lat="35.14737" lon="-111.7733">
        <ele>2217.76</ele>
      </trkpt>
      <trkpt lat="35.14746" lon="-111.77321">
        <ele>2217.76</ele>
      </trkpt>
      <trkpt lat="35.14755" lon="-111.77314">
        <ele>2217.55</ele>
      </trkpt>
      <trkpt lat="35.14764" lon="-111.77307">
        <ele>2217.33</ele>
      </trkpt>
      <trkpt lat="35.14771" lon="-111.77301">
        <ele>2217.22</ele>
      </trkpt>
      <trkpt lat="35.14778" lon="-111.77294">
        <ele>2217.22</ele>
      </trkpt>
      <trkpt lat="35.14786" lon="-111.77287">
        <ele>2217.12</ele>
      </trkpt>
      <trkpt lat="35.14796" lon="-111.77278">
        <ele>2217.01</ele>
      </trkpt>
      <trkpt lat="35.14805" lon="-111.7727">
        <ele>2216.85</ele>
      </trkpt>
      <trkpt lat="35.14816" lon="-111.77261">
        <ele>2216.0</ele>
      </trkpt>
      <trkpt lat="35.14825" lon="-111.77252">
        <ele>2216.0</ele>
      </trkpt>
      <trkpt lat="35.14835" lon="-111.77244">
        <ele>2216.0</ele>
      </trkpt>
      <trkpt lat="35.14844" lon="-111.77236">
        <ele>2216.0</ele>
      </trkpt>
      <trkpt lat="35.14856" lon="-111.77227">
        <ele>2216.0</ele>
      </trkpt>
      <trkpt lat="35.14865" lon="-111.77218">
        <ele>2215.77</ele>
      </trkpt>
      <trkpt lat="35.14877" lon="-111.77207">
        <ele>2215.75</ele>
      </trkpt>
      <trkpt lat="35.14888" lon="-111.77197">
        <ele>2215.75</ele>
      </trkpt>
      <trkpt lat="35.14899" lon="-111.77189">
        <ele>2215.0</ele>
      </trkpt>
      <trkpt lat="35.14909" lon="-111.7718">
        <ele>2215.0</ele>
      </trkpt>
      <trkpt lat="35.14919" lon="-111.7717">
        <ele>2215.0</ele>
      </trkpt>
      <trkpt lat="35.1493" lon="-111.77161">
        <ele>2215.34</ele>
      </trkpt>
      <trkpt lat="35.14941" lon="-111.77151">
        <ele>2215.26</ele>
      </trkpt>
      <trkpt lat="35.14952" lon="-111.77142">
        <ele>2215.66</ele>
      </trkpt>
      <trkpt lat="35.14964" lon="-111.77133">
        <ele>2215.56</ele>
      </trkpt>
      <trkpt lat="35.14974" lon="-111.77124">
        <ele>2215.49</ele>
      </trkpt>
      <trkpt lat="35.14983" lon="-111.77114">
        <ele>2215.58</ele>
      </trkpt>
      <trkpt lat="35.14994" lon="-111.77103">
        <ele>2215.57</ele>
      </trkpt>
      <trkpt lat="35.15004" lon="-111.77093">
        <ele>2215.54</ele>
      </trkpt>
      <trkpt lat="35.15015" lon="-111.77084">
        <ele>2215.93</ele>
      </trkpt>
      <trkpt lat="35.15026" lon="-111.77075">
        <ele>2215.92</ele>
      </trkpt>
      <trkpt lat="35.15037" lon="-111.77066">
        <ele>2215.87</ele>
      </trkpt>
      <trkpt lat="35.15048" lon="-111.77057">
        <ele>2215.69</ele>
      </trkpt>
      <trkpt lat="35.15059" lon="-111.77047">
        <ele>2215.58</ele>
      </trkpt>
      <trkpt lat="35.1507" lon="-111.77038">
        <ele>2215.39</ele>
      </trkpt>
      <trkpt lat="35.15081" lon="-111.77028">
        <ele>2215.25</ele>
      </trkpt>
      <trkpt lat="35.15092" lon="-111.77017">
        <ele>2215.22</ele>
      </trkpt>
      <trkpt lat="35.15103" lon="-111.77008">
        <ele>2215.12</ele>
      </trkpt>
      <trkpt lat="35.15114" lon="-111.76999">
        <ele>2215.0</ele>
      </trkpt>
      <trkpt lat="35.15127" lon="-111.76988">
        <ele>2215.0</ele>
      </trkpt>
      <trkpt lat="35.15139" lon="-111.76976">
        <ele>2215.0</ele>
      </trkpt>
      <trkpt lat="35.15151" lon="-111.76964">
        <ele>2215.0</ele>
      </trkpt>
      <trkpt lat="35.15163" lon="-111.76953">
        <ele>2215.08</ele>
      </trkpt>
      <trkpt lat="35.15176" lon="-111.76942">
        <ele>2216.0</ele>
      </trkpt>
      <trkpt lat="35.15187" lon="-111.76931">
        <ele>2216.0</ele>
      </trkpt>
      <trkpt lat="35.15197" lon="-111.7692">
        <ele>2216.64</ele>
      </trkpt>
      <trkpt lat="35.15209" lon="-111.76908">
        <ele>2217.0</ele>
      </trkpt>
      <trkpt lat="35.15221" lon="-111.76899">
        <ele>2217.0</ele>
      </trkpt>
      <trkpt lat="35.15233" lon="-111.7689">
        <ele>2217.88</ele>
      </trkpt>
      <trkpt lat="35.15245" lon="-111.76883">
        <ele>2218.0</ele>
      </trkpt>
      <trkpt lat="35.15258" lon="-111.76876">
        <ele>2218.0</ele>
      </trkpt>
      <trkpt lat="35.15271" lon="-111.7687">
        <ele>2218.04</ele>
      </trkpt>
      <trkpt lat="35.15282" lon="-111.76867">
        <ele>2218.36</ele>
      </trkpt>
      <trkpt lat="35.15292" lon="-111.76865">
        <ele>2218.58</ele>
      </trkpt>
      <trkpt lat="35.15304" lon="-111.76864">
        <ele>2218.69</ele>
      </trkpt>
      <trkpt lat="35.15315" lon="-111.76864">
        <ele>2218.67</ele>
      </trkpt>
      <trkpt lat="35.15327" lon="-111.76863">
        <ele>2218.0</ele>
      </trkpt>
      <trkpt lat="35.15338" lon="-111.76863">
        <ele>2218.0</ele>
      </trkpt>
      <trkpt lat="35.1535" lon="-111.76864">
        <ele>2218.0</ele>
      </trkpt>
      <trkpt lat="35.15364" lon="-111.76864">
        <ele>2218.0</ele>
      </trkpt>
      <trkpt lat="35.15376" lon="-111.76865">
        <ele>2218.0</ele>
      </trkpt>
      <trkpt lat="35.15387" lon="-111.76868">
        <ele>2218.0</ele>
      </trkpt>
      <trkpt lat="35.15398" lon="-111.76872">
        <ele>2218.0</ele>
      </trkpt>
      <trkpt lat="35.15408" lon="-111.76876">
        <ele>2218.03</ele>
      </trkpt>
      <trkpt lat="35.15418" lon="-111.76879">
        <ele>2218.07</ele>
      </trkpt>
      <trkpt lat="35.1543" lon="-111.76882">
        <ele>2218.33</ele>
      </trkpt>
      <trkpt lat="35.15441" lon="-111.76886">
        <ele>2218.31</ele>
      </trkpt>
      <trkpt lat="35.15452" lon="-111.76889">
        <ele>2218.81</ele>
      </trkpt>
      <trkpt lat="35.15464" lon="-111.76893">
        <ele>2219.0</ele>
      </trkpt>
      <trkpt lat="35.15478" lon="-111.76894">
        <ele>2219.0</ele>
      </trkpt>
      <trkpt lat="35.15491" lon="-111.76896">
        <ele>2220.01</ele>
      </trkpt>
      <trkpt lat="35.15504" lon="-111.76896">
        <ele>2220.23</ele>
      </trkpt>
      <trkpt lat="35.15518" lon="-111.76896">
        <ele>2220.96</ele>
      </trkpt>
      <trkpt lat="35.15532" lon="-111.76896">
        <ele>2221.23</ele>
      </trkpt>
      <trkpt lat="35.15544" lon="-111.76895">
        <ele>2221.34</ele>
      </trkpt>
      <trkpt lat="35.15556" lon="-111.76892">
        <ele>2221.66</ele>
      </trkpt>
      <trkpt lat="35.15567" lon="-111.7689">
        <ele>2221.67</ele>
      </trkpt>
      <trkpt lat="35.15577" lon="-111.76886">
        <ele>2221.31</ele>
      </trkpt>
      <trkpt lat="35.15589" lon="-111.76883">
        <ele>2221.64</ele>
      </trkpt>
      <trkpt lat="35.15599" lon="-111.76878">
        <ele>2221.43</ele>
      </trkpt>
      <trkpt lat="35.15607" lon="-111.76873">
        <ele>2221.32</ele>
      </trkpt>
      <trkpt lat="35.15615" lon="-111.76867">
        <ele>2221.21</ele>
      </trkpt>
      <trkpt lat="35.15622" lon="-111.7686">
        <ele>2220.94</ele>
      </trkpt>
      <trkpt lat="35.15631" lon="-111.7685">
        <ele>2220.85</ele>
      </trkpt>
      <trkpt lat="35.15636" lon="-111.76841">
        <ele>2220.43</ele>
      </trkpt>
      <trkpt lat="35.1564" lon="-111.76832">
        <ele>2220.88</ele>
      </trkpt>
      <trkpt lat="35.15644" lon="-111.76824">
        <ele>2220.45</ele>
      </trkpt>
      <trkpt lat="35.15646" lon="-111.76814">
        <ele>2220.32</ele>
      </trkpt>
      <trkpt lat="35.15648" lon="-111.76804">
        <ele>2221.02</ele>
      </trkpt>
      <trkpt lat="35.15648" lon="-111.76793">
        <ele>2221.02</ele>
      </trkpt>
      <trkpt lat="35.15649" lon="-111.76781">
        <ele>2220.97</ele>
      </trkpt>
      <trkpt lat="35.15649" lon="-111.76768">
        <ele>2221.91</ele>
      </trkpt>
      <trkpt lat="35.15649" lon="-111.76751">
        <ele>2221.91</ele>
      </trkpt>
      <trkpt lat="35.15648" lon="-111.76736">
        <ele>2222.52</ele>
      </trkpt>
      <trkpt lat="35.15648" lon="-111.7672">
        <ele>2223.0</ele>
      </trkpt>
      <trkpt lat="35.15648" lon="-111.76704">
        <ele>2223.02</ele>
      </trkpt>
      <trkpt lat="35.15646" lon="-111.76687">
        <ele>2223.23</ele>
      </trkpt>
      <trkpt lat="35.15652" lon="-111.76669">
        <ele>2223.58</ele>
      </trkpt>
      <trkpt lat="35.15658" lon="-111.76657">
        <ele>2223.94</ele>
      </trkpt>
      <trkpt lat="35.15666" lon="-111.76649">
        <ele>2223.07</ele>
      </trkpt>
      <trkpt lat="35.15674" lon="-111.76644">
        <ele>2222.56</ele>
      </trkpt>
      <trkpt lat="35.15691" lon="-111.76636">
        <ele>2221.37</ele>
      </trkpt>
      <trkpt lat="35.15701" lon="-111.76624">
        <ele>2221.61</ele>
      </trkpt>
      <trkpt lat="35.15717" lon="-111.76618">
        <ele>2221.58</ele>
      </trkpt>
      <trkpt lat="35.15727" lon="-111.76609">
        <ele>2222.0</ele>
      </trkpt>
      <trkpt lat="35.15733" lon="-111.76585">
        <ele>2223.0</ele>
      </trkpt>
      <trkpt lat="35.15743" lon="-111.76565">
        <ele>2223.98</ele>
      </trkpt>
      <trkpt lat="35.15751" lon="-111.76547">
        <ele>2224.11</ele>
      </trkpt>
      <trkpt lat="35.15759" lon="-111.76524">
        <ele>2225.97</ele>
      </trkpt>
      <trkpt lat="35.15762" lon="-111.765">
        <ele>2226.3</ele>
      </trkpt>
      <trkpt lat="35.15766" lon="-111.76479">
        <ele>2226.73</ele>
      </trkpt>
      <trkpt lat="35.15773" lon="-111.76454">
        <ele>2227.48</ele>
      </trkpt>
      <trkpt lat="35.15772" lon="-111.7645">
        <ele>2227.38</ele>
      </trkpt>
      <trkpt lat="35.15772" lon="-111.76447">
        <ele>2227.38</ele>
      </trkpt>
      <trkpt lat="35.15772" lon="-111.76442">
        <ele>2227.38</ele>
      </trkpt>
      <trkpt lat="35.15772" lon="-111.76437">
        <ele>2227.38</ele>
      </trkpt>
      <trkpt lat="35.15771" lon="-111.7643">
        <ele>2227.27</ele>
      </trkpt>
      <trkpt lat="35.15771" lon="-111.76421">
        <ele>2227.27</ele>
      </trkpt>
      <trkpt lat="35.15772" lon="-111.76413">
        <ele>2227.38</ele>
      </trkpt>
      <trkpt lat="35.15772" lon="-111.76404">
        <ele>2227.38</ele>
      </trkpt>
      <trkpt lat="35.15772" lon="-111.76397">
        <ele>2227.38</ele>
      </trkpt>
      <trkpt lat="35.15772" lon="-111.76389">
        <ele>2227.38</ele>
      </trkpt>
      <trkpt lat="35.15772" lon="-111.76381">
        <ele>2227.38</ele>
      </trkpt>
      <trkpt lat="35.15772" lon="-111.76373">
        <ele>2227.38</ele>
      </trkpt>
      <trkpt lat="35.15772" lon="-111.76364">
        <ele>2227.81</ele>
      </trkpt>
      <trkpt lat="35.15771" lon="-111.76354">
        <ele>2228.21</ele>
      </trkpt>
      <trkpt lat="35.1577" lon="-111.76345">
        <ele>2228.16</ele>
      </trkpt>
      <trkpt lat="35.15769" lon="-111.76336">
        <ele>2228.05</ele>
      </trkpt>
      <trkpt lat="35.15767" lon="-111.76326">
        <ele>2227.97</ele>
      </trkpt>
      <trkpt lat="35.15765" lon="-111.76316">
        <ele>2228.0</ele>
      </trkpt>
      <trkpt lat="35.15763" lon="-111.76306">
        <ele>2228.38</ele>
      </trkpt>
      <trkpt lat="35.15761" lon="-111.76294">
        <ele>2228.19</ele>
      </trkpt>
      <trkpt lat="35.15759" lon="-111.76282">
        <ele>2228.53</ele>
      </trkpt>
      <trkpt lat="35.15756" lon="-111.76272">
        <ele>2228.65</ele>
      </trkpt>
      <trkpt lat="35.15754" lon="-111.76262">
        <ele>2228.43</ele>
      </trkpt>
      <trkpt lat="35.15752" lon="-111.76251">
        <ele>2228.92</ele>
      </trkpt>
      <trkpt lat="35.1575" lon="-111.76242">
        <ele>2229.0</ele>
      </trkpt>
      <trkpt lat="35.15748" lon="-111.76232">
        <ele>2229.0</ele>
      </trkpt>
      <trkpt lat="35.15745" lon="-111.76222">
        <ele>2229.47</ele>
      </trkpt>
      <trkpt lat="35.15743" lon="-111.76211">
        <ele>2230.05</ele>
      </trkpt>
      <trkpt lat="35.1574" lon="-111.762">
        <ele>2230.0</ele>
      </trkpt>
      <trkpt lat="35.15737" lon="-111.7619">
        <ele>2230.48</ele>
      </trkpt>
      <trkpt lat="35.15734" lon="-111.76181">
        <ele>2231.12</ele>
      </trkpt>
      <trkpt lat="35.15731" lon="-111.76172">
        <ele>2231.42</ele>
      </trkpt>
      <trkpt lat="35.15728" lon="-111.76162">
        <ele>2232.5</ele>
      </trkpt>
      <trkpt lat="35.15725" lon="-111.76153">
        <ele>2233.0</ele>
      </trkpt>
      <trkpt lat="35.1572" lon="-111.76146">
        <ele>2232.76</ele>
      </trkpt>
      <trkpt lat="35.15717" lon="-111.76136">
        <ele>2232.75</ele>
      </trkpt>
      <trkpt lat="35.15715" lon="-111.76128">
        <ele>2233.22</ele>
      </trkpt>
      <trkpt lat="35.15713" lon="-111.7612">
        <ele>2233.0</ele>
      </trkpt>
      <trkpt lat="35.15711" lon="-111.76113">
        <ele>2232.79</ele>
      </trkpt>
      <trkpt lat="35.15708" lon="-111.76105">
        <ele>2233.12</ele>
      </trkpt>
      <trkpt lat="35.15706" lon="-111.76097">
        <ele>2233.25</ele>
      </trkpt>
      <trkpt lat="35.15704" lon="-111.7609">
        <ele>2233.31</ele>
      </trkpt>
      <trkpt lat="35.15702" lon="-111.76082">
        <ele>2233.93</ele>
      </trkpt>
      <trkpt lat="35.157" lon="-111.76075">
        <ele>2234.14</ele>
      </trkpt>
      <trkpt lat="35.15698" lon="-111.76067">
        <ele>2234.24</ele>
      </trkpt>
      <trkpt lat="35.15695" lon="-111.7606">
        <ele>2234.09</ele>
      </trkpt>
      <trkpt lat="35.15692" lon="-111.76053">
        <ele>2233.94</ele>
      </trkpt>
      <trkpt lat="35.15689" lon="-111.76045">
        <ele>2233.96</ele>
      </trkpt>
      <trkpt lat="35.15686" lon="-111.76038">
        <ele>2234.07</ele>
      </trkpt>
      <trkpt lat="35.15684" lon="-111.76031">
        <ele>2234.52</ele>
      </trkpt>
      <trkpt lat="35.15682" lon="-111.76024">
        <ele>2235.06</ele>
      </trkpt>
      <trkpt lat="35.1568" lon="-111.76017">
        <ele>2235.51</ele>
      </trkpt>
      <trkpt lat="35.15677" lon="-111.7601">
        <ele>2235.22</ele>
      </trkpt>
      <trkpt lat="35.15676" lon="-111.76003">
        <ele>2235.69</ele>
      </trkpt>
      <trkpt lat="35.15674" lon="-111.75997">
        <ele>2236.12</ele>
      </trkpt>
      <trkpt lat="35.15672" lon="-111.7599">
        <ele>2236.69</ele>
      </trkpt>
      <trkpt lat="35.1567" lon="-111.75985">
        <ele>2237.38</ele>
      </trkpt>
      <trkpt lat="35.15669" lon="-111.75979">
        <ele>2238.27</ele>
      </trkpt>
      <trkpt lat="35.15667" lon="-111.75974">
        <ele>2238.81</ele>
      </trkpt>
      <trkpt lat="35.15666" lon="-111.75969">
        <ele>2239.28</ele>
      </trkpt>
      <trkpt lat="35.15664" lon="-111.75965">
        <ele>2239.49</ele>
      </trkpt>
      <trkpt lat="35.15663" lon="-111.75959">
        <ele>2239.6</ele>
      </trkpt>
      <trkpt lat="35.15661" lon="-111.75955">
        <ele>2239.39</ele>
      </trkpt>
      <trkpt lat="35.15658" lon="-111.75945">
        <ele>2240.0</ele>
      </trkpt>
      <trkpt lat="35.15655" lon="-111.75934">
        <ele>2239.87</ele>
      </trkpt>
      <trkpt lat="35.15651" lon="-111.75922">
        <ele>2240.44</ele>
      </trkpt>
      <trkpt lat="35.15647" lon="-111.75909">
        <ele>2240.73</ele>
      </trkpt>
      <trkpt lat="35.15643" lon="-111.75896">
        <ele>2240.68</ele>
      </trkpt>
      <trkpt lat="35.15639" lon="-111.75882">
        <ele>2241.01</ele>
      </trkpt>
      <trkpt lat="35.15636" lon="-111.75869">
        <ele>2241.42</ele>
      </trkpt>
      <trkpt lat="35.15631" lon="-111.75856">
        <ele>2241.15</ele>
      </trkpt>
      <trkpt lat="35.15627" lon="-111.75843">
        <ele>2240.72</ele>
      </trkpt>
      <trkpt lat="35.15623" lon="-111.7583">
        <ele>2241.28</ele>
      </trkpt>
      <trkpt lat="35.1562" lon="-111.75817">
        <ele>2241.72</ele>
      </trkpt>
      <trkpt lat="35.15617" lon="-111.75805">
        <ele>2241.7</ele>
      </trkpt>
      <trkpt lat="35.15613" lon="-111.75793">
        <ele>2242.2</ele>
      </trkpt>
      <trkpt lat="35.15608" lon="-111.7578">
        <ele>2241.66</ele>
      </trkpt>
      <trkpt lat="35.15602" lon="-111.75765">
        <ele>2242.02</ele>
      </trkpt>
      <trkpt lat="35.15597" lon="-111.7575">
        <ele>2241.48</ele>
      </trkpt>
      <trkpt lat="35.15592" lon="-111.75737">
        <ele>2241.94</ele>
      </trkpt>
      <trkpt lat="35.15586" lon="-111.75721">
        <ele>2242.29</ele>
      </trkpt>
      <trkpt lat="35.15582" lon="-111.75707">
        <ele>2241.86</ele>
      </trkpt>
      <trkpt lat="35.15576" lon="-111.75693">
        <ele>2242.03</ele>
      </trkpt>
      <trkpt lat="35.15572" lon="-111.75678">
        <ele>2241.78</ele>
      </trkpt>
      <trkpt lat="35.15566" lon="-111.75665">
        <ele>2242.02</ele>
      </trkpt>
      <trkpt lat="35.1556" lon="-111.75651">
        <ele>2241.84</ele>
      </trkpt>
      <trkpt lat="35.15554" lon="-111.75635">
        <ele>2241.9</ele>
      </trkpt>
      <trkpt lat="35.15549" lon="-111.75619">
        <ele>2242.29</ele>
      </trkpt>
      <trkpt lat="35.15544" lon="-111.75605">
        <ele>2242.5</ele>
      </trkpt>
      <trkpt lat="35.15538" lon="-111.75591">
        <ele>2242.1</ele>
      </trkpt>
      <trkpt lat="35.15533" lon="-111.75578">
        <ele>2242.32</ele>
      </trkpt>
      <trkpt lat="35.15528" lon="-111.75565">
        <ele>2242.02</ele>
      </trkpt>
      <trkpt lat="35.15523" lon="-111.75552">
        <ele>2242.48</ele>
      </trkpt>
      <trkpt lat="35.15519" lon="-111.75539">
        <ele>2242.8</ele>
      </trkpt>
      <trkpt lat="35.15514" lon="-111.75527">
        <ele>2242.55</ele>
      </trkpt>
      <trkpt lat="35.15508" lon="-111.75514">
        <ele>2242.86</ele>
      </trkpt>
      <trkpt lat="35.15504" lon="-111.75502">
        <ele>2242.88</ele>
      </trkpt>
      <trkpt lat="35.155" lon="-111.7549">
        <ele>2243.0</ele>
      </trkpt>
      <trkpt lat="35.15496" lon="-111.75481">
        <ele>2243.0</ele>
      </trkpt>
      <trkpt lat="35.15491" lon="-111.7547">
        <ele>2243.0</ele>
      </trkpt>
      <trkpt lat="35.15487" lon="-111.75459">
        <ele>2243.0</ele>
      </trkpt>
      <trkpt lat="35.15483" lon="-111.75448">
        <ele>2243.0</ele>
      </trkpt>
      <trkpt lat="35.15479" lon="-111.75437">
        <ele>2243.0</ele>
      </trkpt>
      <trkpt lat="35.15475" lon="-111.75427">
        <ele>2243.0</ele>
      </trkpt>
      <trkpt lat="35.15471" lon="-111.75417">
        <ele>2243.0</ele>
      </trkpt>
      <trkpt lat="35.15468" lon="-111.75408">
        <ele>2243.0</ele>
      </trkpt>
      <trkpt lat="35.15464" lon="-111.75399">
        <ele>2243.0</ele>
      </trkpt>
      <trkpt lat="35.15461" lon="-111.75388">
        <ele>2243.0</ele>
      </trkpt>
      <trkpt lat="35.15457" lon="-111.75377">
        <ele>2243.1</ele>
      </trkpt>
      <trkpt lat="35.15453" lon="-111.75367">
        <ele>2243.0</ele>
      </trkpt>
      <trkpt lat="35.1545" lon="-111.75357">
        <ele>2243.27</ele>
      </trkpt>
      <trkpt lat="35.15447" lon="-111.75348">
        <ele>2243.28</ele>
      </trkpt>
      <trkpt lat="35.15443" lon="-111.75339">
        <ele>2243.33</ele>
      </trkpt>
      <trkpt lat="35.1544" lon="-111.75329">
        <ele>2243.74</ele>
      </trkpt>
      <trkpt lat="35.15436" lon="-111.75318">
        <ele>2244.0</ele>
      </trkpt>
      <trkpt lat="35.15433" lon="-111.75311">
        <ele>2244.0</ele>
      </trkpt>
      <trkpt lat="35.15431" lon="-111.75305">
        <ele>2244.0</ele>
      </trkpt>
      <trkpt lat="35.15429" lon="-111.753">
        <ele>2244.0</ele>
      </trkpt>
      <trkpt lat="35.15426" lon="-111.75295">
        <ele>2244.0</ele>
      </trkpt>
      <trkpt lat="35.15424" lon="-111.7529">
        <ele>2244.0</ele>
      </trkpt>
      <trkpt lat="35.15421" lon="-111.75284">
        <ele>2244.0</ele>
      </trkpt>
      <trkpt lat="35.15419" lon="-111.75276">
        <ele>2244.0</ele>
      </trkpt>
      <trkpt lat="35.15416" lon="-111.75267">
        <ele>2244.0</ele>
      </trkpt>
      <trkpt lat="35.15413" lon="-111.75258">
        <ele>2244.0</ele>
      </trkpt>
      <trkpt lat="35.1541" lon="-111.75248">
        <ele>2244.0</ele>
      </trkpt>
      <trkpt lat="35.15407" lon="-111.7524">
        <ele>2244.0</ele>
      </trkpt>
      <trkpt lat="35.15404" lon="-111.75232">
        <ele>2244.0</ele>
      </trkpt>
      <trkpt lat="35.15402" lon="-111.75225">
        <ele>2244.0</ele>
      </trkpt>
      <trkpt lat="35.15399" lon="-111.75218">
        <ele>2244.0</ele>
      </trkpt>
      <trkpt lat="35.15396" lon="-111.75209">
        <ele>2244.0</ele>
      </trkpt>
      <trkpt lat="35.15393" lon="-111.75201">
        <ele>2244.0</ele>
      </trkpt>
      <trkpt lat="35.15389" lon="-111.75191">
        <ele>2244.0</ele>
      </trkpt>
      <trkpt lat="35.15386" lon="-111.7518">
        <ele>2244.0</ele>
      </trkpt>
      <trkpt lat="35.15382" lon="-111.75167">
        <ele>2244.0</ele>
      </trkpt>
      <trkpt lat="35.15378" lon="-111.75154">
        <ele>2244.0</ele>
      </trkpt>
      <trkpt lat="35.15375" lon="-111.75138">
        <ele>2243.9</ele>
      </trkpt>
      <trkpt lat="35.15373" lon="-111.75123">
        <ele>2243.0</ele>
      </trkpt>
      <trkpt lat="35.1537" lon="-111.75109">
        <ele>2242.0</ele>
      </trkpt>
      <trkpt lat="35.15369" lon="-111.75096">
        <ele>2241.37</ele>
      </trkpt>
      <trkpt lat="35.15367" lon="-111.75084">
        <ele>2240.66</ele>
      </trkpt>
      <trkpt lat="35.15364" lon="-111.75069">
        <ele>2239.45</ele>
      </trkpt>
      <trkpt lat="35.15361" lon="-111.75052">
        <ele>2238.0</ele>
      </trkpt>
      <trkpt lat="35.15358" lon="-111.75036">
        <ele>2236.96</ele>
      </trkpt>
      <trkpt lat="35.15355" lon="-111.7502">
        <ele>2236.05</ele>
      </trkpt>
      <trkpt lat="35.15352" lon="-111.75004">
        <ele>2235.44</ele>
      </trkpt>
      <trkpt lat="35.15349" lon="-111.74987">
        <ele>2235.0</ele>
      </trkpt>
      <trkpt lat="35.15345" lon="-111.74972">
        <ele>2234.26</ele>
      </trkpt>
      <trkpt lat="35.15342" lon="-111.74955">
        <ele>2234.0</ele>
      </trkpt>
      <trkpt lat="35.15339" lon="-111.7494">
        <ele>2234.29</ele>
      </trkpt>
      <trkpt lat="35.15336" lon="-111.74926">
        <ele>2234.29</ele>
      </trkpt>
      <trkpt lat="35.15333" lon="-111.7491">
        <ele>2233.96</ele>
      </trkpt>
      <trkpt lat="35.15329" lon="-111.74895">
        <ele>2233.53</ele>
      </trkpt>
      <trkpt lat="35.15324" lon="-111.74879">
        <ele>2233.99</ele>
      </trkpt>
      <trkpt lat="35.1532" lon="-111.74865">
        <ele>2233.56</ele>
      </trkpt>
      <trkpt lat="35.15315" lon="-111.74852">
        <ele>2233.04</ele>
      </trkpt>
      <trkpt lat="35.15309" lon="-111.74837">
        <ele>2233.37</ele>
      </trkpt>
      <trkpt lat="35.15303" lon="-111.74824">
        <ele>2233.72</ele>
      </trkpt>
      <trkpt lat="35.15297" lon="-111.7481">
        <ele>2233.08</ele>
      </trkpt>
      <trkpt lat="35.15292" lon="-111.74798">
        <ele>2233.35</ele>
      </trkpt>
      <trkpt lat="35.15285" lon="-111.74785">
        <ele>2233.0</ele>
      </trkpt>
      <trkpt lat="35.15278" lon="-111.74773">
        <ele>2233.01</ele>
      </trkpt>
      <trkpt lat="35.15272" lon="-111.74762">
        <ele>2231.67</ele>
      </trkpt>
      <trkpt lat="35.15265" lon="-111.7475">
        <ele>2230.24</ele>
      </trkpt>
      <trkpt lat="35.15257" lon="-111.74737">
        <ele>2229.61</ele>
      </trkpt>
      <trkpt lat="35.1525" lon="-111.74725">
        <ele>2229.0</ele>
      </trkpt>
      <trkpt lat="35.15243" lon="-111.74713">
        <ele>2228.49</ele>
      </trkpt>
      <trkpt lat="35.15237" lon="-111.74702">
        <ele>2228.6</ele>
      </trkpt>
      <trkpt lat="35.1523" lon="-111.74691">
        <ele>2228.21</ele>
      </trkpt>
      <trkpt lat="35.15224" lon="-111.7468">
        <ele>2228.19</ele>
      </trkpt>
      <trkpt lat="35.15217" lon="-111.74669">
        <ele>2227.44</ele>
      </trkpt>
      <trkpt lat="35.1521" lon="-111.74656">
        <ele>2227.68</ele>
      </trkpt>
      <trkpt lat="35.15205" lon="-111.74645">
        <ele>2227.48</ele>
      </trkpt>
      <trkpt lat="35.15199" lon="-111.74636">
        <ele>2227.49</ele>
      </trkpt>
      <trkpt lat="35.15194" lon="-111.74624">
        <ele>2227.56</ele>
      </trkpt>
      <trkpt lat="35.15187" lon="-111.74603">
        <ele>2227.2</ele>
      </trkpt>
      <trkpt lat="35.15183" lon="-111.74593">
        <ele>2227.72</ele>
      </trkpt>
      <trkpt lat="35.15179" lon="-111.74583">
        <ele>2227.33</ele>
      </trkpt>
      <trkpt lat="35.15175" lon="-111.74572">
        <ele>2227.12</ele>
      </trkpt>
      <trkpt lat="35.15172" lon="-111.7456">
        <ele>2227.58</ele>
      </trkpt>
      <trkpt lat="35.15169" lon="-111.74548">
        <ele>2227.25</ele>
      </trkpt>
      <trkpt lat="35.15167" lon="-111.74536">
        <ele>2227.04</ele>
      </trkpt>
      <trkpt lat="35.15165" lon="-111.74523">
        <ele>2227.42</ele>
      </trkpt>
      <trkpt lat="35.15163" lon="-111.74509">
        <ele>2227.6</ele>
      </trkpt>
      <trkpt lat="35.1516" lon="-111.74496">
        <ele>2227.28</ele>
      </trkpt>
      <trkpt lat="35.15158" lon="-111.74482">
        <ele>2227.06</ele>
      </trkpt>
      <trkpt lat="35.15156" lon="-111.74468">
        <ele>2227.39</ele>
      </trkpt>
      <trkpt lat="35.15153" lon="-111.74452">
        <ele>2227.52</ele>
      </trkpt>
      <trkpt lat="35.15151" lon="-111.74437">
        <ele>2227.06</ele>
      </trkpt>
      <trkpt lat="35.15149" lon="-111.74421">
        <ele>2224.98</ele>
      </trkpt>
      <trkpt lat="35.15148" lon="-111.74406">
        <ele>2222.97</ele>
      </trkpt>
      <trkpt lat="35.15146" lon="-111.7439">
        <ele>2222.54</ele>
      </trkpt>
      <trkpt lat="35.15146" lon="-111.74371">
        <ele>2222.54</ele>
      </trkpt>
      <trkpt lat="35.15145" lon="-111.74357">
        <ele>2222.32</ele>
      </trkpt>
      <trkpt lat="35.15145" lon="-111.74342">
        <ele>2222.32</ele>
      </trkpt>
      <trkpt lat="35.15145" lon="-111.74328">
        <ele>2222.32</ele>
      </trkpt>
      <trkpt lat="35.15144" lon="-111.74316">
        <ele>2221.71</ele>
      </trkpt>
      <trkpt lat="35.15143" lon="-111.74307">
        <ele>2220.96</ele>
      </trkpt>
      <trkpt lat="35.15144" lon="-111.74297">
        <ele>2221.1</ele>
      </trkpt>
      <trkpt lat="35.15144" lon="-111.74284">
        <ele>2219.85</ele>
      </trkpt>
      <trkpt lat="35.15146" lon="-111.74269">
        <ele>2217.18</ele>
      </trkpt>
      <trkpt lat="35.15149" lon="-111.74259">
        <ele>2216.16</ele>
      </trkpt>
      <trkpt lat="35.15151" lon="-111.74249">
        <ele>2215.54</ele>
      </trkpt>
      <trkpt lat="35.15154" lon="-111.74238">
        <ele>2215.71</ele>
      </trkpt>
      <trkpt lat="35.15157" lon="-111.74227">
        <ele>2215.89</ele>
      </trkpt>
      <trkpt lat="35.1516" lon="-111.74215">
        <ele>2215.78</ele>
      </trkpt>
      <trkpt lat="35.15163" lon="-111.74202">
        <ele>2215.1</ele>
      </trkpt>
      <trkpt lat="35.15166" lon="-111.7419">
        <ele>2213.97</ele>
      </trkpt>
      <trkpt lat="35.1517" lon="-111.74177">
        <ele>2211.55</ele>
      </trkpt>
      <trkpt lat="35.15172" lon="-111.74168">
        <ele>2210.36</ele>
      </trkpt>
      <trkpt lat="35.15174" lon="-111.74162">
        <ele>2210.08</ele>
      </trkpt>
      <trkpt lat="35.15176" lon="-111.74157">
        <ele>2209.97</ele>
      </trkpt>
      <trkpt lat="35.15177" lon="-111.74152">
        <ele>2209.65</ele>
      </trkpt>
      <trkpt lat="35.15178" lon="-111.74146">
        <ele>2209.22</ele>
      </trkpt>
      <trkpt lat="35.15179" lon="-111.74135">
        <ele>2208.24</ele>
      </trkpt>
      <trkpt lat="35.1518" lon="-111.74129">
        <ele>2207.81</ele>
      </trkpt>
      <trkpt lat="35.15181" lon="-111.74124">
        <ele>2207.49</ele>
      </trkpt>
      <trkpt lat="35.15183" lon="-111.7412">
        <ele>2207.49</ele>
      </trkpt>
      <trkpt lat="35.15186" lon="-111.74116">
        <ele>2207.53</ele>
      </trkpt>
      <trkpt lat="35.15189" lon="-111.74111">
        <ele>2206.98</ele>
      </trkpt>
      <trkpt lat="35.15193" lon="-111.74105">
        <ele>2206.24</ele>
      </trkpt>
      <trkpt lat="35.15199" lon="-111.74097">
        <ele>2205.48</ele>
      </trkpt>
      <trkpt lat="35.15205" lon="-111.7409">
        <ele>2204.86</ele>
      </trkpt>
      <trkpt lat="35.1521" lon="-111.74083">
        <ele>2204.66</ele>
      </trkpt>
      <trkpt lat="35.15214" lon="-111.7408">
        <ele>2204.75</ele>
      </trkpt>
      <trkpt lat="35.15218" lon="-111.74076">
        <ele>2204.75</ele>
      </trkpt>
      <trkpt lat="35.15222" lon="-111.74073">
        <ele>2204.86</ele>
      </trkpt>
      <trkpt lat="35.15227" lon="-111.74069">
        <ele>2204.97</ele>
      </trkpt>
      <trkpt lat="35.15232" lon="-111.74065">
        <ele>2205.02</ele>
      </trkpt>
      <trkpt lat="35.15237" lon="-111.74059">
        <ele>2204.37</ele>
      </trkpt>
      <trkpt lat="35.15244" lon="-111.74051">
        <ele>2203.86</ele>
      </trkpt>
      <trkpt lat="35.15252" lon="-111.74044">
        <ele>2203.75</ele>
      </trkpt>
      <trkpt lat="35.1526" lon="-111.74038">
        <ele>2203.1</ele>
      </trkpt>
      <trkpt lat="35.15267" lon="-111.74032">
        <ele>2202.46</ele>
      </trkpt>
      <trkpt lat="35.15275" lon="-111.74026">
        <ele>2201.87</ele>
      </trkpt>
      <trkpt lat="35.15282" lon="-111.74021">
        <ele>2200.81</ele>
      </trkpt>
      <trkpt lat="35.15291" lon="-111.74016">
        <ele>2200.0</ele>
      </trkpt>
      <trkpt lat="35.15302" lon="-111.74013">
        <ele>2200.0</ele>
      </trkpt>
      <trkpt lat="35.15312" lon="-111.74009">
        <ele>2199.97</ele>
      </trkpt>
      <trkpt lat="35.15322" lon="-111.74003">
        <ele>2199.32</ele>
      </trkpt>
      <trkpt lat="35.15334" lon="-111.73998">
        <ele>2198.78</ele>
      </trkpt>
      <trkpt lat="35.15343" lon="-111.73994">
        <ele>2198.35</ele>
      </trkpt>
      <trkpt lat="35.15354" lon="-111.73991">
        <ele>2198.03</ele>
      </trkpt>
      <trkpt lat="35.15364" lon="-111.73988">
        <ele>2197.7</ele>
      </trkpt>
      <trkpt lat="35.15375" lon="-111.73986">
        <ele>2197.49</ele>
      </trkpt>
      <trkpt lat="35.15385" lon="-111.73984">
        <ele>2197.27</ele>
      </trkpt>
      <trkpt lat="35.15396" lon="-111.73983">
        <ele>2197.16</ele>
      </trkpt>
      <trkpt lat="35.15406" lon="-111.73981">
        <ele>2196.95</ele>
      </trkpt>
      <trkpt lat="35.15418" lon="-111.7398">
        <ele>2195.86</ele>
      </trkpt>
      <trkpt lat="35.15429" lon="-111.73978">
        <ele>2194.88</ele>
      </trkpt>
      <trkpt lat="35.15441" lon="-111.73974">
        <ele>2193.56</ele>
      </trkpt>
      <trkpt lat="35.15452" lon="-111.7397">
        <ele>2192.76</ele>
      </trkpt>
      <trkpt lat="35.15461" lon="-111.73966">
        <ele>2192.33</ele>
      </trkpt>
      <trkpt lat="35.15471" lon="-111.7396">
        <ele>2191.68</ele>
      </trkpt>
      <trkpt lat="35.1548" lon="-111.73954">
        <ele>2191.03</ele>
      </trkpt>
      <trkpt lat="35.15488" lon="-111.73948">
        <ele>2190.11</ele>
      </trkpt>
      <trkpt lat="35.15497" lon="-111.73941">
        <ele>2189.2</ele>
      </trkpt>
      <trkpt lat="35.15505" lon="-111.73933">
        <ele>2188.87</ele>
      </trkpt>
      <trkpt lat="35.15513" lon="-111.73926">
        <ele>2188.01</ele>
      </trkpt>
      <trkpt lat="35.15521" lon="-111.73919">
        <ele>2188.0</ele>
      </trkpt>
      <trkpt lat="35.1553" lon="-111.7391">
        <ele>2187.83</ele>
      </trkpt>
      <trkpt lat="35.1554" lon="-111.73901">
        <ele>2187.0</ele>
      </trkpt>
      <trkpt lat="35.15549" lon="-111.73892">
        <ele>2186.24</ele>
      </trkpt>
      <trkpt lat="35.15559" lon="-111.73881">
        <ele>2185.09</ele>
      </trkpt>
      <trkpt lat="35.15569" lon="-111.7387">
        <ele>2184.0</ele>
      </trkpt>
      <trkpt lat="35.15578" lon="-111.7386">
        <ele>2183.58</ele>
      </trkpt>
      <trkpt lat="35.15586" lon="-111.7385">
        <ele>2183.0</ele>
      </trkpt>
      <trkpt lat="35.15593" lon="-111.73839">
        <ele>2183.0</ele>
      </trkpt>
      <trkpt lat="35.15599" lon="-111.73829">
        <ele>2183.0</ele>
      </trkpt>
      <trkpt lat="35.15606" lon="-111.73818">
        <ele>2183.0</ele>
      </trkpt>
      <trkpt lat="35.15612" lon="-111.73806">
        <ele>2182.9</ele>
      </trkpt>
      <trkpt lat="35.15616" lon="-111.73796">
        <ele>2182.0</ele>
      </trkpt>
      <trkpt lat="35.1562" lon="-111.73788">
        <ele>2182.0</ele>
      </trkpt>
      <trkpt lat="35.15623" lon="-111.73782">
        <ele>2182.0</ele>
      </trkpt>
      <trkpt lat="35.15625" lon="-111.73776">
        <ele>2182.0</ele>
      </trkpt>
      <trkpt lat="35.15627" lon="-111.73769">
        <ele>2182.0</ele>
      </trkpt>
      <trkpt lat="35.15628" lon="-111.73765">
        <ele>2182.0</ele>
      </trkpt>
      <trkpt lat="35.1563" lon="-111.73761">
        <ele>2181.96</ele>
      </trkpt>
      <trkpt lat="35.15632" lon="-111.73755">
        <ele>2181.4</ele>
      </trkpt>
      <trkpt lat="35.15635" lon="-111.73749">
        <ele>2181.0</ele>
      </trkpt>
      <trkpt lat="35.15639" lon="-111.73738">
        <ele>2181.0</ele>
      </trkpt>
      <trkpt lat="35.15643" lon="-111.73727">
        <ele>2180.79</ele>
      </trkpt>
      <trkpt lat="35.15647" lon="-111.73715">
        <ele>2180.03</ele>
      </trkpt>
      <trkpt lat="35.15652" lon="-111.73703">
        <ele>2180.0</ele>
      </trkpt>
      <trkpt lat="35.15658" lon="-111.73689">
        <ele>2179.39</ele>
      </trkpt>
      <trkpt lat="35.15665" lon="-111.73673">
        <ele>2179.0</ele>
      </trkpt>
      <trkpt lat="35.15668" lon="-111.73661">
        <ele>2179.0</ele>
      </trkpt>
      <trkpt lat="35.15671" lon="-111.73646">
        <ele>2178.77</ele>
      </trkpt>
      <trkpt lat="35.15675" lon="-111.73635">
        <ele>2178.0</ele>
      </trkpt>
      <trkpt lat="35.1568" lon="-111.73624">
        <ele>2178.0</ele>
      </trkpt>
      <trkpt lat="35.15684" lon="-111.73611">
        <ele>2178.0</ele>
      </trkpt>
      <trkpt lat="35.15689" lon="-111.73598">
        <ele>2177.34</ele>
      </trkpt>
      <trkpt lat="35.15694" lon="-111.73586">
        <ele>2177.0</ele>
      </trkpt>
      <trkpt lat="35.15699" lon="-111.73574">
        <ele>2177.0</ele>
      </trkpt>
      <trkpt lat="35.15704" lon="-111.73559">
        <ele>2177.0</ele>
      </trkpt>
      <trkpt lat="35.15709" lon="-111.73547">
        <ele>2176.08</ele>
      </trkpt>
      <trkpt lat="35.15715" lon="-111.73534">
        <ele>2176.0</ele>
      </trkpt>
      <trkpt lat="35.15719" lon="-111.7352">
        <ele>2176.0</ele>
      </trkpt>
      <trkpt lat="35.15724" lon="-111.73509">
        <ele>2175.97</ele>
      </trkpt>
      <trkpt lat="35.15729" lon="-111.73497">
        <ele>2175.0</ele>
      </trkpt>
      <trkpt lat="35.15734" lon="-111.73487">
        <ele>2175.0</ele>
      </trkpt>
      <trkpt lat="35.15739" lon="-111.73477">
        <ele>2175.0</ele>
      </trkpt>
      <trkpt lat="35.15745" lon="-111.73466">
        <ele>2174.33</ele>
      </trkpt>
      <trkpt lat="35.15751" lon="-111.73452">
        <ele>2174.0</ele>
      </trkpt>
      <trkpt lat="35.15755" lon="-111.7344">
        <ele>2174.0</ele>
      </trkpt>
      <trkpt lat="35.15761" lon="-111.73428">
        <ele>2174.0</ele>
      </trkpt>
      <trkpt lat="35.15767" lon="-111.73417">
        <ele>2174.0</ele>
      </trkpt>
      <trkpt lat="35.15772" lon="-111.73405">
        <ele>2174.0</ele>
      </trkpt>
      <trkpt lat="35.15778" lon="-111.73395">
        <ele>2174.0</ele>
      </trkpt>
      <trkpt lat="35.15782" lon="-111.73383">
        <ele>2173.65</ele>
      </trkpt>
      <trkpt lat="35.15787" lon="-111.73373">
        <ele>2173.28</ele>
      </trkpt>
      <trkpt lat="35.15791" lon="-111.73364">
        <ele>2173.43</ele>
      </trkpt>
      <trkpt lat="35.15795" lon="-111.73355">
        <ele>2173.29</ele>
      </trkpt>
      <trkpt lat="35.158" lon="-111.73348">
        <ele>2173.23</ele>
      </trkpt>
      <trkpt lat="35.15803" lon="-111.73341">
        <ele>2173.0</ele>
      </trkpt>
      <trkpt lat="35.15807" lon="-111.73336">
        <ele>2173.04</ele>
      </trkpt>
      <trkpt lat="35.15809" lon="-111.73331">
        <ele>2173.0</ele>
      </trkpt>
      <trkpt lat="35.15812" lon="-111.73327">
        <ele>2173.0</ele>
      </trkpt>
      <trkpt lat="35.15814" lon="-111.73324">
        <ele>2172.99</ele>
      </trkpt>
      <trkpt lat="35.15816" lon="-111.73321">
        <ele>2172.71</ele>
      </trkpt>
      <trkpt lat="35.15817" lon="-111.73316">
        <ele>2172.33</ele>
      </trkpt>
      <trkpt lat="35.1582" lon="-111.73308">
        <ele>2172.15</ele>
      </trkpt>
      <trkpt lat="35.15824" lon="-111.733">
        <ele>2172.0</ele>
      </trkpt>
      <trkpt lat="35.15827" lon="-111.73291">
        <ele>2171.61</ele>
      </trkpt>
      <trkpt lat="35.15832" lon="-111.73283">
        <ele>2171.48</ele>
      </trkpt>
      <trkpt lat="35.15836" lon="-111.73275">
        <ele>2171.0</ele>
      </trkpt>
      <trkpt lat="35.15839" lon="-111.73268">
        <ele>2171.0</ele>
      </trkpt>
      <trkpt lat="35.15842" lon="-111.7326">
        <ele>2171.0</ele>
      </trkpt>
      <trkpt lat="35.15844" lon="-111.73252">
        <ele>2171.0</ele>
      </trkpt>
      <trkpt lat="35.15847" lon="-111.73242">
        <ele>2171.0</ele>
      </trkpt>
      <trkpt lat="35.15849" lon="-111.73232">
        <ele>2171.0</ele>
      </trkpt>
      <trkpt lat="35.15852" lon="-111.73222">
        <ele>2171.0</ele>
      </trkpt>
      <trkpt lat="35.15854" lon="-111.7321">
        <ele>2171.32</ele>
      </trkpt>
      <trkpt lat="35.15857" lon="-111.73198">
        <ele>2172.0</ele>
      </trkpt>
      <trkpt lat="35.15859" lon="-111.73186">
        <ele>2172.21</ele>
      </trkpt>
      <trkpt lat="35.15862" lon="-111.73173">
        <ele>2172.9</ele>
      </trkpt>
      <trkpt lat="35.15865" lon="-111.7316">
        <ele>2172.88</ele>
      </trkpt>
      <trkpt lat="35.15868" lon="-111.73148">
        <ele>2173.26</ele>
      </trkpt>
      <trkpt lat="35.1587" lon="-111.73136">
        <ele>2173.35</ele>
      </trkpt>
      <trkpt lat="35.15873" lon="-111.73125">
        <ele>2173.72</ele>
      </trkpt>
      <trkpt lat="35.15876" lon="-111.73114">
        <ele>2174.08</ele>
      </trkpt>
      <trkpt lat="35.15878" lon="-111.73101">
        <ele>2174.18</ele>
      </trkpt>
      <trkpt lat="35.15881" lon="-111.73088">
        <ele>2173.85</ele>
      </trkpt>
      <trkpt lat="35.15883" lon="-111.73075">
        <ele>2173.64</ele>
      </trkpt>
      <trkpt lat="35.15886" lon="-111.73061">
        <ele>2173.91</ele>
      </trkpt>
      <trkpt lat="35.15888" lon="-111.73047">
        <ele>2174.1</ele>
      </trkpt>
      <trkpt lat="35.15892" lon="-111.73035">
        <ele>2173.66</ele>
      </trkpt>
      <trkpt lat="35.15893" lon="-111.73021">
        <ele>2173.15</ele>
      </trkpt>
      <trkpt lat="35.15892" lon="-111.73009">
        <ele>2171.98</ele>
      </trkpt>
      <trkpt lat="35.15891" lon="-111.72995">
        <ele>2171.1</ele>
      </trkpt>
      <trkpt lat="35.15889" lon="-111.72982">
        <ele>2171.0</ele>
      </trkpt>
      <trkpt lat="35.15885" lon="-111.72967">
        <ele>2170.44</ele>
      </trkpt>
      <trkpt lat="35.15882" lon="-111.72953">
        <ele>2169.98</ele>
      </trkpt>
      <trkpt lat="35.15878" lon="-111.72938">
        <ele>2170.0</ele>
      </trkpt>
      <trkpt lat="35.15873" lon="-111.72924">
        <ele>2169.72</ele>
      </trkpt>
      <trkpt lat="35.15868" lon="-111.72909">
        <ele>2169.38</ele>
      </trkpt>
      <trkpt lat="35.15864" lon="-111.72896">
        <ele>2169.69</ele>
      </trkpt>
      <trkpt lat="35.15859" lon="-111.72883">
        <ele>2170.08</ele>
      </trkpt>
      <trkpt lat="35.15855" lon="-111.72869">
        <ele>2170.0</ele>
      </trkpt>
      <trkpt lat="35.1585" lon="-111.72856">
        <ele>2170.09</ele>
      </trkpt>
      <trkpt lat="35.15846" lon="-111.72844">
        <ele>2170.0</ele>
      </trkpt>
      <trkpt lat="35.15841" lon="-111.7283">
        <ele>2170.0</ele>
      </trkpt>
      <trkpt lat="35.15837" lon="-111.72817">
        <ele>2169.7</ele>
      </trkpt>
      <trkpt lat="35.15834" lon="-111.72803">
        <ele>2169.67</ele>
      </trkpt>
      <trkpt lat="35.1583" lon="-111.7279">
        <ele>2169.36</ele>
      </trkpt>
      <trkpt lat="35.15827" lon="-111.72777">
        <ele>2169.63</ele>
      </trkpt>
      <trkpt lat="35.15823" lon="-111.72761">
        <ele>2169.12</ele>
      </trkpt>
      <trkpt lat="35.1582" lon="-111.72747">
        <ele>2169.44</ele>
      </trkpt>
      <trkpt lat="35.15818" lon="-111.72732">
        <ele>2169.66</ele>
      </trkpt>
      <trkpt lat="35.15817" lon="-111.72719">
        <ele>2169.76</ele>
      </trkpt>
      <trkpt lat="35.15816" lon="-111.72705">
        <ele>2169.87</ele>
      </trkpt>
      <trkpt lat="35.15815" lon="-111.72692">
        <ele>2169.98</ele>
      </trkpt>
      <trkpt lat="35.15815" lon="-111.72678">
        <ele>2169.98</ele>
      </trkpt>
      <trkpt lat="35.15815" lon="-111.72664">
        <ele>2169.0</ele>
      </trkpt>
      <trkpt lat="35.15816" lon="-111.72651">
        <ele>2168.91</ele>
      </trkpt>
      <trkpt lat="35.15817" lon="-111.72638">
        <ele>2168.0</ele>
      </trkpt>
      <trkpt lat="35.15819" lon="-111.72624">
        <ele>2168.0</ele>
      </trkpt>
      <trkpt lat="35.15821" lon="-111.72611">
        <ele>2168.0</ele>
      </trkpt>
      <trkpt lat="35.15823" lon="-111.72598">
        <ele>2168.0</ele>
      </trkpt>
      <trkpt lat="35.15825" lon="-111.72584">
        <ele>2168.0</ele>
      </trkpt>
      <trkpt lat="35.15827" lon="-111.72572">
        <ele>2169.15</ele>
      </trkpt>
      <trkpt lat="35.1583" lon="-111.7256">
        <ele>2169.69</ele>
      </trkpt>
      <trkpt lat="35.15832" lon="-111.72549">
        <ele>2170.1</ele>
      </trkpt>
      <trkpt lat="35.15835" lon="-111.72539">
        <ele>2170.65</ele>
      </trkpt>
      <trkpt lat="35.15837" lon="-111.72527">
        <ele>2170.64</ele>
      </trkpt>
      <trkpt lat="35.1584" lon="-111.72514">
        <ele>2171.0</ele>
      </trkpt>
      <trkpt lat="35.15843" lon="-111.72502">
        <ele>2170.99</ele>
      </trkpt>
      <trkpt lat="35.15846" lon="-111.72492">
        <ele>2171.0</ele>
      </trkpt>
      <trkpt lat="35.15848" lon="-111.72483">
        <ele>2171.0</ele>
      </trkpt>
      <trkpt lat="35.15851" lon="-111.72472">
        <ele>2171.0</ele>
      </trkpt>
      <trkpt lat="35.15854" lon="-111.72462">
        <ele>2170.98</ele>
      </trkpt>
      <trkpt lat="35.15857" lon="-111.72451">
        <ele>2170.44</ele>
      </trkpt>
      <trkpt lat="35.1586" lon="-111.72438">
        <ele>2170.12</ele>
      </trkpt>
      <trkpt lat="35.15863" lon="-111.72425">
        <ele>2170.0</ele>
      </trkpt>
      <trkpt lat="35.15866" lon="-111.72412">
        <ele>2170.0</ele>
      </trkpt>
      <trkpt lat="35.15869" lon="-111.724">
        <ele>2170.0</ele>
      </trkpt>
      <trkpt lat="35.15872" lon="-111.72388">
        <ele>2169.82</ele>
      </trkpt>
      <trkpt lat="35.15875" lon="-111.72377">
        <ele>2169.5</ele>
      </trkpt>
      <trkpt lat="35.15878" lon="-111.72365">
        <ele>2169.07</ele>
      </trkpt>
      <trkpt lat="35.15881" lon="-111.72354">
        <ele>2169.0</ele>
      </trkpt>
      <trkpt lat="35.15884" lon="-111.72344">
        <ele>2169.0</ele>
      </trkpt>
      <trkpt lat="35.15887" lon="-111.72334">
        <ele>2169.19</ele>
      </trkpt>
      <trkpt lat="35.15889" lon="-111.72322">
        <ele>2169.22</ele>
      </trkpt>
      <trkpt lat="35.15892" lon="-111.72312">
        <ele>2169.77</ele>
      </trkpt>
      <trkpt lat="35.15895" lon="-111.723">
        <ele>2170.0</ele>
      </trkpt>
      <trkpt lat="35.15898" lon="-111.7229">
        <ele>2170.01</ele>
      </trkpt>
      <trkpt lat="35.159" lon="-111.72278">
        <ele>2170.0</ele>
      </trkpt>
      <trkpt lat="35.15903" lon="-111.72267">
        <ele>2170.0</ele>
      </trkpt>
      <trkpt lat="35.15906" lon="-111.72256">
        <ele>2170.0</ele>
      </trkpt>
      <trkpt lat="35.15909" lon="-111.72246">
        <ele>2169.83</ele>
      </trkpt>
      <trkpt lat="35.15911" lon="-111.72233">
        <ele>2169.1</ele>
      </trkpt>
      <trkpt lat="35.15914" lon="-111.72221">
        <ele>2168.29</ele>
      </trkpt>
      <trkpt lat="35.15917" lon="-111.72208">
        <ele>2167.45</ele>
      </trkpt>
      <trkpt lat="35.1592" lon="-111.72196">
        <ele>2166.17</ele>
      </trkpt>
      <trkpt lat="35.15923" lon="-111.72184">
        <ele>2165.6</ele>
      </trkpt>
      <trkpt lat="35.15926" lon="-111.72174">
        <ele>2165.21</ele>
      </trkpt>
      <trkpt lat="35.15928" lon="-111.72164">
        <ele>2166.0</ele>
      </trkpt>
      <trkpt lat="35.1593" lon="-111.72154">
        <ele>2166.0</ele>
      </trkpt>
      <trkpt lat="35.15933" lon="-111.72145">
        <ele>2166.0</ele>
      </trkpt>
      <trkpt lat="35.15935" lon="-111.72136">
        <ele>2166.0</ele>
      </trkpt>
      <trkpt lat="35.15937" lon="-111.72127">
        <ele>2166.2</ele>
      </trkpt>
      <trkpt lat="35.15939" lon="-111.72117">
        <ele>2166.41</ele>
      </trkpt>
      <trkpt lat="35.15942" lon="-111.72107">
        <ele>2166.74</ele>
      </trkpt>
      <trkpt lat="35.15944" lon="-111.72096">
        <ele>2166.95</ele>
      </trkpt>
      <trkpt lat="35.15946" lon="-111.72087">
        <ele>2166.5</ele>
      </trkpt>
      <trkpt lat="35.15949" lon="-111.72076">
        <ele>2166.49</ele>
      </trkpt>
      <trkpt lat="35.15951" lon="-111.72067">
        <ele>2166.71</ele>
      </trkpt>
      <trkpt lat="35.15952" lon="-111.72057">
        <ele>2166.82</ele>
      </trkpt>
      <trkpt lat="35.15953" lon="-111.72045">
        <ele>2166.92</ele>
      </trkpt>
      <trkpt lat="35.15953" lon="-111.72033">
        <ele>2166.92</ele>
      </trkpt>
      <trkpt lat="35.15953" lon="-111.7202">
        <ele>2167.7</ele>
      </trkpt>
      <trkpt lat="35.15952" lon="-111.72007">
        <ele>2167.82</ele>
      </trkpt>
      <trkpt lat="35.15951" lon="-111.71995">
        <ele>2168.09</ele>
      </trkpt>
      <trkpt lat="35.1595" lon="-111.71983">
        <ele>2168.2</ele>
      </trkpt>
      <trkpt lat="35.15949" lon="-111.71972">
        <ele>2168.49</ele>
      </trkpt>
      <trkpt lat="35.15948" lon="-111.7196">
        <ele>2168.51</ele>
      </trkpt>
      <trkpt lat="35.15946" lon="-111.71948">
        <ele>2168.85</ele>
      </trkpt>
      <trkpt lat="35.15944" lon="-111.71934">
        <ele>2168.91</ele>
      </trkpt>
      <trkpt lat="35.15942" lon="-111.71922">
        <ele>2168.74</ele>
      </trkpt>
      <trkpt lat="35.15939" lon="-111.71909">
        <ele>2168.41</ele>
      </trkpt>
      <trkpt lat="35.15937" lon="-111.71898">
        <ele>2168.2</ele>
      </trkpt>
      <trkpt lat="35.15934" lon="-111.71886">
        <ele>2167.87</ele>
      </trkpt>
      <trkpt lat="35.15933" lon="-111.71874">
        <ele>2167.76</ele>
      </trkpt>
      <trkpt lat="35.1593" lon="-111.71863">
        <ele>2167.44</ele>
      </trkpt>
      <trkpt lat="35.15928" lon="-111.71852">
        <ele>2167.44</ele>
      </trkpt>
      <trkpt lat="35.15925" lon="-111.71841">
        <ele>2167.82</ele>
      </trkpt>
      <trkpt lat="35.15923" lon="-111.7183">
        <ele>2167.68</ele>
      </trkpt>
      <trkpt lat="35.1592" lon="-111.71818">
        <ele>2167.36</ele>
      </trkpt>
      <trkpt lat="35.15917" lon="-111.71806">
        <ele>2167.99</ele>
      </trkpt>
      <trkpt lat="35.15915" lon="-111.71794">
        <ele>2167.82</ele>
      </trkpt>
      <trkpt lat="35.15914" lon="-111.71782">
        <ele>2168.1</ele>
      </trkpt>
      <trkpt lat="35.15913" lon="-111.71769">
        <ele>2168.58</ele>
      </trkpt>
      <trkpt lat="35.15912" lon="-111.71757">
        <ele>2168.62</ele>
      </trkpt>
      <trkpt lat="35.15911" lon="-111.71743">
        <ele>2168.78</ele>
      </trkpt>
      <trkpt lat="35.1591" lon="-111.71732">
        <ele>2168.3</ele>
      </trkpt>
      <trkpt lat="35.1591" lon="-111.7172">
        <ele>2168.28</ele>
      </trkpt>
      <trkpt lat="35.15909" lon="-111.71708">
        <ele>2168.17</ele>
      </trkpt>
      <trkpt lat="35.15909" lon="-111.71697">
        <ele>2168.17</ele>
      </trkpt>
      <trkpt lat="35.15908" lon="-111.71685">
        <ele>2168.06</ele>
      </trkpt>
      <trkpt lat="35.15908" lon="-111.71672">
        <ele>2168.06</ele>
      </trkpt>
      <trkpt lat="35.15908" lon="-111.71661">
        <ele>2168.06</ele>
      </trkpt>
      <trkpt lat="35.15908" lon="-111.71649">
        <ele>2168.06</ele>
      </trkpt>
      <trkpt lat="35.15908" lon="-111.71636">
        <ele>2167.77</ele>
      </trkpt>
      <trkpt lat="35.15908" lon="-111.71623">
        <ele>2167.13</ele>
      </trkpt>
      <trkpt lat="35.15908" lon="-111.71611">
        <ele>2167.13</ele>
      </trkpt>
      <trkpt lat="35.15909" lon="-111.71597">
        <ele>2167.17</ele>
      </trkpt>
      <trkpt lat="35.1591" lon="-111.71584">
        <ele>2166.61</ele>
      </trkpt>
      <trkpt lat="35.15911" lon="-111.7157">
        <ele>2166.61</ele>
      </trkpt>
      <trkpt lat="35.15912" lon="-111.71557">
        <ele>2166.5</ele>
      </trkpt>
      <trkpt lat="35.15912" lon="-111.71543">
        <ele>2165.99</ele>
      </trkpt>
      <trkpt lat="35.15913" lon="-111.71528">
        <ele>2166.21</ele>
      </trkpt>
      <trkpt lat="35.15914" lon="-111.71514">
        <ele>2165.71</ele>
      </trkpt>
      <trkpt lat="35.15915" lon="-111.715">
        <ele>2165.82</ele>
      </trkpt>
      <trkpt lat="35.15916" lon="-111.71487">
        <ele>2165.86</ele>
      </trkpt>
      <trkpt lat="35.15917" lon="-111.71473">
        <ele>2166.04</ele>
      </trkpt>
      <trkpt lat="35.15918" lon="-111.71459">
        <ele>2165.78</ele>
      </trkpt>
      <trkpt lat="35.15919" lon="-111.71447">
        <ele>2165.32</ele>
      </trkpt>
      <trkpt lat="35.1592" lon="-111.71433">
        <ele>2165.36</ele>
      </trkpt>
      <trkpt lat="35.15921" lon="-111.7142">
        <ele>2165.47</ele>
      </trkpt>
      <trkpt lat="35.15922" lon="-111.71407">
        <ele>2165.13</ele>
      </trkpt>
      <trkpt lat="35.15924" lon="-111.71393">
        <ele>2164.24</ele>
      </trkpt>
      <trkpt lat="35.15925" lon="-111.71379">
        <ele>2162.83</ele>
      </trkpt>
      <trkpt lat="35.15927" lon="-111.71366">
        <ele>2162.12</ele>
      </trkpt>
      <trkpt lat="35.15928" lon="-111.71352">
        <ele>2161.24</ele>
      </trkpt>
      <trkpt lat="35.1593" lon="-111.71338">
        <ele>2161.44</ele>
      </trkpt>
      <trkpt lat="35.15931" lon="-111.71325">
        <ele>2161.55</ele>
      </trkpt>
      <trkpt lat="35.15933" lon="-111.71311">
        <ele>2161.21</ele>
      </trkpt>
      <trkpt lat="35.15935" lon="-111.71297">
        <ele>2160.98</ele>
      </trkpt>
      <trkpt lat="35.15937" lon="-111.71283">
        <ele>2161.31</ele>
      </trkpt>
      <trkpt lat="35.15938" lon="-111.71269">
        <ele>2161.3</ele>
      </trkpt>
      <trkpt lat="35.1594" lon="-111.71255">
        <ele>2161.3</ele>
      </trkpt>
      <trkpt lat="35.15941" lon="-111.71242">
        <ele>2160.71</ele>
      </trkpt>
      <trkpt lat="35.15943" lon="-111.7123">
        <ele>2160.84</ele>
      </trkpt>
      <trkpt lat="35.15944" lon="-111.71217">
        <ele>2160.95</ele>
      </trkpt>
      <trkpt lat="35.15946" lon="-111.71205">
        <ele>2161.17</ele>
      </trkpt>
      <trkpt lat="35.15948" lon="-111.71192">
        <ele>2161.38</ele>
      </trkpt>
      <trkpt lat="35.15949" lon="-111.71179">
        <ele>2161.49</ele>
      </trkpt>
      <trkpt lat="35.1595" lon="-111.71165">
        <ele>2161.6</ele>
      </trkpt>
      <trkpt lat="35.15952" lon="-111.71151">
        <ele>2161.25</ele>
      </trkpt>
      <trkpt lat="35.15953" lon="-111.71138">
        <ele>2160.92</ele>
      </trkpt>
      <trkpt lat="35.15954" lon="-111.71125">
        <ele>2161.03</ele>
      </trkpt>
      <trkpt lat="35.15955" lon="-111.71112">
        <ele>2161.14</ele>
      </trkpt>
      <trkpt lat="35.15955" lon="-111.711">
        <ele>2161.14</ele>
      </trkpt>
      <trkpt lat="35.15956" lon="-111.71087">
        <ele>2161.25</ele>
      </trkpt>
      <trkpt lat="35.15957" lon="-111.71076">
        <ele>2161.07</ele>
      </trkpt>
      <trkpt lat="35.15958" lon="-111.71064">
        <ele>2160.95</ele>
      </trkpt>
      <trkpt lat="35.15958" lon="-111.71052">
        <ele>2160.46</ele>
      </trkpt>
      <trkpt lat="35.15959" lon="-111.71041">
        <ele>2161.14</ele>
      </trkpt>
      <trkpt lat="35.1596" lon="-111.71028">
        <ele>2161.68</ele>
      </trkpt>
      <trkpt lat="35.15961" lon="-111.71015">
        <ele>2162.66</ele>
      </trkpt>
      <trkpt lat="35.15962" lon="-111.71003">
        <ele>2162.97</ele>
      </trkpt>
      <trkpt lat="35.15962" lon="-111.70991">
        <ele>2163.87</ele>
      </trkpt>
      <trkpt lat="35.15963" lon="-111.70979">
        <ele>2165.27</ele>
      </trkpt>
      <trkpt lat="35.15964" lon="-111.70968">
        <ele>2166.0</ele>
      </trkpt>
      <trkpt lat="35.15965" lon="-111.70955">
        <ele>2166.19</ele>
      </trkpt>
      <trkpt lat="35.15966" lon="-111.70942">
        <ele>2166.33</ele>
      </trkpt>
      <trkpt lat="35.15967" lon="-111.7093">
        <ele>2166.75</ele>
      </trkpt>
      <trkpt lat="35.15968" lon="-111.70919">
        <ele>2167.0</ele>
      </trkpt>
      <trkpt lat="35.15969" lon="-111.70908">
        <ele>2167.61</ele>
      </trkpt>
      <trkpt lat="35.1597" lon="-111.70897">
        <ele>2167.79</ele>
      </trkpt>
      <trkpt lat="35.15971" lon="-111.70886">
        <ele>2168.0</ele>
      </trkpt>
      <trkpt lat="35.15972" lon="-111.70874">
        <ele>2168.0</ele>
      </trkpt>
      <trkpt lat="35.15973" lon="-111.70863">
        <ele>2168.81</ele>
      </trkpt>
      <trkpt lat="35.15974" lon="-111.70852">
        <ele>2169.0</ele>
      </trkpt>
      <trkpt lat="35.15974" lon="-111.70839">
        <ele>2169.0</ele>
      </trkpt>
      <trkpt lat="35.15975" lon="-111.70827">
        <ele>2169.0</ele>
      </trkpt>
      <trkpt lat="35.15976" lon="-111.70815">
        <ele>2169.0</ele>
      </trkpt>
      <trkpt lat="35.15978" lon="-111.70804">
        <ele>2169.0</ele>
      </trkpt>
      <trkpt lat="35.15979" lon="-111.70793">
        <ele>2168.9</ele>
      </trkpt>
      <trkpt lat="35.1598" lon="-111.70783">
        <ele>2168.47</ele>
      </trkpt>
      <trkpt lat="35.15982" lon="-111.70773">
        <ele>2168.03</ele>
      </trkpt>
      <trkpt lat="35.15984" lon="-111.70762">
        <ele>2168.0</ele>
      </trkpt>
      <trkpt lat="35.15986" lon="-111.70751">
        <ele>2167.54</ele>
      </trkpt>
      <trkpt lat="35.15989" lon="-111.70741">
        <ele>2167.02</ele>
      </trkpt>
      <trkpt lat="35.15993" lon="-111.70731">
        <ele>2166.95</ele>
      </trkpt>
      <trkpt lat="35.15997" lon="-111.7072">
        <ele>2166.0</ele>
      </trkpt>
      <trkpt lat="35.16" lon="-111.70709">
        <ele>2165.57</ele>
      </trkpt>
      <trkpt lat="35.16005" lon="-111.70698">
        <ele>2164.67</ele>
      </trkpt>
      <trkpt lat="35.16009" lon="-111.70687">
        <ele>2164.01</ele>
      </trkpt>
      <trkpt lat="35.16013" lon="-111.70676">
        <ele>2163.01</ele>
      </trkpt>
      <trkpt lat="35.16018" lon="-111.70666">
        <ele>2162.05</ele>
      </trkpt>
      <trkpt lat="35.16023" lon="-111.70656">
        <ele>2161.44</ele>
      </trkpt>
      <trkpt lat="35.16028" lon="-111.70647">
        <ele>2160.88</ele>
      </trkpt>
      <trkpt lat="35.16033" lon="-111.70637">
        <ele>2160.0</ele>
      </trkpt>
      <trkpt lat="35.16038" lon="-111.70627">
        <ele>2160.0</ele>
      </trkpt>
      <trkpt lat="35.16044" lon="-111.70616">
        <ele>2160.0</ele>
      </trkpt>
      <trkpt lat="35.1605" lon="-111.70605">
        <ele>2160.0</ele>
      </trkpt>
      <trkpt lat="35.16057" lon="-111.70594">
        <ele>2160.0</ele>
      </trkpt>
      <trkpt lat="35.16063" lon="-111.70584">
        <ele>2160.0</ele>
      </trkpt>
      <trkpt lat="35.16069" lon="-111.70574">
        <ele>2159.0</ele>
      </trkpt>
      <trkpt lat="35.16075" lon="-111.70566">
        <ele>2159.0</ele>
      </trkpt>
      <trkpt lat="35.16081" lon="-111.70557">
        <ele>2158.16</ele>
      </trkpt>
      <trkpt lat="35.16088" lon="-111.70548">
        <ele>2158.09</ele>
      </trkpt>
      <trkpt lat="35.16095" lon="-111.70539">
        <ele>2157.42</ele>
      </trkpt>
      <trkpt lat="35.16103" lon="-111.7053">
        <ele>2157.24</ele>
      </trkpt>
      <trkpt lat="35.16109" lon="-111.70522">
        <ele>2157.0</ele>
      </trkpt>
      <trkpt lat="35.16116" lon="-111.70513">
        <ele>2157.0</ele>
      </trkpt>
      <trkpt lat="35.16122" lon="-111.70506">
        <ele>2157.0</ele>
      </trkpt>
      <trkpt lat="35.16129" lon="-111.70498">
        <ele>2156.99</ele>
      </trkpt>
      <trkpt lat="35.16137" lon="-111.70488">
        <ele>2156.7</ele>
      </trkpt>
      <trkpt lat="35.16145" lon="-111.70478">
        <ele>2156.0</ele>
      </trkpt>
      <trkpt lat="35.16154" lon="-111.70469">
        <ele>2155.65</ele>
      </trkpt>
      <trkpt lat="35.16162" lon="-111.70459">
        <ele>2155.0</ele>
      </trkpt>
      <trkpt lat="35.16171" lon="-111.70449">
        <ele>2154.26</ele>
      </trkpt>
      <trkpt lat="35.1618" lon="-111.70439">
        <ele>2153.41</ele>
      </trkpt>
      <trkpt lat="35.1619" lon="-111.70429">
        <ele>2152.65</ele>
      </trkpt>
      <trkpt lat="35.16199" lon="-111.70419">
        <ele>2152.12</ele>
      </trkpt>
      <trkpt lat="35.16208" lon="-111.7041">
        <ele>2152.0</ele>
      </trkpt>
      <trkpt lat="35.16217" lon="-111.704">
        <ele>2152.0</ele>
      </trkpt>
      <trkpt lat="35.16226" lon="-111.7039">
        <ele>2151.12</ele>
      </trkpt>
      <trkpt lat="35.16237" lon="-111.70379">
        <ele>2150.97</ele>
      </trkpt>
      <trkpt lat="35.16246" lon="-111.7037">
        <ele>2150.96</ele>
      </trkpt>
      <trkpt lat="35.16255" lon="-111.7036">
        <ele>2149.94</ele>
      </trkpt>
      <trkpt lat="35.16263" lon="-111.70352">
        <ele>2150.01</ele>
      </trkpt>
      <trkpt lat="35.16272" lon="-111.70343">
        <ele>2149.42</ele>
      </trkpt>
      <trkpt lat="35.16282" lon="-111.70333">
        <ele>2149.98</ele>
      </trkpt>
      <trkpt lat="35.16291" lon="-111.70325">
        <ele>2150.04</ele>
      </trkpt>
      <trkpt lat="35.163" lon="-111.70318">
        <ele>2150.14</ele>
      </trkpt>
      <trkpt lat="35.16309" lon="-111.70311">
        <ele>2150.22</ele>
      </trkpt>
      <trkpt lat="35.16318" lon="-111.70305">
        <ele>2150.32</ele>
      </trkpt>
      <trkpt lat="35.16325" lon="-111.703">
        <ele>2150.46</ele>
      </trkpt>
      <trkpt lat="35.16334" lon="-111.70294">
        <ele>2150.75</ele>
      </trkpt>
      <trkpt lat="35.16342" lon="-111.70288">
        <ele>2150.1</ele>
      </trkpt>
      <trkpt lat="35.16352" lon="-111.70282">
        <ele>2150.46</ele>
      </trkpt>
      <trkpt lat="35.16362" lon="-111.70276">
        <ele>2150.08</ele>
      </trkpt>
      <trkpt lat="35.16372" lon="-111.70271">
        <ele>2150.27</ele>
      </trkpt>
      <trkpt lat="35.16381" lon="-111.70267">
        <ele>2150.12</ele>
      </trkpt>
      <trkpt lat="35.16387" lon="-111.70262">
        <ele>2150.24</ele>
      </trkpt>
      <trkpt lat="35.1639" lon="-111.70254">
        <ele>2150.05</ele>
      </trkpt>
      <trkpt lat="35.1639" lon="-111.70245">
        <ele>2149.46</ele>
      </trkpt>
      <trkpt lat="35.1639" lon="-111.70241">
        <ele>2149.03</ele>
      </trkpt>
      <trkpt lat="35.16388" lon="-111.70235">
        <ele>2148.38</ele>
      </trkpt>
      <trkpt lat="35.16386" lon="-111.70228">
        <ele>2148.0</ele>
      </trkpt>
      <trkpt lat="35.16382" lon="-111.70218">
        <ele>2147.54</ele>
      </trkpt>
      <trkpt lat="35.16379" lon="-111.70208">
        <ele>2146.96</ele>
      </trkpt>
      <trkpt lat="35.16375" lon="-111.70201">
        <ele>2146.35</ele>
      </trkpt>
      <trkpt lat="35.16372" lon="-111.70192">
        <ele>2145.74</ele>
      </trkpt>
      <trkpt lat="35.16369" lon="-111.70183">
        <ele>2144.97</ele>
      </trkpt>
      <trkpt lat="35.16365" lon="-111.70175">
        <ele>2144.38</ele>
      </trkpt>
      <trkpt lat="35.16361" lon="-111.70168">
        <ele>2143.99</ele>
      </trkpt>
      <trkpt lat="35.16357" lon="-111.70161">
        <ele>2143.83</ele>
      </trkpt>
      <trkpt lat="35.16352" lon="-111.70152">
        <ele>2144.0</ele>
      </trkpt>
      <trkpt lat="35.16346" lon="-111.70143">
        <ele>2144.0</ele>
      </trkpt>
      <trkpt lat="35.16341" lon="-111.70134">
        <ele>2144.0</ele>
      </trkpt>
      <trkpt lat="35.16335" lon="-111.70124">
        <ele>2144.11</ele>
      </trkpt>
      <trkpt lat="35.16329" lon="-111.70115">
        <ele>2144.0</ele>
      </trkpt>
      <trkpt lat="35.16323" lon="-111.70105">
        <ele>2144.0</ele>
      </trkpt>
      <trkpt lat="35.16317" lon="-111.70096">
        <ele>2144.63</ele>
      </trkpt>
      <trkpt lat="35.16311" lon="-111.70086">
        <ele>2145.0</ele>
      </trkpt>
      <trkpt lat="35.16304" lon="-111.70075">
        <ele>2145.15</ele>
      </trkpt>
      <trkpt lat="35.16297" lon="-111.70065">
        <ele>2146.0</ele>
      </trkpt>
      <trkpt lat="35.1629" lon="-111.70055">
        <ele>2146.7</ele>
      </trkpt>
      <trkpt lat="35.16283" lon="-111.70045">
        <ele>2147.14</ele>
      </trkpt>
      <trkpt lat="35.16276" lon="-111.70035">
        <ele>2148.0</ele>
      </trkpt>
      <trkpt lat="35.16254" lon="-111.69992">
        <ele>2149.0</ele>
      </trkpt>
      <trkpt lat="35.16263" lon="-111.69918">
        <ele>2151.0</ele>
      </trkpt>
      <trkpt lat="35.16264" lon="-111.69904">
        <ele>2151.0</ele>
      </trkpt>
      <trkpt lat="35.16265" lon="-111.69896">
        <ele>2151.14</ele>
      </trkpt>
      <trkpt lat="35.16264" lon="-111.69889">
        <ele>2151.51</ele>
      </trkpt>
      <trkpt lat="35.16265" lon="-111.69882">
        <ele>2151.9</ele>
      </trkpt>
      <trkpt lat="35.16267" lon="-111.69872">
        <ele>2152.0</ele>
      </trkpt>
      <trkpt lat="35.1627" lon="-111.69857">
        <ele>2152.44</ele>
      </trkpt>
      <trkpt lat="35.16273" lon="-111.69843">
        <ele>2153.0</ele>
      </trkpt>
      <trkpt lat="35.16277" lon="-111.6983">
        <ele>2153.0</ele>
      </trkpt>
      <trkpt lat="35.1628" lon="-111.69818">
        <ele>2153.0</ele>
      </trkpt>
      <trkpt lat="35.16283" lon="-111.69806">
        <ele>2153.95</ele>
      </trkpt>
      <trkpt lat="35.16286" lon="-111.69795">
        <ele>2154.0</ele>
      </trkpt>
      <trkpt lat="35.16289" lon="-111.69785">
        <ele>2154.0</ele>
      </trkpt>
      <trkpt lat="35.16292" lon="-111.69773">
        <ele>2154.0</ele>
      </trkpt>
      <trkpt lat="35.16295" lon="-111.69762">
        <ele>2154.0</ele>
      </trkpt>
      <trkpt lat="35.16297" lon="-111.69754">
        <ele>2154.6</ele>
      </trkpt>
      <trkpt lat="35.163" lon="-111.6975">
        <ele>2155.0</ele>
      </trkpt>
      <trkpt lat="35.16301" lon="-111.69738">
        <ele>2155.0</ele>
      </trkpt>
      <trkpt lat="35.16302" lon="-111.69725">
        <ele>2155.0</ele>
      </trkpt>
      <trkpt lat="35.16302" lon="-111.69713">
        <ele>2155.0</ele>
      </trkpt>
      <trkpt lat="35.16303" lon="-111.69702">
        <ele>2155.0</ele>
      </trkpt>
      <trkpt lat="35.16304" lon="-111.69689">
        <ele>2155.0</ele>
      </trkpt>
      <trkpt lat="35.16304" lon="-111.69676">
        <ele>2155.0</ele>
      </trkpt>
      <trkpt lat="35.16305" lon="-111.69664">
        <ele>2155.0</ele>
      </trkpt>
      <trkpt lat="35.16306" lon="-111.69652">
        <ele>2155.05</ele>
      </trkpt>
      <trkpt lat="35.16306" lon="-111.6964">
        <ele>2155.05</ele>
      </trkpt>
      <trkpt lat="35.16307" lon="-111.69628">
        <ele>2155.85</ele>
      </trkpt>
      <trkpt lat="35.16308" lon="-111.69617">
        <ele>2155.17</ele>
      </trkpt>
      <trkpt lat="35.16309" lon="-111.69605">
        <ele>2155.0</ele>
      </trkpt>
      <trkpt lat="35.1631" lon="-111.69593">
        <ele>2155.0</ele>
      </trkpt>
      <trkpt lat="35.16311" lon="-111.69583">
        <ele>2155.0</ele>
      </trkpt>
      <trkpt lat="35.16312" lon="-111.69571">
        <ele>2155.0</ele>
      </trkpt>
      <trkpt lat="35.16313" lon="-111.6956">
        <ele>2154.9</ele>
      </trkpt>
      <trkpt lat="35.16314" lon="-111.69551">
        <ele>2154.46</ele>
      </trkpt>
      <trkpt lat="35.16315" lon="-111.69542">
        <ele>2154.0</ele>
      </trkpt>
      <trkpt lat="35.16316" lon="-111.69532">
        <ele>2154.0</ele>
      </trkpt>
      <trkpt lat="35.16317" lon="-111.69522">
        <ele>2153.52</ele>
      </trkpt>
      <trkpt lat="35.16318" lon="-111.69512">
        <ele>2153.1</ele>
      </trkpt>
      <trkpt lat="35.16319" lon="-111.69502">
        <ele>2153.0</ele>
      </trkpt>
      <trkpt lat="35.1632" lon="-111.69492">
        <ele>2153.0</ele>
      </trkpt>
      <trkpt lat="35.16321" lon="-111.69482">
        <ele>2153.0</ele>
      </trkpt>
      <trkpt lat="35.16322" lon="-111.69473">
        <ele>2152.79</ele>
      </trkpt>
      <trkpt lat="35.16323" lon="-111.69463">
        <ele>2152.0</ele>
      </trkpt>
      <trkpt lat="35.16324" lon="-111.69455">
        <ele>2152.0</ele>
      </trkpt>
      <trkpt lat="35.16325" lon="-111.69446">
        <ele>2152.0</ele>
      </trkpt>
      <trkpt lat="35.16326" lon="-111.69439">
        <ele>2152.0</ele>
      </trkpt>
      <trkpt lat="35.16326" lon="-111.6943">
        <ele>2152.0</ele>
      </trkpt>
      <trkpt lat="35.16326" lon="-111.6942">
        <ele>2152.0</ele>
      </trkpt>
      <trkpt lat="35.16326" lon="-111.69411">
        <ele>2152.0</ele>
      </trkpt>
      <trkpt lat="35.16324" lon="-111.69402">
        <ele>2151.99</ele>
      </trkpt>
      <trkpt lat="35.16322" lon="-111.69393">
        <ele>2151.9</ele>
      </trkpt>
      <trkpt lat="35.1632" lon="-111.69383">
        <ele>2152.0</ele>
      </trkpt>
      <trkpt lat="35.16317" lon="-111.69374">
        <ele>2152.0</ele>
      </trkpt>
      <trkpt lat="35.16314" lon="-111.69367">
        <ele>2151.91</ele>
      </trkpt>
      <trkpt lat="35.1631" lon="-111.69359">
        <ele>2151.6</ele>
      </trkpt>
      <trkpt lat="35.16306" lon="-111.69351">
        <ele>2152.0</ele>
      </trkpt>
      <trkpt lat="35.16302" lon="-111.69342">
        <ele>2151.62</ele>
      </trkpt>
      <trkpt lat="35.16298" lon="-111.69334">
        <ele>2151.18</ele>
      </trkpt>
      <trkpt lat="35.16293" lon="-111.69325">
        <ele>2151.0</ele>
      </trkpt>
      <trkpt lat="35.16289" lon="-111.69316">
        <ele>2151.0</ele>
      </trkpt>
      <trkpt lat="35.16285" lon="-111.69309">
        <ele>2151.0</ele>
      </trkpt>
      <trkpt lat="35.16281" lon="-111.69302">
        <ele>2151.0</ele>
      </trkpt>
      <trkpt lat="35.16277" lon="-111.69293">
        <ele>2150.92</ele>
      </trkpt>
      <trkpt lat="35.16274" lon="-111.69285">
        <ele>2150.59</ele>
      </trkpt>
      <trkpt lat="35.1627" lon="-111.69277">
        <ele>2150.16</ele>
      </trkpt>
      <trkpt lat="35.16267" lon="-111.69267">
        <ele>2150.0</ele>
      </trkpt>
      <trkpt lat="35.16265" lon="-111.69259">
        <ele>2150.0</ele>
      </trkpt>
      <trkpt lat="35.16262" lon="-111.69251">
        <ele>2150.0</ele>
      </trkpt>
      <trkpt lat="35.1626" lon="-111.69244">
        <ele>2149.4</ele>
      </trkpt>
      <trkpt lat="35.16258" lon="-111.69237">
        <ele>2149.0</ele>
      </trkpt>
      <trkpt lat="35.16256" lon="-111.69229">
        <ele>2149.0</ele>
      </trkpt>
      <trkpt lat="35.16253" lon="-111.69221">
        <ele>2149.0</ele>
      </trkpt>
      <trkpt lat="35.16251" lon="-111.69212">
        <ele>2149.0</ele>
      </trkpt>
      <trkpt lat="35.16248" lon="-111.69203">
        <ele>2148.72</ele>
      </trkpt>
      <trkpt lat="35.16245" lon="-111.69193">
        <ele>2148.0</ele>
      </trkpt>
      <trkpt lat="35.16243" lon="-111.69184">
        <ele>2148.0</ele>
      </trkpt>
      <trkpt lat="35.1624" lon="-111.69175">
        <ele>2147.92</ele>
      </trkpt>
      <trkpt lat="35.16237" lon="-111.69166">
        <ele>2147.55</ele>
      </trkpt>
      <trkpt lat="35.16234" lon="-111.69156">
        <ele>2147.0</ele>
      </trkpt>
      <trkpt lat="35.1623" lon="-111.69147">
        <ele>2146.72</ele>
      </trkpt>
      <trkpt lat="35.16228" lon="-111.69139">
        <ele>2145.64</ele>
      </trkpt>
      <trkpt lat="35.16224" lon="-111.6913">
        <ele>2145.19</ele>
      </trkpt>
      <trkpt lat="35.16221" lon="-111.69123">
        <ele>2144.15</ele>
      </trkpt>
      <trkpt lat="35.16218" lon="-111.69117">
        <ele>2143.54</ele>
      </trkpt>
      <trkpt lat="35.16215" lon="-111.6911">
        <ele>2143.19</ele>
      </trkpt>
      <trkpt lat="35.16212" lon="-111.69103">
        <ele>2142.9</ele>
      </trkpt>
      <trkpt lat="35.16208" lon="-111.69095">
        <ele>2142.12</ele>
      </trkpt>
      <trkpt lat="35.16205" lon="-111.69088">
        <ele>2141.57</ele>
      </trkpt>
      <trkpt lat="35.16202" lon="-111.69081">
        <ele>2140.95</ele>
      </trkpt>
      <trkpt lat="35.16199" lon="-111.69076">
        <ele>2140.6</ele>
      </trkpt>
      <trkpt lat="35.16193" lon="-111.69068">
        <ele>2139.9</ele>
      </trkpt>
      <trkpt lat="35.16188" lon="-111.69061">
        <ele>2139.3</ele>
      </trkpt>
      <trkpt lat="35.16182" lon="-111.69054">
        <ele>2138.66</ele>
      </trkpt>
      <trkpt lat="35.16176" lon="-111.69046">
        <ele>2138.01</ele>
      </trkpt>
      <trkpt lat="35.16168" lon="-111.69036">
        <ele>2137.14</ele>
      </trkpt>
      <trkpt lat="35.16164" lon="-111.69027">
        <ele>2136.98</ele>
      </trkpt>
      <trkpt lat="35.16162" lon="-111.69019">
        <ele>2136.52</ele>
      </trkpt>
      <trkpt lat="35.1616" lon="-111.69014">
        <ele>2136.14</ele>
      </trkpt>
      <trkpt lat="35.16158" lon="-111.69005">
        <ele>2135.57</ele>
      </trkpt>
      <trkpt lat="35.16157" lon="-111.68996">
        <ele>2134.98</ele>
      </trkpt>
      <trkpt lat="35.16155" lon="-111.68987">
        <ele>2134.44</ele>
      </trkpt>
      <trkpt lat="35.16154" lon="-111.68978">
        <ele>2133.86</ele>
      </trkpt>
      <trkpt lat="35.1615" lon="-111.68965">
        <ele>2133.04</ele>
      </trkpt>
      <trkpt lat="35.16146" lon="-111.68961">
        <ele>2132.61</ele>
      </trkpt>
      <trkpt lat="35.1614" lon="-111.68955">
        <ele>2132.02</ele>
      </trkpt>
      <trkpt lat="35.16132" lon="-111.68948">
        <ele>2130.64</ele>
      </trkpt>
      <trkpt lat="35.16124" lon="-111.68941">
        <ele>2129.77</ele>
      </trkpt>
      <trkpt lat="35.16115" lon="-111.68933">
        <ele>2129.0</ele>
      </trkpt>
      <trkpt lat="35.16107" lon="-111.68925">
        <ele>2128.46</ele>
      </trkpt>
      <trkpt lat="35.16099" lon="-111.68917">
        <ele>2127.02</ele>
      </trkpt>
      <trkpt lat="35.16091" lon="-111.6891">
        <ele>2126.11</ele>
      </trkpt>
      <trkpt lat="35.16082" lon="-111.68902">
        <ele>2124.86</ele>
      </trkpt>
      <trkpt lat="35.16074" lon="-111.68896">
        <ele>2123.76</ele>
      </trkpt>
      <trkpt lat="35.16065" lon="-111.6889">
        <ele>2122.14</ele>
      </trkpt>
      <trkpt lat="35.16053" lon="-111.68887">
        <ele>2121.72</ele>
      </trkpt>
      <trkpt lat="35.16045" lon="-111.68879">
        <ele>2120.86</ele>
      </trkpt>
      <trkpt lat="35.1604" lon="-111.68868">
        <ele>2120.32</ele>
      </trkpt>
      <trkpt lat="35.16034" lon="-111.68856">
        <ele>2119.34</ele>
      </trkpt>
      <trkpt lat="35.16029" lon="-111.68844">
        <ele>2117.53</ele>
      </trkpt>
      <trkpt lat="35.16025" lon="-111.68832">
        <ele>2116.8</ele>
      </trkpt>
      <trkpt lat="35.16021" lon="-111.68817">
        <ele>2116.54</ele>
      </trkpt>
      <trkpt lat="35.16017" lon="-111.68802">
        <ele>2115.84</ele>
      </trkpt>
      <trkpt lat="35.16013" lon="-111.68789">
        <ele>2115.4</ele>
      </trkpt>
      <trkpt lat="35.16008" lon="-111.68778">
        <ele>2115.0</ele>
      </trkpt>
      <trkpt lat="35.16003" lon="-111.68768">
        <ele>2114.32</ele>
      </trkpt>
      <trkpt lat="35.15997" lon="-111.68759">
        <ele>2114.0</ele>
      </trkpt>
      <trkpt lat="35.15989" lon="-111.68748">
        <ele>2113.64</ele>
      </trkpt>
      <trkpt lat="35.1598" lon="-111.68737">
        <ele>2113.0</ele>
      </trkpt>
      <trkpt lat="35.15973" lon="-111.68726">
        <ele>2113.0</ele>
      </trkpt>
      <trkpt lat="35.15967" lon="-111.68715">
        <ele>2113.0</ele>
      </trkpt>
      <trkpt lat="35.15962" lon="-111.68707">
        <ele>2113.1</ele>
      </trkpt>
      <trkpt lat="35.15956" lon="-111.68698">
        <ele>2113.75</ele>
      </trkpt>
      <trkpt lat="35.1595" lon="-111.68689">
        <ele>2114.0</ele>
      </trkpt>
      <trkpt lat="35.15945" lon="-111.68681">
        <ele>2113.97</ele>
      </trkpt>
      <trkpt lat="35.15937" lon="-111.68671">
        <ele>2113.9</ele>
      </trkpt>
      <trkpt lat="35.1593" lon="-111.68654">
        <ele>2113.35</ele>
      </trkpt>
      <trkpt lat="35.15923" lon="-111.68642">
        <ele>2113.32</ele>
      </trkpt>
      <trkpt lat="35.15915" lon="-111.68632">
        <ele>2113.26</ele>
      </trkpt>
      <trkpt lat="35.15908" lon="-111.68621">
        <ele>2113.0</ele>
      </trkpt>
      <trkpt lat="35.15901" lon="-111.68609">
        <ele>2113.76</ele>
      </trkpt>
      <trkpt lat="35.15893" lon="-111.68599">
        <ele>2114.0</ele>
      </trkpt>
      <trkpt lat="35.15886" lon="-111.6859">
        <ele>2114.0</ele>
      </trkpt>
      <trkpt lat="35.15878" lon="-111.68583">
        <ele>2114.21</ele>
      </trkpt>
      <trkpt lat="35.15869" lon="-111.68579">
        <ele>2115.0</ele>
      </trkpt>
      <trkpt lat="35.15858" lon="-111.68576">
        <ele>2115.0</ele>
      </trkpt>
      <trkpt lat="35.15847" lon="-111.68575">
        <ele>2115.47</ele>
      </trkpt>
      <trkpt lat="35.15837" lon="-111.68575">
        <ele>2115.96</ele>
      </trkpt>
      <trkpt lat="35.15827" lon="-111.68576">
        <ele>2116.0</ele>
      </trkpt>
      <trkpt lat="35.15814" lon="-111.6858">
        <ele>2116.36</ele>
      </trkpt>
      <trkpt lat="35.15802" lon="-111.68583">
        <ele>2116.42</ele>
      </trkpt>
      <trkpt lat="35.15791" lon="-111.68586">
        <ele>2116.71</ele>
      </trkpt>
      <trkpt lat="35.15781" lon="-111.68589">
        <ele>2116.39</ele>
      </trkpt>
      <trkpt lat="35.15771" lon="-111.68592">
        <ele>2116.8</ele>
      </trkpt>
      <trkpt lat="35.1576" lon="-111.68595">
        <ele>2116.74</ele>
      </trkpt>
      <trkpt lat="35.15751" lon="-111.68598">
        <ele>2116.42</ele>
      </trkpt>
      <trkpt lat="35.15741" lon="-111.68602">
        <ele>2116.0</ele>
      </trkpt>
      <trkpt lat="35.1573" lon="-111.68605">
        <ele>2116.66</ele>
      </trkpt>
      <trkpt lat="35.15718" lon="-111.68609">
        <ele>2116.12</ele>
      </trkpt>
      <trkpt lat="35.15707" lon="-111.68613">
        <ele>2115.8</ele>
      </trkpt>
      <trkpt lat="35.15696" lon="-111.68618">
        <ele>2115.26</ele>
      </trkpt>
      <trkpt lat="35.15684" lon="-111.68622">
        <ele>2115.0</ele>
      </trkpt>
      <trkpt lat="35.15673" lon="-111.68627">
        <ele>2115.32</ele>
      </trkpt>
      <trkpt lat="35.15663" lon="-111.68629">
        <ele>2116.0</ele>
      </trkpt>
      <trkpt lat="35.15654" lon="-111.68634">
        <ele>2116.19</ele>
      </trkpt>
      <trkpt lat="35.15652" lon="-111.68637">
        <ele>2116.12</ele>
      </trkpt>
      <trkpt lat="35.15642" lon="-111.68645">
        <ele>2116.0</ele>
      </trkpt>
      <trkpt lat="35.15631" lon="-111.68653">
        <ele>2115.92</ele>
      </trkpt>
      <trkpt lat="35.1562" lon="-111.68661">
        <ele>2116.02</ele>
      </trkpt>
      <trkpt lat="35.15611" lon="-111.68669">
        <ele>2116.01</ele>
      </trkpt>
      <trkpt lat="35.156" lon="-111.68677">
        <ele>2116.18</ele>
      </trkpt>
      <trkpt lat="35.15589" lon="-111.68685">
        <ele>2116.02</ele>
      </trkpt>
      <trkpt lat="35.15578" lon="-111.68693">
        <ele>2115.64</ele>
      </trkpt>
      <trkpt lat="35.15568" lon="-111.687">
        <ele>2115.79</ele>
      </trkpt>
      <trkpt lat="35.15557" lon="-111.68709">
        <ele>2115.91</ele>
      </trkpt>
      <trkpt lat="35.15546" lon="-111.68716">
        <ele>2115.7</ele>
      </trkpt>
      <trkpt lat="35.15536" lon="-111.68724">
        <ele>2115.83</ele>
      </trkpt>
      <trkpt lat="35.15526" lon="-111.68731">
        <ele>2116.01</ele>
      </trkpt>
      <trkpt lat="35.15516" lon="-111.68739">
        <ele>2116.05</ele>
      </trkpt>
      <trkpt lat="35.15504" lon="-111.68748">
        <ele>2116.12</ele>
      </trkpt>
      <trkpt lat="35.15493" lon="-111.68758">
        <ele>2115.89</ele>
      </trkpt>
      <trkpt lat="35.15482" lon="-111.68769">
        <ele>2115.89</ele>
      </trkpt>
      <trkpt lat="35.15473" lon="-111.68779">
        <ele>2115.8</ele>
      </trkpt>
      <trkpt lat="35.15465" lon="-111.68789">
        <ele>2115.61</ele>
      </trkpt>
      <trkpt lat="35.15458" lon="-111.68798">
        <ele>2115.44</ele>
      </trkpt>
      <trkpt lat="35.1545" lon="-111.68808">
        <ele>2115.4</ele>
      </trkpt>
      <trkpt lat="35.15442" lon="-111.68817">
        <ele>2116.0</ele>
      </trkpt>
      <trkpt lat="35.15433" lon="-111.68826">
        <ele>2116.05</ele>
      </trkpt>
      <trkpt lat="35.15425" lon="-111.68836">
        <ele>2116.74</ele>
      </trkpt>
      <trkpt lat="35.15417" lon="-111.68846">
        <ele>2116.96</ele>
      </trkpt>
      <trkpt lat="35.15407" lon="-111.68855">
        <ele>2117.03</ele>
      </trkpt>
      <trkpt lat="35.15397" lon="-111.68864">
        <ele>2117.09</ele>
      </trkpt>
      <trkpt lat="35.15387" lon="-111.68872">
        <ele>2117.17</ele>
      </trkpt>
      <trkpt lat="35.15375" lon="-111.68881">
        <ele>2117.5</ele>
      </trkpt>
      <trkpt lat="35.15364" lon="-111.6889">
        <ele>2117.96</ele>
      </trkpt>
      <trkpt lat="35.15352" lon="-111.689">
        <ele>2118.0</ele>
      </trkpt>
      <trkpt lat="35.15341" lon="-111.68909">
        <ele>2118.86</ele>
      </trkpt>
      <trkpt lat="35.15329" lon="-111.68919">
        <ele>2119.0</ele>
      </trkpt>
      <trkpt lat="35.15316" lon="-111.68929">
        <ele>2119.58</ele>
      </trkpt>
      <trkpt lat="35.15306" lon="-111.68937">
        <ele>2119.77</ele>
      </trkpt>
      <trkpt lat="35.15294" lon="-111.68943">
        <ele>2120.04</ele>
      </trkpt>
      <trkpt lat="35.15282" lon="-111.68948">
        <ele>2120.34</ele>
      </trkpt>
      <trkpt lat="35.1527" lon="-111.68953">
        <ele>2120.92</ele>
      </trkpt>
      <trkpt lat="35.15257" lon="-111.68958">
        <ele>2121.13</ele>
      </trkpt>
      <trkpt lat="35.15244" lon="-111.68962">
        <ele>2121.68</ele>
      </trkpt>
      <trkpt lat="35.15232" lon="-111.68966">
        <ele>2121.67</ele>
      </trkpt>
      <trkpt lat="35.15218" lon="-111.68971">
        <ele>2122.06</ele>
      </trkpt>
      <trkpt lat="35.15205" lon="-111.68975">
        <ele>2122.0</ele>
      </trkpt>
      <trkpt lat="35.15195" lon="-111.68985">
        <ele>2121.98</ele>
      </trkpt>
      <trkpt lat="35.15184" lon="-111.68986">
        <ele>2122.51</ele>
      </trkpt>
      <trkpt lat="35.15173" lon="-111.68986">
        <ele>2122.67</ele>
      </trkpt>
      <trkpt lat="35.15164" lon="-111.68985">
        <ele>2123.18</ele>
      </trkpt>
      <trkpt lat="35.15157" lon="-111.68981">
        <ele>2124.0</ele>
      </trkpt>
      <trkpt lat="35.15153" lon="-111.68973">
        <ele>2124.44</ele>
      </trkpt>
      <trkpt lat="35.15151" lon="-111.68958">
        <ele>2125.54</ele>
      </trkpt>
      <trkpt lat="35.1515" lon="-111.68945">
        <ele>2126.75</ele>
      </trkpt>
      <trkpt lat="35.1515" lon="-111.68932">
        <ele>2127.34</ele>
      </trkpt>
      <trkpt lat="35.15151" lon="-111.68916">
        <ele>2128.71</ele>
      </trkpt>
      <trkpt lat="35.15151" lon="-111.68899">
        <ele>2129.63</ele>
      </trkpt>
      <trkpt lat="35.15152" lon="-111.68881">
        <ele>2130.5</ele>
      </trkpt>
      <trkpt lat="35.15154" lon="-111.68865">
        <ele>2131.58</ele>
      </trkpt>
      <trkpt lat="35.15155" lon="-111.68848">
        <ele>2132.57</ele>
      </trkpt>
      <trkpt lat="35.15156" lon="-111.68834">
        <ele>2133.14</ele>
      </trkpt>
      <trkpt lat="35.15157" lon="-111.6882">
        <ele>2133.46</ele>
      </trkpt>
      <trkpt lat="35.15157" lon="-111.68805">
        <ele>2134.04</ele>
      </trkpt>
      <trkpt lat="35.15157" lon="-111.68788">
        <ele>2134.04</ele>
      </trkpt>
      <trkpt lat="35.15158" lon="-111.6877">
        <ele>2133.94</ele>
      </trkpt>
      <trkpt lat="35.15157" lon="-111.68752">
        <ele>2133.25</ele>
      </trkpt>
      <trkpt lat="35.15157" lon="-111.68735">
        <ele>2133.02</ele>
      </trkpt>
      <trkpt lat="35.15156" lon="-111.68718">
        <ele>2132.15</ele>
      </trkpt>
      <trkpt lat="35.15156" lon="-111.68704">
        <ele>2132.0</ele>
      </trkpt>
      <trkpt lat="35.15155" lon="-111.68693">
        <ele>2132.0</ele>
      </trkpt>
      <trkpt lat="35.15155" lon="-111.68681">
        <ele>2132.0</ele>
      </trkpt>
      <trkpt lat="35.15154" lon="-111.68669">
        <ele>2132.0</ele>
      </trkpt>
      <trkpt lat="35.15154" lon="-111.68655">
        <ele>2131.37</ele>
      </trkpt>
      <trkpt lat="35.15153" lon="-111.68632">
        <ele>2131.0</ele>
      </trkpt>
      <trkpt lat="35.15152" lon="-111.68611">
        <ele>2131.0</ele>
      </trkpt>
      <trkpt lat="35.15151" lon="-111.686">
        <ele>2131.0</ele>
      </trkpt>
      <trkpt lat="35.15149" lon="-111.68589">
        <ele>2131.0</ele>
      </trkpt>
      <trkpt lat="35.15149" lon="-111.68577">
        <ele>2131.0</ele>
      </trkpt>
      <trkpt lat="35.1515" lon="-111.68565">
        <ele>2131.0</ele>
      </trkpt>
      <trkpt lat="35.15151" lon="-111.68553">
        <ele>2130.0</ele>
      </trkpt>
      <trkpt lat="35.15153" lon="-111.6854">
        <ele>2130.0</ele>
      </trkpt>
      <trkpt lat="35.15155" lon="-111.68529">
        <ele>2130.0</ele>
      </trkpt>
      <trkpt lat="35.15156" lon="-111.68519">
        <ele>2130.0</ele>
      </trkpt>
      <trkpt lat="35.15156" lon="-111.68508">
        <ele>2129.0</ele>
      </trkpt>
      <trkpt lat="35.15155" lon="-111.68498">
        <ele>2129.0</ele>
      </trkpt>
      <trkpt lat="35.1515" lon="-111.6849">
        <ele>2129.0</ele>
      </trkpt>
      <trkpt lat="35.15142" lon="-111.68482">
        <ele>2129.0</ele>
      </trkpt>
      <trkpt lat="35.15131" lon="-111.68474">
        <ele>2129.0</ele>
      </trkpt>
      <trkpt lat="35.15121" lon="-111.68467">
        <ele>2129.0</ele>
      </trkpt>
      <trkpt lat="35.1511" lon="-111.6846">
        <ele>2129.0</ele>
      </trkpt>
      <trkpt lat="35.15099" lon="-111.68454">
        <ele>2129.0</ele>
      </trkpt>
      <trkpt lat="35.15088" lon="-111.68447">
        <ele>2129.0</ele>
      </trkpt>
      <trkpt lat="35.15077" lon="-111.6844">
        <ele>2129.68</ele>
      </trkpt>
      <trkpt lat="35.15065" lon="-111.68433">
        <ele>2130.0</ele>
      </trkpt>
      <trkpt lat="35.15053" lon="-111.68426">
        <ele>2130.0</ele>
      </trkpt>
      <trkpt lat="35.15043" lon="-111.68419">
        <ele>2130.36</ele>
      </trkpt>
      <trkpt lat="35.15032" lon="-111.68413">
        <ele>2131.0</ele>
      </trkpt>
      <trkpt lat="35.1502" lon="-111.68411">
        <ele>2131.0</ele>
      </trkpt>
      <trkpt lat="35.15009" lon="-111.68404">
        <ele>2131.0</ele>
      </trkpt>
      <trkpt lat="35.14999" lon="-111.68398">
        <ele>2131.11</ele>
      </trkpt>
      <trkpt lat="35.14989" lon="-111.68391">
        <ele>2131.37</ele>
      </trkpt>
      <trkpt lat="35.14979" lon="-111.68382">
        <ele>2132.0</ele>
      </trkpt>
      <trkpt lat="35.14968" lon="-111.68375">
        <ele>2132.0</ele>
      </trkpt>
      <trkpt lat="35.14957" lon="-111.68369">
        <ele>2132.0</ele>
      </trkpt>
      <trkpt lat="35.14947" lon="-111.68363">
        <ele>2132.72</ele>
      </trkpt>
      <trkpt lat="35.14937" lon="-111.68356">
        <ele>2132.89</ele>
      </trkpt>
      <trkpt lat="35.14926" lon="-111.68349">
        <ele>2133.0</ele>
      </trkpt>
      <trkpt lat="35.14917" lon="-111.68343">
        <ele>2133.0</ele>
      </trkpt>
      <trkpt lat="35.14908" lon="-111.68336">
        <ele>2133.0</ele>
      </trkpt>
      <trkpt lat="35.14898" lon="-111.6833">
        <ele>2133.65</ele>
      </trkpt>
      <trkpt lat="35.1489" lon="-111.68323">
        <ele>2133.78</ele>
      </trkpt>
      <trkpt lat="35.14882" lon="-111.68317">
        <ele>2133.8</ele>
      </trkpt>
      <trkpt lat="35.14879" lon="-111.68314">
        <ele>2133.92</ele>
      </trkpt>
      <trkpt lat="35.14875" lon="-111.68311">
        <ele>2133.79</ele>
      </trkpt>
      <trkpt lat="35.14873" lon="-111.68309">
        <ele>2133.82</ele>
      </trkpt>
      <trkpt lat="35.1487" lon="-111.68307">
        <ele>2134.0</ele>
      </trkpt>
    </trkseg>
  </trk>
</gpx>
