<?xml version="1.0"?>
<gpx xmlns="http://www.topografix.com/GPX/1/1" xmlns:xsi="http://www.w3.org/2001/XMLSchema-instance" version="1.1" creator="AllTrails.com" xsi:schemaLocation="http://www.topografix.com/GPX/1/1 http://www.topografix.com/GPX/1/1/gpx.xsd">
  <metadata>
    <name><![CDATA[Hopi Salt Trail to the Little Colorado River]]></name>
    <desc><![CDATA[]]></desc>
    <link href="http://www.alltrails.com">
      <text>AllTrails, LLC</text>
    </link>
    <bounds minlat="36.18413" minlon="-111.70967" maxlat="36.21755" maxlon="-111.69694"/>
  </metadata>
  <trk>
    <name><![CDATA[Hopi Salt Trail to the Little Colorado River]]></name>
    <src>AllTrails</src>
    <trkseg>
      <trkpt lat="36.21569" lon="-111.69696">
        <ele>1724.38</ele>
      </trkpt>
      <trkpt lat="36.21585" lon="-111.69694">
        <ele>1723.87</ele>
      </trkpt>
      <trkpt lat="36.2159" lon="-111.69694">
        <ele>1723.33</ele>
      </trkpt>
      <trkpt lat="36.21595" lon="-111.69696">
        <ele>1722.83</ele>
      </trkpt>
      <trkpt lat="36.21599" lon="-111.69698">
        <ele>1722.62</ele>
      </trkpt>
      <trkpt lat="36.21605" lon="-111.69699">
        <ele>1722.34</ele>
      </trkpt>
      <trkpt lat="36.21607" lon="-111.697">
        <ele>1722.07</ele>
      </trkpt>
      <trkpt lat="36.21622" lon="-111.69702">
        <ele>1720.34</ele>
      </trkpt>
      <trkpt lat="36.21627" lon="-111.69702">
        <ele>1720.24</ele>
      </trkpt>
      <trkpt lat="36.21632" lon="-111.69702">
        <ele>1719.98</ele>
      </trkpt>
      <trkpt lat="36.21637" lon="-111.69703">
        <ele>1719.34</ele>
      </trkpt>
      <trkpt lat="36.21642" lon="-111.69705">
        <ele>1718.24</ele>
      </trkpt>
      <trkpt lat="36.21647" lon="-111.69707">
        <ele>1717.06</ele>
      </trkpt>
      <trkpt lat="36.21651" lon="-111.69709">
        <ele>1715.98</ele>
      </trkpt>
      <trkpt lat="36.21654" lon="-111.6971">
        <ele>1715.33</ele>
      </trkpt>
      <trkpt lat="36.21656" lon="-111.69711">
        <ele>1714.79</ele>
      </trkpt>
      <trkpt lat="36.21657" lon="-111.69711">
        <ele>1714.68</ele>
      </trkpt>
      <trkpt lat="36.21661" lon="-111.69711">
        <ele>1714.25</ele>
      </trkpt>
      <trkpt lat="36.21668" lon="-111.6971">
        <ele>1713.96</ele>
      </trkpt>
      <trkpt lat="36.21678" lon="-111.69708">
        <ele>1714.38</ele>
      </trkpt>
      <trkpt lat="36.21687" lon="-111.69708">
        <ele>1713.41</ele>
      </trkpt>
      <trkpt lat="36.2169" lon="-111.69709">
        <ele>1712.76</ele>
      </trkpt>
      <trkpt lat="36.21694" lon="-111.69708">
        <ele>1712.66</ele>
      </trkpt>
      <trkpt lat="36.21701" lon="-111.69708">
        <ele>1711.9</ele>
      </trkpt>
      <trkpt lat="36.21704" lon="-111.69707">
        <ele>1711.9</ele>
      </trkpt>
      <trkpt lat="36.21712" lon="-111.69707">
        <ele>1711.04</ele>
      </trkpt>
      <trkpt lat="36.21716" lon="-111.69708">
        <ele>1710.28</ele>
      </trkpt>
      <trkpt lat="36.2173" lon="-111.69711">
        <ele>1708.46</ele>
      </trkpt>
      <trkpt lat="36.2174" lon="-111.69714">
        <ele>1706.86</ele>
      </trkpt>
      <trkpt lat="36.21747" lon="-111.69717">
        <ele>1705.45</ele>
      </trkpt>
      <trkpt lat="36.21749" lon="-111.69719">
        <ele>1704.8</ele>
      </trkpt>
      <trkpt lat="36.21751" lon="-111.69721">
        <ele>1704.16</ele>
      </trkpt>
      <trkpt lat="36.21753" lon="-111.69726">
        <ele>1702.86</ele>
      </trkpt>
      <trkpt lat="36.21753" lon="-111.69732">
        <ele>1701.62</ele>
      </trkpt>
      <trkpt lat="36.21751" lon="-111.6974">
        <ele>1700.97</ele>
      </trkpt>
      <trkpt lat="36.21751" lon="-111.69746">
        <ele>1699.76</ele>
      </trkpt>
      <trkpt lat="36.21751" lon="-111.69748">
        <ele>1699.32</ele>
      </trkpt>
      <trkpt lat="36.21754" lon="-111.69752">
        <ele>1698.45</ele>
      </trkpt>
      <trkpt lat="36.21755" lon="-111.69756">
        <ele>1698.16</ele>
      </trkpt>
      <trkpt lat="36.21755" lon="-111.69761">
        <ele>1697.81</ele>
      </trkpt>
      <trkpt lat="36.21754" lon="-111.69765">
        <ele>1697.38</ele>
      </trkpt>
      <trkpt lat="36.21754" lon="-111.69771">
        <ele>1696.73</ele>
      </trkpt>
      <trkpt lat="36.21753" lon="-111.69774">
        <ele>1696.41</ele>
      </trkpt>
      <trkpt lat="36.21754" lon="-111.6978">
        <ele>1695.76</ele>
      </trkpt>
      <trkpt lat="36.21753" lon="-111.69786">
        <ele>1695.11</ele>
      </trkpt>
      <trkpt lat="36.21753" lon="-111.69797">
        <ele>1693.22</ele>
      </trkpt>
      <trkpt lat="36.21754" lon="-111.698">
        <ele>1692.86</ele>
      </trkpt>
      <trkpt lat="36.21753" lon="-111.69805">
        <ele>1692.08</ele>
      </trkpt>
      <trkpt lat="36.21753" lon="-111.69813">
        <ele>1690.39</ele>
      </trkpt>
      <trkpt lat="36.21754" lon="-111.6982">
        <ele>1688.88</ele>
      </trkpt>
      <trkpt lat="36.21754" lon="-111.69825">
        <ele>1687.9</ele>
      </trkpt>
      <trkpt lat="36.21753" lon="-111.69831">
        <ele>1687.25</ele>
      </trkpt>
      <trkpt lat="36.21752" lon="-111.69838">
        <ele>1686.5</ele>
      </trkpt>
      <trkpt lat="36.21747" lon="-111.69847">
        <ele>1686.0</ele>
      </trkpt>
      <trkpt lat="36.21744" lon="-111.69854">
        <ele>1685.77</ele>
      </trkpt>
      <trkpt lat="36.21741" lon="-111.69859">
        <ele>1685.23</ele>
      </trkpt>
      <trkpt lat="36.21738" lon="-111.69866">
        <ele>1685.0</ele>
      </trkpt>
      <trkpt lat="36.21728" lon="-111.6988">
        <ele>1685.0</ele>
      </trkpt>
      <trkpt lat="36.21726" lon="-111.69882">
        <ele>1685.0</ele>
      </trkpt>
      <trkpt lat="36.21722" lon="-111.69883">
        <ele>1685.0</ele>
      </trkpt>
      <trkpt lat="36.21714" lon="-111.69883">
        <ele>1685.0</ele>
      </trkpt>
      <trkpt lat="36.2171" lon="-111.69884">
        <ele>1684.83</ele>
      </trkpt>
      <trkpt lat="36.21704" lon="-111.69887">
        <ele>1684.8</ele>
      </trkpt>
      <trkpt lat="36.21699" lon="-111.69891">
        <ele>1684.49</ele>
      </trkpt>
      <trkpt lat="36.21695" lon="-111.69894">
        <ele>1684.06</ele>
      </trkpt>
      <trkpt lat="36.21693" lon="-111.69896">
        <ele>1684.0</ele>
      </trkpt>
      <trkpt lat="36.2169" lon="-111.69899">
        <ele>1684.0</ele>
      </trkpt>
      <trkpt lat="36.21685" lon="-111.69907">
        <ele>1683.98</ele>
      </trkpt>
      <trkpt lat="36.21678" lon="-111.69911">
        <ele>1683.22</ele>
      </trkpt>
      <trkpt lat="36.21674" lon="-111.69915">
        <ele>1682.75</ele>
      </trkpt>
      <trkpt lat="36.21669" lon="-111.6992">
        <ele>1681.98</ele>
      </trkpt>
      <trkpt lat="36.21664" lon="-111.69924">
        <ele>1680.63</ele>
      </trkpt>
      <trkpt lat="36.21648" lon="-111.69931">
        <ele>1676.98</ele>
      </trkpt>
      <trkpt lat="36.21645" lon="-111.69933">
        <ele>1676.4</ele>
      </trkpt>
      <trkpt lat="36.21634" lon="-111.69937">
        <ele>1674.47</ele>
      </trkpt>
      <trkpt lat="36.21631" lon="-111.69937">
        <ele>1674.15</ele>
      </trkpt>
      <trkpt lat="36.21626" lon="-111.69937">
        <ele>1673.22</ele>
      </trkpt>
      <trkpt lat="36.21622" lon="-111.69936">
        <ele>1672.35</ele>
      </trkpt>
      <trkpt lat="36.21619" lon="-111.69935">
        <ele>1671.87</ele>
      </trkpt>
      <trkpt lat="36.21617" lon="-111.69935">
        <ele>1671.66</ele>
      </trkpt>
      <trkpt lat="36.21615" lon="-111.69935">
        <ele>1671.44</ele>
      </trkpt>
      <trkpt lat="36.21613" lon="-111.69935">
        <ele>1671.22</ele>
      </trkpt>
      <trkpt lat="36.21608" lon="-111.69935">
        <ele>1670.68</ele>
      </trkpt>
      <trkpt lat="36.21606" lon="-111.69936">
        <ele>1670.21</ele>
      </trkpt>
      <trkpt lat="36.21593" lon="-111.69944">
        <ele>1662.41</ele>
      </trkpt>
      <trkpt lat="36.21589" lon="-111.69947">
        <ele>1660.12</ele>
      </trkpt>
      <trkpt lat="36.21584" lon="-111.6995">
        <ele>1657.74</ele>
      </trkpt>
      <trkpt lat="36.2158" lon="-111.69952">
        <ele>1654.84</ele>
      </trkpt>
      <trkpt lat="36.21575" lon="-111.69954">
        <ele>1650.48</ele>
      </trkpt>
      <trkpt lat="36.21573" lon="-111.69955">
        <ele>1648.94</ele>
      </trkpt>
      <trkpt lat="36.21556" lon="-111.69963">
        <ele>1633.33</ele>
      </trkpt>
      <trkpt lat="36.21551" lon="-111.69965">
        <ele>1628.9</ele>
      </trkpt>
      <trkpt lat="36.21547" lon="-111.69967">
        <ele>1624.85</ele>
      </trkpt>
      <trkpt lat="36.21542" lon="-111.69965">
        <ele>1621.67</ele>
      </trkpt>
      <trkpt lat="36.21538" lon="-111.69963">
        <ele>1619.7</ele>
      </trkpt>
      <trkpt lat="36.21537" lon="-111.69961">
        <ele>1620.88</ele>
      </trkpt>
      <trkpt lat="36.21536" lon="-111.69959">
        <ele>1622.02</ele>
      </trkpt>
      <trkpt lat="36.21535" lon="-111.69958">
        <ele>1622.17</ele>
      </trkpt>
      <trkpt lat="36.21535" lon="-111.69958">
        <ele>1622.17</ele>
      </trkpt>
      <trkpt lat="36.21535" lon="-111.69958">
        <ele>1622.17</ele>
      </trkpt>
      <trkpt lat="36.21534" lon="-111.69958">
        <ele>1621.35</ele>
      </trkpt>
      <trkpt lat="36.21534" lon="-111.69958">
        <ele>1621.35</ele>
      </trkpt>
      <trkpt lat="36.21528" lon="-111.69954">
        <ele>1619.94</ele>
      </trkpt>
      <trkpt lat="36.21525" lon="-111.69951">
        <ele>1619.24</ele>
      </trkpt>
      <trkpt lat="36.21525" lon="-111.69945">
        <ele>1622.86</ele>
      </trkpt>
      <trkpt lat="36.21525" lon="-111.69944">
        <ele>1623.3</ele>
      </trkpt>
      <trkpt lat="36.21524" lon="-111.6994">
        <ele>1623.51</ele>
      </trkpt>
      <trkpt lat="36.21514" lon="-111.69945">
        <ele>1612.81</ele>
      </trkpt>
      <trkpt lat="36.21514" lon="-111.69944">
        <ele>1613.22</ele>
      </trkpt>
      <trkpt lat="36.2151" lon="-111.69937">
        <ele>1608.83</ele>
      </trkpt>
      <trkpt lat="36.21506" lon="-111.69934">
        <ele>1604.47</ele>
      </trkpt>
      <trkpt lat="36.21502" lon="-111.69933">
        <ele>1600.22</ele>
      </trkpt>
      <trkpt lat="36.21501" lon="-111.69932">
        <ele>1599.49</ele>
      </trkpt>
      <trkpt lat="36.21494" lon="-111.69929">
        <ele>1594.92</ele>
      </trkpt>
      <trkpt lat="36.2149" lon="-111.69932">
        <ele>1590.16</ele>
      </trkpt>
      <trkpt lat="36.21487" lon="-111.69934">
        <ele>1586.56</ele>
      </trkpt>
      <trkpt lat="36.21482" lon="-111.69934">
        <ele>1582.45</ele>
      </trkpt>
      <trkpt lat="36.21478" lon="-111.69937">
        <ele>1577.65</ele>
      </trkpt>
      <trkpt lat="36.21474" lon="-111.6994">
        <ele>1572.16</ele>
      </trkpt>
      <trkpt lat="36.2147" lon="-111.69942">
        <ele>1567.09</ele>
      </trkpt>
      <trkpt lat="36.21467" lon="-111.69942">
        <ele>1564.99</ele>
      </trkpt>
      <trkpt lat="36.21465" lon="-111.69941">
        <ele>1564.84</ele>
      </trkpt>
      <trkpt lat="36.21464" lon="-111.69941">
        <ele>1564.16</ele>
      </trkpt>
      <trkpt lat="36.21463" lon="-111.6994">
        <ele>1564.78</ele>
      </trkpt>
      <trkpt lat="36.2146" lon="-111.69939">
        <ele>1565.23</ele>
      </trkpt>
      <trkpt lat="36.21458" lon="-111.69938">
        <ele>1565.91</ele>
      </trkpt>
      <trkpt lat="36.21455" lon="-111.69937">
        <ele>1566.24</ele>
      </trkpt>
      <trkpt lat="36.21454" lon="-111.69935">
        <ele>1568.36</ele>
      </trkpt>
      <trkpt lat="36.21451" lon="-111.69934">
        <ele>1568.05</ele>
      </trkpt>
      <trkpt lat="36.21449" lon="-111.69935">
        <ele>1565.68</ele>
      </trkpt>
      <trkpt lat="36.21446" lon="-111.69935">
        <ele>1564.03</ele>
      </trkpt>
      <trkpt lat="36.21442" lon="-111.69935">
        <ele>1561.83</ele>
      </trkpt>
      <trkpt lat="36.21439" lon="-111.69939">
        <ele>1557.49</ele>
      </trkpt>
      <trkpt lat="36.21435" lon="-111.69942">
        <ele>1554.23</ele>
      </trkpt>
      <trkpt lat="36.21434" lon="-111.69946">
        <ele>1551.46</ele>
      </trkpt>
      <trkpt lat="36.21432" lon="-111.69949">
        <ele>1548.5</ele>
      </trkpt>
      <trkpt lat="36.21426" lon="-111.69951">
        <ele>1544.08</ele>
      </trkpt>
      <trkpt lat="36.21421" lon="-111.69954">
        <ele>1539.67</ele>
      </trkpt>
      <trkpt lat="36.21418" lon="-111.69957">
        <ele>1536.39</ele>
      </trkpt>
      <trkpt lat="36.21414" lon="-111.69958">
        <ele>1534.93</ele>
      </trkpt>
      <trkpt lat="36.21412" lon="-111.6996">
        <ele>1533.42</ele>
      </trkpt>
      <trkpt lat="36.21411" lon="-111.69961">
        <ele>1532.66</ele>
      </trkpt>
      <trkpt lat="36.21407" lon="-111.69965">
        <ele>1529.6</ele>
      </trkpt>
      <trkpt lat="36.21399" lon="-111.69969">
        <ele>1525.86</ele>
      </trkpt>
      <trkpt lat="36.2139" lon="-111.69972">
        <ele>1522.32</ele>
      </trkpt>
      <trkpt lat="36.21389" lon="-111.69974">
        <ele>1521.07</ele>
      </trkpt>
      <trkpt lat="36.21389" lon="-111.69977">
        <ele>1519.45</ele>
      </trkpt>
      <trkpt lat="36.21388" lon="-111.69981">
        <ele>1517.06</ele>
      </trkpt>
      <trkpt lat="36.21387" lon="-111.69985">
        <ele>1515.45</ele>
      </trkpt>
      <trkpt lat="36.21386" lon="-111.6999">
        <ele>1513.62</ele>
      </trkpt>
      <trkpt lat="36.21378" lon="-111.69999">
        <ele>1508.97</ele>
      </trkpt>
      <trkpt lat="36.21374" lon="-111.70001">
        <ele>1507.46</ele>
      </trkpt>
      <trkpt lat="36.21365" lon="-111.70001">
        <ele>1505.06</ele>
      </trkpt>
      <trkpt lat="36.21362" lon="-111.70002">
        <ele>1504.03</ele>
      </trkpt>
      <trkpt lat="36.2136" lon="-111.70004">
        <ele>1503.09</ele>
      </trkpt>
      <trkpt lat="36.21358" lon="-111.70005">
        <ele>1502.12</ele>
      </trkpt>
      <trkpt lat="36.21355" lon="-111.70006">
        <ele>1500.71</ele>
      </trkpt>
      <trkpt lat="36.21351" lon="-111.70006">
        <ele>1498.96</ele>
      </trkpt>
      <trkpt lat="36.21348" lon="-111.70008">
        <ele>1497.17</ele>
      </trkpt>
      <trkpt lat="36.21346" lon="-111.70011">
        <ele>1495.46</ele>
      </trkpt>
      <trkpt lat="36.21344" lon="-111.70013">
        <ele>1493.95</ele>
      </trkpt>
      <trkpt lat="36.2134" lon="-111.70013">
        <ele>1491.85</ele>
      </trkpt>
      <trkpt lat="36.21336" lon="-111.70014">
        <ele>1489.4</ele>
      </trkpt>
      <trkpt lat="36.21332" lon="-111.70014">
        <ele>1487.01</ele>
      </trkpt>
      <trkpt lat="36.2133" lon="-111.70015">
        <ele>1485.05</ele>
      </trkpt>
      <trkpt lat="36.21327" lon="-111.70019">
        <ele>1480.42</ele>
      </trkpt>
      <trkpt lat="36.21324" lon="-111.70026">
        <ele>1476.34</ele>
      </trkpt>
      <trkpt lat="36.21322" lon="-111.70027">
        <ele>1474.86</ele>
      </trkpt>
      <trkpt lat="36.2132" lon="-111.70028">
        <ele>1473.35</ele>
      </trkpt>
      <trkpt lat="36.21318" lon="-111.70029">
        <ele>1471.98</ele>
      </trkpt>
      <trkpt lat="36.21317" lon="-111.7003">
        <ele>1471.23</ele>
      </trkpt>
      <trkpt lat="36.21317" lon="-111.70031">
        <ele>1471.15</ele>
      </trkpt>
      <trkpt lat="36.21315" lon="-111.70032">
        <ele>1469.67</ele>
      </trkpt>
      <trkpt lat="36.21313" lon="-111.70033">
        <ele>1468.35</ele>
      </trkpt>
      <trkpt lat="36.21308" lon="-111.70036">
        <ele>1464.78</ele>
      </trkpt>
      <trkpt lat="36.21303" lon="-111.70036">
        <ele>1462.43</ele>
      </trkpt>
      <trkpt lat="36.21299" lon="-111.70038">
        <ele>1460.66</ele>
      </trkpt>
      <trkpt lat="36.21296" lon="-111.70037">
        <ele>1459.92</ele>
      </trkpt>
      <trkpt lat="36.21292" lon="-111.70036">
        <ele>1459.05</ele>
      </trkpt>
      <trkpt lat="36.21291" lon="-111.70034">
        <ele>1459.64</ele>
      </trkpt>
      <trkpt lat="36.21287" lon="-111.70032">
        <ele>1459.71</ele>
      </trkpt>
      <trkpt lat="36.21285" lon="-111.7003">
        <ele>1460.53</ele>
      </trkpt>
      <trkpt lat="36.21283" lon="-111.70028">
        <ele>1461.43</ele>
      </trkpt>
      <trkpt lat="36.21278" lon="-111.70027">
        <ele>1461.61</ele>
      </trkpt>
      <trkpt lat="36.21275" lon="-111.70029">
        <ele>1459.91</ele>
      </trkpt>
      <trkpt lat="36.21274" lon="-111.70032">
        <ele>1457.86</ele>
      </trkpt>
      <trkpt lat="36.21272" lon="-111.70038">
        <ele>1453.86</ele>
      </trkpt>
      <trkpt lat="36.21269" lon="-111.70044">
        <ele>1450.29</ele>
      </trkpt>
      <trkpt lat="36.21268" lon="-111.70047">
        <ele>1448.58</ele>
      </trkpt>
      <trkpt lat="36.21267" lon="-111.70049">
        <ele>1447.46</ele>
      </trkpt>
      <trkpt lat="36.21265" lon="-111.70048">
        <ele>1447.43</ele>
      </trkpt>
      <trkpt lat="36.21263" lon="-111.70049">
        <ele>1446.47</ele>
      </trkpt>
      <trkpt lat="36.21262" lon="-111.70049">
        <ele>1446.22</ele>
      </trkpt>
      <trkpt lat="36.2126" lon="-111.70046">
        <ele>1447.35</ele>
      </trkpt>
      <trkpt lat="36.21258" lon="-111.70045">
        <ele>1447.33</ele>
      </trkpt>
      <trkpt lat="36.21255" lon="-111.70042">
        <ele>1448.37</ele>
      </trkpt>
      <trkpt lat="36.21253" lon="-111.70042">
        <ele>1447.71</ele>
      </trkpt>
      <trkpt lat="36.21249" lon="-111.7004">
        <ele>1448.15</ele>
      </trkpt>
      <trkpt lat="36.21247" lon="-111.70041">
        <ele>1446.65</ele>
      </trkpt>
      <trkpt lat="36.21247" lon="-111.70041">
        <ele>1446.65</ele>
      </trkpt>
      <trkpt lat="36.21245" lon="-111.70041">
        <ele>1446.03</ele>
      </trkpt>
      <trkpt lat="36.21245" lon="-111.70042">
        <ele>1445.05</ele>
      </trkpt>
      <trkpt lat="36.21244" lon="-111.70042">
        <ele>1444.72</ele>
      </trkpt>
      <trkpt lat="36.21243" lon="-111.70042">
        <ele>1444.39</ele>
      </trkpt>
      <trkpt lat="36.21242" lon="-111.70043">
        <ele>1443.01</ele>
      </trkpt>
      <trkpt lat="36.2124" lon="-111.70043">
        <ele>1442.22</ele>
      </trkpt>
      <trkpt lat="36.21235" lon="-111.70047">
        <ele>1435.14</ele>
      </trkpt>
      <trkpt lat="36.21231" lon="-111.70051">
        <ele>1428.74</ele>
      </trkpt>
      <trkpt lat="36.21229" lon="-111.70056">
        <ele>1422.8</ele>
      </trkpt>
      <trkpt lat="36.21229" lon="-111.70058">
        <ele>1421.01</ele>
      </trkpt>
      <trkpt lat="36.21227" lon="-111.70061">
        <ele>1417.56</ele>
      </trkpt>
      <trkpt lat="36.21224" lon="-111.70064">
        <ele>1413.54</ele>
      </trkpt>
      <trkpt lat="36.21219" lon="-111.70067">
        <ele>1408.65</ele>
      </trkpt>
      <trkpt lat="36.21216" lon="-111.7007">
        <ele>1405.02</ele>
      </trkpt>
      <trkpt lat="36.21214" lon="-111.70075">
        <ele>1400.92</ele>
      </trkpt>
      <trkpt lat="36.21213" lon="-111.70076">
        <ele>1400.38</ele>
      </trkpt>
      <trkpt lat="36.21212" lon="-111.70078">
        <ele>1399.52</ele>
      </trkpt>
      <trkpt lat="36.21211" lon="-111.7008">
        <ele>1398.66</ele>
      </trkpt>
      <trkpt lat="36.21209" lon="-111.70085">
        <ele>1396.53</ele>
      </trkpt>
      <trkpt lat="36.21207" lon="-111.70088">
        <ele>1394.88</ele>
      </trkpt>
      <trkpt lat="36.21206" lon="-111.70088">
        <ele>1394.6</ele>
      </trkpt>
      <trkpt lat="36.21202" lon="-111.70086">
        <ele>1394.53</ele>
      </trkpt>
      <trkpt lat="36.212" lon="-111.70086">
        <ele>1394.16</ele>
      </trkpt>
      <trkpt lat="36.21197" lon="-111.70088">
        <ele>1392.9</ele>
      </trkpt>
      <trkpt lat="36.21196" lon="-111.70091">
        <ele>1391.71</ele>
      </trkpt>
      <trkpt lat="36.21196" lon="-111.70098">
        <ele>1389.51</ele>
      </trkpt>
      <trkpt lat="36.21195" lon="-111.70107">
        <ele>1387.01</ele>
      </trkpt>
      <trkpt lat="36.21193" lon="-111.70113">
        <ele>1385.3</ele>
      </trkpt>
      <trkpt lat="36.21193" lon="-111.70115">
        <ele>1385.05</ele>
      </trkpt>
      <trkpt lat="36.21192" lon="-111.70116">
        <ele>1384.54</ele>
      </trkpt>
      <trkpt lat="36.21191" lon="-111.70117">
        <ele>1384.01</ele>
      </trkpt>
      <trkpt lat="36.21191" lon="-111.70118">
        <ele>1383.86</ele>
      </trkpt>
      <trkpt lat="36.2119" lon="-111.70122">
        <ele>1382.99</ele>
      </trkpt>
      <trkpt lat="36.21186" lon="-111.70128">
        <ele>1381.28</ele>
      </trkpt>
      <trkpt lat="36.21184" lon="-111.70131">
        <ele>1380.34</ele>
      </trkpt>
      <trkpt lat="36.2118" lon="-111.70134">
        <ele>1378.29</ele>
      </trkpt>
      <trkpt lat="36.21174" lon="-111.70136">
        <ele>1375.27</ele>
      </trkpt>
      <trkpt lat="36.21167" lon="-111.7014">
        <ele>1371.06</ele>
      </trkpt>
      <trkpt lat="36.21167" lon="-111.70149">
        <ele>1370.0</ele>
      </trkpt>
      <trkpt lat="36.21166" lon="-111.70156">
        <ele>1367.94</ele>
      </trkpt>
      <trkpt lat="36.21164" lon="-111.7016">
        <ele>1366.2</ele>
      </trkpt>
      <trkpt lat="36.21164" lon="-111.70162">
        <ele>1365.92</ele>
      </trkpt>
      <trkpt lat="36.2116" lon="-111.70167">
        <ele>1362.6</ele>
      </trkpt>
      <trkpt lat="36.21155" lon="-111.70175">
        <ele>1357.93</ele>
      </trkpt>
      <trkpt lat="36.21147" lon="-111.70181">
        <ele>1351.67</ele>
      </trkpt>
      <trkpt lat="36.21144" lon="-111.70186">
        <ele>1348.0</ele>
      </trkpt>
      <trkpt lat="36.21141" lon="-111.70188">
        <ele>1345.39</ele>
      </trkpt>
      <trkpt lat="36.21139" lon="-111.7019">
        <ele>1343.51</ele>
      </trkpt>
      <trkpt lat="36.21138" lon="-111.7019">
        <ele>1343.16</ele>
      </trkpt>
      <trkpt lat="36.21138" lon="-111.7019">
        <ele>1343.16</ele>
      </trkpt>
      <trkpt lat="36.21137" lon="-111.7019">
        <ele>1342.84</ele>
      </trkpt>
      <trkpt lat="36.21136" lon="-111.70191">
        <ele>1342.26</ele>
      </trkpt>
      <trkpt lat="36.21135" lon="-111.70191">
        <ele>1341.96</ele>
      </trkpt>
      <trkpt lat="36.21134" lon="-111.70191">
        <ele>1341.67</ele>
      </trkpt>
      <trkpt lat="36.21132" lon="-111.70191">
        <ele>1341.07</ele>
      </trkpt>
      <trkpt lat="36.21128" lon="-111.7019">
        <ele>1339.95</ele>
      </trkpt>
      <trkpt lat="36.21127" lon="-111.7019">
        <ele>1339.63</ele>
      </trkpt>
      <trkpt lat="36.21125" lon="-111.70192">
        <ele>1338.76</ele>
      </trkpt>
      <trkpt lat="36.2112" lon="-111.70192">
        <ele>1337.19</ele>
      </trkpt>
      <trkpt lat="36.21116" lon="-111.70194">
        <ele>1336.13</ele>
      </trkpt>
      <trkpt lat="36.21107" lon="-111.70203">
        <ele>1333.63</ele>
      </trkpt>
      <trkpt lat="36.21104" lon="-111.70207">
        <ele>1332.88</ele>
      </trkpt>
      <trkpt lat="36.21099" lon="-111.7021">
        <ele>1331.7</ele>
      </trkpt>
      <trkpt lat="36.21097" lon="-111.7021">
        <ele>1331.27</ele>
      </trkpt>
      <trkpt lat="36.21092" lon="-111.70206">
        <ele>1330.62</ele>
      </trkpt>
      <trkpt lat="36.21089" lon="-111.70205">
        <ele>1330.08</ele>
      </trkpt>
      <trkpt lat="36.21083" lon="-111.70205">
        <ele>1328.82</ele>
      </trkpt>
      <trkpt lat="36.2108" lon="-111.70207">
        <ele>1328.16</ele>
      </trkpt>
      <trkpt lat="36.21077" lon="-111.70209">
        <ele>1327.35</ele>
      </trkpt>
      <trkpt lat="36.21074" lon="-111.70208">
        <ele>1327.06</ele>
      </trkpt>
      <trkpt lat="36.21072" lon="-111.70207">
        <ele>1326.84</ele>
      </trkpt>
      <trkpt lat="36.21069" lon="-111.70204">
        <ele>1326.84</ele>
      </trkpt>
      <trkpt lat="36.21064" lon="-111.70201">
        <ele>1326.5</ele>
      </trkpt>
      <trkpt lat="36.21062" lon="-111.70199">
        <ele>1326.71</ele>
      </trkpt>
      <trkpt lat="36.21058" lon="-111.70198">
        <ele>1326.5</ele>
      </trkpt>
      <trkpt lat="36.21055" lon="-111.70196">
        <ele>1326.6</ele>
      </trkpt>
      <trkpt lat="36.21054" lon="-111.70193">
        <ele>1327.3</ele>
      </trkpt>
      <trkpt lat="36.21053" lon="-111.7019">
        <ele>1328.16</ele>
      </trkpt>
      <trkpt lat="36.21052" lon="-111.70186">
        <ele>1329.35</ele>
      </trkpt>
      <trkpt lat="36.21049" lon="-111.70183">
        <ele>1330.0</ele>
      </trkpt>
      <trkpt lat="36.21046" lon="-111.70182">
        <ele>1330.03</ele>
      </trkpt>
      <trkpt lat="36.21044" lon="-111.70183">
        <ele>1329.71</ele>
      </trkpt>
      <trkpt lat="36.21041" lon="-111.70185">
        <ele>1329.06</ele>
      </trkpt>
      <trkpt lat="36.21039" lon="-111.70188">
        <ele>1328.09</ele>
      </trkpt>
      <trkpt lat="36.21036" lon="-111.70191">
        <ele>1327.0</ele>
      </trkpt>
      <trkpt lat="36.21032" lon="-111.70194">
        <ele>1325.6</ele>
      </trkpt>
      <trkpt lat="36.21028" lon="-111.70195">
        <ele>1324.9</ele>
      </trkpt>
      <trkpt lat="36.21025" lon="-111.70196">
        <ele>1324.56</ele>
      </trkpt>
      <trkpt lat="36.21019" lon="-111.70197">
        <ele>1323.92</ele>
      </trkpt>
      <trkpt lat="36.21014" lon="-111.70198">
        <ele>1322.49</ele>
      </trkpt>
      <trkpt lat="36.21008" lon="-111.702">
        <ele>1320.06</ele>
      </trkpt>
      <trkpt lat="36.20999" lon="-111.70207">
        <ele>1314.36</ele>
      </trkpt>
      <trkpt lat="36.20994" lon="-111.70208">
        <ele>1312.89</ele>
      </trkpt>
      <trkpt lat="36.20991" lon="-111.7021">
        <ele>1312.06</ele>
      </trkpt>
      <trkpt lat="36.20986" lon="-111.70209">
        <ele>1311.49</ele>
      </trkpt>
      <trkpt lat="36.20983" lon="-111.7021">
        <ele>1311.16</ele>
      </trkpt>
      <trkpt lat="36.20979" lon="-111.7021">
        <ele>1310.9</ele>
      </trkpt>
      <trkpt lat="36.20976" lon="-111.7021">
        <ele>1310.79</ele>
      </trkpt>
      <trkpt lat="36.20974" lon="-111.7021">
        <ele>1310.71</ele>
      </trkpt>
      <trkpt lat="36.20969" lon="-111.70212">
        <ele>1310.66</ele>
      </trkpt>
      <trkpt lat="36.20965" lon="-111.70212">
        <ele>1311.23</ele>
      </trkpt>
      <trkpt lat="36.20963" lon="-111.70212">
        <ele>1311.51</ele>
      </trkpt>
      <trkpt lat="36.20956" lon="-111.70216">
        <ele>1311.86</ele>
      </trkpt>
      <trkpt lat="36.20951" lon="-111.70217">
        <ele>1312.64</ele>
      </trkpt>
      <trkpt lat="36.20945" lon="-111.70223">
        <ele>1308.6</ele>
      </trkpt>
      <trkpt lat="36.20943" lon="-111.70226">
        <ele>1307.8</ele>
      </trkpt>
      <trkpt lat="36.20931" lon="-111.7024">
        <ele>1304.37</ele>
      </trkpt>
      <trkpt lat="36.20925" lon="-111.70244">
        <ele>1304.76</ele>
      </trkpt>
      <trkpt lat="36.20917" lon="-111.70249">
        <ele>1305.56</ele>
      </trkpt>
      <trkpt lat="36.20911" lon="-111.70253">
        <ele>1306.08</ele>
      </trkpt>
      <trkpt lat="36.20906" lon="-111.70255">
        <ele>1306.76</ele>
      </trkpt>
      <trkpt lat="36.20902" lon="-111.70257">
        <ele>1306.97</ele>
      </trkpt>
      <trkpt lat="36.209" lon="-111.70258">
        <ele>1307.08</ele>
      </trkpt>
      <trkpt lat="36.20899" lon="-111.70259">
        <ele>1306.86</ele>
      </trkpt>
      <trkpt lat="36.20898" lon="-111.7026">
        <ele>1306.71</ele>
      </trkpt>
      <trkpt lat="36.20898" lon="-111.7026">
        <ele>1306.71</ele>
      </trkpt>
      <trkpt lat="36.20896" lon="-111.70261">
        <ele>1306.67</ele>
      </trkpt>
      <trkpt lat="36.20894" lon="-111.70264">
        <ele>1305.62</ele>
      </trkpt>
      <trkpt lat="36.20887" lon="-111.70268">
        <ele>1304.48</ele>
      </trkpt>
      <trkpt lat="36.20881" lon="-111.7027">
        <ele>1304.26</ele>
      </trkpt>
      <trkpt lat="36.2088" lon="-111.70269">
        <ele>1304.76</ele>
      </trkpt>
      <trkpt lat="36.20877" lon="-111.7027">
        <ele>1304.36</ele>
      </trkpt>
      <trkpt lat="36.20875" lon="-111.70269">
        <ele>1304.79</ele>
      </trkpt>
      <trkpt lat="36.20873" lon="-111.7027">
        <ele>1304.36</ele>
      </trkpt>
      <trkpt lat="36.2087" lon="-111.70266">
        <ele>1306.32</ele>
      </trkpt>
      <trkpt lat="36.20867" lon="-111.70266">
        <ele>1306.0</ele>
      </trkpt>
      <trkpt lat="36.20864" lon="-111.70264">
        <ele>1306.75</ele>
      </trkpt>
      <trkpt lat="36.2086" lon="-111.70262">
        <ele>1307.36</ele>
      </trkpt>
      <trkpt lat="36.20859" lon="-111.70263">
        <ele>1306.66</ele>
      </trkpt>
      <trkpt lat="36.20857" lon="-111.70263">
        <ele>1306.36</ele>
      </trkpt>
      <trkpt lat="36.20854" lon="-111.7026">
        <ele>1307.77</ele>
      </trkpt>
      <trkpt lat="36.20853" lon="-111.7026">
        <ele>1307.65</ele>
      </trkpt>
      <trkpt lat="36.20844" lon="-111.70255">
        <ele>1308.22</ele>
      </trkpt>
      <trkpt lat="36.20842" lon="-111.70252">
        <ele>1309.91</ele>
      </trkpt>
      <trkpt lat="36.20842" lon="-111.7025">
        <ele>1311.68</ele>
      </trkpt>
      <trkpt lat="36.20842" lon="-111.70249">
        <ele>1312.55</ele>
      </trkpt>
      <trkpt lat="36.2084" lon="-111.70247">
        <ele>1313.28</ele>
      </trkpt>
      <trkpt lat="36.20838" lon="-111.70247">
        <ele>1312.27</ele>
      </trkpt>
      <trkpt lat="36.20836" lon="-111.70246">
        <ele>1312.2</ele>
      </trkpt>
      <trkpt lat="36.20832" lon="-111.70245">
        <ele>1311.14</ele>
      </trkpt>
      <trkpt lat="36.20826" lon="-111.70246">
        <ele>1306.93</ele>
      </trkpt>
      <trkpt lat="36.20826" lon="-111.70246">
        <ele>1306.93</ele>
      </trkpt>
      <trkpt lat="36.20825" lon="-111.70246">
        <ele>1306.39</ele>
      </trkpt>
      <trkpt lat="36.20822" lon="-111.70245">
        <ele>1306.27</ele>
      </trkpt>
      <trkpt lat="36.20821" lon="-111.70245">
        <ele>1305.99</ele>
      </trkpt>
      <trkpt lat="36.2082" lon="-111.70245">
        <ele>1305.71</ele>
      </trkpt>
      <trkpt lat="36.20819" lon="-111.70245">
        <ele>1305.42</ele>
      </trkpt>
      <trkpt lat="36.20816" lon="-111.70246">
        <ele>1303.89</ele>
      </trkpt>
      <trkpt lat="36.2081" lon="-111.70247">
        <ele>1303.11</ele>
      </trkpt>
      <trkpt lat="36.20804" lon="-111.70247">
        <ele>1303.83</ele>
      </trkpt>
      <trkpt lat="36.20799" lon="-111.70247">
        <ele>1305.62</ele>
      </trkpt>
      <trkpt lat="36.20794" lon="-111.70248">
        <ele>1306.53</ele>
      </trkpt>
      <trkpt lat="36.20789" lon="-111.70249">
        <ele>1307.31</ele>
      </trkpt>
      <trkpt lat="36.20787" lon="-111.7025">
        <ele>1307.02</ele>
      </trkpt>
      <trkpt lat="36.20781" lon="-111.70252">
        <ele>1308.25</ele>
      </trkpt>
      <trkpt lat="36.2078" lon="-111.70252">
        <ele>1308.74</ele>
      </trkpt>
      <trkpt lat="36.20777" lon="-111.70254">
        <ele>1307.9</ele>
      </trkpt>
      <trkpt lat="36.20776" lon="-111.70255">
        <ele>1307.07</ele>
      </trkpt>
      <trkpt lat="36.20773" lon="-111.70257">
        <ele>1305.6</ele>
      </trkpt>
      <trkpt lat="36.20771" lon="-111.70258">
        <ele>1304.92</ele>
      </trkpt>
      <trkpt lat="36.20768" lon="-111.70259">
        <ele>1304.36</ele>
      </trkpt>
      <trkpt lat="36.20763" lon="-111.7026">
        <ele>1303.96</ele>
      </trkpt>
      <trkpt lat="36.20758" lon="-111.70262">
        <ele>1302.77</ele>
      </trkpt>
      <trkpt lat="36.20753" lon="-111.70263">
        <ele>1302.44</ele>
      </trkpt>
      <trkpt lat="36.20747" lon="-111.70264">
        <ele>1302.39</ele>
      </trkpt>
      <trkpt lat="36.20747" lon="-111.70265">
        <ele>1301.49</ele>
      </trkpt>
      <trkpt lat="36.20737" lon="-111.70267">
        <ele>1300.54</ele>
      </trkpt>
      <trkpt lat="36.20734" lon="-111.7027">
        <ele>1297.72</ele>
      </trkpt>
      <trkpt lat="36.20733" lon="-111.70271">
        <ele>1296.86</ele>
      </trkpt>
      <trkpt lat="36.20733" lon="-111.70271">
        <ele>1296.86</ele>
      </trkpt>
      <trkpt lat="36.20732" lon="-111.70272">
        <ele>1295.99</ele>
      </trkpt>
      <trkpt lat="36.20729" lon="-111.70274">
        <ele>1294.37</ele>
      </trkpt>
      <trkpt lat="36.20725" lon="-111.70275">
        <ele>1293.61</ele>
      </trkpt>
      <trkpt lat="36.2072" lon="-111.70274">
        <ele>1294.67</ele>
      </trkpt>
      <trkpt lat="36.20716" lon="-111.70272">
        <ele>1296.62</ele>
      </trkpt>
      <trkpt lat="36.20714" lon="-111.70267">
        <ele>1301.64</ele>
      </trkpt>
      <trkpt lat="36.20712" lon="-111.70263">
        <ele>1305.96</ele>
      </trkpt>
      <trkpt lat="36.20703" lon="-111.7026">
        <ele>1309.2</ele>
      </trkpt>
      <trkpt lat="36.20697" lon="-111.70259">
        <ele>1310.25</ele>
      </trkpt>
      <trkpt lat="36.20692" lon="-111.70259">
        <ele>1310.25</ele>
      </trkpt>
      <trkpt lat="36.20687" lon="-111.70259">
        <ele>1310.25</ele>
      </trkpt>
      <trkpt lat="36.20682" lon="-111.70259">
        <ele>1309.92</ele>
      </trkpt>
      <trkpt lat="36.20675" lon="-111.70257">
        <ele>1311.44</ele>
      </trkpt>
      <trkpt lat="36.20671" lon="-111.70256">
        <ele>1312.52</ele>
      </trkpt>
      <trkpt lat="36.20658" lon="-111.70254">
        <ele>1314.28</ele>
      </trkpt>
      <trkpt lat="36.20657" lon="-111.70254">
        <ele>1314.25</ele>
      </trkpt>
      <trkpt lat="36.20656" lon="-111.70253">
        <ele>1315.44</ele>
      </trkpt>
      <trkpt lat="36.20656" lon="-111.70253">
        <ele>1315.44</ele>
      </trkpt>
      <trkpt lat="36.20655" lon="-111.70253">
        <ele>1315.44</ele>
      </trkpt>
      <trkpt lat="36.20653" lon="-111.70253">
        <ele>1315.44</ele>
      </trkpt>
      <trkpt lat="36.2065" lon="-111.70253">
        <ele>1315.44</ele>
      </trkpt>
      <trkpt lat="36.20644" lon="-111.70253">
        <ele>1315.29</ele>
      </trkpt>
      <trkpt lat="36.20638" lon="-111.70254">
        <ele>1313.77</ele>
      </trkpt>
      <trkpt lat="36.20631" lon="-111.70254">
        <ele>1313.45</ele>
      </trkpt>
      <trkpt lat="36.20629" lon="-111.70253">
        <ele>1314.79</ele>
      </trkpt>
      <trkpt lat="36.20628" lon="-111.70252">
        <ele>1316.19</ele>
      </trkpt>
      <trkpt lat="36.20625" lon="-111.70252">
        <ele>1316.19</ele>
      </trkpt>
      <trkpt lat="36.2062" lon="-111.7025">
        <ele>1319.0</ele>
      </trkpt>
      <trkpt lat="36.20616" lon="-111.70251">
        <ele>1317.6</ele>
      </trkpt>
      <trkpt lat="36.20612" lon="-111.70251">
        <ele>1317.6</ele>
      </trkpt>
      <trkpt lat="36.2061" lon="-111.70252">
        <ele>1316.07</ele>
      </trkpt>
      <trkpt lat="36.20607" lon="-111.70252">
        <ele>1315.75</ele>
      </trkpt>
      <trkpt lat="36.20601" lon="-111.70254">
        <ele>1312.34</ele>
      </trkpt>
      <trkpt lat="36.20597" lon="-111.70254">
        <ele>1312.16</ele>
      </trkpt>
      <trkpt lat="36.20593" lon="-111.70256">
        <ele>1308.96</ele>
      </trkpt>
      <trkpt lat="36.2059" lon="-111.70256">
        <ele>1309.21</ele>
      </trkpt>
      <trkpt lat="36.20588" lon="-111.70256">
        <ele>1309.42</ele>
      </trkpt>
      <trkpt lat="36.20585" lon="-111.70255">
        <ele>1311.26</ele>
      </trkpt>
      <trkpt lat="36.20583" lon="-111.70255">
        <ele>1311.48</ele>
      </trkpt>
      <trkpt lat="36.20578" lon="-111.70256">
        <ele>1310.5</ele>
      </trkpt>
      <trkpt lat="36.20573" lon="-111.70256">
        <ele>1311.08</ele>
      </trkpt>
      <trkpt lat="36.20568" lon="-111.70257">
        <ele>1310.41</ele>
      </trkpt>
      <trkpt lat="36.20564" lon="-111.70257">
        <ele>1311.02</ele>
      </trkpt>
      <trkpt lat="36.20559" lon="-111.70257">
        <ele>1311.56</ele>
      </trkpt>
      <trkpt lat="36.20554" lon="-111.70258">
        <ele>1310.8</ele>
      </trkpt>
      <trkpt lat="36.20546" lon="-111.70258">
        <ele>1311.66</ele>
      </trkpt>
      <trkpt lat="36.20539" lon="-111.70258">
        <ele>1312.42</ele>
      </trkpt>
      <trkpt lat="36.20532" lon="-111.70258">
        <ele>1313.18</ele>
      </trkpt>
      <trkpt lat="36.20527" lon="-111.70258">
        <ele>1313.7</ele>
      </trkpt>
      <trkpt lat="36.20522" lon="-111.70257">
        <ele>1315.4</ele>
      </trkpt>
      <trkpt lat="36.20518" lon="-111.70257">
        <ele>1315.7</ele>
      </trkpt>
      <trkpt lat="36.20514" lon="-111.70257">
        <ele>1315.8</ele>
      </trkpt>
      <trkpt lat="36.20509" lon="-111.70259">
        <ele>1313.34</ele>
      </trkpt>
      <trkpt lat="36.20508" lon="-111.70259">
        <ele>1313.34</ele>
      </trkpt>
      <trkpt lat="36.20505" lon="-111.7026">
        <ele>1311.96</ele>
      </trkpt>
      <trkpt lat="36.20501" lon="-111.7026">
        <ele>1311.96</ele>
      </trkpt>
      <trkpt lat="36.20495" lon="-111.70264">
        <ele>1306.34</ele>
      </trkpt>
      <trkpt lat="36.20494" lon="-111.70263">
        <ele>1307.75</ele>
      </trkpt>
      <trkpt lat="36.20492" lon="-111.70264">
        <ele>1306.34</ele>
      </trkpt>
      <trkpt lat="36.2049" lon="-111.70263">
        <ele>1307.75</ele>
      </trkpt>
      <trkpt lat="36.20486" lon="-111.70259">
        <ele>1313.32</ele>
      </trkpt>
      <trkpt lat="36.20484" lon="-111.70259">
        <ele>1313.32</ele>
      </trkpt>
      <trkpt lat="36.20483" lon="-111.70257">
        <ele>1315.72</ele>
      </trkpt>
      <trkpt lat="36.20482" lon="-111.70256">
        <ele>1316.89</ele>
      </trkpt>
      <trkpt lat="36.20479" lon="-111.70255">
        <ele>1318.06</ele>
      </trkpt>
      <trkpt lat="36.20476" lon="-111.70253">
        <ele>1320.44</ele>
      </trkpt>
      <trkpt lat="36.20476" lon="-111.70253">
        <ele>1320.44</ele>
      </trkpt>
      <trkpt lat="36.20474" lon="-111.70253">
        <ele>1320.44</ele>
      </trkpt>
      <trkpt lat="36.20471" lon="-111.70252">
        <ele>1321.62</ele>
      </trkpt>
      <trkpt lat="36.20469" lon="-111.70251">
        <ele>1322.81</ele>
      </trkpt>
      <trkpt lat="36.20467" lon="-111.70251">
        <ele>1322.81</ele>
      </trkpt>
      <trkpt lat="36.20463" lon="-111.70252">
        <ele>1321.62</ele>
      </trkpt>
      <trkpt lat="36.20458" lon="-111.70255">
        <ele>1318.06</ele>
      </trkpt>
      <trkpt lat="36.20455" lon="-111.70256">
        <ele>1316.87</ele>
      </trkpt>
      <trkpt lat="36.20449" lon="-111.70256">
        <ele>1316.87</ele>
      </trkpt>
      <trkpt lat="36.20448" lon="-111.70257">
        <ele>1315.68</ele>
      </trkpt>
      <trkpt lat="36.20444" lon="-111.70257">
        <ele>1315.6</ele>
      </trkpt>
      <trkpt lat="36.20436" lon="-111.7026">
        <ele>1310.05</ele>
      </trkpt>
      <trkpt lat="36.20434" lon="-111.70261">
        <ele>1308.06</ele>
      </trkpt>
      <trkpt lat="36.2043" lon="-111.7026">
        <ele>1308.33</ele>
      </trkpt>
      <trkpt lat="36.20425" lon="-111.70256">
        <ele>1311.89</ele>
      </trkpt>
      <trkpt lat="36.20422" lon="-111.70255">
        <ele>1312.05</ele>
      </trkpt>
      <trkpt lat="36.20414" lon="-111.70255">
        <ele>1309.35</ele>
      </trkpt>
      <trkpt lat="36.20411" lon="-111.70256">
        <ele>1307.43</ele>
      </trkpt>
      <trkpt lat="36.2041" lon="-111.70256">
        <ele>1307.18</ele>
      </trkpt>
      <trkpt lat="36.20409" lon="-111.70257">
        <ele>1305.83</ele>
      </trkpt>
      <trkpt lat="36.20405" lon="-111.70258">
        <ele>1303.77</ele>
      </trkpt>
      <trkpt lat="36.20402" lon="-111.70257">
        <ele>1303.99</ele>
      </trkpt>
      <trkpt lat="36.20396" lon="-111.70257">
        <ele>1301.45</ele>
      </trkpt>
      <trkpt lat="36.20395" lon="-111.70257">
        <ele>1300.75</ele>
      </trkpt>
      <trkpt lat="36.20394" lon="-111.70258">
        <ele>1299.28</ele>
      </trkpt>
      <trkpt lat="36.20392" lon="-111.70258">
        <ele>1297.92</ele>
      </trkpt>
      <trkpt lat="36.2039" lon="-111.70259">
        <ele>1295.89</ele>
      </trkpt>
      <trkpt lat="36.20388" lon="-111.7026">
        <ele>1293.66</ele>
      </trkpt>
      <trkpt lat="36.20385" lon="-111.7026">
        <ele>1290.47</ele>
      </trkpt>
      <trkpt lat="36.20383" lon="-111.7026">
        <ele>1288.34</ele>
      </trkpt>
      <trkpt lat="36.20377" lon="-111.70254">
        <ele>1285.25</ele>
      </trkpt>
      <trkpt lat="36.20373" lon="-111.70253">
        <ele>1281.68</ele>
      </trkpt>
      <trkpt lat="36.20367" lon="-111.70255">
        <ele>1278.88</ele>
      </trkpt>
      <trkpt lat="36.20362" lon="-111.70261">
        <ele>1275.93</ele>
      </trkpt>
      <trkpt lat="36.2036" lon="-111.70262">
        <ele>1275.55</ele>
      </trkpt>
      <trkpt lat="36.20358" lon="-111.70262">
        <ele>1276.13</ele>
      </trkpt>
      <trkpt lat="36.20355" lon="-111.70261">
        <ele>1277.73</ele>
      </trkpt>
      <trkpt lat="36.20351" lon="-111.70262">
        <ele>1278.3</ele>
      </trkpt>
      <trkpt lat="36.20348" lon="-111.70264">
        <ele>1278.08</ele>
      </trkpt>
      <trkpt lat="36.20343" lon="-111.70271">
        <ele>1275.23</ele>
      </trkpt>
      <trkpt lat="36.2034" lon="-111.70274">
        <ele>1274.17</ele>
      </trkpt>
      <trkpt lat="36.20336" lon="-111.70275">
        <ele>1274.72</ele>
      </trkpt>
      <trkpt lat="36.20331" lon="-111.70277">
        <ele>1274.92</ele>
      </trkpt>
      <trkpt lat="36.20322" lon="-111.70275">
        <ele>1277.79</ele>
      </trkpt>
      <trkpt lat="36.20316" lon="-111.70277">
        <ele>1277.37</ele>
      </trkpt>
      <trkpt lat="36.20313" lon="-111.70277">
        <ele>1277.52</ele>
      </trkpt>
      <trkpt lat="36.20311" lon="-111.70277">
        <ele>1277.54</ele>
      </trkpt>
      <trkpt lat="36.20309" lon="-111.70276">
        <ele>1278.27</ele>
      </trkpt>
      <trkpt lat="36.20307" lon="-111.70276">
        <ele>1278.31</ele>
      </trkpt>
      <trkpt lat="36.20305" lon="-111.70276">
        <ele>1278.39</ele>
      </trkpt>
      <trkpt lat="36.20297" lon="-111.70279">
        <ele>1277.14</ele>
      </trkpt>
      <trkpt lat="36.20285" lon="-111.70278">
        <ele>1277.86</ele>
      </trkpt>
      <trkpt lat="36.20279" lon="-111.70279">
        <ele>1277.21</ele>
      </trkpt>
      <trkpt lat="36.20274" lon="-111.70279">
        <ele>1276.85</ele>
      </trkpt>
      <trkpt lat="36.20265" lon="-111.70281">
        <ele>1275.01</ele>
      </trkpt>
      <trkpt lat="36.20259" lon="-111.70283">
        <ele>1273.73</ele>
      </trkpt>
      <trkpt lat="36.20251" lon="-111.70285">
        <ele>1272.68</ele>
      </trkpt>
      <trkpt lat="36.20244" lon="-111.70285">
        <ele>1272.66</ele>
      </trkpt>
      <trkpt lat="36.20238" lon="-111.70286">
        <ele>1272.34</ele>
      </trkpt>
      <trkpt lat="36.20234" lon="-111.70287">
        <ele>1272.01</ele>
      </trkpt>
      <trkpt lat="36.2023" lon="-111.70289">
        <ele>1271.49</ele>
      </trkpt>
      <trkpt lat="36.20228" lon="-111.70291">
        <ele>1270.93</ele>
      </trkpt>
      <trkpt lat="36.20226" lon="-111.70295">
        <ele>1269.5</ele>
      </trkpt>
      <trkpt lat="36.20225" lon="-111.70298">
        <ele>1268.26</ele>
      </trkpt>
      <trkpt lat="36.20223" lon="-111.70304">
        <ele>1265.67</ele>
      </trkpt>
      <trkpt lat="36.2022" lon="-111.70309">
        <ele>1264.12</ele>
      </trkpt>
      <trkpt lat="36.20215" lon="-111.70316">
        <ele>1262.27</ele>
      </trkpt>
      <trkpt lat="36.20212" lon="-111.70322">
        <ele>1260.0</ele>
      </trkpt>
      <trkpt lat="36.20206" lon="-111.70331">
        <ele>1256.76</ele>
      </trkpt>
      <trkpt lat="36.202" lon="-111.70343">
        <ele>1251.22</ele>
      </trkpt>
      <trkpt lat="36.20196" lon="-111.70348">
        <ele>1249.5</ele>
      </trkpt>
      <trkpt lat="36.20193" lon="-111.70356">
        <ele>1246.21</ele>
      </trkpt>
      <trkpt lat="36.20186" lon="-111.70364">
        <ele>1243.38</ele>
      </trkpt>
      <trkpt lat="36.20181" lon="-111.70368">
        <ele>1242.63</ele>
      </trkpt>
      <trkpt lat="36.20175" lon="-111.70375">
        <ele>1241.0</ele>
      </trkpt>
      <trkpt lat="36.20172" lon="-111.70378">
        <ele>1240.35</ele>
      </trkpt>
      <trkpt lat="36.2017" lon="-111.70381">
        <ele>1239.7</ele>
      </trkpt>
      <trkpt lat="36.20167" lon="-111.70385">
        <ele>1238.84</ele>
      </trkpt>
      <trkpt lat="36.20164" lon="-111.70389">
        <ele>1238.26</ele>
      </trkpt>
      <trkpt lat="36.2016" lon="-111.70396">
        <ele>1237.18</ele>
      </trkpt>
      <trkpt lat="36.20157" lon="-111.704">
        <ele>1236.6</ele>
      </trkpt>
      <trkpt lat="36.20152" lon="-111.70408">
        <ele>1234.87</ele>
      </trkpt>
      <trkpt lat="36.20149" lon="-111.70416">
        <ele>1233.14</ele>
      </trkpt>
      <trkpt lat="36.20148" lon="-111.7042">
        <ele>1232.3</ele>
      </trkpt>
      <trkpt lat="36.20146" lon="-111.70422">
        <ele>1232.08</ele>
      </trkpt>
      <trkpt lat="36.20142" lon="-111.70427">
        <ele>1231.32</ele>
      </trkpt>
      <trkpt lat="36.20136" lon="-111.70436">
        <ele>1228.76</ele>
      </trkpt>
      <trkpt lat="36.20133" lon="-111.70442">
        <ele>1227.26</ele>
      </trkpt>
      <trkpt lat="36.20129" lon="-111.70449">
        <ele>1226.02</ele>
      </trkpt>
      <trkpt lat="36.20127" lon="-111.70454">
        <ele>1224.95</ele>
      </trkpt>
      <trkpt lat="36.20125" lon="-111.70456">
        <ele>1224.63</ele>
      </trkpt>
      <trkpt lat="36.2012" lon="-111.70459">
        <ele>1224.39</ele>
      </trkpt>
      <trkpt lat="36.20113" lon="-111.70461">
        <ele>1223.42</ele>
      </trkpt>
      <trkpt lat="36.20109" lon="-111.70463">
        <ele>1222.54</ele>
      </trkpt>
      <trkpt lat="36.20107" lon="-111.70464">
        <ele>1222.05</ele>
      </trkpt>
      <trkpt lat="36.20104" lon="-111.70465">
        <ele>1221.41</ele>
      </trkpt>
      <trkpt lat="36.20102" lon="-111.70468">
        <ele>1221.02</ele>
      </trkpt>
      <trkpt lat="36.201" lon="-111.70469">
        <ele>1220.4</ele>
      </trkpt>
      <trkpt lat="36.20092" lon="-111.7047">
        <ele>1217.89</ele>
      </trkpt>
      <trkpt lat="36.20086" lon="-111.70472">
        <ele>1216.59</ele>
      </trkpt>
      <trkpt lat="36.20082" lon="-111.70476">
        <ele>1215.3</ele>
      </trkpt>
      <trkpt lat="36.20078" lon="-111.70479">
        <ele>1214.12</ele>
      </trkpt>
      <trkpt lat="36.20075" lon="-111.70481">
        <ele>1213.25</ele>
      </trkpt>
      <trkpt lat="36.20074" lon="-111.70483">
        <ele>1212.81</ele>
      </trkpt>
      <trkpt lat="36.20071" lon="-111.70491">
        <ele>1210.99</ele>
      </trkpt>
      <trkpt lat="36.20067" lon="-111.70493">
        <ele>1209.84</ele>
      </trkpt>
      <trkpt lat="36.20064" lon="-111.70493">
        <ele>1209.07</ele>
      </trkpt>
      <trkpt lat="36.20061" lon="-111.70491">
        <ele>1208.2</ele>
      </trkpt>
      <trkpt lat="36.20057" lon="-111.7049">
        <ele>1207.31</ele>
      </trkpt>
      <trkpt lat="36.20055" lon="-111.70491">
        <ele>1206.91</ele>
      </trkpt>
      <trkpt lat="36.2005" lon="-111.70496">
        <ele>1206.37</ele>
      </trkpt>
      <trkpt lat="36.20046" lon="-111.70498">
        <ele>1205.67</ele>
      </trkpt>
      <trkpt lat="36.20042" lon="-111.70498">
        <ele>1204.13</ele>
      </trkpt>
      <trkpt lat="36.20038" lon="-111.70496">
        <ele>1202.76</ele>
      </trkpt>
      <trkpt lat="36.20034" lon="-111.70495">
        <ele>1202.21</ele>
      </trkpt>
      <trkpt lat="36.2003" lon="-111.70497">
        <ele>1201.56</ele>
      </trkpt>
      <trkpt lat="36.20027" lon="-111.70501">
        <ele>1200.63</ele>
      </trkpt>
      <trkpt lat="36.20025" lon="-111.70507">
        <ele>1199.11</ele>
      </trkpt>
      <trkpt lat="36.2002" lon="-111.70511">
        <ele>1197.81</ele>
      </trkpt>
      <trkpt lat="36.20018" lon="-111.7051">
        <ele>1197.67</ele>
      </trkpt>
      <trkpt lat="36.20016" lon="-111.70506">
        <ele>1197.54</ele>
      </trkpt>
      <trkpt lat="36.20015" lon="-111.70505">
        <ele>1197.32</ele>
      </trkpt>
      <trkpt lat="36.20011" lon="-111.70503">
        <ele>1196.24</ele>
      </trkpt>
      <trkpt lat="36.20009" lon="-111.70504">
        <ele>1195.5</ele>
      </trkpt>
      <trkpt lat="36.20007" lon="-111.70504">
        <ele>1194.97</ele>
      </trkpt>
      <trkpt lat="36.20005" lon="-111.70504">
        <ele>1194.45</ele>
      </trkpt>
      <trkpt lat="36.20003" lon="-111.70502">
        <ele>1194.29</ele>
      </trkpt>
      <trkpt lat="36.19999" lon="-111.70499">
        <ele>1194.22</ele>
      </trkpt>
      <trkpt lat="36.19993" lon="-111.70499">
        <ele>1193.57</ele>
      </trkpt>
      <trkpt lat="36.19988" lon="-111.70501">
        <ele>1192.35</ele>
      </trkpt>
      <trkpt lat="36.19984" lon="-111.70501">
        <ele>1191.87</ele>
      </trkpt>
      <trkpt lat="36.19976" lon="-111.70502">
        <ele>1190.08</ele>
      </trkpt>
      <trkpt lat="36.19973" lon="-111.70502">
        <ele>1189.5</ele>
      </trkpt>
      <trkpt lat="36.19968" lon="-111.70503">
        <ele>1188.42</ele>
      </trkpt>
      <trkpt lat="36.19961" lon="-111.70504">
        <ele>1186.85</ele>
      </trkpt>
      <trkpt lat="36.19955" lon="-111.70504">
        <ele>1185.55</ele>
      </trkpt>
      <trkpt lat="36.19949" lon="-111.70503">
        <ele>1184.69</ele>
      </trkpt>
      <trkpt lat="36.19943" lon="-111.70499">
        <ele>1184.98</ele>
      </trkpt>
      <trkpt lat="36.19937" lon="-111.70494">
        <ele>1185.7</ele>
      </trkpt>
      <trkpt lat="36.19935" lon="-111.70491">
        <ele>1186.8</ele>
      </trkpt>
      <trkpt lat="36.19933" lon="-111.7049">
        <ele>1186.63</ele>
      </trkpt>
      <trkpt lat="36.19932" lon="-111.70489">
        <ele>1186.78</ele>
      </trkpt>
      <trkpt lat="36.19929" lon="-111.7049">
        <ele>1185.37</ele>
      </trkpt>
      <trkpt lat="36.19927" lon="-111.70489">
        <ele>1185.27</ele>
      </trkpt>
      <trkpt lat="36.19925" lon="-111.70488">
        <ele>1185.28</ele>
      </trkpt>
      <trkpt lat="36.19924" lon="-111.70488">
        <ele>1185.06</ele>
      </trkpt>
      <trkpt lat="36.19923" lon="-111.70487">
        <ele>1185.39</ele>
      </trkpt>
      <trkpt lat="36.19922" lon="-111.70486">
        <ele>1185.71</ele>
      </trkpt>
      <trkpt lat="36.1992" lon="-111.70487">
        <ele>1184.74</ele>
      </trkpt>
      <trkpt lat="36.19916" lon="-111.7049">
        <ele>1182.26</ele>
      </trkpt>
      <trkpt lat="36.19915" lon="-111.70494">
        <ele>1179.53</ele>
      </trkpt>
      <trkpt lat="36.19914" lon="-111.70496">
        <ele>1178.02</ele>
      </trkpt>
      <trkpt lat="36.19915" lon="-111.70499">
        <ele>1176.29</ele>
      </trkpt>
      <trkpt lat="36.19915" lon="-111.70505">
        <ele>1171.86</ele>
      </trkpt>
      <trkpt lat="36.19914" lon="-111.70511">
        <ele>1167.05</ele>
      </trkpt>
      <trkpt lat="36.19913" lon="-111.70514">
        <ele>1164.42</ele>
      </trkpt>
      <trkpt lat="36.19912" lon="-111.70516">
        <ele>1162.53</ele>
      </trkpt>
      <trkpt lat="36.19902" lon="-111.70519">
        <ele>1158.68</ele>
      </trkpt>
      <trkpt lat="36.19897" lon="-111.70525">
        <ele>1154.01</ele>
      </trkpt>
      <trkpt lat="36.19894" lon="-111.70528">
        <ele>1151.42</ele>
      </trkpt>
      <trkpt lat="36.19891" lon="-111.7053">
        <ele>1149.97</ele>
      </trkpt>
      <trkpt lat="36.1989" lon="-111.70531">
        <ele>1149.34</ele>
      </trkpt>
      <trkpt lat="36.19888" lon="-111.70532">
        <ele>1148.62</ele>
      </trkpt>
      <trkpt lat="36.19887" lon="-111.70533">
        <ele>1147.98</ele>
      </trkpt>
      <trkpt lat="36.19886" lon="-111.70536">
        <ele>1146.25</ele>
      </trkpt>
      <trkpt lat="36.19884" lon="-111.70538">
        <ele>1145.16</ele>
      </trkpt>
      <trkpt lat="36.1988" lon="-111.7054">
        <ele>1144.08</ele>
      </trkpt>
      <trkpt lat="36.19872" lon="-111.70541">
        <ele>1142.54</ele>
      </trkpt>
      <trkpt lat="36.19868" lon="-111.70543">
        <ele>1140.91</ele>
      </trkpt>
      <trkpt lat="36.19866" lon="-111.70544">
        <ele>1140.05</ele>
      </trkpt>
      <trkpt lat="36.19864" lon="-111.70544">
        <ele>1139.62</ele>
      </trkpt>
      <trkpt lat="36.19861" lon="-111.70546">
        <ele>1138.08</ele>
      </trkpt>
      <trkpt lat="36.19857" lon="-111.70551">
        <ele>1133.97</ele>
      </trkpt>
      <trkpt lat="36.19857" lon="-111.70552">
        <ele>1133.49</ele>
      </trkpt>
      <trkpt lat="36.19857" lon="-111.70552">
        <ele>1133.49</ele>
      </trkpt>
      <trkpt lat="36.19854" lon="-111.70555">
        <ele>1130.45</ele>
      </trkpt>
      <trkpt lat="36.19851" lon="-111.70559">
        <ele>1126.32</ele>
      </trkpt>
      <trkpt lat="36.1985" lon="-111.7056">
        <ele>1125.21</ele>
      </trkpt>
      <trkpt lat="36.19849" lon="-111.70562">
        <ele>1123.62</ele>
      </trkpt>
      <trkpt lat="36.19847" lon="-111.70566">
        <ele>1121.43</ele>
      </trkpt>
      <trkpt lat="36.19846" lon="-111.70571">
        <ele>1121.28</ele>
      </trkpt>
      <trkpt lat="36.19848" lon="-111.70578">
        <ele>1122.78</ele>
      </trkpt>
      <trkpt lat="36.1985" lon="-111.70582">
        <ele>1123.85</ele>
      </trkpt>
      <trkpt lat="36.1985" lon="-111.70586">
        <ele>1125.41</ele>
      </trkpt>
      <trkpt lat="36.19847" lon="-111.70589">
        <ele>1127.29</ele>
      </trkpt>
      <trkpt lat="36.19843" lon="-111.7059">
        <ele>1128.52</ele>
      </trkpt>
      <trkpt lat="36.1984" lon="-111.70589">
        <ele>1128.9</ele>
      </trkpt>
      <trkpt lat="36.19836" lon="-111.70586">
        <ele>1128.58</ele>
      </trkpt>
      <trkpt lat="36.19834" lon="-111.70586">
        <ele>1129.22</ele>
      </trkpt>
      <trkpt lat="36.19833" lon="-111.70587">
        <ele>1130.14</ele>
      </trkpt>
      <trkpt lat="36.19832" lon="-111.70587">
        <ele>1130.61</ele>
      </trkpt>
      <trkpt lat="36.1983" lon="-111.70589">
        <ele>1132.72</ele>
      </trkpt>
      <trkpt lat="36.19828" lon="-111.70591">
        <ele>1134.92</ele>
      </trkpt>
      <trkpt lat="36.19827" lon="-111.70592">
        <ele>1136.06</ele>
      </trkpt>
      <trkpt lat="36.19823" lon="-111.70597">
        <ele>1141.13</ele>
      </trkpt>
      <trkpt lat="36.19818" lon="-111.706">
        <ele>1146.46</ele>
      </trkpt>
      <trkpt lat="36.19816" lon="-111.706">
        <ele>1147.93</ele>
      </trkpt>
      <trkpt lat="36.1981" lon="-111.70596">
        <ele>1149.19</ele>
      </trkpt>
      <trkpt lat="36.19803" lon="-111.70591">
        <ele>1149.07</ele>
      </trkpt>
      <trkpt lat="36.198" lon="-111.7059">
        <ele>1149.72</ele>
      </trkpt>
      <trkpt lat="36.19795" lon="-111.70587">
        <ele>1149.27</ele>
      </trkpt>
      <trkpt lat="36.19793" lon="-111.70587">
        <ele>1149.09</ele>
      </trkpt>
      <trkpt lat="36.19791" lon="-111.7059">
        <ele>1150.5</ele>
      </trkpt>
      <trkpt lat="36.19791" lon="-111.70592">
        <ele>1151.55</ele>
      </trkpt>
      <trkpt lat="36.1979" lon="-111.70593">
        <ele>1151.86</ele>
      </trkpt>
      <trkpt lat="36.19787" lon="-111.70601">
        <ele>1155.52</ele>
      </trkpt>
      <trkpt lat="36.19787" lon="-111.70604">
        <ele>1156.68</ele>
      </trkpt>
      <trkpt lat="36.19786" lon="-111.70609">
        <ele>1157.93</ele>
      </trkpt>
      <trkpt lat="36.19786" lon="-111.70613">
        <ele>1159.12</ele>
      </trkpt>
      <trkpt lat="36.19785" lon="-111.70616">
        <ele>1159.63</ele>
      </trkpt>
      <trkpt lat="36.19785" lon="-111.70619">
        <ele>1160.42</ele>
      </trkpt>
      <trkpt lat="36.19783" lon="-111.70625">
        <ele>1162.06</ele>
      </trkpt>
      <trkpt lat="36.19783" lon="-111.70626">
        <ele>1162.39</ele>
      </trkpt>
      <trkpt lat="36.19781" lon="-111.7063">
        <ele>1163.49</ele>
      </trkpt>
      <trkpt lat="36.19781" lon="-111.7063">
        <ele>1163.49</ele>
      </trkpt>
      <trkpt lat="36.1978" lon="-111.70632">
        <ele>1164.2</ele>
      </trkpt>
      <trkpt lat="36.19777" lon="-111.70636">
        <ele>1165.67</ele>
      </trkpt>
      <trkpt lat="36.19776" lon="-111.70638">
        <ele>1166.42</ele>
      </trkpt>
      <trkpt lat="36.19773" lon="-111.7064">
        <ele>1166.85</ele>
      </trkpt>
      <trkpt lat="36.19769" lon="-111.70643">
        <ele>1167.78</ele>
      </trkpt>
      <trkpt lat="36.19765" lon="-111.70643">
        <ele>1167.18</ele>
      </trkpt>
      <trkpt lat="36.19759" lon="-111.70641">
        <ele>1164.98</ele>
      </trkpt>
      <trkpt lat="36.19755" lon="-111.70641">
        <ele>1162.48</ele>
      </trkpt>
      <trkpt lat="36.19751" lon="-111.70645">
        <ele>1162.54</ele>
      </trkpt>
      <trkpt lat="36.19744" lon="-111.70648">
        <ele>1160.66</ele>
      </trkpt>
      <trkpt lat="36.19741" lon="-111.70648">
        <ele>1159.04</ele>
      </trkpt>
      <trkpt lat="36.19735" lon="-111.70648">
        <ele>1155.8</ele>
      </trkpt>
      <trkpt lat="36.19723" lon="-111.70651">
        <ele>1152.18</ele>
      </trkpt>
      <trkpt lat="36.19718" lon="-111.70651">
        <ele>1152.16</ele>
      </trkpt>
      <trkpt lat="36.1971" lon="-111.70651">
        <ele>1153.72</ele>
      </trkpt>
      <trkpt lat="36.19708" lon="-111.70652">
        <ele>1155.0</ele>
      </trkpt>
      <trkpt lat="36.19707" lon="-111.70651">
        <ele>1154.92</ele>
      </trkpt>
      <trkpt lat="36.19705" lon="-111.70649">
        <ele>1154.82</ele>
      </trkpt>
      <trkpt lat="36.19703" lon="-111.70641">
        <ele>1152.29</ele>
      </trkpt>
      <trkpt lat="36.19702" lon="-111.70638">
        <ele>1151.38</ele>
      </trkpt>
      <trkpt lat="36.197" lon="-111.70636">
        <ele>1151.38</ele>
      </trkpt>
      <trkpt lat="36.197" lon="-111.70635">
        <ele>1150.82</ele>
      </trkpt>
      <trkpt lat="36.197" lon="-111.70634">
        <ele>1150.25</ele>
      </trkpt>
      <trkpt lat="36.19699" lon="-111.70631">
        <ele>1149.29</ele>
      </trkpt>
      <trkpt lat="36.19698" lon="-111.70628">
        <ele>1148.19</ele>
      </trkpt>
      <trkpt lat="36.19698" lon="-111.70627">
        <ele>1147.5</ele>
      </trkpt>
      <trkpt lat="36.19698" lon="-111.70621">
        <ele>1143.36</ele>
      </trkpt>
      <trkpt lat="36.19694" lon="-111.7061">
        <ele>1139.62</ele>
      </trkpt>
      <trkpt lat="36.19693" lon="-111.70608">
        <ele>1139.08</ele>
      </trkpt>
      <trkpt lat="36.1969" lon="-111.70606">
        <ele>1140.05</ele>
      </trkpt>
      <trkpt lat="36.19685" lon="-111.70604">
        <ele>1142.51</ele>
      </trkpt>
      <trkpt lat="36.19679" lon="-111.70599">
        <ele>1143.16</ele>
      </trkpt>
      <trkpt lat="36.19679" lon="-111.70599">
        <ele>1143.16</ele>
      </trkpt>
      <trkpt lat="36.19678" lon="-111.70599">
        <ele>1143.81</ele>
      </trkpt>
      <trkpt lat="36.19673" lon="-111.70592">
        <ele>1142.2</ele>
      </trkpt>
      <trkpt lat="36.19671" lon="-111.70588">
        <ele>1140.68</ele>
      </trkpt>
      <trkpt lat="36.19669" lon="-111.70583">
        <ele>1138.51</ele>
      </trkpt>
      <trkpt lat="36.19664" lon="-111.70575">
        <ele>1136.01</ele>
      </trkpt>
      <trkpt lat="36.19661" lon="-111.7057">
        <ele>1134.08</ele>
      </trkpt>
      <trkpt lat="36.19659" lon="-111.70566">
        <ele>1132.61</ele>
      </trkpt>
      <trkpt lat="36.19657" lon="-111.70564">
        <ele>1132.44</ele>
      </trkpt>
      <trkpt lat="36.19655" lon="-111.70561">
        <ele>1130.81</ele>
      </trkpt>
      <trkpt lat="36.19653" lon="-111.7056">
        <ele>1131.01</ele>
      </trkpt>
      <trkpt lat="36.19651" lon="-111.70558">
        <ele>1130.72</ele>
      </trkpt>
      <trkpt lat="36.19647" lon="-111.70556">
        <ele>1131.49</ele>
      </trkpt>
      <trkpt lat="36.19645" lon="-111.70555">
        <ele>1131.28</ele>
      </trkpt>
      <trkpt lat="36.19644" lon="-111.70555">
        <ele>1131.5</ele>
      </trkpt>
      <trkpt lat="36.1964" lon="-111.70553">
        <ele>1131.07</ele>
      </trkpt>
      <trkpt lat="36.19636" lon="-111.70551">
        <ele>1130.67</ele>
      </trkpt>
      <trkpt lat="36.1963" lon="-111.70547">
        <ele>1129.38</ele>
      </trkpt>
      <trkpt lat="36.19628" lon="-111.70545">
        <ele>1127.72</ele>
      </trkpt>
      <trkpt lat="36.19618" lon="-111.70544">
        <ele>1126.2</ele>
      </trkpt>
      <trkpt lat="36.19611" lon="-111.70544">
        <ele>1125.25</ele>
      </trkpt>
      <trkpt lat="36.19606" lon="-111.70542">
        <ele>1121.54</ele>
      </trkpt>
      <trkpt lat="36.19602" lon="-111.70542">
        <ele>1120.47</ele>
      </trkpt>
      <trkpt lat="36.19596" lon="-111.70544">
        <ele>1121.28</ele>
      </trkpt>
      <trkpt lat="36.19585" lon="-111.70544">
        <ele>1118.84</ele>
      </trkpt>
      <trkpt lat="36.19573" lon="-111.70547">
        <ele>1119.6</ele>
      </trkpt>
      <trkpt lat="36.1957" lon="-111.70547">
        <ele>1118.92</ele>
      </trkpt>
      <trkpt lat="36.19566" lon="-111.70548">
        <ele>1119.12</ele>
      </trkpt>
      <trkpt lat="36.19564" lon="-111.70548">
        <ele>1118.65</ele>
      </trkpt>
      <trkpt lat="36.19563" lon="-111.70548">
        <ele>1118.41</ele>
      </trkpt>
      <trkpt lat="36.19561" lon="-111.70547">
        <ele>1116.9</ele>
      </trkpt>
      <trkpt lat="36.19558" lon="-111.70547">
        <ele>1116.23</ele>
      </trkpt>
      <trkpt lat="36.19558" lon="-111.70547">
        <ele>1116.23</ele>
      </trkpt>
      <trkpt lat="36.19555" lon="-111.70547">
        <ele>1115.56</ele>
      </trkpt>
      <trkpt lat="36.19554" lon="-111.70547">
        <ele>1115.35</ele>
      </trkpt>
      <trkpt lat="36.19553" lon="-111.70547">
        <ele>1115.13</ele>
      </trkpt>
      <trkpt lat="36.1955" lon="-111.70546">
        <ele>1113.49</ele>
      </trkpt>
      <trkpt lat="36.19548" lon="-111.70546">
        <ele>1113.05</ele>
      </trkpt>
      <trkpt lat="36.19545" lon="-111.70547">
        <ele>1113.27</ele>
      </trkpt>
      <trkpt lat="36.19531" lon="-111.70549">
        <ele>1111.43</ele>
      </trkpt>
      <trkpt lat="36.19526" lon="-111.70547">
        <ele>1108.11</ele>
      </trkpt>
      <trkpt lat="36.19516" lon="-111.70545">
        <ele>1102.62</ele>
      </trkpt>
      <trkpt lat="36.19513" lon="-111.70545">
        <ele>1101.79</ele>
      </trkpt>
      <trkpt lat="36.19509" lon="-111.70544">
        <ele>1098.93</ele>
      </trkpt>
      <trkpt lat="36.19505" lon="-111.70545">
        <ele>1099.19</ele>
      </trkpt>
      <trkpt lat="36.19499" lon="-111.70545">
        <ele>1096.99</ele>
      </trkpt>
      <trkpt lat="36.19496" lon="-111.70547">
        <ele>1099.57</ele>
      </trkpt>
      <trkpt lat="36.19491" lon="-111.70552">
        <ele>1104.46</ele>
      </trkpt>
      <trkpt lat="36.19485" lon="-111.7056">
        <ele>1111.6</ele>
      </trkpt>
      <trkpt lat="36.19484" lon="-111.70563">
        <ele>1113.98</ele>
      </trkpt>
      <trkpt lat="36.19481" lon="-111.70568">
        <ele>1117.25</ele>
      </trkpt>
      <trkpt lat="36.19479" lon="-111.70571">
        <ele>1118.87</ele>
      </trkpt>
      <trkpt lat="36.19477" lon="-111.70574">
        <ele>1120.49</ele>
      </trkpt>
      <trkpt lat="36.19475" lon="-111.70577">
        <ele>1122.11</ele>
      </trkpt>
      <trkpt lat="36.19473" lon="-111.7058">
        <ele>1123.73</ele>
      </trkpt>
      <trkpt lat="36.1947" lon="-111.70583">
        <ele>1125.03</ele>
      </trkpt>
      <trkpt lat="36.19467" lon="-111.70585">
        <ele>1125.57</ele>
      </trkpt>
      <trkpt lat="36.19463" lon="-111.70587">
        <ele>1125.78</ele>
      </trkpt>
      <trkpt lat="36.19458" lon="-111.70588">
        <ele>1124.92</ele>
      </trkpt>
      <trkpt lat="36.19455" lon="-111.70587">
        <ele>1123.19</ele>
      </trkpt>
      <trkpt lat="36.1945" lon="-111.70585">
        <ele>1120.06</ele>
      </trkpt>
      <trkpt lat="36.19448" lon="-111.70585">
        <ele>1119.41</ele>
      </trkpt>
      <trkpt lat="36.19444" lon="-111.70586">
        <ele>1118.93</ele>
      </trkpt>
      <trkpt lat="36.19441" lon="-111.70586">
        <ele>1118.38</ele>
      </trkpt>
      <trkpt lat="36.19437" lon="-111.70583">
        <ele>1115.17</ele>
      </trkpt>
      <trkpt lat="36.19434" lon="-111.70579">
        <ele>1112.19</ele>
      </trkpt>
      <trkpt lat="36.19432" lon="-111.70577">
        <ele>1110.9</ele>
      </trkpt>
      <trkpt lat="36.19431" lon="-111.70574">
        <ele>1108.98</ele>
      </trkpt>
      <trkpt lat="36.19428" lon="-111.70571">
        <ele>1108.0</ele>
      </trkpt>
      <trkpt lat="36.19426" lon="-111.70569">
        <ele>1107.36</ele>
      </trkpt>
      <trkpt lat="36.19422" lon="-111.70567">
        <ele>1106.81</ele>
      </trkpt>
      <trkpt lat="36.19418" lon="-111.70566">
        <ele>1106.49</ele>
      </trkpt>
      <trkpt lat="36.19414" lon="-111.70567">
        <ele>1106.94</ele>
      </trkpt>
      <trkpt lat="36.19409" lon="-111.7057">
        <ele>1108.24</ele>
      </trkpt>
      <trkpt lat="36.19404" lon="-111.70573">
        <ele>1109.21</ele>
      </trkpt>
      <trkpt lat="36.194" lon="-111.70575">
        <ele>1109.68</ele>
      </trkpt>
      <trkpt lat="36.19397" lon="-111.70577">
        <ele>1110.54</ele>
      </trkpt>
      <trkpt lat="36.19394" lon="-111.7058">
        <ele>1111.91</ele>
      </trkpt>
      <trkpt lat="36.19391" lon="-111.70581">
        <ele>1112.16</ele>
      </trkpt>
      <trkpt lat="36.19389" lon="-111.70581">
        <ele>1112.0</ele>
      </trkpt>
      <trkpt lat="36.19387" lon="-111.70579">
        <ele>1110.92</ele>
      </trkpt>
      <trkpt lat="36.19381" lon="-111.70577">
        <ele>1109.41</ele>
      </trkpt>
      <trkpt lat="36.19376" lon="-111.70578">
        <ele>1109.47</ele>
      </trkpt>
      <trkpt lat="36.1937" lon="-111.7058">
        <ele>1110.16</ele>
      </trkpt>
      <trkpt lat="36.19364" lon="-111.7058">
        <ele>1109.51</ele>
      </trkpt>
      <trkpt lat="36.19361" lon="-111.70578">
        <ele>1108.1</ele>
      </trkpt>
      <trkpt lat="36.19359" lon="-111.70578">
        <ele>1107.76</ele>
      </trkpt>
      <trkpt lat="36.19354" lon="-111.70581">
        <ele>1108.78</ele>
      </trkpt>
      <trkpt lat="36.19353" lon="-111.70584">
        <ele>1110.41</ele>
      </trkpt>
      <trkpt lat="36.19352" lon="-111.7059">
        <ele>1112.9</ele>
      </trkpt>
      <trkpt lat="36.19351" lon="-111.70592">
        <ele>1113.56</ele>
      </trkpt>
      <trkpt lat="36.19349" lon="-111.70594">
        <ele>1113.99</ele>
      </trkpt>
      <trkpt lat="36.19343" lon="-111.70595">
        <ele>1113.13</ele>
      </trkpt>
      <trkpt lat="36.19341" lon="-111.70596">
        <ele>1113.3</ele>
      </trkpt>
      <trkpt lat="36.19339" lon="-111.706">
        <ele>1114.81</ele>
      </trkpt>
      <trkpt lat="36.19336" lon="-111.70602">
        <ele>1115.34</ele>
      </trkpt>
      <trkpt lat="36.1933" lon="-111.70604">
        <ele>1114.98</ele>
      </trkpt>
      <trkpt lat="36.19327" lon="-111.70604">
        <ele>1114.33</ele>
      </trkpt>
      <trkpt lat="36.19325" lon="-111.70604">
        <ele>1113.9</ele>
      </trkpt>
      <trkpt lat="36.19323" lon="-111.70604">
        <ele>1113.37</ele>
      </trkpt>
      <trkpt lat="36.1932" lon="-111.70605">
        <ele>1112.85</ele>
      </trkpt>
      <trkpt lat="36.19316" lon="-111.70606">
        <ele>1112.12</ele>
      </trkpt>
      <trkpt lat="36.19311" lon="-111.7061">
        <ele>1112.28</ele>
      </trkpt>
      <trkpt lat="36.19306" lon="-111.70616">
        <ele>1113.76</ele>
      </trkpt>
      <trkpt lat="36.19306" lon="-111.70617">
        <ele>1114.29</ele>
      </trkpt>
      <trkpt lat="36.19306" lon="-111.70621">
        <ele>1116.37</ele>
      </trkpt>
      <trkpt lat="36.19307" lon="-111.70628">
        <ele>1119.74</ele>
      </trkpt>
      <trkpt lat="36.19306" lon="-111.70631">
        <ele>1121.03</ele>
      </trkpt>
      <trkpt lat="36.19305" lon="-111.70632">
        <ele>1121.42</ele>
      </trkpt>
      <trkpt lat="36.19301" lon="-111.70632">
        <ele>1120.55</ele>
      </trkpt>
      <trkpt lat="36.19297" lon="-111.70634">
        <ele>1120.98</ele>
      </trkpt>
      <trkpt lat="36.19293" lon="-111.70634">
        <ele>1119.95</ele>
      </trkpt>
      <trkpt lat="36.19291" lon="-111.70633">
        <ele>1118.83</ele>
      </trkpt>
      <trkpt lat="36.19287" lon="-111.70629">
        <ele>1115.66</ele>
      </trkpt>
      <trkpt lat="36.19284" lon="-111.70627">
        <ele>1114.25</ele>
      </trkpt>
      <trkpt lat="36.19282" lon="-111.70626">
        <ele>1113.5</ele>
      </trkpt>
      <trkpt lat="36.19279" lon="-111.70626">
        <ele>1113.17</ele>
      </trkpt>
      <trkpt lat="36.19274" lon="-111.70628">
        <ele>1113.71</ele>
      </trkpt>
      <trkpt lat="36.1927" lon="-111.7063">
        <ele>1114.36</ele>
      </trkpt>
      <trkpt lat="36.19259" lon="-111.70634">
        <ele>1115.33</ele>
      </trkpt>
      <trkpt lat="36.19256" lon="-111.70637">
        <ele>1116.63</ele>
      </trkpt>
      <trkpt lat="36.19253" lon="-111.70638">
        <ele>1116.84</ele>
      </trkpt>
      <trkpt lat="36.19251" lon="-111.70639">
        <ele>1117.16</ele>
      </trkpt>
      <trkpt lat="36.19247" lon="-111.70641">
        <ele>1117.34</ele>
      </trkpt>
      <trkpt lat="36.19244" lon="-111.70643">
        <ele>1117.77</ele>
      </trkpt>
      <trkpt lat="36.19241" lon="-111.70643">
        <ele>1117.26</ele>
      </trkpt>
      <trkpt lat="36.19237" lon="-111.70643">
        <ele>1116.01</ele>
      </trkpt>
      <trkpt lat="36.1923" lon="-111.70646">
        <ele>1115.52</ele>
      </trkpt>
      <trkpt lat="36.19227" lon="-111.70648">
        <ele>1115.95</ele>
      </trkpt>
      <trkpt lat="36.19221" lon="-111.70651">
        <ele>1115.84</ele>
      </trkpt>
      <trkpt lat="36.19212" lon="-111.70651">
        <ele>1112.95</ele>
      </trkpt>
      <trkpt lat="36.19209" lon="-111.70652">
        <ele>1112.56</ele>
      </trkpt>
      <trkpt lat="36.19205" lon="-111.70655">
        <ele>1113.02</ele>
      </trkpt>
      <trkpt lat="36.192" lon="-111.70658">
        <ele>1113.46</ele>
      </trkpt>
      <trkpt lat="36.19195" lon="-111.70662">
        <ele>1114.1</ele>
      </trkpt>
      <trkpt lat="36.19191" lon="-111.70665">
        <ele>1114.84</ele>
      </trkpt>
      <trkpt lat="36.19183" lon="-111.70672">
        <ele>1116.93</ele>
      </trkpt>
      <trkpt lat="36.1918" lon="-111.70676">
        <ele>1117.91</ele>
      </trkpt>
      <trkpt lat="36.19179" lon="-111.70678">
        <ele>1118.56</ele>
      </trkpt>
      <trkpt lat="36.19177" lon="-111.70678">
        <ele>1118.13</ele>
      </trkpt>
      <trkpt lat="36.19175" lon="-111.70678">
        <ele>1117.77</ele>
      </trkpt>
      <trkpt lat="36.19172" lon="-111.70678">
        <ele>1117.38</ele>
      </trkpt>
      <trkpt lat="36.19169" lon="-111.70678">
        <ele>1116.98</ele>
      </trkpt>
      <trkpt lat="36.19165" lon="-111.70679">
        <ele>1116.64</ele>
      </trkpt>
      <trkpt lat="36.19161" lon="-111.70683">
        <ele>1117.07</ele>
      </trkpt>
      <trkpt lat="36.19158" lon="-111.70685">
        <ele>1117.07</ele>
      </trkpt>
      <trkpt lat="36.19153" lon="-111.70692">
        <ele>1118.99</ele>
      </trkpt>
      <trkpt lat="36.19151" lon="-111.70693">
        <ele>1118.99</ele>
      </trkpt>
      <trkpt lat="36.19149" lon="-111.70694">
        <ele>1118.99</ele>
      </trkpt>
      <trkpt lat="36.19143" lon="-111.70692">
        <ele>1116.28</ele>
      </trkpt>
      <trkpt lat="36.1914" lon="-111.70694">
        <ele>1116.17</ele>
      </trkpt>
      <trkpt lat="36.19137" lon="-111.70697">
        <ele>1116.49</ele>
      </trkpt>
      <trkpt lat="36.19135" lon="-111.70699">
        <ele>1116.71</ele>
      </trkpt>
      <trkpt lat="36.19128" lon="-111.707">
        <ele>1115.15</ele>
      </trkpt>
      <trkpt lat="36.19125" lon="-111.707">
        <ele>1114.7</ele>
      </trkpt>
      <trkpt lat="36.1912" lon="-111.70703">
        <ele>1115.58</ele>
      </trkpt>
      <trkpt lat="36.19117" lon="-111.70701">
        <ele>1114.18</ele>
      </trkpt>
      <trkpt lat="36.19112" lon="-111.70697">
        <ele>1111.48</ele>
      </trkpt>
      <trkpt lat="36.1911" lon="-111.70695">
        <ele>1110.3</ele>
      </trkpt>
      <trkpt lat="36.19106" lon="-111.70689">
        <ele>1106.21</ele>
      </trkpt>
      <trkpt lat="36.19102" lon="-111.70687">
        <ele>1105.16</ele>
      </trkpt>
      <trkpt lat="36.19098" lon="-111.70686">
        <ele>1105.7</ele>
      </trkpt>
      <trkpt lat="36.19094" lon="-111.70686">
        <ele>1106.92</ele>
      </trkpt>
      <trkpt lat="36.19091" lon="-111.70687">
        <ele>1107.96</ele>
      </trkpt>
      <trkpt lat="36.19088" lon="-111.70689">
        <ele>1109.14</ele>
      </trkpt>
      <trkpt lat="36.19084" lon="-111.7069">
        <ele>1110.01</ele>
      </trkpt>
      <trkpt lat="36.19079" lon="-111.7069">
        <ele>1110.3</ele>
      </trkpt>
      <trkpt lat="36.19068" lon="-111.70686">
        <ele>1108.01</ele>
      </trkpt>
      <trkpt lat="36.19063" lon="-111.70686">
        <ele>1107.14</ele>
      </trkpt>
      <trkpt lat="36.19055" lon="-111.70689">
        <ele>1107.05</ele>
      </trkpt>
      <trkpt lat="36.19051" lon="-111.70692">
        <ele>1106.96</ele>
      </trkpt>
      <trkpt lat="36.19048" lon="-111.70696">
        <ele>1108.04</ele>
      </trkpt>
      <trkpt lat="36.19046" lon="-111.70697">
        <ele>1108.04</ele>
      </trkpt>
      <trkpt lat="36.19044" lon="-111.70697">
        <ele>1107.61</ele>
      </trkpt>
      <trkpt lat="36.19042" lon="-111.70699">
        <ele>1108.04</ele>
      </trkpt>
      <trkpt lat="36.1904" lon="-111.70701">
        <ele>1108.47</ele>
      </trkpt>
      <trkpt lat="36.19037" lon="-111.70706">
        <ele>1109.99</ele>
      </trkpt>
      <trkpt lat="36.1903" lon="-111.70713">
        <ele>1112.25</ele>
      </trkpt>
      <trkpt lat="36.19026" lon="-111.70715">
        <ele>1112.47</ele>
      </trkpt>
      <trkpt lat="36.19022" lon="-111.70715">
        <ele>1112.04</ele>
      </trkpt>
      <trkpt lat="36.19019" lon="-111.70717">
        <ele>1112.36</ele>
      </trkpt>
      <trkpt lat="36.19016" lon="-111.70718">
        <ele>1112.63</ele>
      </trkpt>
      <trkpt lat="36.19013" lon="-111.70718">
        <ele>1112.63</ele>
      </trkpt>
      <trkpt lat="36.19011" lon="-111.70717">
        <ele>1112.31</ele>
      </trkpt>
      <trkpt lat="36.19009" lon="-111.70715">
        <ele>1111.65</ele>
      </trkpt>
      <trkpt lat="36.19006" lon="-111.70712">
        <ele>1110.62</ele>
      </trkpt>
      <trkpt lat="36.19" lon="-111.7071">
        <ele>1110.04</ele>
      </trkpt>
      <trkpt lat="36.18995" lon="-111.70711">
        <ele>1110.25</ele>
      </trkpt>
      <trkpt lat="36.18986" lon="-111.70716">
        <ele>1110.29</ele>
      </trkpt>
      <trkpt lat="36.18983" lon="-111.70719">
        <ele>1110.34</ele>
      </trkpt>
      <trkpt lat="36.18978" lon="-111.70726">
        <ele>1110.24</ele>
      </trkpt>
      <trkpt lat="36.18978" lon="-111.70731">
        <ele>1111.73</ele>
      </trkpt>
      <trkpt lat="36.18977" lon="-111.70735">
        <ele>1112.11</ele>
      </trkpt>
      <trkpt lat="36.18973" lon="-111.70742">
        <ele>1112.56</ele>
      </trkpt>
      <trkpt lat="36.18972" lon="-111.70748">
        <ele>1114.3</ele>
      </trkpt>
      <trkpt lat="36.1897" lon="-111.70752">
        <ele>1115.0</ele>
      </trkpt>
      <trkpt lat="36.18962" lon="-111.70755">
        <ele>1114.52</ele>
      </trkpt>
      <trkpt lat="36.18958" lon="-111.70759">
        <ele>1115.38</ele>
      </trkpt>
      <trkpt lat="36.18953" lon="-111.7076">
        <ele>1115.16</ele>
      </trkpt>
      <trkpt lat="36.18948" lon="-111.7076">
        <ele>1114.62</ele>
      </trkpt>
      <trkpt lat="36.18942" lon="-111.70759">
        <ele>1113.94</ele>
      </trkpt>
      <trkpt lat="36.1894" lon="-111.70758">
        <ele>1113.73</ele>
      </trkpt>
      <trkpt lat="36.18937" lon="-111.70757">
        <ele>1113.51</ele>
      </trkpt>
      <trkpt lat="36.18931" lon="-111.70756">
        <ele>1113.0</ele>
      </trkpt>
      <trkpt lat="36.18927" lon="-111.70756">
        <ele>1112.72</ele>
      </trkpt>
      <trkpt lat="36.18923" lon="-111.70757">
        <ele>1112.68</ele>
      </trkpt>
      <trkpt lat="36.18921" lon="-111.70757">
        <ele>1112.63</ele>
      </trkpt>
      <trkpt lat="36.18915" lon="-111.7076">
        <ele>1112.72</ele>
      </trkpt>
      <trkpt lat="36.18914" lon="-111.70761">
        <ele>1112.61</ele>
      </trkpt>
      <trkpt lat="36.18912" lon="-111.70764">
        <ele>1112.5</ele>
      </trkpt>
      <trkpt lat="36.1891" lon="-111.70766">
        <ele>1112.29</ele>
      </trkpt>
      <trkpt lat="36.18907" lon="-111.70766">
        <ele>1111.62</ele>
      </trkpt>
      <trkpt lat="36.18902" lon="-111.70764">
        <ele>1109.77</ele>
      </trkpt>
      <trkpt lat="36.18899" lon="-111.70765">
        <ele>1109.11</ele>
      </trkpt>
      <trkpt lat="36.18896" lon="-111.70766">
        <ele>1107.73</ele>
      </trkpt>
      <trkpt lat="36.18893" lon="-111.70763">
        <ele>1104.54</ele>
      </trkpt>
      <trkpt lat="36.1889" lon="-111.70757">
        <ele>1100.32</ele>
      </trkpt>
      <trkpt lat="36.18887" lon="-111.70751">
        <ele>1096.4</ele>
      </trkpt>
      <trkpt lat="36.18884" lon="-111.70748">
        <ele>1092.37</ele>
      </trkpt>
      <trkpt lat="36.18883" lon="-111.70746">
        <ele>1090.43</ele>
      </trkpt>
      <trkpt lat="36.18882" lon="-111.70746">
        <ele>1089.37</ele>
      </trkpt>
      <trkpt lat="36.18881" lon="-111.70745">
        <ele>1087.79</ele>
      </trkpt>
      <trkpt lat="36.1888" lon="-111.70747">
        <ele>1087.77</ele>
      </trkpt>
      <trkpt lat="36.18879" lon="-111.7075">
        <ele>1088.18</ele>
      </trkpt>
      <trkpt lat="36.18878" lon="-111.70752">
        <ele>1087.65</ele>
      </trkpt>
      <trkpt lat="36.18878" lon="-111.70753">
        <ele>1088.03</ele>
      </trkpt>
      <trkpt lat="36.18877" lon="-111.70754">
        <ele>1087.26</ele>
      </trkpt>
      <trkpt lat="36.18876" lon="-111.70756">
        <ele>1087.0</ele>
      </trkpt>
      <trkpt lat="36.18875" lon="-111.70757">
        <ele>1086.4</ele>
      </trkpt>
      <trkpt lat="36.18874" lon="-111.70758">
        <ele>1085.87</ele>
      </trkpt>
      <trkpt lat="36.18873" lon="-111.70759">
        <ele>1085.41</ele>
      </trkpt>
      <trkpt lat="36.18871" lon="-111.70761">
        <ele>1084.54</ele>
      </trkpt>
      <trkpt lat="36.18871" lon="-111.70761">
        <ele>1084.54</ele>
      </trkpt>
      <trkpt lat="36.18868" lon="-111.70765">
        <ele>1083.76</ele>
      </trkpt>
      <trkpt lat="36.18866" lon="-111.70766">
        <ele>1082.48</ele>
      </trkpt>
      <trkpt lat="36.18864" lon="-111.70766">
        <ele>1080.57</ele>
      </trkpt>
      <trkpt lat="36.18862" lon="-111.70764">
        <ele>1077.0</ele>
      </trkpt>
      <trkpt lat="36.18863" lon="-111.70762">
        <ele>1076.43</ele>
      </trkpt>
      <trkpt lat="36.18863" lon="-111.70759">
        <ele>1074.08</ele>
      </trkpt>
      <trkpt lat="36.18862" lon="-111.70754">
        <ele>1069.65</ele>
      </trkpt>
      <trkpt lat="36.18861" lon="-111.70751">
        <ele>1066.53</ele>
      </trkpt>
      <trkpt lat="36.18859" lon="-111.70748">
        <ele>1063.07</ele>
      </trkpt>
      <trkpt lat="36.18857" lon="-111.70747">
        <ele>1060.59</ele>
      </trkpt>
      <trkpt lat="36.18855" lon="-111.70747">
        <ele>1058.43</ele>
      </trkpt>
      <trkpt lat="36.18853" lon="-111.70746">
        <ele>1055.94</ele>
      </trkpt>
      <trkpt lat="36.1885" lon="-111.70747">
        <ele>1053.23</ele>
      </trkpt>
      <trkpt lat="36.18849" lon="-111.70747">
        <ele>1052.26</ele>
      </trkpt>
      <trkpt lat="36.18847" lon="-111.70748">
        <ele>1050.64</ele>
      </trkpt>
      <trkpt lat="36.18845" lon="-111.70753">
        <ele>1051.04</ele>
      </trkpt>
      <trkpt lat="36.18842" lon="-111.70756">
        <ele>1049.75</ele>
      </trkpt>
      <trkpt lat="36.18836" lon="-111.70767">
        <ele>1051.32</ele>
      </trkpt>
      <trkpt lat="36.18834" lon="-111.70768">
        <ele>1050.24</ele>
      </trkpt>
      <trkpt lat="36.18833" lon="-111.7077">
        <ele>1050.87</ele>
      </trkpt>
      <trkpt lat="36.18831" lon="-111.70771">
        <ele>1050.11</ele>
      </trkpt>
      <trkpt lat="36.18827" lon="-111.70771">
        <ele>1047.09</ele>
      </trkpt>
      <trkpt lat="36.18823" lon="-111.70771">
        <ele>1044.06</ele>
      </trkpt>
      <trkpt lat="36.18819" lon="-111.70769">
        <ele>1039.53</ele>
      </trkpt>
      <trkpt lat="36.18817" lon="-111.70769">
        <ele>1038.02</ele>
      </trkpt>
      <trkpt lat="36.18816" lon="-111.70767">
        <ele>1036.2</ele>
      </trkpt>
      <trkpt lat="36.18814" lon="-111.70766">
        <ele>1034.38</ele>
      </trkpt>
      <trkpt lat="36.18813" lon="-111.70764">
        <ele>1032.87</ele>
      </trkpt>
      <trkpt lat="36.18812" lon="-111.70762">
        <ele>1031.36</ele>
      </trkpt>
      <trkpt lat="36.18811" lon="-111.7076">
        <ele>1029.85</ele>
      </trkpt>
      <trkpt lat="36.1881" lon="-111.70759">
        <ele>1028.75</ele>
      </trkpt>
      <trkpt lat="36.18809" lon="-111.70758">
        <ele>1027.64</ele>
      </trkpt>
      <trkpt lat="36.18807" lon="-111.70755">
        <ele>1025.02</ele>
      </trkpt>
      <trkpt lat="36.18803" lon="-111.70749">
        <ele>1019.8</ele>
      </trkpt>
      <trkpt lat="36.188" lon="-111.70742">
        <ele>1014.08</ele>
      </trkpt>
      <trkpt lat="36.18798" lon="-111.7074">
        <ele>1011.8</ele>
      </trkpt>
      <trkpt lat="36.18793" lon="-111.70739">
        <ele>1008.47</ele>
      </trkpt>
      <trkpt lat="36.18788" lon="-111.70734">
        <ele>1003.61</ele>
      </trkpt>
      <trkpt lat="36.18786" lon="-111.70732">
        <ele>1001.88</ele>
      </trkpt>
      <trkpt lat="36.18784" lon="-111.70732">
        <ele>1001.22</ele>
      </trkpt>
      <trkpt lat="36.18781" lon="-111.70731">
        <ele>999.89</ele>
      </trkpt>
      <trkpt lat="36.18779" lon="-111.70729">
        <ele>998.59</ele>
      </trkpt>
      <trkpt lat="36.18777" lon="-111.70725">
        <ele>996.65</ele>
      </trkpt>
      <trkpt lat="36.18773" lon="-111.70723">
        <ele>994.7</ele>
      </trkpt>
      <trkpt lat="36.18765" lon="-111.70721">
        <ele>991.55</ele>
      </trkpt>
      <trkpt lat="36.1876" lon="-111.70721">
        <ele>989.85</ele>
      </trkpt>
      <trkpt lat="36.18751" lon="-111.70723">
        <ele>985.86</ele>
      </trkpt>
      <trkpt lat="36.18749" lon="-111.70725">
        <ele>985.77</ele>
      </trkpt>
      <trkpt lat="36.18747" lon="-111.70726">
        <ele>985.34</ele>
      </trkpt>
      <trkpt lat="36.18739" lon="-111.70725">
        <ele>981.39</ele>
      </trkpt>
      <trkpt lat="36.18736" lon="-111.70724">
        <ele>979.62</ele>
      </trkpt>
      <trkpt lat="36.18734" lon="-111.70723">
        <ele>978.36</ele>
      </trkpt>
      <trkpt lat="36.18732" lon="-111.70723">
        <ele>977.48</ele>
      </trkpt>
      <trkpt lat="36.1873" lon="-111.70724">
        <ele>976.94</ele>
      </trkpt>
      <trkpt lat="36.18728" lon="-111.70725">
        <ele>976.4</ele>
      </trkpt>
      <trkpt lat="36.18726" lon="-111.70734">
        <ele>978.4</ele>
      </trkpt>
      <trkpt lat="36.18724" lon="-111.70737">
        <ele>978.19</ele>
      </trkpt>
      <trkpt lat="36.18722" lon="-111.70739">
        <ele>977.5</ele>
      </trkpt>
      <trkpt lat="36.18718" lon="-111.70743">
        <ele>976.21</ele>
      </trkpt>
      <trkpt lat="36.18715" lon="-111.70748">
        <ele>975.67</ele>
      </trkpt>
      <trkpt lat="36.18715" lon="-111.70751">
        <ele>976.26</ele>
      </trkpt>
      <trkpt lat="36.18714" lon="-111.70753">
        <ele>975.96</ele>
      </trkpt>
      <trkpt lat="36.18711" lon="-111.70756">
        <ele>974.38</ele>
      </trkpt>
      <trkpt lat="36.18707" lon="-111.70757">
        <ele>971.89</ele>
      </trkpt>
      <trkpt lat="36.18702" lon="-111.70761">
        <ele>969.2</ele>
      </trkpt>
      <trkpt lat="36.18695" lon="-111.7077">
        <ele>964.64</ele>
      </trkpt>
      <trkpt lat="36.18693" lon="-111.70776">
        <ele>963.56</ele>
      </trkpt>
      <trkpt lat="36.1869" lon="-111.7078">
        <ele>962.11</ele>
      </trkpt>
      <trkpt lat="36.18685" lon="-111.70785">
        <ele>960.7</ele>
      </trkpt>
      <trkpt lat="36.18679" lon="-111.70794">
        <ele>960.41</ele>
      </trkpt>
      <trkpt lat="36.18674" lon="-111.70799">
        <ele>962.16</ele>
      </trkpt>
      <trkpt lat="36.18672" lon="-111.70801">
        <ele>965.58</ele>
      </trkpt>
      <trkpt lat="36.18669" lon="-111.70804">
        <ele>970.19</ele>
      </trkpt>
      <trkpt lat="36.18667" lon="-111.70808">
        <ele>974.0</ele>
      </trkpt>
      <trkpt lat="36.18661" lon="-111.70815">
        <ele>971.22</ele>
      </trkpt>
      <trkpt lat="36.18654" lon="-111.70821">
        <ele>965.92</ele>
      </trkpt>
      <trkpt lat="36.18648" lon="-111.70825">
        <ele>959.34</ele>
      </trkpt>
      <trkpt lat="36.18645" lon="-111.70827">
        <ele>957.62</ele>
      </trkpt>
      <trkpt lat="36.18639" lon="-111.70829">
        <ele>950.7</ele>
      </trkpt>
      <trkpt lat="36.18635" lon="-111.70829">
        <ele>946.43</ele>
      </trkpt>
      <trkpt lat="36.18631" lon="-111.7083">
        <ele>943.31</ele>
      </trkpt>
      <trkpt lat="36.18628" lon="-111.70833">
        <ele>943.99</ele>
      </trkpt>
      <trkpt lat="36.18625" lon="-111.70836">
        <ele>945.45</ele>
      </trkpt>
      <trkpt lat="36.18624" lon="-111.70841">
        <ele>948.98</ele>
      </trkpt>
      <trkpt lat="36.18624" lon="-111.70845">
        <ele>951.34</ele>
      </trkpt>
      <trkpt lat="36.18623" lon="-111.70847">
        <ele>950.75</ele>
      </trkpt>
      <trkpt lat="36.18621" lon="-111.70849">
        <ele>948.37</ele>
      </trkpt>
      <trkpt lat="36.18619" lon="-111.7085">
        <ele>947.16</ele>
      </trkpt>
      <trkpt lat="36.18619" lon="-111.7085">
        <ele>947.16</ele>
      </trkpt>
      <trkpt lat="36.18618" lon="-111.70849">
        <ele>946.62</ele>
      </trkpt>
      <trkpt lat="36.18614" lon="-111.70847">
        <ele>944.89</ele>
      </trkpt>
      <trkpt lat="36.1861" lon="-111.70845">
        <ele>943.31</ele>
      </trkpt>
      <trkpt lat="36.18608" lon="-111.70844">
        <ele>942.68</ele>
      </trkpt>
      <trkpt lat="36.18605" lon="-111.70845">
        <ele>942.37</ele>
      </trkpt>
      <trkpt lat="36.18604" lon="-111.70845">
        <ele>942.18</ele>
      </trkpt>
      <trkpt lat="36.18602" lon="-111.70845">
        <ele>941.81</ele>
      </trkpt>
      <trkpt lat="36.18601" lon="-111.70846">
        <ele>941.86</ele>
      </trkpt>
      <trkpt lat="36.18598" lon="-111.70848">
        <ele>941.75</ele>
      </trkpt>
      <trkpt lat="36.18594" lon="-111.7085">
        <ele>941.53</ele>
      </trkpt>
      <trkpt lat="36.18592" lon="-111.70853">
        <ele>942.12</ele>
      </trkpt>
      <trkpt lat="36.18585" lon="-111.70858">
        <ele>940.71</ele>
      </trkpt>
      <trkpt lat="36.18582" lon="-111.7086">
        <ele>940.06</ele>
      </trkpt>
      <trkpt lat="36.1858" lon="-111.70859">
        <ele>938.88</ele>
      </trkpt>
      <trkpt lat="36.18579" lon="-111.7086">
        <ele>938.77</ele>
      </trkpt>
      <trkpt lat="36.18572" lon="-111.70864">
        <ele>937.28</ele>
      </trkpt>
      <trkpt lat="36.18569" lon="-111.70865">
        <ele>936.26</ele>
      </trkpt>
      <trkpt lat="36.18563" lon="-111.7087">
        <ele>934.9</ele>
      </trkpt>
      <trkpt lat="36.1856" lon="-111.70873">
        <ele>934.39</ele>
      </trkpt>
      <trkpt lat="36.18556" lon="-111.7088">
        <ele>934.37</ele>
      </trkpt>
      <trkpt lat="36.18555" lon="-111.70882">
        <ele>934.11</ele>
      </trkpt>
      <trkpt lat="36.18548" lon="-111.70883">
        <ele>929.31</ele>
      </trkpt>
      <trkpt lat="36.18541" lon="-111.70886">
        <ele>925.06</ele>
      </trkpt>
      <trkpt lat="36.18537" lon="-111.70888">
        <ele>922.68</ele>
      </trkpt>
      <trkpt lat="36.18535" lon="-111.70891">
        <ele>922.09</ele>
      </trkpt>
      <trkpt lat="36.18534" lon="-111.70895">
        <ele>922.47</ele>
      </trkpt>
      <trkpt lat="36.18534" lon="-111.70899">
        <ele>923.56</ele>
      </trkpt>
      <trkpt lat="36.18534" lon="-111.70901">
        <ele>923.99</ele>
      </trkpt>
      <trkpt lat="36.18534" lon="-111.70903">
        <ele>924.42</ele>
      </trkpt>
      <trkpt lat="36.18534" lon="-111.70906">
        <ele>925.07</ele>
      </trkpt>
      <trkpt lat="36.18534" lon="-111.7091">
        <ele>925.75</ele>
      </trkpt>
      <trkpt lat="36.18532" lon="-111.70915">
        <ele>924.91</ele>
      </trkpt>
      <trkpt lat="36.18529" lon="-111.7092">
        <ele>922.97</ele>
      </trkpt>
      <trkpt lat="36.18527" lon="-111.70924">
        <ele>921.33</ele>
      </trkpt>
      <trkpt lat="36.18526" lon="-111.70925">
        <ele>920.46</ele>
      </trkpt>
      <trkpt lat="36.18518" lon="-111.70926">
        <ele>913.66</ele>
      </trkpt>
      <trkpt lat="36.18515" lon="-111.7092">
        <ele>911.72</ele>
      </trkpt>
      <trkpt lat="36.18509" lon="-111.70919">
        <ele>907.86</ele>
      </trkpt>
      <trkpt lat="36.18502" lon="-111.70921">
        <ele>904.08</ele>
      </trkpt>
      <trkpt lat="36.18499" lon="-111.70921">
        <ele>902.73</ele>
      </trkpt>
      <trkpt lat="36.18495" lon="-111.70919">
        <ele>901.52</ele>
      </trkpt>
      <trkpt lat="36.1848" lon="-111.70917">
        <ele>898.99</ele>
      </trkpt>
      <trkpt lat="36.18479" lon="-111.70918">
        <ele>898.96</ele>
      </trkpt>
      <trkpt lat="36.18479" lon="-111.70918">
        <ele>898.96</ele>
      </trkpt>
      <trkpt lat="36.18478" lon="-111.7092">
        <ele>898.86</ele>
      </trkpt>
      <trkpt lat="36.18477" lon="-111.70926">
        <ele>898.52</ele>
      </trkpt>
      <trkpt lat="36.18476" lon="-111.70931">
        <ele>898.41</ele>
      </trkpt>
      <trkpt lat="36.18476" lon="-111.70933">
        <ele>898.41</ele>
      </trkpt>
      <trkpt lat="36.18475" lon="-111.70936">
        <ele>898.21</ele>
      </trkpt>
      <trkpt lat="36.18475" lon="-111.70938">
        <ele>898.0</ele>
      </trkpt>
      <trkpt lat="36.18474" lon="-111.70939">
        <ele>897.78</ele>
      </trkpt>
      <trkpt lat="36.18474" lon="-111.7094">
        <ele>897.67</ele>
      </trkpt>
      <trkpt lat="36.18473" lon="-111.70941">
        <ele>897.46</ele>
      </trkpt>
      <trkpt lat="36.18468" lon="-111.70944">
        <ele>897.05</ele>
      </trkpt>
      <trkpt lat="36.18463" lon="-111.70945">
        <ele>896.94</ele>
      </trkpt>
      <trkpt lat="36.18461" lon="-111.70945">
        <ele>897.15</ele>
      </trkpt>
      <trkpt lat="36.18454" lon="-111.70946">
        <ele>897.8</ele>
      </trkpt>
      <trkpt lat="36.1845" lon="-111.70944">
        <ele>898.47</ele>
      </trkpt>
      <trkpt lat="36.18446" lon="-111.70944">
        <ele>898.92</ele>
      </trkpt>
      <trkpt lat="36.1844" lon="-111.70949">
        <ele>898.75</ele>
      </trkpt>
      <trkpt lat="36.18436" lon="-111.70953">
        <ele>898.15</ele>
      </trkpt>
      <trkpt lat="36.18432" lon="-111.70956">
        <ele>897.5</ele>
      </trkpt>
      <trkpt lat="36.18427" lon="-111.70957">
        <ele>897.29</ele>
      </trkpt>
      <trkpt lat="36.18423" lon="-111.70958">
        <ele>897.09</ele>
      </trkpt>
      <trkpt lat="36.18419" lon="-111.70962">
        <ele>895.62</ele>
      </trkpt>
      <trkpt lat="36.18417" lon="-111.70963">
        <ele>895.03</ele>
      </trkpt>
      <trkpt lat="36.18413" lon="-111.70967">
        <ele>894.13</ele>
      </trkpt>
      <trkpt lat="36.18417" lon="-111.70963">
        <ele>895.03</ele>
      </trkpt>
      <trkpt lat="36.18419" lon="-111.70962">
        <ele>895.62</ele>
      </trkpt>
      <trkpt lat="36.18423" lon="-111.70958">
        <ele>897.09</ele>
      </trkpt>
      <trkpt lat="36.18427" lon="-111.70957">
        <ele>897.29</ele>
      </trkpt>
      <trkpt lat="36.18432" lon="-111.70956">
        <ele>897.5</ele>
      </trkpt>
      <trkpt lat="36.18436" lon="-111.70953">
        <ele>898.15</ele>
      </trkpt>
      <trkpt lat="36.1844" lon="-111.70949">
        <ele>898.75</ele>
      </trkpt>
      <trkpt lat="36.18446" lon="-111.70944">
        <ele>898.92</ele>
      </trkpt>
      <trkpt lat="36.1845" lon="-111.70944">
        <ele>898.47</ele>
      </trkpt>
      <trkpt lat="36.18454" lon="-111.70946">
        <ele>897.8</ele>
      </trkpt>
      <trkpt lat="36.18461" lon="-111.70945">
        <ele>897.15</ele>
      </trkpt>
      <trkpt lat="36.18463" lon="-111.70945">
        <ele>896.94</ele>
      </trkpt>
      <trkpt lat="36.18468" lon="-111.70944">
        <ele>897.05</ele>
      </trkpt>
      <trkpt lat="36.18473" lon="-111.70941">
        <ele>897.46</ele>
      </trkpt>
      <trkpt lat="36.18474" lon="-111.7094">
        <ele>897.67</ele>
      </trkpt>
      <trkpt lat="36.18474" lon="-111.70939">
        <ele>897.78</ele>
      </trkpt>
      <trkpt lat="36.18475" lon="-111.70938">
        <ele>898.0</ele>
      </trkpt>
      <trkpt lat="36.18475" lon="-111.70936">
        <ele>898.21</ele>
      </trkpt>
      <trkpt lat="36.18476" lon="-111.70933">
        <ele>898.41</ele>
      </trkpt>
      <trkpt lat="36.18476" lon="-111.70931">
        <ele>898.41</ele>
      </trkpt>
      <trkpt lat="36.18477" lon="-111.70926">
        <ele>898.52</ele>
      </trkpt>
      <trkpt lat="36.18478" lon="-111.7092">
        <ele>898.86</ele>
      </trkpt>
      <trkpt lat="36.18479" lon="-111.70918">
        <ele>898.96</ele>
      </trkpt>
      <trkpt lat="36.18479" lon="-111.70918">
        <ele>898.96</ele>
      </trkpt>
      <trkpt lat="36.1848" lon="-111.70917">
        <ele>898.99</ele>
      </trkpt>
      <trkpt lat="36.18495" lon="-111.70919">
        <ele>901.52</ele>
      </trkpt>
      <trkpt lat="36.18499" lon="-111.70921">
        <ele>902.73</ele>
      </trkpt>
      <trkpt lat="36.18502" lon="-111.70921">
        <ele>904.08</ele>
      </trkpt>
      <trkpt lat="36.18509" lon="-111.70919">
        <ele>907.86</ele>
      </trkpt>
      <trkpt lat="36.18515" lon="-111.7092">
        <ele>911.72</ele>
      </trkpt>
      <trkpt lat="36.18518" lon="-111.70926">
        <ele>913.66</ele>
      </trkpt>
      <trkpt lat="36.18526" lon="-111.70925">
        <ele>920.46</ele>
      </trkpt>
      <trkpt lat="36.18527" lon="-111.70924">
        <ele>921.33</ele>
      </trkpt>
      <trkpt lat="36.18529" lon="-111.7092">
        <ele>922.97</ele>
      </trkpt>
      <trkpt lat="36.18532" lon="-111.70915">
        <ele>924.91</ele>
      </trkpt>
      <trkpt lat="36.18534" lon="-111.7091">
        <ele>925.75</ele>
      </trkpt>
      <trkpt lat="36.18534" lon="-111.70906">
        <ele>925.07</ele>
      </trkpt>
      <trkpt lat="36.18534" lon="-111.70903">
        <ele>924.42</ele>
      </trkpt>
      <trkpt lat="36.18534" lon="-111.70901">
        <ele>923.99</ele>
      </trkpt>
      <trkpt lat="36.18534" lon="-111.70899">
        <ele>923.56</ele>
      </trkpt>
      <trkpt lat="36.18534" lon="-111.70895">
        <ele>922.47</ele>
      </trkpt>
      <trkpt lat="36.18535" lon="-111.70891">
        <ele>922.09</ele>
      </trkpt>
      <trkpt lat="36.18537" lon="-111.70888">
        <ele>922.68</ele>
      </trkpt>
      <trkpt lat="36.18541" lon="-111.70886">
        <ele>925.06</ele>
      </trkpt>
      <trkpt lat="36.18548" lon="-111.70883">
        <ele>929.31</ele>
      </trkpt>
      <trkpt lat="36.18555" lon="-111.70882">
        <ele>934.11</ele>
      </trkpt>
      <trkpt lat="36.18556" lon="-111.7088">
        <ele>934.37</ele>
      </trkpt>
      <trkpt lat="36.1856" lon="-111.70873">
        <ele>934.39</ele>
      </trkpt>
      <trkpt lat="36.18563" lon="-111.7087">
        <ele>934.9</ele>
      </trkpt>
      <trkpt lat="36.18569" lon="-111.70865">
        <ele>936.26</ele>
      </trkpt>
      <trkpt lat="36.18572" lon="-111.70864">
        <ele>937.28</ele>
      </trkpt>
      <trkpt lat="36.18579" lon="-111.7086">
        <ele>938.77</ele>
      </trkpt>
      <trkpt lat="36.1858" lon="-111.70859">
        <ele>938.88</ele>
      </trkpt>
      <trkpt lat="36.18582" lon="-111.7086">
        <ele>940.06</ele>
      </trkpt>
      <trkpt lat="36.18585" lon="-111.70858">
        <ele>940.71</ele>
      </trkpt>
      <trkpt lat="36.18592" lon="-111.70853">
        <ele>942.12</ele>
      </trkpt>
      <trkpt lat="36.18594" lon="-111.7085">
        <ele>941.53</ele>
      </trkpt>
      <trkpt lat="36.18598" lon="-111.70848">
        <ele>941.75</ele>
      </trkpt>
      <trkpt lat="36.18601" lon="-111.70846">
        <ele>941.86</ele>
      </trkpt>
      <trkpt lat="36.18602" lon="-111.70845">
        <ele>941.81</ele>
      </trkpt>
      <trkpt lat="36.18604" lon="-111.70845">
        <ele>942.18</ele>
      </trkpt>
      <trkpt lat="36.18605" lon="-111.70845">
        <ele>942.37</ele>
      </trkpt>
      <trkpt lat="36.18608" lon="-111.70844">
        <ele>942.68</ele>
      </trkpt>
      <trkpt lat="36.1861" lon="-111.70845">
        <ele>943.31</ele>
      </trkpt>
      <trkpt lat="36.18614" lon="-111.70847">
        <ele>944.89</ele>
      </trkpt>
      <trkpt lat="36.18618" lon="-111.70849">
        <ele>946.62</ele>
      </trkpt>
      <trkpt lat="36.18619" lon="-111.7085">
        <ele>947.16</ele>
      </trkpt>
      <trkpt lat="36.18619" lon="-111.7085">
        <ele>947.16</ele>
      </trkpt>
      <trkpt lat="36.18621" lon="-111.70849">
        <ele>948.37</ele>
      </trkpt>
      <trkpt lat="36.18623" lon="-111.70847">
        <ele>950.75</ele>
      </trkpt>
      <trkpt lat="36.18624" lon="-111.70845">
        <ele>951.34</ele>
      </trkpt>
      <trkpt lat="36.18624" lon="-111.70841">
        <ele>948.98</ele>
      </trkpt>
      <trkpt lat="36.18625" lon="-111.70836">
        <ele>945.45</ele>
      </trkpt>
      <trkpt lat="36.18628" lon="-111.70833">
        <ele>943.99</ele>
      </trkpt>
      <trkpt lat="36.18631" lon="-111.7083">
        <ele>943.31</ele>
      </trkpt>
      <trkpt lat="36.18635" lon="-111.70829">
        <ele>946.43</ele>
      </trkpt>
      <trkpt lat="36.18639" lon="-111.70829">
        <ele>950.7</ele>
      </trkpt>
      <trkpt lat="36.18645" lon="-111.70827">
        <ele>957.62</ele>
      </trkpt>
      <trkpt lat="36.18648" lon="-111.70825">
        <ele>959.34</ele>
      </trkpt>
      <trkpt lat="36.18654" lon="-111.70821">
        <ele>965.92</ele>
      </trkpt>
      <trkpt lat="36.18661" lon="-111.70815">
        <ele>971.22</ele>
      </trkpt>
      <trkpt lat="36.18667" lon="-111.70808">
        <ele>974.0</ele>
      </trkpt>
      <trkpt lat="36.18669" lon="-111.70804">
        <ele>970.19</ele>
      </trkpt>
      <trkpt lat="36.18672" lon="-111.70801">
        <ele>965.58</ele>
      </trkpt>
      <trkpt lat="36.18674" lon="-111.70799">
        <ele>962.16</ele>
      </trkpt>
      <trkpt lat="36.18679" lon="-111.70794">
        <ele>960.41</ele>
      </trkpt>
      <trkpt lat="36.18685" lon="-111.70785">
        <ele>960.7</ele>
      </trkpt>
      <trkpt lat="36.1869" lon="-111.7078">
        <ele>962.11</ele>
      </trkpt>
      <trkpt lat="36.18693" lon="-111.70776">
        <ele>963.56</ele>
      </trkpt>
      <trkpt lat="36.18695" lon="-111.7077">
        <ele>964.64</ele>
      </trkpt>
      <trkpt lat="36.18702" lon="-111.70761">
        <ele>969.2</ele>
      </trkpt>
      <trkpt lat="36.18707" lon="-111.70757">
        <ele>971.89</ele>
      </trkpt>
      <trkpt lat="36.18711" lon="-111.70756">
        <ele>974.38</ele>
      </trkpt>
      <trkpt lat="36.18714" lon="-111.70753">
        <ele>975.96</ele>
      </trkpt>
      <trkpt lat="36.18715" lon="-111.70751">
        <ele>976.26</ele>
      </trkpt>
      <trkpt lat="36.18715" lon="-111.70748">
        <ele>975.67</ele>
      </trkpt>
      <trkpt lat="36.18718" lon="-111.70743">
        <ele>976.21</ele>
      </trkpt>
      <trkpt lat="36.18722" lon="-111.70739">
        <ele>977.5</ele>
      </trkpt>
      <trkpt lat="36.18724" lon="-111.70737">
        <ele>978.19</ele>
      </trkpt>
      <trkpt lat="36.18726" lon="-111.70734">
        <ele>978.4</ele>
      </trkpt>
      <trkpt lat="36.18728" lon="-111.70725">
        <ele>976.4</ele>
      </trkpt>
      <trkpt lat="36.1873" lon="-111.70724">
        <ele>976.94</ele>
      </trkpt>
      <trkpt lat="36.18732" lon="-111.70723">
        <ele>977.48</ele>
      </trkpt>
      <trkpt lat="36.18734" lon="-111.70723">
        <ele>978.36</ele>
      </trkpt>
      <trkpt lat="36.18736" lon="-111.70724">
        <ele>979.62</ele>
      </trkpt>
      <trkpt lat="36.18739" lon="-111.70725">
        <ele>981.39</ele>
      </trkpt>
      <trkpt lat="36.18747" lon="-111.70726">
        <ele>985.34</ele>
      </trkpt>
      <trkpt lat="36.18749" lon="-111.70725">
        <ele>985.77</ele>
      </trkpt>
      <trkpt lat="36.18751" lon="-111.70723">
        <ele>985.86</ele>
      </trkpt>
      <trkpt lat="36.1876" lon="-111.70721">
        <ele>989.85</ele>
      </trkpt>
      <trkpt lat="36.18765" lon="-111.70721">
        <ele>991.55</ele>
      </trkpt>
      <trkpt lat="36.18773" lon="-111.70723">
        <ele>994.7</ele>
      </trkpt>
      <trkpt lat="36.18777" lon="-111.70725">
        <ele>996.65</ele>
      </trkpt>
      <trkpt lat="36.18779" lon="-111.70729">
        <ele>998.59</ele>
      </trkpt>
      <trkpt lat="36.18781" lon="-111.70731">
        <ele>999.89</ele>
      </trkpt>
      <trkpt lat="36.18784" lon="-111.70732">
        <ele>1001.22</ele>
      </trkpt>
      <trkpt lat="36.18786" lon="-111.70732">
        <ele>1001.88</ele>
      </trkpt>
      <trkpt lat="36.18788" lon="-111.70734">
        <ele>1003.61</ele>
      </trkpt>
      <trkpt lat="36.18793" lon="-111.70739">
        <ele>1008.47</ele>
      </trkpt>
      <trkpt lat="36.18798" lon="-111.7074">
        <ele>1011.8</ele>
      </trkpt>
      <trkpt lat="36.188" lon="-111.70742">
        <ele>1014.08</ele>
      </trkpt>
      <trkpt lat="36.18803" lon="-111.70749">
        <ele>1019.8</ele>
      </trkpt>
      <trkpt lat="36.18807" lon="-111.70755">
        <ele>1025.02</ele>
      </trkpt>
      <trkpt lat="36.18809" lon="-111.70758">
        <ele>1027.64</ele>
      </trkpt>
      <trkpt lat="36.1881" lon="-111.70759">
        <ele>1028.75</ele>
      </trkpt>
      <trkpt lat="36.18811" lon="-111.7076">
        <ele>1029.85</ele>
      </trkpt>
      <trkpt lat="36.18812" lon="-111.70762">
        <ele>1031.36</ele>
      </trkpt>
      <trkpt lat="36.18813" lon="-111.70764">
        <ele>1032.87</ele>
      </trkpt>
      <trkpt lat="36.18814" lon="-111.70766">
        <ele>1034.38</ele>
      </trkpt>
      <trkpt lat="36.18816" lon="-111.70767">
        <ele>1036.2</ele>
      </trkpt>
      <trkpt lat="36.18817" lon="-111.70769">
        <ele>1038.02</ele>
      </trkpt>
      <trkpt lat="36.18819" lon="-111.70769">
        <ele>1039.53</ele>
      </trkpt>
      <trkpt lat="36.18823" lon="-111.70771">
        <ele>1044.06</ele>
      </trkpt>
      <trkpt lat="36.18827" lon="-111.70771">
        <ele>1047.09</ele>
      </trkpt>
      <trkpt lat="36.18831" lon="-111.70771">
        <ele>1050.11</ele>
      </trkpt>
      <trkpt lat="36.18833" lon="-111.7077">
        <ele>1050.87</ele>
      </trkpt>
      <trkpt lat="36.18834" lon="-111.70768">
        <ele>1050.24</ele>
      </trkpt>
      <trkpt lat="36.18836" lon="-111.70767">
        <ele>1051.32</ele>
      </trkpt>
      <trkpt lat="36.18842" lon="-111.70756">
        <ele>1049.75</ele>
      </trkpt>
      <trkpt lat="36.18845" lon="-111.70753">
        <ele>1051.04</ele>
      </trkpt>
      <trkpt lat="36.18847" lon="-111.70748">
        <ele>1050.64</ele>
      </trkpt>
      <trkpt lat="36.18849" lon="-111.70747">
        <ele>1052.26</ele>
      </trkpt>
      <trkpt lat="36.1885" lon="-111.70747">
        <ele>1053.23</ele>
      </trkpt>
      <trkpt lat="36.18853" lon="-111.70746">
        <ele>1055.94</ele>
      </trkpt>
      <trkpt lat="36.18855" lon="-111.70747">
        <ele>1058.43</ele>
      </trkpt>
      <trkpt lat="36.18857" lon="-111.70747">
        <ele>1060.59</ele>
      </trkpt>
      <trkpt lat="36.18859" lon="-111.70748">
        <ele>1063.07</ele>
      </trkpt>
      <trkpt lat="36.18861" lon="-111.70751">
        <ele>1066.53</ele>
      </trkpt>
      <trkpt lat="36.18862" lon="-111.70754">
        <ele>1069.65</ele>
      </trkpt>
      <trkpt lat="36.18863" lon="-111.70759">
        <ele>1074.08</ele>
      </trkpt>
      <trkpt lat="36.18863" lon="-111.70762">
        <ele>1076.43</ele>
      </trkpt>
      <trkpt lat="36.18862" lon="-111.70764">
        <ele>1077.0</ele>
      </trkpt>
      <trkpt lat="36.18864" lon="-111.70766">
        <ele>1080.57</ele>
      </trkpt>
      <trkpt lat="36.18866" lon="-111.70766">
        <ele>1082.48</ele>
      </trkpt>
      <trkpt lat="36.18868" lon="-111.70765">
        <ele>1083.76</ele>
      </trkpt>
      <trkpt lat="36.18871" lon="-111.70761">
        <ele>1084.54</ele>
      </trkpt>
      <trkpt lat="36.18871" lon="-111.70761">
        <ele>1084.54</ele>
      </trkpt>
      <trkpt lat="36.18873" lon="-111.70759">
        <ele>1085.41</ele>
      </trkpt>
      <trkpt lat="36.18874" lon="-111.70758">
        <ele>1085.87</ele>
      </trkpt>
      <trkpt lat="36.18875" lon="-111.70757">
        <ele>1086.4</ele>
      </trkpt>
      <trkpt lat="36.18876" lon="-111.70756">
        <ele>1087.0</ele>
      </trkpt>
      <trkpt lat="36.18877" lon="-111.70754">
        <ele>1087.26</ele>
      </trkpt>
      <trkpt lat="36.18878" lon="-111.70753">
        <ele>1088.03</ele>
      </trkpt>
      <trkpt lat="36.18878" lon="-111.70752">
        <ele>1087.65</ele>
      </trkpt>
      <trkpt lat="36.18879" lon="-111.7075">
        <ele>1088.18</ele>
      </trkpt>
      <trkpt lat="36.1888" lon="-111.70747">
        <ele>1087.77</ele>
      </trkpt>
      <trkpt lat="36.18881" lon="-111.70745">
        <ele>1087.79</ele>
      </trkpt>
      <trkpt lat="36.18882" lon="-111.70746">
        <ele>1089.37</ele>
      </trkpt>
      <trkpt lat="36.18883" lon="-111.70746">
        <ele>1090.43</ele>
      </trkpt>
      <trkpt lat="36.18884" lon="-111.70748">
        <ele>1092.37</ele>
      </trkpt>
      <trkpt lat="36.18887" lon="-111.70751">
        <ele>1096.4</ele>
      </trkpt>
      <trkpt lat="36.1889" lon="-111.70757">
        <ele>1100.32</ele>
      </trkpt>
      <trkpt lat="36.18893" lon="-111.70763">
        <ele>1104.54</ele>
      </trkpt>
      <trkpt lat="36.18896" lon="-111.70766">
        <ele>1107.73</ele>
      </trkpt>
      <trkpt lat="36.18899" lon="-111.70765">
        <ele>1109.11</ele>
      </trkpt>
      <trkpt lat="36.18902" lon="-111.70764">
        <ele>1109.77</ele>
      </trkpt>
      <trkpt lat="36.18907" lon="-111.70766">
        <ele>1111.62</ele>
      </trkpt>
      <trkpt lat="36.1891" lon="-111.70766">
        <ele>1112.29</ele>
      </trkpt>
      <trkpt lat="36.18912" lon="-111.70764">
        <ele>1112.5</ele>
      </trkpt>
      <trkpt lat="36.18914" lon="-111.70761">
        <ele>1112.61</ele>
      </trkpt>
      <trkpt lat="36.18915" lon="-111.7076">
        <ele>1112.72</ele>
      </trkpt>
      <trkpt lat="36.18921" lon="-111.70757">
        <ele>1112.63</ele>
      </trkpt>
      <trkpt lat="36.18923" lon="-111.70757">
        <ele>1112.68</ele>
      </trkpt>
      <trkpt lat="36.18927" lon="-111.70756">
        <ele>1112.72</ele>
      </trkpt>
      <trkpt lat="36.18931" lon="-111.70756">
        <ele>1113.0</ele>
      </trkpt>
      <trkpt lat="36.18937" lon="-111.70757">
        <ele>1113.51</ele>
      </trkpt>
      <trkpt lat="36.1894" lon="-111.70758">
        <ele>1113.73</ele>
      </trkpt>
      <trkpt lat="36.18942" lon="-111.70759">
        <ele>1113.94</ele>
      </trkpt>
      <trkpt lat="36.18948" lon="-111.7076">
        <ele>1114.62</ele>
      </trkpt>
      <trkpt lat="36.18953" lon="-111.7076">
        <ele>1115.16</ele>
      </trkpt>
      <trkpt lat="36.18958" lon="-111.70759">
        <ele>1115.38</ele>
      </trkpt>
      <trkpt lat="36.18962" lon="-111.70755">
        <ele>1114.52</ele>
      </trkpt>
      <trkpt lat="36.1897" lon="-111.70752">
        <ele>1115.0</ele>
      </trkpt>
      <trkpt lat="36.18972" lon="-111.70748">
        <ele>1114.3</ele>
      </trkpt>
      <trkpt lat="36.18973" lon="-111.70742">
        <ele>1112.56</ele>
      </trkpt>
      <trkpt lat="36.18977" lon="-111.70735">
        <ele>1112.11</ele>
      </trkpt>
      <trkpt lat="36.18978" lon="-111.70731">
        <ele>1111.73</ele>
      </trkpt>
      <trkpt lat="36.18978" lon="-111.70726">
        <ele>1110.24</ele>
      </trkpt>
      <trkpt lat="36.18983" lon="-111.70719">
        <ele>1110.34</ele>
      </trkpt>
      <trkpt lat="36.18986" lon="-111.70716">
        <ele>1110.29</ele>
      </trkpt>
      <trkpt lat="36.18995" lon="-111.70711">
        <ele>1110.25</ele>
      </trkpt>
      <trkpt lat="36.19" lon="-111.7071">
        <ele>1110.04</ele>
      </trkpt>
      <trkpt lat="36.19006" lon="-111.70712">
        <ele>1110.62</ele>
      </trkpt>
      <trkpt lat="36.19009" lon="-111.70715">
        <ele>1111.65</ele>
      </trkpt>
      <trkpt lat="36.19011" lon="-111.70717">
        <ele>1112.31</ele>
      </trkpt>
      <trkpt lat="36.19013" lon="-111.70718">
        <ele>1112.63</ele>
      </trkpt>
      <trkpt lat="36.19016" lon="-111.70718">
        <ele>1112.63</ele>
      </trkpt>
      <trkpt lat="36.19019" lon="-111.70717">
        <ele>1112.36</ele>
      </trkpt>
      <trkpt lat="36.19022" lon="-111.70715">
        <ele>1112.04</ele>
      </trkpt>
      <trkpt lat="36.19026" lon="-111.70715">
        <ele>1112.47</ele>
      </trkpt>
      <trkpt lat="36.1903" lon="-111.70713">
        <ele>1112.25</ele>
      </trkpt>
      <trkpt lat="36.19037" lon="-111.70706">
        <ele>1109.99</ele>
      </trkpt>
      <trkpt lat="36.1904" lon="-111.70701">
        <ele>1108.47</ele>
      </trkpt>
      <trkpt lat="36.19042" lon="-111.70699">
        <ele>1108.04</ele>
      </trkpt>
      <trkpt lat="36.19044" lon="-111.70697">
        <ele>1107.61</ele>
      </trkpt>
      <trkpt lat="36.19046" lon="-111.70697">
        <ele>1108.04</ele>
      </trkpt>
      <trkpt lat="36.19048" lon="-111.70696">
        <ele>1108.04</ele>
      </trkpt>
      <trkpt lat="36.19051" lon="-111.70692">
        <ele>1106.96</ele>
      </trkpt>
      <trkpt lat="36.19055" lon="-111.70689">
        <ele>1107.05</ele>
      </trkpt>
      <trkpt lat="36.19063" lon="-111.70686">
        <ele>1107.14</ele>
      </trkpt>
      <trkpt lat="36.19068" lon="-111.70686">
        <ele>1108.01</ele>
      </trkpt>
      <trkpt lat="36.19079" lon="-111.7069">
        <ele>1110.3</ele>
      </trkpt>
      <trkpt lat="36.19084" lon="-111.7069">
        <ele>1110.01</ele>
      </trkpt>
      <trkpt lat="36.19088" lon="-111.70689">
        <ele>1109.14</ele>
      </trkpt>
      <trkpt lat="36.19091" lon="-111.70687">
        <ele>1107.96</ele>
      </trkpt>
      <trkpt lat="36.19094" lon="-111.70686">
        <ele>1106.92</ele>
      </trkpt>
      <trkpt lat="36.19098" lon="-111.70686">
        <ele>1105.7</ele>
      </trkpt>
      <trkpt lat="36.19102" lon="-111.70687">
        <ele>1105.16</ele>
      </trkpt>
      <trkpt lat="36.19106" lon="-111.70689">
        <ele>1106.21</ele>
      </trkpt>
      <trkpt lat="36.1911" lon="-111.70695">
        <ele>1110.3</ele>
      </trkpt>
      <trkpt lat="36.19112" lon="-111.70697">
        <ele>1111.48</ele>
      </trkpt>
      <trkpt lat="36.19117" lon="-111.70701">
        <ele>1114.18</ele>
      </trkpt>
      <trkpt lat="36.1912" lon="-111.70703">
        <ele>1115.58</ele>
      </trkpt>
      <trkpt lat="36.19125" lon="-111.707">
        <ele>1114.7</ele>
      </trkpt>
      <trkpt lat="36.19128" lon="-111.707">
        <ele>1115.15</ele>
      </trkpt>
      <trkpt lat="36.19135" lon="-111.70699">
        <ele>1116.71</ele>
      </trkpt>
      <trkpt lat="36.19137" lon="-111.70697">
        <ele>1116.49</ele>
      </trkpt>
      <trkpt lat="36.1914" lon="-111.70694">
        <ele>1116.17</ele>
      </trkpt>
      <trkpt lat="36.19143" lon="-111.70692">
        <ele>1116.28</ele>
      </trkpt>
      <trkpt lat="36.19149" lon="-111.70694">
        <ele>1118.99</ele>
      </trkpt>
      <trkpt lat="36.19151" lon="-111.70693">
        <ele>1118.99</ele>
      </trkpt>
      <trkpt lat="36.19153" lon="-111.70692">
        <ele>1118.99</ele>
      </trkpt>
      <trkpt lat="36.19158" lon="-111.70685">
        <ele>1117.07</ele>
      </trkpt>
      <trkpt lat="36.19161" lon="-111.70683">
        <ele>1117.07</ele>
      </trkpt>
      <trkpt lat="36.19165" lon="-111.70679">
        <ele>1116.64</ele>
      </trkpt>
      <trkpt lat="36.19169" lon="-111.70678">
        <ele>1116.98</ele>
      </trkpt>
      <trkpt lat="36.19172" lon="-111.70678">
        <ele>1117.38</ele>
      </trkpt>
      <trkpt lat="36.19175" lon="-111.70678">
        <ele>1117.77</ele>
      </trkpt>
      <trkpt lat="36.19177" lon="-111.70678">
        <ele>1118.13</ele>
      </trkpt>
      <trkpt lat="36.19179" lon="-111.70678">
        <ele>1118.56</ele>
      </trkpt>
      <trkpt lat="36.1918" lon="-111.70676">
        <ele>1117.91</ele>
      </trkpt>
      <trkpt lat="36.19183" lon="-111.70672">
        <ele>1116.93</ele>
      </trkpt>
      <trkpt lat="36.19191" lon="-111.70665">
        <ele>1114.84</ele>
      </trkpt>
      <trkpt lat="36.19195" lon="-111.70662">
        <ele>1114.1</ele>
      </trkpt>
      <trkpt lat="36.192" lon="-111.70658">
        <ele>1113.46</ele>
      </trkpt>
      <trkpt lat="36.19205" lon="-111.70655">
        <ele>1113.02</ele>
      </trkpt>
      <trkpt lat="36.19209" lon="-111.70652">
        <ele>1112.56</ele>
      </trkpt>
      <trkpt lat="36.19212" lon="-111.70651">
        <ele>1112.95</ele>
      </trkpt>
      <trkpt lat="36.19221" lon="-111.70651">
        <ele>1115.84</ele>
      </trkpt>
      <trkpt lat="36.19227" lon="-111.70648">
        <ele>1115.95</ele>
      </trkpt>
      <trkpt lat="36.1923" lon="-111.70646">
        <ele>1115.52</ele>
      </trkpt>
      <trkpt lat="36.19237" lon="-111.70643">
        <ele>1116.01</ele>
      </trkpt>
      <trkpt lat="36.19241" lon="-111.70643">
        <ele>1117.26</ele>
      </trkpt>
      <trkpt lat="36.19244" lon="-111.70643">
        <ele>1117.77</ele>
      </trkpt>
      <trkpt lat="36.19247" lon="-111.70641">
        <ele>1117.34</ele>
      </trkpt>
      <trkpt lat="36.19251" lon="-111.70639">
        <ele>1117.16</ele>
      </trkpt>
      <trkpt lat="36.19253" lon="-111.70638">
        <ele>1116.84</ele>
      </trkpt>
      <trkpt lat="36.19256" lon="-111.70637">
        <ele>1116.63</ele>
      </trkpt>
      <trkpt lat="36.19259" lon="-111.70634">
        <ele>1115.33</ele>
      </trkpt>
      <trkpt lat="36.1927" lon="-111.7063">
        <ele>1114.36</ele>
      </trkpt>
      <trkpt lat="36.19274" lon="-111.70628">
        <ele>1113.71</ele>
      </trkpt>
      <trkpt lat="36.19279" lon="-111.70626">
        <ele>1113.17</ele>
      </trkpt>
      <trkpt lat="36.19282" lon="-111.70626">
        <ele>1113.5</ele>
      </trkpt>
      <trkpt lat="36.19284" lon="-111.70627">
        <ele>1114.25</ele>
      </trkpt>
      <trkpt lat="36.19287" lon="-111.70629">
        <ele>1115.66</ele>
      </trkpt>
      <trkpt lat="36.19291" lon="-111.70633">
        <ele>1118.83</ele>
      </trkpt>
      <trkpt lat="36.19293" lon="-111.70634">
        <ele>1119.95</ele>
      </trkpt>
      <trkpt lat="36.19297" lon="-111.70634">
        <ele>1120.98</ele>
      </trkpt>
      <trkpt lat="36.19301" lon="-111.70632">
        <ele>1120.55</ele>
      </trkpt>
      <trkpt lat="36.19305" lon="-111.70632">
        <ele>1121.42</ele>
      </trkpt>
      <trkpt lat="36.19306" lon="-111.70631">
        <ele>1121.03</ele>
      </trkpt>
      <trkpt lat="36.19307" lon="-111.70628">
        <ele>1119.74</ele>
      </trkpt>
      <trkpt lat="36.19306" lon="-111.70621">
        <ele>1116.37</ele>
      </trkpt>
      <trkpt lat="36.19306" lon="-111.70617">
        <ele>1114.29</ele>
      </trkpt>
      <trkpt lat="36.19306" lon="-111.70616">
        <ele>1113.76</ele>
      </trkpt>
      <trkpt lat="36.19311" lon="-111.7061">
        <ele>1112.28</ele>
      </trkpt>
      <trkpt lat="36.19316" lon="-111.70606">
        <ele>1112.12</ele>
      </trkpt>
      <trkpt lat="36.1932" lon="-111.70605">
        <ele>1112.85</ele>
      </trkpt>
      <trkpt lat="36.19323" lon="-111.70604">
        <ele>1113.37</ele>
      </trkpt>
      <trkpt lat="36.19325" lon="-111.70604">
        <ele>1113.9</ele>
      </trkpt>
      <trkpt lat="36.19327" lon="-111.70604">
        <ele>1114.33</ele>
      </trkpt>
      <trkpt lat="36.1933" lon="-111.70604">
        <ele>1114.98</ele>
      </trkpt>
      <trkpt lat="36.19336" lon="-111.70602">
        <ele>1115.34</ele>
      </trkpt>
      <trkpt lat="36.19339" lon="-111.706">
        <ele>1114.81</ele>
      </trkpt>
      <trkpt lat="36.19341" lon="-111.70596">
        <ele>1113.3</ele>
      </trkpt>
      <trkpt lat="36.19343" lon="-111.70595">
        <ele>1113.13</ele>
      </trkpt>
      <trkpt lat="36.19349" lon="-111.70594">
        <ele>1113.99</ele>
      </trkpt>
      <trkpt lat="36.19351" lon="-111.70592">
        <ele>1113.56</ele>
      </trkpt>
      <trkpt lat="36.19352" lon="-111.7059">
        <ele>1112.9</ele>
      </trkpt>
      <trkpt lat="36.19353" lon="-111.70584">
        <ele>1110.41</ele>
      </trkpt>
      <trkpt lat="36.19354" lon="-111.70581">
        <ele>1108.78</ele>
      </trkpt>
      <trkpt lat="36.19359" lon="-111.70578">
        <ele>1107.76</ele>
      </trkpt>
      <trkpt lat="36.19361" lon="-111.70578">
        <ele>1108.1</ele>
      </trkpt>
      <trkpt lat="36.19364" lon="-111.7058">
        <ele>1109.51</ele>
      </trkpt>
      <trkpt lat="36.1937" lon="-111.7058">
        <ele>1110.16</ele>
      </trkpt>
      <trkpt lat="36.19376" lon="-111.70578">
        <ele>1109.47</ele>
      </trkpt>
      <trkpt lat="36.19381" lon="-111.70577">
        <ele>1109.41</ele>
      </trkpt>
      <trkpt lat="36.19387" lon="-111.70579">
        <ele>1110.92</ele>
      </trkpt>
      <trkpt lat="36.19389" lon="-111.70581">
        <ele>1112.0</ele>
      </trkpt>
      <trkpt lat="36.19391" lon="-111.70581">
        <ele>1112.16</ele>
      </trkpt>
      <trkpt lat="36.19394" lon="-111.7058">
        <ele>1111.91</ele>
      </trkpt>
      <trkpt lat="36.19397" lon="-111.70577">
        <ele>1110.54</ele>
      </trkpt>
      <trkpt lat="36.194" lon="-111.70575">
        <ele>1109.68</ele>
      </trkpt>
      <trkpt lat="36.19404" lon="-111.70573">
        <ele>1109.21</ele>
      </trkpt>
      <trkpt lat="36.19409" lon="-111.7057">
        <ele>1108.24</ele>
      </trkpt>
      <trkpt lat="36.19414" lon="-111.70567">
        <ele>1106.94</ele>
      </trkpt>
      <trkpt lat="36.19418" lon="-111.70566">
        <ele>1106.49</ele>
      </trkpt>
      <trkpt lat="36.19422" lon="-111.70567">
        <ele>1106.81</ele>
      </trkpt>
      <trkpt lat="36.19426" lon="-111.70569">
        <ele>1107.36</ele>
      </trkpt>
      <trkpt lat="36.19428" lon="-111.70571">
        <ele>1108.0</ele>
      </trkpt>
      <trkpt lat="36.19431" lon="-111.70574">
        <ele>1108.98</ele>
      </trkpt>
      <trkpt lat="36.19432" lon="-111.70577">
        <ele>1110.9</ele>
      </trkpt>
      <trkpt lat="36.19434" lon="-111.70579">
        <ele>1112.19</ele>
      </trkpt>
      <trkpt lat="36.19437" lon="-111.70583">
        <ele>1115.17</ele>
      </trkpt>
      <trkpt lat="36.19441" lon="-111.70586">
        <ele>1118.38</ele>
      </trkpt>
      <trkpt lat="36.19444" lon="-111.70586">
        <ele>1118.93</ele>
      </trkpt>
      <trkpt lat="36.19448" lon="-111.70585">
        <ele>1119.41</ele>
      </trkpt>
      <trkpt lat="36.1945" lon="-111.70585">
        <ele>1120.06</ele>
      </trkpt>
      <trkpt lat="36.19455" lon="-111.70587">
        <ele>1123.19</ele>
      </trkpt>
      <trkpt lat="36.19458" lon="-111.70588">
        <ele>1124.92</ele>
      </trkpt>
      <trkpt lat="36.19463" lon="-111.70587">
        <ele>1125.78</ele>
      </trkpt>
      <trkpt lat="36.19467" lon="-111.70585">
        <ele>1125.57</ele>
      </trkpt>
      <trkpt lat="36.1947" lon="-111.70583">
        <ele>1125.03</ele>
      </trkpt>
      <trkpt lat="36.19473" lon="-111.7058">
        <ele>1123.73</ele>
      </trkpt>
      <trkpt lat="36.19475" lon="-111.70577">
        <ele>1122.11</ele>
      </trkpt>
      <trkpt lat="36.19477" lon="-111.70574">
        <ele>1120.49</ele>
      </trkpt>
      <trkpt lat="36.19479" lon="-111.70571">
        <ele>1118.87</ele>
      </trkpt>
      <trkpt lat="36.19481" lon="-111.70568">
        <ele>1117.25</ele>
      </trkpt>
      <trkpt lat="36.19484" lon="-111.70563">
        <ele>1113.98</ele>
      </trkpt>
      <trkpt lat="36.19485" lon="-111.7056">
        <ele>1111.6</ele>
      </trkpt>
      <trkpt lat="36.19491" lon="-111.70552">
        <ele>1104.46</ele>
      </trkpt>
      <trkpt lat="36.19496" lon="-111.70547">
        <ele>1099.57</ele>
      </trkpt>
      <trkpt lat="36.19499" lon="-111.70545">
        <ele>1096.99</ele>
      </trkpt>
      <trkpt lat="36.19505" lon="-111.70545">
        <ele>1099.19</ele>
      </trkpt>
      <trkpt lat="36.19509" lon="-111.70544">
        <ele>1098.93</ele>
      </trkpt>
      <trkpt lat="36.19513" lon="-111.70545">
        <ele>1101.79</ele>
      </trkpt>
      <trkpt lat="36.19516" lon="-111.70545">
        <ele>1102.62</ele>
      </trkpt>
      <trkpt lat="36.19526" lon="-111.70547">
        <ele>1108.11</ele>
      </trkpt>
      <trkpt lat="36.19531" lon="-111.70549">
        <ele>1111.43</ele>
      </trkpt>
      <trkpt lat="36.19545" lon="-111.70547">
        <ele>1113.27</ele>
      </trkpt>
      <trkpt lat="36.19548" lon="-111.70546">
        <ele>1113.05</ele>
      </trkpt>
      <trkpt lat="36.1955" lon="-111.70546">
        <ele>1113.49</ele>
      </trkpt>
      <trkpt lat="36.19553" lon="-111.70547">
        <ele>1115.13</ele>
      </trkpt>
      <trkpt lat="36.19554" lon="-111.70547">
        <ele>1115.35</ele>
      </trkpt>
      <trkpt lat="36.19555" lon="-111.70547">
        <ele>1115.56</ele>
      </trkpt>
      <trkpt lat="36.19558" lon="-111.70547">
        <ele>1116.23</ele>
      </trkpt>
      <trkpt lat="36.19558" lon="-111.70547">
        <ele>1116.23</ele>
      </trkpt>
      <trkpt lat="36.19561" lon="-111.70547">
        <ele>1116.9</ele>
      </trkpt>
      <trkpt lat="36.19563" lon="-111.70548">
        <ele>1118.41</ele>
      </trkpt>
      <trkpt lat="36.19564" lon="-111.70548">
        <ele>1118.65</ele>
      </trkpt>
      <trkpt lat="36.19566" lon="-111.70548">
        <ele>1119.12</ele>
      </trkpt>
      <trkpt lat="36.1957" lon="-111.70547">
        <ele>1118.92</ele>
      </trkpt>
      <trkpt lat="36.19573" lon="-111.70547">
        <ele>1119.6</ele>
      </trkpt>
      <trkpt lat="36.19585" lon="-111.70544">
        <ele>1118.84</ele>
      </trkpt>
      <trkpt lat="36.19596" lon="-111.70544">
        <ele>1121.28</ele>
      </trkpt>
      <trkpt lat="36.19602" lon="-111.70542">
        <ele>1120.47</ele>
      </trkpt>
      <trkpt lat="36.19606" lon="-111.70542">
        <ele>1121.54</ele>
      </trkpt>
      <trkpt lat="36.19611" lon="-111.70544">
        <ele>1125.25</ele>
      </trkpt>
      <trkpt lat="36.19618" lon="-111.70544">
        <ele>1126.2</ele>
      </trkpt>
      <trkpt lat="36.19628" lon="-111.70545">
        <ele>1127.72</ele>
      </trkpt>
      <trkpt lat="36.1963" lon="-111.70547">
        <ele>1129.38</ele>
      </trkpt>
      <trkpt lat="36.19636" lon="-111.70551">
        <ele>1130.67</ele>
      </trkpt>
      <trkpt lat="36.1964" lon="-111.70553">
        <ele>1131.07</ele>
      </trkpt>
      <trkpt lat="36.19644" lon="-111.70555">
        <ele>1131.5</ele>
      </trkpt>
      <trkpt lat="36.19645" lon="-111.70555">
        <ele>1131.28</ele>
      </trkpt>
      <trkpt lat="36.19647" lon="-111.70556">
        <ele>1131.49</ele>
      </trkpt>
      <trkpt lat="36.19651" lon="-111.70558">
        <ele>1130.72</ele>
      </trkpt>
      <trkpt lat="36.19653" lon="-111.7056">
        <ele>1131.01</ele>
      </trkpt>
      <trkpt lat="36.19655" lon="-111.70561">
        <ele>1130.81</ele>
      </trkpt>
      <trkpt lat="36.19657" lon="-111.70564">
        <ele>1132.44</ele>
      </trkpt>
      <trkpt lat="36.19659" lon="-111.70566">
        <ele>1132.61</ele>
      </trkpt>
      <trkpt lat="36.19661" lon="-111.7057">
        <ele>1134.08</ele>
      </trkpt>
      <trkpt lat="36.19664" lon="-111.70575">
        <ele>1136.01</ele>
      </trkpt>
      <trkpt lat="36.19669" lon="-111.70583">
        <ele>1138.51</ele>
      </trkpt>
      <trkpt lat="36.19671" lon="-111.70588">
        <ele>1140.68</ele>
      </trkpt>
      <trkpt lat="36.19673" lon="-111.70592">
        <ele>1142.2</ele>
      </trkpt>
      <trkpt lat="36.19678" lon="-111.70599">
        <ele>1143.81</ele>
      </trkpt>
      <trkpt lat="36.19679" lon="-111.70599">
        <ele>1143.16</ele>
      </trkpt>
      <trkpt lat="36.19679" lon="-111.70599">
        <ele>1143.16</ele>
      </trkpt>
      <trkpt lat="36.19685" lon="-111.70604">
        <ele>1142.51</ele>
      </trkpt>
      <trkpt lat="36.1969" lon="-111.70606">
        <ele>1140.05</ele>
      </trkpt>
      <trkpt lat="36.19693" lon="-111.70608">
        <ele>1139.08</ele>
      </trkpt>
      <trkpt lat="36.19694" lon="-111.7061">
        <ele>1139.62</ele>
      </trkpt>
      <trkpt lat="36.19698" lon="-111.70621">
        <ele>1143.36</ele>
      </trkpt>
      <trkpt lat="36.19698" lon="-111.70627">
        <ele>1147.5</ele>
      </trkpt>
      <trkpt lat="36.19698" lon="-111.70628">
        <ele>1148.19</ele>
      </trkpt>
      <trkpt lat="36.19699" lon="-111.70631">
        <ele>1149.29</ele>
      </trkpt>
      <trkpt lat="36.197" lon="-111.70634">
        <ele>1150.25</ele>
      </trkpt>
      <trkpt lat="36.197" lon="-111.70635">
        <ele>1150.82</ele>
      </trkpt>
      <trkpt lat="36.197" lon="-111.70636">
        <ele>1151.38</ele>
      </trkpt>
      <trkpt lat="36.19702" lon="-111.70638">
        <ele>1151.38</ele>
      </trkpt>
      <trkpt lat="36.19703" lon="-111.70641">
        <ele>1152.29</ele>
      </trkpt>
      <trkpt lat="36.19705" lon="-111.70649">
        <ele>1154.82</ele>
      </trkpt>
      <trkpt lat="36.19707" lon="-111.70651">
        <ele>1154.92</ele>
      </trkpt>
      <trkpt lat="36.19708" lon="-111.70652">
        <ele>1155.0</ele>
      </trkpt>
      <trkpt lat="36.1971" lon="-111.70651">
        <ele>1153.72</ele>
      </trkpt>
      <trkpt lat="36.19718" lon="-111.70651">
        <ele>1152.16</ele>
      </trkpt>
      <trkpt lat="36.19723" lon="-111.70651">
        <ele>1152.18</ele>
      </trkpt>
      <trkpt lat="36.19735" lon="-111.70648">
        <ele>1155.8</ele>
      </trkpt>
      <trkpt lat="36.19741" lon="-111.70648">
        <ele>1159.04</ele>
      </trkpt>
      <trkpt lat="36.19744" lon="-111.70648">
        <ele>1160.66</ele>
      </trkpt>
      <trkpt lat="36.19751" lon="-111.70645">
        <ele>1162.54</ele>
      </trkpt>
      <trkpt lat="36.19755" lon="-111.70641">
        <ele>1162.48</ele>
      </trkpt>
      <trkpt lat="36.19759" lon="-111.70641">
        <ele>1164.98</ele>
      </trkpt>
      <trkpt lat="36.19765" lon="-111.70643">
        <ele>1167.18</ele>
      </trkpt>
      <trkpt lat="36.19769" lon="-111.70643">
        <ele>1167.78</ele>
      </trkpt>
      <trkpt lat="36.19773" lon="-111.7064">
        <ele>1166.85</ele>
      </trkpt>
      <trkpt lat="36.19776" lon="-111.70638">
        <ele>1166.42</ele>
      </trkpt>
      <trkpt lat="36.19777" lon="-111.70636">
        <ele>1165.67</ele>
      </trkpt>
      <trkpt lat="36.1978" lon="-111.70632">
        <ele>1164.2</ele>
      </trkpt>
      <trkpt lat="36.19781" lon="-111.7063">
        <ele>1163.49</ele>
      </trkpt>
      <trkpt lat="36.19781" lon="-111.7063">
        <ele>1163.49</ele>
      </trkpt>
      <trkpt lat="36.19783" lon="-111.70626">
        <ele>1162.39</ele>
      </trkpt>
      <trkpt lat="36.19783" lon="-111.70625">
        <ele>1162.06</ele>
      </trkpt>
      <trkpt lat="36.19785" lon="-111.70619">
        <ele>1160.42</ele>
      </trkpt>
      <trkpt lat="36.19785" lon="-111.70616">
        <ele>1159.63</ele>
      </trkpt>
      <trkpt lat="36.19786" lon="-111.70613">
        <ele>1159.12</ele>
      </trkpt>
      <trkpt lat="36.19786" lon="-111.70609">
        <ele>1157.93</ele>
      </trkpt>
      <trkpt lat="36.19787" lon="-111.70604">
        <ele>1156.68</ele>
      </trkpt>
      <trkpt lat="36.19787" lon="-111.70601">
        <ele>1155.52</ele>
      </trkpt>
      <trkpt lat="36.1979" lon="-111.70593">
        <ele>1151.86</ele>
      </trkpt>
      <trkpt lat="36.19791" lon="-111.70592">
        <ele>1151.55</ele>
      </trkpt>
      <trkpt lat="36.19791" lon="-111.7059">
        <ele>1150.5</ele>
      </trkpt>
      <trkpt lat="36.19793" lon="-111.70587">
        <ele>1149.09</ele>
      </trkpt>
      <trkpt lat="36.19795" lon="-111.70587">
        <ele>1149.27</ele>
      </trkpt>
      <trkpt lat="36.198" lon="-111.7059">
        <ele>1149.72</ele>
      </trkpt>
      <trkpt lat="36.19803" lon="-111.70591">
        <ele>1149.07</ele>
      </trkpt>
      <trkpt lat="36.1981" lon="-111.70596">
        <ele>1149.19</ele>
      </trkpt>
      <trkpt lat="36.19816" lon="-111.706">
        <ele>1147.93</ele>
      </trkpt>
      <trkpt lat="36.19818" lon="-111.706">
        <ele>1146.46</ele>
      </trkpt>
      <trkpt lat="36.19823" lon="-111.70597">
        <ele>1141.13</ele>
      </trkpt>
      <trkpt lat="36.19827" lon="-111.70592">
        <ele>1136.06</ele>
      </trkpt>
      <trkpt lat="36.19828" lon="-111.70591">
        <ele>1134.92</ele>
      </trkpt>
      <trkpt lat="36.1983" lon="-111.70589">
        <ele>1132.72</ele>
      </trkpt>
      <trkpt lat="36.19832" lon="-111.70587">
        <ele>1130.61</ele>
      </trkpt>
      <trkpt lat="36.19833" lon="-111.70587">
        <ele>1130.14</ele>
      </trkpt>
      <trkpt lat="36.19834" lon="-111.70586">
        <ele>1129.22</ele>
      </trkpt>
      <trkpt lat="36.19836" lon="-111.70586">
        <ele>1128.58</ele>
      </trkpt>
      <trkpt lat="36.1984" lon="-111.70589">
        <ele>1128.9</ele>
      </trkpt>
      <trkpt lat="36.19843" lon="-111.7059">
        <ele>1128.52</ele>
      </trkpt>
      <trkpt lat="36.19847" lon="-111.70589">
        <ele>1127.29</ele>
      </trkpt>
      <trkpt lat="36.1985" lon="-111.70586">
        <ele>1125.41</ele>
      </trkpt>
      <trkpt lat="36.1985" lon="-111.70582">
        <ele>1123.85</ele>
      </trkpt>
      <trkpt lat="36.19848" lon="-111.70578">
        <ele>1122.78</ele>
      </trkpt>
      <trkpt lat="36.19846" lon="-111.70571">
        <ele>1121.28</ele>
      </trkpt>
      <trkpt lat="36.19847" lon="-111.70566">
        <ele>1121.43</ele>
      </trkpt>
      <trkpt lat="36.19849" lon="-111.70562">
        <ele>1123.62</ele>
      </trkpt>
      <trkpt lat="36.1985" lon="-111.7056">
        <ele>1125.21</ele>
      </trkpt>
      <trkpt lat="36.19851" lon="-111.70559">
        <ele>1126.32</ele>
      </trkpt>
      <trkpt lat="36.19854" lon="-111.70555">
        <ele>1130.45</ele>
      </trkpt>
      <trkpt lat="36.19857" lon="-111.70552">
        <ele>1133.49</ele>
      </trkpt>
      <trkpt lat="36.19857" lon="-111.70552">
        <ele>1133.49</ele>
      </trkpt>
      <trkpt lat="36.19857" lon="-111.70551">
        <ele>1133.97</ele>
      </trkpt>
      <trkpt lat="36.19861" lon="-111.70546">
        <ele>1138.08</ele>
      </trkpt>
      <trkpt lat="36.19864" lon="-111.70544">
        <ele>1139.62</ele>
      </trkpt>
      <trkpt lat="36.19866" lon="-111.70544">
        <ele>1140.05</ele>
      </trkpt>
      <trkpt lat="36.19868" lon="-111.70543">
        <ele>1140.91</ele>
      </trkpt>
      <trkpt lat="36.19872" lon="-111.70541">
        <ele>1142.54</ele>
      </trkpt>
      <trkpt lat="36.1988" lon="-111.7054">
        <ele>1144.08</ele>
      </trkpt>
      <trkpt lat="36.19884" lon="-111.70538">
        <ele>1145.16</ele>
      </trkpt>
      <trkpt lat="36.19886" lon="-111.70536">
        <ele>1146.25</ele>
      </trkpt>
      <trkpt lat="36.19887" lon="-111.70533">
        <ele>1147.98</ele>
      </trkpt>
      <trkpt lat="36.19888" lon="-111.70532">
        <ele>1148.62</ele>
      </trkpt>
      <trkpt lat="36.1989" lon="-111.70531">
        <ele>1149.34</ele>
      </trkpt>
      <trkpt lat="36.19891" lon="-111.7053">
        <ele>1149.97</ele>
      </trkpt>
      <trkpt lat="36.19894" lon="-111.70528">
        <ele>1151.42</ele>
      </trkpt>
      <trkpt lat="36.19897" lon="-111.70525">
        <ele>1154.01</ele>
      </trkpt>
      <trkpt lat="36.19902" lon="-111.70519">
        <ele>1158.68</ele>
      </trkpt>
      <trkpt lat="36.19912" lon="-111.70516">
        <ele>1162.53</ele>
      </trkpt>
      <trkpt lat="36.19913" lon="-111.70514">
        <ele>1164.42</ele>
      </trkpt>
      <trkpt lat="36.19914" lon="-111.70511">
        <ele>1167.05</ele>
      </trkpt>
      <trkpt lat="36.19915" lon="-111.70505">
        <ele>1171.86</ele>
      </trkpt>
      <trkpt lat="36.19915" lon="-111.70499">
        <ele>1176.29</ele>
      </trkpt>
      <trkpt lat="36.19914" lon="-111.70496">
        <ele>1178.02</ele>
      </trkpt>
      <trkpt lat="36.19915" lon="-111.70494">
        <ele>1179.53</ele>
      </trkpt>
      <trkpt lat="36.19916" lon="-111.7049">
        <ele>1182.26</ele>
      </trkpt>
      <trkpt lat="36.1992" lon="-111.70487">
        <ele>1184.74</ele>
      </trkpt>
      <trkpt lat="36.19922" lon="-111.70486">
        <ele>1185.71</ele>
      </trkpt>
      <trkpt lat="36.19923" lon="-111.70487">
        <ele>1185.39</ele>
      </trkpt>
      <trkpt lat="36.19924" lon="-111.70488">
        <ele>1185.06</ele>
      </trkpt>
      <trkpt lat="36.19925" lon="-111.70488">
        <ele>1185.28</ele>
      </trkpt>
      <trkpt lat="36.19927" lon="-111.70489">
        <ele>1185.27</ele>
      </trkpt>
      <trkpt lat="36.19929" lon="-111.7049">
        <ele>1185.37</ele>
      </trkpt>
      <trkpt lat="36.19932" lon="-111.70489">
        <ele>1186.78</ele>
      </trkpt>
      <trkpt lat="36.19933" lon="-111.7049">
        <ele>1186.63</ele>
      </trkpt>
      <trkpt lat="36.19935" lon="-111.70491">
        <ele>1186.8</ele>
      </trkpt>
      <trkpt lat="36.19937" lon="-111.70494">
        <ele>1185.7</ele>
      </trkpt>
      <trkpt lat="36.19943" lon="-111.70499">
        <ele>1184.98</ele>
      </trkpt>
      <trkpt lat="36.19949" lon="-111.70503">
        <ele>1184.69</ele>
      </trkpt>
      <trkpt lat="36.19955" lon="-111.70504">
        <ele>1185.55</ele>
      </trkpt>
      <trkpt lat="36.19961" lon="-111.70504">
        <ele>1186.85</ele>
      </trkpt>
      <trkpt lat="36.19968" lon="-111.70503">
        <ele>1188.42</ele>
      </trkpt>
      <trkpt lat="36.19973" lon="-111.70502">
        <ele>1189.5</ele>
      </trkpt>
      <trkpt lat="36.19976" lon="-111.70502">
        <ele>1190.08</ele>
      </trkpt>
      <trkpt lat="36.19984" lon="-111.70501">
        <ele>1191.87</ele>
      </trkpt>
      <trkpt lat="36.19988" lon="-111.70501">
        <ele>1192.35</ele>
      </trkpt>
      <trkpt lat="36.19993" lon="-111.70499">
        <ele>1193.57</ele>
      </trkpt>
      <trkpt lat="36.19999" lon="-111.70499">
        <ele>1194.22</ele>
      </trkpt>
      <trkpt lat="36.20003" lon="-111.70502">
        <ele>1194.29</ele>
      </trkpt>
      <trkpt lat="36.20005" lon="-111.70504">
        <ele>1194.45</ele>
      </trkpt>
      <trkpt lat="36.20007" lon="-111.70504">
        <ele>1194.97</ele>
      </trkpt>
      <trkpt lat="36.20009" lon="-111.70504">
        <ele>1195.5</ele>
      </trkpt>
      <trkpt lat="36.20011" lon="-111.70503">
        <ele>1196.24</ele>
      </trkpt>
      <trkpt lat="36.20015" lon="-111.70505">
        <ele>1197.32</ele>
      </trkpt>
      <trkpt lat="36.20016" lon="-111.70506">
        <ele>1197.54</ele>
      </trkpt>
      <trkpt lat="36.20018" lon="-111.7051">
        <ele>1197.67</ele>
      </trkpt>
      <trkpt lat="36.2002" lon="-111.70511">
        <ele>1197.81</ele>
      </trkpt>
      <trkpt lat="36.20025" lon="-111.70507">
        <ele>1199.11</ele>
      </trkpt>
      <trkpt lat="36.20027" lon="-111.70501">
        <ele>1200.63</ele>
      </trkpt>
      <trkpt lat="36.2003" lon="-111.70497">
        <ele>1201.56</ele>
      </trkpt>
      <trkpt lat="36.20034" lon="-111.70495">
        <ele>1202.21</ele>
      </trkpt>
      <trkpt lat="36.20038" lon="-111.70496">
        <ele>1202.76</ele>
      </trkpt>
      <trkpt lat="36.20042" lon="-111.70498">
        <ele>1204.13</ele>
      </trkpt>
      <trkpt lat="36.20046" lon="-111.70498">
        <ele>1205.67</ele>
      </trkpt>
      <trkpt lat="36.2005" lon="-111.70496">
        <ele>1206.37</ele>
      </trkpt>
      <trkpt lat="36.20055" lon="-111.70491">
        <ele>1206.91</ele>
      </trkpt>
      <trkpt lat="36.20057" lon="-111.7049">
        <ele>1207.31</ele>
      </trkpt>
      <trkpt lat="36.20061" lon="-111.70491">
        <ele>1208.2</ele>
      </trkpt>
      <trkpt lat="36.20064" lon="-111.70493">
        <ele>1209.07</ele>
      </trkpt>
      <trkpt lat="36.20067" lon="-111.70493">
        <ele>1209.84</ele>
      </trkpt>
      <trkpt lat="36.20071" lon="-111.70491">
        <ele>1210.99</ele>
      </trkpt>
      <trkpt lat="36.20074" lon="-111.70483">
        <ele>1212.81</ele>
      </trkpt>
      <trkpt lat="36.20075" lon="-111.70481">
        <ele>1213.25</ele>
      </trkpt>
      <trkpt lat="36.20078" lon="-111.70479">
        <ele>1214.12</ele>
      </trkpt>
      <trkpt lat="36.20082" lon="-111.70476">
        <ele>1215.3</ele>
      </trkpt>
      <trkpt lat="36.20086" lon="-111.70472">
        <ele>1216.59</ele>
      </trkpt>
      <trkpt lat="36.20092" lon="-111.7047">
        <ele>1217.89</ele>
      </trkpt>
      <trkpt lat="36.201" lon="-111.70469">
        <ele>1220.4</ele>
      </trkpt>
      <trkpt lat="36.20102" lon="-111.70468">
        <ele>1221.02</ele>
      </trkpt>
      <trkpt lat="36.20104" lon="-111.70465">
        <ele>1221.41</ele>
      </trkpt>
      <trkpt lat="36.20107" lon="-111.70464">
        <ele>1222.05</ele>
      </trkpt>
      <trkpt lat="36.20109" lon="-111.70463">
        <ele>1222.54</ele>
      </trkpt>
      <trkpt lat="36.20113" lon="-111.70461">
        <ele>1223.42</ele>
      </trkpt>
      <trkpt lat="36.2012" lon="-111.70459">
        <ele>1224.39</ele>
      </trkpt>
      <trkpt lat="36.20125" lon="-111.70456">
        <ele>1224.63</ele>
      </trkpt>
      <trkpt lat="36.20127" lon="-111.70454">
        <ele>1224.95</ele>
      </trkpt>
      <trkpt lat="36.20129" lon="-111.70449">
        <ele>1226.02</ele>
      </trkpt>
      <trkpt lat="36.20133" lon="-111.70442">
        <ele>1227.26</ele>
      </trkpt>
      <trkpt lat="36.20136" lon="-111.70436">
        <ele>1228.76</ele>
      </trkpt>
      <trkpt lat="36.20142" lon="-111.70427">
        <ele>1231.32</ele>
      </trkpt>
      <trkpt lat="36.20146" lon="-111.70422">
        <ele>1232.08</ele>
      </trkpt>
      <trkpt lat="36.20148" lon="-111.7042">
        <ele>1232.3</ele>
      </trkpt>
      <trkpt lat="36.20149" lon="-111.70416">
        <ele>1233.14</ele>
      </trkpt>
      <trkpt lat="36.20152" lon="-111.70408">
        <ele>1234.87</ele>
      </trkpt>
      <trkpt lat="36.20157" lon="-111.704">
        <ele>1236.6</ele>
      </trkpt>
      <trkpt lat="36.2016" lon="-111.70396">
        <ele>1237.18</ele>
      </trkpt>
      <trkpt lat="36.20164" lon="-111.70389">
        <ele>1238.26</ele>
      </trkpt>
      <trkpt lat="36.20167" lon="-111.70385">
        <ele>1238.84</ele>
      </trkpt>
      <trkpt lat="36.2017" lon="-111.70381">
        <ele>1239.7</ele>
      </trkpt>
      <trkpt lat="36.20172" lon="-111.70378">
        <ele>1240.35</ele>
      </trkpt>
      <trkpt lat="36.20175" lon="-111.70375">
        <ele>1241.0</ele>
      </trkpt>
      <trkpt lat="36.20181" lon="-111.70368">
        <ele>1242.63</ele>
      </trkpt>
      <trkpt lat="36.20186" lon="-111.70364">
        <ele>1243.38</ele>
      </trkpt>
      <trkpt lat="36.20193" lon="-111.70356">
        <ele>1246.21</ele>
      </trkpt>
      <trkpt lat="36.20196" lon="-111.70348">
        <ele>1249.5</ele>
      </trkpt>
      <trkpt lat="36.202" lon="-111.70343">
        <ele>1251.22</ele>
      </trkpt>
      <trkpt lat="36.20206" lon="-111.70331">
        <ele>1256.76</ele>
      </trkpt>
      <trkpt lat="36.20212" lon="-111.70322">
        <ele>1260.0</ele>
      </trkpt>
      <trkpt lat="36.20215" lon="-111.70316">
        <ele>1262.27</ele>
      </trkpt>
      <trkpt lat="36.2022" lon="-111.70309">
        <ele>1264.12</ele>
      </trkpt>
      <trkpt lat="36.20223" lon="-111.70304">
        <ele>1265.67</ele>
      </trkpt>
      <trkpt lat="36.20225" lon="-111.70298">
        <ele>1268.26</ele>
      </trkpt>
      <trkpt lat="36.20226" lon="-111.70295">
        <ele>1269.5</ele>
      </trkpt>
      <trkpt lat="36.20228" lon="-111.70291">
        <ele>1270.93</ele>
      </trkpt>
      <trkpt lat="36.2023" lon="-111.70289">
        <ele>1271.49</ele>
      </trkpt>
      <trkpt lat="36.20234" lon="-111.70287">
        <ele>1272.01</ele>
      </trkpt>
      <trkpt lat="36.20238" lon="-111.70286">
        <ele>1272.34</ele>
      </trkpt>
      <trkpt lat="36.20244" lon="-111.70285">
        <ele>1272.66</ele>
      </trkpt>
      <trkpt lat="36.20251" lon="-111.70285">
        <ele>1272.68</ele>
      </trkpt>
      <trkpt lat="36.20259" lon="-111.70283">
        <ele>1273.73</ele>
      </trkpt>
      <trkpt lat="36.20265" lon="-111.70281">
        <ele>1275.01</ele>
      </trkpt>
      <trkpt lat="36.20274" lon="-111.70279">
        <ele>1276.85</ele>
      </trkpt>
      <trkpt lat="36.20279" lon="-111.70279">
        <ele>1277.21</ele>
      </trkpt>
      <trkpt lat="36.20285" lon="-111.70278">
        <ele>1277.86</ele>
      </trkpt>
      <trkpt lat="36.20297" lon="-111.70279">
        <ele>1277.14</ele>
      </trkpt>
      <trkpt lat="36.20305" lon="-111.70276">
        <ele>1278.39</ele>
      </trkpt>
      <trkpt lat="36.20307" lon="-111.70276">
        <ele>1278.31</ele>
      </trkpt>
      <trkpt lat="36.20309" lon="-111.70276">
        <ele>1278.27</ele>
      </trkpt>
      <trkpt lat="36.20311" lon="-111.70277">
        <ele>1277.54</ele>
      </trkpt>
      <trkpt lat="36.20313" lon="-111.70277">
        <ele>1277.52</ele>
      </trkpt>
      <trkpt lat="36.20316" lon="-111.70277">
        <ele>1277.37</ele>
      </trkpt>
      <trkpt lat="36.20322" lon="-111.70275">
        <ele>1277.79</ele>
      </trkpt>
      <trkpt lat="36.20331" lon="-111.70277">
        <ele>1274.92</ele>
      </trkpt>
      <trkpt lat="36.20336" lon="-111.70275">
        <ele>1274.72</ele>
      </trkpt>
      <trkpt lat="36.2034" lon="-111.70274">
        <ele>1274.17</ele>
      </trkpt>
      <trkpt lat="36.20343" lon="-111.70271">
        <ele>1275.23</ele>
      </trkpt>
      <trkpt lat="36.20348" lon="-111.70264">
        <ele>1278.08</ele>
      </trkpt>
      <trkpt lat="36.20351" lon="-111.70262">
        <ele>1278.3</ele>
      </trkpt>
      <trkpt lat="36.20355" lon="-111.70261">
        <ele>1277.73</ele>
      </trkpt>
      <trkpt lat="36.20358" lon="-111.70262">
        <ele>1276.13</ele>
      </trkpt>
      <trkpt lat="36.2036" lon="-111.70262">
        <ele>1275.55</ele>
      </trkpt>
      <trkpt lat="36.20362" lon="-111.70261">
        <ele>1275.93</ele>
      </trkpt>
      <trkpt lat="36.20367" lon="-111.70255">
        <ele>1278.88</ele>
      </trkpt>
      <trkpt lat="36.20373" lon="-111.70253">
        <ele>1281.68</ele>
      </trkpt>
      <trkpt lat="36.20377" lon="-111.70254">
        <ele>1285.25</ele>
      </trkpt>
      <trkpt lat="36.20383" lon="-111.7026">
        <ele>1288.34</ele>
      </trkpt>
      <trkpt lat="36.20385" lon="-111.7026">
        <ele>1290.47</ele>
      </trkpt>
      <trkpt lat="36.20388" lon="-111.7026">
        <ele>1293.66</ele>
      </trkpt>
      <trkpt lat="36.2039" lon="-111.70259">
        <ele>1295.89</ele>
      </trkpt>
      <trkpt lat="36.20392" lon="-111.70258">
        <ele>1297.92</ele>
      </trkpt>
      <trkpt lat="36.20394" lon="-111.70258">
        <ele>1299.28</ele>
      </trkpt>
      <trkpt lat="36.20395" lon="-111.70257">
        <ele>1300.75</ele>
      </trkpt>
      <trkpt lat="36.20396" lon="-111.70257">
        <ele>1301.45</ele>
      </trkpt>
      <trkpt lat="36.20402" lon="-111.70257">
        <ele>1303.99</ele>
      </trkpt>
      <trkpt lat="36.20405" lon="-111.70258">
        <ele>1303.77</ele>
      </trkpt>
      <trkpt lat="36.20409" lon="-111.70257">
        <ele>1305.83</ele>
      </trkpt>
      <trkpt lat="36.2041" lon="-111.70256">
        <ele>1307.18</ele>
      </trkpt>
      <trkpt lat="36.20411" lon="-111.70256">
        <ele>1307.43</ele>
      </trkpt>
      <trkpt lat="36.20414" lon="-111.70255">
        <ele>1309.35</ele>
      </trkpt>
      <trkpt lat="36.20422" lon="-111.70255">
        <ele>1312.05</ele>
      </trkpt>
      <trkpt lat="36.20425" lon="-111.70256">
        <ele>1311.89</ele>
      </trkpt>
      <trkpt lat="36.2043" lon="-111.7026">
        <ele>1308.33</ele>
      </trkpt>
      <trkpt lat="36.20434" lon="-111.70261">
        <ele>1308.06</ele>
      </trkpt>
      <trkpt lat="36.20436" lon="-111.7026">
        <ele>1310.05</ele>
      </trkpt>
      <trkpt lat="36.20444" lon="-111.70257">
        <ele>1315.6</ele>
      </trkpt>
      <trkpt lat="36.20448" lon="-111.70257">
        <ele>1315.68</ele>
      </trkpt>
      <trkpt lat="36.20449" lon="-111.70256">
        <ele>1316.87</ele>
      </trkpt>
      <trkpt lat="36.20455" lon="-111.70256">
        <ele>1316.87</ele>
      </trkpt>
      <trkpt lat="36.20458" lon="-111.70255">
        <ele>1318.06</ele>
      </trkpt>
      <trkpt lat="36.20463" lon="-111.70252">
        <ele>1321.62</ele>
      </trkpt>
      <trkpt lat="36.20467" lon="-111.70251">
        <ele>1322.81</ele>
      </trkpt>
      <trkpt lat="36.20469" lon="-111.70251">
        <ele>1322.81</ele>
      </trkpt>
      <trkpt lat="36.20471" lon="-111.70252">
        <ele>1321.62</ele>
      </trkpt>
      <trkpt lat="36.20474" lon="-111.70253">
        <ele>1320.44</ele>
      </trkpt>
      <trkpt lat="36.20476" lon="-111.70253">
        <ele>1320.44</ele>
      </trkpt>
      <trkpt lat="36.20476" lon="-111.70253">
        <ele>1320.44</ele>
      </trkpt>
      <trkpt lat="36.20479" lon="-111.70255">
        <ele>1318.06</ele>
      </trkpt>
      <trkpt lat="36.20482" lon="-111.70256">
        <ele>1316.89</ele>
      </trkpt>
      <trkpt lat="36.20483" lon="-111.70257">
        <ele>1315.72</ele>
      </trkpt>
      <trkpt lat="36.20484" lon="-111.70259">
        <ele>1313.32</ele>
      </trkpt>
      <trkpt lat="36.20486" lon="-111.70259">
        <ele>1313.32</ele>
      </trkpt>
      <trkpt lat="36.2049" lon="-111.70263">
        <ele>1307.75</ele>
      </trkpt>
      <trkpt lat="36.20492" lon="-111.70264">
        <ele>1306.34</ele>
      </trkpt>
      <trkpt lat="36.20494" lon="-111.70263">
        <ele>1307.75</ele>
      </trkpt>
      <trkpt lat="36.20495" lon="-111.70264">
        <ele>1306.34</ele>
      </trkpt>
      <trkpt lat="36.20501" lon="-111.7026">
        <ele>1311.96</ele>
      </trkpt>
      <trkpt lat="36.20505" lon="-111.7026">
        <ele>1311.96</ele>
      </trkpt>
      <trkpt lat="36.20508" lon="-111.70259">
        <ele>1313.34</ele>
      </trkpt>
      <trkpt lat="36.20509" lon="-111.70259">
        <ele>1313.34</ele>
      </trkpt>
      <trkpt lat="36.20514" lon="-111.70257">
        <ele>1315.8</ele>
      </trkpt>
      <trkpt lat="36.20518" lon="-111.70257">
        <ele>1315.7</ele>
      </trkpt>
      <trkpt lat="36.20522" lon="-111.70257">
        <ele>1315.4</ele>
      </trkpt>
      <trkpt lat="36.20527" lon="-111.70258">
        <ele>1313.7</ele>
      </trkpt>
      <trkpt lat="36.20532" lon="-111.70258">
        <ele>1313.18</ele>
      </trkpt>
      <trkpt lat="36.20539" lon="-111.70258">
        <ele>1312.42</ele>
      </trkpt>
      <trkpt lat="36.20546" lon="-111.70258">
        <ele>1311.66</ele>
      </trkpt>
      <trkpt lat="36.20554" lon="-111.70258">
        <ele>1310.8</ele>
      </trkpt>
      <trkpt lat="36.20559" lon="-111.70257">
        <ele>1311.56</ele>
      </trkpt>
      <trkpt lat="36.20564" lon="-111.70257">
        <ele>1311.02</ele>
      </trkpt>
      <trkpt lat="36.20568" lon="-111.70257">
        <ele>1310.41</ele>
      </trkpt>
      <trkpt lat="36.20573" lon="-111.70256">
        <ele>1311.08</ele>
      </trkpt>
      <trkpt lat="36.20578" lon="-111.70256">
        <ele>1310.5</ele>
      </trkpt>
      <trkpt lat="36.20583" lon="-111.70255">
        <ele>1311.48</ele>
      </trkpt>
      <trkpt lat="36.20585" lon="-111.70255">
        <ele>1311.26</ele>
      </trkpt>
      <trkpt lat="36.20588" lon="-111.70256">
        <ele>1309.42</ele>
      </trkpt>
      <trkpt lat="36.2059" lon="-111.70256">
        <ele>1309.21</ele>
      </trkpt>
      <trkpt lat="36.20593" lon="-111.70256">
        <ele>1308.96</ele>
      </trkpt>
      <trkpt lat="36.20597" lon="-111.70254">
        <ele>1312.16</ele>
      </trkpt>
      <trkpt lat="36.20601" lon="-111.70254">
        <ele>1312.34</ele>
      </trkpt>
      <trkpt lat="36.20607" lon="-111.70252">
        <ele>1315.75</ele>
      </trkpt>
      <trkpt lat="36.2061" lon="-111.70252">
        <ele>1316.07</ele>
      </trkpt>
      <trkpt lat="36.20612" lon="-111.70251">
        <ele>1317.6</ele>
      </trkpt>
      <trkpt lat="36.20616" lon="-111.70251">
        <ele>1317.6</ele>
      </trkpt>
      <trkpt lat="36.2062" lon="-111.7025">
        <ele>1319.0</ele>
      </trkpt>
      <trkpt lat="36.20625" lon="-111.70252">
        <ele>1316.19</ele>
      </trkpt>
      <trkpt lat="36.20628" lon="-111.70252">
        <ele>1316.19</ele>
      </trkpt>
      <trkpt lat="36.20629" lon="-111.70253">
        <ele>1314.79</ele>
      </trkpt>
      <trkpt lat="36.20631" lon="-111.70254">
        <ele>1313.45</ele>
      </trkpt>
      <trkpt lat="36.20638" lon="-111.70254">
        <ele>1313.77</ele>
      </trkpt>
      <trkpt lat="36.20644" lon="-111.70253">
        <ele>1315.29</ele>
      </trkpt>
      <trkpt lat="36.2065" lon="-111.70253">
        <ele>1315.44</ele>
      </trkpt>
      <trkpt lat="36.20653" lon="-111.70253">
        <ele>1315.44</ele>
      </trkpt>
      <trkpt lat="36.20655" lon="-111.70253">
        <ele>1315.44</ele>
      </trkpt>
      <trkpt lat="36.20656" lon="-111.70253">
        <ele>1315.44</ele>
      </trkpt>
      <trkpt lat="36.20656" lon="-111.70253">
        <ele>1315.44</ele>
      </trkpt>
      <trkpt lat="36.20657" lon="-111.70254">
        <ele>1314.25</ele>
      </trkpt>
      <trkpt lat="36.20658" lon="-111.70254">
        <ele>1314.28</ele>
      </trkpt>
      <trkpt lat="36.20671" lon="-111.70256">
        <ele>1312.52</ele>
      </trkpt>
      <trkpt lat="36.20675" lon="-111.70257">
        <ele>1311.44</ele>
      </trkpt>
      <trkpt lat="36.20682" lon="-111.70259">
        <ele>1309.92</ele>
      </trkpt>
      <trkpt lat="36.20687" lon="-111.70259">
        <ele>1310.25</ele>
      </trkpt>
      <trkpt lat="36.20692" lon="-111.70259">
        <ele>1310.25</ele>
      </trkpt>
      <trkpt lat="36.20697" lon="-111.70259">
        <ele>1310.25</ele>
      </trkpt>
      <trkpt lat="36.20703" lon="-111.7026">
        <ele>1309.2</ele>
      </trkpt>
      <trkpt lat="36.20712" lon="-111.70263">
        <ele>1305.96</ele>
      </trkpt>
      <trkpt lat="36.20714" lon="-111.70267">
        <ele>1301.64</ele>
      </trkpt>
      <trkpt lat="36.20716" lon="-111.70272">
        <ele>1296.62</ele>
      </trkpt>
      <trkpt lat="36.2072" lon="-111.70274">
        <ele>1294.67</ele>
      </trkpt>
      <trkpt lat="36.20725" lon="-111.70275">
        <ele>1293.61</ele>
      </trkpt>
      <trkpt lat="36.20729" lon="-111.70274">
        <ele>1294.37</ele>
      </trkpt>
      <trkpt lat="36.20732" lon="-111.70272">
        <ele>1295.99</ele>
      </trkpt>
      <trkpt lat="36.20733" lon="-111.70271">
        <ele>1296.86</ele>
      </trkpt>
      <trkpt lat="36.20733" lon="-111.70271">
        <ele>1296.86</ele>
      </trkpt>
      <trkpt lat="36.20734" lon="-111.7027">
        <ele>1297.72</ele>
      </trkpt>
      <trkpt lat="36.20737" lon="-111.70267">
        <ele>1300.54</ele>
      </trkpt>
      <trkpt lat="36.20747" lon="-111.70265">
        <ele>1301.49</ele>
      </trkpt>
      <trkpt lat="36.20747" lon="-111.70264">
        <ele>1302.39</ele>
      </trkpt>
      <trkpt lat="36.20753" lon="-111.70263">
        <ele>1302.44</ele>
      </trkpt>
      <trkpt lat="36.20758" lon="-111.70262">
        <ele>1302.77</ele>
      </trkpt>
      <trkpt lat="36.20763" lon="-111.7026">
        <ele>1303.96</ele>
      </trkpt>
      <trkpt lat="36.20768" lon="-111.70259">
        <ele>1304.36</ele>
      </trkpt>
      <trkpt lat="36.20771" lon="-111.70258">
        <ele>1304.92</ele>
      </trkpt>
      <trkpt lat="36.20773" lon="-111.70257">
        <ele>1305.6</ele>
      </trkpt>
      <trkpt lat="36.20776" lon="-111.70255">
        <ele>1307.07</ele>
      </trkpt>
      <trkpt lat="36.20777" lon="-111.70254">
        <ele>1307.9</ele>
      </trkpt>
      <trkpt lat="36.2078" lon="-111.70252">
        <ele>1308.74</ele>
      </trkpt>
      <trkpt lat="36.20781" lon="-111.70252">
        <ele>1308.25</ele>
      </trkpt>
      <trkpt lat="36.20787" lon="-111.7025">
        <ele>1307.02</ele>
      </trkpt>
      <trkpt lat="36.20789" lon="-111.70249">
        <ele>1307.31</ele>
      </trkpt>
      <trkpt lat="36.20794" lon="-111.70248">
        <ele>1306.53</ele>
      </trkpt>
      <trkpt lat="36.20799" lon="-111.70247">
        <ele>1305.62</ele>
      </trkpt>
      <trkpt lat="36.20804" lon="-111.70247">
        <ele>1303.83</ele>
      </trkpt>
      <trkpt lat="36.2081" lon="-111.70247">
        <ele>1303.11</ele>
      </trkpt>
      <trkpt lat="36.20816" lon="-111.70246">
        <ele>1303.89</ele>
      </trkpt>
      <trkpt lat="36.20819" lon="-111.70245">
        <ele>1305.42</ele>
      </trkpt>
      <trkpt lat="36.2082" lon="-111.70245">
        <ele>1305.71</ele>
      </trkpt>
      <trkpt lat="36.20821" lon="-111.70245">
        <ele>1305.99</ele>
      </trkpt>
      <trkpt lat="36.20822" lon="-111.70245">
        <ele>1306.27</ele>
      </trkpt>
      <trkpt lat="36.20825" lon="-111.70246">
        <ele>1306.39</ele>
      </trkpt>
      <trkpt lat="36.20826" lon="-111.70246">
        <ele>1306.93</ele>
      </trkpt>
      <trkpt lat="36.20826" lon="-111.70246">
        <ele>1306.93</ele>
      </trkpt>
      <trkpt lat="36.20832" lon="-111.70245">
        <ele>1311.14</ele>
      </trkpt>
      <trkpt lat="36.20836" lon="-111.70246">
        <ele>1312.2</ele>
      </trkpt>
      <trkpt lat="36.20838" lon="-111.70247">
        <ele>1312.27</ele>
      </trkpt>
      <trkpt lat="36.2084" lon="-111.70247">
        <ele>1313.28</ele>
      </trkpt>
      <trkpt lat="36.20842" lon="-111.70249">
        <ele>1312.55</ele>
      </trkpt>
      <trkpt lat="36.20842" lon="-111.7025">
        <ele>1311.68</ele>
      </trkpt>
      <trkpt lat="36.20842" lon="-111.70252">
        <ele>1309.91</ele>
      </trkpt>
      <trkpt lat="36.20844" lon="-111.70255">
        <ele>1308.22</ele>
      </trkpt>
      <trkpt lat="36.20853" lon="-111.7026">
        <ele>1307.65</ele>
      </trkpt>
      <trkpt lat="36.20854" lon="-111.7026">
        <ele>1307.77</ele>
      </trkpt>
      <trkpt lat="36.20857" lon="-111.70263">
        <ele>1306.36</ele>
      </trkpt>
      <trkpt lat="36.20859" lon="-111.70263">
        <ele>1306.66</ele>
      </trkpt>
      <trkpt lat="36.2086" lon="-111.70262">
        <ele>1307.36</ele>
      </trkpt>
      <trkpt lat="36.20864" lon="-111.70264">
        <ele>1306.75</ele>
      </trkpt>
      <trkpt lat="36.20867" lon="-111.70266">
        <ele>1306.0</ele>
      </trkpt>
      <trkpt lat="36.2087" lon="-111.70266">
        <ele>1306.32</ele>
      </trkpt>
      <trkpt lat="36.20873" lon="-111.7027">
        <ele>1304.36</ele>
      </trkpt>
      <trkpt lat="36.20875" lon="-111.70269">
        <ele>1304.79</ele>
      </trkpt>
      <trkpt lat="36.20877" lon="-111.7027">
        <ele>1304.36</ele>
      </trkpt>
      <trkpt lat="36.2088" lon="-111.70269">
        <ele>1304.76</ele>
      </trkpt>
      <trkpt lat="36.20881" lon="-111.7027">
        <ele>1304.26</ele>
      </trkpt>
      <trkpt lat="36.20887" lon="-111.70268">
        <ele>1304.48</ele>
      </trkpt>
      <trkpt lat="36.20894" lon="-111.70264">
        <ele>1305.62</ele>
      </trkpt>
      <trkpt lat="36.20896" lon="-111.70261">
        <ele>1306.67</ele>
      </trkpt>
      <trkpt lat="36.20898" lon="-111.7026">
        <ele>1306.71</ele>
      </trkpt>
      <trkpt lat="36.20898" lon="-111.7026">
        <ele>1306.71</ele>
      </trkpt>
      <trkpt lat="36.20899" lon="-111.70259">
        <ele>1306.86</ele>
      </trkpt>
      <trkpt lat="36.209" lon="-111.70258">
        <ele>1307.08</ele>
      </trkpt>
      <trkpt lat="36.20902" lon="-111.70257">
        <ele>1306.97</ele>
      </trkpt>
      <trkpt lat="36.20906" lon="-111.70255">
        <ele>1306.76</ele>
      </trkpt>
      <trkpt lat="36.20911" lon="-111.70253">
        <ele>1306.08</ele>
      </trkpt>
      <trkpt lat="36.20917" lon="-111.70249">
        <ele>1305.56</ele>
      </trkpt>
      <trkpt lat="36.20925" lon="-111.70244">
        <ele>1304.76</ele>
      </trkpt>
      <trkpt lat="36.20931" lon="-111.7024">
        <ele>1304.37</ele>
      </trkpt>
      <trkpt lat="36.20943" lon="-111.70226">
        <ele>1307.8</ele>
      </trkpt>
      <trkpt lat="36.20945" lon="-111.70223">
        <ele>1308.6</ele>
      </trkpt>
      <trkpt lat="36.20951" lon="-111.70217">
        <ele>1312.64</ele>
      </trkpt>
      <trkpt lat="36.20956" lon="-111.70216">
        <ele>1311.86</ele>
      </trkpt>
      <trkpt lat="36.20963" lon="-111.70212">
        <ele>1311.51</ele>
      </trkpt>
      <trkpt lat="36.20965" lon="-111.70212">
        <ele>1311.23</ele>
      </trkpt>
      <trkpt lat="36.20969" lon="-111.70212">
        <ele>1310.66</ele>
      </trkpt>
      <trkpt lat="36.20974" lon="-111.7021">
        <ele>1310.71</ele>
      </trkpt>
      <trkpt lat="36.20976" lon="-111.7021">
        <ele>1310.79</ele>
      </trkpt>
      <trkpt lat="36.20979" lon="-111.7021">
        <ele>1310.9</ele>
      </trkpt>
      <trkpt lat="36.20983" lon="-111.7021">
        <ele>1311.16</ele>
      </trkpt>
      <trkpt lat="36.20986" lon="-111.70209">
        <ele>1311.49</ele>
      </trkpt>
      <trkpt lat="36.20991" lon="-111.7021">
        <ele>1312.06</ele>
      </trkpt>
      <trkpt lat="36.20994" lon="-111.70208">
        <ele>1312.89</ele>
      </trkpt>
      <trkpt lat="36.20999" lon="-111.70207">
        <ele>1314.36</ele>
      </trkpt>
      <trkpt lat="36.21008" lon="-111.702">
        <ele>1320.06</ele>
      </trkpt>
      <trkpt lat="36.21014" lon="-111.70198">
        <ele>1322.49</ele>
      </trkpt>
      <trkpt lat="36.21019" lon="-111.70197">
        <ele>1323.92</ele>
      </trkpt>
      <trkpt lat="36.21025" lon="-111.70196">
        <ele>1324.56</ele>
      </trkpt>
      <trkpt lat="36.21028" lon="-111.70195">
        <ele>1324.9</ele>
      </trkpt>
      <trkpt lat="36.21032" lon="-111.70194">
        <ele>1325.6</ele>
      </trkpt>
      <trkpt lat="36.21036" lon="-111.70191">
        <ele>1327.0</ele>
      </trkpt>
      <trkpt lat="36.21039" lon="-111.70188">
        <ele>1328.09</ele>
      </trkpt>
      <trkpt lat="36.21041" lon="-111.70185">
        <ele>1329.06</ele>
      </trkpt>
      <trkpt lat="36.21044" lon="-111.70183">
        <ele>1329.71</ele>
      </trkpt>
      <trkpt lat="36.21046" lon="-111.70182">
        <ele>1330.03</ele>
      </trkpt>
      <trkpt lat="36.21049" lon="-111.70183">
        <ele>1330.0</ele>
      </trkpt>
      <trkpt lat="36.21052" lon="-111.70186">
        <ele>1329.35</ele>
      </trkpt>
      <trkpt lat="36.21053" lon="-111.7019">
        <ele>1328.16</ele>
      </trkpt>
      <trkpt lat="36.21054" lon="-111.70193">
        <ele>1327.3</ele>
      </trkpt>
      <trkpt lat="36.21055" lon="-111.70196">
        <ele>1326.6</ele>
      </trkpt>
      <trkpt lat="36.21058" lon="-111.70198">
        <ele>1326.5</ele>
      </trkpt>
      <trkpt lat="36.21062" lon="-111.70199">
        <ele>1326.71</ele>
      </trkpt>
      <trkpt lat="36.21064" lon="-111.70201">
        <ele>1326.5</ele>
      </trkpt>
      <trkpt lat="36.21069" lon="-111.70204">
        <ele>1326.84</ele>
      </trkpt>
      <trkpt lat="36.21072" lon="-111.70207">
        <ele>1326.84</ele>
      </trkpt>
      <trkpt lat="36.21074" lon="-111.70208">
        <ele>1327.06</ele>
      </trkpt>
      <trkpt lat="36.21077" lon="-111.70209">
        <ele>1327.35</ele>
      </trkpt>
      <trkpt lat="36.2108" lon="-111.70207">
        <ele>1328.16</ele>
      </trkpt>
      <trkpt lat="36.21083" lon="-111.70205">
        <ele>1328.82</ele>
      </trkpt>
      <trkpt lat="36.21089" lon="-111.70205">
        <ele>1330.08</ele>
      </trkpt>
      <trkpt lat="36.21092" lon="-111.70206">
        <ele>1330.62</ele>
      </trkpt>
      <trkpt lat="36.21097" lon="-111.7021">
        <ele>1331.27</ele>
      </trkpt>
      <trkpt lat="36.21099" lon="-111.7021">
        <ele>1331.7</ele>
      </trkpt>
      <trkpt lat="36.21104" lon="-111.70207">
        <ele>1332.88</ele>
      </trkpt>
      <trkpt lat="36.21107" lon="-111.70203">
        <ele>1333.63</ele>
      </trkpt>
      <trkpt lat="36.21116" lon="-111.70194">
        <ele>1336.13</ele>
      </trkpt>
      <trkpt lat="36.2112" lon="-111.70192">
        <ele>1337.19</ele>
      </trkpt>
      <trkpt lat="36.21125" lon="-111.70192">
        <ele>1338.76</ele>
      </trkpt>
      <trkpt lat="36.21127" lon="-111.7019">
        <ele>1339.63</ele>
      </trkpt>
      <trkpt lat="36.21128" lon="-111.7019">
        <ele>1339.95</ele>
      </trkpt>
      <trkpt lat="36.21132" lon="-111.70191">
        <ele>1341.07</ele>
      </trkpt>
      <trkpt lat="36.21134" lon="-111.70191">
        <ele>1341.67</ele>
      </trkpt>
      <trkpt lat="36.21135" lon="-111.70191">
        <ele>1341.96</ele>
      </trkpt>
      <trkpt lat="36.21136" lon="-111.70191">
        <ele>1342.26</ele>
      </trkpt>
      <trkpt lat="36.21137" lon="-111.7019">
        <ele>1342.84</ele>
      </trkpt>
      <trkpt lat="36.21138" lon="-111.7019">
        <ele>1343.16</ele>
      </trkpt>
      <trkpt lat="36.21138" lon="-111.7019">
        <ele>1343.16</ele>
      </trkpt>
      <trkpt lat="36.21139" lon="-111.7019">
        <ele>1343.51</ele>
      </trkpt>
      <trkpt lat="36.21141" lon="-111.70188">
        <ele>1345.39</ele>
      </trkpt>
      <trkpt lat="36.21144" lon="-111.70186">
        <ele>1348.0</ele>
      </trkpt>
      <trkpt lat="36.21147" lon="-111.70181">
        <ele>1351.67</ele>
      </trkpt>
      <trkpt lat="36.21155" lon="-111.70175">
        <ele>1357.93</ele>
      </trkpt>
      <trkpt lat="36.2116" lon="-111.70167">
        <ele>1362.6</ele>
      </trkpt>
      <trkpt lat="36.21164" lon="-111.70162">
        <ele>1365.92</ele>
      </trkpt>
      <trkpt lat="36.21164" lon="-111.7016">
        <ele>1366.2</ele>
      </trkpt>
      <trkpt lat="36.21166" lon="-111.70156">
        <ele>1367.94</ele>
      </trkpt>
      <trkpt lat="36.21167" lon="-111.70149">
        <ele>1370.0</ele>
      </trkpt>
      <trkpt lat="36.21167" lon="-111.7014">
        <ele>1371.06</ele>
      </trkpt>
      <trkpt lat="36.21174" lon="-111.70136">
        <ele>1375.27</ele>
      </trkpt>
      <trkpt lat="36.2118" lon="-111.70134">
        <ele>1378.29</ele>
      </trkpt>
      <trkpt lat="36.21184" lon="-111.70131">
        <ele>1380.34</ele>
      </trkpt>
      <trkpt lat="36.21186" lon="-111.70128">
        <ele>1381.28</ele>
      </trkpt>
      <trkpt lat="36.2119" lon="-111.70122">
        <ele>1382.99</ele>
      </trkpt>
      <trkpt lat="36.21191" lon="-111.70118">
        <ele>1383.86</ele>
      </trkpt>
      <trkpt lat="36.21191" lon="-111.70117">
        <ele>1384.01</ele>
      </trkpt>
      <trkpt lat="36.21192" lon="-111.70116">
        <ele>1384.54</ele>
      </trkpt>
      <trkpt lat="36.21193" lon="-111.70115">
        <ele>1385.05</ele>
      </trkpt>
      <trkpt lat="36.21193" lon="-111.70113">
        <ele>1385.3</ele>
      </trkpt>
      <trkpt lat="36.21195" lon="-111.70107">
        <ele>1387.01</ele>
      </trkpt>
      <trkpt lat="36.21196" lon="-111.70098">
        <ele>1389.51</ele>
      </trkpt>
      <trkpt lat="36.21196" lon="-111.70091">
        <ele>1391.71</ele>
      </trkpt>
      <trkpt lat="36.21197" lon="-111.70088">
        <ele>1392.9</ele>
      </trkpt>
      <trkpt lat="36.212" lon="-111.70086">
        <ele>1394.16</ele>
      </trkpt>
      <trkpt lat="36.21202" lon="-111.70086">
        <ele>1394.53</ele>
      </trkpt>
      <trkpt lat="36.21206" lon="-111.70088">
        <ele>1394.6</ele>
      </trkpt>
      <trkpt lat="36.21207" lon="-111.70088">
        <ele>1394.88</ele>
      </trkpt>
      <trkpt lat="36.21209" lon="-111.70085">
        <ele>1396.53</ele>
      </trkpt>
      <trkpt lat="36.21211" lon="-111.7008">
        <ele>1398.66</ele>
      </trkpt>
      <trkpt lat="36.21212" lon="-111.70078">
        <ele>1399.52</ele>
      </trkpt>
      <trkpt lat="36.21213" lon="-111.70076">
        <ele>1400.38</ele>
      </trkpt>
      <trkpt lat="36.21214" lon="-111.70075">
        <ele>1400.92</ele>
      </trkpt>
      <trkpt lat="36.21216" lon="-111.7007">
        <ele>1405.02</ele>
      </trkpt>
      <trkpt lat="36.21219" lon="-111.70067">
        <ele>1408.65</ele>
      </trkpt>
      <trkpt lat="36.21224" lon="-111.70064">
        <ele>1413.54</ele>
      </trkpt>
      <trkpt lat="36.21227" lon="-111.70061">
        <ele>1417.56</ele>
      </trkpt>
      <trkpt lat="36.21229" lon="-111.70058">
        <ele>1421.01</ele>
      </trkpt>
      <trkpt lat="36.21229" lon="-111.70056">
        <ele>1422.8</ele>
      </trkpt>
      <trkpt lat="36.21231" lon="-111.70051">
        <ele>1428.74</ele>
      </trkpt>
      <trkpt lat="36.21235" lon="-111.70047">
        <ele>1435.14</ele>
      </trkpt>
      <trkpt lat="36.2124" lon="-111.70043">
        <ele>1442.22</ele>
      </trkpt>
      <trkpt lat="36.21242" lon="-111.70043">
        <ele>1443.01</ele>
      </trkpt>
      <trkpt lat="36.21243" lon="-111.70042">
        <ele>1444.39</ele>
      </trkpt>
      <trkpt lat="36.21244" lon="-111.70042">
        <ele>1444.72</ele>
      </trkpt>
      <trkpt lat="36.21245" lon="-111.70042">
        <ele>1445.05</ele>
      </trkpt>
      <trkpt lat="36.21245" lon="-111.70041">
        <ele>1446.03</ele>
      </trkpt>
      <trkpt lat="36.21247" lon="-111.70041">
        <ele>1446.65</ele>
      </trkpt>
      <trkpt lat="36.21247" lon="-111.70041">
        <ele>1446.65</ele>
      </trkpt>
      <trkpt lat="36.21249" lon="-111.7004">
        <ele>1448.15</ele>
      </trkpt>
      <trkpt lat="36.21253" lon="-111.70042">
        <ele>1447.71</ele>
      </trkpt>
      <trkpt lat="36.21255" lon="-111.70042">
        <ele>1448.37</ele>
      </trkpt>
      <trkpt lat="36.21258" lon="-111.70045">
        <ele>1447.33</ele>
      </trkpt>
      <trkpt lat="36.2126" lon="-111.70046">
        <ele>1447.35</ele>
      </trkpt>
      <trkpt lat="36.21262" lon="-111.70049">
        <ele>1446.22</ele>
      </trkpt>
      <trkpt lat="36.21263" lon="-111.70049">
        <ele>1446.47</ele>
      </trkpt>
      <trkpt lat="36.21265" lon="-111.70048">
        <ele>1447.43</ele>
      </trkpt>
      <trkpt lat="36.21267" lon="-111.70049">
        <ele>1447.46</ele>
      </trkpt>
      <trkpt lat="36.21268" lon="-111.70047">
        <ele>1448.58</ele>
      </trkpt>
      <trkpt lat="36.21269" lon="-111.70044">
        <ele>1450.29</ele>
      </trkpt>
      <trkpt lat="36.21272" lon="-111.70038">
        <ele>1453.86</ele>
      </trkpt>
      <trkpt lat="36.21274" lon="-111.70032">
        <ele>1457.86</ele>
      </trkpt>
      <trkpt lat="36.21275" lon="-111.70029">
        <ele>1459.91</ele>
      </trkpt>
      <trkpt lat="36.21278" lon="-111.70027">
        <ele>1461.61</ele>
      </trkpt>
      <trkpt lat="36.21283" lon="-111.70028">
        <ele>1461.43</ele>
      </trkpt>
      <trkpt lat="36.21285" lon="-111.7003">
        <ele>1460.53</ele>
      </trkpt>
      <trkpt lat="36.21287" lon="-111.70032">
        <ele>1459.71</ele>
      </trkpt>
      <trkpt lat="36.21291" lon="-111.70034">
        <ele>1459.64</ele>
      </trkpt>
      <trkpt lat="36.21292" lon="-111.70036">
        <ele>1459.05</ele>
      </trkpt>
      <trkpt lat="36.21296" lon="-111.70037">
        <ele>1459.92</ele>
      </trkpt>
      <trkpt lat="36.21299" lon="-111.70038">
        <ele>1460.66</ele>
      </trkpt>
      <trkpt lat="36.21303" lon="-111.70036">
        <ele>1462.43</ele>
      </trkpt>
      <trkpt lat="36.21308" lon="-111.70036">
        <ele>1464.78</ele>
      </trkpt>
      <trkpt lat="36.21313" lon="-111.70033">
        <ele>1468.35</ele>
      </trkpt>
      <trkpt lat="36.21315" lon="-111.70032">
        <ele>1469.67</ele>
      </trkpt>
      <trkpt lat="36.21317" lon="-111.70031">
        <ele>1471.15</ele>
      </trkpt>
      <trkpt lat="36.21317" lon="-111.7003">
        <ele>1471.23</ele>
      </trkpt>
      <trkpt lat="36.21318" lon="-111.70029">
        <ele>1471.98</ele>
      </trkpt>
      <trkpt lat="36.2132" lon="-111.70028">
        <ele>1473.35</ele>
      </trkpt>
      <trkpt lat="36.21322" lon="-111.70027">
        <ele>1474.86</ele>
      </trkpt>
      <trkpt lat="36.21324" lon="-111.70026">
        <ele>1476.34</ele>
      </trkpt>
      <trkpt lat="36.21327" lon="-111.70019">
        <ele>1480.42</ele>
      </trkpt>
      <trkpt lat="36.2133" lon="-111.70015">
        <ele>1485.05</ele>
      </trkpt>
      <trkpt lat="36.21332" lon="-111.70014">
        <ele>1487.01</ele>
      </trkpt>
      <trkpt lat="36.21336" lon="-111.70014">
        <ele>1489.4</ele>
      </trkpt>
      <trkpt lat="36.2134" lon="-111.70013">
        <ele>1491.85</ele>
      </trkpt>
      <trkpt lat="36.21344" lon="-111.70013">
        <ele>1493.95</ele>
      </trkpt>
      <trkpt lat="36.21346" lon="-111.70011">
        <ele>1495.46</ele>
      </trkpt>
      <trkpt lat="36.21348" lon="-111.70008">
        <ele>1497.17</ele>
      </trkpt>
      <trkpt lat="36.21351" lon="-111.70006">
        <ele>1498.96</ele>
      </trkpt>
      <trkpt lat="36.21355" lon="-111.70006">
        <ele>1500.71</ele>
      </trkpt>
      <trkpt lat="36.21358" lon="-111.70005">
        <ele>1502.12</ele>
      </trkpt>
      <trkpt lat="36.2136" lon="-111.70004">
        <ele>1503.09</ele>
      </trkpt>
      <trkpt lat="36.21362" lon="-111.70002">
        <ele>1504.03</ele>
      </trkpt>
      <trkpt lat="36.21365" lon="-111.70001">
        <ele>1505.06</ele>
      </trkpt>
      <trkpt lat="36.21374" lon="-111.70001">
        <ele>1507.46</ele>
      </trkpt>
      <trkpt lat="36.21378" lon="-111.69999">
        <ele>1508.97</ele>
      </trkpt>
      <trkpt lat="36.21386" lon="-111.6999">
        <ele>1513.62</ele>
      </trkpt>
      <trkpt lat="36.21387" lon="-111.69985">
        <ele>1515.45</ele>
      </trkpt>
      <trkpt lat="36.21388" lon="-111.69981">
        <ele>1517.06</ele>
      </trkpt>
      <trkpt lat="36.21389" lon="-111.69977">
        <ele>1519.45</ele>
      </trkpt>
      <trkpt lat="36.21389" lon="-111.69974">
        <ele>1521.07</ele>
      </trkpt>
      <trkpt lat="36.2139" lon="-111.69972">
        <ele>1522.32</ele>
      </trkpt>
      <trkpt lat="36.21399" lon="-111.69969">
        <ele>1525.86</ele>
      </trkpt>
      <trkpt lat="36.21407" lon="-111.69965">
        <ele>1529.6</ele>
      </trkpt>
      <trkpt lat="36.21411" lon="-111.69961">
        <ele>1532.66</ele>
      </trkpt>
      <trkpt lat="36.21412" lon="-111.6996">
        <ele>1533.42</ele>
      </trkpt>
      <trkpt lat="36.21414" lon="-111.69958">
        <ele>1534.93</ele>
      </trkpt>
      <trkpt lat="36.21418" lon="-111.69957">
        <ele>1536.39</ele>
      </trkpt>
      <trkpt lat="36.21421" lon="-111.69954">
        <ele>1539.67</ele>
      </trkpt>
      <trkpt lat="36.21426" lon="-111.69951">
        <ele>1544.08</ele>
      </trkpt>
      <trkpt lat="36.21432" lon="-111.69949">
        <ele>1548.5</ele>
      </trkpt>
      <trkpt lat="36.21434" lon="-111.69946">
        <ele>1551.46</ele>
      </trkpt>
      <trkpt lat="36.21435" lon="-111.69942">
        <ele>1554.23</ele>
      </trkpt>
      <trkpt lat="36.21439" lon="-111.69939">
        <ele>1557.49</ele>
      </trkpt>
      <trkpt lat="36.21442" lon="-111.69935">
        <ele>1561.83</ele>
      </trkpt>
      <trkpt lat="36.21446" lon="-111.69935">
        <ele>1564.03</ele>
      </trkpt>
      <trkpt lat="36.21449" lon="-111.69935">
        <ele>1565.68</ele>
      </trkpt>
      <trkpt lat="36.21451" lon="-111.69934">
        <ele>1568.05</ele>
      </trkpt>
      <trkpt lat="36.21454" lon="-111.69935">
        <ele>1568.36</ele>
      </trkpt>
      <trkpt lat="36.21455" lon="-111.69937">
        <ele>1566.24</ele>
      </trkpt>
      <trkpt lat="36.21458" lon="-111.69938">
        <ele>1565.91</ele>
      </trkpt>
      <trkpt lat="36.2146" lon="-111.69939">
        <ele>1565.23</ele>
      </trkpt>
      <trkpt lat="36.21463" lon="-111.6994">
        <ele>1564.78</ele>
      </trkpt>
      <trkpt lat="36.21464" lon="-111.69941">
        <ele>1564.16</ele>
      </trkpt>
      <trkpt lat="36.21465" lon="-111.69941">
        <ele>1564.84</ele>
      </trkpt>
      <trkpt lat="36.21467" lon="-111.69942">
        <ele>1564.99</ele>
      </trkpt>
      <trkpt lat="36.2147" lon="-111.69942">
        <ele>1567.09</ele>
      </trkpt>
      <trkpt lat="36.21474" lon="-111.6994">
        <ele>1572.16</ele>
      </trkpt>
      <trkpt lat="36.21478" lon="-111.69937">
        <ele>1577.65</ele>
      </trkpt>
      <trkpt lat="36.21482" lon="-111.69934">
        <ele>1582.45</ele>
      </trkpt>
      <trkpt lat="36.21487" lon="-111.69934">
        <ele>1586.56</ele>
      </trkpt>
      <trkpt lat="36.2149" lon="-111.69932">
        <ele>1590.16</ele>
      </trkpt>
      <trkpt lat="36.21494" lon="-111.69929">
        <ele>1594.92</ele>
      </trkpt>
      <trkpt lat="36.21501" lon="-111.69932">
        <ele>1599.49</ele>
      </trkpt>
      <trkpt lat="36.21502" lon="-111.69933">
        <ele>1600.22</ele>
      </trkpt>
      <trkpt lat="36.21506" lon="-111.69934">
        <ele>1604.47</ele>
      </trkpt>
      <trkpt lat="36.2151" lon="-111.69937">
        <ele>1608.83</ele>
      </trkpt>
      <trkpt lat="36.21514" lon="-111.69944">
        <ele>1613.22</ele>
      </trkpt>
      <trkpt lat="36.21514" lon="-111.69945">
        <ele>1612.81</ele>
      </trkpt>
      <trkpt lat="36.21524" lon="-111.6994">
        <ele>1623.51</ele>
      </trkpt>
      <trkpt lat="36.21525" lon="-111.69944">
        <ele>1623.3</ele>
      </trkpt>
      <trkpt lat="36.21525" lon="-111.69945">
        <ele>1622.86</ele>
      </trkpt>
      <trkpt lat="36.21525" lon="-111.69951">
        <ele>1619.24</ele>
      </trkpt>
      <trkpt lat="36.21528" lon="-111.69954">
        <ele>1619.94</ele>
      </trkpt>
      <trkpt lat="36.21534" lon="-111.69958">
        <ele>1621.35</ele>
      </trkpt>
      <trkpt lat="36.21534" lon="-111.69958">
        <ele>1621.35</ele>
      </trkpt>
      <trkpt lat="36.21535" lon="-111.69958">
        <ele>1622.17</ele>
      </trkpt>
      <trkpt lat="36.21535" lon="-111.69958">
        <ele>1622.17</ele>
      </trkpt>
      <trkpt lat="36.21535" lon="-111.69958">
        <ele>1622.17</ele>
      </trkpt>
      <trkpt lat="36.21536" lon="-111.69959">
        <ele>1622.02</ele>
      </trkpt>
      <trkpt lat="36.21537" lon="-111.69961">
        <ele>1620.88</ele>
      </trkpt>
      <trkpt lat="36.21538" lon="-111.69963">
        <ele>1619.7</ele>
      </trkpt>
      <trkpt lat="36.21542" lon="-111.69965">
        <ele>1621.67</ele>
      </trkpt>
      <trkpt lat="36.21547" lon="-111.69967">
        <ele>1624.85</ele>
      </trkpt>
      <trkpt lat="36.21551" lon="-111.69965">
        <ele>1628.9</ele>
      </trkpt>
      <trkpt lat="36.21556" lon="-111.69963">
        <ele>1633.33</ele>
      </trkpt>
      <trkpt lat="36.21573" lon="-111.69955">
        <ele>1648.94</ele>
      </trkpt>
      <trkpt lat="36.21575" lon="-111.69954">
        <ele>1650.48</ele>
      </trkpt>
      <trkpt lat="36.2158" lon="-111.69952">
        <ele>1654.84</ele>
      </trkpt>
      <trkpt lat="36.21584" lon="-111.6995">
        <ele>1657.74</ele>
      </trkpt>
      <trkpt lat="36.21589" lon="-111.69947">
        <ele>1660.12</ele>
      </trkpt>
      <trkpt lat="36.21593" lon="-111.69944">
        <ele>1662.41</ele>
      </trkpt>
      <trkpt lat="36.21606" lon="-111.69936">
        <ele>1670.21</ele>
      </trkpt>
      <trkpt lat="36.21608" lon="-111.69935">
        <ele>1670.68</ele>
      </trkpt>
      <trkpt lat="36.21613" lon="-111.69935">
        <ele>1671.22</ele>
      </trkpt>
      <trkpt lat="36.21615" lon="-111.69935">
        <ele>1671.44</ele>
      </trkpt>
      <trkpt lat="36.21617" lon="-111.69935">
        <ele>1671.66</ele>
      </trkpt>
      <trkpt lat="36.21619" lon="-111.69935">
        <ele>1671.87</ele>
      </trkpt>
      <trkpt lat="36.21622" lon="-111.69936">
        <ele>1672.35</ele>
      </trkpt>
      <trkpt lat="36.21626" lon="-111.69937">
        <ele>1673.22</ele>
      </trkpt>
      <trkpt lat="36.21631" lon="-111.69937">
        <ele>1674.15</ele>
      </trkpt>
      <trkpt lat="36.21634" lon="-111.69937">
        <ele>1674.47</ele>
      </trkpt>
      <trkpt lat="36.21645" lon="-111.69933">
        <ele>1676.4</ele>
      </trkpt>
      <trkpt lat="36.21648" lon="-111.69931">
        <ele>1676.98</ele>
      </trkpt>
      <trkpt lat="36.21664" lon="-111.69924">
        <ele>1680.63</ele>
      </trkpt>
      <trkpt lat="36.21669" lon="-111.6992">
        <ele>1681.98</ele>
      </trkpt>
      <trkpt lat="36.21674" lon="-111.69915">
        <ele>1682.75</ele>
      </trkpt>
      <trkpt lat="36.21678" lon="-111.69911">
        <ele>1683.22</ele>
      </trkpt>
      <trkpt lat="36.21685" lon="-111.69907">
        <ele>1683.98</ele>
      </trkpt>
      <trkpt lat="36.2169" lon="-111.69899">
        <ele>1684.0</ele>
      </trkpt>
      <trkpt lat="36.21693" lon="-111.69896">
        <ele>1684.0</ele>
      </trkpt>
      <trkpt lat="36.21695" lon="-111.69894">
        <ele>1684.06</ele>
      </trkpt>
      <trkpt lat="36.21699" lon="-111.69891">
        <ele>1684.49</ele>
      </trkpt>
      <trkpt lat="36.21704" lon="-111.69887">
        <ele>1684.8</ele>
      </trkpt>
      <trkpt lat="36.2171" lon="-111.69884">
        <ele>1684.83</ele>
      </trkpt>
      <trkpt lat="36.21714" lon="-111.69883">
        <ele>1685.0</ele>
      </trkpt>
      <trkpt lat="36.21722" lon="-111.69883">
        <ele>1685.0</ele>
      </trkpt>
      <trkpt lat="36.21726" lon="-111.69882">
        <ele>1685.0</ele>
      </trkpt>
      <trkpt lat="36.21728" lon="-111.6988">
        <ele>1685.0</ele>
      </trkpt>
      <trkpt lat="36.21738" lon="-111.69866">
        <ele>1685.0</ele>
      </trkpt>
      <trkpt lat="36.21741" lon="-111.69859">
        <ele>1685.23</ele>
      </trkpt>
      <trkpt lat="36.21744" lon="-111.69854">
        <ele>1685.77</ele>
      </trkpt>
      <trkpt lat="36.21747" lon="-111.69847">
        <ele>1686.0</ele>
      </trkpt>
      <trkpt lat="36.21752" lon="-111.69838">
        <ele>1686.5</ele>
      </trkpt>
      <trkpt lat="36.21753" lon="-111.69831">
        <ele>1687.25</ele>
      </trkpt>
      <trkpt lat="36.21754" lon="-111.69825">
        <ele>1687.9</ele>
      </trkpt>
      <trkpt lat="36.21754" lon="-111.6982">
        <ele>1688.88</ele>
      </trkpt>
      <trkpt lat="36.21753" lon="-111.69813">
        <ele>1690.39</ele>
      </trkpt>
      <trkpt lat="36.21753" lon="-111.69805">
        <ele>1692.08</ele>
      </trkpt>
      <trkpt lat="36.21754" lon="-111.698">
        <ele>1692.86</ele>
      </trkpt>
      <trkpt lat="36.21753" lon="-111.69797">
        <ele>1693.22</ele>
      </trkpt>
      <trkpt lat="36.21753" lon="-111.69786">
        <ele>1695.11</ele>
      </trkpt>
      <trkpt lat="36.21754" lon="-111.6978">
        <ele>1695.76</ele>
      </trkpt>
      <trkpt lat="36.21753" lon="-111.69774">
        <ele>1696.41</ele>
      </trkpt>
      <trkpt lat="36.21754" lon="-111.69771">
        <ele>1696.73</ele>
      </trkpt>
      <trkpt lat="36.21754" lon="-111.69765">
        <ele>1697.38</ele>
      </trkpt>
      <trkpt lat="36.21755" lon="-111.69761">
        <ele>1697.81</ele>
      </trkpt>
      <trkpt lat="36.21755" lon="-111.69756">
        <ele>1698.16</ele>
      </trkpt>
      <trkpt lat="36.21754" lon="-111.69752">
        <ele>1698.45</ele>
      </trkpt>
      <trkpt lat="36.21751" lon="-111.69748">
        <ele>1699.32</ele>
      </trkpt>
      <trkpt lat="36.21751" lon="-111.69746">
        <ele>1699.76</ele>
      </trkpt>
      <trkpt lat="36.21751" lon="-111.6974">
        <ele>1700.97</ele>
      </trkpt>
      <trkpt lat="36.21753" lon="-111.69732">
        <ele>1701.62</ele>
      </trkpt>
      <trkpt lat="36.21753" lon="-111.69726">
        <ele>1702.86</ele>
      </trkpt>
      <trkpt lat="36.21751" lon="-111.69721">
        <ele>1704.16</ele>
      </trkpt>
      <trkpt lat="36.21749" lon="-111.69719">
        <ele>1704.8</ele>
      </trkpt>
      <trkpt lat="36.21747" lon="-111.69717">
        <ele>1705.45</ele>
      </trkpt>
      <trkpt lat="36.2174" lon="-111.69714">
        <ele>1706.86</ele>
      </trkpt>
      <trkpt lat="36.2173" lon="-111.69711">
        <ele>1708.46</ele>
      </trkpt>
      <trkpt lat="36.21716" lon="-111.69708">
        <ele>1710.28</ele>
      </trkpt>
      <trkpt lat="36.21712" lon="-111.69707">
        <ele>1711.04</ele>
      </trkpt>
      <trkpt lat="36.21704" lon="-111.69707">
        <ele>1711.9</ele>
      </trkpt>
      <trkpt lat="36.21701" lon="-111.69708">
        <ele>1711.9</ele>
      </trkpt>
      <trkpt lat="36.21694" lon="-111.69708">
        <ele>1712.66</ele>
      </trkpt>
      <trkpt lat="36.2169" lon="-111.69709">
        <ele>1712.76</ele>
      </trkpt>
      <trkpt lat="36.21687" lon="-111.69708">
        <ele>1713.41</ele>
      </trkpt>
      <trkpt lat="36.21678" lon="-111.69708">
        <ele>1714.38</ele>
      </trkpt>
      <trkpt lat="36.21668" lon="-111.6971">
        <ele>1713.96</ele>
      </trkpt>
      <trkpt lat="36.21661" lon="-111.69711">
        <ele>1714.25</ele>
      </trkpt>
      <trkpt lat="36.21657" lon="-111.69711">
        <ele>1714.68</ele>
      </trkpt>
      <trkpt lat="36.21656" lon="-111.69711">
        <ele>1714.79</ele>
      </trkpt>
      <trkpt lat="36.21654" lon="-111.6971">
        <ele>1715.33</ele>
      </trkpt>
      <trkpt lat="36.21651" lon="-111.69709">
        <ele>1715.98</ele>
      </trkpt>
      <trkpt lat="36.21647" lon="-111.69707">
        <ele>1717.06</ele>
      </trkpt>
      <trkpt lat="36.21642" lon="-111.69705">
        <ele>1718.24</ele>
      </trkpt>
      <trkpt lat="36.21637" lon="-111.69703">
        <ele>1719.34</ele>
      </trkpt>
      <trkpt lat="36.21632" lon="-111.69702">
        <ele>1719.98</ele>
      </trkpt>
      <trkpt lat="36.21627" lon="-111.69702">
        <ele>1720.24</ele>
      </trkpt>
      <trkpt lat="36.21622" lon="-111.69702">
        <ele>1720.34</ele>
      </trkpt>
      <trkpt lat="36.21607" lon="-111.697">
        <ele>1722.07</ele>
      </trkpt>
      <trkpt lat="36.21605" lon="-111.69699">
        <ele>1722.34</ele>
      </trkpt>
      <trkpt lat="36.21599" lon="-111.69698">
        <ele>1722.62</ele>
      </trkpt>
      <trkpt lat="36.21595" lon="-111.69696">
        <ele>1722.83</ele>
      </trkpt>
      <trkpt lat="36.2159" lon="-111.69694">
        <ele>1723.33</ele>
      </trkpt>
      <trkpt lat="36.21585" lon="-111.69694">
        <ele>1723.87</ele>
      </trkpt>
      <trkpt lat="36.21569" lon="-111.69696">
        <ele>1724.38</ele>
      </trkpt>
    </trkseg>
  </trk>
</gpx>
