<?xml version="1.0" encoding="UTF-8"?>
<gpx xmlns:gpxdata="http://www.cluetrust.com/XML/GPXDATA/1/0" xmlns:xsi="http://www.w3.org/2001/XMLSchema-instance" xmlns="http://www.topografix.com/GPX/1/1" version="1.1" creator="http://ridewithgps.com/" xsi:schemaLocation="http://www.topografix.com/GPX/1/1 http://www.topografix.com/GPX/1/1/gpx.xsd http://www.cluetrust.com/XML/GPXDATA/1/0 http://www.cluetrust.com/Schemas/gpxdata10.xsd">
  <metadata>
    <name>MTR_2024_Day2</name>
    <link href="https://ridewithgps.com/routes/54980929">
      <text>MTR_2024_Day2</text>
    </link>
    <time>2026-05-05T10:53:38Z</time>
  </metadata>
  <trk>
    <name>MTR_2024_Day2</name>
    <trkseg>
      <trkpt lat="41.704823" lon="-93.569065">
        <ele>251.0</ele>
      </trkpt>
      <trkpt lat="41.704735" lon="-93.569097">
        <ele>244.0</ele>
      </trkpt>
      <trkpt lat="41.704721" lon="-93.569055">
        <ele>244.0</ele>
      </trkpt>
      <trkpt lat="41.704633" lon="-93.568947">
        <ele>244.0</ele>
      </trkpt>
      <trkpt lat="41.704611" lon="-93.568872">
        <ele>244.0</ele>
      </trkpt>
      <trkpt lat="41.704504" lon="-93.568733">
        <ele>244.0</ele>
      </trkpt>
      <trkpt lat="41.704464" lon="-93.568625">
        <ele>244.0</ele>
      </trkpt>
      <trkpt lat="41.704426" lon="-93.568615">
        <ele>244.0</ele>
      </trkpt>
      <trkpt lat="41.704399" lon="-93.568625">
        <ele>244.0</ele>
      </trkpt>
      <trkpt lat="41.704354" lon="-93.568701">
        <ele>244.0</ele>
      </trkpt>
      <trkpt lat="41.704362" lon="-93.568743">
        <ele>245.0</ele>
      </trkpt>
      <trkpt lat="41.704633" lon="-93.569205">
        <ele>245.0</ele>
      </trkpt>
      <trkpt lat="41.704756" lon="-93.569366">
        <ele>245.0</ele>
      </trkpt>
      <trkpt lat="41.704914" lon="-93.569623">
        <ele>245.0</ele>
      </trkpt>
      <trkpt lat="41.705027" lon="-93.569763">
        <ele>245.0</ele>
      </trkpt>
      <trkpt lat="41.705148" lon="-93.569848">
        <ele>245.0</ele>
      </trkpt>
      <trkpt lat="41.705193" lon="-93.569902">
        <ele>245.0</ele>
      </trkpt>
      <trkpt lat="41.705225" lon="-93.569999">
        <ele>245.0</ele>
      </trkpt>
      <trkpt lat="41.705225" lon="-93.570074">
        <ele>245.0</ele>
      </trkpt>
      <trkpt lat="41.705199" lon="-93.570149">
        <ele>246.0</ele>
      </trkpt>
      <trkpt lat="41.705126" lon="-93.570256">
        <ele>246.0</ele>
      </trkpt>
      <trkpt lat="41.70474" lon="-93.570728">
        <ele>247.0</ele>
      </trkpt>
      <trkpt lat="41.704346" lon="-93.571265">
        <ele>249.0</ele>
      </trkpt>
      <trkpt lat="41.704201" lon="-93.571415">
        <ele>249.0</ele>
      </trkpt>
      <trkpt lat="41.703981" lon="-93.571608">
        <ele>249.0</ele>
      </trkpt>
      <trkpt lat="41.703737" lon="-93.571747">
        <ele>248.0</ele>
      </trkpt>
      <trkpt lat="41.703576" lon="-93.571812">
        <ele>248.0</ele>
      </trkpt>
      <trkpt lat="41.703466" lon="-93.571844">
        <ele>248.0</ele>
      </trkpt>
      <trkpt lat="41.703238" lon="-93.571876">
        <ele>248.0</ele>
      </trkpt>
      <trkpt lat="41.703176" lon="-93.571876">
        <ele>248.0</ele>
      </trkpt>
      <trkpt lat="41.703066" lon="-93.571844">
        <ele>248.0</ele>
      </trkpt>
      <trkpt lat="41.703013" lon="-93.571812">
        <ele>248.0</ele>
      </trkpt>
      <trkpt lat="41.702924" lon="-93.571715">
        <ele>247.0</ele>
      </trkpt>
      <trkpt lat="41.702868" lon="-93.571608">
        <ele>247.0</ele>
      </trkpt>
      <trkpt lat="41.702846" lon="-93.571533">
        <ele>247.0</ele>
      </trkpt>
      <trkpt lat="41.702844" lon="-93.571447">
        <ele>247.0</ele>
      </trkpt>
      <trkpt lat="41.702868" lon="-93.569387">
        <ele>246.0</ele>
      </trkpt>
      <trkpt lat="41.702852" lon="-93.568454">
        <ele>245.0</ele>
      </trkpt>
      <trkpt lat="41.702801" lon="-93.567338">
        <ele>245.0</ele>
      </trkpt>
      <trkpt lat="41.702779" lon="-93.564892">
        <ele>244.0</ele>
      </trkpt>
      <trkpt lat="41.702779" lon="-93.561877">
        <ele>241.0</ele>
      </trkpt>
      <trkpt lat="41.702795" lon="-93.561212">
        <ele>240.0</ele>
      </trkpt>
      <trkpt lat="41.702752" lon="-93.56104">
        <ele>239.0</ele>
      </trkpt>
      <trkpt lat="41.702715" lon="-93.560976">
        <ele>239.0</ele>
      </trkpt>
      <trkpt lat="41.702661" lon="-93.560944">
        <ele>239.0</ele>
      </trkpt>
      <trkpt lat="41.702602" lon="-93.560933">
        <ele>239.0</ele>
      </trkpt>
      <trkpt lat="41.702385" lon="-93.560965">
        <ele>239.0</ele>
      </trkpt>
      <trkpt lat="41.701315" lon="-93.560944">
        <ele>241.0</ele>
      </trkpt>
      <trkpt lat="41.701025" lon="-93.56089">
        <ele>242.0</ele>
      </trkpt>
      <trkpt lat="41.700864" lon="-93.560826">
        <ele>242.0</ele>
      </trkpt>
      <trkpt lat="41.70062" lon="-93.560708">
        <ele>242.0</ele>
      </trkpt>
      <trkpt lat="41.700529" lon="-93.560643">
        <ele>242.0</ele>
      </trkpt>
      <trkpt lat="41.700338" lon="-93.560547">
        <ele>242.0</ele>
      </trkpt>
      <trkpt lat="41.700194" lon="-93.560439">
        <ele>243.0</ele>
      </trkpt>
      <trkpt lat="41.700089" lon="-93.560386">
        <ele>243.0</ele>
      </trkpt>
      <trkpt lat="41.699593" lon="-93.560064">
        <ele>242.0</ele>
      </trkpt>
      <trkpt lat="41.699536" lon="-93.560042">
        <ele>242.0</ele>
      </trkpt>
      <trkpt lat="41.699239" lon="-93.559838">
        <ele>242.0</ele>
      </trkpt>
      <trkpt lat="41.698616" lon="-93.559463">
        <ele>241.0</ele>
      </trkpt>
      <trkpt lat="41.698297" lon="-93.559248">
        <ele>241.0</ele>
      </trkpt>
      <trkpt lat="41.697965" lon="-93.559077">
        <ele>240.0</ele>
      </trkpt>
      <trkpt lat="41.697613" lon="-93.558959">
        <ele>240.0</ele>
      </trkpt>
      <trkpt lat="41.697541" lon="-93.558959">
        <ele>240.0</ele>
      </trkpt>
      <trkpt lat="41.697393" lon="-93.558927">
        <ele>240.0</ele>
      </trkpt>
      <trkpt lat="41.69716" lon="-93.558927">
        <ele>239.0</ele>
      </trkpt>
      <trkpt lat="41.69686" lon="-93.55898">
        <ele>239.0</ele>
      </trkpt>
      <trkpt lat="41.696409" lon="-93.559152">
        <ele>238.0</ele>
      </trkpt>
      <trkpt lat="41.696192" lon="-93.55927">
        <ele>238.0</ele>
      </trkpt>
      <trkpt lat="41.695905" lon="-93.559484">
        <ele>238.0</ele>
      </trkpt>
      <trkpt lat="41.695706" lon="-93.559645">
        <ele>237.0</ele>
      </trkpt>
      <trkpt lat="41.695642" lon="-93.55972">
        <ele>237.0</ele>
      </trkpt>
      <trkpt lat="41.695301" lon="-93.559989">
        <ele>237.0</ele>
      </trkpt>
      <trkpt lat="41.69517" lon="-93.560117">
        <ele>237.0</ele>
      </trkpt>
      <trkpt lat="41.694432" lon="-93.560729">
        <ele>236.0</ele>
      </trkpt>
      <trkpt lat="41.69414" lon="-93.56089">
        <ele>236.0</ele>
      </trkpt>
      <trkpt lat="41.693987" lon="-93.560954">
        <ele>235.0</ele>
      </trkpt>
      <trkpt lat="41.693665" lon="-93.561029">
        <ele>235.0</ele>
      </trkpt>
      <trkpt lat="41.692844" lon="-93.56104">
        <ele>234.0</ele>
      </trkpt>
      <trkpt lat="41.692021" lon="-93.561072">
        <ele>234.0</ele>
      </trkpt>
      <trkpt lat="41.690825" lon="-93.561072">
        <ele>235.0</ele>
      </trkpt>
      <trkpt lat="41.690626" lon="-93.561094">
        <ele>235.0</ele>
      </trkpt>
      <trkpt lat="41.690363" lon="-93.561094">
        <ele>235.0</ele>
      </trkpt>
      <trkpt lat="41.689795" lon="-93.561158">
        <ele>235.0</ele>
      </trkpt>
      <trkpt lat="41.689089" lon="-93.561308">
        <ele>234.0</ele>
      </trkpt>
      <trkpt lat="41.689009" lon="-93.561308">
        <ele>234.0</ele>
      </trkpt>
      <trkpt lat="41.688706" lon="-93.561383">
        <ele>233.0</ele>
      </trkpt>
      <trkpt lat="41.68829" lon="-93.561437">
        <ele>233.0</ele>
      </trkpt>
      <trkpt lat="41.687563" lon="-93.561426">
        <ele>235.0</ele>
      </trkpt>
      <trkpt lat="41.687123" lon="-93.561362">
        <ele>235.0</ele>
      </trkpt>
      <trkpt lat="41.686925" lon="-93.561308">
        <ele>235.0</ele>
      </trkpt>
      <trkpt lat="41.686716" lon="-93.561287">
        <ele>235.0</ele>
      </trkpt>
      <trkpt lat="41.686123" lon="-93.561147">
        <ele>235.0</ele>
      </trkpt>
      <trkpt lat="41.685667" lon="-93.561094">
        <ele>236.0</ele>
      </trkpt>
      <trkpt lat="41.685264" lon="-93.561072">
        <ele>235.0</ele>
      </trkpt>
      <trkpt lat="41.681818" lon="-93.561072">
        <ele>232.0</ele>
      </trkpt>
      <trkpt lat="41.681378" lon="-93.561051">
        <ele>232.0</ele>
      </trkpt>
      <trkpt lat="41.680284" lon="-93.561051">
        <ele>233.0</ele>
      </trkpt>
      <trkpt lat="41.679986" lon="-93.561072">
        <ele>233.0</ele>
      </trkpt>
      <trkpt lat="41.679246" lon="-93.561072">
        <ele>234.0</ele>
      </trkpt>
      <trkpt lat="41.678559" lon="-93.561062">
        <ele>234.0</ele>
      </trkpt>
      <trkpt lat="41.678331" lon="-93.56104">
        <ele>234.0</ele>
      </trkpt>
      <trkpt lat="41.67809" lon="-93.56104">
        <ele>233.0</ele>
      </trkpt>
      <trkpt lat="41.67777" lon="-93.561072">
        <ele>233.0</ele>
      </trkpt>
      <trkpt lat="41.674874" lon="-93.561072">
        <ele>233.0</ele>
      </trkpt>
      <trkpt lat="41.674581" lon="-93.561051">
        <ele>233.0</ele>
      </trkpt>
      <trkpt lat="41.673742" lon="-93.561051">
        <ele>232.0</ele>
      </trkpt>
      <trkpt lat="41.673664" lon="-93.56104">
        <ele>232.0</ele>
      </trkpt>
      <trkpt lat="41.673192" lon="-93.561051">
        <ele>233.0</ele>
      </trkpt>
      <trkpt lat="41.673119" lon="-93.561083">
        <ele>233.0</ele>
      </trkpt>
      <trkpt lat="41.673082" lon="-93.561126">
        <ele>233.0</ele>
      </trkpt>
      <trkpt lat="41.673009" lon="-93.56133">
        <ele>233.0</ele>
      </trkpt>
      <trkpt lat="41.673001" lon="-93.561695">
        <ele>233.0</ele>
      </trkpt>
      <trkpt lat="41.67302" lon="-93.562692">
        <ele>233.0</ele>
      </trkpt>
      <trkpt lat="41.672985" lon="-93.562725">
        <ele>234.0</ele>
      </trkpt>
      <trkpt lat="41.672953" lon="-93.562703">
        <ele>234.0</ele>
      </trkpt>
      <trkpt lat="41.67294" lon="-93.562446">
        <ele>234.0</ele>
      </trkpt>
      <trkpt lat="41.672945" lon="-93.561941">
        <ele>234.0</ele>
      </trkpt>
      <trkpt lat="41.672905" lon="-93.561319">
        <ele>234.0</ele>
      </trkpt>
      <trkpt lat="41.672891" lon="-93.561265">
        <ele>234.0</ele>
      </trkpt>
      <trkpt lat="41.672819" lon="-93.561158">
        <ele>234.0</ele>
      </trkpt>
      <trkpt lat="41.672773" lon="-93.561126">
        <ele>234.0</ele>
      </trkpt>
      <trkpt lat="41.672612" lon="-93.561094">
        <ele>234.0</ele>
      </trkpt>
      <trkpt lat="41.672097" lon="-93.561072">
        <ele>233.0</ele>
      </trkpt>
      <trkpt lat="41.670499" lon="-93.561072">
        <ele>230.0</ele>
      </trkpt>
      <trkpt lat="41.670317" lon="-93.561051">
        <ele>230.0</ele>
      </trkpt>
      <trkpt lat="41.668683" lon="-93.561072">
        <ele>228.0</ele>
      </trkpt>
      <trkpt lat="41.666494" lon="-93.561072">
        <ele>231.0</ele>
      </trkpt>
      <trkpt lat="41.664534" lon="-93.561062">
        <ele>233.0</ele>
      </trkpt>
      <trkpt lat="41.664472" lon="-93.561051">
        <ele>233.0</ele>
      </trkpt>
      <trkpt lat="41.663316" lon="-93.561062">
        <ele>233.0</ele>
      </trkpt>
      <trkpt lat="41.66301" lon="-93.56104">
        <ele>233.0</ele>
      </trkpt>
      <trkpt lat="41.66275" lon="-93.561051">
        <ele>233.0</ele>
      </trkpt>
      <trkpt lat="41.662085" lon="-93.561029">
        <ele>232.0</ele>
      </trkpt>
      <trkpt lat="41.661878" lon="-93.56104">
        <ele>232.0</ele>
      </trkpt>
      <trkpt lat="41.659767" lon="-93.561029">
        <ele>235.0</ele>
      </trkpt>
      <trkpt lat="41.659647" lon="-93.561008">
        <ele>235.0</ele>
      </trkpt>
      <trkpt lat="41.658845" lon="-93.561029">
        <ele>237.0</ele>
      </trkpt>
      <trkpt lat="41.658678" lon="-93.560986">
        <ele>237.0</ele>
      </trkpt>
      <trkpt lat="41.658654" lon="-93.560965">
        <ele>237.0</ele>
      </trkpt>
      <trkpt lat="41.658646" lon="-93.56089">
        <ele>237.0</ele>
      </trkpt>
      <trkpt lat="41.658705" lon="-93.560675">
        <ele>237.0</ele>
      </trkpt>
      <trkpt lat="41.658729" lon="-93.55883">
        <ele>236.0</ele>
      </trkpt>
      <trkpt lat="41.658711" lon="-93.558615">
        <ele>236.0</ele>
      </trkpt>
      <trkpt lat="41.65863" lon="-93.558143">
        <ele>236.0</ele>
      </trkpt>
      <trkpt lat="41.658619" lon="-93.557757">
        <ele>236.0</ele>
      </trkpt>
      <trkpt lat="41.658665" lon="-93.556641">
        <ele>235.0</ele>
      </trkpt>
      <trkpt lat="41.658711" lon="-93.551588">
        <ele>229.0</ele>
      </trkpt>
      <trkpt lat="41.658778" lon="-93.547779">
        <ele>223.0</ele>
      </trkpt>
      <trkpt lat="41.658764" lon="-93.547393">
        <ele>223.0</ele>
      </trkpt>
      <trkpt lat="41.6587" lon="-93.54706">
        <ele>223.0</ele>
      </trkpt>
      <trkpt lat="41.658737" lon="-93.5469">
        <ele>223.0</ele>
      </trkpt>
      <trkpt lat="41.658783" lon="-93.546835">
        <ele>223.0</ele>
      </trkpt>
      <trkpt lat="41.658896" lon="-93.54676">
        <ele>222.0</ele>
      </trkpt>
      <trkpt lat="41.658952" lon="-93.546599">
        <ele>222.0</ele>
      </trkpt>
      <trkpt lat="41.65896" lon="-93.546513">
        <ele>222.0</ele>
      </trkpt>
      <trkpt lat="41.658952" lon="-93.546331">
        <ele>222.0</ele>
      </trkpt>
      <trkpt lat="41.658906" lon="-93.546159">
        <ele>221.0</ele>
      </trkpt>
      <trkpt lat="41.658853" lon="-93.546095">
        <ele>221.0</ele>
      </trkpt>
      <trkpt lat="41.658719" lon="-93.546041">
        <ele>221.0</ele>
      </trkpt>
      <trkpt lat="41.658507" lon="-93.546052">
        <ele>220.0</ele>
      </trkpt>
      <trkpt lat="41.658373" lon="-93.546106">
        <ele>220.0</ele>
      </trkpt>
      <trkpt lat="41.658281" lon="-93.546213">
        <ele>220.0</ele>
      </trkpt>
      <trkpt lat="41.658182" lon="-93.546406">
        <ele>220.0</ele>
      </trkpt>
      <trkpt lat="41.658043" lon="-93.546545">
        <ele>220.0</ele>
      </trkpt>
      <trkpt lat="41.657879" lon="-93.546535">
        <ele>220.0</ele>
      </trkpt>
      <trkpt lat="41.65756" lon="-93.546352">
        <ele>220.0</ele>
      </trkpt>
      <trkpt lat="41.657399" lon="-93.546309">
        <ele>220.0</ele>
      </trkpt>
      <trkpt lat="41.657345" lon="-93.546277">
        <ele>220.0</ele>
      </trkpt>
      <trkpt lat="41.656999" lon="-93.546277">
        <ele>220.0</ele>
      </trkpt>
      <trkpt lat="41.656694" lon="-93.546127">
        <ele>218.8</ele>
      </trkpt>
      <trkpt lat="41.656568" lon="-93.546106">
        <ele>218.5</ele>
      </trkpt>
      <trkpt lat="41.656452" lon="-93.546127">
        <ele>218.2</ele>
      </trkpt>
      <trkpt lat="41.656358" lon="-93.54617">
        <ele>217.9</ele>
      </trkpt>
      <trkpt lat="41.656187" lon="-93.546288">
        <ele>217.3</ele>
      </trkpt>
      <trkpt lat="41.656122" lon="-93.546309">
        <ele>217.1</ele>
      </trkpt>
      <trkpt lat="41.656007" lon="-93.546385">
        <ele>217.0</ele>
      </trkpt>
      <trkpt lat="41.655779" lon="-93.546492">
        <ele>217.0</ele>
      </trkpt>
      <trkpt lat="41.655682" lon="-93.546567">
        <ele>218.0</ele>
      </trkpt>
      <trkpt lat="41.655336" lon="-93.546685">
        <ele>220.0</ele>
      </trkpt>
      <trkpt lat="41.654599" lon="-93.547157">
        <ele>222.0</ele>
      </trkpt>
      <trkpt lat="41.654545" lon="-93.547168">
        <ele>222.0</ele>
      </trkpt>
      <trkpt lat="41.654435" lon="-93.547157">
        <ele>222.0</ele>
      </trkpt>
      <trkpt lat="41.65428" lon="-93.547103">
        <ele>222.0</ele>
      </trkpt>
      <trkpt lat="41.654167" lon="-93.547093">
        <ele>221.0</ele>
      </trkpt>
      <trkpt lat="41.654003" lon="-93.547114">
        <ele>220.0</ele>
      </trkpt>
      <trkpt lat="41.653944" lon="-93.547136">
        <ele>220.0</ele>
      </trkpt>
      <trkpt lat="41.653569" lon="-93.547361">
        <ele>219.0</ele>
      </trkpt>
      <trkpt lat="41.653215" lon="-93.547468">
        <ele>219.0</ele>
      </trkpt>
      <trkpt lat="41.653" lon="-93.547393">
        <ele>220.0</ele>
      </trkpt>
      <trkpt lat="41.652898" lon="-93.547339">
        <ele>220.0</ele>
      </trkpt>
      <trkpt lat="41.652727" lon="-93.547286">
        <ele>220.0</ele>
      </trkpt>
      <trkpt lat="41.652584" lon="-93.547157">
        <ele>220.0</ele>
      </trkpt>
      <trkpt lat="41.65244" lon="-93.547071">
        <ele>220.0</ele>
      </trkpt>
      <trkpt lat="41.652287" lon="-93.546942">
        <ele>220.0</ele>
      </trkpt>
      <trkpt lat="41.65201" lon="-93.546781">
        <ele>220.0</ele>
      </trkpt>
      <trkpt lat="41.651849" lon="-93.546653">
        <ele>220.0</ele>
      </trkpt>
      <trkpt lat="41.651624" lon="-93.546556">
        <ele>220.0</ele>
      </trkpt>
      <trkpt lat="41.651517" lon="-93.546492">
        <ele>220.0</ele>
      </trkpt>
      <trkpt lat="41.651396" lon="-93.54647">
        <ele>220.0</ele>
      </trkpt>
      <trkpt lat="41.651128" lon="-93.546438">
        <ele>219.0</ele>
      </trkpt>
      <trkpt lat="41.650616" lon="-93.54646">
        <ele>217.0</ele>
      </trkpt>
      <trkpt lat="41.650441" lon="-93.546406">
        <ele>216.0</ele>
      </trkpt>
      <trkpt lat="41.650318" lon="-93.546342">
        <ele>216.0</ele>
      </trkpt>
      <trkpt lat="41.6502" lon="-93.546331">
        <ele>216.0</ele>
      </trkpt>
      <trkpt lat="41.650141" lon="-93.546342">
        <ele>216.0</ele>
      </trkpt>
      <trkpt lat="41.649916" lon="-93.54647">
        <ele>215.0</ele>
      </trkpt>
      <trkpt lat="41.649725" lon="-93.546535">
        <ele>214.0</ele>
      </trkpt>
      <trkpt lat="41.649594" lon="-93.546567">
        <ele>213.0</ele>
      </trkpt>
      <trkpt lat="41.649264" lon="-93.546578">
        <ele>212.0</ele>
      </trkpt>
      <trkpt lat="41.648727" lon="-93.546545">
        <ele>212.0</ele>
      </trkpt>
      <trkpt lat="41.648615" lon="-93.546492">
        <ele>212.0</ele>
      </trkpt>
      <trkpt lat="41.648556" lon="-93.546481">
        <ele>213.0</ele>
      </trkpt>
      <trkpt lat="41.648338" lon="-93.546363">
        <ele>213.0</ele>
      </trkpt>
      <trkpt lat="41.648218" lon="-93.546331">
        <ele>213.0</ele>
      </trkpt>
      <trkpt lat="41.647912" lon="-93.546331">
        <ele>214.0</ele>
      </trkpt>
      <trkpt lat="41.64773" lon="-93.546352">
        <ele>214.0</ele>
      </trkpt>
      <trkpt lat="41.647459" lon="-93.54647">
        <ele>214.0</ele>
      </trkpt>
      <trkpt lat="41.647351" lon="-93.546481">
        <ele>214.0</ele>
      </trkpt>
      <trkpt lat="41.647172" lon="-93.54647">
        <ele>214.0</ele>
      </trkpt>
      <trkpt lat="41.646906" lon="-93.546481">
        <ele>215.0</ele>
      </trkpt>
      <trkpt lat="41.646555" lon="-93.546417">
        <ele>215.0</ele>
      </trkpt>
      <trkpt lat="41.645804" lon="-93.546406">
        <ele>217.0</ele>
      </trkpt>
      <trkpt lat="41.645528" lon="-93.546299">
        <ele>218.0</ele>
      </trkpt>
      <trkpt lat="41.645265" lon="-93.546148">
        <ele>218.0</ele>
      </trkpt>
      <trkpt lat="41.644994" lon="-93.546063">
        <ele>218.0</ele>
      </trkpt>
      <trkpt lat="41.644884" lon="-93.545945">
        <ele>219.0</ele>
      </trkpt>
      <trkpt lat="41.644747" lon="-93.545719">
        <ele>219.0</ele>
      </trkpt>
      <trkpt lat="41.64457" lon="-93.545537">
        <ele>219.0</ele>
      </trkpt>
      <trkpt lat="41.644369" lon="-93.545419">
        <ele>219.0</ele>
      </trkpt>
      <trkpt lat="41.644066" lon="-93.545365">
        <ele>219.0</ele>
      </trkpt>
      <trkpt lat="41.643991" lon="-93.545387">
        <ele>219.0</ele>
      </trkpt>
      <trkpt lat="41.643848" lon="-93.545397">
        <ele>219.0</ele>
      </trkpt>
      <trkpt lat="41.643604" lon="-93.545515">
        <ele>219.0</ele>
      </trkpt>
      <trkpt lat="41.643433" lon="-93.545698">
        <ele>219.0</ele>
      </trkpt>
      <trkpt lat="41.643162" lon="-93.546073">
        <ele>219.0</ele>
      </trkpt>
      <trkpt lat="41.643033" lon="-93.546181">
        <ele>219.0</ele>
      </trkpt>
      <trkpt lat="41.642896" lon="-93.546256">
        <ele>219.0</ele>
      </trkpt>
      <trkpt lat="41.642762" lon="-93.546288">
        <ele>219.0</ele>
      </trkpt>
      <trkpt lat="41.642617" lon="-93.546299">
        <ele>219.0</ele>
      </trkpt>
      <trkpt lat="41.642266" lon="-93.546191">
        <ele>219.0</ele>
      </trkpt>
      <trkpt lat="41.642194" lon="-93.546191">
        <ele>219.0</ele>
      </trkpt>
      <trkpt lat="41.642057" lon="-93.546256">
        <ele>219.0</ele>
      </trkpt>
      <trkpt lat="41.641821" lon="-93.54647">
        <ele>219.0</ele>
      </trkpt>
      <trkpt lat="41.641695" lon="-93.546524">
        <ele>220.0</ele>
      </trkpt>
      <trkpt lat="41.641622" lon="-93.546524">
        <ele>220.0</ele>
      </trkpt>
      <trkpt lat="41.641488" lon="-93.546481">
        <ele>220.0</ele>
      </trkpt>
      <trkpt lat="41.641362" lon="-93.546395">
        <ele>220.0</ele>
      </trkpt>
      <trkpt lat="41.641027" lon="-93.545998">
        <ele>221.0</ele>
      </trkpt>
      <trkpt lat="41.639737" lon="-93.545237">
        <ele>219.0</ele>
      </trkpt>
      <trkpt lat="41.639544" lon="-93.545097">
        <ele>219.0</ele>
      </trkpt>
      <trkpt lat="41.639458" lon="-93.544947">
        <ele>219.0</ele>
      </trkpt>
      <trkpt lat="41.639431" lon="-93.54485">
        <ele>219.0</ele>
      </trkpt>
      <trkpt lat="41.639364" lon="-93.544378">
        <ele>219.0</ele>
      </trkpt>
      <trkpt lat="41.639291" lon="-93.544013">
        <ele>218.0</ele>
      </trkpt>
      <trkpt lat="41.639248" lon="-93.543928">
        <ele>218.0</ele>
      </trkpt>
      <trkpt lat="41.639192" lon="-93.543863">
        <ele>218.0</ele>
      </trkpt>
      <trkpt lat="41.639128" lon="-93.54382">
        <ele>217.0</ele>
      </trkpt>
      <trkpt lat="41.639058" lon="-93.54381">
        <ele>218.0</ele>
      </trkpt>
      <trkpt lat="41.638554" lon="-93.543767">
        <ele>217.0</ele>
      </trkpt>
      <trkpt lat="41.638243" lon="-93.543777">
        <ele>217.0</ele>
      </trkpt>
      <trkpt lat="41.638017" lon="-93.543735">
        <ele>216.0</ele>
      </trkpt>
      <trkpt lat="41.637822" lon="-93.543606">
        <ele>216.0</ele>
      </trkpt>
      <trkpt lat="41.637704" lon="-93.543498">
        <ele>216.0</ele>
      </trkpt>
      <trkpt lat="41.63751" lon="-93.543391">
        <ele>216.0</ele>
      </trkpt>
      <trkpt lat="41.637296" lon="-93.543348">
        <ele>216.0</ele>
      </trkpt>
      <trkpt lat="41.637076" lon="-93.543327">
        <ele>215.0</ele>
      </trkpt>
      <trkpt lat="41.637001" lon="-93.543348">
        <ele>215.0</ele>
      </trkpt>
      <trkpt lat="41.636942" lon="-93.543402">
        <ele>215.0</ele>
      </trkpt>
      <trkpt lat="41.636853" lon="-93.543552">
        <ele>215.0</ele>
      </trkpt>
      <trkpt lat="41.636805" lon="-93.543713">
        <ele>215.0</ele>
      </trkpt>
      <trkpt lat="41.636816" lon="-93.544325">
        <ele>215.0</ele>
      </trkpt>
      <trkpt lat="41.6368" lon="-93.544807">
        <ele>215.0</ele>
      </trkpt>
      <trkpt lat="41.636808" lon="-93.546234">
        <ele>218.0</ele>
      </trkpt>
      <trkpt lat="41.6368" lon="-93.546599">
        <ele>218.0</ele>
      </trkpt>
      <trkpt lat="41.636762" lon="-93.546996">
        <ele>219.0</ele>
      </trkpt>
      <trkpt lat="41.636738" lon="-93.54706">
        <ele>220.0</ele>
      </trkpt>
      <trkpt lat="41.636633" lon="-93.547189">
        <ele>220.0</ele>
      </trkpt>
      <trkpt lat="41.636142" lon="-93.547693">
        <ele>221.0</ele>
      </trkpt>
      <trkpt lat="41.635751" lon="-93.548037">
        <ele>221.0</ele>
      </trkpt>
      <trkpt lat="41.635442" lon="-93.548251">
        <ele>221.0</ele>
      </trkpt>
      <trkpt lat="41.634855" lon="-93.548584">
        <ele>221.0</ele>
      </trkpt>
      <trkpt lat="41.634579" lon="-93.548702">
        <ele>221.0</ele>
      </trkpt>
      <trkpt lat="41.634335" lon="-93.54882">
        <ele>221.0</ele>
      </trkpt>
      <trkpt lat="41.634276" lon="-93.548863">
        <ele>221.0</ele>
      </trkpt>
      <trkpt lat="41.63368" lon="-93.54911">
        <ele>221.0</ele>
      </trkpt>
      <trkpt lat="41.633482" lon="-93.549217">
        <ele>221.0</ele>
      </trkpt>
      <trkpt lat="41.633283" lon="-93.549292">
        <ele>221.0</ele>
      </trkpt>
      <trkpt lat="41.633141" lon="-93.549367">
        <ele>221.0</ele>
      </trkpt>
      <trkpt lat="41.632664" lon="-93.549528">
        <ele>220.0</ele>
      </trkpt>
      <trkpt lat="41.632218" lon="-93.549635">
        <ele>220.0</ele>
      </trkpt>
      <trkpt lat="41.632135" lon="-93.549668">
        <ele>220.0</ele>
      </trkpt>
      <trkpt lat="41.631966" lon="-93.5497">
        <ele>219.0</ele>
      </trkpt>
      <trkpt lat="41.631792" lon="-93.54971">
        <ele>219.0</ele>
      </trkpt>
      <trkpt lat="41.631556" lon="-93.549635">
        <ele>219.0</ele>
      </trkpt>
      <trkpt lat="41.631411" lon="-93.549528">
        <ele>219.0</ele>
      </trkpt>
      <trkpt lat="41.631288" lon="-93.549399">
        <ele>218.0</ele>
      </trkpt>
      <trkpt lat="41.631191" lon="-93.549238">
        <ele>218.0</ele>
      </trkpt>
      <trkpt lat="41.631062" lon="-93.54897">
        <ele>218.0</ele>
      </trkpt>
      <trkpt lat="41.631009" lon="-93.548895">
        <ele>218.0</ele>
      </trkpt>
      <trkpt lat="41.63088" lon="-93.548799">
        <ele>218.0</ele>
      </trkpt>
      <trkpt lat="41.630612" lon="-93.548766">
        <ele>218.0</ele>
      </trkpt>
      <trkpt lat="41.630448" lon="-93.54868">
        <ele>219.0</ele>
      </trkpt>
      <trkpt lat="41.630196" lon="-93.548294">
        <ele>218.0</ele>
      </trkpt>
      <trkpt lat="41.630086" lon="-93.548208">
        <ele>218.0</ele>
      </trkpt>
      <trkpt lat="41.629896" lon="-93.548133">
        <ele>218.0</ele>
      </trkpt>
      <trkpt lat="41.629767" lon="-93.548133">
        <ele>217.7</ele>
      </trkpt>
      <trkpt lat="41.629579" lon="-93.548187">
        <ele>216.8</ele>
      </trkpt>
      <trkpt lat="41.629391" lon="-93.548208">
        <ele>216.0</ele>
      </trkpt>
      <trkpt lat="41.62923" lon="-93.548294">
        <ele>217.0</ele>
      </trkpt>
      <trkpt lat="41.629145" lon="-93.54838">
        <ele>217.0</ele>
      </trkpt>
      <trkpt lat="41.628694" lon="-93.548927">
        <ele>219.0</ele>
      </trkpt>
      <trkpt lat="41.628434" lon="-93.549195">
        <ele>219.0</ele>
      </trkpt>
      <trkpt lat="41.628308" lon="-93.549271">
        <ele>219.0</ele>
      </trkpt>
      <trkpt lat="41.627889" lon="-93.549421">
        <ele>218.0</ele>
      </trkpt>
      <trkpt lat="41.627546" lon="-93.549625">
        <ele>218.0</ele>
      </trkpt>
      <trkpt lat="41.627441" lon="-93.549743">
        <ele>217.0</ele>
      </trkpt>
      <trkpt lat="41.627321" lon="-93.549957">
        <ele>217.0</ele>
      </trkpt>
      <trkpt lat="41.627179" lon="-93.550268">
        <ele>216.0</ele>
      </trkpt>
      <trkpt lat="41.627042" lon="-93.550494">
        <ele>216.0</ele>
      </trkpt>
      <trkpt lat="41.626626" lon="-93.551052">
        <ele>216.0</ele>
      </trkpt>
      <trkpt lat="41.626535" lon="-93.551148">
        <ele>216.0</ele>
      </trkpt>
      <trkpt lat="41.626481" lon="-93.551191">
        <ele>216.0</ele>
      </trkpt>
      <trkpt lat="41.626366" lon="-93.551234">
        <ele>216.0</ele>
      </trkpt>
      <trkpt lat="41.625768" lon="-93.551331">
        <ele>216.0</ele>
      </trkpt>
      <trkpt lat="41.625714" lon="-93.551352">
        <ele>216.1</ele>
      </trkpt>
      <trkpt lat="41.625387" lon="-93.551352">
        <ele>216.8</ele>
      </trkpt>
      <trkpt lat="41.625263" lon="-93.55132">
        <ele>217.0</ele>
      </trkpt>
      <trkpt lat="41.625135" lon="-93.551245">
        <ele>217.0</ele>
      </trkpt>
      <trkpt lat="41.625097" lon="-93.551245">
        <ele>217.0</ele>
      </trkpt>
      <trkpt lat="41.625073" lon="-93.551255">
        <ele>217.0</ele>
      </trkpt>
      <trkpt lat="41.625054" lon="-93.551331">
        <ele>217.0</ele>
      </trkpt>
      <trkpt lat="41.625089" lon="-93.551373">
        <ele>217.0</ele>
      </trkpt>
      <trkpt lat="41.625398" lon="-93.551406">
        <ele>218.3</ele>
      </trkpt>
      <trkpt lat="41.625462" lon="-93.551363">
        <ele>218.4</ele>
      </trkpt>
      <trkpt lat="41.625604" lon="-93.551084">
        <ele>218.3</ele>
      </trkpt>
      <trkpt lat="41.625746" lon="-93.550848">
        <ele>218.2</ele>
      </trkpt>
      <trkpt lat="41.626023" lon="-93.550172">
        <ele>218.0</ele>
      </trkpt>
      <trkpt lat="41.626122" lon="-93.55">
        <ele>218.0</ele>
      </trkpt>
      <trkpt lat="41.626202" lon="-93.549818">
        <ele>218.0</ele>
      </trkpt>
      <trkpt lat="41.626226" lon="-93.54971">
        <ele>218.0</ele>
      </trkpt>
      <trkpt lat="41.626213" lon="-93.549614">
        <ele>218.0</ele>
      </trkpt>
      <trkpt lat="41.626154" lon="-93.549528">
        <ele>218.0</ele>
      </trkpt>
      <trkpt lat="41.625848" lon="-93.549238">
        <ele>217.0</ele>
      </trkpt>
      <trkpt lat="41.625679" lon="-93.54912">
        <ele>217.0</ele>
      </trkpt>
      <trkpt lat="41.625585" lon="-93.549088">
        <ele>217.0</ele>
      </trkpt>
      <trkpt lat="41.625196" lon="-93.549024">
        <ele>217.0</ele>
      </trkpt>
      <trkpt lat="41.624834" lon="-93.549067">
        <ele>217.0</ele>
      </trkpt>
      <trkpt lat="41.624703" lon="-93.549067">
        <ele>218.0</ele>
      </trkpt>
      <trkpt lat="41.624504" lon="-93.549045">
        <ele>218.0</ele>
      </trkpt>
      <trkpt lat="41.624378" lon="-93.549013">
        <ele>218.0</ele>
      </trkpt>
      <trkpt lat="41.624048" lon="-93.549024">
        <ele>219.0</ele>
      </trkpt>
      <trkpt lat="41.623917" lon="-93.549002">
        <ele>219.0</ele>
      </trkpt>
      <trkpt lat="41.623777" lon="-93.549024">
        <ele>219.0</ele>
      </trkpt>
      <trkpt lat="41.623646" lon="-93.549024">
        <ele>219.0</ele>
      </trkpt>
      <trkpt lat="41.623501" lon="-93.549002">
        <ele>218.0</ele>
      </trkpt>
      <trkpt lat="41.623021" lon="-93.548992">
        <ele>218.0</ele>
      </trkpt>
      <trkpt lat="41.622742" lon="-93.548959">
        <ele>216.0</ele>
      </trkpt>
      <trkpt lat="41.622675" lon="-93.54897">
        <ele>216.0</ele>
      </trkpt>
      <trkpt lat="41.622318" lon="-93.548895">
        <ele>215.0</ele>
      </trkpt>
      <trkpt lat="41.621983" lon="-93.548874">
        <ele>215.0</ele>
      </trkpt>
      <trkpt lat="41.621685" lon="-93.548917">
        <ele>213.0</ele>
      </trkpt>
      <trkpt lat="41.621575" lon="-93.548917">
        <ele>213.0</ele>
      </trkpt>
      <trkpt lat="41.621136" lon="-93.548809">
        <ele>212.0</ele>
      </trkpt>
      <trkpt lat="41.621071" lon="-93.548788">
        <ele>212.0</ele>
      </trkpt>
      <trkpt lat="41.620768" lon="-93.548552">
        <ele>212.0</ele>
      </trkpt>
      <trkpt lat="41.620698" lon="-93.54853">
        <ele>212.0</ele>
      </trkpt>
      <trkpt lat="41.620634" lon="-93.548487">
        <ele>212.0</ele>
      </trkpt>
      <trkpt lat="41.620146" lon="-93.548316">
        <ele>211.0</ele>
      </trkpt>
      <trkpt lat="41.619776" lon="-93.548284">
        <ele>212.0</ele>
      </trkpt>
      <trkpt lat="41.619572" lon="-93.548208">
        <ele>212.0</ele>
      </trkpt>
      <trkpt lat="41.619405" lon="-93.548069">
        <ele>212.0</ele>
      </trkpt>
      <trkpt lat="41.619341" lon="-93.547929">
        <ele>212.0</ele>
      </trkpt>
      <trkpt lat="41.61929" lon="-93.547693">
        <ele>212.0</ele>
      </trkpt>
      <trkpt lat="41.61921" lon="-93.547447">
        <ele>212.0</ele>
      </trkpt>
      <trkpt lat="41.619119" lon="-93.547307">
        <ele>213.0</ele>
      </trkpt>
      <trkpt lat="41.619054" lon="-93.547275">
        <ele>213.0</ele>
      </trkpt>
      <trkpt lat="41.618917" lon="-93.547264">
        <ele>213.0</ele>
      </trkpt>
      <trkpt lat="41.618722" lon="-93.547307">
        <ele>214.0</ele>
      </trkpt>
      <trkpt lat="41.618542" lon="-93.547404">
        <ele>214.0</ele>
      </trkpt>
      <trkpt lat="41.618317" lon="-93.547575">
        <ele>215.0</ele>
      </trkpt>
      <trkpt lat="41.618193" lon="-93.54764">
        <ele>215.0</ele>
      </trkpt>
      <trkpt lat="41.618123" lon="-93.547651">
        <ele>215.0</ele>
      </trkpt>
      <trkpt lat="41.617981" lon="-93.547651">
        <ele>215.0</ele>
      </trkpt>
      <trkpt lat="41.617708" lon="-93.547608">
        <ele>216.0</ele>
      </trkpt>
      <trkpt lat="41.617512" lon="-93.547608">
        <ele>216.0</ele>
      </trkpt>
      <trkpt lat="41.617372" lon="-93.547586">
        <ele>216.0</ele>
      </trkpt>
      <trkpt lat="41.616887" lon="-93.547468">
        <ele>215.0</ele>
      </trkpt>
      <trkpt lat="41.61682" lon="-93.547468">
        <ele>215.0</ele>
      </trkpt>
      <trkpt lat="41.616608" lon="-93.547414">
        <ele>215.0</ele>
      </trkpt>
      <trkpt lat="41.616383" lon="-93.547393">
        <ele>214.0</ele>
      </trkpt>
      <trkpt lat="41.616246" lon="-93.547339">
        <ele>214.0</ele>
      </trkpt>
      <trkpt lat="41.616181" lon="-93.547307">
        <ele>214.0</ele>
      </trkpt>
      <trkpt lat="41.616063" lon="-93.5472">
        <ele>214.0</ele>
      </trkpt>
      <trkpt lat="41.615972" lon="-93.547071">
        <ele>214.0</ele>
      </trkpt>
      <trkpt lat="41.615846" lon="-93.546771">
        <ele>214.0</ele>
      </trkpt>
      <trkpt lat="41.615648" lon="-93.546395">
        <ele>214.0</ele>
      </trkpt>
      <trkpt lat="41.615514" lon="-93.546095">
        <ele>214.0</ele>
      </trkpt>
      <trkpt lat="41.615288" lon="-93.545752">
        <ele>214.0</ele>
      </trkpt>
      <trkpt lat="41.615208" lon="-93.54558">
        <ele>214.0</ele>
      </trkpt>
      <trkpt lat="41.615186" lon="-93.545483">
        <ele>215.0</ele>
      </trkpt>
      <trkpt lat="41.615168" lon="-93.545194">
        <ele>215.0</ele>
      </trkpt>
      <trkpt lat="41.615127" lon="-93.545022">
        <ele>215.0</ele>
      </trkpt>
      <trkpt lat="41.614953" lon="-93.544561">
        <ele>216.0</ele>
      </trkpt>
      <trkpt lat="41.614873" lon="-93.544432">
        <ele>216.0</ele>
      </trkpt>
      <trkpt lat="41.614771" lon="-93.544357">
        <ele>216.0</ele>
      </trkpt>
      <trkpt lat="41.614527" lon="-93.544228">
        <ele>216.0</ele>
      </trkpt>
      <trkpt lat="41.6145" lon="-93.544228">
        <ele>217.0</ele>
      </trkpt>
      <trkpt lat="41.614449" lon="-93.544282">
        <ele>217.0</ele>
      </trkpt>
      <trkpt lat="41.614065" lon="-93.545355">
        <ele>218.5</ele>
      </trkpt>
      <trkpt lat="41.613977" lon="-93.545623">
        <ele>218.8</ele>
      </trkpt>
      <trkpt lat="41.613958" lon="-93.54573">
        <ele>218.9</ele>
      </trkpt>
      <trkpt lat="41.613969" lon="-93.545805">
        <ele>219.0</ele>
      </trkpt>
      <trkpt lat="41.613995" lon="-93.545837">
        <ele>219.0</ele>
      </trkpt>
      <trkpt lat="41.614122" lon="-93.545923">
        <ele>219.0</ele>
      </trkpt>
      <trkpt lat="41.614213" lon="-93.545955">
        <ele>218.0</ele>
      </trkpt>
      <trkpt lat="41.614258" lon="-93.545945">
        <ele>218.0</ele>
      </trkpt>
      <trkpt lat="41.614312" lon="-93.54588">
        <ele>218.0</ele>
      </trkpt>
      <trkpt lat="41.614291" lon="-93.545773">
        <ele>217.0</ele>
      </trkpt>
      <trkpt lat="41.614065" lon="-93.545526">
        <ele>215.4</ele>
      </trkpt>
      <trkpt lat="41.613832" lon="-93.545408">
        <ele>214.0</ele>
      </trkpt>
      <trkpt lat="41.613717" lon="-93.545387">
        <ele>213.3</ele>
      </trkpt>
      <trkpt lat="41.613558" lon="-93.545462">
        <ele>213.0</ele>
      </trkpt>
      <trkpt lat="41.613454" lon="-93.545537">
        <ele>213.0</ele>
      </trkpt>
      <trkpt lat="41.613336" lon="-93.545569">
        <ele>213.0</ele>
      </trkpt>
      <trkpt lat="41.612751" lon="-93.545344">
        <ele>213.0</ele>
      </trkpt>
      <trkpt lat="41.612217" lon="-93.545215">
        <ele>212.0</ele>
      </trkpt>
      <trkpt lat="41.611914" lon="-93.545065">
        <ele>211.0</ele>
      </trkpt>
      <trkpt lat="41.611756" lon="-93.544904">
        <ele>211.0</ele>
      </trkpt>
      <trkpt lat="41.6117" lon="-93.544754">
        <ele>211.0</ele>
      </trkpt>
      <trkpt lat="41.611683" lon="-93.544657">
        <ele>211.0</ele>
      </trkpt>
      <trkpt lat="41.611681" lon="-93.543059">
        <ele>212.0</ele>
      </trkpt>
      <trkpt lat="41.611662" lon="-93.542726">
        <ele>212.0</ele>
      </trkpt>
      <trkpt lat="41.611603" lon="-93.542597">
        <ele>212.0</ele>
      </trkpt>
      <trkpt lat="41.611555" lon="-93.542554">
        <ele>212.0</ele>
      </trkpt>
      <trkpt lat="41.611329" lon="-93.542533">
        <ele>213.0</ele>
      </trkpt>
      <trkpt lat="41.610852" lon="-93.542533">
        <ele>212.0</ele>
      </trkpt>
      <trkpt lat="41.610659" lon="-93.542554">
        <ele>212.0</ele>
      </trkpt>
      <trkpt lat="41.609921" lon="-93.542554">
        <ele>212.0</ele>
      </trkpt>
      <trkpt lat="41.60972" lon="-93.542544">
        <ele>212.0</ele>
      </trkpt>
      <trkpt lat="41.609594" lon="-93.54249">
        <ele>212.0</ele>
      </trkpt>
      <trkpt lat="41.60954" lon="-93.542447">
        <ele>212.0</ele>
      </trkpt>
      <trkpt lat="41.609468" lon="-93.542329">
        <ele>212.0</ele>
      </trkpt>
      <trkpt lat="41.609361" lon="-93.541996">
        <ele>211.0</ele>
      </trkpt>
      <trkpt lat="41.609286" lon="-93.541857">
        <ele>212.0</ele>
      </trkpt>
      <trkpt lat="41.608996" lon="-93.541578">
        <ele>213.0</ele>
      </trkpt>
      <trkpt lat="41.608771" lon="-93.541063">
        <ele>214.0</ele>
      </trkpt>
      <trkpt lat="41.608682" lon="-93.540924">
        <ele>214.0</ele>
      </trkpt>
      <trkpt lat="41.608433" lon="-93.540634">
        <ele>215.0</ele>
      </trkpt>
      <trkpt lat="41.608237" lon="-93.540205">
        <ele>215.0</ele>
      </trkpt>
      <trkpt lat="41.608076" lon="-93.539979">
        <ele>214.0</ele>
      </trkpt>
      <trkpt lat="41.608033" lon="-93.539894">
        <ele>214.0</ele>
      </trkpt>
      <trkpt lat="41.607969" lon="-93.539722">
        <ele>214.0</ele>
      </trkpt>
      <trkpt lat="41.607958" lon="-93.539636">
        <ele>213.0</ele>
      </trkpt>
      <trkpt lat="41.607979" lon="-93.538831">
        <ele>212.0</ele>
      </trkpt>
      <trkpt lat="41.607926" lon="-93.538134">
        <ele>209.0</ele>
      </trkpt>
      <trkpt lat="41.607918" lon="-93.537404">
        <ele>210.0</ele>
      </trkpt>
      <trkpt lat="41.607888" lon="-93.5369">
        <ele>212.0</ele>
      </trkpt>
      <trkpt lat="41.607934" lon="-93.535742">
        <ele>213.0</ele>
      </trkpt>
      <trkpt lat="41.607918" lon="-93.535581">
        <ele>213.0</ele>
      </trkpt>
      <trkpt lat="41.607888" lon="-93.535505">
        <ele>213.0</ele>
      </trkpt>
      <trkpt lat="41.607851" lon="-93.535441">
        <ele>213.0</ele>
      </trkpt>
      <trkpt lat="41.607797" lon="-93.535398">
        <ele>213.0</ele>
      </trkpt>
      <trkpt lat="41.607609" lon="-93.535345">
        <ele>213.0</ele>
      </trkpt>
      <trkpt lat="41.607427" lon="-93.535237">
        <ele>213.0</ele>
      </trkpt>
      <trkpt lat="41.607081" lon="-93.534926">
        <ele>213.0</ele>
      </trkpt>
      <trkpt lat="41.606767" lon="-93.534712">
        <ele>212.0</ele>
      </trkpt>
      <trkpt lat="41.606576" lon="-93.534561">
        <ele>212.0</ele>
      </trkpt>
      <trkpt lat="41.606408" lon="-93.53439">
        <ele>211.0</ele>
      </trkpt>
      <trkpt lat="41.60626" lon="-93.534186">
        <ele>211.0</ele>
      </trkpt>
      <trkpt lat="41.606078" lon="-93.533767">
        <ele>211.0</ele>
      </trkpt>
      <trkpt lat="41.605978" lon="-93.53366">
        <ele>211.0</ele>
      </trkpt>
      <trkpt lat="41.605919" lon="-93.533628">
        <ele>211.0</ele>
      </trkpt>
      <trkpt lat="41.605801" lon="-93.533606">
        <ele>211.0</ele>
      </trkpt>
      <trkpt lat="41.605681" lon="-93.533606">
        <ele>211.0</ele>
      </trkpt>
      <trkpt lat="41.605485" lon="-93.533682">
        <ele>212.0</ele>
      </trkpt>
      <trkpt lat="41.605439" lon="-93.53366">
        <ele>212.0</ele>
      </trkpt>
      <trkpt lat="41.605396" lon="-93.533564">
        <ele>212.0</ele>
      </trkpt>
      <trkpt lat="41.605412" lon="-93.533456">
        <ele>212.0</ele>
      </trkpt>
      <trkpt lat="41.605437" lon="-93.533435">
        <ele>212.0</ele>
      </trkpt>
      <trkpt lat="41.605584" lon="-93.533424">
        <ele>213.0</ele>
      </trkpt>
      <trkpt lat="41.605683" lon="-93.533424">
        <ele>213.0</ele>
      </trkpt>
      <trkpt lat="41.605756" lon="-93.533446">
        <ele>213.0</ele>
      </trkpt>
      <trkpt lat="41.606416" lon="-93.533446">
        <ele>213.0</ele>
      </trkpt>
      <trkpt lat="41.606756" lon="-93.533424">
        <ele>213.0</ele>
      </trkpt>
      <trkpt lat="41.607282" lon="-93.533435">
        <ele>213.0</ele>
      </trkpt>
      <trkpt lat="41.607813" lon="-93.533424">
        <ele>211.0</ele>
      </trkpt>
      <trkpt lat="41.607834" lon="-93.533413">
        <ele>210.0</ele>
      </trkpt>
      <trkpt lat="41.607872" lon="-93.53337">
        <ele>211.0</ele>
      </trkpt>
      <trkpt lat="41.607877" lon="-93.533295">
        <ele>211.0</ele>
      </trkpt>
      <trkpt lat="41.607907" lon="-93.532255">
        <ele>214.0</ele>
      </trkpt>
      <trkpt lat="41.607872" lon="-93.53189">
        <ele>214.0</ele>
      </trkpt>
      <trkpt lat="41.607842" lon="-93.531772">
        <ele>213.9</ele>
      </trkpt>
      <trkpt lat="41.607762" lon="-93.531675">
        <ele>213.6</ele>
      </trkpt>
      <trkpt lat="41.607733" lon="-93.531675">
        <ele>213.6</ele>
      </trkpt>
      <trkpt lat="41.607663" lon="-93.531632">
        <ele>213.4</ele>
      </trkpt>
      <trkpt lat="41.607615" lon="-93.531632">
        <ele>213.3</ele>
      </trkpt>
      <trkpt lat="41.607499" lon="-93.531686">
        <ele>213.0</ele>
      </trkpt>
      <trkpt lat="41.607378" lon="-93.531772">
        <ele>213.0</ele>
      </trkpt>
      <trkpt lat="41.60703" lon="-93.531944">
        <ele>213.0</ele>
      </trkpt>
      <trkpt lat="41.606424" lon="-93.532072">
        <ele>214.0</ele>
      </trkpt>
      <trkpt lat="41.606306" lon="-93.532083">
        <ele>214.0</ele>
      </trkpt>
      <trkpt lat="41.60618" lon="-93.532072">
        <ele>215.0</ele>
      </trkpt>
      <trkpt lat="41.606056" lon="-93.532029">
        <ele>215.0</ele>
      </trkpt>
      <trkpt lat="41.605866" lon="-93.531997">
        <ele>215.0</ele>
      </trkpt>
      <trkpt lat="41.605683" lon="-93.531944">
        <ele>214.0</ele>
      </trkpt>
      <trkpt lat="41.605297" lon="-93.531686">
        <ele>214.0</ele>
      </trkpt>
      <trkpt lat="41.604954" lon="-93.531568">
        <ele>213.0</ele>
      </trkpt>
      <trkpt lat="41.604651" lon="-93.531429">
        <ele>212.0</ele>
      </trkpt>
      <trkpt lat="41.604444" lon="-93.531235">
        <ele>212.0</ele>
      </trkpt>
      <trkpt lat="41.604283" lon="-93.531021">
        <ele>212.0</ele>
      </trkpt>
      <trkpt lat="41.604101" lon="-93.530828">
        <ele>212.0</ele>
      </trkpt>
      <trkpt lat="41.603838" lon="-93.530656">
        <ele>211.0</ele>
      </trkpt>
      <trkpt lat="41.603674" lon="-93.53057">
        <ele>211.0</ele>
      </trkpt>
      <trkpt lat="41.603307" lon="-93.530302">
        <ele>210.0</ele>
      </trkpt>
      <trkpt lat="41.602966" lon="-93.530023">
        <ele>210.0</ele>
      </trkpt>
      <trkpt lat="41.602618" lon="-93.529787">
        <ele>210.0</ele>
      </trkpt>
      <trkpt lat="41.602438" lon="-93.529605">
        <ele>210.0</ele>
      </trkpt>
      <trkpt lat="41.602178" lon="-93.529218">
        <ele>210.0</ele>
      </trkpt>
      <trkpt lat="41.601923" lon="-93.528886">
        <ele>210.0</ele>
      </trkpt>
      <trkpt lat="41.60158" lon="-93.52851">
        <ele>210.0</ele>
      </trkpt>
      <trkpt lat="41.601435" lon="-93.528317">
        <ele>210.0</ele>
      </trkpt>
      <trkpt lat="41.601319" lon="-93.528221">
        <ele>209.0</ele>
      </trkpt>
      <trkpt lat="41.601293" lon="-93.528221">
        <ele>209.0</ele>
      </trkpt>
      <trkpt lat="41.601032" lon="-93.527824">
        <ele>209.0</ele>
      </trkpt>
      <trkpt lat="41.600995" lon="-93.527791">
        <ele>209.0</ele>
      </trkpt>
      <trkpt lat="41.600941" lon="-93.527663">
        <ele>210.0</ele>
      </trkpt>
      <trkpt lat="41.600912" lon="-93.52748">
        <ele>210.0</ele>
      </trkpt>
      <trkpt lat="41.600896" lon="-93.526654">
        <ele>211.0</ele>
      </trkpt>
      <trkpt lat="41.600904" lon="-93.526118">
        <ele>212.0</ele>
      </trkpt>
      <trkpt lat="41.600984" lon="-93.525302">
        <ele>214.0</ele>
      </trkpt>
      <trkpt lat="41.600976" lon="-93.525088">
        <ele>214.0</ele>
      </trkpt>
      <trkpt lat="41.600866" lon="-93.524305">
        <ele>215.0</ele>
      </trkpt>
      <trkpt lat="41.600657" lon="-93.523779">
        <ele>214.0</ele>
      </trkpt>
      <trkpt lat="41.600603" lon="-93.523478">
        <ele>213.0</ele>
      </trkpt>
      <trkpt lat="41.600603" lon="-93.521976">
        <ele>213.0</ele>
      </trkpt>
      <trkpt lat="41.600579" lon="-93.521687">
        <ele>213.0</ele>
      </trkpt>
      <trkpt lat="41.600584" lon="-93.520721">
        <ele>214.0</ele>
      </trkpt>
      <trkpt lat="41.600568" lon="-93.520453">
        <ele>214.0</ele>
      </trkpt>
      <trkpt lat="41.600507" lon="-93.520217">
        <ele>215.0</ele>
      </trkpt>
      <trkpt lat="41.600426" lon="-93.520035">
        <ele>217.0</ele>
      </trkpt>
      <trkpt lat="41.600389" lon="-93.519981">
        <ele>217.0</ele>
      </trkpt>
      <trkpt lat="41.600354" lon="-93.51997">
        <ele>217.0</ele>
      </trkpt>
      <trkpt lat="41.600292" lon="-93.519874">
        <ele>218.0</ele>
      </trkpt>
      <trkpt lat="41.600246" lon="-93.519852">
        <ele>218.0</ele>
      </trkpt>
      <trkpt lat="41.600145" lon="-93.519745">
        <ele>218.0</ele>
      </trkpt>
      <trkpt lat="41.600094" lon="-93.519734">
        <ele>218.0</ele>
      </trkpt>
      <trkpt lat="41.600043" lon="-93.519788">
        <ele>218.0</ele>
      </trkpt>
      <trkpt lat="41.6" lon="-93.520002">
        <ele>218.0</ele>
      </trkpt>
      <trkpt lat="41.599935" lon="-93.520163">
        <ele>218.0</ele>
      </trkpt>
      <trkpt lat="41.599686" lon="-93.520517">
        <ele>217.0</ele>
      </trkpt>
      <trkpt lat="41.599512" lon="-93.520657">
        <ele>217.0</ele>
      </trkpt>
      <trkpt lat="41.599455" lon="-93.520721">
        <ele>217.0</ele>
      </trkpt>
      <trkpt lat="41.599394" lon="-93.520753">
        <ele>217.0</ele>
      </trkpt>
      <trkpt lat="41.599096" lon="-93.520989">
        <ele>217.0</ele>
      </trkpt>
      <trkpt lat="41.599042" lon="-93.521054">
        <ele>218.0</ele>
      </trkpt>
      <trkpt lat="41.598286" lon="-93.521719">
        <ele>218.0</ele>
      </trkpt>
      <trkpt lat="41.598034" lon="-93.521901">
        <ele>218.0</ele>
      </trkpt>
      <trkpt lat="41.597913" lon="-93.522019">
        <ele>218.0</ele>
      </trkpt>
      <trkpt lat="41.597733" lon="-93.52217">
        <ele>218.0</ele>
      </trkpt>
      <trkpt lat="41.597545" lon="-93.522298">
        <ele>218.0</ele>
      </trkpt>
      <trkpt lat="41.597486" lon="-93.522363">
        <ele>218.0</ele>
      </trkpt>
      <trkpt lat="41.596711" lon="-93.522845">
        <ele>218.0</ele>
      </trkpt>
      <trkpt lat="41.596151" lon="-93.523124">
        <ele>217.0</ele>
      </trkpt>
      <trkpt lat="41.595799" lon="-93.523275">
        <ele>216.0</ele>
      </trkpt>
      <trkpt lat="41.595673" lon="-93.52335">
        <ele>216.0</ele>
      </trkpt>
      <trkpt lat="41.595537" lon="-93.523393">
        <ele>216.0</ele>
      </trkpt>
      <trkpt lat="41.595408" lon="-93.523468">
        <ele>215.0</ele>
      </trkpt>
      <trkpt lat="41.595097" lon="-93.523607">
        <ele>214.0</ele>
      </trkpt>
      <trkpt lat="41.594732" lon="-93.523811">
        <ele>213.0</ele>
      </trkpt>
      <trkpt lat="41.594362" lon="-93.523993">
        <ele>212.0</ele>
      </trkpt>
      <trkpt lat="41.593568" lon="-93.524541">
        <ele>214.0</ele>
      </trkpt>
      <trkpt lat="41.593302" lon="-93.524777">
        <ele>214.0</ele>
      </trkpt>
      <trkpt lat="41.59305" lon="-93.525045">
        <ele>215.0</ele>
      </trkpt>
      <trkpt lat="41.592718" lon="-93.525356">
        <ele>216.0</ele>
      </trkpt>
      <trkpt lat="41.591953" lon="-93.525989">
        <ele>220.0</ele>
      </trkpt>
      <trkpt lat="41.59157" lon="-93.526204">
        <ele>221.0</ele>
      </trkpt>
      <trkpt lat="41.591481" lon="-93.526236">
        <ele>221.0</ele>
      </trkpt>
      <trkpt lat="41.591063" lon="-93.52645">
        <ele>222.0</ele>
      </trkpt>
      <trkpt lat="41.590191" lon="-93.526794">
        <ele>221.0</ele>
      </trkpt>
      <trkpt lat="41.590006" lon="-93.526815">
        <ele>220.0</ele>
      </trkpt>
      <trkpt lat="41.589925" lon="-93.526869">
        <ele>219.0</ele>
      </trkpt>
      <trkpt lat="41.589802" lon="-93.526869">
        <ele>219.0</ele>
      </trkpt>
      <trkpt lat="41.589274" lon="-93.526944">
        <ele>218.0</ele>
      </trkpt>
      <trkpt lat="41.589078" lon="-93.526933">
        <ele>218.0</ele>
      </trkpt>
      <trkpt lat="41.588692" lon="-93.526998">
        <ele>218.0</ele>
      </trkpt>
      <trkpt lat="41.588209" lon="-93.527191">
        <ele>217.0</ele>
      </trkpt>
      <trkpt lat="41.58804" lon="-93.527244">
        <ele>217.0</ele>
      </trkpt>
      <trkpt lat="41.587881" lon="-93.527319">
        <ele>216.0</ele>
      </trkpt>
      <trkpt lat="41.587643" lon="-93.52748">
        <ele>216.0</ele>
      </trkpt>
      <trkpt lat="41.587316" lon="-93.527652">
        <ele>215.0</ele>
      </trkpt>
      <trkpt lat="41.587152" lon="-93.527716">
        <ele>215.0</ele>
      </trkpt>
      <trkpt lat="41.586996" lon="-93.527824">
        <ele>215.0</ele>
      </trkpt>
      <trkpt lat="41.58683" lon="-93.527899">
        <ele>214.0</ele>
      </trkpt>
      <trkpt lat="41.586675" lon="-93.528006">
        <ele>214.0</ele>
      </trkpt>
      <trkpt lat="41.586594" lon="-93.528038">
        <ele>214.0</ele>
      </trkpt>
      <trkpt lat="41.586017" lon="-93.528382">
        <ele>214.0</ele>
      </trkpt>
      <trkpt lat="41.58551" lon="-93.528736">
        <ele>213.0</ele>
      </trkpt>
      <trkpt lat="41.585325" lon="-93.528875">
        <ele>212.0</ele>
      </trkpt>
      <trkpt lat="41.585087" lon="-93.529111">
        <ele>212.0</ele>
      </trkpt>
      <trkpt lat="41.584644" lon="-93.529669">
        <ele>211.0</ele>
      </trkpt>
      <trkpt lat="41.584539" lon="-93.52983">
        <ele>212.0</ele>
      </trkpt>
      <trkpt lat="41.584252" lon="-93.530334">
        <ele>212.0</ele>
      </trkpt>
      <trkpt lat="41.584024" lon="-93.530849">
        <ele>213.0</ele>
      </trkpt>
      <trkpt lat="41.583813" lon="-93.531568">
        <ele>213.0</ele>
      </trkpt>
      <trkpt lat="41.583721" lon="-93.531804">
        <ele>213.0</ele>
      </trkpt>
      <trkpt lat="41.583689" lon="-93.531858">
        <ele>213.0</ele>
      </trkpt>
      <trkpt lat="41.583646" lon="-93.53189">
        <ele>213.0</ele>
      </trkpt>
      <trkpt lat="41.58355" lon="-93.531922">
        <ele>212.0</ele>
      </trkpt>
      <trkpt lat="41.583405" lon="-93.531944">
        <ele>212.0</ele>
      </trkpt>
      <trkpt lat="41.583365" lon="-93.531986">
        <ele>212.0</ele>
      </trkpt>
      <trkpt lat="41.583338" lon="-93.532029">
        <ele>212.0</ele>
      </trkpt>
      <trkpt lat="41.583298" lon="-93.532276">
        <ele>212.0</ele>
      </trkpt>
      <trkpt lat="41.583233" lon="-93.532373">
        <ele>212.0</ele>
      </trkpt>
      <trkpt lat="41.583284" lon="-93.533531">
        <ele>212.8</ele>
      </trkpt>
      <trkpt lat="41.583271" lon="-93.533757">
        <ele>213.0</ele>
      </trkpt>
      <trkpt lat="41.583279" lon="-93.533918">
        <ele>213.0</ele>
      </trkpt>
      <trkpt lat="41.583504" lon="-93.537308">
        <ele>211.0</ele>
      </trkpt>
      <trkpt lat="41.583555" lon="-93.53881">
        <ele>209.0</ele>
      </trkpt>
      <trkpt lat="41.583585" lon="-93.54028">
        <ele>208.0</ele>
      </trkpt>
      <trkpt lat="41.583636" lon="-93.541235">
        <ele>207.0</ele>
      </trkpt>
      <trkpt lat="41.583684" lon="-93.543016">
        <ele>207.0</ele>
      </trkpt>
      <trkpt lat="41.583834" lon="-93.546674">
        <ele>211.0</ele>
      </trkpt>
      <trkpt lat="41.583864" lon="-93.548359">
        <ele>215.0</ele>
      </trkpt>
      <trkpt lat="41.583947" lon="-93.550719">
        <ele>214.0</ele>
      </trkpt>
      <trkpt lat="41.584065" lon="-93.553412">
        <ele>210.0</ele>
      </trkpt>
      <trkpt lat="41.58411" lon="-93.554807">
        <ele>211.0</ele>
      </trkpt>
      <trkpt lat="41.584223" lon="-93.557135">
        <ele>212.0</ele>
      </trkpt>
      <trkpt lat="41.584263" lon="-93.558497">
        <ele>213.0</ele>
      </trkpt>
      <trkpt lat="41.58421" lon="-93.563111">
        <ele>214.0</ele>
      </trkpt>
      <trkpt lat="41.584177" lon="-93.564441">
        <ele>216.0</ele>
      </trkpt>
      <trkpt lat="41.584183" lon="-93.565503">
        <ele>215.0</ele>
      </trkpt>
      <trkpt lat="41.584169" lon="-93.566469">
        <ele>215.0</ele>
      </trkpt>
      <trkpt lat="41.584105" lon="-93.567488">
        <ele>214.0</ele>
      </trkpt>
      <trkpt lat="41.584046" lon="-93.567874">
        <ele>213.0</ele>
      </trkpt>
      <trkpt lat="41.583957" lon="-93.568164">
        <ele>213.0</ele>
      </trkpt>
      <trkpt lat="41.58388" lon="-93.568325">
        <ele>213.0</ele>
      </trkpt>
      <trkpt lat="41.583689" lon="-93.568604">
        <ele>213.0</ele>
      </trkpt>
      <trkpt lat="41.583528" lon="-93.568765">
        <ele>213.0</ele>
      </trkpt>
      <trkpt lat="41.583383" lon="-93.568872">
        <ele>213.0</ele>
      </trkpt>
      <trkpt lat="41.583287" lon="-93.568915">
        <ele>212.0</ele>
      </trkpt>
      <trkpt lat="41.583131" lon="-93.569022">
        <ele>212.0</ele>
      </trkpt>
      <trkpt lat="41.583088" lon="-93.569097">
        <ele>212.0</ele>
      </trkpt>
      <trkpt lat="41.583075" lon="-93.569258">
        <ele>212.0</ele>
      </trkpt>
      <trkpt lat="41.583196" lon="-93.569999">
        <ele>212.0</ele>
      </trkpt>
      <trkpt lat="41.58333" lon="-93.5706">
        <ele>211.0</ele>
      </trkpt>
      <trkpt lat="41.583936" lon="-93.572638">
        <ele>211.0</ele>
      </trkpt>
      <trkpt lat="41.584204" lon="-93.573486">
        <ele>210.0</ele>
      </trkpt>
      <trkpt lat="41.584706" lon="-93.575213">
        <ele>211.0</ele>
      </trkpt>
      <trkpt lat="41.584722" lon="-93.575342">
        <ele>211.0</ele>
      </trkpt>
      <trkpt lat="41.584706" lon="-93.575621">
        <ele>212.0</ele>
      </trkpt>
      <trkpt lat="41.584714" lon="-93.575749">
        <ele>212.0</ele>
      </trkpt>
      <trkpt lat="41.584955" lon="-93.576683">
        <ele>216.0</ele>
      </trkpt>
      <trkpt lat="41.585108" lon="-93.577713">
        <ele>218.9</ele>
      </trkpt>
      <trkpt lat="41.585135" lon="-93.578045">
        <ele>219.9</ele>
      </trkpt>
      <trkpt lat="41.585164" lon="-93.578732">
        <ele>221.0</ele>
      </trkpt>
      <trkpt lat="41.585175" lon="-93.57974">
        <ele>221.0</ele>
      </trkpt>
      <trkpt lat="41.585154" lon="-93.583163">
        <ele>213.0</ele>
      </trkpt>
      <trkpt lat="41.585154" lon="-93.586532">
        <ele>209.0</ele>
      </trkpt>
      <trkpt lat="41.585127" lon="-93.586982">
        <ele>209.0</ele>
      </trkpt>
      <trkpt lat="41.58513" lon="-93.590759">
        <ele>209.0</ele>
      </trkpt>
      <trkpt lat="41.585076" lon="-93.591789">
        <ele>208.0</ele>
      </trkpt>
      <trkpt lat="41.585028" lon="-93.592368">
        <ele>208.0</ele>
      </trkpt>
      <trkpt lat="41.584875" lon="-93.593752">
        <ele>208.0</ele>
      </trkpt>
      <trkpt lat="41.584802" lon="-93.594117">
        <ele>208.0</ele>
      </trkpt>
      <trkpt lat="41.584743" lon="-93.594847">
        <ele>207.0</ele>
      </trkpt>
      <trkpt lat="41.584719" lon="-93.595287">
        <ele>207.0</ele>
      </trkpt>
      <trkpt lat="41.58473" lon="-93.595962">
        <ele>207.0</ele>
      </trkpt>
      <trkpt lat="41.584631" lon="-93.596166">
        <ele>207.0</ele>
      </trkpt>
      <trkpt lat="41.58462" lon="-93.596231">
        <ele>207.0</ele>
      </trkpt>
      <trkpt lat="41.584633" lon="-93.596435">
        <ele>208.0</ele>
      </trkpt>
      <trkpt lat="41.584703" lon="-93.596724">
        <ele>208.3</ele>
      </trkpt>
      <trkpt lat="41.584706" lon="-93.596789">
        <ele>208.4</ele>
      </trkpt>
      <trkpt lat="41.584676" lon="-93.597518">
        <ele>209.0</ele>
      </trkpt>
      <trkpt lat="41.584577" lon="-93.598108">
        <ele>209.0</ele>
      </trkpt>
      <trkpt lat="41.58447" lon="-93.598494">
        <ele>208.0</ele>
      </trkpt>
      <trkpt lat="41.584387" lon="-93.598688">
        <ele>208.0</ele>
      </trkpt>
      <trkpt lat="41.584328" lon="-93.598891">
        <ele>207.0</ele>
      </trkpt>
      <trkpt lat="41.584089" lon="-93.599825">
        <ele>206.0</ele>
      </trkpt>
      <trkpt lat="41.583955" lon="-93.600608">
        <ele>206.0</ele>
      </trkpt>
      <trkpt lat="41.583528" lon="-93.602647">
        <ele>206.0</ele>
      </trkpt>
      <trkpt lat="41.583418" lon="-93.603247">
        <ele>206.0</ele>
      </trkpt>
      <trkpt lat="41.58326" lon="-93.603955">
        <ele>207.0</ele>
      </trkpt>
      <trkpt lat="41.582863" lon="-93.60594">
        <ele>208.0</ele>
      </trkpt>
      <trkpt lat="41.582734" lon="-93.606659">
        <ele>209.0</ele>
      </trkpt>
      <trkpt lat="41.582632" lon="-93.606917">
        <ele>209.0</ele>
      </trkpt>
      <trkpt lat="41.582461" lon="-93.607711">
        <ele>209.0</ele>
      </trkpt>
      <trkpt lat="41.582345" lon="-93.608344">
        <ele>209.0</ele>
      </trkpt>
      <trkpt lat="41.582163" lon="-93.609524">
        <ele>208.0</ele>
      </trkpt>
      <trkpt lat="41.582101" lon="-93.609717">
        <ele>208.0</ele>
      </trkpt>
      <trkpt lat="41.582056" lon="-93.610189">
        <ele>208.0</ele>
      </trkpt>
      <trkpt lat="41.58204" lon="-93.610693">
        <ele>208.0</ele>
      </trkpt>
      <trkpt lat="41.582077" lon="-93.611273">
        <ele>209.0</ele>
      </trkpt>
      <trkpt lat="41.582093" lon="-93.613182">
        <ele>212.0</ele>
      </trkpt>
      <trkpt lat="41.582128" lon="-93.613515">
        <ele>212.0</ele>
      </trkpt>
      <trkpt lat="41.582147" lon="-93.614116">
        <ele>212.0</ele>
      </trkpt>
      <trkpt lat="41.582147" lon="-93.6161">
        <ele>212.0</ele>
      </trkpt>
      <trkpt lat="41.582144" lon="-93.616401">
        <ele>212.0</ele>
      </trkpt>
      <trkpt lat="41.582128" lon="-93.616476">
        <ele>212.0</ele>
      </trkpt>
      <trkpt lat="41.582104" lon="-93.616497">
        <ele>212.0</ele>
      </trkpt>
      <trkpt lat="41.582077" lon="-93.616497">
        <ele>212.0</ele>
      </trkpt>
      <trkpt lat="41.582018" lon="-93.616465">
        <ele>212.0</ele>
      </trkpt>
      <trkpt lat="41.581847" lon="-93.61624">
        <ele>211.0</ele>
      </trkpt>
      <trkpt lat="41.581594" lon="-93.616058">
        <ele>210.0</ele>
      </trkpt>
      <trkpt lat="41.581471" lon="-93.615875">
        <ele>209.0</ele>
      </trkpt>
      <trkpt lat="41.581136" lon="-93.615521">
        <ele>209.0</ele>
      </trkpt>
      <trkpt lat="41.580894" lon="-93.615113">
        <ele>209.0</ele>
      </trkpt>
      <trkpt lat="41.580465" lon="-93.614255">
        <ele>208.0</ele>
      </trkpt>
      <trkpt lat="41.580312" lon="-93.614116">
        <ele>208.0</ele>
      </trkpt>
      <trkpt lat="41.580007" lon="-93.613633">
        <ele>209.0</ele>
      </trkpt>
      <trkpt lat="41.579926" lon="-93.613547">
        <ele>209.0</ele>
      </trkpt>
      <trkpt lat="41.579376" lon="-93.613204">
        <ele>209.4</ele>
      </trkpt>
      <trkpt lat="41.579186" lon="-93.613054">
        <ele>209.5</ele>
      </trkpt>
      <trkpt lat="41.578706" lon="-93.612721">
        <ele>209.8</ele>
      </trkpt>
      <trkpt lat="41.578671" lon="-93.612732">
        <ele>209.8</ele>
      </trkpt>
      <trkpt lat="41.578612" lon="-93.612807">
        <ele>209.9</ele>
      </trkpt>
      <trkpt lat="41.578617" lon="-93.612935">
        <ele>210.0</ele>
      </trkpt>
      <trkpt lat="41.57859" lon="-93.613096">
        <ele>211.0</ele>
      </trkpt>
      <trkpt lat="41.578604" lon="-93.613365">
        <ele>211.0</ele>
      </trkpt>
      <trkpt lat="41.578564" lon="-93.614008">
        <ele>211.0</ele>
      </trkpt>
      <trkpt lat="41.578523" lon="-93.614309">
        <ele>211.0</ele>
      </trkpt>
      <trkpt lat="41.578392" lon="-93.61491">
        <ele>211.0</ele>
      </trkpt>
      <trkpt lat="41.578209" lon="-93.615575">
        <ele>210.0</ele>
      </trkpt>
      <trkpt lat="41.578043" lon="-93.616058">
        <ele>210.0</ele>
      </trkpt>
      <trkpt lat="41.577767" lon="-93.616712">
        <ele>210.0</ele>
      </trkpt>
      <trkpt lat="41.577649" lon="-93.617109">
        <ele>209.0</ele>
      </trkpt>
      <trkpt lat="41.577485" lon="-93.617431">
        <ele>208.6</ele>
      </trkpt>
      <trkpt lat="41.577289" lon="-93.617721">
        <ele>208.0</ele>
      </trkpt>
      <trkpt lat="41.576855" lon="-93.618118">
        <ele>209.0</ele>
      </trkpt>
      <trkpt lat="41.576528" lon="-93.618525">
        <ele>210.0</ele>
      </trkpt>
      <trkpt lat="41.576227" lon="-93.618869">
        <ele>211.0</ele>
      </trkpt>
      <trkpt lat="41.576031" lon="-93.61904">
        <ele>211.0</ele>
      </trkpt>
      <trkpt lat="41.575753" lon="-93.61933">
        <ele>211.0</ele>
      </trkpt>
      <trkpt lat="41.575452" lon="-93.619598">
        <ele>212.0</ele>
      </trkpt>
      <trkpt lat="41.574967" lon="-93.620113">
        <ele>212.0</ele>
      </trkpt>
      <trkpt lat="41.574774" lon="-93.620349">
        <ele>211.0</ele>
      </trkpt>
      <trkpt lat="41.574377" lon="-93.620757">
        <ele>211.0</ele>
      </trkpt>
      <trkpt lat="41.574224" lon="-93.620886">
        <ele>211.0</ele>
      </trkpt>
      <trkpt lat="41.573918" lon="-93.621207">
        <ele>210.0</ele>
      </trkpt>
      <trkpt lat="41.573784" lon="-93.621261">
        <ele>210.0</ele>
      </trkpt>
      <trkpt lat="41.573652" lon="-93.621261">
        <ele>210.0</ele>
      </trkpt>
      <trkpt lat="41.57354" lon="-93.621315">
        <ele>210.0</ele>
      </trkpt>
      <trkpt lat="41.573457" lon="-93.621433">
        <ele>210.0</ele>
      </trkpt>
      <trkpt lat="41.573218" lon="-93.621862">
        <ele>211.0</ele>
      </trkpt>
      <trkpt lat="41.573033" lon="-93.622141">
        <ele>211.0</ele>
      </trkpt>
      <trkpt lat="41.572794" lon="-93.622473">
        <ele>211.0</ele>
      </trkpt>
      <trkpt lat="41.572311" lon="-93.623064">
        <ele>211.0</ele>
      </trkpt>
      <trkpt lat="41.571904" lon="-93.623686">
        <ele>211.0</ele>
      </trkpt>
      <trkpt lat="41.571512" lon="-93.624405">
        <ele>212.0</ele>
      </trkpt>
      <trkpt lat="41.571263" lon="-93.625123">
        <ele>213.0</ele>
      </trkpt>
      <trkpt lat="41.571118" lon="-93.625724">
        <ele>213.0</ele>
      </trkpt>
      <trkpt lat="41.570847" lon="-93.626668">
        <ele>212.0</ele>
      </trkpt>
      <trkpt lat="41.570664" lon="-93.627398">
        <ele>212.0</ele>
      </trkpt>
      <trkpt lat="41.570106" lon="-93.62978">
        <ele>212.0</ele>
      </trkpt>
      <trkpt lat="41.57008" lon="-93.629951">
        <ele>212.0</ele>
      </trkpt>
      <trkpt lat="41.570085" lon="-93.630048">
        <ele>212.0</ele>
      </trkpt>
      <trkpt lat="41.570141" lon="-93.630316">
        <ele>211.0</ele>
      </trkpt>
      <trkpt lat="41.570147" lon="-93.630423">
        <ele>211.0</ele>
      </trkpt>
      <trkpt lat="41.570131" lon="-93.630531">
        <ele>211.0</ele>
      </trkpt>
      <trkpt lat="41.569779" lon="-93.631797">
        <ele>210.0</ele>
      </trkpt>
      <trkpt lat="41.569283" lon="-93.633857">
        <ele>210.0</ele>
      </trkpt>
      <trkpt lat="41.569283" lon="-93.634039">
        <ele>210.0</ele>
      </trkpt>
      <trkpt lat="41.569315" lon="-93.634114">
        <ele>210.0</ele>
      </trkpt>
      <trkpt lat="41.569353" lon="-93.6342">
        <ele>210.0</ele>
      </trkpt>
      <trkpt lat="41.569559" lon="-93.634458">
        <ele>210.0</ele>
      </trkpt>
      <trkpt lat="41.56957" lon="-93.634511">
        <ele>210.0</ele>
      </trkpt>
      <trkpt lat="41.569546" lon="-93.634618">
        <ele>210.0</ele>
      </trkpt>
      <trkpt lat="41.569406" lon="-93.634855">
        <ele>210.0</ele>
      </trkpt>
      <trkpt lat="41.569321" lon="-93.635048">
        <ele>210.0</ele>
      </trkpt>
      <trkpt lat="41.569275" lon="-93.635251">
        <ele>210.0</ele>
      </trkpt>
      <trkpt lat="41.569272" lon="-93.635691">
        <ele>209.9</ele>
      </trkpt>
      <trkpt lat="41.569216" lon="-93.636657">
        <ele>209.7</ele>
      </trkpt>
      <trkpt lat="41.569144" lon="-93.637247">
        <ele>209.6</ele>
      </trkpt>
      <trkpt lat="41.568999" lon="-93.637987">
        <ele>209.5</ele>
      </trkpt>
      <trkpt lat="41.568886" lon="-93.638459">
        <ele>209.4</ele>
      </trkpt>
      <trkpt lat="41.568747" lon="-93.638942">
        <ele>209.3</ele>
      </trkpt>
      <trkpt lat="41.568414" lon="-93.639865">
        <ele>209.1</ele>
      </trkpt>
      <trkpt lat="41.56817" lon="-93.640423">
        <ele>209.0</ele>
      </trkpt>
      <trkpt lat="41.567937" lon="-93.640809">
        <ele>209.0</ele>
      </trkpt>
      <trkpt lat="41.567703" lon="-93.641378">
        <ele>209.0</ele>
      </trkpt>
      <trkpt lat="41.567537" lon="-93.641989">
        <ele>210.0</ele>
      </trkpt>
      <trkpt lat="41.567521" lon="-93.642161">
        <ele>210.0</ele>
      </trkpt>
      <trkpt lat="41.567526" lon="-93.642805">
        <ele>210.0</ele>
      </trkpt>
      <trkpt lat="41.56754" lon="-93.642998">
        <ele>209.0</ele>
      </trkpt>
      <trkpt lat="41.567577" lon="-93.64318">
        <ele>209.0</ele>
      </trkpt>
      <trkpt lat="41.567639" lon="-93.643352">
        <ele>209.0</ele>
      </trkpt>
      <trkpt lat="41.56769" lon="-93.643438">
        <ele>209.0</ele>
      </trkpt>
      <trkpt lat="41.567797" lon="-93.643599">
        <ele>209.0</ele>
      </trkpt>
      <trkpt lat="41.567918" lon="-93.643727">
        <ele>209.0</ele>
      </trkpt>
      <trkpt lat="41.568089" lon="-93.643867">
        <ele>209.0</ele>
      </trkpt>
      <trkpt lat="41.568205" lon="-93.643931">
        <ele>209.0</ele>
      </trkpt>
      <trkpt lat="41.568505" lon="-93.643995">
        <ele>209.0</ele>
      </trkpt>
      <trkpt lat="41.568803" lon="-93.644092">
        <ele>210.0</ele>
      </trkpt>
      <trkpt lat="41.568918" lon="-93.644156">
        <ele>210.0</ele>
      </trkpt>
      <trkpt lat="41.569138" lon="-93.644339">
        <ele>210.0</ele>
      </trkpt>
      <trkpt lat="41.569275" lon="-93.644414">
        <ele>209.0</ele>
      </trkpt>
      <trkpt lat="41.569514" lon="-93.6445">
        <ele>209.0</ele>
      </trkpt>
      <trkpt lat="41.569653" lon="-93.644575">
        <ele>209.0</ele>
      </trkpt>
      <trkpt lat="41.569771" lon="-93.644607">
        <ele>209.0</ele>
      </trkpt>
      <trkpt lat="41.569916" lon="-93.644596">
        <ele>208.0</ele>
      </trkpt>
      <trkpt lat="41.570002" lon="-93.644628">
        <ele>208.0</ele>
      </trkpt>
      <trkpt lat="41.570029" lon="-93.644661">
        <ele>207.9</ele>
      </trkpt>
      <trkpt lat="41.570047" lon="-93.644789">
        <ele>207.6</ele>
      </trkpt>
      <trkpt lat="41.570007" lon="-93.644929">
        <ele>207.4</ele>
      </trkpt>
      <trkpt lat="41.569997" lon="-93.645326">
        <ele>207.0</ele>
      </trkpt>
      <trkpt lat="41.569929" lon="-93.64554">
        <ele>207.0</ele>
      </trkpt>
      <trkpt lat="41.569929" lon="-93.64568">
        <ele>208.0</ele>
      </trkpt>
      <trkpt lat="41.56998" lon="-93.645787">
        <ele>208.0</ele>
      </trkpt>
      <trkpt lat="41.57005" lon="-93.645873">
        <ele>208.0</ele>
      </trkpt>
      <trkpt lat="41.570066" lon="-93.645927">
        <ele>209.0</ele>
      </trkpt>
      <trkpt lat="41.570053" lon="-93.646034">
        <ele>209.0</ele>
      </trkpt>
      <trkpt lat="41.570015" lon="-93.646098">
        <ele>209.0</ele>
      </trkpt>
      <trkpt lat="41.570029" lon="-93.646131">
        <ele>209.0</ele>
      </trkpt>
      <trkpt lat="41.57008" lon="-93.646184">
        <ele>210.0</ele>
      </trkpt>
      <trkpt lat="41.570257" lon="-93.646173">
        <ele>211.0</ele>
      </trkpt>
      <trkpt lat="41.570292" lon="-93.646195">
        <ele>211.0</ele>
      </trkpt>
      <trkpt lat="41.570329" lon="-93.646291">
        <ele>211.0</ele>
      </trkpt>
      <trkpt lat="41.57034" lon="-93.646463">
        <ele>212.0</ele>
      </trkpt>
      <trkpt lat="41.570351" lon="-93.646334">
        <ele>214.0</ele>
      </trkpt>
      <trkpt lat="41.570372" lon="-93.64627">
        <ele>215.0</ele>
      </trkpt>
      <trkpt lat="41.570294" lon="-93.646163">
        <ele>214.0</ele>
      </trkpt>
      <trkpt lat="41.570273" lon="-93.646152">
        <ele>214.0</ele>
      </trkpt>
      <trkpt lat="41.570085" lon="-93.646163">
        <ele>214.0</ele>
      </trkpt>
      <trkpt lat="41.570058" lon="-93.646152">
        <ele>214.0</ele>
      </trkpt>
      <trkpt lat="41.570031" lon="-93.646109">
        <ele>213.0</ele>
      </trkpt>
      <trkpt lat="41.57008" lon="-93.64598">
        <ele>213.0</ele>
      </trkpt>
      <trkpt lat="41.570085" lon="-93.645905">
        <ele>213.0</ele>
      </trkpt>
      <trkpt lat="41.570042" lon="-93.645819">
        <ele>212.0</ele>
      </trkpt>
      <trkpt lat="41.569986" lon="-93.645766">
        <ele>212.0</ele>
      </trkpt>
      <trkpt lat="41.569951" lon="-93.645691">
        <ele>212.0</ele>
      </trkpt>
      <trkpt lat="41.569967" lon="-93.645551">
        <ele>211.0</ele>
      </trkpt>
      <trkpt lat="41.570047" lon="-93.645304">
        <ele>209.7</ele>
      </trkpt>
      <trkpt lat="41.570058" lon="-93.645186">
        <ele>209.4</ele>
      </trkpt>
      <trkpt lat="41.570039" lon="-93.644961">
        <ele>208.7</ele>
      </trkpt>
      <trkpt lat="41.570047" lon="-93.644886">
        <ele>208.4</ele>
      </trkpt>
      <trkpt lat="41.569997" lon="-93.644757">
        <ele>208.0</ele>
      </trkpt>
      <trkpt lat="41.569935" lon="-93.644704">
        <ele>207.0</ele>
      </trkpt>
      <trkpt lat="41.56971" lon="-93.644661">
        <ele>205.0</ele>
      </trkpt>
      <trkpt lat="41.569519" lon="-93.644553">
        <ele>204.0</ele>
      </trkpt>
      <trkpt lat="41.569288" lon="-93.644468">
        <ele>204.0</ele>
      </trkpt>
      <trkpt lat="41.568993" lon="-93.644242">
        <ele>207.0</ele>
      </trkpt>
      <trkpt lat="41.568959" lon="-93.644232">
        <ele>207.0</ele>
      </trkpt>
      <trkpt lat="41.5689" lon="-93.644167">
        <ele>208.0</ele>
      </trkpt>
      <trkpt lat="41.568728" lon="-93.644071">
        <ele>209.0</ele>
      </trkpt>
      <trkpt lat="41.568478" lon="-93.643995">
        <ele>209.0</ele>
      </trkpt>
      <trkpt lat="41.568395" lon="-93.643995">
        <ele>209.0</ele>
      </trkpt>
      <trkpt lat="41.568151" lon="-93.643931">
        <ele>209.0</ele>
      </trkpt>
      <trkpt lat="41.567942" lon="-93.643759">
        <ele>209.0</ele>
      </trkpt>
      <trkpt lat="41.567676" lon="-93.643438">
        <ele>208.0</ele>
      </trkpt>
      <trkpt lat="41.567601" lon="-93.643266">
        <ele>208.0</ele>
      </trkpt>
      <trkpt lat="41.567529" lon="-93.642955">
        <ele>209.0</ele>
      </trkpt>
      <trkpt lat="41.567521" lon="-93.64244">
        <ele>210.0</ele>
      </trkpt>
      <trkpt lat="41.567532" lon="-93.642172">
        <ele>210.0</ele>
      </trkpt>
      <trkpt lat="41.567558" lon="-93.642">
        <ele>211.0</ele>
      </trkpt>
      <trkpt lat="41.567719" lon="-93.641421">
        <ele>210.0</ele>
      </trkpt>
      <trkpt lat="41.567872" lon="-93.641024">
        <ele>210.0</ele>
      </trkpt>
      <trkpt lat="41.567953" lon="-93.640852">
        <ele>210.0</ele>
      </trkpt>
      <trkpt lat="41.568087" lon="-93.640637">
        <ele>210.0</ele>
      </trkpt>
      <trkpt lat="41.568331" lon="-93.640112">
        <ele>210.1</ele>
      </trkpt>
      <trkpt lat="41.568476" lon="-93.639758">
        <ele>210.2</ele>
      </trkpt>
      <trkpt lat="41.568803" lon="-93.638856">
        <ele>210.3</ele>
      </trkpt>
      <trkpt lat="41.568991" lon="-93.638148">
        <ele>210.4</ele>
      </trkpt>
      <trkpt lat="41.569119" lon="-93.637505">
        <ele>210.6</ele>
      </trkpt>
      <trkpt lat="41.569216" lon="-93.636711">
        <ele>210.7</ele>
      </trkpt>
      <trkpt lat="41.569272" lon="-93.63611">
        <ele>210.8</ele>
      </trkpt>
      <trkpt lat="41.569291" lon="-93.635724">
        <ele>210.9</ele>
      </trkpt>
      <trkpt lat="41.569288" lon="-93.635251">
        <ele>210.9</ele>
      </trkpt>
      <trkpt lat="41.569318" lon="-93.635091">
        <ele>211.0</ele>
      </trkpt>
      <trkpt lat="41.569353" lon="-93.634994">
        <ele>211.0</ele>
      </trkpt>
      <trkpt lat="41.569401" lon="-93.634887">
        <ele>211.0</ele>
      </trkpt>
      <trkpt lat="41.569538" lon="-93.634672">
        <ele>212.0</ele>
      </trkpt>
      <trkpt lat="41.569578" lon="-93.634565">
        <ele>212.0</ele>
      </trkpt>
      <trkpt lat="41.569554" lon="-93.634458">
        <ele>212.0</ele>
      </trkpt>
      <trkpt lat="41.569441" lon="-93.634329">
        <ele>212.0</ele>
      </trkpt>
      <trkpt lat="41.569342" lon="-93.634168">
        <ele>212.0</ele>
      </trkpt>
      <trkpt lat="41.569307" lon="-93.634071">
        <ele>213.0</ele>
      </trkpt>
      <trkpt lat="41.569299" lon="-93.63391">
        <ele>213.0</ele>
      </trkpt>
      <trkpt lat="41.569433" lon="-93.633224">
        <ele>213.0</ele>
      </trkpt>
      <trkpt lat="41.569524" lon="-93.632848">
        <ele>213.0</ele>
      </trkpt>
      <trkpt lat="41.569897" lon="-93.631378">
        <ele>212.0</ele>
      </trkpt>
      <trkpt lat="41.570077" lon="-93.630788">
        <ele>211.0</ele>
      </trkpt>
      <trkpt lat="41.570139" lon="-93.630531">
        <ele>211.0</ele>
      </trkpt>
      <trkpt lat="41.570157" lon="-93.630391">
        <ele>211.0</ele>
      </trkpt>
      <trkpt lat="41.570093" lon="-93.630069">
        <ele>211.0</ele>
      </trkpt>
      <trkpt lat="41.570093" lon="-93.629941">
        <ele>211.0</ele>
      </trkpt>
      <trkpt lat="41.570211" lon="-93.629458">
        <ele>212.0</ele>
      </trkpt>
      <trkpt lat="41.570267" lon="-93.629136">
        <ele>212.0</ele>
      </trkpt>
      <trkpt lat="41.57042" lon="-93.628471">
        <ele>213.0</ele>
      </trkpt>
      <trkpt lat="41.570839" lon="-93.626808">
        <ele>214.0</ele>
      </trkpt>
      <trkpt lat="41.571043" lon="-93.626121">
        <ele>215.0</ele>
      </trkpt>
      <trkpt lat="41.571249" lon="-93.625284">
        <ele>216.0</ele>
      </trkpt>
      <trkpt lat="41.571415" lon="-93.624737">
        <ele>217.0</ele>
      </trkpt>
      <trkpt lat="41.571584" lon="-93.624319">
        <ele>217.0</ele>
      </trkpt>
      <trkpt lat="41.571751" lon="-93.623975">
        <ele>217.0</ele>
      </trkpt>
      <trkpt lat="41.572239" lon="-93.623171">
        <ele>216.0</ele>
      </trkpt>
      <trkpt lat="41.572609" lon="-93.622731">
        <ele>214.0</ele>
      </trkpt>
      <trkpt lat="41.573046" lon="-93.622141">
        <ele>214.0</ele>
      </trkpt>
      <trkpt lat="41.573204" lon="-93.621905">
        <ele>214.0</ele>
      </trkpt>
      <trkpt lat="41.573534" lon="-93.621336">
        <ele>214.0</ele>
      </trkpt>
      <trkpt lat="41.573585" lon="-93.621283">
        <ele>214.0</ele>
      </trkpt>
      <trkpt lat="41.573647" lon="-93.62125">
        <ele>213.0</ele>
      </trkpt>
      <trkpt lat="41.573872" lon="-93.621207">
        <ele>213.0</ele>
      </trkpt>
      <trkpt lat="41.573998" lon="-93.621122">
        <ele>213.0</ele>
      </trkpt>
      <trkpt lat="41.57417" lon="-93.620928">
        <ele>213.0</ele>
      </trkpt>
      <trkpt lat="41.574776" lon="-93.620338">
        <ele>212.0</ele>
      </trkpt>
      <trkpt lat="41.575264" lon="-93.61978">
        <ele>212.0</ele>
      </trkpt>
      <trkpt lat="41.575879" lon="-93.619169">
        <ele>212.0</ele>
      </trkpt>
      <trkpt lat="41.576074" lon="-93.619008">
        <ele>212.0</ele>
      </trkpt>
      <trkpt lat="41.57649" lon="-93.618579">
        <ele>212.0</ele>
      </trkpt>
      <trkpt lat="41.576638" lon="-93.618396">
        <ele>212.0</ele>
      </trkpt>
      <trkpt lat="41.576681" lon="-93.618321">
        <ele>212.0</ele>
      </trkpt>
      <trkpt lat="41.577008" lon="-93.617978">
        <ele>212.0</ele>
      </trkpt>
      <trkpt lat="41.577158" lon="-93.617849">
        <ele>212.0</ele>
      </trkpt>
      <trkpt lat="41.577378" lon="-93.617624">
        <ele>212.0</ele>
      </trkpt>
      <trkpt lat="41.577542" lon="-93.617399">
        <ele>212.0</ele>
      </trkpt>
      <trkpt lat="41.577633" lon="-93.617238">
        <ele>212.0</ele>
      </trkpt>
      <trkpt lat="41.577703" lon="-93.617066">
        <ele>212.0</ele>
      </trkpt>
      <trkpt lat="41.577847" lon="-93.616594">
        <ele>213.0</ele>
      </trkpt>
      <trkpt lat="41.577882" lon="-93.61653">
        <ele>213.0</ele>
      </trkpt>
      <trkpt lat="41.578199" lon="-93.61565">
        <ele>214.0</ele>
      </trkpt>
      <trkpt lat="41.578279" lon="-93.615392">
        <ele>214.0</ele>
      </trkpt>
      <trkpt lat="41.578486" lon="-93.614577">
        <ele>214.0</ele>
      </trkpt>
      <trkpt lat="41.578612" lon="-93.613783">
        <ele>214.0</ele>
      </trkpt>
      <trkpt lat="41.578617" lon="-93.612732">
        <ele>212.0</ele>
      </trkpt>
      <trkpt lat="41.578604" lon="-93.612678">
        <ele>212.0</ele>
      </trkpt>
      <trkpt lat="41.578564" lon="-93.612646">
        <ele>212.0</ele>
      </trkpt>
      <trkpt lat="41.578472" lon="-93.612624">
        <ele>212.0</ele>
      </trkpt>
      <trkpt lat="41.578263" lon="-93.612539">
        <ele>212.0</ele>
      </trkpt>
      <trkpt lat="41.578137" lon="-93.612539">
        <ele>212.0</ele>
      </trkpt>
      <trkpt lat="41.577603" lon="-93.612753">
        <ele>210.0</ele>
      </trkpt>
      <trkpt lat="41.576176" lon="-93.613418">
        <ele>209.0</ele>
      </trkpt>
      <trkpt lat="41.575932" lon="-93.613515">
        <ele>209.0</ele>
      </trkpt>
      <trkpt lat="41.575889" lon="-93.613547">
        <ele>209.0</ele>
      </trkpt>
      <trkpt lat="41.575814" lon="-93.613536">
        <ele>209.0</ele>
      </trkpt>
      <trkpt lat="41.575712" lon="-93.613547">
        <ele>210.0</ele>
      </trkpt>
      <trkpt lat="41.575651" lon="-93.613472">
        <ele>210.0</ele>
      </trkpt>
      <trkpt lat="41.575514" lon="-93.612882">
        <ele>211.0</ele>
      </trkpt>
      <trkpt lat="41.575192" lon="-93.611637">
        <ele>212.0</ele>
      </trkpt>
      <trkpt lat="41.575144" lon="-93.611369">
        <ele>212.0</ele>
      </trkpt>
      <trkpt lat="41.574921" lon="-93.610532">
        <ele>211.0</ele>
      </trkpt>
      <trkpt lat="41.574709" lon="-93.60961">
        <ele>212.0</ele>
      </trkpt>
      <trkpt lat="41.574513" lon="-93.608526">
        <ele>214.0</ele>
      </trkpt>
      <trkpt lat="41.57417" lon="-93.606788">
        <ele>214.0</ele>
      </trkpt>
      <trkpt lat="41.574124" lon="-93.606412">
        <ele>214.0</ele>
      </trkpt>
      <trkpt lat="41.5741" lon="-93.605382">
        <ele>214.0</ele>
      </trkpt>
      <trkpt lat="41.574076" lon="-93.605329">
        <ele>214.0</ele>
      </trkpt>
      <trkpt lat="41.574028" lon="-93.605286">
        <ele>214.0</ele>
      </trkpt>
      <trkpt lat="41.573964" lon="-93.605275">
        <ele>214.0</ele>
      </trkpt>
      <trkpt lat="41.57354" lon="-93.605286">
        <ele>215.0</ele>
      </trkpt>
      <trkpt lat="41.573381" lon="-93.605307">
        <ele>215.0</ele>
      </trkpt>
      <trkpt lat="41.573339" lon="-93.605329">
        <ele>215.0</ele>
      </trkpt>
      <trkpt lat="41.573194" lon="-93.605339">
        <ele>215.0</ele>
      </trkpt>
      <trkpt lat="41.573076" lon="-93.605329">
        <ele>216.0</ele>
      </trkpt>
      <trkpt lat="41.573049" lon="-93.605307">
        <ele>216.0</ele>
      </trkpt>
      <trkpt lat="41.572727" lon="-93.605297">
        <ele>217.0</ele>
      </trkpt>
      <trkpt lat="41.570643" lon="-93.605307">
        <ele>220.0</ele>
      </trkpt>
      <trkpt lat="41.570393" lon="-93.605275">
        <ele>220.0</ele>
      </trkpt>
      <trkpt lat="41.570066" lon="-93.605275">
        <ele>219.0</ele>
      </trkpt>
      <trkpt lat="41.570015" lon="-93.605254">
        <ele>219.0</ele>
      </trkpt>
      <trkpt lat="41.569986" lon="-93.6052">
        <ele>219.0</ele>
      </trkpt>
      <trkpt lat="41.569951" lon="-93.605061">
        <ele>219.0</ele>
      </trkpt>
      <trkpt lat="41.569959" lon="-93.604267">
        <ele>218.0</ele>
      </trkpt>
      <trkpt lat="41.569943" lon="-93.602217">
        <ele>214.0</ele>
      </trkpt>
      <trkpt lat="41.569913" lon="-93.601949">
        <ele>214.0</ele>
      </trkpt>
      <trkpt lat="41.569814" lon="-93.601563">
        <ele>215.0</ele>
      </trkpt>
      <trkpt lat="41.569771" lon="-93.601316">
        <ele>216.0</ele>
      </trkpt>
      <trkpt lat="41.569752" lon="-93.600898">
        <ele>216.0</ele>
      </trkpt>
      <trkpt lat="41.569744" lon="-93.59872">
        <ele>215.0</ele>
      </trkpt>
      <trkpt lat="41.56976" lon="-93.597379">
        <ele>215.0</ele>
      </trkpt>
      <trkpt lat="41.569758" lon="-93.597175">
        <ele>214.0</ele>
      </trkpt>
      <trkpt lat="41.569736" lon="-93.597068">
        <ele>213.0</ele>
      </trkpt>
      <trkpt lat="41.569734" lon="-93.59695">
        <ele>213.0</ele>
      </trkpt>
      <trkpt lat="41.569763" lon="-93.596724">
        <ele>212.0</ele>
      </trkpt>
      <trkpt lat="41.569903" lon="-93.595984">
        <ele>212.0</ele>
      </trkpt>
      <trkpt lat="41.569943" lon="-93.595158">
        <ele>212.0</ele>
      </trkpt>
      <trkpt lat="41.569943" lon="-93.591585">
        <ele>212.0</ele>
      </trkpt>
      <trkpt lat="41.56997" lon="-93.590523">
        <ele>213.0</ele>
      </trkpt>
      <trkpt lat="41.570031" lon="-93.589783">
        <ele>214.0</ele>
      </trkpt>
      <trkpt lat="41.57016" lon="-93.588946">
        <ele>216.0</ele>
      </trkpt>
      <trkpt lat="41.570219" lon="-93.58871">
        <ele>216.0</ele>
      </trkpt>
      <trkpt lat="41.570351" lon="-93.587959">
        <ele>214.0</ele>
      </trkpt>
      <trkpt lat="41.570568" lon="-93.587176">
        <ele>211.0</ele>
      </trkpt>
      <trkpt lat="41.570807" lon="-93.586156">
        <ele>211.0</ele>
      </trkpt>
      <trkpt lat="41.570882" lon="-93.585427">
        <ele>211.0</ele>
      </trkpt>
      <trkpt lat="41.570866" lon="-93.585105">
        <ele>212.0</ele>
      </trkpt>
      <trkpt lat="41.570801" lon="-93.584686">
        <ele>212.0</ele>
      </trkpt>
      <trkpt lat="41.57052" lon="-93.583431">
        <ele>214.0</ele>
      </trkpt>
      <trkpt lat="41.570345" lon="-93.582551">
        <ele>215.0</ele>
      </trkpt>
      <trkpt lat="41.570131" lon="-93.581639">
        <ele>218.0</ele>
      </trkpt>
      <trkpt lat="41.569913" lon="-93.580846">
        <ele>220.0</ele>
      </trkpt>
      <trkpt lat="41.569498" lon="-93.57974">
        <ele>219.0</ele>
      </trkpt>
      <trkpt lat="41.568972" lon="-93.578496">
        <ele>216.0</ele>
      </trkpt>
      <trkpt lat="41.568476" lon="-93.577466">
        <ele>215.0</ele>
      </trkpt>
      <trkpt lat="41.568312" lon="-93.577176">
        <ele>216.0</ele>
      </trkpt>
      <trkpt lat="41.568068" lon="-93.576683">
        <ele>216.0</ele>
      </trkpt>
      <trkpt lat="41.567666" lon="-93.575975">
        <ele>216.0</ele>
      </trkpt>
      <trkpt lat="41.566561" lon="-93.574161">
        <ele>213.0</ele>
      </trkpt>
      <trkpt lat="41.566376" lon="-93.57399">
        <ele>213.0</ele>
      </trkpt>
      <trkpt lat="41.566252" lon="-93.57385">
        <ele>213.0</ele>
      </trkpt>
      <trkpt lat="41.565954" lon="-93.573722">
        <ele>214.0</ele>
      </trkpt>
      <trkpt lat="41.565922" lon="-93.573722">
        <ele>214.0</ele>
      </trkpt>
      <trkpt lat="41.565895" lon="-93.573689">
        <ele>215.0</ele>
      </trkpt>
      <trkpt lat="41.565802" lon="-93.573668">
        <ele>216.0</ele>
      </trkpt>
      <trkpt lat="41.565633" lon="-93.573561">
        <ele>217.0</ele>
      </trkpt>
      <trkpt lat="41.565512" lon="-93.573453">
        <ele>217.0</ele>
      </trkpt>
      <trkpt lat="41.565163" lon="-93.573067">
        <ele>219.0</ele>
      </trkpt>
      <trkpt lat="41.564882" lon="-93.572692">
        <ele>219.0</ele>
      </trkpt>
      <trkpt lat="41.564495" lon="-93.57223">
        <ele>217.0</ele>
      </trkpt>
      <trkpt lat="41.563999" lon="-93.571479">
        <ele>216.0</ele>
      </trkpt>
      <trkpt lat="41.563691" lon="-93.570964">
        <ele>216.0</ele>
      </trkpt>
      <trkpt lat="41.563275" lon="-93.570192">
        <ele>214.0</ele>
      </trkpt>
      <trkpt lat="41.562806" lon="-93.569591">
        <ele>212.0</ele>
      </trkpt>
      <trkpt lat="41.562548" lon="-93.569151">
        <ele>212.0</ele>
      </trkpt>
      <trkpt lat="41.562036" lon="-93.568443">
        <ele>212.0</ele>
      </trkpt>
      <trkpt lat="41.561577" lon="-93.567713">
        <ele>212.0</ele>
      </trkpt>
      <trkpt lat="41.561161" lon="-93.567134">
        <ele>213.0</ele>
      </trkpt>
      <trkpt lat="41.560488" lon="-93.566093">
        <ele>214.0</ele>
      </trkpt>
      <trkpt lat="41.560322" lon="-93.565911">
        <ele>214.0</ele>
      </trkpt>
      <trkpt lat="41.560209" lon="-93.565814">
        <ele>215.0</ele>
      </trkpt>
      <trkpt lat="41.559847" lon="-93.565557">
        <ele>216.0</ele>
      </trkpt>
      <trkpt lat="41.559461" lon="-93.565321">
        <ele>216.0</ele>
      </trkpt>
      <trkpt lat="41.559423" lon="-93.565278">
        <ele>216.0</ele>
      </trkpt>
      <trkpt lat="41.559099" lon="-93.565063">
        <ele>216.0</ele>
      </trkpt>
      <trkpt lat="41.558949" lon="-93.564945">
        <ele>217.0</ele>
      </trkpt>
      <trkpt lat="41.55879" lon="-93.56487">
        <ele>217.0</ele>
      </trkpt>
      <trkpt lat="41.558557" lon="-93.56487">
        <ele>218.0</ele>
      </trkpt>
      <trkpt lat="41.558377" lon="-93.564978">
        <ele>219.0</ele>
      </trkpt>
      <trkpt lat="41.558248" lon="-93.565117">
        <ele>219.0</ele>
      </trkpt>
      <trkpt lat="41.558168" lon="-93.565257">
        <ele>218.0</ele>
      </trkpt>
      <trkpt lat="41.558063" lon="-93.565557">
        <ele>218.0</ele>
      </trkpt>
      <trkpt lat="41.558007" lon="-93.565879">
        <ele>217.0</ele>
      </trkpt>
      <trkpt lat="41.558018" lon="-93.56604">
        <ele>216.0</ele>
      </trkpt>
      <trkpt lat="41.558053" lon="-93.566168">
        <ele>216.0</ele>
      </trkpt>
      <trkpt lat="41.558216" lon="-93.566533">
        <ele>215.0</ele>
      </trkpt>
      <trkpt lat="41.558289" lon="-93.566801">
        <ele>214.0</ele>
      </trkpt>
      <trkpt lat="41.558313" lon="-93.566995">
        <ele>213.0</ele>
      </trkpt>
      <trkpt lat="41.558302" lon="-93.567327">
        <ele>214.0</ele>
      </trkpt>
      <trkpt lat="41.558224" lon="-93.567907">
        <ele>216.0</ele>
      </trkpt>
      <trkpt lat="41.55816" lon="-93.568164">
        <ele>217.0</ele>
      </trkpt>
      <trkpt lat="41.558023" lon="-93.568389">
        <ele>217.0</ele>
      </trkpt>
      <trkpt lat="41.557961" lon="-93.568464">
        <ele>217.1</ele>
      </trkpt>
      <trkpt lat="41.557527" lon="-93.568861">
        <ele>217.8</ele>
      </trkpt>
      <trkpt lat="41.557339" lon="-93.568969">
        <ele>219.0</ele>
      </trkpt>
      <trkpt lat="41.557227" lon="-93.569065">
        <ele>219.0</ele>
      </trkpt>
      <trkpt lat="41.557076" lon="-93.569226">
        <ele>220.0</ele>
      </trkpt>
      <trkpt lat="41.556875" lon="-93.569505">
        <ele>222.0</ele>
      </trkpt>
      <trkpt lat="41.55673" lon="-93.569655">
        <ele>222.0</ele>
      </trkpt>
      <trkpt lat="41.556607" lon="-93.569698">
        <ele>223.0</ele>
      </trkpt>
      <trkpt lat="41.556489" lon="-93.56972">
        <ele>223.0</ele>
      </trkpt>
      <trkpt lat="41.556089" lon="-93.569698">
        <ele>224.0</ele>
      </trkpt>
      <trkpt lat="41.556044" lon="-93.569677">
        <ele>224.0</ele>
      </trkpt>
      <trkpt lat="41.555936" lon="-93.569666">
        <ele>224.0</ele>
      </trkpt>
      <trkpt lat="41.555826" lon="-93.569612">
        <ele>224.0</ele>
      </trkpt>
      <trkpt lat="41.555633" lon="-93.569452">
        <ele>224.0</ele>
      </trkpt>
      <trkpt lat="41.555462" lon="-93.569226">
        <ele>225.0</ele>
      </trkpt>
      <trkpt lat="41.55537" lon="-93.56913">
        <ele>225.0</ele>
      </trkpt>
      <trkpt lat="41.555285" lon="-93.56899">
        <ele>225.0</ele>
      </trkpt>
      <trkpt lat="41.555145" lon="-93.568701">
        <ele>225.0</ele>
      </trkpt>
      <trkpt lat="41.55499" lon="-93.56854">
        <ele>225.0</ele>
      </trkpt>
      <trkpt lat="41.554791" lon="-93.568497">
        <ele>225.0</ele>
      </trkpt>
      <trkpt lat="41.554585" lon="-93.568507">
        <ele>225.0</ele>
      </trkpt>
      <trkpt lat="41.554375" lon="-93.568486">
        <ele>224.0</ele>
      </trkpt>
      <trkpt lat="41.554185" lon="-93.568443">
        <ele>223.0</ele>
      </trkpt>
      <trkpt lat="41.554121" lon="-93.568411">
        <ele>223.0</ele>
      </trkpt>
      <trkpt lat="41.553571" lon="-93.568336">
        <ele>224.0</ele>
      </trkpt>
      <trkpt lat="41.553064" lon="-93.568196">
        <ele>225.0</ele>
      </trkpt>
      <trkpt lat="41.552895" lon="-93.568207">
        <ele>226.0</ele>
      </trkpt>
      <trkpt lat="41.552621" lon="-93.568304">
        <ele>226.0</ele>
      </trkpt>
      <trkpt lat="41.552511" lon="-93.568304">
        <ele>225.0</ele>
      </trkpt>
      <trkpt lat="41.552452" lon="-93.568282">
        <ele>225.0</ele>
      </trkpt>
      <trkpt lat="41.552235" lon="-93.568132">
        <ele>225.0</ele>
      </trkpt>
      <trkpt lat="41.551977" lon="-93.567864">
        <ele>225.0</ele>
      </trkpt>
      <trkpt lat="41.55179" lon="-93.567638">
        <ele>225.0</ele>
      </trkpt>
      <trkpt lat="41.551626" lon="-93.567381">
        <ele>225.0</ele>
      </trkpt>
      <trkpt lat="41.55153" lon="-93.567295">
        <ele>224.0</ele>
      </trkpt>
      <trkpt lat="41.551476" lon="-93.567252">
        <ele>224.0</ele>
      </trkpt>
      <trkpt lat="41.551302" lon="-93.567166">
        <ele>224.0</ele>
      </trkpt>
      <trkpt lat="41.550934" lon="-93.567027">
        <ele>224.0</ele>
      </trkpt>
      <trkpt lat="41.550736" lon="-93.567016">
        <ele>224.0</ele>
      </trkpt>
      <trkpt lat="41.550677" lon="-93.567038">
        <ele>224.0</ele>
      </trkpt>
      <trkpt lat="41.550561" lon="-93.567102">
        <ele>224.0</ele>
      </trkpt>
      <trkpt lat="41.550255" lon="-93.567359">
        <ele>223.0</ele>
      </trkpt>
      <trkpt lat="41.550044" lon="-93.567467">
        <ele>223.0</ele>
      </trkpt>
      <trkpt lat="41.549488" lon="-93.567488">
        <ele>225.0</ele>
      </trkpt>
      <trkpt lat="41.549126" lon="-93.567488">
        <ele>226.0</ele>
      </trkpt>
      <trkpt lat="41.549024" lon="-93.567467">
        <ele>227.0</ele>
      </trkpt>
      <trkpt lat="41.548952" lon="-93.56737">
        <ele>227.0</ele>
      </trkpt>
      <trkpt lat="41.548925" lon="-93.56722">
        <ele>227.0</ele>
      </trkpt>
      <trkpt lat="41.548939" lon="-93.566147">
        <ele>227.0</ele>
      </trkpt>
      <trkpt lat="41.548936" lon="-93.56605">
        <ele>227.0</ele>
      </trkpt>
      <trkpt lat="41.548909" lon="-93.565965">
        <ele>227.0</ele>
      </trkpt>
      <trkpt lat="41.548861" lon="-93.5659">
        <ele>227.0</ele>
      </trkpt>
      <trkpt lat="41.548799" lon="-93.565857">
        <ele>227.0</ele>
      </trkpt>
      <trkpt lat="41.548279" lon="-93.5659">
        <ele>227.0</ele>
      </trkpt>
      <trkpt lat="41.548166" lon="-93.565847">
        <ele>227.0</ele>
      </trkpt>
      <trkpt lat="41.54812" lon="-93.565793">
        <ele>227.0</ele>
      </trkpt>
      <trkpt lat="41.548096" lon="-93.565718">
        <ele>227.0</ele>
      </trkpt>
      <trkpt lat="41.54808" lon="-93.564956">
        <ele>226.0</ele>
      </trkpt>
      <trkpt lat="41.548067" lon="-93.560128">
        <ele>223.0</ele>
      </trkpt>
      <trkpt lat="41.548056" lon="-93.559946">
        <ele>223.0</ele>
      </trkpt>
      <trkpt lat="41.547925" lon="-93.559281">
        <ele>223.0</ele>
      </trkpt>
      <trkpt lat="41.547879" lon="-93.559195">
        <ele>223.0</ele>
      </trkpt>
      <trkpt lat="41.547833" lon="-93.559152">
        <ele>223.0</ele>
      </trkpt>
      <trkpt lat="41.547758" lon="-93.559152">
        <ele>223.0</ele>
      </trkpt>
      <trkpt lat="41.547699" lon="-93.559173">
        <ele>223.0</ele>
      </trkpt>
      <trkpt lat="41.547501" lon="-93.559313">
        <ele>222.0</ele>
      </trkpt>
      <trkpt lat="41.547321" lon="-93.559474">
        <ele>222.0</ele>
      </trkpt>
      <trkpt lat="41.547284" lon="-93.55957">
        <ele>222.0</ele>
      </trkpt>
      <trkpt lat="41.547318" lon="-93.560257">
        <ele>221.0</ele>
      </trkpt>
      <trkpt lat="41.547281" lon="-93.560193">
        <ele>221.0</ele>
      </trkpt>
      <trkpt lat="41.547243" lon="-93.559012">
        <ele>224.0</ele>
      </trkpt>
      <trkpt lat="41.547184" lon="-93.558862">
        <ele>224.0</ele>
      </trkpt>
      <trkpt lat="41.546946" lon="-93.558562">
        <ele>224.0</ele>
      </trkpt>
      <trkpt lat="41.546876" lon="-93.558401">
        <ele>224.0</ele>
      </trkpt>
      <trkpt lat="41.546857" lon="-93.558208">
        <ele>224.0</ele>
      </trkpt>
      <trkpt lat="41.546865" lon="-93.557929">
        <ele>223.0</ele>
      </trkpt>
      <trkpt lat="41.546828" lon="-93.557746">
        <ele>223.0</ele>
      </trkpt>
      <trkpt lat="41.546766" lon="-93.557585">
        <ele>223.0</ele>
      </trkpt>
      <trkpt lat="41.546125" lon="-93.556223">
        <ele>222.0</ele>
      </trkpt>
      <trkpt lat="41.545996" lon="-93.555998">
        <ele>222.0</ele>
      </trkpt>
      <trkpt lat="41.545409" lon="-93.554742">
        <ele>222.0</ele>
      </trkpt>
      <trkpt lat="41.545044" lon="-93.554002">
        <ele>222.0</ele>
      </trkpt>
      <trkpt lat="41.544934" lon="-93.553755">
        <ele>222.0</ele>
      </trkpt>
      <trkpt lat="41.544794" lon="-93.553294">
        <ele>222.4</ele>
      </trkpt>
      <trkpt lat="41.544642" lon="-93.552972">
        <ele>223.2</ele>
      </trkpt>
      <trkpt lat="41.544601" lon="-93.552918">
        <ele>223.3</ele>
      </trkpt>
      <trkpt lat="41.54455" lon="-93.552886">
        <ele>223.5</ele>
      </trkpt>
      <trkpt lat="41.544384" lon="-93.552854">
        <ele>224.0</ele>
      </trkpt>
      <trkpt lat="41.544339" lon="-93.552811">
        <ele>224.0</ele>
      </trkpt>
      <trkpt lat="41.544282" lon="-93.552704">
        <ele>224.0</ele>
      </trkpt>
      <trkpt lat="41.544145" lon="-93.55236">
        <ele>224.0</ele>
      </trkpt>
      <trkpt lat="41.544113" lon="-93.551996">
        <ele>224.0</ele>
      </trkpt>
      <trkpt lat="41.544057" lon="-93.551727">
        <ele>224.0</ele>
      </trkpt>
      <trkpt lat="41.544009" lon="-93.551567">
        <ele>224.0</ele>
      </trkpt>
      <trkpt lat="41.543904" lon="-93.551352">
        <ele>224.0</ele>
      </trkpt>
      <trkpt lat="41.543824" lon="-93.551223">
        <ele>225.0</ele>
      </trkpt>
      <trkpt lat="41.543362" lon="-93.550655">
        <ele>224.0</ele>
      </trkpt>
      <trkpt lat="41.543295" lon="-93.55059">
        <ele>224.0</ele>
      </trkpt>
      <trkpt lat="41.543145" lon="-93.550537">
        <ele>224.0</ele>
      </trkpt>
      <trkpt lat="41.543064" lon="-93.550537">
        <ele>224.0</ele>
      </trkpt>
      <trkpt lat="41.542912" lon="-93.550579">
        <ele>224.0</ele>
      </trkpt>
      <trkpt lat="41.542775" lon="-93.550655">
        <ele>224.0</ele>
      </trkpt>
      <trkpt lat="41.542641" lon="-93.550665">
        <ele>223.0</ele>
      </trkpt>
      <trkpt lat="41.542504" lon="-93.550644">
        <ele>223.0</ele>
      </trkpt>
      <trkpt lat="41.541898" lon="-93.55074">
        <ele>222.0</ele>
      </trkpt>
      <trkpt lat="41.54157" lon="-93.55074">
        <ele>222.0</ele>
      </trkpt>
      <trkpt lat="41.541273" lon="-93.550676">
        <ele>223.0</ele>
      </trkpt>
      <trkpt lat="41.541058" lon="-93.550569">
        <ele>223.0</ele>
      </trkpt>
      <trkpt lat="41.540903" lon="-93.550472">
        <ele>223.0</ele>
      </trkpt>
      <trkpt lat="41.540696" lon="-93.550386">
        <ele>223.0</ele>
      </trkpt>
      <trkpt lat="41.540299" lon="-93.550172">
        <ele>223.0</ele>
      </trkpt>
      <trkpt lat="41.539368" lon="-93.549313">
        <ele>222.0</ele>
      </trkpt>
      <trkpt lat="41.539242" lon="-93.549217">
        <ele>222.0</ele>
      </trkpt>
      <trkpt lat="41.539106" lon="-93.549163">
        <ele>222.0</ele>
      </trkpt>
      <trkpt lat="41.538735" lon="-93.549142">
        <ele>223.0</ele>
      </trkpt>
      <trkpt lat="41.538566" lon="-93.549153">
        <ele>223.0</ele>
      </trkpt>
      <trkpt lat="41.538456" lon="-93.549195">
        <ele>224.0</ele>
      </trkpt>
      <trkpt lat="41.538282" lon="-93.549399">
        <ele>225.0</ele>
      </trkpt>
      <trkpt lat="41.538159" lon="-93.549453">
        <ele>225.0</ele>
      </trkpt>
      <trkpt lat="41.538094" lon="-93.549453">
        <ele>225.0</ele>
      </trkpt>
      <trkpt lat="41.537888" lon="-93.549378">
        <ele>225.0</ele>
      </trkpt>
      <trkpt lat="41.537735" lon="-93.549346">
        <ele>224.0</ele>
      </trkpt>
      <trkpt lat="41.537351" lon="-93.549335">
        <ele>224.0</ele>
      </trkpt>
      <trkpt lat="41.537279" lon="-93.549313">
        <ele>223.0</ele>
      </trkpt>
      <trkpt lat="41.537201" lon="-93.549313">
        <ele>223.0</ele>
      </trkpt>
      <trkpt lat="41.537062" lon="-93.549346">
        <ele>223.0</ele>
      </trkpt>
      <trkpt lat="41.536997" lon="-93.549378">
        <ele>223.0</ele>
      </trkpt>
      <trkpt lat="41.536938" lon="-93.549432">
        <ele>223.0</ele>
      </trkpt>
      <trkpt lat="41.536893" lon="-93.549507">
        <ele>223.0</ele>
      </trkpt>
      <trkpt lat="41.536863" lon="-93.549689">
        <ele>222.0</ele>
      </trkpt>
      <trkpt lat="41.53689" lon="-93.551116">
        <ele>221.1</ele>
      </trkpt>
      <trkpt lat="41.536903" lon="-93.551309">
        <ele>221.0</ele>
      </trkpt>
      <trkpt lat="41.536928" lon="-93.551395">
        <ele>221.0</ele>
      </trkpt>
      <trkpt lat="41.537072" lon="-93.551588">
        <ele>221.0</ele>
      </trkpt>
      <trkpt lat="41.537244" lon="-93.551717">
        <ele>221.0</ele>
      </trkpt>
      <trkpt lat="41.53737" lon="-93.551878">
        <ele>221.0</ele>
      </trkpt>
      <trkpt lat="41.537424" lon="-93.552178">
        <ele>221.0</ele>
      </trkpt>
      <trkpt lat="41.537477" lon="-93.552371">
        <ele>221.0</ele>
      </trkpt>
      <trkpt lat="41.537544" lon="-93.552489">
        <ele>222.0</ele>
      </trkpt>
      <trkpt lat="41.537703" lon="-93.552639">
        <ele>222.0</ele>
      </trkpt>
      <trkpt lat="41.537933" lon="-93.552725">
        <ele>222.0</ele>
      </trkpt>
      <trkpt lat="41.538159" lon="-93.552833">
        <ele>222.0</ele>
      </trkpt>
      <trkpt lat="41.538295" lon="-93.552854">
        <ele>222.0</ele>
      </trkpt>
      <trkpt lat="41.538639" lon="-93.552993">
        <ele>223.0</ele>
      </trkpt>
      <trkpt lat="41.539057" lon="-93.552897">
        <ele>223.0</ele>
      </trkpt>
      <trkpt lat="41.539331" lon="-93.552908">
        <ele>223.0</ele>
      </trkpt>
      <trkpt lat="41.53946" lon="-93.552961">
        <ele>223.0</ele>
      </trkpt>
      <trkpt lat="41.539596" lon="-93.552983">
        <ele>223.0</ele>
      </trkpt>
      <trkpt lat="41.539736" lon="-93.55294">
        <ele>223.0</ele>
      </trkpt>
      <trkpt lat="41.539956" lon="-93.552908">
        <ele>223.0</ele>
      </trkpt>
      <trkpt lat="41.540111" lon="-93.552908">
        <ele>222.0</ele>
      </trkpt>
      <trkpt lat="41.540334" lon="-93.55294">
        <ele>222.0</ele>
      </trkpt>
      <trkpt lat="41.540532" lon="-93.553026">
        <ele>223.0</ele>
      </trkpt>
      <trkpt lat="41.540747" lon="-93.553176">
        <ele>223.0</ele>
      </trkpt>
      <trkpt lat="41.540964" lon="-93.55323">
        <ele>223.0</ele>
      </trkpt>
      <trkpt lat="41.541745" lon="-93.553541">
        <ele>223.0</ele>
      </trkpt>
      <trkpt lat="41.541852" lon="-93.553637">
        <ele>223.0</ele>
      </trkpt>
      <trkpt lat="41.541927" lon="-93.553755">
        <ele>223.0</ele>
      </trkpt>
      <trkpt lat="41.541981" lon="-93.553873">
        <ele>223.0</ele>
      </trkpt>
      <trkpt lat="41.542008" lon="-93.554002">
        <ele>224.0</ele>
      </trkpt>
      <trkpt lat="41.542" lon="-93.554152">
        <ele>224.0</ele>
      </trkpt>
      <trkpt lat="41.541975" lon="-93.554227">
        <ele>224.0</ele>
      </trkpt>
      <trkpt lat="41.541927" lon="-93.554302">
        <ele>224.0</ele>
      </trkpt>
      <trkpt lat="41.541879" lon="-93.554345">
        <ele>224.0</ele>
      </trkpt>
      <trkpt lat="41.541815" lon="-93.554378">
        <ele>224.0</ele>
      </trkpt>
      <trkpt lat="41.541753" lon="-93.554388">
        <ele>223.0</ele>
      </trkpt>
      <trkpt lat="41.541643" lon="-93.554453">
        <ele>223.0</ele>
      </trkpt>
      <trkpt lat="41.541361" lon="-93.554678">
        <ele>223.0</ele>
      </trkpt>
      <trkpt lat="41.5412" lon="-93.554839">
        <ele>222.0</ele>
      </trkpt>
      <trkpt lat="41.541023" lon="-93.555289">
        <ele>220.0</ele>
      </trkpt>
      <trkpt lat="41.54101" lon="-93.55545">
        <ele>220.0</ele>
      </trkpt>
      <trkpt lat="41.541037" lon="-93.55559">
        <ele>220.0</ele>
      </trkpt>
      <trkpt lat="41.541066" lon="-93.555654">
        <ele>220.0</ele>
      </trkpt>
      <trkpt lat="41.541275" lon="-93.555944">
        <ele>220.0</ele>
      </trkpt>
      <trkpt lat="41.541367" lon="-93.55603">
        <ele>219.0</ele>
      </trkpt>
      <trkpt lat="41.541412" lon="-93.556051">
        <ele>219.0</ele>
      </trkpt>
      <trkpt lat="41.54152" lon="-93.556169">
        <ele>219.0</ele>
      </trkpt>
      <trkpt lat="41.541565" lon="-93.556266">
        <ele>219.0</ele>
      </trkpt>
      <trkpt lat="41.541579" lon="-93.556373">
        <ele>219.0</ele>
      </trkpt>
      <trkpt lat="41.541573" lon="-93.556502">
        <ele>219.0</ele>
      </trkpt>
      <trkpt lat="41.541444" lon="-93.55691">
        <ele>220.0</ele>
      </trkpt>
      <trkpt lat="41.541326" lon="-93.557103">
        <ele>220.0</ele>
      </trkpt>
      <trkpt lat="41.541227" lon="-93.557188">
        <ele>220.0</ele>
      </trkpt>
      <trkpt lat="41.541077" lon="-93.557264">
        <ele>220.0</ele>
      </trkpt>
      <trkpt lat="41.541031" lon="-93.557264">
        <ele>220.0</ele>
      </trkpt>
      <trkpt lat="41.540994" lon="-93.557296">
        <ele>220.0</ele>
      </trkpt>
      <trkpt lat="41.540905" lon="-93.557317">
        <ele>220.0</ele>
      </trkpt>
      <trkpt lat="41.540811" lon="-93.557317">
        <ele>220.0</ele>
      </trkpt>
      <trkpt lat="41.540621" lon="-93.557349">
        <ele>219.0</ele>
      </trkpt>
      <trkpt lat="41.540422" lon="-93.557424">
        <ele>220.0</ele>
      </trkpt>
      <trkpt lat="41.540318" lon="-93.557446">
        <ele>220.0</ele>
      </trkpt>
      <trkpt lat="41.540211" lon="-93.557446">
        <ele>220.0</ele>
      </trkpt>
      <trkpt lat="41.540111" lon="-93.557489">
        <ele>220.0</ele>
      </trkpt>
      <trkpt lat="41.540047" lon="-93.557596">
        <ele>219.0</ele>
      </trkpt>
      <trkpt lat="41.540034" lon="-93.557661">
        <ele>220.0</ele>
      </trkpt>
      <trkpt lat="41.540066" lon="-93.557972">
        <ele>220.0</ele>
      </trkpt>
      <trkpt lat="41.54002" lon="-93.558401">
        <ele>221.0</ele>
      </trkpt>
      <trkpt lat="41.540044" lon="-93.558744">
        <ele>222.0</ele>
      </trkpt>
      <trkpt lat="41.5402" lon="-93.559302">
        <ele>222.0</ele>
      </trkpt>
      <trkpt lat="41.540224" lon="-93.559753">
        <ele>222.0</ele>
      </trkpt>
      <trkpt lat="41.540296" lon="-93.559892">
        <ele>222.0</ele>
      </trkpt>
      <trkpt lat="41.540455" lon="-93.560042">
        <ele>222.3</ele>
      </trkpt>
      <trkpt lat="41.540677" lon="-93.560203">
        <ele>222.7</ele>
      </trkpt>
      <trkpt lat="41.540715" lon="-93.560225">
        <ele>222.8</ele>
      </trkpt>
      <trkpt lat="41.540758" lon="-93.560225">
        <ele>222.9</ele>
      </trkpt>
      <trkpt lat="41.540919" lon="-93.560117">
        <ele>223.0</ele>
      </trkpt>
      <trkpt lat="41.540975" lon="-93.559989">
        <ele>224.0</ele>
      </trkpt>
      <trkpt lat="41.541013" lon="-93.559849">
        <ele>224.0</ele>
      </trkpt>
      <trkpt lat="41.541031" lon="-93.559817">
        <ele>224.0</ele>
      </trkpt>
      <trkpt lat="41.541096" lon="-93.559774">
        <ele>223.0</ele>
      </trkpt>
      <trkpt lat="41.541139" lon="-93.559763">
        <ele>223.0</ele>
      </trkpt>
      <trkpt lat="41.541235" lon="-93.559774">
        <ele>223.0</ele>
      </trkpt>
      <trkpt lat="41.541281" lon="-93.559796">
        <ele>223.0</ele>
      </trkpt>
      <trkpt lat="41.541348" lon="-93.55986">
        <ele>223.0</ele>
      </trkpt>
      <trkpt lat="41.541361" lon="-93.559914">
        <ele>223.0</ele>
      </trkpt>
      <trkpt lat="41.541345" lon="-93.560096">
        <ele>223.0</ele>
      </trkpt>
      <trkpt lat="41.541321" lon="-93.560128">
        <ele>224.0</ele>
      </trkpt>
      <trkpt lat="41.541289" lon="-93.560235">
        <ele>224.0</ele>
      </trkpt>
      <trkpt lat="41.541294" lon="-93.560804">
        <ele>227.0</ele>
      </trkpt>
      <trkpt lat="41.541367" lon="-93.561008">
        <ele>228.0</ele>
      </trkpt>
      <trkpt lat="41.541434" lon="-93.561115">
        <ele>228.0</ele>
      </trkpt>
      <trkpt lat="41.541461" lon="-93.561201">
        <ele>229.0</ele>
      </trkpt>
      <trkpt lat="41.541436" lon="-93.561426">
        <ele>229.0</ele>
      </trkpt>
      <trkpt lat="41.541439" lon="-93.561705">
        <ele>229.0</ele>
      </trkpt>
      <trkpt lat="41.541517" lon="-93.561898">
        <ele>229.0</ele>
      </trkpt>
      <trkpt lat="41.54186" lon="-93.56222">
        <ele>229.0</ele>
      </trkpt>
      <trkpt lat="41.542088" lon="-93.562392">
        <ele>229.0</ele>
      </trkpt>
      <trkpt lat="41.542356" lon="-93.562478">
        <ele>229.0</ele>
      </trkpt>
      <trkpt lat="41.542568" lon="-93.562607">
        <ele>228.0</ele>
      </trkpt>
      <trkpt lat="41.54292" lon="-93.562714">
        <ele>227.0</ele>
      </trkpt>
      <trkpt lat="41.543083" lon="-93.56281">
        <ele>226.0</ele>
      </trkpt>
      <trkpt lat="41.543161" lon="-93.562875">
        <ele>226.0</ele>
      </trkpt>
      <trkpt lat="41.543349" lon="-93.563089">
        <ele>225.0</ele>
      </trkpt>
      <trkpt lat="41.543394" lon="-93.563186">
        <ele>225.0</ele>
      </trkpt>
      <trkpt lat="41.543408" lon="-93.563272">
        <ele>224.0</ele>
      </trkpt>
      <trkpt lat="41.543405" lon="-93.563379">
        <ele>224.0</ele>
      </trkpt>
      <trkpt lat="41.543282" lon="-93.563722">
        <ele>223.0</ele>
      </trkpt>
      <trkpt lat="41.543199" lon="-93.564323">
        <ele>222.0</ele>
      </trkpt>
      <trkpt lat="41.543102" lon="-93.564559">
        <ele>222.0</ele>
      </trkpt>
      <trkpt lat="41.543056" lon="-93.564742">
        <ele>222.0</ele>
      </trkpt>
      <trkpt lat="41.543038" lon="-93.565589">
        <ele>222.0</ele>
      </trkpt>
      <trkpt lat="41.543051" lon="-93.566469">
        <ele>221.0</ele>
      </trkpt>
      <trkpt lat="41.543043" lon="-93.566844">
        <ele>221.0</ele>
      </trkpt>
      <trkpt lat="41.543" lon="-93.56751">
        <ele>221.0</ele>
      </trkpt>
      <trkpt lat="41.542917" lon="-93.568068">
        <ele>223.0</ele>
      </trkpt>
      <trkpt lat="41.542866" lon="-93.568808">
        <ele>223.0</ele>
      </trkpt>
      <trkpt lat="41.542799" lon="-93.569183">
        <ele>222.0</ele>
      </trkpt>
      <trkpt lat="41.542745" lon="-93.569366">
        <ele>222.0</ele>
      </trkpt>
      <trkpt lat="41.542641" lon="-93.569881">
        <ele>221.0</ele>
      </trkpt>
      <trkpt lat="41.542608" lon="-93.570127">
        <ele>222.0</ele>
      </trkpt>
      <trkpt lat="41.542619" lon="-93.570278">
        <ele>222.0</ele>
      </trkpt>
      <trkpt lat="41.542657" lon="-93.570417">
        <ele>222.0</ele>
      </trkpt>
      <trkpt lat="41.542764" lon="-93.570675">
        <ele>223.0</ele>
      </trkpt>
      <trkpt lat="41.54292" lon="-93.570996">
        <ele>225.0</ele>
      </trkpt>
      <trkpt lat="41.543097" lon="-93.571222">
        <ele>226.0</ele>
      </trkpt>
      <trkpt lat="41.543153" lon="-93.57134">
        <ele>226.0</ele>
      </trkpt>
      <trkpt lat="41.543169" lon="-93.57149">
        <ele>227.0</ele>
      </trkpt>
      <trkpt lat="41.543156" lon="-93.571629">
        <ele>227.0</ele>
      </trkpt>
      <trkpt lat="41.543008" lon="-93.572209">
        <ele>227.0</ele>
      </trkpt>
      <trkpt lat="41.542971" lon="-93.572295">
        <ele>227.0</ele>
      </trkpt>
      <trkpt lat="41.542818" lon="-93.572466">
        <ele>227.0</ele>
      </trkpt>
      <trkpt lat="41.542681" lon="-93.572745">
        <ele>226.0</ele>
      </trkpt>
      <trkpt lat="41.542568" lon="-93.572799">
        <ele>226.0</ele>
      </trkpt>
      <trkpt lat="41.542437" lon="-93.572949">
        <ele>225.0</ele>
      </trkpt>
      <trkpt lat="41.54234" lon="-93.573013">
        <ele>225.0</ele>
      </trkpt>
      <trkpt lat="41.542241" lon="-93.573056">
        <ele>225.0</ele>
      </trkpt>
      <trkpt lat="41.542096" lon="-93.573056">
        <ele>225.0</ele>
      </trkpt>
      <trkpt lat="41.54197" lon="-93.573089">
        <ele>225.0</ele>
      </trkpt>
      <trkpt lat="41.541871" lon="-93.573164">
        <ele>225.0</ele>
      </trkpt>
      <trkpt lat="41.541863" lon="-93.573217">
        <ele>225.0</ele>
      </trkpt>
      <trkpt lat="41.541925" lon="-93.573389">
        <ele>224.0</ele>
      </trkpt>
      <trkpt lat="41.542077" lon="-93.573636">
        <ele>224.0</ele>
      </trkpt>
      <trkpt lat="41.542195" lon="-93.573689">
        <ele>223.0</ele>
      </trkpt>
      <trkpt lat="41.54226" lon="-93.573743">
        <ele>223.0</ele>
      </trkpt>
      <trkpt lat="41.542297" lon="-93.573722">
        <ele>222.0</ele>
      </trkpt>
      <trkpt lat="41.542271" lon="-93.573689">
        <ele>222.0</ele>
      </trkpt>
      <trkpt lat="41.542276" lon="-93.573711">
        <ele>222.0</ele>
      </trkpt>
      <trkpt lat="41.54226" lon="-93.573732">
        <ele>222.0</ele>
      </trkpt>
      <trkpt lat="41.542225" lon="-93.573722">
        <ele>222.0</ele>
      </trkpt>
      <trkpt lat="41.542212" lon="-93.573689">
        <ele>221.0</ele>
      </trkpt>
      <trkpt lat="41.542131" lon="-93.573679">
        <ele>219.0</ele>
      </trkpt>
      <trkpt lat="41.542096" lon="-93.573689">
        <ele>219.0</ele>
      </trkpt>
      <trkpt lat="41.542077" lon="-93.573722">
        <ele>219.0</ele>
      </trkpt>
      <trkpt lat="41.542016" lon="-93.573743">
        <ele>219.0</ele>
      </trkpt>
      <trkpt lat="41.542" lon="-93.573765">
        <ele>219.0</ele>
      </trkpt>
      <trkpt lat="41.541916" lon="-93.573958">
        <ele>219.0</ele>
      </trkpt>
      <trkpt lat="41.541887" lon="-93.57414">
        <ele>220.0</ele>
      </trkpt>
      <trkpt lat="41.541777" lon="-93.574462">
        <ele>220.0</ele>
      </trkpt>
      <trkpt lat="41.541777" lon="-93.574601">
        <ele>221.0</ele>
      </trkpt>
      <trkpt lat="41.541796" lon="-93.574655">
        <ele>221.0</ele>
      </trkpt>
      <trkpt lat="41.541852" lon="-93.574741">
        <ele>221.0</ele>
      </trkpt>
      <trkpt lat="41.541951" lon="-93.574784">
        <ele>222.0</ele>
      </trkpt>
      <trkpt lat="41.542649" lon="-93.574816">
        <ele>225.0</ele>
      </trkpt>
      <trkpt lat="41.542775" lon="-93.574805">
        <ele>224.9</ele>
      </trkpt>
      <trkpt lat="41.543593" lon="-93.574805">
        <ele>224.4</ele>
      </trkpt>
      <trkpt lat="41.543622" lon="-93.574816">
        <ele>224.3</ele>
      </trkpt>
      <trkpt lat="41.543652" lon="-93.574805">
        <ele>224.3</ele>
      </trkpt>
      <trkpt lat="41.544245" lon="-93.574805">
        <ele>224.0</ele>
      </trkpt>
      <trkpt lat="41.544373" lon="-93.574655">
        <ele>224.0</ele>
      </trkpt>
      <trkpt lat="41.544502" lon="-93.574644">
        <ele>225.0</ele>
      </trkpt>
      <trkpt lat="41.544634" lon="-93.574741">
        <ele>225.0</ele>
      </trkpt>
      <trkpt lat="41.544663" lon="-93.574784">
        <ele>225.0</ele>
      </trkpt>
      <trkpt lat="41.544744" lon="-93.574827">
        <ele>225.0</ele>
      </trkpt>
      <trkpt lat="41.544805" lon="-93.574805">
        <ele>225.0</ele>
      </trkpt>
      <trkpt lat="41.544851" lon="-93.574762">
        <ele>225.0</ele>
      </trkpt>
      <trkpt lat="41.544988" lon="-93.574387">
        <ele>225.0</ele>
      </trkpt>
      <trkpt lat="41.545106" lon="-93.574226">
        <ele>225.0</ele>
      </trkpt>
      <trkpt lat="41.545178" lon="-93.574097">
        <ele>225.0</ele>
      </trkpt>
      <trkpt lat="41.545259" lon="-93.573797">
        <ele>225.0</ele>
      </trkpt>
      <trkpt lat="41.545275" lon="-93.573561">
        <ele>224.0</ele>
      </trkpt>
      <trkpt lat="41.545162" lon="-93.572692">
        <ele>223.0</ele>
      </trkpt>
      <trkpt lat="41.545162" lon="-93.572595">
        <ele>223.0</ele>
      </trkpt>
      <trkpt lat="41.545229" lon="-93.572305">
        <ele>223.0</ele>
      </trkpt>
      <trkpt lat="41.545248" lon="-93.572016">
        <ele>222.0</ele>
      </trkpt>
      <trkpt lat="41.545304" lon="-93.571737">
        <ele>222.0</ele>
      </trkpt>
      <trkpt lat="41.545309" lon="-93.571447">
        <ele>221.0</ele>
      </trkpt>
      <trkpt lat="41.545355" lon="-93.571039">
        <ele>220.0</ele>
      </trkpt>
      <trkpt lat="41.545401" lon="-93.570342">
        <ele>219.0</ele>
      </trkpt>
      <trkpt lat="41.545484" lon="-93.569709">
        <ele>220.0</ele>
      </trkpt>
      <trkpt lat="41.545476" lon="-93.569527">
        <ele>219.0</ele>
      </trkpt>
      <trkpt lat="41.545409" lon="-93.569366">
        <ele>219.0</ele>
      </trkpt>
      <trkpt lat="41.545385" lon="-93.56928">
        <ele>219.0</ele>
      </trkpt>
      <trkpt lat="41.545382" lon="-93.569194">
        <ele>219.0</ele>
      </trkpt>
      <trkpt lat="41.545395" lon="-93.569119">
        <ele>219.0</ele>
      </trkpt>
      <trkpt lat="41.545476" lon="-93.568915">
        <ele>220.0</ele>
      </trkpt>
      <trkpt lat="41.545537" lon="-93.568615">
        <ele>220.0</ele>
      </trkpt>
      <trkpt lat="41.545605" lon="-93.568464">
        <ele>220.0</ele>
      </trkpt>
      <trkpt lat="41.545698" lon="-93.568132">
        <ele>220.0</ele>
      </trkpt>
      <trkpt lat="41.545838" lon="-93.567853">
        <ele>220.0</ele>
      </trkpt>
      <trkpt lat="41.545857" lon="-93.567756">
        <ele>220.0</ele>
      </trkpt>
      <trkpt lat="41.545873" lon="-93.567563">
        <ele>220.0</ele>
      </trkpt>
      <trkpt lat="41.545857" lon="-93.567284">
        <ele>219.0</ele>
      </trkpt>
      <trkpt lat="41.545916" lon="-93.566801">
        <ele>219.0</ele>
      </trkpt>
      <trkpt lat="41.545843" lon="-93.566233">
        <ele>219.0</ele>
      </trkpt>
      <trkpt lat="41.545838" lon="-93.565954">
        <ele>219.0</ele>
      </trkpt>
      <trkpt lat="41.545902" lon="-93.5656">
        <ele>220.0</ele>
      </trkpt>
      <trkpt lat="41.545969" lon="-93.565342">
        <ele>220.0</ele>
      </trkpt>
      <trkpt lat="41.54598" lon="-93.56516">
        <ele>220.0</ele>
      </trkpt>
      <trkpt lat="41.546018" lon="-93.564956">
        <ele>220.0</ele>
      </trkpt>
      <trkpt lat="41.54617" lon="-93.564666">
        <ele>220.0</ele>
      </trkpt>
      <trkpt lat="41.546208" lon="-93.564516">
        <ele>221.0</ele>
      </trkpt>
      <trkpt lat="41.546313" lon="-93.563229">
        <ele>220.0</ele>
      </trkpt>
      <trkpt lat="41.54639" lon="-93.562961">
        <ele>221.0</ele>
      </trkpt>
      <trkpt lat="41.546514" lon="-93.562746">
        <ele>221.0</ele>
      </trkpt>
      <trkpt lat="41.54661" lon="-93.562467">
        <ele>221.0</ele>
      </trkpt>
      <trkpt lat="41.54672" lon="-93.562285">
        <ele>221.0</ele>
      </trkpt>
      <trkpt lat="41.546884" lon="-93.562092">
        <ele>221.0</ele>
      </trkpt>
      <trkpt lat="41.546905" lon="-93.562038">
        <ele>221.0</ele>
      </trkpt>
      <trkpt lat="41.546903" lon="-93.561941">
        <ele>221.0</ele>
      </trkpt>
      <trkpt lat="41.546801" lon="-93.56178">
        <ele>221.0</ele>
      </trkpt>
      <trkpt lat="41.546785" lon="-93.561727">
        <ele>221.0</ele>
      </trkpt>
      <trkpt lat="41.546777" lon="-93.561598">
        <ele>221.0</ele>
      </trkpt>
      <trkpt lat="41.546795" lon="-93.561383">
        <ele>221.0</ele>
      </trkpt>
      <trkpt lat="41.546812" lon="-93.561308">
        <ele>221.0</ele>
      </trkpt>
      <trkpt lat="41.546865" lon="-93.561201">
        <ele>221.0</ele>
      </trkpt>
      <trkpt lat="41.547048" lon="-93.560986">
        <ele>221.0</ele>
      </trkpt>
      <trkpt lat="41.547131" lon="-93.560858">
        <ele>220.0</ele>
      </trkpt>
      <trkpt lat="41.547203" lon="-93.560708">
        <ele>220.0</ele>
      </trkpt>
      <trkpt lat="41.547257" lon="-93.560547">
        <ele>220.0</ele>
      </trkpt>
      <trkpt lat="41.547289" lon="-93.560386">
        <ele>220.0</ele>
      </trkpt>
      <trkpt lat="41.5473" lon="-93.560225">
        <ele>220.0</ele>
      </trkpt>
      <trkpt lat="41.547281" lon="-93.559753">
        <ele>220.0</ele>
      </trkpt>
      <trkpt lat="41.547289" lon="-93.55956">
        <ele>220.0</ele>
      </trkpt>
      <trkpt lat="41.547345" lon="-93.559463">
        <ele>221.0</ele>
      </trkpt>
      <trkpt lat="41.547455" lon="-93.559366">
        <ele>221.0</ele>
      </trkpt>
      <trkpt lat="41.547697" lon="-93.559195">
        <ele>222.0</ele>
      </trkpt>
      <trkpt lat="41.547791" lon="-93.559163">
        <ele>222.0</ele>
      </trkpt>
      <trkpt lat="41.547841" lon="-93.559173">
        <ele>222.0</ele>
      </trkpt>
      <trkpt lat="41.547887" lon="-93.559216">
        <ele>222.0</ele>
      </trkpt>
      <trkpt lat="41.547943" lon="-93.559323">
        <ele>223.0</ele>
      </trkpt>
      <trkpt lat="41.548002" lon="-93.559527">
        <ele>223.0</ele>
      </trkpt>
      <trkpt lat="41.54808" lon="-93.559957">
        <ele>223.0</ele>
      </trkpt>
      <trkpt lat="41.548107" lon="-93.565589">
        <ele>228.0</ele>
      </trkpt>
      <trkpt lat="41.54812" lon="-93.565729">
        <ele>228.0</ele>
      </trkpt>
      <trkpt lat="41.548177" lon="-93.565836">
        <ele>228.0</ele>
      </trkpt>
      <trkpt lat="41.548222" lon="-93.565868">
        <ele>228.0</ele>
      </trkpt>
      <trkpt lat="41.548327" lon="-93.56589">
        <ele>228.0</ele>
      </trkpt>
      <trkpt lat="41.548772" lon="-93.565857">
        <ele>228.0</ele>
      </trkpt>
      <trkpt lat="41.548888" lon="-93.5659">
        <ele>228.0</ele>
      </trkpt>
      <trkpt lat="41.548925" lon="-93.565965">
        <ele>228.0</ele>
      </trkpt>
      <trkpt lat="41.548963" lon="-93.566104">
        <ele>228.0</ele>
      </trkpt>
      <trkpt lat="41.548965" lon="-93.56619">
        <ele>228.0</ele>
      </trkpt>
      <trkpt lat="41.548939" lon="-93.567252">
        <ele>229.0</ele>
      </trkpt>
      <trkpt lat="41.548952" lon="-93.567327">
        <ele>229.0</ele>
      </trkpt>
      <trkpt lat="41.549019" lon="-93.567434">
        <ele>229.0</ele>
      </trkpt>
      <trkpt lat="41.549078" lon="-93.567467">
        <ele>230.0</ele>
      </trkpt>
      <trkpt lat="41.550036" lon="-93.567467">
        <ele>228.0</ele>
      </trkpt>
      <trkpt lat="41.550301" lon="-93.567306">
        <ele>228.0</ele>
      </trkpt>
      <trkpt lat="41.550564" lon="-93.567091">
        <ele>227.0</ele>
      </trkpt>
      <trkpt lat="41.550706" lon="-93.567027">
        <ele>227.0</ele>
      </trkpt>
      <trkpt lat="41.550848" lon="-93.567016">
        <ele>227.0</ele>
      </trkpt>
      <trkpt lat="41.550993" lon="-93.567048">
        <ele>227.0</ele>
      </trkpt>
      <trkpt lat="41.551312" lon="-93.567177">
        <ele>227.0</ele>
      </trkpt>
      <trkpt lat="41.551546" lon="-93.567327">
        <ele>226.0</ele>
      </trkpt>
      <trkpt lat="41.551707" lon="-93.56752">
        <ele>226.0</ele>
      </trkpt>
      <trkpt lat="41.55191" lon="-93.567821">
        <ele>226.0</ele>
      </trkpt>
      <trkpt lat="41.552232" lon="-93.568143">
        <ele>225.0</ele>
      </trkpt>
      <trkpt lat="41.552441" lon="-93.568282">
        <ele>225.0</ele>
      </trkpt>
      <trkpt lat="41.552594" lon="-93.568314">
        <ele>225.0</ele>
      </trkpt>
      <trkpt lat="41.552675" lon="-93.568304">
        <ele>225.0</ele>
      </trkpt>
      <trkpt lat="41.552914" lon="-93.568207">
        <ele>224.0</ele>
      </trkpt>
      <trkpt lat="41.553085" lon="-93.568196">
        <ele>224.0</ele>
      </trkpt>
      <trkpt lat="41.553681" lon="-93.568357">
        <ele>224.0</ele>
      </trkpt>
      <trkpt lat="41.553766" lon="-93.568357">
        <ele>224.0</ele>
      </trkpt>
      <trkpt lat="41.554104" lon="-93.568411">
        <ele>223.0</ele>
      </trkpt>
      <trkpt lat="41.554357" lon="-93.568486">
        <ele>222.0</ele>
      </trkpt>
      <trkpt lat="41.554845" lon="-93.568497">
        <ele>222.0</ele>
      </trkpt>
      <trkpt lat="41.554995" lon="-93.56854">
        <ele>222.0</ele>
      </trkpt>
      <trkpt lat="41.555059" lon="-93.568593">
        <ele>222.0</ele>
      </trkpt>
      <trkpt lat="41.555167" lon="-93.568722">
        <ele>222.0</ele>
      </trkpt>
      <trkpt lat="41.555306" lon="-93.569044">
        <ele>222.0</ele>
      </trkpt>
      <trkpt lat="41.555775" lon="-93.569602">
        <ele>221.0</ele>
      </trkpt>
      <trkpt lat="41.55592" lon="-93.569666">
        <ele>221.0</ele>
      </trkpt>
      <trkpt lat="41.556076" lon="-93.569709">
        <ele>220.0</ele>
      </trkpt>
      <trkpt lat="41.556406" lon="-93.569741">
        <ele>220.0</ele>
      </trkpt>
      <trkpt lat="41.556492" lon="-93.569741">
        <ele>220.0</ele>
      </trkpt>
      <trkpt lat="41.556671" lon="-93.569709">
        <ele>220.0</ele>
      </trkpt>
      <trkpt lat="41.556832" lon="-93.569602">
        <ele>220.0</ele>
      </trkpt>
      <trkpt lat="41.557138" lon="-93.569194">
        <ele>219.0</ele>
      </trkpt>
      <trkpt lat="41.557771" lon="-93.568679">
        <ele>216.6</ele>
      </trkpt>
      <trkpt lat="41.557913" lon="-93.56854">
        <ele>216.3</ele>
      </trkpt>
      <trkpt lat="41.558104" lon="-93.568314">
        <ele>216.0</ele>
      </trkpt>
      <trkpt lat="41.558149" lon="-93.568228">
        <ele>216.0</ele>
      </trkpt>
      <trkpt lat="41.55827" lon="-93.567885">
        <ele>216.0</ele>
      </trkpt>
      <trkpt lat="41.558348" lon="-93.56707">
        <ele>216.0</ele>
      </trkpt>
      <trkpt lat="41.558324" lon="-93.566877">
        <ele>216.0</ele>
      </trkpt>
      <trkpt lat="41.558278" lon="-93.566694">
        <ele>216.0</ele>
      </trkpt>
      <trkpt lat="41.558144" lon="-93.566383">
        <ele>215.0</ele>
      </trkpt>
      <trkpt lat="41.558079" lon="-93.566179">
        <ele>215.0</ele>
      </trkpt>
      <trkpt lat="41.558071" lon="-93.565922">
        <ele>215.0</ele>
      </trkpt>
      <trkpt lat="41.55809" lon="-93.56575">
        <ele>214.0</ele>
      </trkpt>
      <trkpt lat="41.558248" lon="-93.565246">
        <ele>214.0</ele>
      </trkpt>
      <trkpt lat="41.558375" lon="-93.565063">
        <ele>214.0</ele>
      </trkpt>
      <trkpt lat="41.55856" lon="-93.564924">
        <ele>215.0</ele>
      </trkpt>
      <trkpt lat="41.558704" lon="-93.564902">
        <ele>216.0</ele>
      </trkpt>
      <trkpt lat="41.558892" lon="-93.564956">
        <ele>217.0</ele>
      </trkpt>
      <trkpt lat="41.559233" lon="-93.565203">
        <ele>219.0</ele>
      </trkpt>
      <trkpt lat="41.559748" lon="-93.565535">
        <ele>221.0</ele>
      </trkpt>
      <trkpt lat="41.559984" lon="-93.565707">
        <ele>221.0</ele>
      </trkpt>
      <trkpt lat="41.560231" lon="-93.565911">
        <ele>220.0</ele>
      </trkpt>
      <trkpt lat="41.560383" lon="-93.566083">
        <ele>220.0</ele>
      </trkpt>
      <trkpt lat="41.560593" lon="-93.566362">
        <ele>219.0</ele>
      </trkpt>
      <trkpt lat="41.561105" lon="-93.567145">
        <ele>216.0</ele>
      </trkpt>
      <trkpt lat="41.561438" lon="-93.567595">
        <ele>215.0</ele>
      </trkpt>
      <trkpt lat="41.561768" lon="-93.5681">
        <ele>215.0</ele>
      </trkpt>
      <trkpt lat="41.561888" lon="-93.56825">
        <ele>214.0</ele>
      </trkpt>
      <trkpt lat="41.561939" lon="-93.568346">
        <ele>214.0</ele>
      </trkpt>
      <trkpt lat="41.562403" lon="-93.568979">
        <ele>214.0</ele>
      </trkpt>
      <trkpt lat="41.562803" lon="-93.569623">
        <ele>214.0</ele>
      </trkpt>
      <trkpt lat="41.56313" lon="-93.57002">
        <ele>213.0</ele>
      </trkpt>
      <trkpt lat="41.563235" lon="-93.570181">
        <ele>213.0</ele>
      </trkpt>
      <trkpt lat="41.564045" lon="-93.571715">
        <ele>214.0</ele>
      </trkpt>
      <trkpt lat="41.564259" lon="-93.572026">
        <ele>214.0</ele>
      </trkpt>
      <trkpt lat="41.564726" lon="-93.572617">
        <ele>217.0</ele>
      </trkpt>
      <trkpt lat="41.564782" lon="-93.57267">
        <ele>217.0</ele>
      </trkpt>
      <trkpt lat="41.564983" lon="-93.57296">
        <ele>218.0</ele>
      </trkpt>
      <trkpt lat="41.565152" lon="-93.573164">
        <ele>219.0</ele>
      </trkpt>
      <trkpt lat="41.565386" lon="-93.573432">
        <ele>220.0</ele>
      </trkpt>
      <trkpt lat="41.565566" lon="-93.573582">
        <ele>220.0</ele>
      </trkpt>
      <trkpt lat="41.565697" lon="-93.573668">
        <ele>220.0</ele>
      </trkpt>
      <trkpt lat="41.566185" lon="-93.57385">
        <ele>219.0</ele>
      </trkpt>
      <trkpt lat="41.566338" lon="-93.57399">
        <ele>218.0</ele>
      </trkpt>
      <trkpt lat="41.566488" lon="-93.574022">
        <ele>217.0</ele>
      </trkpt>
      <trkpt lat="41.566587" lon="-93.574151">
        <ele>217.0</ele>
      </trkpt>
      <trkpt lat="41.567693" lon="-93.575942">
        <ele>213.0</ele>
      </trkpt>
      <trkpt lat="41.568178" lon="-93.576812">
        <ele>213.0</ele>
      </trkpt>
      <trkpt lat="41.568602" lon="-93.577638">
        <ele>212.0</ele>
      </trkpt>
      <trkpt lat="41.568975" lon="-93.578421">
        <ele>212.0</ele>
      </trkpt>
      <trkpt lat="41.569315" lon="-93.579183">
        <ele>212.0</ele>
      </trkpt>
      <trkpt lat="41.569554" lon="-93.579762">
        <ele>213.0</ele>
      </trkpt>
      <trkpt lat="41.569929" lon="-93.58077">
        <ele>215.0</ele>
      </trkpt>
      <trkpt lat="41.570147" lon="-93.581586">
        <ele>217.0</ele>
      </trkpt>
      <trkpt lat="41.570377" lon="-93.582659">
        <ele>216.0</ele>
      </trkpt>
      <trkpt lat="41.570458" lon="-93.582959">
        <ele>215.0</ele>
      </trkpt>
      <trkpt lat="41.570764" lon="-93.584311">
        <ele>212.0</ele>
      </trkpt>
      <trkpt lat="41.570874" lon="-93.58489">
        <ele>212.0</ele>
      </trkpt>
      <trkpt lat="41.570906" lon="-93.585126">
        <ele>212.0</ele>
      </trkpt>
      <trkpt lat="41.570917" lon="-93.585362">
        <ele>212.0</ele>
      </trkpt>
      <trkpt lat="41.570898" lon="-93.585824">
        <ele>212.0</ele>
      </trkpt>
      <trkpt lat="41.570817" lon="-93.586264">
        <ele>212.0</ele>
      </trkpt>
      <trkpt lat="41.570699" lon="-93.586789">
        <ele>212.0</ele>
      </trkpt>
      <trkpt lat="41.570267" lon="-93.588474">
        <ele>214.0</ele>
      </trkpt>
      <trkpt lat="41.570141" lon="-93.589096">
        <ele>214.0</ele>
      </trkpt>
      <trkpt lat="41.570031" lon="-93.590158">
        <ele>213.0</ele>
      </trkpt>
      <trkpt lat="41.569988" lon="-93.590909">
        <ele>212.0</ele>
      </trkpt>
      <trkpt lat="41.569997" lon="-93.595823">
        <ele>211.0</ele>
      </trkpt>
      <trkpt lat="41.569962" lon="-93.596145">
        <ele>211.0</ele>
      </trkpt>
      <trkpt lat="41.569833" lon="-93.59681">
        <ele>210.0</ele>
      </trkpt>
      <trkpt lat="41.569809" lon="-93.597261">
        <ele>210.0</ele>
      </trkpt>
      <trkpt lat="41.569809" lon="-93.597647">
        <ele>210.0</ele>
      </trkpt>
      <trkpt lat="41.569785" lon="-93.597979">
        <ele>210.0</ele>
      </trkpt>
      <trkpt lat="41.569785" lon="-93.598881">
        <ele>211.0</ele>
      </trkpt>
      <trkpt lat="41.569809" lon="-93.599696">
        <ele>213.0</ele>
      </trkpt>
      <trkpt lat="41.569809" lon="-93.601209">
        <ele>213.0</ele>
      </trkpt>
      <trkpt lat="41.569836" lon="-93.601456">
        <ele>213.0</ele>
      </trkpt>
      <trkpt lat="41.569921" lon="-93.601778">
        <ele>213.0</ele>
      </trkpt>
      <trkpt lat="41.569967" lon="-93.602035">
        <ele>213.0</ele>
      </trkpt>
      <trkpt lat="41.569994" lon="-93.602496">
        <ele>212.0</ele>
      </trkpt>
      <trkpt lat="41.56998" lon="-93.604889">
        <ele>211.0</ele>
      </trkpt>
      <trkpt lat="41.570002" lon="-93.605146">
        <ele>211.0</ele>
      </trkpt>
      <trkpt lat="41.570039" lon="-93.605211">
        <ele>212.0</ele>
      </trkpt>
      <trkpt lat="41.570074" lon="-93.605232">
        <ele>212.0</ele>
      </trkpt>
      <trkpt lat="41.570152" lon="-93.605243">
        <ele>212.0</ele>
      </trkpt>
      <trkpt lat="41.570522" lon="-93.605254">
        <ele>212.0</ele>
      </trkpt>
      <trkpt lat="41.571984" lon="-93.605254">
        <ele>211.0</ele>
      </trkpt>
      <trkpt lat="41.572065" lon="-93.605243">
        <ele>211.0</ele>
      </trkpt>
      <trkpt lat="41.573591" lon="-93.605254">
        <ele>211.0</ele>
      </trkpt>
      <trkpt lat="41.573862" lon="-93.605243">
        <ele>211.0</ele>
      </trkpt>
      <trkpt lat="41.574041" lon="-93.605286">
        <ele>211.0</ele>
      </trkpt>
      <trkpt lat="41.574116" lon="-93.605415">
        <ele>211.0</ele>
      </trkpt>
      <trkpt lat="41.574127" lon="-93.60549">
        <ele>211.0</ele>
      </trkpt>
      <trkpt lat="41.574127" lon="-93.606284">
        <ele>211.0</ele>
      </trkpt>
      <trkpt lat="41.574141" lon="-93.606487">
        <ele>211.0</ele>
      </trkpt>
      <trkpt lat="41.574433" lon="-93.608054">
        <ele>211.0</ele>
      </trkpt>
      <trkpt lat="41.574567" lon="-93.608687">
        <ele>211.0</ele>
      </trkpt>
      <trkpt lat="41.574715" lon="-93.609545">
        <ele>211.0</ele>
      </trkpt>
      <trkpt lat="41.574945" lon="-93.6105">
        <ele>210.0</ele>
      </trkpt>
      <trkpt lat="41.57502" lon="-93.610876">
        <ele>210.0</ele>
      </trkpt>
      <trkpt lat="41.575677" lon="-93.613472">
        <ele>212.0</ele>
      </trkpt>
      <trkpt lat="41.575699" lon="-93.613493">
        <ele>212.0</ele>
      </trkpt>
      <trkpt lat="41.575739" lon="-93.613493">
        <ele>212.0</ele>
      </trkpt>
      <trkpt lat="41.576013" lon="-93.613375">
        <ele>212.0</ele>
      </trkpt>
      <trkpt lat="41.576356" lon="-93.613279">
        <ele>212.0</ele>
      </trkpt>
      <trkpt lat="41.576463" lon="-93.613257">
        <ele>212.0</ele>
      </trkpt>
      <trkpt lat="41.576611" lon="-93.613279">
        <ele>212.0</ele>
      </trkpt>
      <trkpt lat="41.576745" lon="-93.613182">
        <ele>212.0</ele>
      </trkpt>
      <trkpt lat="41.577024" lon="-93.613075">
        <ele>212.0</ele>
      </trkpt>
      <trkpt lat="41.577104" lon="-93.613021">
        <ele>212.0</ele>
      </trkpt>
      <trkpt lat="41.577405" lon="-93.612903">
        <ele>213.0</ele>
      </trkpt>
      <trkpt lat="41.577542" lon="-93.612828">
        <ele>214.0</ele>
      </trkpt>
      <trkpt lat="41.577676" lon="-93.612785">
        <ele>214.0</ele>
      </trkpt>
      <trkpt lat="41.577837" lon="-93.612699">
        <ele>214.0</ele>
      </trkpt>
      <trkpt lat="41.578065" lon="-93.612624">
        <ele>214.0</ele>
      </trkpt>
      <trkpt lat="41.578314" lon="-93.612624">
        <ele>214.0</ele>
      </trkpt>
      <trkpt lat="41.578478" lon="-93.612678">
        <ele>214.0</ele>
      </trkpt>
      <trkpt lat="41.578553" lon="-93.612721">
        <ele>214.0</ele>
      </trkpt>
      <trkpt lat="41.578606" lon="-93.612775">
        <ele>214.0</ele>
      </trkpt>
      <trkpt lat="41.578625" lon="-93.612935">
        <ele>214.0</ele>
      </trkpt>
      <trkpt lat="41.578604" lon="-93.613622">
        <ele>214.0</ele>
      </trkpt>
      <trkpt lat="41.578572" lon="-93.614105">
        <ele>214.0</ele>
      </trkpt>
      <trkpt lat="41.578523" lon="-93.614448">
        <ele>214.0</ele>
      </trkpt>
      <trkpt lat="41.578451" lon="-93.614792">
        <ele>214.0</ele>
      </trkpt>
      <trkpt lat="41.57837" lon="-93.615135">
        <ele>214.0</ele>
      </trkpt>
      <trkpt lat="41.578196" lon="-93.615714">
        <ele>214.0</ele>
      </trkpt>
      <trkpt lat="41.577831" lon="-93.616648">
        <ele>214.0</ele>
      </trkpt>
      <trkpt lat="41.577721" lon="-93.616991">
        <ele>214.0</ele>
      </trkpt>
      <trkpt lat="41.577606" lon="-93.61727">
        <ele>213.0</ele>
      </trkpt>
      <trkpt lat="41.577413" lon="-93.617581">
        <ele>213.0</ele>
      </trkpt>
      <trkpt lat="41.577311" lon="-93.61771">
        <ele>213.0</ele>
      </trkpt>
      <trkpt lat="41.577104" lon="-93.617903">
        <ele>213.0</ele>
      </trkpt>
      <trkpt lat="41.576968" lon="-93.618064">
        <ele>213.0</ele>
      </trkpt>
      <trkpt lat="41.576863" lon="-93.618139">
        <ele>213.0</ele>
      </trkpt>
      <trkpt lat="41.576257" lon="-93.618847">
        <ele>214.0</ele>
      </trkpt>
      <trkpt lat="41.575297" lon="-93.61978">
        <ele>214.0</ele>
      </trkpt>
      <trkpt lat="41.574803" lon="-93.620338">
        <ele>214.0</ele>
      </trkpt>
      <trkpt lat="41.574476" lon="-93.620671">
        <ele>214.0</ele>
      </trkpt>
      <trkpt lat="41.574253" lon="-93.620875">
        <ele>214.0</ele>
      </trkpt>
      <trkpt lat="41.57398" lon="-93.621165">
        <ele>214.0</ele>
      </trkpt>
      <trkpt lat="41.573851" lon="-93.62125">
        <ele>214.0</ele>
      </trkpt>
      <trkpt lat="41.573628" lon="-93.621283">
        <ele>214.0</ele>
      </trkpt>
      <trkpt lat="41.573561" lon="-93.621325">
        <ele>214.0</ele>
      </trkpt>
      <trkpt lat="41.573457" lon="-93.621443">
        <ele>214.0</ele>
      </trkpt>
      <trkpt lat="41.573202" lon="-93.621916">
        <ele>214.0</ele>
      </trkpt>
      <trkpt lat="41.57296" lon="-93.62228">
        <ele>214.0</ele>
      </trkpt>
      <trkpt lat="41.572706" lon="-93.622624">
        <ele>213.0</ele>
      </trkpt>
      <trkpt lat="41.572491" lon="-93.62286">
        <ele>214.0</ele>
      </trkpt>
      <trkpt lat="41.572008" lon="-93.623525">
        <ele>215.0</ele>
      </trkpt>
      <trkpt lat="41.571729" lon="-93.624029">
        <ele>216.0</ele>
      </trkpt>
      <trkpt lat="41.571579" lon="-93.62434">
        <ele>216.0</ele>
      </trkpt>
      <trkpt lat="41.57148" lon="-93.624566">
        <ele>216.0</ele>
      </trkpt>
      <trkpt lat="41.571332" lon="-93.624984">
        <ele>216.0</ele>
      </trkpt>
      <trkpt lat="41.571035" lon="-93.626143">
        <ele>216.0</ele>
      </trkpt>
      <trkpt lat="41.570847" lon="-93.626786">
        <ele>215.0</ele>
      </trkpt>
      <trkpt lat="41.57078" lon="-93.627098">
        <ele>214.0</ele>
      </trkpt>
      <trkpt lat="41.570458" lon="-93.628331">
        <ele>213.0</ele>
      </trkpt>
      <trkpt lat="41.570152" lon="-93.62963">
        <ele>214.0</ele>
      </trkpt>
      <trkpt lat="41.570101" lon="-93.629909">
        <ele>214.0</ele>
      </trkpt>
      <trkpt lat="41.570101" lon="-93.63008">
        <ele>214.0</ele>
      </trkpt>
      <trkpt lat="41.57016" lon="-93.630338">
        <ele>213.0</ele>
      </trkpt>
      <trkpt lat="41.570147" lon="-93.630531">
        <ele>213.0</ele>
      </trkpt>
      <trkpt lat="41.569535" lon="-93.632741">
        <ele>214.0</ele>
      </trkpt>
      <trkpt lat="41.569288" lon="-93.633867">
        <ele>217.0</ele>
      </trkpt>
      <trkpt lat="41.569283" lon="-93.634018">
        <ele>217.0</ele>
      </trkpt>
      <trkpt lat="41.569302" lon="-93.634082">
        <ele>217.0</ele>
      </trkpt>
      <trkpt lat="41.569361" lon="-93.6342">
        <ele>217.0</ele>
      </trkpt>
      <trkpt lat="41.569546" lon="-93.634458">
        <ele>217.0</ele>
      </trkpt>
      <trkpt lat="41.569578" lon="-93.634543">
        <ele>217.0</ele>
      </trkpt>
      <trkpt lat="41.569578" lon="-93.634586">
        <ele>217.0</ele>
      </trkpt>
      <trkpt lat="41.569366" lon="-93.634973">
        <ele>216.0</ele>
      </trkpt>
      <trkpt lat="41.569329" lon="-93.635091">
        <ele>216.0</ele>
      </trkpt>
      <trkpt lat="41.569307" lon="-93.63523">
        <ele>216.0</ele>
      </trkpt>
      <trkpt lat="41.569299" lon="-93.635702">
        <ele>215.6</ele>
      </trkpt>
      <trkpt lat="41.569219" lon="-93.636764">
        <ele>214.9</ele>
      </trkpt>
      <trkpt lat="41.569138" lon="-93.637419">
        <ele>214.5</ele>
      </trkpt>
      <trkpt lat="41.569063" lon="-93.637816">
        <ele>214.2</ele>
      </trkpt>
      <trkpt lat="41.568891" lon="-93.638545">
        <ele>213.7</ele>
      </trkpt>
      <trkpt lat="41.568658" lon="-93.639307">
        <ele>213.1</ele>
      </trkpt>
      <trkpt lat="41.568476" lon="-93.6398">
        <ele>212.8</ele>
      </trkpt>
      <trkpt lat="41.56824" lon="-93.640326">
        <ele>212.4</ele>
      </trkpt>
      <trkpt lat="41.568087" lon="-93.640616">
        <ele>212.1</ele>
      </trkpt>
      <trkpt lat="41.56792" lon="-93.640884">
        <ele>212.0</ele>
      </trkpt>
      <trkpt lat="41.567674" lon="-93.641571">
        <ele>212.0</ele>
      </trkpt>
      <trkpt lat="41.567631" lon="-93.641657">
        <ele>212.0</ele>
      </trkpt>
      <trkpt lat="41.567609" lon="-93.641775">
        <ele>212.0</ele>
      </trkpt>
      <trkpt lat="41.567558" lon="-93.641914">
        <ele>213.0</ele>
      </trkpt>
      <trkpt lat="41.567529" lon="-93.642086">
        <ele>213.0</ele>
      </trkpt>
      <trkpt lat="41.567532" lon="-93.642826">
        <ele>212.0</ele>
      </trkpt>
      <trkpt lat="41.567556" lon="-93.643073">
        <ele>212.0</ele>
      </trkpt>
      <trkpt lat="41.567631" lon="-93.64333">
        <ele>211.0</ele>
      </trkpt>
      <trkpt lat="41.567738" lon="-93.643513">
        <ele>210.0</ele>
      </trkpt>
      <trkpt lat="41.56788" lon="-93.643706">
        <ele>210.0</ele>
      </trkpt>
      <trkpt lat="41.568162" lon="-93.64392">
        <ele>209.0</ele>
      </trkpt>
      <trkpt lat="41.568655" lon="-93.644049">
        <ele>210.0</ele>
      </trkpt>
      <trkpt lat="41.568795" lon="-93.644103">
        <ele>210.0</ele>
      </trkpt>
      <trkpt lat="41.568891" lon="-93.644156">
        <ele>210.0</ele>
      </trkpt>
      <trkpt lat="41.569012" lon="-93.644264">
        <ele>210.0</ele>
      </trkpt>
      <trkpt lat="41.569176" lon="-93.644371">
        <ele>210.0</ele>
      </trkpt>
      <trkpt lat="41.56949" lon="-93.64451">
        <ele>209.0</ele>
      </trkpt>
      <trkpt lat="41.5696" lon="-93.644575">
        <ele>209.0</ele>
      </trkpt>
      <trkpt lat="41.569752" lon="-93.644618">
        <ele>209.0</ele>
      </trkpt>
      <trkpt lat="41.569889" lon="-93.644618">
        <ele>208.0</ele>
      </trkpt>
      <trkpt lat="41.569975" lon="-93.644639">
        <ele>208.0</ele>
      </trkpt>
      <trkpt lat="41.570007" lon="-93.644671">
        <ele>208.0</ele>
      </trkpt>
      <trkpt lat="41.570042" lon="-93.644768">
        <ele>208.0</ele>
      </trkpt>
      <trkpt lat="41.570039" lon="-93.644822">
        <ele>208.0</ele>
      </trkpt>
      <trkpt lat="41.569975" lon="-93.644993">
        <ele>208.0</ele>
      </trkpt>
      <trkpt lat="41.569905" lon="-93.645079">
        <ele>208.0</ele>
      </trkpt>
      <trkpt lat="41.569921" lon="-93.645143">
        <ele>208.0</ele>
      </trkpt>
      <trkpt lat="41.56997" lon="-93.645229">
        <ele>209.0</ele>
      </trkpt>
      <trkpt lat="41.56998" lon="-93.645315">
        <ele>209.0</ele>
      </trkpt>
      <trkpt lat="41.569929" lon="-93.64554">
        <ele>210.0</ele>
      </trkpt>
      <trkpt lat="41.569921" lon="-93.645658">
        <ele>210.0</ele>
      </trkpt>
      <trkpt lat="41.569951" lon="-93.645755">
        <ele>211.0</ele>
      </trkpt>
      <trkpt lat="41.570074" lon="-93.645894">
        <ele>211.0</ele>
      </trkpt>
      <trkpt lat="41.570096" lon="-93.645948">
        <ele>211.0</ele>
      </trkpt>
      <trkpt lat="41.570096" lon="-93.646012">
        <ele>211.0</ele>
      </trkpt>
      <trkpt lat="41.570042" lon="-93.646131">
        <ele>212.0</ele>
      </trkpt>
      <trkpt lat="41.570066" lon="-93.646184">
        <ele>212.0</ele>
      </trkpt>
      <trkpt lat="41.570112" lon="-93.646195">
        <ele>212.0</ele>
      </trkpt>
      <trkpt lat="41.570219" lon="-93.646184">
        <ele>213.0</ele>
      </trkpt>
      <trkpt lat="41.570321" lon="-93.646238">
        <ele>214.0</ele>
      </trkpt>
      <trkpt lat="41.570345" lon="-93.646291">
        <ele>214.0</ele>
      </trkpt>
      <trkpt lat="41.570351" lon="-93.646431">
        <ele>214.0</ele>
      </trkpt>
      <trkpt lat="41.570377" lon="-93.646527">
        <ele>214.0</ele>
      </trkpt>
      <trkpt lat="41.570351" lon="-93.646527">
        <ele>214.0</ele>
      </trkpt>
      <trkpt lat="41.570359" lon="-93.646291">
        <ele>217.0</ele>
      </trkpt>
      <trkpt lat="41.570318" lon="-93.646216">
        <ele>217.0</ele>
      </trkpt>
      <trkpt lat="41.570278" lon="-93.646195">
        <ele>217.0</ele>
      </trkpt>
      <trkpt lat="41.570166" lon="-93.646206">
        <ele>218.0</ele>
      </trkpt>
      <trkpt lat="41.570069" lon="-93.646152">
        <ele>218.0</ele>
      </trkpt>
      <trkpt lat="41.570066" lon="-93.646109">
        <ele>217.0</ele>
      </trkpt>
      <trkpt lat="41.570104" lon="-93.64598">
        <ele>217.0</ele>
      </trkpt>
      <trkpt lat="41.570096" lon="-93.645927">
        <ele>217.0</ele>
      </trkpt>
      <trkpt lat="41.570077" lon="-93.645873">
        <ele>216.0</ele>
      </trkpt>
      <trkpt lat="41.569975" lon="-93.645734">
        <ele>216.0</ele>
      </trkpt>
      <trkpt lat="41.569962" lon="-93.645648">
        <ele>215.0</ele>
      </trkpt>
      <trkpt lat="41.57005" lon="-93.645347">
        <ele>214.0</ele>
      </trkpt>
      <trkpt lat="41.57005" lon="-93.645025">
        <ele>212.9</ele>
      </trkpt>
      <trkpt lat="41.570074" lon="-93.644757">
        <ele>212.0</ele>
      </trkpt>
      <trkpt lat="41.569929" lon="-93.644661">
        <ele>211.0</ele>
      </trkpt>
      <trkpt lat="41.569731" lon="-93.644628">
        <ele>211.0</ele>
      </trkpt>
      <trkpt lat="41.569527" lon="-93.644553">
        <ele>211.0</ele>
      </trkpt>
      <trkpt lat="41.569203" lon="-93.644371">
        <ele>211.0</ele>
      </trkpt>
      <trkpt lat="41.56891" lon="-93.644167">
        <ele>212.0</ele>
      </trkpt>
      <trkpt lat="41.568867" lon="-93.644156">
        <ele>212.0</ele>
      </trkpt>
      <trkpt lat="41.568747" lon="-93.644081">
        <ele>213.0</ele>
      </trkpt>
      <trkpt lat="41.568543" lon="-93.644017">
        <ele>213.0</ele>
      </trkpt>
      <trkpt lat="41.568199" lon="-93.643953">
        <ele>213.0</ele>
      </trkpt>
      <trkpt lat="41.568081" lon="-93.643888">
        <ele>213.0</ele>
      </trkpt>
      <trkpt lat="41.567969" lon="-93.643781">
        <ele>213.0</ele>
      </trkpt>
      <trkpt lat="41.567746" lon="-93.643534">
        <ele>213.0</ele>
      </trkpt>
      <trkpt lat="41.567666" lon="-93.643395">
        <ele>213.0</ele>
      </trkpt>
      <trkpt lat="41.567617" lon="-93.643255">
        <ele>213.0</ele>
      </trkpt>
      <trkpt lat="41.567583" lon="-93.643126">
        <ele>213.0</ele>
      </trkpt>
      <trkpt lat="41.567537" lon="-93.642815">
        <ele>214.0</ele>
      </trkpt>
      <trkpt lat="41.567537" lon="-93.64215">
        <ele>214.0</ele>
      </trkpt>
      <trkpt lat="41.567609" lon="-93.641775">
        <ele>214.0</ele>
      </trkpt>
      <trkpt lat="41.567883" lon="-93.64097">
        <ele>213.0</ele>
      </trkpt>
      <trkpt lat="41.568092" lon="-93.640627">
        <ele>212.9</ele>
      </trkpt>
      <trkpt lat="41.568258" lon="-93.640273">
        <ele>212.8</ele>
      </trkpt>
      <trkpt lat="41.568441" lon="-93.639854">
        <ele>212.8</ele>
      </trkpt>
      <trkpt lat="41.568647" lon="-93.639318">
        <ele>212.7</ele>
      </trkpt>
      <trkpt lat="41.568851" lon="-93.638695">
        <ele>212.6</ele>
      </trkpt>
      <trkpt lat="41.568993" lon="-93.638084">
        <ele>212.4</ele>
      </trkpt>
      <trkpt lat="41.569227" lon="-93.636786">
        <ele>212.2</ele>
      </trkpt>
      <trkpt lat="41.569272" lon="-93.63626">
        <ele>212.1</ele>
      </trkpt>
      <trkpt lat="41.569291" lon="-93.635316">
        <ele>212.0</ele>
      </trkpt>
      <trkpt lat="41.569321" lon="-93.635155">
        <ele>212.0</ele>
      </trkpt>
      <trkpt lat="41.569393" lon="-93.63494">
        <ele>212.0</ele>
      </trkpt>
      <trkpt lat="41.569562" lon="-93.634618">
        <ele>213.0</ele>
      </trkpt>
      <trkpt lat="41.569565" lon="-93.634543">
        <ele>213.0</ele>
      </trkpt>
      <trkpt lat="41.569516" lon="-93.634415">
        <ele>213.0</ele>
      </trkpt>
      <trkpt lat="41.569388" lon="-93.634264">
        <ele>212.0</ele>
      </trkpt>
      <trkpt lat="41.569321" lon="-93.634125">
        <ele>212.0</ele>
      </trkpt>
      <trkpt lat="41.569299" lon="-93.633985">
        <ele>212.0</ele>
      </trkpt>
      <trkpt lat="41.569321" lon="-93.633739">
        <ele>212.0</ele>
      </trkpt>
      <trkpt lat="41.569527" lon="-93.632784">
        <ele>213.0</ele>
      </trkpt>
      <trkpt lat="41.569691" lon="-93.63214">
        <ele>214.0</ele>
      </trkpt>
      <trkpt lat="41.569951" lon="-93.631185">
        <ele>213.0</ele>
      </trkpt>
      <trkpt lat="41.570152" lon="-93.630531">
        <ele>213.0</ele>
      </trkpt>
      <trkpt lat="41.57016" lon="-93.630348">
        <ele>213.0</ele>
      </trkpt>
      <trkpt lat="41.570096" lon="-93.630027">
        <ele>213.0</ele>
      </trkpt>
      <trkpt lat="41.570106" lon="-93.629866">
        <ele>214.0</ele>
      </trkpt>
      <trkpt lat="41.570345" lon="-93.628814">
        <ele>214.0</ele>
      </trkpt>
      <trkpt lat="41.570512" lon="-93.628203">
        <ele>213.0</ele>
      </trkpt>
      <trkpt lat="41.570793" lon="-93.62699">
        <ele>214.0</ele>
      </trkpt>
      <trkpt lat="41.571053" lon="-93.626057">
        <ele>215.0</ele>
      </trkpt>
      <trkpt lat="41.571099" lon="-93.62581">
        <ele>215.0</ele>
      </trkpt>
      <trkpt lat="41.571297" lon="-93.62507">
        <ele>215.0</ele>
      </trkpt>
      <trkpt lat="41.571407" lon="-93.624737">
        <ele>215.0</ele>
      </trkpt>
      <trkpt lat="41.571576" lon="-93.624319">
        <ele>215.0</ele>
      </trkpt>
      <trkpt lat="41.57181" lon="-93.623868">
        <ele>215.0</ele>
      </trkpt>
      <trkpt lat="41.571981" lon="-93.623578">
        <ele>215.0</ele>
      </trkpt>
      <trkpt lat="41.572073" lon="-93.62346">
        <ele>214.0</ele>
      </trkpt>
      <trkpt lat="41.572311" lon="-93.623085">
        <ele>214.0</ele>
      </trkpt>
      <trkpt lat="41.572939" lon="-93.622312">
        <ele>215.0</ele>
      </trkpt>
      <trkpt lat="41.573186" lon="-93.621948">
        <ele>215.0</ele>
      </trkpt>
      <trkpt lat="41.573475" lon="-93.621433">
        <ele>215.7</ele>
      </trkpt>
      <trkpt lat="41.573572" lon="-93.621336">
        <ele>215.4</ele>
      </trkpt>
      <trkpt lat="41.573701" lon="-93.621304">
        <ele>215.1</ele>
      </trkpt>
      <trkpt lat="41.57377" lon="-93.621304">
        <ele>215.0</ele>
      </trkpt>
      <trkpt lat="41.573883" lon="-93.621261">
        <ele>215.0</ele>
      </trkpt>
      <trkpt lat="41.573934" lon="-93.621218">
        <ele>215.0</ele>
      </trkpt>
      <trkpt lat="41.574055" lon="-93.621068">
        <ele>215.0</ele>
      </trkpt>
      <trkpt lat="41.574342" lon="-93.6208">
        <ele>215.0</ele>
      </trkpt>
      <trkpt lat="41.574784" lon="-93.620349">
        <ele>215.0</ele>
      </trkpt>
      <trkpt lat="41.575079" lon="-93.620017">
        <ele>215.0</ele>
      </trkpt>
      <trkpt lat="41.57513" lon="-93.619941">
        <ele>214.0</ele>
      </trkpt>
      <trkpt lat="41.575251" lon="-93.619834">
        <ele>214.0</ele>
      </trkpt>
      <trkpt lat="41.575364" lon="-93.619695">
        <ele>214.0</ele>
      </trkpt>
      <trkpt lat="41.575739" lon="-93.619351">
        <ele>214.0</ele>
      </trkpt>
      <trkpt lat="41.57631" lon="-93.618783">
        <ele>214.0</ele>
      </trkpt>
      <trkpt lat="41.576895" lon="-93.618118">
        <ele>215.0</ele>
      </trkpt>
      <trkpt lat="41.577357" lon="-93.617656">
        <ele>213.7</ele>
      </trkpt>
      <trkpt lat="41.577515" lon="-93.617431">
        <ele>213.4</ele>
      </trkpt>
      <trkpt lat="41.577638" lon="-93.617195">
        <ele>213.1</ele>
      </trkpt>
      <trkpt lat="41.577821" lon="-93.616658">
        <ele>213.0</ele>
      </trkpt>
      <trkpt lat="41.578065" lon="-93.616036">
        <ele>214.0</ele>
      </trkpt>
      <trkpt lat="41.578279" lon="-93.615403">
        <ele>213.0</ele>
      </trkpt>
      <trkpt lat="41.578392" lon="-93.614974">
        <ele>213.0</ele>
      </trkpt>
      <trkpt lat="41.578523" lon="-93.614395">
        <ele>213.0</ele>
      </trkpt>
      <trkpt lat="41.578561" lon="-93.614148">
        <ele>213.0</ele>
      </trkpt>
      <trkpt lat="41.578604" lon="-93.613633">
        <ele>213.0</ele>
      </trkpt>
      <trkpt lat="41.578614" lon="-93.612839">
        <ele>213.0</ele>
      </trkpt>
      <trkpt lat="41.578671" lon="-93.612742">
        <ele>213.1</ele>
      </trkpt>
      <trkpt lat="41.578732" lon="-93.61271">
        <ele>213.1</ele>
      </trkpt>
      <trkpt lat="41.578875" lon="-93.612764">
        <ele>213.2</ele>
      </trkpt>
      <trkpt lat="41.579159" lon="-93.612968">
        <ele>213.4</ele>
      </trkpt>
      <trkpt lat="41.579328" lon="-93.613054">
        <ele>213.5</ele>
      </trkpt>
      <trkpt lat="41.579851" lon="-93.61344">
        <ele>213.9</ele>
      </trkpt>
      <trkpt lat="41.580176" lon="-93.613869">
        <ele>213.0</ele>
      </trkpt>
      <trkpt lat="41.58028" lon="-93.614105">
        <ele>213.0</ele>
      </trkpt>
      <trkpt lat="41.580438" lon="-93.614255">
        <ele>212.0</ele>
      </trkpt>
      <trkpt lat="41.580505" lon="-93.614341">
        <ele>212.0</ele>
      </trkpt>
      <trkpt lat="41.580956" lon="-93.61521">
        <ele>212.0</ele>
      </trkpt>
      <trkpt lat="41.581165" lon="-93.615553">
        <ele>211.0</ele>
      </trkpt>
      <trkpt lat="41.581353" lon="-93.615779">
        <ele>211.0</ele>
      </trkpt>
      <trkpt lat="41.581495" lon="-93.615918">
        <ele>211.0</ele>
      </trkpt>
      <trkpt lat="41.58157" lon="-93.616025">
        <ele>211.0</ele>
      </trkpt>
      <trkpt lat="41.581833" lon="-93.61624">
        <ele>211.0</ele>
      </trkpt>
      <trkpt lat="41.582013" lon="-93.616465">
        <ele>212.0</ele>
      </trkpt>
      <trkpt lat="41.582091" lon="-93.616487">
        <ele>212.0</ele>
      </trkpt>
      <trkpt lat="41.58212" lon="-93.616476">
        <ele>212.1</ele>
      </trkpt>
      <trkpt lat="41.58215" lon="-93.616412">
        <ele>212.1</ele>
      </trkpt>
      <trkpt lat="41.582131" lon="-93.615671">
        <ele>212.6</ele>
      </trkpt>
      <trkpt lat="41.582147" lon="-93.614169">
        <ele>213.5</ele>
      </trkpt>
      <trkpt lat="41.582128" lon="-93.613547">
        <ele>213.9</ele>
      </trkpt>
      <trkpt lat="41.582093" lon="-93.613182">
        <ele>214.0</ele>
      </trkpt>
      <trkpt lat="41.582083" lon="-93.611187">
        <ele>211.0</ele>
      </trkpt>
      <trkpt lat="41.58205" lon="-93.610822">
        <ele>211.0</ele>
      </trkpt>
      <trkpt lat="41.582048" lon="-93.610629">
        <ele>211.0</ele>
      </trkpt>
      <trkpt lat="41.582077" lon="-93.610189">
        <ele>210.0</ele>
      </trkpt>
      <trkpt lat="41.582131" lon="-93.609695">
        <ele>210.0</ele>
      </trkpt>
      <trkpt lat="41.582155" lon="-93.609631">
        <ele>210.0</ele>
      </trkpt>
      <trkpt lat="41.58234" lon="-93.608419">
        <ele>209.0</ele>
      </trkpt>
      <trkpt lat="41.582482" lon="-93.607711">
        <ele>209.0</ele>
      </trkpt>
      <trkpt lat="41.582539" lon="-93.607314">
        <ele>208.0</ele>
      </trkpt>
      <trkpt lat="41.582579" lon="-93.607185">
        <ele>208.0</ele>
      </trkpt>
      <trkpt lat="41.582624" lon="-93.606927">
        <ele>208.0</ele>
      </trkpt>
      <trkpt lat="41.582734" lon="-93.606605">
        <ele>208.0</ele>
      </trkpt>
      <trkpt lat="41.582914" lon="-93.605747">
        <ele>208.0</ele>
      </trkpt>
      <trkpt lat="41.583324" lon="-93.603655">
        <ele>206.0</ele>
      </trkpt>
      <trkpt lat="41.583794" lon="-93.601402">
        <ele>207.0</ele>
      </trkpt>
      <trkpt lat="41.584089" lon="-93.599868">
        <ele>207.0</ele>
      </trkpt>
      <trkpt lat="41.584244" lon="-93.599213">
        <ele>206.0</ele>
      </trkpt>
      <trkpt lat="41.584354" lon="-93.598827">
        <ele>206.0</ele>
      </trkpt>
      <trkpt lat="41.584513" lon="-93.598355">
        <ele>207.0</ele>
      </trkpt>
      <trkpt lat="41.584639" lon="-93.597829">
        <ele>207.0</ele>
      </trkpt>
      <trkpt lat="41.584679" lon="-93.597518">
        <ele>208.0</ele>
      </trkpt>
      <trkpt lat="41.584711" lon="-93.597068">
        <ele>208.6</ele>
      </trkpt>
      <trkpt lat="41.584706" lon="-93.596789">
        <ele>209.3</ele>
      </trkpt>
      <trkpt lat="41.584625" lon="-93.596402">
        <ele>210.0</ele>
      </trkpt>
      <trkpt lat="41.584623" lon="-93.596209">
        <ele>210.0</ele>
      </trkpt>
      <trkpt lat="41.58466" lon="-93.596113">
        <ele>210.0</ele>
      </trkpt>
      <trkpt lat="41.584714" lon="-93.596038">
        <ele>211.0</ele>
      </trkpt>
      <trkpt lat="41.58473" lon="-93.595973">
        <ele>211.0</ele>
      </trkpt>
      <trkpt lat="41.584722" lon="-93.595351">
        <ele>210.0</ele>
      </trkpt>
      <trkpt lat="41.584751" lon="-93.594718">
        <ele>209.0</ele>
      </trkpt>
      <trkpt lat="41.584816" lon="-93.594042">
        <ele>209.0</ele>
      </trkpt>
      <trkpt lat="41.584885" lon="-93.593677">
        <ele>208.0</ele>
      </trkpt>
      <trkpt lat="41.58503" lon="-93.59224">
        <ele>208.0</ele>
      </trkpt>
      <trkpt lat="41.585081" lon="-93.591596">
        <ele>208.0</ele>
      </trkpt>
      <trkpt lat="41.585111" lon="-93.59092">
        <ele>208.0</ele>
      </trkpt>
      <trkpt lat="41.585127" lon="-93.589482">
        <ele>208.0</ele>
      </trkpt>
      <trkpt lat="41.585108" lon="-93.587455">
        <ele>208.0</ele>
      </trkpt>
      <trkpt lat="41.58513" lon="-93.587122">
        <ele>208.0</ele>
      </trkpt>
      <trkpt lat="41.585119" lon="-93.586929">
        <ele>209.0</ele>
      </trkpt>
      <trkpt lat="41.585146" lon="-93.586596">
        <ele>209.0</ele>
      </trkpt>
      <trkpt lat="41.585154" lon="-93.584483">
        <ele>210.0</ele>
      </trkpt>
      <trkpt lat="41.585138" lon="-93.58371">
        <ele>209.0</ele>
      </trkpt>
      <trkpt lat="41.585167" lon="-93.579923">
        <ele>217.4</ele>
      </trkpt>
      <trkpt lat="41.585154" lon="-93.578646">
        <ele>219.0</ele>
      </trkpt>
      <trkpt lat="41.585127" lon="-93.578067">
        <ele>218.7</ele>
      </trkpt>
      <trkpt lat="41.585036" lon="-93.577241">
        <ele>218.0</ele>
      </trkpt>
      <trkpt lat="41.584947" lon="-93.576693">
        <ele>217.0</ele>
      </trkpt>
      <trkpt lat="41.584607" lon="-93.575363">
        <ele>212.0</ele>
      </trkpt>
      <trkpt lat="41.584548" lon="-93.575041">
        <ele>211.0</ele>
      </trkpt>
      <trkpt lat="41.583885" lon="-93.572906">
        <ele>208.0</ele>
      </trkpt>
      <trkpt lat="41.583008" lon="-93.569967">
        <ele>208.0</ele>
      </trkpt>
      <trkpt lat="41.582871" lon="-93.569248">
        <ele>209.0</ele>
      </trkpt>
      <trkpt lat="41.582879" lon="-93.56913">
        <ele>209.0</ele>
      </trkpt>
      <trkpt lat="41.582903" lon="-93.569055">
        <ele>209.0</ele>
      </trkpt>
      <trkpt lat="41.582978" lon="-93.568969">
        <ele>209.0</ele>
      </trkpt>
      <trkpt lat="41.583075" lon="-93.568904">
        <ele>209.0</ele>
      </trkpt>
      <trkpt lat="41.583365" lon="-93.568786">
        <ele>210.0</ele>
      </trkpt>
      <trkpt lat="41.583547" lon="-93.568647">
        <ele>210.0</ele>
      </trkpt>
      <trkpt lat="41.583657" lon="-93.568518">
        <ele>210.0</ele>
      </trkpt>
      <trkpt lat="41.583807" lon="-93.568293">
        <ele>210.0</ele>
      </trkpt>
      <trkpt lat="41.583882" lon="-93.568121">
        <ele>210.0</ele>
      </trkpt>
      <trkpt lat="41.583965" lon="-93.567874">
        <ele>210.0</ele>
      </trkpt>
      <trkpt lat="41.584" lon="-93.567703">
        <ele>210.0</ele>
      </trkpt>
      <trkpt lat="41.584081" lon="-93.567059">
        <ele>210.0</ele>
      </trkpt>
      <trkpt lat="41.584151" lon="-93.5659">
        <ele>211.0</ele>
      </trkpt>
      <trkpt lat="41.584137" lon="-93.565332">
        <ele>210.0</ele>
      </trkpt>
      <trkpt lat="41.584156" lon="-93.564838">
        <ele>210.0</ele>
      </trkpt>
      <trkpt lat="41.584145" lon="-93.564291">
        <ele>210.0</ele>
      </trkpt>
      <trkpt lat="41.584169" lon="-93.562885">
        <ele>209.0</ele>
      </trkpt>
      <trkpt lat="41.584161" lon="-93.562317">
        <ele>209.0</ele>
      </trkpt>
      <trkpt lat="41.584177" lon="-93.560858">
        <ele>208.0</ele>
      </trkpt>
      <trkpt lat="41.584196" lon="-93.560257">
        <ele>209.0</ele>
      </trkpt>
      <trkpt lat="41.584188" lon="-93.559592">
        <ele>209.0</ele>
      </trkpt>
      <trkpt lat="41.584204" lon="-93.559248">
        <ele>208.0</ele>
      </trkpt>
      <trkpt lat="41.584204" lon="-93.558669">
        <ele>208.0</ele>
      </trkpt>
      <trkpt lat="41.584172" lon="-93.558326">
        <ele>208.0</ele>
      </trkpt>
      <trkpt lat="41.584124" lon="-93.556384">
        <ele>208.0</ele>
      </trkpt>
      <trkpt lat="41.584105" lon="-93.556137">
        <ele>208.0</ele>
      </trkpt>
      <trkpt lat="41.584081" lon="-93.555053">
        <ele>207.0</ele>
      </trkpt>
      <trkpt lat="41.584016" lon="-93.553305">
        <ele>206.0</ele>
      </trkpt>
      <trkpt lat="41.583912" lon="-93.551148">
        <ele>208.0</ele>
      </trkpt>
      <trkpt lat="41.583864" lon="-93.54971">
        <ele>209.0</ele>
      </trkpt>
      <trkpt lat="41.583818" lon="-93.547575">
        <ele>208.0</ele>
      </trkpt>
      <trkpt lat="41.583665" lon="-93.544035">
        <ele>204.0</ele>
      </trkpt>
      <trkpt lat="41.583464" lon="-93.537523">
        <ele>205.0</ele>
      </trkpt>
      <trkpt lat="41.58337" lon="-93.536214">
        <ele>207.0</ele>
      </trkpt>
      <trkpt lat="41.583306" lon="-93.535033">
        <ele>208.0</ele>
      </trkpt>
      <trkpt lat="41.583177" lon="-93.53336">
        <ele>207.4</ele>
      </trkpt>
      <trkpt lat="41.583139" lon="-93.532512">
        <ele>208.4</ele>
      </trkpt>
      <trkpt lat="41.583139" lon="-93.53218">
        <ele>208.8</ele>
      </trkpt>
      <trkpt lat="41.583166" lon="-93.532083">
        <ele>208.9</ele>
      </trkpt>
      <trkpt lat="41.583239" lon="-93.532019">
        <ele>209.0</ele>
      </trkpt>
      <trkpt lat="41.58337" lon="-93.532019">
        <ele>209.0</ele>
      </trkpt>
      <trkpt lat="41.58352" lon="-93.531986">
        <ele>209.0</ele>
      </trkpt>
      <trkpt lat="41.583614" lon="-93.531954">
        <ele>209.0</ele>
      </trkpt>
      <trkpt lat="41.583689" lon="-93.53189">
        <ele>209.0</ele>
      </trkpt>
      <trkpt lat="41.583762" lon="-93.531729">
        <ele>209.0</ele>
      </trkpt>
      <trkpt lat="41.583856" lon="-93.531332">
        <ele>209.0</ele>
      </trkpt>
      <trkpt lat="41.584081" lon="-93.530656">
        <ele>209.0</ele>
      </trkpt>
      <trkpt lat="41.584255" lon="-93.530291">
        <ele>208.0</ele>
      </trkpt>
      <trkpt lat="41.584472" lon="-93.529926">
        <ele>208.0</ele>
      </trkpt>
      <trkpt lat="41.584864" lon="-93.529379">
        <ele>208.0</ele>
      </trkpt>
      <trkpt lat="41.585175" lon="-93.529025">
        <ele>208.0</ele>
      </trkpt>
      <trkpt lat="41.585695" lon="-93.528639">
        <ele>207.0</ele>
      </trkpt>
      <trkpt lat="41.5858" lon="-93.528542">
        <ele>208.0</ele>
      </trkpt>
      <trkpt lat="41.586151" lon="-93.528328">
        <ele>208.0</ele>
      </trkpt>
      <trkpt lat="41.586476" lon="-93.528146">
        <ele>209.0</ele>
      </trkpt>
      <trkpt lat="41.586602" lon="-93.528092">
        <ele>210.0</ele>
      </trkpt>
      <trkpt lat="41.586897" lon="-93.527899">
        <ele>210.0</ele>
      </trkpt>
      <trkpt lat="41.587098" lon="-93.527791">
        <ele>211.0</ele>
      </trkpt>
      <trkpt lat="41.587208" lon="-93.527759">
        <ele>211.0</ele>
      </trkpt>
      <trkpt lat="41.587503" lon="-93.527609">
        <ele>212.0</ele>
      </trkpt>
      <trkpt lat="41.587865" lon="-93.527394">
        <ele>213.0</ele>
      </trkpt>
      <trkpt lat="41.588383" lon="-93.527158">
        <ele>214.0</ele>
      </trkpt>
      <trkpt lat="41.588791" lon="-93.527051">
        <ele>213.0</ele>
      </trkpt>
      <trkpt lat="41.588987" lon="-93.527051">
        <ele>213.0</ele>
      </trkpt>
      <trkpt lat="41.589547" lon="-93.526998">
        <ele>213.0</ele>
      </trkpt>
      <trkpt lat="41.590186" lon="-93.52689">
        <ele>212.0</ele>
      </trkpt>
      <trkpt lat="41.590971" lon="-93.526611">
        <ele>215.0</ele>
      </trkpt>
      <trkpt lat="41.591698" lon="-93.526289">
        <ele>216.0</ele>
      </trkpt>
      <trkpt lat="41.591744" lon="-93.526246">
        <ele>216.0</ele>
      </trkpt>
      <trkpt lat="41.591897" lon="-93.526161">
        <ele>217.0</ele>
      </trkpt>
      <trkpt lat="41.592203" lon="-93.525914">
        <ele>218.0</ele>
      </trkpt>
      <trkpt lat="41.592575" lon="-93.525538">
        <ele>218.0</ele>
      </trkpt>
      <trkpt lat="41.593404" lon="-93.524755">
        <ele>218.0</ele>
      </trkpt>
      <trkpt lat="41.594013" lon="-93.524305">
        <ele>218.0</ele>
      </trkpt>
      <trkpt lat="41.594389" lon="-93.524079">
        <ele>218.0</ele>
      </trkpt>
      <trkpt lat="41.595309" lon="-93.523586">
        <ele>216.0</ele>
      </trkpt>
      <trkpt lat="41.596314" lon="-93.523146">
        <ele>219.0</ele>
      </trkpt>
      <trkpt lat="41.596564" lon="-93.523017">
        <ele>219.0</ele>
      </trkpt>
      <trkpt lat="41.596786" lon="-93.522878">
        <ele>219.0</ele>
      </trkpt>
      <trkpt lat="41.596848" lon="-93.522856">
        <ele>219.0</ele>
      </trkpt>
      <trkpt lat="41.596907" lon="-93.522803">
        <ele>219.0</ele>
      </trkpt>
      <trkpt lat="41.597151" lon="-93.522674">
        <ele>219.0</ele>
      </trkpt>
      <trkpt lat="41.597599" lon="-93.522352">
        <ele>218.0</ele>
      </trkpt>
      <trkpt lat="41.597857" lon="-93.522127">
        <ele>218.0</ele>
      </trkpt>
      <trkpt lat="41.597977" lon="-93.522052">
        <ele>218.0</ele>
      </trkpt>
      <trkpt lat="41.598227" lon="-93.521848">
        <ele>218.0</ele>
      </trkpt>
      <trkpt lat="41.598846" lon="-93.521279">
        <ele>220.0</ele>
      </trkpt>
      <trkpt lat="41.598962" lon="-93.521193">
        <ele>220.0</ele>
      </trkpt>
      <trkpt lat="41.599294" lon="-93.520871">
        <ele>220.0</ele>
      </trkpt>
      <trkpt lat="41.599611" lon="-93.520614">
        <ele>219.0</ele>
      </trkpt>
      <trkpt lat="41.599785" lon="-93.520389">
        <ele>218.4</ele>
      </trkpt>
      <trkpt lat="41.599962" lon="-93.520099">
        <ele>217.2</ele>
      </trkpt>
      <trkpt lat="41.600075" lon="-93.519638">
        <ele>217.0</ele>
      </trkpt>
      <trkpt lat="41.600142" lon="-93.519498">
        <ele>216.0</ele>
      </trkpt>
      <trkpt lat="41.600265" lon="-93.51938">
        <ele>216.0</ele>
      </trkpt>
      <trkpt lat="41.600426" lon="-93.519294">
        <ele>215.0</ele>
      </trkpt>
      <trkpt lat="41.60055" lon="-93.519198">
        <ele>215.0</ele>
      </trkpt>
      <trkpt lat="41.600657" lon="-93.519026">
        <ele>214.0</ele>
      </trkpt>
      <trkpt lat="41.600933" lon="-93.518554">
        <ele>213.0</ele>
      </trkpt>
      <trkpt lat="41.601011" lon="-93.518393">
        <ele>213.0</ele>
      </trkpt>
      <trkpt lat="41.601065" lon="-93.518125">
        <ele>214.0</ele>
      </trkpt>
      <trkpt lat="41.601148" lon="-93.517846">
        <ele>214.0</ele>
      </trkpt>
      <trkpt lat="41.601231" lon="-93.517674">
        <ele>215.0</ele>
      </trkpt>
      <trkpt lat="41.601344" lon="-93.517502">
        <ele>215.0</ele>
      </trkpt>
      <trkpt lat="41.601673" lon="-93.517127">
        <ele>215.0</ele>
      </trkpt>
      <trkpt lat="41.601808" lon="-93.516655">
        <ele>215.0</ele>
      </trkpt>
      <trkpt lat="41.602113" lon="-93.516226">
        <ele>218.0</ele>
      </trkpt>
      <trkpt lat="41.602204" lon="-93.516065">
        <ele>218.0</ele>
      </trkpt>
      <trkpt lat="41.60228" lon="-93.515882">
        <ele>219.0</ele>
      </trkpt>
      <trkpt lat="41.602384" lon="-93.515732">
        <ele>219.0</ele>
      </trkpt>
      <trkpt lat="41.602449" lon="-93.515593">
        <ele>219.0</ele>
      </trkpt>
      <trkpt lat="41.60261" lon="-93.515024">
        <ele>219.0</ele>
      </trkpt>
      <trkpt lat="41.602647" lon="-93.514402">
        <ele>220.0</ele>
      </trkpt>
      <trkpt lat="41.602639" lon="-93.514295">
        <ele>220.0</ele>
      </trkpt>
      <trkpt lat="41.60261" lon="-93.514198">
        <ele>220.0</ele>
      </trkpt>
      <trkpt lat="41.602513" lon="-93.514005">
        <ele>220.0</ele>
      </trkpt>
      <trkpt lat="41.602432" lon="-93.513769">
        <ele>219.0</ele>
      </trkpt>
      <trkpt lat="41.602424" lon="-93.513511">
        <ele>219.0</ele>
      </trkpt>
      <trkpt lat="41.602532" lon="-93.513168">
        <ele>218.0</ele>
      </trkpt>
      <trkpt lat="41.602703" lon="-93.512717">
        <ele>216.0</ele>
      </trkpt>
      <trkpt lat="41.602803" lon="-93.512503">
        <ele>215.0</ele>
      </trkpt>
      <trkpt lat="41.60306" lon="-93.511816">
        <ele>214.0</ele>
      </trkpt>
      <trkpt lat="41.603532" lon="-93.510357">
        <ele>217.0</ele>
      </trkpt>
      <trkpt lat="41.603642" lon="-93.5101">
        <ele>217.0</ele>
      </trkpt>
      <trkpt lat="41.603776" lon="-93.509681">
        <ele>216.0</ele>
      </trkpt>
      <trkpt lat="41.604018" lon="-93.509123">
        <ele>215.0</ele>
      </trkpt>
      <trkpt lat="41.604138" lon="-93.508909">
        <ele>215.0</ele>
      </trkpt>
      <trkpt lat="41.604318" lon="-93.508662">
        <ele>217.0</ele>
      </trkpt>
      <trkpt lat="41.60442" lon="-93.508447">
        <ele>218.0</ele>
      </trkpt>
      <trkpt lat="41.604479" lon="-93.508362">
        <ele>218.0</ele>
      </trkpt>
      <trkpt lat="41.604935" lon="-93.507063">
        <ele>220.0</ele>
      </trkpt>
      <trkpt lat="41.605166" lon="-93.506516">
        <ele>221.0</ele>
      </trkpt>
      <trkpt lat="41.605225" lon="-93.506323">
        <ele>221.0</ele>
      </trkpt>
      <trkpt lat="41.605394" lon="-93.505894">
        <ele>220.0</ele>
      </trkpt>
      <trkpt lat="41.60545" lon="-93.505712">
        <ele>220.0</ele>
      </trkpt>
      <trkpt lat="41.605466" lon="-93.505583">
        <ele>220.0</ele>
      </trkpt>
      <trkpt lat="41.605466" lon="-93.504993">
        <ele>220.0</ele>
      </trkpt>
      <trkpt lat="41.605482" lon="-93.504832">
        <ele>220.0</ele>
      </trkpt>
      <trkpt lat="41.60552" lon="-93.504682">
        <ele>220.0</ele>
      </trkpt>
      <trkpt lat="41.605555" lon="-93.504628">
        <ele>220.0</ele>
      </trkpt>
      <trkpt lat="41.605801" lon="-93.504016">
        <ele>219.0</ele>
      </trkpt>
      <trkpt lat="41.605943" lon="-93.503576">
        <ele>218.0</ele>
      </trkpt>
      <trkpt lat="41.605927" lon="-93.503019">
        <ele>221.0</ele>
      </trkpt>
      <trkpt lat="41.605992" lon="-93.502783">
        <ele>222.0</ele>
      </trkpt>
      <trkpt lat="41.606123" lon="-93.502471">
        <ele>222.0</ele>
      </trkpt>
      <trkpt lat="41.606263" lon="-93.502021">
        <ele>224.0</ele>
      </trkpt>
      <trkpt lat="41.606721" lon="-93.500798">
        <ele>225.0</ele>
      </trkpt>
      <trkpt lat="41.606939" lon="-93.500165">
        <ele>223.0</ele>
      </trkpt>
      <trkpt lat="41.607392" lon="-93.499167">
        <ele>221.0</ele>
      </trkpt>
      <trkpt lat="41.607475" lon="-93.499017">
        <ele>221.0</ele>
      </trkpt>
      <trkpt lat="41.607979" lon="-93.498244">
        <ele>221.0</ele>
      </trkpt>
      <trkpt lat="41.608052" lon="-93.498158">
        <ele>221.0</ele>
      </trkpt>
      <trkpt lat="41.608186" lon="-93.497933">
        <ele>222.0</ele>
      </trkpt>
      <trkpt lat="41.608331" lon="-93.497804">
        <ele>222.0</ele>
      </trkpt>
      <trkpt lat="41.608486" lon="-93.49759">
        <ele>222.0</ele>
      </trkpt>
      <trkpt lat="41.608685" lon="-93.497375">
        <ele>221.0</ele>
      </trkpt>
      <trkpt lat="41.608972" lon="-93.496817">
        <ele>220.0</ele>
      </trkpt>
      <trkpt lat="41.609074" lon="-93.49656">
        <ele>220.0</ele>
      </trkpt>
      <trkpt lat="41.609114" lon="-93.496495">
        <ele>220.0</ele>
      </trkpt>
      <trkpt lat="41.609162" lon="-93.496453">
        <ele>220.0</ele>
      </trkpt>
      <trkpt lat="41.609205" lon="-93.49642">
        <ele>220.0</ele>
      </trkpt>
      <trkpt lat="41.609291" lon="-93.496388">
        <ele>220.0</ele>
      </trkpt>
      <trkpt lat="41.609715" lon="-93.496388">
        <ele>221.0</ele>
      </trkpt>
      <trkpt lat="41.6099" lon="-93.496356">
        <ele>222.0</ele>
      </trkpt>
      <trkpt lat="41.610289" lon="-93.496238">
        <ele>225.0</ele>
      </trkpt>
      <trkpt lat="41.611008" lon="-93.495895">
        <ele>229.0</ele>
      </trkpt>
      <trkpt lat="41.611185" lon="-93.495787">
        <ele>229.0</ele>
      </trkpt>
      <trkpt lat="41.612244" lon="-93.49539">
        <ele>233.0</ele>
      </trkpt>
      <trkpt lat="41.612593" lon="-93.495315">
        <ele>235.0</ele>
      </trkpt>
      <trkpt lat="41.61318" lon="-93.49524">
        <ele>235.0</ele>
      </trkpt>
      <trkpt lat="41.613497" lon="-93.495337">
        <ele>234.0</ele>
      </trkpt>
      <trkpt lat="41.613947" lon="-93.495412">
        <ele>235.0</ele>
      </trkpt>
      <trkpt lat="41.614012" lon="-93.495401">
        <ele>235.0</ele>
      </trkpt>
      <trkpt lat="41.614449" lon="-93.495262">
        <ele>235.0</ele>
      </trkpt>
      <trkpt lat="41.614679" lon="-93.495208">
        <ele>235.0</ele>
      </trkpt>
      <trkpt lat="41.614969" lon="-93.495101">
        <ele>235.0</ele>
      </trkpt>
      <trkpt lat="41.615224" lon="-93.495047">
        <ele>234.0</ele>
      </trkpt>
      <trkpt lat="41.616045" lon="-93.494822">
        <ele>232.0</ele>
      </trkpt>
      <trkpt lat="41.616235" lon="-93.494757">
        <ele>231.0</ele>
      </trkpt>
      <trkpt lat="41.616289" lon="-93.494757">
        <ele>231.0</ele>
      </trkpt>
      <trkpt lat="41.616353" lon="-93.494725">
        <ele>231.0</ele>
      </trkpt>
      <trkpt lat="41.617147" lon="-93.494543">
        <ele>230.0</ele>
      </trkpt>
      <trkpt lat="41.617356" lon="-93.494521">
        <ele>230.0</ele>
      </trkpt>
      <trkpt lat="41.617689" lon="-93.494435">
        <ele>230.0</ele>
      </trkpt>
      <trkpt lat="41.61808" lon="-93.494403">
        <ele>230.0</ele>
      </trkpt>
      <trkpt lat="41.618185" lon="-93.494371">
        <ele>231.0</ele>
      </trkpt>
      <trkpt lat="41.618239" lon="-93.49435">
        <ele>231.0</ele>
      </trkpt>
      <trkpt lat="41.618276" lon="-93.494307">
        <ele>231.0</ele>
      </trkpt>
      <trkpt lat="41.618311" lon="-93.494253">
        <ele>231.0</ele>
      </trkpt>
      <trkpt lat="41.618333" lon="-93.494178">
        <ele>231.0</ele>
      </trkpt>
      <trkpt lat="41.618432" lon="-93.493255">
        <ele>230.4</ele>
      </trkpt>
      <trkpt lat="41.618504" lon="-93.492719">
        <ele>232.0</ele>
      </trkpt>
      <trkpt lat="41.618528" lon="-93.492633">
        <ele>232.0</ele>
      </trkpt>
      <trkpt lat="41.618569" lon="-93.492601">
        <ele>232.0</ele>
      </trkpt>
      <trkpt lat="41.618574" lon="-93.492612">
        <ele>232.0</ele>
      </trkpt>
      <trkpt lat="41.618646" lon="-93.49259">
        <ele>232.0</ele>
      </trkpt>
      <trkpt lat="41.618917" lon="-93.492569">
        <ele>232.0</ele>
      </trkpt>
      <trkpt lat="41.619097" lon="-93.492536">
        <ele>233.0</ele>
      </trkpt>
      <trkpt lat="41.619363" lon="-93.492461">
        <ele>233.0</ele>
      </trkpt>
      <trkpt lat="41.620006" lon="-93.492322">
        <ele>234.0</ele>
      </trkpt>
      <trkpt lat="41.62024" lon="-93.492354">
        <ele>234.0</ele>
      </trkpt>
      <trkpt lat="41.620425" lon="-93.492408">
        <ele>233.0</ele>
      </trkpt>
      <trkpt lat="41.62061" lon="-93.492429">
        <ele>233.0</ele>
      </trkpt>
      <trkpt lat="41.621136" lon="-93.492569">
        <ele>233.0</ele>
      </trkpt>
      <trkpt lat="41.621468" lon="-93.492622">
        <ele>233.0</ele>
      </trkpt>
      <trkpt lat="41.622206" lon="-93.492783">
        <ele>234.0</ele>
      </trkpt>
      <trkpt lat="41.622372" lon="-93.492826">
        <ele>234.0</ele>
      </trkpt>
      <trkpt lat="41.622434" lon="-93.492858">
        <ele>234.0</ele>
      </trkpt>
      <trkpt lat="41.622742" lon="-93.492933">
        <ele>233.0</ele>
      </trkpt>
      <trkpt lat="41.622879" lon="-93.492987">
        <ele>232.0</ele>
      </trkpt>
      <trkpt lat="41.622957" lon="-93.492998">
        <ele>232.0</ele>
      </trkpt>
      <trkpt lat="41.623507" lon="-93.493191">
        <ele>230.0</ele>
      </trkpt>
      <trkpt lat="41.623834" lon="-93.493266">
        <ele>229.0</ele>
      </trkpt>
      <trkpt lat="41.624604" lon="-93.493223">
        <ele>230.0</ele>
      </trkpt>
      <trkpt lat="41.625132" lon="-93.493148">
        <ele>230.0</ele>
      </trkpt>
      <trkpt lat="41.62576" lon="-93.493116">
        <ele>232.0</ele>
      </trkpt>
      <trkpt lat="41.626181" lon="-93.493062">
        <ele>233.0</ele>
      </trkpt>
      <trkpt lat="41.626653" lon="-93.493041">
        <ele>234.0</ele>
      </trkpt>
      <trkpt lat="41.626959" lon="-93.492987">
        <ele>235.0</ele>
      </trkpt>
      <trkpt lat="41.62764" lon="-93.492933">
        <ele>236.0</ele>
      </trkpt>
      <trkpt lat="41.628855" lon="-93.492751">
        <ele>238.0</ele>
      </trkpt>
      <trkpt lat="41.629515" lon="-93.492697">
        <ele>238.0</ele>
      </trkpt>
      <trkpt lat="41.629906" lon="-93.492622">
        <ele>237.6</ele>
      </trkpt>
      <trkpt lat="41.630169" lon="-93.49259">
        <ele>237.2</ele>
      </trkpt>
      <trkpt lat="41.630386" lon="-93.492526">
        <ele>237.0</ele>
      </trkpt>
      <trkpt lat="41.630781" lon="-93.492397">
        <ele>236.0</ele>
      </trkpt>
      <trkpt lat="41.630936" lon="-93.492322">
        <ele>236.0</ele>
      </trkpt>
      <trkpt lat="41.631258" lon="-93.492204">
        <ele>236.0</ele>
      </trkpt>
      <trkpt lat="41.63136" lon="-93.49214">
        <ele>236.0</ele>
      </trkpt>
      <trkpt lat="41.631521" lon="-93.492075">
        <ele>236.0</ele>
      </trkpt>
      <trkpt lat="41.631674" lon="-93.491979">
        <ele>236.0</ele>
      </trkpt>
      <trkpt lat="41.631821" lon="-93.491914">
        <ele>236.0</ele>
      </trkpt>
      <trkpt lat="41.632248" lon="-93.491667">
        <ele>236.0</ele>
      </trkpt>
      <trkpt lat="41.632653" lon="-93.491399">
        <ele>236.0</ele>
      </trkpt>
      <trkpt lat="41.632758" lon="-93.491346">
        <ele>236.0</ele>
      </trkpt>
      <trkpt lat="41.633095" lon="-93.491099">
        <ele>236.0</ele>
      </trkpt>
      <trkpt lat="41.6332" lon="-93.491045">
        <ele>236.0</ele>
      </trkpt>
      <trkpt lat="41.633755" lon="-93.49067">
        <ele>237.0</ele>
      </trkpt>
      <trkpt lat="41.633962" lon="-93.490552">
        <ele>237.0</ele>
      </trkpt>
      <trkpt lat="41.634254" lon="-93.490337">
        <ele>237.0</ele>
      </trkpt>
      <trkpt lat="41.635166" lon="-93.489758">
        <ele>238.0</ele>
      </trkpt>
      <trkpt lat="41.635247" lon="-93.489683">
        <ele>238.0</ele>
      </trkpt>
      <trkpt lat="41.635389" lon="-93.489608">
        <ele>239.0</ele>
      </trkpt>
      <trkpt lat="41.635544" lon="-93.4895">
        <ele>239.0</ele>
      </trkpt>
      <trkpt lat="41.635807" lon="-93.489361">
        <ele>240.0</ele>
      </trkpt>
      <trkpt lat="41.636065" lon="-93.489178">
        <ele>240.0</ele>
      </trkpt>
      <trkpt lat="41.636258" lon="-93.489082">
        <ele>241.0</ele>
      </trkpt>
      <trkpt lat="41.636301" lon="-93.489028">
        <ele>241.0</ele>
      </trkpt>
      <trkpt lat="41.636411" lon="-93.488975">
        <ele>241.0</ele>
      </trkpt>
      <trkpt lat="41.636647" lon="-93.488803">
        <ele>240.0</ele>
      </trkpt>
      <trkpt lat="41.636904" lon="-93.488653">
        <ele>239.0</ele>
      </trkpt>
      <trkpt lat="41.637132" lon="-93.488492">
        <ele>239.0</ele>
      </trkpt>
      <trkpt lat="41.637223" lon="-93.488449">
        <ele>240.0</ele>
      </trkpt>
      <trkpt lat="41.637315" lon="-93.488374">
        <ele>240.0</ele>
      </trkpt>
      <trkpt lat="41.637449" lon="-93.488309">
        <ele>242.0</ele>
      </trkpt>
      <trkpt lat="41.637543" lon="-93.488234">
        <ele>242.0</ele>
      </trkpt>
      <trkpt lat="41.637768" lon="-93.488105">
        <ele>243.0</ele>
      </trkpt>
      <trkpt lat="41.637811" lon="-93.488052">
        <ele>243.0</ele>
      </trkpt>
      <trkpt lat="41.638243" lon="-93.487773">
        <ele>242.0</ele>
      </trkpt>
      <trkpt lat="41.638506" lon="-93.487548">
        <ele>241.0</ele>
      </trkpt>
      <trkpt lat="41.638921" lon="-93.487247">
        <ele>240.0</ele>
      </trkpt>
      <trkpt lat="41.63902" lon="-93.487151">
        <ele>240.0</ele>
      </trkpt>
      <trkpt lat="41.639439" lon="-93.486829">
        <ele>240.0</ele>
      </trkpt>
      <trkpt lat="41.6396" lon="-93.486721">
        <ele>240.0</ele>
      </trkpt>
      <trkpt lat="41.639817" lon="-93.486625">
        <ele>241.0</ele>
      </trkpt>
      <trkpt lat="41.639954" lon="-93.486507">
        <ele>242.0</ele>
      </trkpt>
      <trkpt lat="41.640413" lon="-93.485895">
        <ele>244.0</ele>
      </trkpt>
      <trkpt lat="41.641233" lon="-93.485005">
        <ele>245.0</ele>
      </trkpt>
      <trkpt lat="41.641974" lon="-93.484061">
        <ele>245.0</ele>
      </trkpt>
      <trkpt lat="41.642022" lon="-93.483986">
        <ele>245.0</ele>
      </trkpt>
      <trkpt lat="41.642065" lon="-93.483868">
        <ele>245.0</ele>
      </trkpt>
      <trkpt lat="41.642078" lon="-93.483707">
        <ele>245.0</ele>
      </trkpt>
      <trkpt lat="41.642073" lon="-93.483428">
        <ele>245.0</ele>
      </trkpt>
      <trkpt lat="41.64214" lon="-93.483213">
        <ele>245.0</ele>
      </trkpt>
      <trkpt lat="41.642869" lon="-93.482087">
        <ele>246.0</ele>
      </trkpt>
      <trkpt lat="41.642945" lon="-93.482022">
        <ele>246.0</ele>
      </trkpt>
      <trkpt lat="41.643116" lon="-93.481947">
        <ele>246.0</ele>
      </trkpt>
      <trkpt lat="41.643296" lon="-93.481926">
        <ele>246.0</ele>
      </trkpt>
      <trkpt lat="41.643384" lon="-93.481958">
        <ele>246.0</ele>
      </trkpt>
      <trkpt lat="41.643529" lon="-93.482108">
        <ele>247.0</ele>
      </trkpt>
      <trkpt lat="41.643559" lon="-93.482162">
        <ele>247.0</ele>
      </trkpt>
      <trkpt lat="41.643629" lon="-93.482194">
        <ele>247.0</ele>
      </trkpt>
      <trkpt lat="41.643666" lon="-93.482194">
        <ele>247.0</ele>
      </trkpt>
      <trkpt lat="41.643747" lon="-93.48213">
        <ele>247.1</ele>
      </trkpt>
      <trkpt lat="41.643875" lon="-93.481947">
        <ele>247.5</ele>
      </trkpt>
      <trkpt lat="41.644047" lon="-93.481743">
        <ele>248.1</ele>
      </trkpt>
      <trkpt lat="41.64449" lon="-93.48126">
        <ele>249.5</ele>
      </trkpt>
      <trkpt lat="41.644514" lon="-93.481196">
        <ele>249.7</ele>
      </trkpt>
      <trkpt lat="41.644554" lon="-93.480649">
        <ele>250.0</ele>
      </trkpt>
      <trkpt lat="41.644608" lon="-93.480467">
        <ele>250.0</ele>
      </trkpt>
      <trkpt lat="41.644677" lon="-93.480306">
        <ele>250.0</ele>
      </trkpt>
      <trkpt lat="41.644897" lon="-93.479909">
        <ele>249.0</ele>
      </trkpt>
      <trkpt lat="41.645074" lon="-93.479512">
        <ele>249.0</ele>
      </trkpt>
      <trkpt lat="41.645482" lon="-93.478525">
        <ele>249.0</ele>
      </trkpt>
      <trkpt lat="41.645616" lon="-93.478128">
        <ele>249.0</ele>
      </trkpt>
      <trkpt lat="41.645737" lon="-93.477838">
        <ele>249.0</ele>
      </trkpt>
      <trkpt lat="41.645841" lon="-93.477634">
        <ele>249.0</ele>
      </trkpt>
      <trkpt lat="41.645927" lon="-93.477505">
        <ele>249.0</ele>
      </trkpt>
      <trkpt lat="41.646166" lon="-93.477248">
        <ele>248.0</ele>
      </trkpt>
      <trkpt lat="41.646364" lon="-93.477108">
        <ele>247.0</ele>
      </trkpt>
      <trkpt lat="41.646713" lon="-93.476926">
        <ele>246.0</ele>
      </trkpt>
      <trkpt lat="41.646818" lon="-93.476829">
        <ele>246.0</ele>
      </trkpt>
      <trkpt lat="41.646882" lon="-93.476744">
        <ele>245.0</ele>
      </trkpt>
      <trkpt lat="41.646885" lon="-93.476679">
        <ele>245.0</ele>
      </trkpt>
      <trkpt lat="41.646866" lon="-93.476636">
        <ele>245.0</ele>
      </trkpt>
      <trkpt lat="41.64678" lon="-93.476604">
        <ele>245.0</ele>
      </trkpt>
      <trkpt lat="41.646582" lon="-93.476636">
        <ele>244.0</ele>
      </trkpt>
      <trkpt lat="41.646324" lon="-93.476711">
        <ele>243.0</ele>
      </trkpt>
      <trkpt lat="41.64622" lon="-93.476669">
        <ele>243.0</ele>
      </trkpt>
      <trkpt lat="41.646008" lon="-93.476508">
        <ele>243.0</ele>
      </trkpt>
      <trkpt lat="41.645935" lon="-93.476422">
        <ele>243.0</ele>
      </trkpt>
      <trkpt lat="41.645908" lon="-93.476304">
        <ele>243.0</ele>
      </trkpt>
      <trkpt lat="41.645924" lon="-93.476164">
        <ele>243.0</ele>
      </trkpt>
      <trkpt lat="41.646211" lon="-93.475574">
        <ele>246.0</ele>
      </trkpt>
      <trkpt lat="41.646284" lon="-93.47537">
        <ele>247.0</ele>
      </trkpt>
      <trkpt lat="41.646802" lon="-93.474212">
        <ele>249.0</ele>
      </trkpt>
      <trkpt lat="41.647161" lon="-93.473343">
        <ele>250.0</ele>
      </trkpt>
      <trkpt lat="41.647223" lon="-93.473214">
        <ele>251.0</ele>
      </trkpt>
      <trkpt lat="41.647416" lon="-93.472946">
        <ele>251.0</ele>
      </trkpt>
      <trkpt lat="41.64748" lon="-93.472806">
        <ele>252.0</ele>
      </trkpt>
      <trkpt lat="41.647705" lon="-93.472227">
        <ele>252.0</ele>
      </trkpt>
      <trkpt lat="41.648038" lon="-93.471465">
        <ele>253.0</ele>
      </trkpt>
      <trkpt lat="41.64833" lon="-93.470746">
        <ele>254.0</ele>
      </trkpt>
      <trkpt lat="41.648435" lon="-93.470532">
        <ele>254.0</ele>
      </trkpt>
      <trkpt lat="41.648813" lon="-93.469609">
        <ele>255.0</ele>
      </trkpt>
      <trkpt lat="41.648953" lon="-93.469341">
        <ele>255.0</ele>
      </trkpt>
      <trkpt lat="41.64898" lon="-93.469137">
        <ele>255.0</ele>
      </trkpt>
      <trkpt lat="41.649076" lon="-93.468965">
        <ele>256.0</ele>
      </trkpt>
      <trkpt lat="41.649248" lon="-93.468397">
        <ele>257.0</ele>
      </trkpt>
      <trkpt lat="41.649409" lon="-93.468085">
        <ele>258.0</ele>
      </trkpt>
      <trkpt lat="41.649527" lon="-93.467925">
        <ele>258.0</ele>
      </trkpt>
      <trkpt lat="41.649599" lon="-93.467796">
        <ele>259.0</ele>
      </trkpt>
      <trkpt lat="41.650187" lon="-93.46638">
        <ele>259.0</ele>
      </trkpt>
      <trkpt lat="41.650339" lon="-93.465972">
        <ele>260.0</ele>
      </trkpt>
      <trkpt lat="41.650471" lon="-93.465478">
        <ele>261.0</ele>
      </trkpt>
      <trkpt lat="41.650782" lon="-93.464727">
        <ele>261.0</ele>
      </trkpt>
      <trkpt lat="41.650822" lon="-93.464491">
        <ele>260.0</ele>
      </trkpt>
      <trkpt lat="41.650846" lon="-93.464448">
        <ele>260.0</ele>
      </trkpt>
      <trkpt lat="41.651002" lon="-93.464395">
        <ele>260.0</ele>
      </trkpt>
      <trkpt lat="41.651066" lon="-93.46433">
        <ele>260.0</ele>
      </trkpt>
      <trkpt lat="41.651324" lon="-93.463708">
        <ele>259.0</ele>
      </trkpt>
      <trkpt lat="41.651399" lon="-93.463429">
        <ele>259.0</ele>
      </trkpt>
      <trkpt lat="41.651453" lon="-93.463086">
        <ele>258.0</ele>
      </trkpt>
      <trkpt lat="41.65174" lon="-93.46241">
        <ele>257.0</ele>
      </trkpt>
      <trkpt lat="41.651807" lon="-93.462217">
        <ele>257.0</ele>
      </trkpt>
      <trkpt lat="41.65186" lon="-93.46182">
        <ele>257.0</ele>
      </trkpt>
      <trkpt lat="41.652139" lon="-93.461251">
        <ele>257.0</ele>
      </trkpt>
      <trkpt lat="41.652402" lon="-93.460586">
        <ele>257.0</ele>
      </trkpt>
      <trkpt lat="41.652638" lon="-93.459846">
        <ele>257.0</ele>
      </trkpt>
      <trkpt lat="41.652826" lon="-93.459095">
        <ele>257.0</ele>
      </trkpt>
      <trkpt lat="41.652965" lon="-93.458472">
        <ele>256.0</ele>
      </trkpt>
      <trkpt lat="41.653081" lon="-93.4577">
        <ele>255.0</ele>
      </trkpt>
      <trkpt lat="41.653105" lon="-93.457324">
        <ele>254.0</ele>
      </trkpt>
      <trkpt lat="41.653185" lon="-93.456616">
        <ele>252.0</ele>
      </trkpt>
      <trkpt lat="41.653236" lon="-93.455619">
        <ele>251.0</ele>
      </trkpt>
      <trkpt lat="41.65326" lon="-93.455501">
        <ele>251.0</ele>
      </trkpt>
      <trkpt lat="41.653284" lon="-93.455468">
        <ele>251.0</ele>
      </trkpt>
      <trkpt lat="41.653352" lon="-93.455436">
        <ele>251.0</ele>
      </trkpt>
      <trkpt lat="41.653542" lon="-93.455511">
        <ele>252.0</ele>
      </trkpt>
      <trkpt lat="41.653628" lon="-93.455586">
        <ele>252.0</ele>
      </trkpt>
      <trkpt lat="41.653706" lon="-93.455747">
        <ele>252.0</ele>
      </trkpt>
      <trkpt lat="41.653767" lon="-93.456016">
        <ele>251.0</ele>
      </trkpt>
      <trkpt lat="41.653872" lon="-93.456209">
        <ele>250.0</ele>
      </trkpt>
      <trkpt lat="41.653971" lon="-93.456305">
        <ele>250.0</ele>
      </trkpt>
      <trkpt lat="41.654145" lon="-93.456348">
        <ele>250.0</ele>
      </trkpt>
      <trkpt lat="41.654263" lon="-93.456327">
        <ele>249.0</ele>
      </trkpt>
      <trkpt lat="41.654373" lon="-93.456252">
        <ele>249.0</ele>
      </trkpt>
      <trkpt lat="41.654465" lon="-93.456134">
        <ele>248.0</ele>
      </trkpt>
      <trkpt lat="41.654609" lon="-93.455833">
        <ele>248.0</ele>
      </trkpt>
      <trkpt lat="41.654813" lon="-93.45534">
        <ele>247.0</ele>
      </trkpt>
      <trkpt lat="41.654848" lon="-93.455147">
        <ele>246.0</ele>
      </trkpt>
      <trkpt lat="41.654832" lon="-93.454664">
        <ele>245.0</ele>
      </trkpt>
      <trkpt lat="41.654848" lon="-93.454556">
        <ele>244.0</ele>
      </trkpt>
      <trkpt lat="41.65488" lon="-93.454481">
        <ele>244.0</ele>
      </trkpt>
      <trkpt lat="41.65498" lon="-93.454353">
        <ele>244.0</ele>
      </trkpt>
      <trkpt lat="41.655205" lon="-93.45417">
        <ele>244.0</ele>
      </trkpt>
      <trkpt lat="41.65531" lon="-93.454063">
        <ele>244.0</ele>
      </trkpt>
      <trkpt lat="41.655436" lon="-93.45387">
        <ele>245.0</ele>
      </trkpt>
      <trkpt lat="41.655489" lon="-93.45372">
        <ele>245.0</ele>
      </trkpt>
      <trkpt lat="41.65591" lon="-93.452786">
        <ele>247.0</ele>
      </trkpt>
      <trkpt lat="41.656082" lon="-93.452496">
        <ele>247.0</ele>
      </trkpt>
      <trkpt lat="41.656495" lon="-93.45166">
        <ele>248.0</ele>
      </trkpt>
      <trkpt lat="41.657192" lon="-93.45049">
        <ele>250.0</ele>
      </trkpt>
      <trkpt lat="41.657541" lon="-93.449943">
        <ele>249.0</ele>
      </trkpt>
      <trkpt lat="41.65819" lon="-93.44887">
        <ele>245.0</ele>
      </trkpt>
      <trkpt lat="41.658314" lon="-93.448645">
        <ele>245.0</ele>
      </trkpt>
      <trkpt lat="41.658407" lon="-93.448409">
        <ele>245.0</ele>
      </trkpt>
      <trkpt lat="41.658493" lon="-93.448065">
        <ele>245.0</ele>
      </trkpt>
      <trkpt lat="41.658534" lon="-93.44769">
        <ele>245.0</ele>
      </trkpt>
      <trkpt lat="41.658539" lon="-93.44534">
        <ele>242.0</ele>
      </trkpt>
      <trkpt lat="41.658571" lon="-93.445233">
        <ele>242.0</ele>
      </trkpt>
      <trkpt lat="41.658745" lon="-93.445104">
        <ele>242.0</ele>
      </trkpt>
      <trkpt lat="41.659242" lon="-93.445029">
        <ele>242.0</ele>
      </trkpt>
      <trkpt lat="41.660097" lon="-93.444772">
        <ele>242.0</ele>
      </trkpt>
      <trkpt lat="41.660256" lon="-93.444761">
        <ele>242.0</ele>
      </trkpt>
      <trkpt lat="41.660336" lon="-93.44474">
        <ele>242.0</ele>
      </trkpt>
      <trkpt lat="41.660416" lon="-93.444761">
        <ele>242.0</ele>
      </trkpt>
      <trkpt lat="41.660577" lon="-93.444772">
        <ele>242.0</ele>
      </trkpt>
      <trkpt lat="41.660733" lon="-93.444815">
        <ele>242.0</ele>
      </trkpt>
      <trkpt lat="41.660966" lon="-93.444922">
        <ele>242.0</ele>
      </trkpt>
      <trkpt lat="41.661272" lon="-93.445029">
        <ele>242.0</ele>
      </trkpt>
      <trkpt lat="41.661672" lon="-93.445104">
        <ele>242.0</ele>
      </trkpt>
      <trkpt lat="41.662401" lon="-93.445115">
        <ele>243.0</ele>
      </trkpt>
      <trkpt lat="41.663903" lon="-93.445104">
        <ele>245.0</ele>
      </trkpt>
      <trkpt lat="41.664027" lon="-93.445126">
        <ele>245.0</ele>
      </trkpt>
      <trkpt lat="41.664209" lon="-93.445126">
        <ele>245.0</ele>
      </trkpt>
      <trkpt lat="41.664392" lon="-93.445104">
        <ele>246.0</ele>
      </trkpt>
      <trkpt lat="41.665835" lon="-93.445104">
        <ele>249.0</ele>
      </trkpt>
      <trkpt lat="41.666234" lon="-93.445136">
        <ele>250.0</ele>
      </trkpt>
      <trkpt lat="41.666642" lon="-93.445104">
        <ele>251.0</ele>
      </trkpt>
      <trkpt lat="41.667905" lon="-93.445115">
        <ele>255.0</ele>
      </trkpt>
      <trkpt lat="41.669088" lon="-93.445094">
        <ele>257.0</ele>
      </trkpt>
      <trkpt lat="41.669354" lon="-93.44504">
        <ele>257.0</ele>
      </trkpt>
      <trkpt lat="41.669544" lon="-93.444976">
        <ele>257.0</ele>
      </trkpt>
      <trkpt lat="41.669847" lon="-93.444772">
        <ele>257.0</ele>
      </trkpt>
      <trkpt lat="41.670164" lon="-93.444439">
        <ele>257.0</ele>
      </trkpt>
      <trkpt lat="41.670571" lon="-93.443913">
        <ele>258.0</ele>
      </trkpt>
      <trkpt lat="41.670888" lon="-93.443549">
        <ele>258.0</ele>
      </trkpt>
      <trkpt lat="41.67107" lon="-93.443441">
        <ele>258.0</ele>
      </trkpt>
      <trkpt lat="41.67114" lon="-93.44342">
        <ele>258.0</ele>
      </trkpt>
      <trkpt lat="41.671277" lon="-93.44342">
        <ele>258.0</ele>
      </trkpt>
      <trkpt lat="41.671408" lon="-93.443495">
        <ele>259.0</ele>
      </trkpt>
      <trkpt lat="41.671564" lon="-93.443634">
        <ele>259.1</ele>
      </trkpt>
      <trkpt lat="41.672543" lon="-93.444815">
        <ele>259.0</ele>
      </trkpt>
      <trkpt lat="41.672749" lon="-93.445029">
        <ele>259.0</ele>
      </trkpt>
      <trkpt lat="41.67291" lon="-93.445104">
        <ele>258.0</ele>
      </trkpt>
      <trkpt lat="41.673661" lon="-93.445094">
        <ele>258.0</ele>
      </trkpt>
      <trkpt lat="41.674745" lon="-93.445104">
        <ele>260.0</ele>
      </trkpt>
      <trkpt lat="41.675206" lon="-93.445083">
        <ele>260.0</ele>
      </trkpt>
      <trkpt lat="41.675351" lon="-93.445094">
        <ele>260.0</ele>
      </trkpt>
      <trkpt lat="41.675423" lon="-93.445083">
        <ele>261.0</ele>
      </trkpt>
      <trkpt lat="41.676156" lon="-93.445083">
        <ele>261.0</ele>
      </trkpt>
      <trkpt lat="41.676781" lon="-93.445104">
        <ele>261.0</ele>
      </trkpt>
      <trkpt lat="41.677583" lon="-93.445094">
        <ele>261.0</ele>
      </trkpt>
      <trkpt lat="41.680769" lon="-93.445104">
        <ele>263.0</ele>
      </trkpt>
      <trkpt lat="41.683312" lon="-93.445094">
        <ele>264.0</ele>
      </trkpt>
      <trkpt lat="41.684567" lon="-93.445072">
        <ele>264.0</ele>
      </trkpt>
      <trkpt lat="41.686753" lon="-93.445072">
        <ele>265.0</ele>
      </trkpt>
      <trkpt lat="41.686831" lon="-93.445061">
        <ele>265.0</ele>
      </trkpt>
      <trkpt lat="41.687657" lon="-93.445061">
        <ele>265.0</ele>
      </trkpt>
      <trkpt lat="41.688397" lon="-93.445083">
        <ele>265.0</ele>
      </trkpt>
      <trkpt lat="41.688475" lon="-93.44519">
        <ele>265.0</ele>
      </trkpt>
      <trkpt lat="41.688488" lon="-93.445373">
        <ele>265.0</ele>
      </trkpt>
      <trkpt lat="41.688478" lon="-93.453666">
        <ele>262.0</ele>
      </trkpt>
      <trkpt lat="41.688494" lon="-93.45814">
        <ele>254.0</ele>
      </trkpt>
      <trkpt lat="41.688478" lon="-93.458966">
        <ele>254.0</ele>
      </trkpt>
      <trkpt lat="41.688467" lon="-93.45902">
        <ele>254.0</ele>
      </trkpt>
      <trkpt lat="41.688416" lon="-93.459009">
        <ele>254.0</ele>
      </trkpt>
      <trkpt lat="41.688416" lon="-93.458945">
        <ele>254.0</ele>
      </trkpt>
      <trkpt lat="41.688443" lon="-93.458848">
        <ele>254.0</ele>
      </trkpt>
      <trkpt lat="41.688488" lon="-93.458762">
        <ele>254.0</ele>
      </trkpt>
      <trkpt lat="41.688515" lon="-93.45873">
        <ele>254.0</ele>
      </trkpt>
      <trkpt lat="41.688585" lon="-93.45873">
        <ele>254.0</ele>
      </trkpt>
      <trkpt lat="41.688703" lon="-93.458784">
        <ele>254.0</ele>
      </trkpt>
      <trkpt lat="41.68881" lon="-93.45888">
        <ele>255.0</ele>
      </trkpt>
      <trkpt lat="41.68884" lon="-93.458934">
        <ele>255.0</ele>
      </trkpt>
      <trkpt lat="41.688947" lon="-93.459052">
        <ele>255.0</ele>
      </trkpt>
      <trkpt lat="41.689009" lon="-93.459159">
        <ele>255.0</ele>
      </trkpt>
      <trkpt lat="41.689057" lon="-93.459299">
        <ele>254.0</ele>
      </trkpt>
      <trkpt lat="41.689049" lon="-93.459449">
        <ele>254.0</ele>
      </trkpt>
      <trkpt lat="41.689012" lon="-93.459524">
        <ele>254.0</ele>
      </trkpt>
      <trkpt lat="41.688848" lon="-93.459642">
        <ele>253.0</ele>
      </trkpt>
      <trkpt lat="41.688813" lon="-93.459696">
        <ele>253.0</ele>
      </trkpt>
      <trkpt lat="41.688786" lon="-93.459846">
        <ele>253.0</ele>
      </trkpt>
      <trkpt lat="41.688829" lon="-93.459974">
        <ele>253.0</ele>
      </trkpt>
      <trkpt lat="41.688918" lon="-93.460135">
        <ele>253.0</ele>
      </trkpt>
      <trkpt lat="41.689009" lon="-93.460243">
        <ele>253.0</ele>
      </trkpt>
      <trkpt lat="41.689049" lon="-93.460339">
        <ele>253.0</ele>
      </trkpt>
      <trkpt lat="41.689065" lon="-93.460575">
        <ele>253.2</ele>
      </trkpt>
      <trkpt lat="41.689175" lon="-93.460575">
        <ele>253.4</ele>
      </trkpt>
      <trkpt lat="41.689226" lon="-93.46064">
        <ele>253.5</ele>
      </trkpt>
      <trkpt lat="41.689274" lon="-93.460801">
        <ele>253.7</ele>
      </trkpt>
      <trkpt lat="41.689245" lon="-93.460865">
        <ele>253.8</ele>
      </trkpt>
      <trkpt lat="41.689089" lon="-93.461026">
        <ele>254.0</ele>
      </trkpt>
      <trkpt lat="41.688955" lon="-93.46123">
        <ele>254.0</ele>
      </trkpt>
      <trkpt lat="41.688851" lon="-93.461348">
        <ele>254.0</ele>
      </trkpt>
      <trkpt lat="41.688649" lon="-93.461627">
        <ele>258.0</ele>
      </trkpt>
      <trkpt lat="41.688558" lon="-93.461895">
        <ele>258.0</ele>
      </trkpt>
      <trkpt lat="41.688521" lon="-93.461949">
        <ele>258.0</ele>
      </trkpt>
      <trkpt lat="41.688505" lon="-93.462099">
        <ele>258.0</ele>
      </trkpt>
      <trkpt lat="41.688534" lon="-93.462324">
        <ele>258.0</ele>
      </trkpt>
      <trkpt lat="41.688542" lon="-93.462657">
        <ele>258.0</ele>
      </trkpt>
      <trkpt lat="41.688588" lon="-93.462828">
        <ele>256.0</ele>
      </trkpt>
      <trkpt lat="41.688633" lon="-93.462893">
        <ele>256.0</ele>
      </trkpt>
      <trkpt lat="41.688633" lon="-93.462957">
        <ele>256.0</ele>
      </trkpt>
      <trkpt lat="41.688679" lon="-93.463086">
        <ele>253.0</ele>
      </trkpt>
      <trkpt lat="41.688794" lon="-93.463225">
        <ele>253.0</ele>
      </trkpt>
      <trkpt lat="41.688985" lon="-93.463365">
        <ele>252.0</ele>
      </trkpt>
      <trkpt lat="41.689076" lon="-93.463408">
        <ele>252.0</ele>
      </trkpt>
      <trkpt lat="41.689299" lon="-93.463472">
        <ele>252.0</ele>
      </trkpt>
      <trkpt lat="41.689505" lon="-93.463483">
        <ele>252.0</ele>
      </trkpt>
      <trkpt lat="41.68965" lon="-93.463515">
        <ele>253.0</ele>
      </trkpt>
      <trkpt lat="41.689813" lon="-93.463515">
        <ele>253.0</ele>
      </trkpt>
      <trkpt lat="41.689859" lon="-93.463536">
        <ele>253.0</ele>
      </trkpt>
      <trkpt lat="41.690058" lon="-93.463536">
        <ele>253.0</ele>
      </trkpt>
      <trkpt lat="41.690412" lon="-93.463569">
        <ele>254.0</ele>
      </trkpt>
      <trkpt lat="41.691286" lon="-93.463536">
        <ele>255.0</ele>
      </trkpt>
      <trkpt lat="41.692083" lon="-93.463536">
        <ele>255.0</ele>
      </trkpt>
      <trkpt lat="41.692252" lon="-93.46359">
        <ele>255.0</ele>
      </trkpt>
      <trkpt lat="41.692303" lon="-93.463622">
        <ele>255.0</ele>
      </trkpt>
      <trkpt lat="41.692426" lon="-93.463644">
        <ele>255.0</ele>
      </trkpt>
      <trkpt lat="41.692608" lon="-93.463622">
        <ele>255.0</ele>
      </trkpt>
      <trkpt lat="41.692922" lon="-93.463515">
        <ele>255.0</ele>
      </trkpt>
      <trkpt lat="41.693056" lon="-93.463504">
        <ele>255.0</ele>
      </trkpt>
      <trkpt lat="41.693775" lon="-93.463515">
        <ele>255.0</ele>
      </trkpt>
      <trkpt lat="41.693837" lon="-93.463536">
        <ele>255.0</ele>
      </trkpt>
      <trkpt lat="41.694025" lon="-93.463536">
        <ele>255.0</ele>
      </trkpt>
      <trkpt lat="41.694089" lon="-93.463515">
        <ele>255.0</ele>
      </trkpt>
      <trkpt lat="41.694483" lon="-93.463483">
        <ele>256.0</ele>
      </trkpt>
      <trkpt lat="41.695336" lon="-93.463472">
        <ele>256.0</ele>
      </trkpt>
      <trkpt lat="41.69573" lon="-93.463386">
        <ele>256.0</ele>
      </trkpt>
      <trkpt lat="41.696095" lon="-93.463193">
        <ele>257.0</ele>
      </trkpt>
      <trkpt lat="41.696412" lon="-93.463075">
        <ele>257.0</ele>
      </trkpt>
      <trkpt lat="41.696581" lon="-93.463086">
        <ele>257.0</ele>
      </trkpt>
      <trkpt lat="41.696726" lon="-93.463161">
        <ele>257.0</ele>
      </trkpt>
      <trkpt lat="41.696862" lon="-93.463139">
        <ele>258.0</ele>
      </trkpt>
      <trkpt lat="41.696911" lon="-93.463064">
        <ele>258.0</ele>
      </trkpt>
      <trkpt lat="41.696897" lon="-93.462775">
        <ele>257.0</ele>
      </trkpt>
      <trkpt lat="41.696911" lon="-93.462185">
        <ele>257.0</ele>
      </trkpt>
      <trkpt lat="41.696959" lon="-93.462034">
        <ele>257.0</ele>
      </trkpt>
      <trkpt lat="41.697004" lon="-93.461981">
        <ele>257.0</ele>
      </trkpt>
      <trkpt lat="41.697061" lon="-93.461959">
        <ele>257.0</ele>
      </trkpt>
      <trkpt lat="41.697241" lon="-93.461981">
        <ele>257.0</ele>
      </trkpt>
      <trkpt lat="41.698533" lon="-93.461981">
        <ele>259.0</ele>
      </trkpt>
      <trkpt lat="41.698724" lon="-93.461959">
        <ele>260.0</ele>
      </trkpt>
      <trkpt lat="41.699762" lon="-93.461959">
        <ele>262.0</ele>
      </trkpt>
      <trkpt lat="41.699807" lon="-93.46197">
        <ele>262.0</ele>
      </trkpt>
      <trkpt lat="41.70018" lon="-93.461959">
        <ele>263.0</ele>
      </trkpt>
      <trkpt lat="41.700325" lon="-93.461981">
        <ele>264.0</ele>
      </trkpt>
      <trkpt lat="41.700601" lon="-93.461981">
        <ele>264.0</ele>
      </trkpt>
      <trkpt lat="41.700802" lon="-93.461959">
        <ele>264.0</ele>
      </trkpt>
      <trkpt lat="41.701081" lon="-93.461959">
        <ele>265.0</ele>
      </trkpt>
      <trkpt lat="41.701154" lon="-93.461981">
        <ele>265.0</ele>
      </trkpt>
      <trkpt lat="41.701202" lon="-93.462024">
        <ele>265.0</ele>
      </trkpt>
      <trkpt lat="41.701226" lon="-93.46211">
        <ele>265.0</ele>
      </trkpt>
      <trkpt lat="41.701116" lon="-93.462399">
        <ele>265.0</ele>
      </trkpt>
      <trkpt lat="41.701116" lon="-93.462442">
        <ele>265.0</ele>
      </trkpt>
      <trkpt lat="41.701157" lon="-93.462485">
        <ele>266.0</ele>
      </trkpt>
      <trkpt lat="41.701197" lon="-93.462485">
        <ele>266.0</ele>
      </trkpt>
      <trkpt lat="41.701216" lon="-93.462431">
        <ele>265.0</ele>
      </trkpt>
      <trkpt lat="41.701253" lon="-93.462496">
        <ele>265.0</ele>
      </trkpt>
      <trkpt lat="41.701226" lon="-93.462549">
        <ele>265.0</ele>
      </trkpt>
      <trkpt lat="41.701189" lon="-93.462549">
        <ele>265.0</ele>
      </trkpt>
      <trkpt lat="41.701154" lon="-93.462517">
        <ele>265.0</ele>
      </trkpt>
      <trkpt lat="41.701119" lon="-93.462549">
        <ele>265.0</ele>
      </trkpt>
      <trkpt lat="41.701098" lon="-93.462753">
        <ele>265.0</ele>
      </trkpt>
      <trkpt lat="41.701063" lon="-93.462839">
        <ele>265.0</ele>
      </trkpt>
      <trkpt lat="41.700982" lon="-93.462957">
        <ele>265.0</ele>
      </trkpt>
      <trkpt lat="41.700953" lon="-93.463064">
        <ele>265.0</ele>
      </trkpt>
      <trkpt lat="41.700958" lon="-93.463247">
        <ele>265.0</ele>
      </trkpt>
      <trkpt lat="41.700937" lon="-93.463429">
        <ele>265.0</ele>
      </trkpt>
      <trkpt lat="41.700864" lon="-93.463676">
        <ele>265.0</ele>
      </trkpt>
      <trkpt lat="41.700709" lon="-93.464363">
        <ele>264.0</ele>
      </trkpt>
      <trkpt lat="41.700532" lon="-93.464985">
        <ele>263.0</ele>
      </trkpt>
      <trkpt lat="41.70032" lon="-93.465854">
        <ele>263.0</ele>
      </trkpt>
      <trkpt lat="41.700271" lon="-93.466004">
        <ele>264.0</ele>
      </trkpt>
      <trkpt lat="41.700113" lon="-93.466766">
        <ele>263.0</ele>
      </trkpt>
      <trkpt lat="41.69996" lon="-93.467324">
        <ele>263.0</ele>
      </trkpt>
      <trkpt lat="41.698903" lon="-93.471916">
        <ele>262.0</ele>
      </trkpt>
      <trkpt lat="41.698681" lon="-93.472956">
        <ele>261.0</ele>
      </trkpt>
      <trkpt lat="41.697983" lon="-93.475896">
        <ele>259.0</ele>
      </trkpt>
      <trkpt lat="41.697675" lon="-93.477302">
        <ele>259.0</ele>
      </trkpt>
      <trkpt lat="41.697412" lon="-93.478385">
        <ele>259.0</ele>
      </trkpt>
      <trkpt lat="41.697348" lon="-93.478718">
        <ele>259.0</ele>
      </trkpt>
      <trkpt lat="41.697007" lon="-93.480123">
        <ele>258.0</ele>
      </trkpt>
      <trkpt lat="41.696801" lon="-93.481078">
        <ele>259.0</ele>
      </trkpt>
      <trkpt lat="41.696422" lon="-93.482655">
        <ele>261.0</ele>
      </trkpt>
      <trkpt lat="41.696245" lon="-93.48346">
        <ele>261.0</ele>
      </trkpt>
      <trkpt lat="41.696178" lon="-93.483696">
        <ele>262.0</ele>
      </trkpt>
      <trkpt lat="41.696168" lon="-93.483803">
        <ele>262.0</ele>
      </trkpt>
      <trkpt lat="41.695832" lon="-93.485198">
        <ele>262.0</ele>
      </trkpt>
      <trkpt lat="41.695162" lon="-93.488159">
        <ele>261.0</ele>
      </trkpt>
      <trkpt lat="41.694223" lon="-93.49214">
        <ele>260.0</ele>
      </trkpt>
      <trkpt lat="41.694008" lon="-93.492987">
        <ele>260.0</ele>
      </trkpt>
      <trkpt lat="41.693247" lon="-93.496324">
        <ele>259.0</ele>
      </trkpt>
      <trkpt lat="41.693062" lon="-93.497">
        <ele>259.0</ele>
      </trkpt>
      <trkpt lat="41.69285" lon="-93.497665">
        <ele>259.0</ele>
      </trkpt>
      <trkpt lat="41.692523" lon="-93.498534">
        <ele>259.0</ele>
      </trkpt>
      <trkpt lat="41.692324" lon="-93.498995">
        <ele>259.0</ele>
      </trkpt>
      <trkpt lat="41.691831" lon="-93.500004">
        <ele>259.0</ele>
      </trkpt>
      <trkpt lat="41.691434" lon="-93.50069">
        <ele>258.0</ele>
      </trkpt>
      <trkpt lat="41.690953" lon="-93.501431">
        <ele>258.0</ele>
      </trkpt>
      <trkpt lat="41.689948" lon="-93.502761">
        <ele>257.0</ele>
      </trkpt>
      <trkpt lat="41.689851" lon="-93.502868">
        <ele>257.0</ele>
      </trkpt>
      <trkpt lat="41.689725" lon="-93.502965">
        <ele>257.0</ele>
      </trkpt>
      <trkpt lat="41.689679" lon="-93.503019">
        <ele>258.0</ele>
      </trkpt>
      <trkpt lat="41.689607" lon="-93.503287">
        <ele>258.0</ele>
      </trkpt>
      <trkpt lat="41.689336" lon="-93.503587">
        <ele>257.0</ele>
      </trkpt>
      <trkpt lat="41.688641" lon="-93.504499">
        <ele>256.0</ele>
      </trkpt>
      <trkpt lat="41.68855" lon="-93.504606">
        <ele>256.0</ele>
      </trkpt>
      <trkpt lat="41.688354" lon="-93.504767">
        <ele>256.0</ele>
      </trkpt>
      <trkpt lat="41.688089" lon="-93.505229">
        <ele>255.0</ele>
      </trkpt>
      <trkpt lat="41.687716" lon="-93.505744">
        <ele>255.0</ele>
      </trkpt>
      <trkpt lat="41.687123" lon="-93.506463">
        <ele>255.0</ele>
      </trkpt>
      <trkpt lat="41.686361" lon="-93.507514">
        <ele>256.0</ele>
      </trkpt>
      <trkpt lat="41.686139" lon="-93.507771">
        <ele>256.0</ele>
      </trkpt>
      <trkpt lat="41.686091" lon="-93.507857">
        <ele>256.0</ele>
      </trkpt>
      <trkpt lat="41.685924" lon="-93.508061">
        <ele>256.0</ele>
      </trkpt>
      <trkpt lat="41.685254" lon="-93.508995">
        <ele>259.0</ele>
      </trkpt>
      <trkpt lat="41.685042" lon="-93.509252">
        <ele>259.0</ele>
      </trkpt>
      <trkpt lat="41.684994" lon="-93.509338">
        <ele>259.0</ele>
      </trkpt>
      <trkpt lat="41.684677" lon="-93.509756">
        <ele>259.0</ele>
      </trkpt>
      <trkpt lat="41.684428" lon="-93.510143">
        <ele>259.0</ele>
      </trkpt>
      <trkpt lat="41.684213" lon="-93.510432">
        <ele>259.0</ele>
      </trkpt>
      <trkpt lat="41.68376" lon="-93.511183">
        <ele>258.0</ele>
      </trkpt>
      <trkpt lat="41.683502" lon="-93.51158">
        <ele>257.0</ele>
      </trkpt>
      <trkpt lat="41.682832" lon="-93.512717">
        <ele>256.0</ele>
      </trkpt>
      <trkpt lat="41.682545" lon="-93.513232">
        <ele>256.0</ele>
      </trkpt>
      <trkpt lat="41.682145" lon="-93.513898">
        <ele>255.0</ele>
      </trkpt>
      <trkpt lat="41.681394" lon="-93.515249">
        <ele>253.0</ele>
      </trkpt>
      <trkpt lat="41.680855" lon="-93.516151">
        <ele>252.0</ele>
      </trkpt>
      <trkpt lat="41.679476" lon="-93.518554">
        <ele>249.0</ele>
      </trkpt>
      <trkpt lat="41.679305" lon="-93.518811">
        <ele>248.0</ele>
      </trkpt>
      <trkpt lat="41.678143" lon="-93.520775">
        <ele>246.0</ele>
      </trkpt>
      <trkpt lat="41.677977" lon="-93.521032">
        <ele>246.0</ele>
      </trkpt>
      <trkpt lat="41.677392" lon="-93.522073">
        <ele>247.0</ele>
      </trkpt>
      <trkpt lat="41.677274" lon="-93.52247">
        <ele>248.0</ele>
      </trkpt>
      <trkpt lat="41.677129" lon="-93.522599">
        <ele>248.0</ele>
      </trkpt>
      <trkpt lat="41.677038" lon="-93.522727">
        <ele>248.0</ele>
      </trkpt>
      <trkpt lat="41.676287" lon="-93.524036">
        <ele>246.0</ele>
      </trkpt>
      <trkpt lat="41.675144" lon="-93.525903">
        <ele>245.0</ele>
      </trkpt>
      <trkpt lat="41.674536" lon="-93.526955">
        <ele>246.0</ele>
      </trkpt>
      <trkpt lat="41.674385" lon="-93.527244">
        <ele>247.0</ele>
      </trkpt>
      <trkpt lat="41.673806" lon="-93.528167">
        <ele>246.0</ele>
      </trkpt>
      <trkpt lat="41.673342" lon="-93.528993">
        <ele>248.0</ele>
      </trkpt>
      <trkpt lat="41.673272" lon="-93.529154">
        <ele>249.0</ele>
      </trkpt>
      <trkpt lat="41.673219" lon="-93.529336">
        <ele>250.0</ele>
      </trkpt>
      <trkpt lat="41.673144" lon="-93.529433">
        <ele>250.0</ele>
      </trkpt>
      <trkpt lat="41.673058" lon="-93.529465">
        <ele>250.0</ele>
      </trkpt>
      <trkpt lat="41.672999" lon="-93.52954">
        <ele>250.0</ele>
      </trkpt>
      <trkpt lat="41.672937" lon="-93.529733">
        <ele>249.0</ele>
      </trkpt>
      <trkpt lat="41.672838" lon="-93.529937">
        <ele>248.0</ele>
      </trkpt>
      <trkpt lat="41.672213" lon="-93.530999">
        <ele>244.0</ele>
      </trkpt>
      <trkpt lat="41.671784" lon="-93.531825">
        <ele>245.0</ele>
      </trkpt>
      <trkpt lat="41.671333" lon="-93.532823">
        <ele>247.0</ele>
      </trkpt>
      <trkpt lat="41.671183" lon="-93.533263">
        <ele>247.0</ele>
      </trkpt>
      <trkpt lat="41.671049" lon="-93.533574">
        <ele>246.0</ele>
      </trkpt>
      <trkpt lat="41.670818" lon="-93.534218">
        <ele>246.0</ele>
      </trkpt>
      <trkpt lat="41.670185" lon="-93.536063">
        <ele>250.0</ele>
      </trkpt>
      <trkpt lat="41.669783" lon="-93.537168">
        <ele>252.0</ele>
      </trkpt>
      <trkpt lat="41.669354" lon="-93.538327">
        <ele>253.0</ele>
      </trkpt>
      <trkpt lat="41.669169" lon="-93.538756">
        <ele>253.0</ele>
      </trkpt>
      <trkpt lat="41.668702" lon="-93.540151">
        <ele>254.0</ele>
      </trkpt>
      <trkpt lat="41.667605" lon="-93.543209">
        <ele>256.0</ele>
      </trkpt>
      <trkpt lat="41.667379" lon="-93.543906">
        <ele>256.0</ele>
      </trkpt>
      <trkpt lat="41.667213" lon="-93.544357">
        <ele>255.0</ele>
      </trkpt>
      <trkpt lat="41.667042" lon="-93.544979">
        <ele>254.0</ele>
      </trkpt>
      <trkpt lat="41.666902" lon="-93.545408">
        <ele>254.0</ele>
      </trkpt>
      <trkpt lat="41.666805" lon="-93.545644">
        <ele>254.0</ele>
      </trkpt>
      <trkpt lat="41.66673" lon="-93.54573">
        <ele>251.0</ele>
      </trkpt>
      <trkpt lat="41.666704" lon="-93.545827">
        <ele>248.0</ele>
      </trkpt>
      <trkpt lat="41.666687" lon="-93.546063">
        <ele>244.0</ele>
      </trkpt>
      <trkpt lat="41.666653" lon="-93.546181">
        <ele>244.0</ele>
      </trkpt>
      <trkpt lat="41.666272" lon="-93.547093">
        <ele>243.0</ele>
      </trkpt>
      <trkpt lat="41.666038" lon="-93.547575">
        <ele>244.0</ele>
      </trkpt>
      <trkpt lat="41.665572" lon="-93.548423">
        <ele>247.0</ele>
      </trkpt>
      <trkpt lat="41.665003" lon="-93.549346">
        <ele>249.5</ele>
      </trkpt>
      <trkpt lat="41.664461" lon="-93.550011">
        <ele>252.0</ele>
      </trkpt>
      <trkpt lat="41.664316" lon="-93.550215">
        <ele>252.0</ele>
      </trkpt>
      <trkpt lat="41.664118" lon="-93.55044">
        <ele>252.0</ele>
      </trkpt>
      <trkpt lat="41.663842" lon="-93.550826">
        <ele>251.0</ele>
      </trkpt>
      <trkpt lat="41.663732" lon="-93.550944">
        <ele>251.0</ele>
      </trkpt>
      <trkpt lat="41.663584" lon="-93.551148">
        <ele>251.0</ele>
      </trkpt>
      <trkpt lat="41.663128" lon="-93.551695">
        <ele>251.0</ele>
      </trkpt>
      <trkpt lat="41.662804" lon="-93.552146">
        <ele>253.0</ele>
      </trkpt>
      <trkpt lat="41.662613" lon="-93.552382">
        <ele>254.0</ele>
      </trkpt>
      <trkpt lat="41.662396" lon="-93.552704">
        <ele>254.0</ele>
      </trkpt>
      <trkpt lat="41.661969" lon="-93.553262">
        <ele>252.0</ele>
      </trkpt>
      <trkpt lat="41.661733" lon="-93.553626">
        <ele>250.0</ele>
      </trkpt>
      <trkpt lat="41.661452" lon="-93.553991">
        <ele>248.0</ele>
      </trkpt>
      <trkpt lat="41.661248" lon="-93.554227">
        <ele>248.0</ele>
      </trkpt>
      <trkpt lat="41.661058" lon="-93.554496">
        <ele>248.0</ele>
      </trkpt>
      <trkpt lat="41.66076" lon="-93.55486">
        <ele>248.0</ele>
      </trkpt>
      <trkpt lat="41.660714" lon="-93.554935">
        <ele>248.0</ele>
      </trkpt>
      <trkpt lat="41.660036" lon="-93.555762">
        <ele>247.0</ele>
      </trkpt>
      <trkpt lat="41.659832" lon="-93.555987">
        <ele>247.0</ele>
      </trkpt>
      <trkpt lat="41.659639" lon="-93.556266">
        <ele>247.0</ele>
      </trkpt>
      <trkpt lat="41.659376" lon="-93.556545">
        <ele>248.0</ele>
      </trkpt>
      <trkpt lat="41.659172" lon="-93.556813">
        <ele>249.0</ele>
      </trkpt>
      <trkpt lat="41.658719" lon="-93.557317">
        <ele>251.0</ele>
      </trkpt>
      <trkpt lat="41.658601" lon="-93.557478">
        <ele>251.0</ele>
      </trkpt>
      <trkpt lat="41.658566" lon="-93.557607">
        <ele>251.0</ele>
      </trkpt>
      <trkpt lat="41.658582" lon="-93.557982">
        <ele>250.0</ele>
      </trkpt>
      <trkpt lat="41.658673" lon="-93.558583">
        <ele>247.0</ele>
      </trkpt>
      <trkpt lat="41.658681" lon="-93.558873">
        <ele>246.0</ele>
      </trkpt>
      <trkpt lat="41.658657" lon="-93.560611">
        <ele>243.0</ele>
      </trkpt>
      <trkpt lat="41.658644" lon="-93.560729">
        <ele>243.0</ele>
      </trkpt>
      <trkpt lat="41.658598" lon="-93.560858">
        <ele>243.0</ele>
      </trkpt>
      <trkpt lat="41.658609" lon="-93.560922">
        <ele>243.0</ele>
      </trkpt>
      <trkpt lat="41.658662" lon="-93.560965">
        <ele>243.0</ele>
      </trkpt>
      <trkpt lat="41.659032" lon="-93.560986">
        <ele>242.0</ele>
      </trkpt>
      <trkpt lat="41.660427" lon="-93.560986">
        <ele>238.0</ele>
      </trkpt>
      <trkpt lat="41.661454" lon="-93.561008">
        <ele>236.0</ele>
      </trkpt>
      <trkpt lat="41.664032" lon="-93.560997">
        <ele>234.0</ele>
      </trkpt>
      <trkpt lat="41.664308" lon="-93.561029">
        <ele>234.0</ele>
      </trkpt>
      <trkpt lat="41.664633" lon="-93.56104">
        <ele>234.0</ele>
      </trkpt>
      <trkpt lat="41.664762" lon="-93.561072">
        <ele>234.0</ele>
      </trkpt>
      <trkpt lat="41.66488" lon="-93.561147">
        <ele>234.0</ele>
      </trkpt>
      <trkpt lat="41.664982" lon="-93.561276">
        <ele>234.0</ele>
      </trkpt>
      <trkpt lat="41.665033" lon="-93.561437">
        <ele>234.0</ele>
      </trkpt>
      <trkpt lat="41.665041" lon="-93.561544">
        <ele>234.0</ele>
      </trkpt>
      <trkpt lat="41.665041" lon="-93.563443">
        <ele>237.0</ele>
      </trkpt>
      <trkpt lat="41.665014" lon="-93.564216">
        <ele>239.0</ele>
      </trkpt>
      <trkpt lat="41.665041" lon="-93.564334">
        <ele>240.0</ele>
      </trkpt>
      <trkpt lat="41.665081" lon="-93.56442">
        <ele>240.0</ele>
      </trkpt>
      <trkpt lat="41.665043" lon="-93.566415">
        <ele>245.0</ele>
      </trkpt>
      <trkpt lat="41.665057" lon="-93.566705">
        <ele>246.0</ele>
      </trkpt>
      <trkpt lat="41.665116" lon="-93.566801">
        <ele>246.0</ele>
      </trkpt>
      <trkpt lat="41.665261" lon="-93.566866">
        <ele>246.0</ele>
      </trkpt>
      <trkpt lat="41.665684" lon="-93.566941">
        <ele>246.0</ele>
      </trkpt>
      <trkpt lat="41.665818" lon="-93.566984">
        <ele>246.0</ele>
      </trkpt>
      <trkpt lat="41.665891" lon="-93.566984">
        <ele>246.0</ele>
      </trkpt>
      <trkpt lat="41.666449" lon="-93.567091">
        <ele>246.0</ele>
      </trkpt>
      <trkpt lat="41.666521" lon="-93.567123">
        <ele>246.0</ele>
      </trkpt>
      <trkpt lat="41.667058" lon="-93.567198">
        <ele>245.0</ele>
      </trkpt>
      <trkpt lat="41.668675" lon="-93.56751">
        <ele>244.0</ele>
      </trkpt>
      <trkpt lat="41.668938" lon="-93.567542">
        <ele>243.0</ele>
      </trkpt>
      <trkpt lat="41.669195" lon="-93.567542">
        <ele>243.0</ele>
      </trkpt>
      <trkpt lat="41.669576" lon="-93.567456">
        <ele>242.0</ele>
      </trkpt>
      <trkpt lat="41.669936" lon="-93.567274">
        <ele>241.0</ele>
      </trkpt>
      <trkpt lat="41.670153" lon="-93.567123">
        <ele>240.0</ele>
      </trkpt>
      <trkpt lat="41.67037" lon="-93.566909">
        <ele>239.0</ele>
      </trkpt>
      <trkpt lat="41.670995" lon="-93.566136">
        <ele>237.0</ele>
      </trkpt>
      <trkpt lat="41.67177" lon="-93.565063">
        <ele>234.0</ele>
      </trkpt>
      <trkpt lat="41.671996" lon="-93.564795">
        <ele>233.0</ele>
      </trkpt>
      <trkpt lat="41.672234" lon="-93.564581">
        <ele>233.0</ele>
      </trkpt>
      <trkpt lat="41.67254" lon="-93.564398">
        <ele>232.0</ele>
      </trkpt>
      <trkpt lat="41.672728" lon="-93.564323">
        <ele>232.0</ele>
      </trkpt>
      <trkpt lat="41.672768" lon="-93.564291">
        <ele>232.0</ele>
      </trkpt>
      <trkpt lat="41.672849" lon="-93.56428">
        <ele>231.0</ele>
      </trkpt>
      <trkpt lat="41.672873" lon="-93.564302">
        <ele>231.0</ele>
      </trkpt>
      <trkpt lat="41.672926" lon="-93.564302">
        <ele>231.0</ele>
      </trkpt>
      <trkpt lat="41.672972" lon="-93.564259">
        <ele>230.0</ele>
      </trkpt>
      <trkpt lat="41.672983" lon="-93.564162">
        <ele>230.0</ele>
      </trkpt>
      <trkpt lat="41.67294" lon="-93.563615">
        <ele>229.0</ele>
      </trkpt>
      <trkpt lat="41.672929" lon="-93.561383">
        <ele>228.0</ele>
      </trkpt>
      <trkpt lat="41.672953" lon="-93.561126">
        <ele>228.0</ele>
      </trkpt>
      <trkpt lat="41.673017" lon="-93.561051">
        <ele>229.0</ele>
      </trkpt>
      <trkpt lat="41.673098" lon="-93.561008">
        <ele>229.0</ele>
      </trkpt>
      <trkpt lat="41.673197" lon="-93.560986">
        <ele>229.0</ele>
      </trkpt>
      <trkpt lat="41.673903" lon="-93.560986">
        <ele>230.0</ele>
      </trkpt>
      <trkpt lat="41.674431" lon="-93.561008">
        <ele>230.0</ele>
      </trkpt>
      <trkpt lat="41.674866" lon="-93.560986">
        <ele>230.0</ele>
      </trkpt>
      <trkpt lat="41.677411" lon="-93.560986">
        <ele>232.0</ele>
      </trkpt>
      <trkpt lat="41.677489" lon="-93.560997">
        <ele>232.0</ele>
      </trkpt>
      <trkpt lat="41.678006" lon="-93.560986">
        <ele>233.0</ele>
      </trkpt>
      <trkpt lat="41.679197" lon="-93.561019">
        <ele>233.0</ele>
      </trkpt>
      <trkpt lat="41.67927" lon="-93.561008">
        <ele>233.0</ele>
      </trkpt>
      <trkpt lat="41.67957" lon="-93.561019">
        <ele>233.0</ele>
      </trkpt>
      <trkpt lat="41.68126" lon="-93.561008">
        <ele>231.0</ele>
      </trkpt>
      <trkpt lat="41.68277" lon="-93.56104">
        <ele>231.0</ele>
      </trkpt>
      <trkpt lat="41.683736" lon="-93.56104">
        <ele>232.0</ele>
      </trkpt>
      <trkpt lat="41.683813" lon="-93.561029">
        <ele>232.0</ele>
      </trkpt>
      <trkpt lat="41.685417" lon="-93.56104">
        <ele>234.0</ele>
      </trkpt>
      <trkpt lat="41.685686" lon="-93.561072">
        <ele>234.0</ele>
      </trkpt>
      <trkpt lat="41.685822" lon="-93.561072">
        <ele>235.0</ele>
      </trkpt>
      <trkpt lat="41.686321" lon="-93.561147">
        <ele>235.0</ele>
      </trkpt>
      <trkpt lat="41.687279" lon="-93.56133">
        <ele>235.0</ele>
      </trkpt>
      <trkpt lat="41.687429" lon="-93.561341">
        <ele>235.0</ele>
      </trkpt>
      <trkpt lat="41.687649" lon="-93.561383">
        <ele>235.0</ele>
      </trkpt>
      <trkpt lat="41.68788" lon="-93.561405">
        <ele>235.0</ele>
      </trkpt>
      <trkpt lat="41.688124" lon="-93.561405">
        <ele>235.0</ele>
      </trkpt>
      <trkpt lat="41.688475" lon="-93.561383">
        <ele>236.0</ele>
      </trkpt>
      <trkpt lat="41.689095" lon="-93.561265">
        <ele>235.0</ele>
      </trkpt>
      <trkpt lat="41.68984" lon="-93.561094">
        <ele>235.0</ele>
      </trkpt>
      <trkpt lat="41.690495" lon="-93.561019">
        <ele>236.0</ele>
      </trkpt>
      <trkpt lat="41.691208" lon="-93.560986">
        <ele>235.0</ele>
      </trkpt>
      <trkpt lat="41.692587" lon="-93.560986">
        <ele>234.0</ele>
      </trkpt>
      <trkpt lat="41.693504" lon="-93.560965">
        <ele>234.0</ele>
      </trkpt>
      <trkpt lat="41.693783" lon="-93.560911">
        <ele>234.0</ele>
      </trkpt>
      <trkpt lat="41.693998" lon="-93.560836">
        <ele>235.0</ele>
      </trkpt>
      <trkpt lat="41.694135" lon="-93.560772">
        <ele>235.0</ele>
      </trkpt>
      <trkpt lat="41.694451" lon="-93.560568">
        <ele>235.0</ele>
      </trkpt>
      <trkpt lat="41.694859" lon="-93.560225">
        <ele>235.0</ele>
      </trkpt>
      <trkpt lat="41.695122" lon="-93.560042">
        <ele>235.0</ele>
      </trkpt>
      <trkpt lat="41.695355" lon="-93.559806">
        <ele>236.0</ele>
      </trkpt>
      <trkpt lat="41.695409" lon="-93.559774">
        <ele>236.0</ele>
      </trkpt>
      <trkpt lat="41.695508" lon="-93.559667">
        <ele>236.0</ele>
      </trkpt>
      <trkpt lat="41.695561" lon="-93.559635">
        <ele>236.0</ele>
      </trkpt>
      <trkpt lat="41.695717" lon="-93.559484">
        <ele>236.0</ele>
      </trkpt>
      <trkpt lat="41.696178" lon="-93.559141">
        <ele>237.0</ele>
      </trkpt>
      <trkpt lat="41.69631" lon="-93.559066">
        <ele>237.0</ele>
      </trkpt>
      <trkpt lat="41.696648" lon="-93.558927">
        <ele>237.0</ele>
      </trkpt>
      <trkpt lat="41.696935" lon="-93.558862">
        <ele>237.0</ele>
      </trkpt>
      <trkpt lat="41.697361" lon="-93.558851">
        <ele>238.0</ele>
      </trkpt>
      <trkpt lat="41.697501" lon="-93.558873">
        <ele>238.0</ele>
      </trkpt>
      <trkpt lat="41.69771" lon="-93.558916">
        <ele>238.0</ele>
      </trkpt>
      <trkpt lat="41.698037" lon="-93.559034">
        <ele>239.0</ele>
      </trkpt>
      <trkpt lat="41.698579" lon="-93.559356">
        <ele>239.0</ele>
      </trkpt>
      <trkpt lat="41.698933" lon="-93.559592">
        <ele>240.0</ele>
      </trkpt>
      <trkpt lat="41.698995" lon="-93.559613">
        <ele>240.0</ele>
      </trkpt>
      <trkpt lat="41.699472" lon="-93.559935">
        <ele>240.0</ele>
      </trkpt>
      <trkpt lat="41.700121" lon="-93.560332">
        <ele>240.0</ele>
      </trkpt>
      <trkpt lat="41.700178" lon="-93.560386">
        <ele>240.0</ele>
      </trkpt>
      <trkpt lat="41.700414" lon="-93.560536">
        <ele>241.0</ele>
      </trkpt>
      <trkpt lat="41.700864" lon="-93.560772">
        <ele>241.0</ele>
      </trkpt>
      <trkpt lat="41.701089" lon="-93.560836">
        <ele>241.0</ele>
      </trkpt>
      <trkpt lat="41.701409" lon="-93.56089">
        <ele>240.0</ele>
      </trkpt>
      <trkpt lat="41.701811" lon="-93.56089">
        <ele>240.0</ele>
      </trkpt>
      <trkpt lat="41.702211" lon="-93.560911">
        <ele>239.0</ele>
      </trkpt>
      <trkpt lat="41.702699" lon="-93.560858">
        <ele>237.0</ele>
      </trkpt>
      <trkpt lat="41.702755" lon="-93.560868">
        <ele>237.0</ele>
      </trkpt>
      <trkpt lat="41.702809" lon="-93.560901">
        <ele>237.0</ele>
      </trkpt>
      <trkpt lat="41.702881" lon="-93.561019">
        <ele>237.0</ele>
      </trkpt>
      <trkpt lat="41.702913" lon="-93.561158">
        <ele>236.0</ele>
      </trkpt>
      <trkpt lat="41.702919" lon="-93.562864">
        <ele>238.0</ele>
      </trkpt>
      <trkpt lat="41.702943" lon="-93.563894">
        <ele>240.0</ele>
      </trkpt>
      <trkpt lat="41.702919" lon="-93.565257">
        <ele>241.0</ele>
      </trkpt>
      <trkpt lat="41.702919" lon="-93.567542">
        <ele>242.0</ele>
      </trkpt>
      <trkpt lat="41.702978" lon="-93.568819">
        <ele>244.0</ele>
      </trkpt>
      <trkpt lat="41.702978" lon="-93.571426">
        <ele>245.0</ele>
      </trkpt>
      <trkpt lat="41.703013" lon="-93.571587">
        <ele>245.0</ele>
      </trkpt>
      <trkpt lat="41.703045" lon="-93.571629">
        <ele>245.0</ele>
      </trkpt>
      <trkpt lat="41.703088" lon="-93.571662">
        <ele>245.0</ele>
      </trkpt>
      <trkpt lat="41.703141" lon="-93.571672">
        <ele>245.0</ele>
      </trkpt>
      <trkpt lat="41.703297" lon="-93.571662">
        <ele>245.0</ele>
      </trkpt>
      <trkpt lat="41.703348" lon="-93.57164">
        <ele>245.0</ele>
      </trkpt>
      <trkpt lat="41.70345" lon="-93.571629">
        <ele>245.0</ele>
      </trkpt>
      <trkpt lat="41.703632" lon="-93.571565">
        <ele>245.0</ele>
      </trkpt>
      <trkpt lat="41.703954" lon="-93.571372">
        <ele>246.0</ele>
      </trkpt>
      <trkpt lat="41.704169" lon="-93.57119">
        <ele>246.0</ele>
      </trkpt>
      <trkpt lat="41.70456" lon="-93.570728">
        <ele>246.0</ele>
      </trkpt>
      <trkpt lat="41.704866" lon="-93.570417">
        <ele>246.0</ele>
      </trkpt>
      <trkpt lat="41.705113" lon="-93.570127">
        <ele>246.0</ele>
      </trkpt>
      <trkpt lat="41.705158" lon="-93.57002">
        <ele>246.0</ele>
      </trkpt>
      <trkpt lat="41.705137" lon="-93.569848">
        <ele>245.0</ele>
      </trkpt>
      <trkpt lat="41.70515" lon="-93.569709">
        <ele>245.0</ele>
      </trkpt>
      <trkpt lat="41.705266" lon="-93.569559">
        <ele>245.0</ele>
      </trkpt>
      <trkpt lat="41.705381" lon="-93.569441">
        <ele>244.0</ele>
      </trkpt>
      <trkpt lat="41.705443" lon="-93.569344">
        <ele>244.0</ele>
      </trkpt>
      <trkpt lat="41.705456" lon="-93.569291">
        <ele>244.0</ele>
      </trkpt>
      <trkpt lat="41.705456" lon="-93.569226">
        <ele>244.0</ele>
      </trkpt>
      <trkpt lat="41.705427" lon="-93.56914">
        <ele>244.0</ele>
      </trkpt>
      <trkpt lat="41.70529" lon="-93.568969">
        <ele>244.0</ele>
      </trkpt>
    </trkseg>
  </trk>
</gpx>
