<?xml version="1.0" encoding="UTF-8"?>
<gpx xmlns:gpxdata="http://www.cluetrust.com/XML/GPXDATA/1/0" xmlns:xsi="http://www.w3.org/2001/XMLSchema-instance" xmlns="http://www.topografix.com/GPX/1/1" version="1.1" creator="http://ridewithgps.com/" xsi:schemaLocation="http://www.topografix.com/GPX/1/1 http://www.topografix.com/GPX/1/1/gpx.xsd http://www.cluetrust.com/XML/GPXDATA/1/0 http://www.cluetrust.com/Schemas/gpxdata10.xsd">
  <metadata>
    <name>MTR_2023_Day3</name>
    <link href="https://ridewithgps.com/routes/54980896">
      <text>MTR_2023_Day3</text>
    </link>
    <time>2026-05-05T10:51:51Z</time>
  </metadata>
  <trk>
    <name>MTR_2023_Day3</name>
    <trkseg>
      <trkpt lat="41.03397" lon="-85.256878">
        <ele>204.0</ele>
      </trkpt>
      <trkpt lat="41.03397" lon="-85.256867">
        <ele>204.0</ele>
      </trkpt>
      <trkpt lat="41.033979" lon="-85.256851">
        <ele>205.0</ele>
      </trkpt>
      <trkpt lat="41.033987" lon="-85.25683">
        <ele>205.0</ele>
      </trkpt>
      <trkpt lat="41.033995" lon="-85.256808">
        <ele>205.0</ele>
      </trkpt>
      <trkpt lat="41.034005" lon="-85.256787">
        <ele>205.0</ele>
      </trkpt>
      <trkpt lat="41.034016" lon="-85.256755">
        <ele>205.0</ele>
      </trkpt>
      <trkpt lat="41.034035" lon="-85.256733">
        <ele>205.0</ele>
      </trkpt>
      <trkpt lat="41.034054" lon="-85.256701">
        <ele>205.0</ele>
      </trkpt>
      <trkpt lat="41.034075" lon="-85.25668">
        <ele>205.0</ele>
      </trkpt>
      <trkpt lat="41.034088" lon="-85.256642">
        <ele>205.0</ele>
      </trkpt>
      <trkpt lat="41.034097" lon="-85.256599">
        <ele>206.0</ele>
      </trkpt>
      <trkpt lat="41.034113" lon="-85.256562">
        <ele>206.0</ele>
      </trkpt>
      <trkpt lat="41.034123" lon="-85.256524">
        <ele>206.0</ele>
      </trkpt>
      <trkpt lat="41.034142" lon="-85.256497">
        <ele>207.0</ele>
      </trkpt>
      <trkpt lat="41.034161" lon="-85.25647">
        <ele>207.0</ele>
      </trkpt>
      <trkpt lat="41.034188" lon="-85.25647">
        <ele>207.0</ele>
      </trkpt>
      <trkpt lat="41.03422" lon="-85.256486">
        <ele>208.0</ele>
      </trkpt>
      <trkpt lat="41.034241" lon="-85.256524">
        <ele>208.0</ele>
      </trkpt>
      <trkpt lat="41.034249" lon="-85.256572">
        <ele>208.0</ele>
      </trkpt>
      <trkpt lat="41.034241" lon="-85.256615">
        <ele>209.0</ele>
      </trkpt>
      <trkpt lat="41.034225" lon="-85.25668">
        <ele>209.0</ele>
      </trkpt>
      <trkpt lat="41.034206" lon="-85.256723">
        <ele>209.0</ele>
      </trkpt>
      <trkpt lat="41.03418" lon="-85.256771">
        <ele>210.0</ele>
      </trkpt>
      <trkpt lat="41.034158" lon="-85.256814">
        <ele>210.0</ele>
      </trkpt>
      <trkpt lat="41.034126" lon="-85.256867">
        <ele>210.0</ele>
      </trkpt>
      <trkpt lat="41.034097" lon="-85.256921">
        <ele>211.0</ele>
      </trkpt>
      <trkpt lat="41.034078" lon="-85.256985">
        <ele>211.0</ele>
      </trkpt>
      <trkpt lat="41.034054" lon="-85.25705">
        <ele>211.0</ele>
      </trkpt>
      <trkpt lat="41.03404" lon="-85.257103">
        <ele>211.0</ele>
      </trkpt>
      <trkpt lat="41.034013" lon="-85.257173">
        <ele>212.0</ele>
      </trkpt>
      <trkpt lat="41.033987" lon="-85.257211">
        <ele>212.0</ele>
      </trkpt>
      <trkpt lat="41.033944" lon="-85.257232">
        <ele>212.0</ele>
      </trkpt>
      <trkpt lat="41.033903" lon="-85.257232">
        <ele>212.0</ele>
      </trkpt>
      <trkpt lat="41.033858" lon="-85.257227">
        <ele>212.0</ele>
      </trkpt>
      <trkpt lat="41.033818" lon="-85.257205">
        <ele>212.0</ele>
      </trkpt>
      <trkpt lat="41.033777" lon="-85.257189">
        <ele>212.0</ele>
      </trkpt>
      <trkpt lat="41.033737" lon="-85.257157">
        <ele>213.0</ele>
      </trkpt>
      <trkpt lat="41.033705" lon="-85.257141">
        <ele>213.0</ele>
      </trkpt>
      <trkpt lat="41.03367" lon="-85.25713">
        <ele>213.0</ele>
      </trkpt>
      <trkpt lat="41.033635" lon="-85.25713">
        <ele>213.0</ele>
      </trkpt>
      <trkpt lat="41.033606" lon="-85.257119">
        <ele>213.0</ele>
      </trkpt>
      <trkpt lat="41.033573" lon="-85.257103">
        <ele>213.0</ele>
      </trkpt>
      <trkpt lat="41.033544" lon="-85.257098">
        <ele>214.0</ele>
      </trkpt>
      <trkpt lat="41.033525" lon="-85.257087">
        <ele>214.0</ele>
      </trkpt>
      <trkpt lat="41.033501" lon="-85.257082">
        <ele>214.0</ele>
      </trkpt>
      <trkpt lat="41.033482" lon="-85.257077">
        <ele>214.0</ele>
      </trkpt>
      <trkpt lat="41.033455" lon="-85.257077">
        <ele>214.0</ele>
      </trkpt>
      <trkpt lat="41.033439" lon="-85.257066">
        <ele>214.0</ele>
      </trkpt>
      <trkpt lat="41.033421" lon="-85.25706">
        <ele>214.0</ele>
      </trkpt>
      <trkpt lat="41.03341" lon="-85.25705">
        <ele>215.0</ele>
      </trkpt>
      <trkpt lat="41.033402" lon="-85.25705">
        <ele>215.0</ele>
      </trkpt>
      <trkpt lat="41.033394" lon="-85.25706">
        <ele>215.0</ele>
      </trkpt>
      <trkpt lat="41.033372" lon="-85.25706">
        <ele>215.0</ele>
      </trkpt>
      <trkpt lat="41.033346" lon="-85.257066">
        <ele>214.0</ele>
      </trkpt>
      <trkpt lat="41.033316" lon="-85.257087">
        <ele>214.0</ele>
      </trkpt>
      <trkpt lat="41.033281" lon="-85.257119">
        <ele>214.0</ele>
      </trkpt>
      <trkpt lat="41.033257" lon="-85.257184">
        <ele>214.0</ele>
      </trkpt>
      <trkpt lat="41.033236" lon="-85.257243">
        <ele>214.0</ele>
      </trkpt>
      <trkpt lat="41.033217" lon="-85.257297">
        <ele>214.0</ele>
      </trkpt>
      <trkpt lat="41.033195" lon="-85.257366">
        <ele>214.0</ele>
      </trkpt>
      <trkpt lat="41.033177" lon="-85.25742">
        <ele>213.0</ele>
      </trkpt>
      <trkpt lat="41.033155" lon="-85.257479">
        <ele>213.0</ele>
      </trkpt>
      <trkpt lat="41.033131" lon="-85.257549">
        <ele>213.0</ele>
      </trkpt>
      <trkpt lat="41.033112" lon="-85.257608">
        <ele>213.0</ele>
      </trkpt>
      <trkpt lat="41.033091" lon="-85.257672">
        <ele>212.0</ele>
      </trkpt>
      <trkpt lat="41.033067" lon="-85.25772">
        <ele>212.0</ele>
      </trkpt>
      <trkpt lat="41.03304" lon="-85.257774">
        <ele>212.0</ele>
      </trkpt>
      <trkpt lat="41.033021" lon="-85.257844">
        <ele>212.0</ele>
      </trkpt>
      <trkpt lat="41.033002" lon="-85.257892">
        <ele>212.0</ele>
      </trkpt>
      <trkpt lat="41.032983" lon="-85.257935">
        <ele>211.0</ele>
      </trkpt>
      <trkpt lat="41.032959" lon="-85.257983">
        <ele>211.0</ele>
      </trkpt>
      <trkpt lat="41.032946" lon="-85.258037">
        <ele>211.0</ele>
      </trkpt>
      <trkpt lat="41.03293" lon="-85.25808">
        <ele>211.0</ele>
      </trkpt>
      <trkpt lat="41.032914" lon="-85.258128">
        <ele>211.0</ele>
      </trkpt>
      <trkpt lat="41.032892" lon="-85.258182">
        <ele>211.0</ele>
      </trkpt>
      <trkpt lat="41.032879" lon="-85.258235">
        <ele>211.0</ele>
      </trkpt>
      <trkpt lat="41.032857" lon="-85.258278">
        <ele>211.0</ele>
      </trkpt>
      <trkpt lat="41.032833" lon="-85.258332">
        <ele>211.0</ele>
      </trkpt>
      <trkpt lat="41.032812" lon="-85.258385">
        <ele>211.0</ele>
      </trkpt>
      <trkpt lat="41.032793" lon="-85.258434">
        <ele>211.0</ele>
      </trkpt>
      <trkpt lat="41.032777" lon="-85.258504">
        <ele>211.0</ele>
      </trkpt>
      <trkpt lat="41.032761" lon="-85.258557">
        <ele>211.0</ele>
      </trkpt>
      <trkpt lat="41.032742" lon="-85.258605">
        <ele>211.0</ele>
      </trkpt>
      <trkpt lat="41.032723" lon="-85.258675">
        <ele>211.0</ele>
      </trkpt>
      <trkpt lat="41.032702" lon="-85.258729">
        <ele>211.0</ele>
      </trkpt>
      <trkpt lat="41.03268" lon="-85.258793">
        <ele>210.0</ele>
      </trkpt>
      <trkpt lat="41.032667" lon="-85.258852">
        <ele>210.0</ele>
      </trkpt>
      <trkpt lat="41.032648" lon="-85.258911">
        <ele>211.0</ele>
      </trkpt>
      <trkpt lat="41.03264" lon="-85.258981">
        <ele>211.0</ele>
      </trkpt>
      <trkpt lat="41.032629" lon="-85.259051">
        <ele>211.0</ele>
      </trkpt>
      <trkpt lat="41.032624" lon="-85.25911">
        <ele>211.0</ele>
      </trkpt>
      <trkpt lat="41.032629" lon="-85.259179">
        <ele>211.0</ele>
      </trkpt>
      <trkpt lat="41.032629" lon="-85.259244">
        <ele>212.0</ele>
      </trkpt>
      <trkpt lat="41.032632" lon="-85.259319">
        <ele>212.0</ele>
      </trkpt>
      <trkpt lat="41.032632" lon="-85.259378">
        <ele>212.0</ele>
      </trkpt>
      <trkpt lat="41.03264" lon="-85.259448">
        <ele>212.0</ele>
      </trkpt>
      <trkpt lat="41.032659" lon="-85.259507">
        <ele>212.0</ele>
      </trkpt>
      <trkpt lat="41.032667" lon="-85.259571">
        <ele>212.0</ele>
      </trkpt>
      <trkpt lat="41.03268" lon="-85.259625">
        <ele>213.0</ele>
      </trkpt>
      <trkpt lat="41.032704" lon="-85.259684">
        <ele>213.0</ele>
      </trkpt>
      <trkpt lat="41.032729" lon="-85.259737">
        <ele>213.0</ele>
      </trkpt>
      <trkpt lat="41.032753" lon="-85.25978">
        <ele>213.0</ele>
      </trkpt>
      <trkpt lat="41.032777" lon="-85.259845">
        <ele>213.0</ele>
      </trkpt>
      <trkpt lat="41.032812" lon="-85.259888">
        <ele>213.0</ele>
      </trkpt>
      <trkpt lat="41.032847" lon="-85.259936">
        <ele>213.0</ele>
      </trkpt>
      <trkpt lat="41.032879" lon="-85.259989">
        <ele>213.0</ele>
      </trkpt>
      <trkpt lat="41.032914" lon="-85.260032">
        <ele>213.0</ele>
      </trkpt>
      <trkpt lat="41.032951" lon="-85.260075">
        <ele>213.0</ele>
      </trkpt>
      <trkpt lat="41.033" lon="-85.260102">
        <ele>213.0</ele>
      </trkpt>
      <trkpt lat="41.033048" lon="-85.26015">
        <ele>212.0</ele>
      </trkpt>
      <trkpt lat="41.033101" lon="-85.260188">
        <ele>212.0</ele>
      </trkpt>
      <trkpt lat="41.033155" lon="-85.260209">
        <ele>212.0</ele>
      </trkpt>
      <trkpt lat="41.033201" lon="-85.260225">
        <ele>212.0</ele>
      </trkpt>
      <trkpt lat="41.033249" lon="-85.260247">
        <ele>212.0</ele>
      </trkpt>
      <trkpt lat="41.0333" lon="-85.260274">
        <ele>212.0</ele>
      </trkpt>
      <trkpt lat="41.033356" lon="-85.260284">
        <ele>212.0</ele>
      </trkpt>
      <trkpt lat="41.03341" lon="-85.260317">
        <ele>212.0</ele>
      </trkpt>
      <trkpt lat="41.033455" lon="-85.260338">
        <ele>212.0</ele>
      </trkpt>
      <trkpt lat="41.033509" lon="-85.260365">
        <ele>212.0</ele>
      </trkpt>
      <trkpt lat="41.033563" lon="-85.260386">
        <ele>212.0</ele>
      </trkpt>
      <trkpt lat="41.033616" lon="-85.260408">
        <ele>212.0</ele>
      </trkpt>
      <trkpt lat="41.033665" lon="-85.260429">
        <ele>212.0</ele>
      </trkpt>
      <trkpt lat="41.033716" lon="-85.260456">
        <ele>212.0</ele>
      </trkpt>
      <trkpt lat="41.033761" lon="-85.260467">
        <ele>212.0</ele>
      </trkpt>
      <trkpt lat="41.033807" lon="-85.260494">
        <ele>212.0</ele>
      </trkpt>
      <trkpt lat="41.03385" lon="-85.260499">
        <ele>212.0</ele>
      </trkpt>
      <trkpt lat="41.033898" lon="-85.26051">
        <ele>213.0</ele>
      </trkpt>
      <trkpt lat="41.033944" lon="-85.26051">
        <ele>213.0</ele>
      </trkpt>
      <trkpt lat="41.033995" lon="-85.26051">
        <ele>213.0</ele>
      </trkpt>
      <trkpt lat="41.034032" lon="-85.26051">
        <ele>213.0</ele>
      </trkpt>
      <trkpt lat="41.034075" lon="-85.26051">
        <ele>213.0</ele>
      </trkpt>
      <trkpt lat="41.034107" lon="-85.260515">
        <ele>213.0</ele>
      </trkpt>
      <trkpt lat="41.034147" lon="-85.26051">
        <ele>213.0</ele>
      </trkpt>
      <trkpt lat="41.034177" lon="-85.260499">
        <ele>213.0</ele>
      </trkpt>
      <trkpt lat="41.034212" lon="-85.260483">
        <ele>214.0</ele>
      </trkpt>
      <trkpt lat="41.034249" lon="-85.260467">
        <ele>214.0</ele>
      </trkpt>
      <trkpt lat="41.034292" lon="-85.260445">
        <ele>214.0</ele>
      </trkpt>
      <trkpt lat="41.034333" lon="-85.260424">
        <ele>214.0</ele>
      </trkpt>
      <trkpt lat="41.034375" lon="-85.260403">
        <ele>214.0</ele>
      </trkpt>
      <trkpt lat="41.034418" lon="-85.26037">
        <ele>214.0</ele>
      </trkpt>
      <trkpt lat="41.034451" lon="-85.260338">
        <ele>214.0</ele>
      </trkpt>
      <trkpt lat="41.034485" lon="-85.260311">
        <ele>214.0</ele>
      </trkpt>
      <trkpt lat="41.034518" lon="-85.260274">
        <ele>214.0</ele>
      </trkpt>
      <trkpt lat="41.03455" lon="-85.260231">
        <ele>214.0</ele>
      </trkpt>
      <trkpt lat="41.034585" lon="-85.260193">
        <ele>214.0</ele>
      </trkpt>
      <trkpt lat="41.034617" lon="-85.260172">
        <ele>214.0</ele>
      </trkpt>
      <trkpt lat="41.034649" lon="-85.26014">
        <ele>214.0</ele>
      </trkpt>
      <trkpt lat="41.034684" lon="-85.260097">
        <ele>215.0</ele>
      </trkpt>
      <trkpt lat="41.034719" lon="-85.260059">
        <ele>215.0</ele>
      </trkpt>
      <trkpt lat="41.034756" lon="-85.260022">
        <ele>215.0</ele>
      </trkpt>
      <trkpt lat="41.034799" lon="-85.259989">
        <ele>215.0</ele>
      </trkpt>
      <trkpt lat="41.034837" lon="-85.259941">
        <ele>215.0</ele>
      </trkpt>
      <trkpt lat="41.034872" lon="-85.259914">
        <ele>215.0</ele>
      </trkpt>
      <trkpt lat="41.034907" lon="-85.259877">
        <ele>215.0</ele>
      </trkpt>
      <trkpt lat="41.034944" lon="-85.259834">
        <ele>215.0</ele>
      </trkpt>
      <trkpt lat="41.034979" lon="-85.25978">
        <ele>215.0</ele>
      </trkpt>
      <trkpt lat="41.035011" lon="-85.259737">
        <ele>215.0</ele>
      </trkpt>
      <trkpt lat="41.035046" lon="-85.259689">
        <ele>215.0</ele>
      </trkpt>
      <trkpt lat="41.035078" lon="-85.259651">
        <ele>215.0</ele>
      </trkpt>
      <trkpt lat="41.035105" lon="-85.259598">
        <ele>215.0</ele>
      </trkpt>
      <trkpt lat="41.035143" lon="-85.259555">
        <ele>215.0</ele>
      </trkpt>
      <trkpt lat="41.035177" lon="-85.259507">
        <ele>215.0</ele>
      </trkpt>
      <trkpt lat="41.035207" lon="-85.259453">
        <ele>215.0</ele>
      </trkpt>
      <trkpt lat="41.035226" lon="-85.25941">
        <ele>215.0</ele>
      </trkpt>
      <trkpt lat="41.035253" lon="-85.259362">
        <ele>215.0</ele>
      </trkpt>
      <trkpt lat="41.035277" lon="-85.259319">
        <ele>215.0</ele>
      </trkpt>
      <trkpt lat="41.035306" lon="-85.259271">
        <ele>215.0</ele>
      </trkpt>
      <trkpt lat="41.035333" lon="-85.259228">
        <ele>215.0</ele>
      </trkpt>
      <trkpt lat="41.03536" lon="-85.25919">
        <ele>215.0</ele>
      </trkpt>
      <trkpt lat="41.035387" lon="-85.259137">
        <ele>215.0</ele>
      </trkpt>
      <trkpt lat="41.035413" lon="-85.259094">
        <ele>215.0</ele>
      </trkpt>
      <trkpt lat="41.03544" lon="-85.259056">
        <ele>215.0</ele>
      </trkpt>
      <trkpt lat="41.035467" lon="-85.259029">
        <ele>215.0</ele>
      </trkpt>
      <trkpt lat="41.035494" lon="-85.258981">
        <ele>214.0</ele>
      </trkpt>
      <trkpt lat="41.035521" lon="-85.258938">
        <ele>214.0</ele>
      </trkpt>
      <trkpt lat="41.035548" lon="-85.25889">
        <ele>214.0</ele>
      </trkpt>
      <trkpt lat="41.035574" lon="-85.258847">
        <ele>214.0</ele>
      </trkpt>
      <trkpt lat="41.035596" lon="-85.258793">
        <ele>214.0</ele>
      </trkpt>
      <trkpt lat="41.035631" lon="-85.258745">
        <ele>214.0</ele>
      </trkpt>
      <trkpt lat="41.035652" lon="-85.258702">
        <ele>214.0</ele>
      </trkpt>
      <trkpt lat="41.035676" lon="-85.258654">
        <ele>214.0</ele>
      </trkpt>
      <trkpt lat="41.035711" lon="-85.258595">
        <ele>214.0</ele>
      </trkpt>
      <trkpt lat="41.035733" lon="-85.258546">
        <ele>214.0</ele>
      </trkpt>
      <trkpt lat="41.035757" lon="-85.258493">
        <ele>214.0</ele>
      </trkpt>
      <trkpt lat="41.035786" lon="-85.258423">
        <ele>214.0</ele>
      </trkpt>
      <trkpt lat="41.03581" lon="-85.258369">
        <ele>214.0</ele>
      </trkpt>
      <trkpt lat="41.035824" lon="-85.258305">
        <ele>213.0</ele>
      </trkpt>
      <trkpt lat="41.035848" lon="-85.258241">
        <ele>213.0</ele>
      </trkpt>
      <trkpt lat="41.035867" lon="-85.258182">
        <ele>213.0</ele>
      </trkpt>
      <trkpt lat="41.035891" lon="-85.258112">
        <ele>213.0</ele>
      </trkpt>
      <trkpt lat="41.035904" lon="-85.258042">
        <ele>213.0</ele>
      </trkpt>
      <trkpt lat="41.035928" lon="-85.257967">
        <ele>213.0</ele>
      </trkpt>
      <trkpt lat="41.035939" lon="-85.257897">
        <ele>213.0</ele>
      </trkpt>
      <trkpt lat="41.035958" lon="-85.257828">
        <ele>213.0</ele>
      </trkpt>
      <trkpt lat="41.035974" lon="-85.257763">
        <ele>213.0</ele>
      </trkpt>
      <trkpt lat="41.035996" lon="-85.257693">
        <ele>214.0</ele>
      </trkpt>
      <trkpt lat="41.03602" lon="-85.257618">
        <ele>214.0</ele>
      </trkpt>
      <trkpt lat="41.036049" lon="-85.257549">
        <ele>214.0</ele>
      </trkpt>
      <trkpt lat="41.036063" lon="-85.257474">
        <ele>214.0</ele>
      </trkpt>
      <trkpt lat="41.036081" lon="-85.257404">
        <ele>214.0</ele>
      </trkpt>
      <trkpt lat="41.036095" lon="-85.257339">
        <ele>215.0</ele>
      </trkpt>
      <trkpt lat="41.036114" lon="-85.257275">
        <ele>215.0</ele>
      </trkpt>
      <trkpt lat="41.036127" lon="-85.257205">
        <ele>215.0</ele>
      </trkpt>
      <trkpt lat="41.036146" lon="-85.257119">
        <ele>215.0</ele>
      </trkpt>
      <trkpt lat="41.036173" lon="-85.25705">
        <ele>215.0</ele>
      </trkpt>
      <trkpt lat="41.036194" lon="-85.256975">
        <ele>215.0</ele>
      </trkpt>
      <trkpt lat="41.036213" lon="-85.256916">
        <ele>216.0</ele>
      </trkpt>
      <trkpt lat="41.036234" lon="-85.256846">
        <ele>216.0</ele>
      </trkpt>
      <trkpt lat="41.036256" lon="-85.256771">
        <ele>216.0</ele>
      </trkpt>
      <trkpt lat="41.036283" lon="-85.256706">
        <ele>216.0</ele>
      </trkpt>
      <trkpt lat="41.036312" lon="-85.256642">
        <ele>216.0</ele>
      </trkpt>
      <trkpt lat="41.036336" lon="-85.256572">
        <ele>216.0</ele>
      </trkpt>
      <trkpt lat="41.036371" lon="-85.256503">
        <ele>216.0</ele>
      </trkpt>
      <trkpt lat="41.036393" lon="-85.256444">
        <ele>216.0</ele>
      </trkpt>
      <trkpt lat="41.036425" lon="-85.256379">
        <ele>216.0</ele>
      </trkpt>
      <trkpt lat="41.036457" lon="-85.256304">
        <ele>216.0</ele>
      </trkpt>
      <trkpt lat="41.036489" lon="-85.25625">
        <ele>216.0</ele>
      </trkpt>
      <trkpt lat="41.036519" lon="-85.256197">
        <ele>216.0</ele>
      </trkpt>
      <trkpt lat="41.036553" lon="-85.256138">
        <ele>217.0</ele>
      </trkpt>
      <trkpt lat="41.036591" lon="-85.256084">
        <ele>217.0</ele>
      </trkpt>
      <trkpt lat="41.036629" lon="-85.25602">
        <ele>217.0</ele>
      </trkpt>
      <trkpt lat="41.036663" lon="-85.255966">
        <ele>217.0</ele>
      </trkpt>
      <trkpt lat="41.036706" lon="-85.255912">
        <ele>217.0</ele>
      </trkpt>
      <trkpt lat="41.036741" lon="-85.255875">
        <ele>217.0</ele>
      </trkpt>
      <trkpt lat="41.036781" lon="-85.255821">
        <ele>217.0</ele>
      </trkpt>
      <trkpt lat="41.036824" lon="-85.255778">
        <ele>217.0</ele>
      </trkpt>
      <trkpt lat="41.036873" lon="-85.25573">
        <ele>217.0</ele>
      </trkpt>
      <trkpt lat="41.036924" lon="-85.255676">
        <ele>217.0</ele>
      </trkpt>
      <trkpt lat="41.036972" lon="-85.255634">
        <ele>218.0</ele>
      </trkpt>
      <trkpt lat="41.037023" lon="-85.255585">
        <ele>218.0</ele>
      </trkpt>
      <trkpt lat="41.03706" lon="-85.255542">
        <ele>218.0</ele>
      </trkpt>
      <trkpt lat="41.037111" lon="-85.255494">
        <ele>218.0</ele>
      </trkpt>
      <trkpt lat="41.037152" lon="-85.255467">
        <ele>218.0</ele>
      </trkpt>
      <trkpt lat="41.037205" lon="-85.255451">
        <ele>218.0</ele>
      </trkpt>
      <trkpt lat="41.037259" lon="-85.255419">
        <ele>218.0</ele>
      </trkpt>
      <trkpt lat="41.037321" lon="-85.255398">
        <ele>218.0</ele>
      </trkpt>
      <trkpt lat="41.037374" lon="-85.255371">
        <ele>218.0</ele>
      </trkpt>
      <trkpt lat="41.037431" lon="-85.255365">
        <ele>218.0</ele>
      </trkpt>
      <trkpt lat="41.037484" lon="-85.255344">
        <ele>218.0</ele>
      </trkpt>
      <trkpt lat="41.037546" lon="-85.255333">
        <ele>218.0</ele>
      </trkpt>
      <trkpt lat="41.037608" lon="-85.255317">
        <ele>218.0</ele>
      </trkpt>
      <trkpt lat="41.037664" lon="-85.255317">
        <ele>218.0</ele>
      </trkpt>
      <trkpt lat="41.037731" lon="-85.255312">
        <ele>218.0</ele>
      </trkpt>
      <trkpt lat="41.037798" lon="-85.255312">
        <ele>218.0</ele>
      </trkpt>
      <trkpt lat="41.037865" lon="-85.255317">
        <ele>218.0</ele>
      </trkpt>
      <trkpt lat="41.037927" lon="-85.255312">
        <ele>218.0</ele>
      </trkpt>
      <trkpt lat="41.037983" lon="-85.255317">
        <ele>218.0</ele>
      </trkpt>
      <trkpt lat="41.03805" lon="-85.255317">
        <ele>219.0</ele>
      </trkpt>
      <trkpt lat="41.038117" lon="-85.255328">
        <ele>219.0</ele>
      </trkpt>
      <trkpt lat="41.038182" lon="-85.255328">
        <ele>219.0</ele>
      </trkpt>
      <trkpt lat="41.038246" lon="-85.255328">
        <ele>219.0</ele>
      </trkpt>
      <trkpt lat="41.038316" lon="-85.255328">
        <ele>219.0</ele>
      </trkpt>
      <trkpt lat="41.038385" lon="-85.255328">
        <ele>219.0</ele>
      </trkpt>
      <trkpt lat="41.038458" lon="-85.255328">
        <ele>219.0</ele>
      </trkpt>
      <trkpt lat="41.038538" lon="-85.255328">
        <ele>220.0</ele>
      </trkpt>
      <trkpt lat="41.038613" lon="-85.255328">
        <ele>220.0</ele>
      </trkpt>
      <trkpt lat="41.038688" lon="-85.255328">
        <ele>220.0</ele>
      </trkpt>
      <trkpt lat="41.038761" lon="-85.255333">
        <ele>220.0</ele>
      </trkpt>
      <trkpt lat="41.038839" lon="-85.255344">
        <ele>220.0</ele>
      </trkpt>
      <trkpt lat="41.038903" lon="-85.255365">
        <ele>220.0</ele>
      </trkpt>
      <trkpt lat="41.038967" lon="-85.255387">
        <ele>220.0</ele>
      </trkpt>
      <trkpt lat="41.039037" lon="-85.255414">
        <ele>220.0</ele>
      </trkpt>
      <trkpt lat="41.039104" lon="-85.25544">
        <ele>220.0</ele>
      </trkpt>
      <trkpt lat="41.039174" lon="-85.255467">
        <ele>220.0</ele>
      </trkpt>
      <trkpt lat="41.039246" lon="-85.255494">
        <ele>220.0</ele>
      </trkpt>
      <trkpt lat="41.039308" lon="-85.255532">
        <ele>220.0</ele>
      </trkpt>
      <trkpt lat="41.039372" lon="-85.255564">
        <ele>220.0</ele>
      </trkpt>
      <trkpt lat="41.039442" lon="-85.255601">
        <ele>219.0</ele>
      </trkpt>
      <trkpt lat="41.039509" lon="-85.255634">
        <ele>219.0</ele>
      </trkpt>
      <trkpt lat="41.039574" lon="-85.25566">
        <ele>219.0</ele>
      </trkpt>
      <trkpt lat="41.039633" lon="-85.255709">
        <ele>219.0</ele>
      </trkpt>
      <trkpt lat="41.039697" lon="-85.255746">
        <ele>219.0</ele>
      </trkpt>
      <trkpt lat="41.039769" lon="-85.255778">
        <ele>219.0</ele>
      </trkpt>
      <trkpt lat="41.039839" lon="-85.2558">
        <ele>219.0</ele>
      </trkpt>
      <trkpt lat="41.039912" lon="-85.255821">
        <ele>218.0</ele>
      </trkpt>
      <trkpt lat="41.039987" lon="-85.255832">
        <ele>218.0</ele>
      </trkpt>
      <trkpt lat="41.040056" lon="-85.255837">
        <ele>218.0</ele>
      </trkpt>
      <trkpt lat="41.040131" lon="-85.255837">
        <ele>218.0</ele>
      </trkpt>
      <trkpt lat="41.040201" lon="-85.255853">
        <ele>218.0</ele>
      </trkpt>
      <trkpt lat="41.040266" lon="-85.255853">
        <ele>218.0</ele>
      </trkpt>
      <trkpt lat="41.04033" lon="-85.255859">
        <ele>218.0</ele>
      </trkpt>
      <trkpt lat="41.0404" lon="-85.25587">
        <ele>218.0</ele>
      </trkpt>
      <trkpt lat="41.040456" lon="-85.255875">
        <ele>218.0</ele>
      </trkpt>
      <trkpt lat="41.040518" lon="-85.255875">
        <ele>218.0</ele>
      </trkpt>
      <trkpt lat="41.040577" lon="-85.255875">
        <ele>218.0</ele>
      </trkpt>
      <trkpt lat="41.040644" lon="-85.255886">
        <ele>218.0</ele>
      </trkpt>
      <trkpt lat="41.040708" lon="-85.255875">
        <ele>218.0</ele>
      </trkpt>
      <trkpt lat="41.040773" lon="-85.255859">
        <ele>218.0</ele>
      </trkpt>
      <trkpt lat="41.040834" lon="-85.255853">
        <ele>218.0</ele>
      </trkpt>
      <trkpt lat="41.040896" lon="-85.255853">
        <ele>218.0</ele>
      </trkpt>
      <trkpt lat="41.040952" lon="-85.255853">
        <ele>218.0</ele>
      </trkpt>
      <trkpt lat="41.041009" lon="-85.255853">
        <ele>219.0</ele>
      </trkpt>
      <trkpt lat="41.041073" lon="-85.255853">
        <ele>219.0</ele>
      </trkpt>
      <trkpt lat="41.04114" lon="-85.255853">
        <ele>219.0</ele>
      </trkpt>
      <trkpt lat="41.041196" lon="-85.255853">
        <ele>219.0</ele>
      </trkpt>
      <trkpt lat="41.04125" lon="-85.255853">
        <ele>219.0</ele>
      </trkpt>
      <trkpt lat="41.041306" lon="-85.255853">
        <ele>219.0</ele>
      </trkpt>
      <trkpt lat="41.041363" lon="-85.255853">
        <ele>219.0</ele>
      </trkpt>
      <trkpt lat="41.04143" lon="-85.255859">
        <ele>219.0</ele>
      </trkpt>
      <trkpt lat="41.041489" lon="-85.255859">
        <ele>219.0</ele>
      </trkpt>
      <trkpt lat="41.041556" lon="-85.255853">
        <ele>219.0</ele>
      </trkpt>
      <trkpt lat="41.041612" lon="-85.255859">
        <ele>219.0</ele>
      </trkpt>
      <trkpt lat="41.041676" lon="-85.255859">
        <ele>219.0</ele>
      </trkpt>
      <trkpt lat="41.041741" lon="-85.255859">
        <ele>218.0</ele>
      </trkpt>
      <trkpt lat="41.041803" lon="-85.25587">
        <ele>218.0</ele>
      </trkpt>
      <trkpt lat="41.041867" lon="-85.255875">
        <ele>218.0</ele>
      </trkpt>
      <trkpt lat="41.041929" lon="-85.255886">
        <ele>218.0</ele>
      </trkpt>
      <trkpt lat="41.041998" lon="-85.255891">
        <ele>218.0</ele>
      </trkpt>
      <trkpt lat="41.042065" lon="-85.255891">
        <ele>218.0</ele>
      </trkpt>
      <trkpt lat="41.04213" lon="-85.255902">
        <ele>218.0</ele>
      </trkpt>
      <trkpt lat="41.042189" lon="-85.255912">
        <ele>218.0</ele>
      </trkpt>
      <trkpt lat="41.042248" lon="-85.255923">
        <ele>218.0</ele>
      </trkpt>
      <trkpt lat="41.042315" lon="-85.255939">
        <ele>218.0</ele>
      </trkpt>
      <trkpt lat="41.042379" lon="-85.255945">
        <ele>218.0</ele>
      </trkpt>
      <trkpt lat="41.042441" lon="-85.255961">
        <ele>218.0</ele>
      </trkpt>
      <trkpt lat="41.042505" lon="-85.255982">
        <ele>218.0</ele>
      </trkpt>
      <trkpt lat="41.04257" lon="-85.255998">
        <ele>218.0</ele>
      </trkpt>
      <trkpt lat="41.042634" lon="-85.25602">
        <ele>218.0</ele>
      </trkpt>
      <trkpt lat="41.042698" lon="-85.256036">
        <ele>218.0</ele>
      </trkpt>
      <trkpt lat="41.04276" lon="-85.256052">
        <ele>218.0</ele>
      </trkpt>
      <trkpt lat="41.042822" lon="-85.256057">
        <ele>218.0</ele>
      </trkpt>
      <trkpt lat="41.042881" lon="-85.256068">
        <ele>218.0</ele>
      </trkpt>
      <trkpt lat="41.04294" lon="-85.256073">
        <ele>218.0</ele>
      </trkpt>
      <trkpt lat="41.043001" lon="-85.256084">
        <ele>218.0</ele>
      </trkpt>
      <trkpt lat="41.043066" lon="-85.2561">
        <ele>219.0</ele>
      </trkpt>
      <trkpt lat="41.043128" lon="-85.256111">
        <ele>219.0</ele>
      </trkpt>
      <trkpt lat="41.043176" lon="-85.256127">
        <ele>219.0</ele>
      </trkpt>
      <trkpt lat="41.043237" lon="-85.256143">
        <ele>219.0</ele>
      </trkpt>
      <trkpt lat="41.043291" lon="-85.256159">
        <ele>219.0</ele>
      </trkpt>
      <trkpt lat="41.043339" lon="-85.256181">
        <ele>219.0</ele>
      </trkpt>
      <trkpt lat="41.043401" lon="-85.256191">
        <ele>219.0</ele>
      </trkpt>
      <trkpt lat="41.043455" lon="-85.256197">
        <ele>219.0</ele>
      </trkpt>
      <trkpt lat="41.043511" lon="-85.256197">
        <ele>219.0</ele>
      </trkpt>
      <trkpt lat="41.043565" lon="-85.256202">
        <ele>219.0</ele>
      </trkpt>
      <trkpt lat="41.043618" lon="-85.256197">
        <ele>219.0</ele>
      </trkpt>
      <trkpt lat="41.043664" lon="-85.256202">
        <ele>219.0</ele>
      </trkpt>
      <trkpt lat="41.04372" lon="-85.256197">
        <ele>220.0</ele>
      </trkpt>
      <trkpt lat="41.043779" lon="-85.256197">
        <ele>220.0</ele>
      </trkpt>
      <trkpt lat="41.043828" lon="-85.256197">
        <ele>220.0</ele>
      </trkpt>
      <trkpt lat="41.043881" lon="-85.256202">
        <ele>220.0</ele>
      </trkpt>
      <trkpt lat="41.043938" lon="-85.256202">
        <ele>220.0</ele>
      </trkpt>
      <trkpt lat="41.043991" lon="-85.256197">
        <ele>220.0</ele>
      </trkpt>
      <trkpt lat="41.044053" lon="-85.256197">
        <ele>220.0</ele>
      </trkpt>
      <trkpt lat="41.044117" lon="-85.256191">
        <ele>221.0</ele>
      </trkpt>
      <trkpt lat="41.044176" lon="-85.256181">
        <ele>221.0</ele>
      </trkpt>
      <trkpt lat="41.044235" lon="-85.256165">
        <ele>221.0</ele>
      </trkpt>
      <trkpt lat="41.044289" lon="-85.256165">
        <ele>221.0</ele>
      </trkpt>
      <trkpt lat="41.04434" lon="-85.256165">
        <ele>221.0</ele>
      </trkpt>
      <trkpt lat="41.044404" lon="-85.256165">
        <ele>221.0</ele>
      </trkpt>
      <trkpt lat="41.044461" lon="-85.256165">
        <ele>221.0</ele>
      </trkpt>
      <trkpt lat="41.044522" lon="-85.256165">
        <ele>221.0</ele>
      </trkpt>
      <trkpt lat="41.044584" lon="-85.256165">
        <ele>221.0</ele>
      </trkpt>
      <trkpt lat="41.044646" lon="-85.256165">
        <ele>221.0</ele>
      </trkpt>
      <trkpt lat="41.044702" lon="-85.256165">
        <ele>221.0</ele>
      </trkpt>
      <trkpt lat="41.044758" lon="-85.256165">
        <ele>221.0</ele>
      </trkpt>
      <trkpt lat="41.044804" lon="-85.256165">
        <ele>221.0</ele>
      </trkpt>
      <trkpt lat="41.04485" lon="-85.256181">
        <ele>221.0</ele>
      </trkpt>
      <trkpt lat="41.044892" lon="-85.256181">
        <ele>222.0</ele>
      </trkpt>
      <trkpt lat="41.044935" lon="-85.256181">
        <ele>222.0</ele>
      </trkpt>
      <trkpt lat="41.044965" lon="-85.256181">
        <ele>222.0</ele>
      </trkpt>
      <trkpt lat="41.045" lon="-85.256181">
        <ele>222.0</ele>
      </trkpt>
      <trkpt lat="41.045018" lon="-85.256165">
        <ele>222.0</ele>
      </trkpt>
      <trkpt lat="41.045035" lon="-85.256165">
        <ele>222.0</ele>
      </trkpt>
      <trkpt lat="41.045045" lon="-85.256165">
        <ele>222.0</ele>
      </trkpt>
      <trkpt lat="41.045053" lon="-85.256165">
        <ele>222.0</ele>
      </trkpt>
      <trkpt lat="41.045056" lon="-85.256159">
        <ele>222.0</ele>
      </trkpt>
      <trkpt lat="41.045056" lon="-85.256165">
        <ele>222.0</ele>
      </trkpt>
      <trkpt lat="41.045072" lon="-85.256159">
        <ele>222.0</ele>
      </trkpt>
      <trkpt lat="41.045091" lon="-85.256159">
        <ele>222.0</ele>
      </trkpt>
      <trkpt lat="41.045112" lon="-85.256154">
        <ele>222.0</ele>
      </trkpt>
      <trkpt lat="41.045134" lon="-85.256143">
        <ele>222.0</ele>
      </trkpt>
      <trkpt lat="41.045161" lon="-85.256138">
        <ele>222.0</ele>
      </trkpt>
      <trkpt lat="41.045187" lon="-85.256127">
        <ele>222.0</ele>
      </trkpt>
      <trkpt lat="41.045217" lon="-85.256111">
        <ele>222.0</ele>
      </trkpt>
      <trkpt lat="41.045244" lon="-85.2561">
        <ele>222.0</ele>
      </trkpt>
      <trkpt lat="41.045271" lon="-85.256073">
        <ele>222.0</ele>
      </trkpt>
      <trkpt lat="41.045284" lon="-85.256047">
        <ele>222.0</ele>
      </trkpt>
      <trkpt lat="41.045292" lon="-85.255998">
        <ele>222.0</ele>
      </trkpt>
      <trkpt lat="41.045297" lon="-85.255955">
        <ele>222.0</ele>
      </trkpt>
      <trkpt lat="41.045297" lon="-85.255907">
        <ele>222.0</ele>
      </trkpt>
      <trkpt lat="41.045297" lon="-85.255853">
        <ele>221.0</ele>
      </trkpt>
      <trkpt lat="41.045297" lon="-85.255784">
        <ele>221.0</ele>
      </trkpt>
      <trkpt lat="41.045297" lon="-85.255725">
        <ele>221.0</ele>
      </trkpt>
      <trkpt lat="41.045292" lon="-85.25565">
        <ele>221.0</ele>
      </trkpt>
      <trkpt lat="41.045289" lon="-85.255585">
        <ele>221.0</ele>
      </trkpt>
      <trkpt lat="41.045289" lon="-85.25551">
        <ele>221.0</ele>
      </trkpt>
      <trkpt lat="41.045289" lon="-85.25544">
        <ele>221.0</ele>
      </trkpt>
      <trkpt lat="41.045289" lon="-85.255365">
        <ele>221.0</ele>
      </trkpt>
      <trkpt lat="41.045289" lon="-85.25529">
        <ele>221.0</ele>
      </trkpt>
      <trkpt lat="41.045284" lon="-85.25522">
        <ele>221.0</ele>
      </trkpt>
      <trkpt lat="41.045281" lon="-85.255145">
        <ele>220.0</ele>
      </trkpt>
      <trkpt lat="41.045281" lon="-85.255081">
        <ele>220.0</ele>
      </trkpt>
      <trkpt lat="41.045281" lon="-85.255017">
        <ele>220.0</ele>
      </trkpt>
      <trkpt lat="41.045284" lon="-85.254947">
        <ele>220.0</ele>
      </trkpt>
      <trkpt lat="41.045292" lon="-85.254877">
        <ele>220.0</ele>
      </trkpt>
      <trkpt lat="41.045297" lon="-85.254807">
        <ele>220.0</ele>
      </trkpt>
      <trkpt lat="41.045297" lon="-85.254754">
        <ele>220.0</ele>
      </trkpt>
      <trkpt lat="41.045297" lon="-85.254684">
        <ele>221.0</ele>
      </trkpt>
      <trkpt lat="41.045297" lon="-85.254625">
        <ele>221.0</ele>
      </trkpt>
      <trkpt lat="41.045289" lon="-85.254555">
        <ele>221.0</ele>
      </trkpt>
      <trkpt lat="41.045292" lon="-85.254486">
        <ele>221.0</ele>
      </trkpt>
      <trkpt lat="41.045289" lon="-85.254421">
        <ele>221.0</ele>
      </trkpt>
      <trkpt lat="41.045289" lon="-85.254351">
        <ele>221.0</ele>
      </trkpt>
      <trkpt lat="41.045289" lon="-85.254287">
        <ele>222.0</ele>
      </trkpt>
      <trkpt lat="41.045284" lon="-85.254228">
        <ele>222.0</ele>
      </trkpt>
      <trkpt lat="41.045289" lon="-85.254158">
        <ele>222.0</ele>
      </trkpt>
      <trkpt lat="41.045281" lon="-85.254105">
        <ele>222.0</ele>
      </trkpt>
      <trkpt lat="41.045284" lon="-85.254051">
        <ele>222.0</ele>
      </trkpt>
      <trkpt lat="41.045289" lon="-85.253987">
        <ele>222.0</ele>
      </trkpt>
      <trkpt lat="41.045284" lon="-85.253922">
        <ele>222.0</ele>
      </trkpt>
      <trkpt lat="41.045281" lon="-85.253863">
        <ele>222.0</ele>
      </trkpt>
      <trkpt lat="41.045281" lon="-85.25381">
        <ele>223.0</ele>
      </trkpt>
      <trkpt lat="41.045281" lon="-85.253751">
        <ele>223.0</ele>
      </trkpt>
      <trkpt lat="41.045289" lon="-85.253681">
        <ele>223.0</ele>
      </trkpt>
      <trkpt lat="41.045289" lon="-85.253617">
        <ele>223.0</ele>
      </trkpt>
      <trkpt lat="41.045289" lon="-85.253558">
        <ele>223.0</ele>
      </trkpt>
      <trkpt lat="41.045292" lon="-85.253499">
        <ele>223.0</ele>
      </trkpt>
      <trkpt lat="41.045297" lon="-85.253434">
        <ele>223.0</ele>
      </trkpt>
      <trkpt lat="41.045289" lon="-85.253375">
        <ele>224.0</ele>
      </trkpt>
      <trkpt lat="41.045292" lon="-85.253311">
        <ele>224.0</ele>
      </trkpt>
      <trkpt lat="41.045289" lon="-85.253252">
        <ele>224.0</ele>
      </trkpt>
      <trkpt lat="41.045289" lon="-85.253182">
        <ele>224.0</ele>
      </trkpt>
      <trkpt lat="41.045289" lon="-85.253123">
        <ele>224.0</ele>
      </trkpt>
      <trkpt lat="41.045289" lon="-85.253064">
        <ele>224.0</ele>
      </trkpt>
      <trkpt lat="41.045289" lon="-85.252994">
        <ele>224.0</ele>
      </trkpt>
      <trkpt lat="41.045281" lon="-85.25293">
        <ele>224.1</ele>
      </trkpt>
      <trkpt lat="41.045279" lon="-85.252866">
        <ele>224.2</ele>
      </trkpt>
      <trkpt lat="41.045279" lon="-85.252796">
        <ele>224.3</ele>
      </trkpt>
      <trkpt lat="41.045279" lon="-85.252731">
        <ele>224.4</ele>
      </trkpt>
      <trkpt lat="41.045279" lon="-85.252656">
        <ele>224.6</ele>
      </trkpt>
      <trkpt lat="41.045273" lon="-85.252597">
        <ele>224.7</ele>
      </trkpt>
      <trkpt lat="41.045273" lon="-85.252522">
        <ele>224.8</ele>
      </trkpt>
      <trkpt lat="41.045265" lon="-85.252452">
        <ele>225.0</ele>
      </trkpt>
      <trkpt lat="41.045263" lon="-85.252383">
        <ele>225.1</ele>
      </trkpt>
      <trkpt lat="41.04526" lon="-85.252308">
        <ele>225.2</ele>
      </trkpt>
      <trkpt lat="41.045246" lon="-85.252238">
        <ele>225.4</ele>
      </trkpt>
      <trkpt lat="41.045246" lon="-85.252152">
        <ele>225.5</ele>
      </trkpt>
      <trkpt lat="41.045246" lon="-85.252077">
        <ele>225.7</ele>
      </trkpt>
      <trkpt lat="41.045246" lon="-85.252002">
        <ele>225.8</ele>
      </trkpt>
      <trkpt lat="41.045246" lon="-85.251937">
        <ele>226.0</ele>
      </trkpt>
      <trkpt lat="41.045255" lon="-85.251862">
        <ele>226.0</ele>
      </trkpt>
      <trkpt lat="41.045263" lon="-85.251793">
        <ele>226.0</ele>
      </trkpt>
      <trkpt lat="41.045273" lon="-85.251718">
        <ele>226.0</ele>
      </trkpt>
      <trkpt lat="41.045279" lon="-85.251642">
        <ele>226.0</ele>
      </trkpt>
      <trkpt lat="41.045281" lon="-85.251573">
        <ele>226.0</ele>
      </trkpt>
      <trkpt lat="41.045281" lon="-85.251492">
        <ele>226.0</ele>
      </trkpt>
      <trkpt lat="41.045281" lon="-85.251406">
        <ele>226.0</ele>
      </trkpt>
      <trkpt lat="41.045289" lon="-85.251321">
        <ele>226.0</ele>
      </trkpt>
      <trkpt lat="41.045289" lon="-85.251229">
        <ele>225.0</ele>
      </trkpt>
      <trkpt lat="41.045292" lon="-85.251149">
        <ele>225.0</ele>
      </trkpt>
      <trkpt lat="41.045292" lon="-85.251047">
        <ele>225.0</ele>
      </trkpt>
      <trkpt lat="41.045292" lon="-85.250956">
        <ele>224.0</ele>
      </trkpt>
      <trkpt lat="41.045297" lon="-85.250854">
        <ele>224.0</ele>
      </trkpt>
      <trkpt lat="41.045297" lon="-85.250757">
        <ele>224.0</ele>
      </trkpt>
      <trkpt lat="41.0453" lon="-85.25065">
        <ele>223.0</ele>
      </trkpt>
      <trkpt lat="41.0453" lon="-85.250537">
        <ele>223.0</ele>
      </trkpt>
      <trkpt lat="41.045297" lon="-85.25043">
        <ele>223.0</ele>
      </trkpt>
      <trkpt lat="41.045297" lon="-85.250317">
        <ele>223.0</ele>
      </trkpt>
      <trkpt lat="41.045297" lon="-85.250199">
        <ele>222.0</ele>
      </trkpt>
      <trkpt lat="41.045297" lon="-85.250076">
        <ele>222.0</ele>
      </trkpt>
      <trkpt lat="41.045311" lon="-85.249974">
        <ele>222.0</ele>
      </trkpt>
      <trkpt lat="41.045311" lon="-85.249867">
        <ele>222.0</ele>
      </trkpt>
      <trkpt lat="41.045316" lon="-85.249749">
        <ele>222.0</ele>
      </trkpt>
      <trkpt lat="41.045319" lon="-85.249658">
        <ele>221.0</ele>
      </trkpt>
      <trkpt lat="41.045324" lon="-85.24955">
        <ele>221.0</ele>
      </trkpt>
      <trkpt lat="41.045327" lon="-85.249443">
        <ele>221.0</ele>
      </trkpt>
      <trkpt lat="41.045327" lon="-85.24933">
        <ele>221.0</ele>
      </trkpt>
      <trkpt lat="41.045338" lon="-85.249234">
        <ele>221.0</ele>
      </trkpt>
      <trkpt lat="41.045346" lon="-85.249132">
        <ele>220.0</ele>
      </trkpt>
      <trkpt lat="41.045351" lon="-85.249025">
        <ele>220.0</ele>
      </trkpt>
      <trkpt lat="41.045354" lon="-85.248928">
        <ele>220.0</ele>
      </trkpt>
      <trkpt lat="41.045359" lon="-85.248842">
        <ele>219.0</ele>
      </trkpt>
      <trkpt lat="41.045362" lon="-85.248751">
        <ele>219.0</ele>
      </trkpt>
      <trkpt lat="41.045362" lon="-85.248676">
        <ele>219.0</ele>
      </trkpt>
      <trkpt lat="41.04537" lon="-85.24859">
        <ele>218.0</ele>
      </trkpt>
      <trkpt lat="41.045373" lon="-85.248531">
        <ele>218.0</ele>
      </trkpt>
      <trkpt lat="41.045373" lon="-85.248467">
        <ele>218.0</ele>
      </trkpt>
      <trkpt lat="41.045378" lon="-85.248392">
        <ele>218.0</ele>
      </trkpt>
      <trkpt lat="41.045381" lon="-85.248316">
        <ele>217.0</ele>
      </trkpt>
      <trkpt lat="41.045378" lon="-85.248241">
        <ele>217.0</ele>
      </trkpt>
      <trkpt lat="41.045378" lon="-85.248161">
        <ele>217.0</ele>
      </trkpt>
      <trkpt lat="41.045381" lon="-85.248086">
        <ele>217.0</ele>
      </trkpt>
      <trkpt lat="41.045378" lon="-85.248016">
        <ele>217.0</ele>
      </trkpt>
      <trkpt lat="41.045381" lon="-85.247936">
        <ele>217.0</ele>
      </trkpt>
      <trkpt lat="41.045378" lon="-85.247866">
        <ele>217.0</ele>
      </trkpt>
      <trkpt lat="41.045378" lon="-85.247796">
        <ele>217.0</ele>
      </trkpt>
      <trkpt lat="41.04537" lon="-85.247716">
        <ele>217.0</ele>
      </trkpt>
      <trkpt lat="41.04537" lon="-85.247635">
        <ele>217.0</ele>
      </trkpt>
      <trkpt lat="41.045362" lon="-85.247555">
        <ele>217.0</ele>
      </trkpt>
      <trkpt lat="41.045359" lon="-85.247474">
        <ele>217.0</ele>
      </trkpt>
      <trkpt lat="41.045359" lon="-85.247394">
        <ele>217.0</ele>
      </trkpt>
      <trkpt lat="41.045362" lon="-85.247319">
        <ele>217.0</ele>
      </trkpt>
      <trkpt lat="41.045362" lon="-85.247233">
        <ele>217.0</ele>
      </trkpt>
      <trkpt lat="41.045362" lon="-85.247158">
        <ele>217.0</ele>
      </trkpt>
      <trkpt lat="41.045362" lon="-85.247072">
        <ele>217.0</ele>
      </trkpt>
      <trkpt lat="41.045362" lon="-85.246997">
        <ele>217.0</ele>
      </trkpt>
      <trkpt lat="41.045364" lon="-85.246906">
        <ele>217.0</ele>
      </trkpt>
      <trkpt lat="41.045362" lon="-85.246831">
        <ele>217.0</ele>
      </trkpt>
      <trkpt lat="41.045362" lon="-85.246745">
        <ele>217.0</ele>
      </trkpt>
      <trkpt lat="41.045362" lon="-85.24667">
        <ele>218.0</ele>
      </trkpt>
      <trkpt lat="41.045364" lon="-85.246584">
        <ele>218.0</ele>
      </trkpt>
      <trkpt lat="41.045364" lon="-85.246509">
        <ele>218.0</ele>
      </trkpt>
      <trkpt lat="41.045359" lon="-85.246434">
        <ele>218.0</ele>
      </trkpt>
      <trkpt lat="41.045351" lon="-85.246353">
        <ele>218.0</ele>
      </trkpt>
      <trkpt lat="41.045343" lon="-85.246278">
        <ele>219.0</ele>
      </trkpt>
      <trkpt lat="41.045335" lon="-85.246198">
        <ele>219.0</ele>
      </trkpt>
      <trkpt lat="41.045327" lon="-85.246112">
        <ele>219.0</ele>
      </trkpt>
      <trkpt lat="41.045327" lon="-85.246042">
        <ele>220.0</ele>
      </trkpt>
      <trkpt lat="41.045327" lon="-85.245972">
        <ele>220.0</ele>
      </trkpt>
      <trkpt lat="41.045324" lon="-85.245902">
        <ele>220.0</ele>
      </trkpt>
      <trkpt lat="41.045319" lon="-85.245838">
        <ele>220.0</ele>
      </trkpt>
      <trkpt lat="41.045319" lon="-85.245758">
        <ele>220.0</ele>
      </trkpt>
      <trkpt lat="41.045319" lon="-85.245683">
        <ele>220.0</ele>
      </trkpt>
      <trkpt lat="41.045324" lon="-85.245602">
        <ele>221.0</ele>
      </trkpt>
      <trkpt lat="41.045327" lon="-85.245522">
        <ele>221.0</ele>
      </trkpt>
      <trkpt lat="41.045338" lon="-85.245441">
        <ele>221.0</ele>
      </trkpt>
      <trkpt lat="41.045335" lon="-85.245371">
        <ele>221.0</ele>
      </trkpt>
      <trkpt lat="41.045335" lon="-85.245302">
        <ele>221.0</ele>
      </trkpt>
      <trkpt lat="41.045324" lon="-85.245232">
        <ele>221.0</ele>
      </trkpt>
      <trkpt lat="41.045319" lon="-85.245168">
        <ele>221.0</ele>
      </trkpt>
      <trkpt lat="41.045324" lon="-85.245082">
        <ele>221.0</ele>
      </trkpt>
      <trkpt lat="41.045324" lon="-85.245007">
        <ele>221.0</ele>
      </trkpt>
      <trkpt lat="41.045327" lon="-85.244926">
        <ele>221.0</ele>
      </trkpt>
      <trkpt lat="41.045338" lon="-85.244862">
        <ele>220.0</ele>
      </trkpt>
      <trkpt lat="41.045338" lon="-85.244781">
        <ele>220.0</ele>
      </trkpt>
      <trkpt lat="41.045343" lon="-85.244706">
        <ele>220.0</ele>
      </trkpt>
      <trkpt lat="41.045346" lon="-85.244626">
        <ele>220.0</ele>
      </trkpt>
      <trkpt lat="41.045346" lon="-85.244556">
        <ele>220.0</ele>
      </trkpt>
      <trkpt lat="41.045346" lon="-85.244481">
        <ele>220.0</ele>
      </trkpt>
      <trkpt lat="41.045343" lon="-85.244411">
        <ele>220.0</ele>
      </trkpt>
      <trkpt lat="41.045343" lon="-85.244341">
        <ele>220.0</ele>
      </trkpt>
      <trkpt lat="41.045346" lon="-85.244266">
        <ele>220.0</ele>
      </trkpt>
      <trkpt lat="41.045346" lon="-85.244186">
        <ele>220.0</ele>
      </trkpt>
      <trkpt lat="41.045346" lon="-85.244111">
        <ele>219.0</ele>
      </trkpt>
      <trkpt lat="41.045346" lon="-85.244036">
        <ele>219.0</ele>
      </trkpt>
      <trkpt lat="41.045346" lon="-85.24395">
        <ele>219.0</ele>
      </trkpt>
      <trkpt lat="41.045343" lon="-85.243875">
        <ele>219.0</ele>
      </trkpt>
      <trkpt lat="41.045335" lon="-85.243794">
        <ele>220.0</ele>
      </trkpt>
      <trkpt lat="41.045327" lon="-85.243714">
        <ele>220.0</ele>
      </trkpt>
      <trkpt lat="41.045324" lon="-85.243639">
        <ele>220.0</ele>
      </trkpt>
      <trkpt lat="41.045324" lon="-85.243564">
        <ele>220.0</ele>
      </trkpt>
      <trkpt lat="41.045324" lon="-85.243478">
        <ele>220.0</ele>
      </trkpt>
      <trkpt lat="41.045327" lon="-85.243408">
        <ele>220.0</ele>
      </trkpt>
      <trkpt lat="41.045327" lon="-85.243328">
        <ele>220.0</ele>
      </trkpt>
      <trkpt lat="41.045335" lon="-85.243252">
        <ele>220.0</ele>
      </trkpt>
      <trkpt lat="41.045335" lon="-85.243172">
        <ele>220.0</ele>
      </trkpt>
      <trkpt lat="41.045335" lon="-85.243097">
        <ele>220.0</ele>
      </trkpt>
      <trkpt lat="41.045335" lon="-85.243022">
        <ele>220.0</ele>
      </trkpt>
      <trkpt lat="41.045335" lon="-85.242947">
        <ele>220.0</ele>
      </trkpt>
      <trkpt lat="41.045338" lon="-85.242893">
        <ele>220.0</ele>
      </trkpt>
      <trkpt lat="41.045338" lon="-85.242823">
        <ele>219.0</ele>
      </trkpt>
      <trkpt lat="41.045335" lon="-85.242775">
        <ele>219.0</ele>
      </trkpt>
      <trkpt lat="41.045335" lon="-85.242737">
        <ele>219.0</ele>
      </trkpt>
      <trkpt lat="41.045335" lon="-85.2427">
        <ele>219.0</ele>
      </trkpt>
      <trkpt lat="41.045335" lon="-85.242641">
        <ele>219.0</ele>
      </trkpt>
      <trkpt lat="41.045335" lon="-85.242571">
        <ele>219.0</ele>
      </trkpt>
      <trkpt lat="41.045335" lon="-85.242501">
        <ele>219.0</ele>
      </trkpt>
      <trkpt lat="41.045338" lon="-85.242432">
        <ele>219.0</ele>
      </trkpt>
      <trkpt lat="41.045335" lon="-85.242373">
        <ele>219.0</ele>
      </trkpt>
      <trkpt lat="41.045338" lon="-85.242303">
        <ele>219.0</ele>
      </trkpt>
      <trkpt lat="41.045338" lon="-85.242249">
        <ele>219.0</ele>
      </trkpt>
      <trkpt lat="41.045335" lon="-85.24219">
        <ele>219.0</ele>
      </trkpt>
      <trkpt lat="41.045327" lon="-85.242115">
        <ele>219.0</ele>
      </trkpt>
      <trkpt lat="41.045327" lon="-85.242035">
        <ele>219.0</ele>
      </trkpt>
      <trkpt lat="41.045327" lon="-85.24196">
        <ele>219.0</ele>
      </trkpt>
      <trkpt lat="41.045319" lon="-85.24189">
        <ele>219.0</ele>
      </trkpt>
      <trkpt lat="41.045316" lon="-85.241809">
        <ele>219.0</ele>
      </trkpt>
      <trkpt lat="41.045316" lon="-85.24174">
        <ele>220.0</ele>
      </trkpt>
      <trkpt lat="41.045319" lon="-85.241665">
        <ele>220.0</ele>
      </trkpt>
      <trkpt lat="41.045319" lon="-85.241584">
        <ele>220.0</ele>
      </trkpt>
      <trkpt lat="41.045327" lon="-85.241504">
        <ele>220.0</ele>
      </trkpt>
      <trkpt lat="41.045327" lon="-85.241429">
        <ele>219.0</ele>
      </trkpt>
      <trkpt lat="41.045327" lon="-85.241343">
        <ele>219.0</ele>
      </trkpt>
      <trkpt lat="41.045327" lon="-85.241268">
        <ele>219.0</ele>
      </trkpt>
      <trkpt lat="41.045324" lon="-85.241182">
        <ele>219.0</ele>
      </trkpt>
      <trkpt lat="41.045319" lon="-85.241107">
        <ele>219.0</ele>
      </trkpt>
      <trkpt lat="41.045324" lon="-85.241021">
        <ele>219.0</ele>
      </trkpt>
      <trkpt lat="41.045319" lon="-85.24094">
        <ele>219.0</ele>
      </trkpt>
      <trkpt lat="41.045316" lon="-85.240849">
        <ele>219.0</ele>
      </trkpt>
      <trkpt lat="41.045316" lon="-85.240753">
        <ele>220.0</ele>
      </trkpt>
      <trkpt lat="41.045316" lon="-85.240661">
        <ele>220.0</ele>
      </trkpt>
      <trkpt lat="41.045308" lon="-85.240581">
        <ele>220.0</ele>
      </trkpt>
      <trkpt lat="41.045305" lon="-85.240495">
        <ele>219.0</ele>
      </trkpt>
      <trkpt lat="41.045308" lon="-85.24042">
        <ele>219.0</ele>
      </trkpt>
      <trkpt lat="41.045311" lon="-85.240334">
        <ele>219.0</ele>
      </trkpt>
      <trkpt lat="41.045316" lon="-85.240264">
        <ele>219.0</ele>
      </trkpt>
      <trkpt lat="41.045316" lon="-85.240184">
        <ele>219.0</ele>
      </trkpt>
      <trkpt lat="41.045311" lon="-85.240109">
        <ele>218.0</ele>
      </trkpt>
      <trkpt lat="41.045311" lon="-85.240023">
        <ele>218.0</ele>
      </trkpt>
      <trkpt lat="41.045305" lon="-85.239953">
        <ele>218.0</ele>
      </trkpt>
      <trkpt lat="41.0453" lon="-85.239878">
        <ele>217.0</ele>
      </trkpt>
      <trkpt lat="41.045292" lon="-85.239787">
        <ele>217.0</ele>
      </trkpt>
      <trkpt lat="41.045289" lon="-85.239696">
        <ele>216.0</ele>
      </trkpt>
      <trkpt lat="41.045284" lon="-85.23961">
        <ele>216.0</ele>
      </trkpt>
      <trkpt lat="41.045284" lon="-85.239513">
        <ele>215.0</ele>
      </trkpt>
      <trkpt lat="41.045284" lon="-85.239412">
        <ele>215.0</ele>
      </trkpt>
      <trkpt lat="41.045281" lon="-85.239315">
        <ele>214.0</ele>
      </trkpt>
      <trkpt lat="41.045273" lon="-85.239208">
        <ele>214.0</ele>
      </trkpt>
      <trkpt lat="41.045265" lon="-85.239106">
        <ele>214.0</ele>
      </trkpt>
      <trkpt lat="41.04526" lon="-85.239009">
        <ele>213.0</ele>
      </trkpt>
      <trkpt lat="41.045246" lon="-85.238923">
        <ele>213.0</ele>
      </trkpt>
      <trkpt lat="41.045236" lon="-85.238832">
        <ele>213.0</ele>
      </trkpt>
      <trkpt lat="41.04522" lon="-85.238762">
        <ele>213.0</ele>
      </trkpt>
      <trkpt lat="41.045212" lon="-85.238687">
        <ele>213.0</ele>
      </trkpt>
      <trkpt lat="41.045209" lon="-85.238628">
        <ele>213.0</ele>
      </trkpt>
      <trkpt lat="41.045198" lon="-85.238575">
        <ele>212.0</ele>
      </trkpt>
      <trkpt lat="41.045182" lon="-85.238521">
        <ele>212.0</ele>
      </trkpt>
      <trkpt lat="41.045163" lon="-85.238473">
        <ele>212.0</ele>
      </trkpt>
      <trkpt lat="41.045153" lon="-85.238446">
        <ele>212.0</ele>
      </trkpt>
      <trkpt lat="41.045139" lon="-85.238414">
        <ele>212.0</ele>
      </trkpt>
      <trkpt lat="41.045137" lon="-85.238382">
        <ele>212.0</ele>
      </trkpt>
      <trkpt lat="41.045128" lon="-85.238349">
        <ele>212.0</ele>
      </trkpt>
      <trkpt lat="41.04512" lon="-85.238328">
        <ele>212.0</ele>
      </trkpt>
      <trkpt lat="41.045118" lon="-85.238306">
        <ele>212.0</ele>
      </trkpt>
      <trkpt lat="41.045112" lon="-85.23829">
        <ele>212.0</ele>
      </trkpt>
      <trkpt lat="41.045118" lon="-85.238285">
        <ele>212.0</ele>
      </trkpt>
      <trkpt lat="41.045118" lon="-85.238274">
        <ele>212.0</ele>
      </trkpt>
      <trkpt lat="41.045139" lon="-85.238285">
        <ele>212.0</ele>
      </trkpt>
      <trkpt lat="41.045145" lon="-85.238258">
        <ele>212.0</ele>
      </trkpt>
      <trkpt lat="41.045137" lon="-85.238215">
        <ele>212.0</ele>
      </trkpt>
      <trkpt lat="41.04512" lon="-85.238167">
        <ele>212.0</ele>
      </trkpt>
      <trkpt lat="41.04511" lon="-85.238124">
        <ele>212.0</ele>
      </trkpt>
      <trkpt lat="41.045091" lon="-85.238076">
        <ele>212.0</ele>
      </trkpt>
      <trkpt lat="41.045064" lon="-85.238022">
        <ele>212.0</ele>
      </trkpt>
      <trkpt lat="41.04504" lon="-85.237985">
        <ele>212.0</ele>
      </trkpt>
      <trkpt lat="41.045018" lon="-85.237942">
        <ele>212.0</ele>
      </trkpt>
      <trkpt lat="41.044992" lon="-85.237904">
        <ele>211.0</ele>
      </trkpt>
      <trkpt lat="41.044968" lon="-85.23784">
        <ele>211.0</ele>
      </trkpt>
      <trkpt lat="41.044946" lon="-85.237781">
        <ele>211.0</ele>
      </trkpt>
      <trkpt lat="41.04493" lon="-85.237711">
        <ele>210.0</ele>
      </trkpt>
      <trkpt lat="41.044909" lon="-85.237652">
        <ele>210.0</ele>
      </trkpt>
      <trkpt lat="41.044882" lon="-85.237598">
        <ele>210.0</ele>
      </trkpt>
      <trkpt lat="41.044855" lon="-85.237518">
        <ele>210.0</ele>
      </trkpt>
      <trkpt lat="41.04482" lon="-85.237459">
        <ele>209.0</ele>
      </trkpt>
      <trkpt lat="41.044782" lon="-85.2374">
        <ele>209.0</ele>
      </trkpt>
      <trkpt lat="41.044745" lon="-85.237346">
        <ele>209.0</ele>
      </trkpt>
      <trkpt lat="41.044718" lon="-85.237293">
        <ele>209.0</ele>
      </trkpt>
      <trkpt lat="41.044694" lon="-85.237228">
        <ele>209.0</ele>
      </trkpt>
      <trkpt lat="41.044683" lon="-85.237175">
        <ele>209.0</ele>
      </trkpt>
      <trkpt lat="41.044659" lon="-85.237132">
        <ele>209.0</ele>
      </trkpt>
      <trkpt lat="41.044646" lon="-85.237094">
        <ele>209.0</ele>
      </trkpt>
      <trkpt lat="41.044619" lon="-85.237046">
        <ele>209.0</ele>
      </trkpt>
      <trkpt lat="41.044603" lon="-85.237003">
        <ele>209.0</ele>
      </trkpt>
      <trkpt lat="41.044576" lon="-85.236955">
        <ele>208.0</ele>
      </trkpt>
      <trkpt lat="41.044552" lon="-85.236901">
        <ele>208.0</ele>
      </trkpt>
      <trkpt lat="41.044514" lon="-85.236847">
        <ele>208.0</ele>
      </trkpt>
      <trkpt lat="41.044485" lon="-85.236794">
        <ele>208.0</ele>
      </trkpt>
      <trkpt lat="41.04445" lon="-85.236735">
        <ele>208.0</ele>
      </trkpt>
      <trkpt lat="41.044415" lon="-85.236681">
        <ele>208.0</ele>
      </trkpt>
      <trkpt lat="41.044367" lon="-85.236627">
        <ele>209.0</ele>
      </trkpt>
      <trkpt lat="41.044329" lon="-85.236558">
        <ele>209.0</ele>
      </trkpt>
      <trkpt lat="41.044289" lon="-85.236499">
        <ele>208.0</ele>
      </trkpt>
      <trkpt lat="41.044249" lon="-85.236429">
        <ele>208.0</ele>
      </trkpt>
      <trkpt lat="41.044208" lon="-85.236354">
        <ele>208.0</ele>
      </trkpt>
      <trkpt lat="41.044168" lon="-85.236279">
        <ele>208.0</ele>
      </trkpt>
      <trkpt lat="41.044131" lon="-85.236193">
        <ele>208.0</ele>
      </trkpt>
      <trkpt lat="41.044088" lon="-85.236123">
        <ele>208.0</ele>
      </trkpt>
      <trkpt lat="41.04405" lon="-85.236048">
        <ele>207.0</ele>
      </trkpt>
      <trkpt lat="41.043999" lon="-85.235978">
        <ele>207.0</ele>
      </trkpt>
      <trkpt lat="41.043954" lon="-85.235903">
        <ele>207.0</ele>
      </trkpt>
      <trkpt lat="41.043911" lon="-85.235833">
        <ele>207.0</ele>
      </trkpt>
      <trkpt lat="41.043879" lon="-85.235774">
        <ele>206.0</ele>
      </trkpt>
      <trkpt lat="41.043846" lon="-85.23571">
        <ele>206.0</ele>
      </trkpt>
      <trkpt lat="41.043836" lon="-85.235667">
        <ele>206.0</ele>
      </trkpt>
      <trkpt lat="41.043817" lon="-85.235597">
        <ele>206.0</ele>
      </trkpt>
      <trkpt lat="41.043798" lon="-85.235528">
        <ele>206.0</ele>
      </trkpt>
      <trkpt lat="41.043774" lon="-85.235458">
        <ele>206.0</ele>
      </trkpt>
      <trkpt lat="41.043755" lon="-85.235394">
        <ele>206.0</ele>
      </trkpt>
      <trkpt lat="41.043744" lon="-85.235313">
        <ele>206.0</ele>
      </trkpt>
      <trkpt lat="41.043734" lon="-85.235249">
        <ele>206.0</ele>
      </trkpt>
      <trkpt lat="41.043726" lon="-85.235168">
        <ele>206.0</ele>
      </trkpt>
      <trkpt lat="41.043718" lon="-85.235088">
        <ele>206.0</ele>
      </trkpt>
      <trkpt lat="41.043707" lon="-85.235013">
        <ele>206.0</ele>
      </trkpt>
      <trkpt lat="41.043699" lon="-85.234916">
        <ele>206.0</ele>
      </trkpt>
      <trkpt lat="41.043675" lon="-85.234825">
        <ele>205.0</ele>
      </trkpt>
      <trkpt lat="41.043661" lon="-85.234734">
        <ele>205.0</ele>
      </trkpt>
      <trkpt lat="41.043645" lon="-85.234653">
        <ele>205.0</ele>
      </trkpt>
      <trkpt lat="41.043621" lon="-85.234562">
        <ele>204.0</ele>
      </trkpt>
      <trkpt lat="41.0436" lon="-85.234476">
        <ele>204.0</ele>
      </trkpt>
      <trkpt lat="41.043584" lon="-85.234385">
        <ele>203.0</ele>
      </trkpt>
      <trkpt lat="41.043573" lon="-85.23431">
        <ele>203.0</ele>
      </trkpt>
      <trkpt lat="41.043562" lon="-85.23423">
        <ele>203.0</ele>
      </trkpt>
      <trkpt lat="41.043546" lon="-85.234149">
        <ele>202.0</ele>
      </trkpt>
      <trkpt lat="41.04353" lon="-85.234063">
        <ele>202.0</ele>
      </trkpt>
      <trkpt lat="41.043503" lon="-85.233988">
        <ele>201.0</ele>
      </trkpt>
      <trkpt lat="41.043476" lon="-85.233913">
        <ele>201.0</ele>
      </trkpt>
      <trkpt lat="41.043447" lon="-85.233838">
        <ele>201.0</ele>
      </trkpt>
      <trkpt lat="41.04342" lon="-85.233757">
        <ele>201.0</ele>
      </trkpt>
      <trkpt lat="41.043393" lon="-85.233682">
        <ele>201.0</ele>
      </trkpt>
      <trkpt lat="41.043364" lon="-85.233597">
        <ele>201.0</ele>
      </trkpt>
      <trkpt lat="41.043337" lon="-85.233516">
        <ele>201.0</ele>
      </trkpt>
      <trkpt lat="41.043313" lon="-85.23343">
        <ele>201.0</ele>
      </trkpt>
      <trkpt lat="41.043286" lon="-85.233355">
        <ele>201.0</ele>
      </trkpt>
      <trkpt lat="41.043256" lon="-85.23328">
        <ele>200.9</ele>
      </trkpt>
      <trkpt lat="41.04324" lon="-85.23321">
        <ele>200.8</ele>
      </trkpt>
      <trkpt lat="41.043221" lon="-85.233141">
        <ele>200.7</ele>
      </trkpt>
      <trkpt lat="41.043211" lon="-85.233065">
        <ele>200.6</ele>
      </trkpt>
      <trkpt lat="41.043195" lon="-85.233001">
        <ele>200.6</ele>
      </trkpt>
      <trkpt lat="41.043176" lon="-85.232937">
        <ele>200.5</ele>
      </trkpt>
      <trkpt lat="41.04316" lon="-85.232872">
        <ele>200.4</ele>
      </trkpt>
      <trkpt lat="41.043146" lon="-85.232813">
        <ele>200.4</ele>
      </trkpt>
      <trkpt lat="41.04313" lon="-85.232744">
        <ele>200.3</ele>
      </trkpt>
      <trkpt lat="41.043114" lon="-85.232674">
        <ele>200.2</ele>
      </trkpt>
      <trkpt lat="41.043085" lon="-85.232583">
        <ele>200.1</ele>
      </trkpt>
      <trkpt lat="41.043052" lon="-85.232508">
        <ele>200.0</ele>
      </trkpt>
      <trkpt lat="41.043023" lon="-85.232422">
        <ele>200.0</ele>
      </trkpt>
      <trkpt lat="41.043004" lon="-85.232347">
        <ele>200.0</ele>
      </trkpt>
      <trkpt lat="41.042988" lon="-85.232266">
        <ele>200.0</ele>
      </trkpt>
      <trkpt lat="41.042969" lon="-85.232186">
        <ele>200.0</ele>
      </trkpt>
      <trkpt lat="41.042934" lon="-85.232105">
        <ele>200.0</ele>
      </trkpt>
      <trkpt lat="41.042913" lon="-85.232041">
        <ele>200.0</ele>
      </trkpt>
      <trkpt lat="41.042897" lon="-85.231982">
        <ele>199.0</ele>
      </trkpt>
      <trkpt lat="41.042886" lon="-85.231923">
        <ele>199.0</ele>
      </trkpt>
      <trkpt lat="41.042875" lon="-85.231875">
        <ele>199.0</ele>
      </trkpt>
      <trkpt lat="41.042859" lon="-85.231837">
        <ele>199.0</ele>
      </trkpt>
      <trkpt lat="41.042857" lon="-85.231789">
        <ele>199.0</ele>
      </trkpt>
      <trkpt lat="41.042843" lon="-85.231762">
        <ele>199.0</ele>
      </trkpt>
      <trkpt lat="41.04283" lon="-85.231724">
        <ele>200.0</ele>
      </trkpt>
      <trkpt lat="41.042814" lon="-85.231676">
        <ele>200.0</ele>
      </trkpt>
      <trkpt lat="41.042795" lon="-85.231628">
        <ele>200.0</ele>
      </trkpt>
      <trkpt lat="41.042776" lon="-85.231579">
        <ele>200.0</ele>
      </trkpt>
      <trkpt lat="41.042776" lon="-85.231526">
        <ele>200.0</ele>
      </trkpt>
      <trkpt lat="41.042771" lon="-85.231456">
        <ele>200.0</ele>
      </trkpt>
      <trkpt lat="41.042776" lon="-85.231392">
        <ele>200.0</ele>
      </trkpt>
      <trkpt lat="41.042776" lon="-85.231317">
        <ele>200.0</ele>
      </trkpt>
      <trkpt lat="41.042763" lon="-85.231236">
        <ele>200.0</ele>
      </trkpt>
      <trkpt lat="41.042752" lon="-85.231156">
        <ele>200.0</ele>
      </trkpt>
      <trkpt lat="41.042741" lon="-85.231075">
        <ele>200.0</ele>
      </trkpt>
      <trkpt lat="41.042731" lon="-85.231005">
        <ele>200.0</ele>
      </trkpt>
      <trkpt lat="41.042725" lon="-85.230914">
        <ele>200.0</ele>
      </trkpt>
      <trkpt lat="41.042717" lon="-85.230845">
        <ele>200.0</ele>
      </trkpt>
      <trkpt lat="41.042706" lon="-85.230753">
        <ele>200.0</ele>
      </trkpt>
      <trkpt lat="41.042698" lon="-85.230678">
        <ele>200.0</ele>
      </trkpt>
      <trkpt lat="41.04269" lon="-85.230592">
        <ele>200.0</ele>
      </trkpt>
      <trkpt lat="41.042685" lon="-85.230523">
        <ele>199.0</ele>
      </trkpt>
      <trkpt lat="41.042672" lon="-85.230432">
        <ele>199.0</ele>
      </trkpt>
      <trkpt lat="41.042658" lon="-85.230356">
        <ele>199.0</ele>
      </trkpt>
      <trkpt lat="41.042645" lon="-85.230265">
        <ele>199.0</ele>
      </trkpt>
      <trkpt lat="41.042642" lon="-85.230195">
        <ele>199.0</ele>
      </trkpt>
      <trkpt lat="41.042634" lon="-85.230099">
        <ele>199.0</ele>
      </trkpt>
      <trkpt lat="41.042634" lon="-85.230018">
        <ele>199.0</ele>
      </trkpt>
      <trkpt lat="41.042626" lon="-85.229927">
        <ele>199.0</ele>
      </trkpt>
      <trkpt lat="41.042626" lon="-85.229852">
        <ele>199.0</ele>
      </trkpt>
      <trkpt lat="41.042626" lon="-85.229761">
        <ele>199.0</ele>
      </trkpt>
      <trkpt lat="41.042626" lon="-85.229686">
        <ele>199.0</ele>
      </trkpt>
      <trkpt lat="41.042626" lon="-85.229584">
        <ele>199.0</ele>
      </trkpt>
      <trkpt lat="41.042631" lon="-85.229493">
        <ele>199.0</ele>
      </trkpt>
      <trkpt lat="41.042634" lon="-85.229402">
        <ele>199.0</ele>
      </trkpt>
      <trkpt lat="41.042634" lon="-85.229305">
        <ele>199.0</ele>
      </trkpt>
      <trkpt lat="41.042637" lon="-85.229214">
        <ele>198.0</ele>
      </trkpt>
      <trkpt lat="41.042637" lon="-85.229123">
        <ele>198.0</ele>
      </trkpt>
      <trkpt lat="41.042637" lon="-85.229037">
        <ele>198.0</ele>
      </trkpt>
      <trkpt lat="41.042645" lon="-85.228935">
        <ele>198.0</ele>
      </trkpt>
      <trkpt lat="41.042653" lon="-85.228844">
        <ele>198.0</ele>
      </trkpt>
      <trkpt lat="41.042661" lon="-85.228747">
        <ele>198.0</ele>
      </trkpt>
      <trkpt lat="41.042672" lon="-85.228645">
        <ele>198.0</ele>
      </trkpt>
      <trkpt lat="41.042677" lon="-85.228554">
        <ele>198.0</ele>
      </trkpt>
      <trkpt lat="41.042688" lon="-85.228457">
        <ele>198.0</ele>
      </trkpt>
      <trkpt lat="41.042704" lon="-85.228355">
        <ele>198.0</ele>
      </trkpt>
      <trkpt lat="41.042723" lon="-85.228259">
        <ele>198.0</ele>
      </trkpt>
      <trkpt lat="41.042736" lon="-85.228168">
        <ele>197.0</ele>
      </trkpt>
      <trkpt lat="41.042749" lon="-85.228077">
        <ele>197.0</ele>
      </trkpt>
      <trkpt lat="41.04276" lon="-85.227975">
        <ele>197.0</ele>
      </trkpt>
      <trkpt lat="41.042768" lon="-85.227894">
        <ele>197.0</ele>
      </trkpt>
      <trkpt lat="41.042787" lon="-85.227792">
        <ele>197.0</ele>
      </trkpt>
      <trkpt lat="41.042803" lon="-85.227701">
        <ele>197.0</ele>
      </trkpt>
      <trkpt lat="41.042816" lon="-85.227604">
        <ele>197.0</ele>
      </trkpt>
      <trkpt lat="41.042832" lon="-85.227508">
        <ele>197.0</ele>
      </trkpt>
      <trkpt lat="41.042849" lon="-85.227427">
        <ele>197.0</ele>
      </trkpt>
      <trkpt lat="41.042859" lon="-85.227336">
        <ele>197.0</ele>
      </trkpt>
      <trkpt lat="41.042878" lon="-85.227261">
        <ele>197.0</ele>
      </trkpt>
      <trkpt lat="41.042897" lon="-85.227165">
        <ele>197.0</ele>
      </trkpt>
      <trkpt lat="41.042913" lon="-85.2271">
        <ele>197.0</ele>
      </trkpt>
      <trkpt lat="41.042924" lon="-85.227036">
        <ele>197.0</ele>
      </trkpt>
      <trkpt lat="41.042948" lon="-85.226971">
        <ele>197.0</ele>
      </trkpt>
      <trkpt lat="41.042959" lon="-85.226907">
        <ele>197.0</ele>
      </trkpt>
      <trkpt lat="41.042967" lon="-85.226837">
        <ele>197.0</ele>
      </trkpt>
      <trkpt lat="41.04298" lon="-85.226784">
        <ele>197.0</ele>
      </trkpt>
      <trkpt lat="41.043004" lon="-85.226741">
        <ele>197.0</ele>
      </trkpt>
      <trkpt lat="41.043034" lon="-85.226693">
        <ele>197.0</ele>
      </trkpt>
      <trkpt lat="41.043069" lon="-85.226666">
        <ele>197.0</ele>
      </trkpt>
      <trkpt lat="41.043111" lon="-85.226639">
        <ele>197.0</ele>
      </trkpt>
      <trkpt lat="41.043146" lon="-85.226628">
        <ele>197.0</ele>
      </trkpt>
      <trkpt lat="41.043184" lon="-85.226617">
        <ele>197.0</ele>
      </trkpt>
      <trkpt lat="41.043221" lon="-85.226617">
        <ele>197.0</ele>
      </trkpt>
      <trkpt lat="41.043259" lon="-85.226628">
        <ele>197.0</ele>
      </trkpt>
      <trkpt lat="41.043299" lon="-85.226633">
        <ele>197.0</ele>
      </trkpt>
      <trkpt lat="41.043331" lon="-85.22665">
        <ele>197.0</ele>
      </trkpt>
      <trkpt lat="41.043374" lon="-85.226655">
        <ele>198.0</ele>
      </trkpt>
      <trkpt lat="41.043417" lon="-85.226666">
        <ele>198.0</ele>
      </trkpt>
      <trkpt lat="41.043457" lon="-85.226671">
        <ele>198.0</ele>
      </trkpt>
      <trkpt lat="41.0435" lon="-85.226687">
        <ele>198.0</ele>
      </trkpt>
      <trkpt lat="41.043546" lon="-85.226709">
        <ele>198.0</ele>
      </trkpt>
      <trkpt lat="41.043581" lon="-85.226725">
        <ele>198.0</ele>
      </trkpt>
      <trkpt lat="41.043621" lon="-85.226741">
        <ele>198.0</ele>
      </trkpt>
      <trkpt lat="41.043661" lon="-85.226741">
        <ele>198.0</ele>
      </trkpt>
      <trkpt lat="41.043691" lon="-85.226746">
        <ele>198.0</ele>
      </trkpt>
      <trkpt lat="41.043718" lon="-85.226746">
        <ele>198.0</ele>
      </trkpt>
      <trkpt lat="41.043744" lon="-85.226741">
        <ele>199.0</ele>
      </trkpt>
      <trkpt lat="41.043771" lon="-85.22673">
        <ele>199.0</ele>
      </trkpt>
      <trkpt lat="41.043798" lon="-85.226725">
        <ele>199.0</ele>
      </trkpt>
      <trkpt lat="41.04382" lon="-85.226719">
        <ele>199.0</ele>
      </trkpt>
      <trkpt lat="41.043846" lon="-85.226709">
        <ele>200.0</ele>
      </trkpt>
      <trkpt lat="41.043879" lon="-85.226687">
        <ele>200.0</ele>
      </trkpt>
      <trkpt lat="41.043905" lon="-85.226671">
        <ele>200.0</ele>
      </trkpt>
      <trkpt lat="41.043924" lon="-85.22665">
        <ele>200.0</ele>
      </trkpt>
      <trkpt lat="41.043954" lon="-85.226617">
        <ele>200.0</ele>
      </trkpt>
      <trkpt lat="41.043978" lon="-85.226574">
        <ele>201.0</ele>
      </trkpt>
      <trkpt lat="41.043999" lon="-85.22651">
        <ele>201.0</ele>
      </trkpt>
      <trkpt lat="41.044026" lon="-85.226467">
        <ele>201.0</ele>
      </trkpt>
      <trkpt lat="41.04405" lon="-85.226403">
        <ele>200.0</ele>
      </trkpt>
      <trkpt lat="41.044072" lon="-85.226333">
        <ele>200.0</ele>
      </trkpt>
      <trkpt lat="41.044109" lon="-85.226274">
        <ele>200.0</ele>
      </trkpt>
      <trkpt lat="41.044144" lon="-85.22622">
        <ele>200.0</ele>
      </trkpt>
      <trkpt lat="41.044187" lon="-85.226151">
        <ele>200.0</ele>
      </trkpt>
      <trkpt lat="41.044217" lon="-85.226092">
        <ele>200.0</ele>
      </trkpt>
      <trkpt lat="41.044249" lon="-85.226006">
        <ele>200.0</ele>
      </trkpt>
      <trkpt lat="41.044278" lon="-85.225941">
        <ele>201.0</ele>
      </trkpt>
      <trkpt lat="41.044305" lon="-85.225861">
        <ele>201.0</ele>
      </trkpt>
      <trkpt lat="41.044329" lon="-85.225781">
        <ele>201.0</ele>
      </trkpt>
      <trkpt lat="41.044353" lon="-85.225695">
        <ele>201.0</ele>
      </trkpt>
      <trkpt lat="41.044377" lon="-85.22562">
        <ele>201.0</ele>
      </trkpt>
      <trkpt lat="41.044407" lon="-85.225534">
        <ele>201.0</ele>
      </trkpt>
      <trkpt lat="41.044439" lon="-85.225459">
        <ele>201.0</ele>
      </trkpt>
      <trkpt lat="41.044474" lon="-85.225373">
        <ele>201.0</ele>
      </trkpt>
      <trkpt lat="41.044495" lon="-85.225298">
        <ele>202.0</ele>
      </trkpt>
      <trkpt lat="41.044522" lon="-85.225207">
        <ele>202.0</ele>
      </trkpt>
      <trkpt lat="41.04456" lon="-85.225131">
        <ele>202.0</ele>
      </trkpt>
      <trkpt lat="41.044603" lon="-85.22503">
        <ele>202.0</ele>
      </trkpt>
      <trkpt lat="41.044632" lon="-85.224949">
        <ele>202.0</ele>
      </trkpt>
      <trkpt lat="41.044659" lon="-85.224863">
        <ele>202.0</ele>
      </trkpt>
      <trkpt lat="41.044691" lon="-85.224788">
        <ele>202.0</ele>
      </trkpt>
      <trkpt lat="41.044721" lon="-85.224702">
        <ele>202.0</ele>
      </trkpt>
      <trkpt lat="41.044764" lon="-85.224627">
        <ele>203.0</ele>
      </trkpt>
      <trkpt lat="41.044793" lon="-85.224541">
        <ele>203.0</ele>
      </trkpt>
      <trkpt lat="41.044836" lon="-85.224466">
        <ele>203.0</ele>
      </trkpt>
      <trkpt lat="41.044882" lon="-85.224407">
        <ele>203.0</ele>
      </trkpt>
      <trkpt lat="41.044922" lon="-85.224327">
        <ele>203.0</ele>
      </trkpt>
      <trkpt lat="41.044962" lon="-85.224284">
        <ele>203.0</ele>
      </trkpt>
      <trkpt lat="41.045" lon="-85.224236">
        <ele>203.0</ele>
      </trkpt>
      <trkpt lat="41.045045" lon="-85.224193">
        <ele>203.0</ele>
      </trkpt>
      <trkpt lat="41.045091" lon="-85.224144">
        <ele>203.0</ele>
      </trkpt>
      <trkpt lat="41.045126" lon="-85.224091">
        <ele>204.0</ele>
      </trkpt>
      <trkpt lat="41.045153" lon="-85.224032">
        <ele>204.0</ele>
      </trkpt>
      <trkpt lat="41.045179" lon="-85.223973">
        <ele>204.0</ele>
      </trkpt>
      <trkpt lat="41.045212" lon="-85.223892">
        <ele>204.0</ele>
      </trkpt>
      <trkpt lat="41.045246" lon="-85.223828">
        <ele>204.0</ele>
      </trkpt>
      <trkpt lat="41.045284" lon="-85.223764">
        <ele>204.0</ele>
      </trkpt>
      <trkpt lat="41.045311" lon="-85.223694">
        <ele>204.0</ele>
      </trkpt>
      <trkpt lat="41.045335" lon="-85.223619">
        <ele>204.0</ele>
      </trkpt>
      <trkpt lat="41.045362" lon="-85.223544">
        <ele>203.0</ele>
      </trkpt>
      <trkpt lat="41.045391" lon="-85.223474">
        <ele>203.0</ele>
      </trkpt>
      <trkpt lat="41.045426" lon="-85.223415">
        <ele>203.0</ele>
      </trkpt>
      <trkpt lat="41.045464" lon="-85.223329">
        <ele>203.0</ele>
      </trkpt>
      <trkpt lat="41.045509" lon="-85.22327">
        <ele>203.0</ele>
      </trkpt>
      <trkpt lat="41.04556" lon="-85.2232">
        <ele>203.0</ele>
      </trkpt>
      <trkpt lat="41.045603" lon="-85.223141">
        <ele>203.0</ele>
      </trkpt>
      <trkpt lat="41.045641" lon="-85.223072">
        <ele>203.0</ele>
      </trkpt>
      <trkpt lat="41.045681" lon="-85.223018">
        <ele>203.0</ele>
      </trkpt>
      <trkpt lat="41.045721" lon="-85.222954">
        <ele>203.0</ele>
      </trkpt>
      <trkpt lat="41.045761" lon="-85.222894">
        <ele>203.0</ele>
      </trkpt>
      <trkpt lat="41.045794" lon="-85.222835">
        <ele>203.0</ele>
      </trkpt>
      <trkpt lat="41.045823" lon="-85.222782">
        <ele>203.0</ele>
      </trkpt>
      <trkpt lat="41.045866" lon="-85.222701">
        <ele>203.0</ele>
      </trkpt>
      <trkpt lat="41.045898" lon="-85.222637">
        <ele>203.0</ele>
      </trkpt>
      <trkpt lat="41.045933" lon="-85.222573">
        <ele>204.0</ele>
      </trkpt>
      <trkpt lat="41.045965" lon="-85.222514">
        <ele>204.0</ele>
      </trkpt>
      <trkpt lat="41.046003" lon="-85.222455">
        <ele>204.0</ele>
      </trkpt>
      <trkpt lat="41.04603" lon="-85.222385">
        <ele>204.0</ele>
      </trkpt>
      <trkpt lat="41.046065" lon="-85.222321">
        <ele>204.0</ele>
      </trkpt>
      <trkpt lat="41.046102" lon="-85.222261">
        <ele>204.0</ele>
      </trkpt>
      <trkpt lat="41.046137" lon="-85.222186">
        <ele>205.0</ele>
      </trkpt>
      <trkpt lat="41.046169" lon="-85.222122">
        <ele>205.0</ele>
      </trkpt>
      <trkpt lat="41.046212" lon="-85.222047">
        <ele>205.0</ele>
      </trkpt>
      <trkpt lat="41.046247" lon="-85.221988">
        <ele>205.0</ele>
      </trkpt>
      <trkpt lat="41.046284" lon="-85.221918">
        <ele>205.0</ele>
      </trkpt>
      <trkpt lat="41.046322" lon="-85.221859">
        <ele>205.0</ele>
      </trkpt>
      <trkpt lat="41.046362" lon="-85.221795">
        <ele>205.0</ele>
      </trkpt>
      <trkpt lat="41.0464" lon="-85.221736">
        <ele>205.0</ele>
      </trkpt>
      <trkpt lat="41.04644" lon="-85.221671">
        <ele>206.0</ele>
      </trkpt>
      <trkpt lat="41.04648" lon="-85.221596">
        <ele>206.0</ele>
      </trkpt>
      <trkpt lat="41.046518" lon="-85.221521">
        <ele>206.0</ele>
      </trkpt>
      <trkpt lat="41.046553" lon="-85.221451">
        <ele>206.0</ele>
      </trkpt>
      <trkpt lat="41.046582" lon="-85.221382">
        <ele>206.0</ele>
      </trkpt>
      <trkpt lat="41.046609" lon="-85.221317">
        <ele>206.0</ele>
      </trkpt>
      <trkpt lat="41.046639" lon="-85.221253">
        <ele>206.0</ele>
      </trkpt>
      <trkpt lat="41.046673" lon="-85.221183">
        <ele>207.0</ele>
      </trkpt>
      <trkpt lat="41.046708" lon="-85.221124">
        <ele>207.0</ele>
      </trkpt>
      <trkpt lat="41.046746" lon="-85.221038">
        <ele>207.0</ele>
      </trkpt>
      <trkpt lat="41.046781" lon="-85.220974">
        <ele>207.0</ele>
      </trkpt>
      <trkpt lat="41.04681" lon="-85.220904">
        <ele>207.0</ele>
      </trkpt>
      <trkpt lat="41.046845" lon="-85.220835">
        <ele>207.0</ele>
      </trkpt>
      <trkpt lat="41.046877" lon="-85.220749">
        <ele>207.0</ele>
      </trkpt>
      <trkpt lat="41.046899" lon="-85.22069">
        <ele>207.0</ele>
      </trkpt>
      <trkpt lat="41.046909" lon="-85.22062">
        <ele>207.0</ele>
      </trkpt>
      <trkpt lat="41.046928" lon="-85.220545">
        <ele>207.0</ele>
      </trkpt>
      <trkpt lat="41.046944" lon="-85.220475">
        <ele>206.0</ele>
      </trkpt>
      <trkpt lat="41.046968" lon="-85.220405">
        <ele>206.0</ele>
      </trkpt>
      <trkpt lat="41.046987" lon="-85.220346">
        <ele>206.0</ele>
      </trkpt>
      <trkpt lat="41.047017" lon="-85.220287">
        <ele>206.0</ele>
      </trkpt>
      <trkpt lat="41.047052" lon="-85.220218">
        <ele>206.0</ele>
      </trkpt>
      <trkpt lat="41.047078" lon="-85.220153">
        <ele>206.0</ele>
      </trkpt>
      <trkpt lat="41.0471" lon="-85.220089">
        <ele>206.0</ele>
      </trkpt>
      <trkpt lat="41.047127" lon="-85.220035">
        <ele>206.0</ele>
      </trkpt>
      <trkpt lat="41.047167" lon="-85.219971">
        <ele>206.0</ele>
      </trkpt>
      <trkpt lat="41.047199" lon="-85.219912">
        <ele>206.0</ele>
      </trkpt>
      <trkpt lat="41.047242" lon="-85.219853">
        <ele>206.0</ele>
      </trkpt>
      <trkpt lat="41.047285" lon="-85.219772">
        <ele>206.0</ele>
      </trkpt>
      <trkpt lat="41.047331" lon="-85.219708">
        <ele>206.0</ele>
      </trkpt>
      <trkpt lat="41.047371" lon="-85.219654">
        <ele>206.0</ele>
      </trkpt>
      <trkpt lat="41.047414" lon="-85.219585">
        <ele>206.0</ele>
      </trkpt>
      <trkpt lat="41.047449" lon="-85.21952">
        <ele>206.0</ele>
      </trkpt>
      <trkpt lat="41.047491" lon="-85.219461">
        <ele>206.0</ele>
      </trkpt>
      <trkpt lat="41.047521" lon="-85.219386">
        <ele>206.0</ele>
      </trkpt>
      <trkpt lat="41.04755" lon="-85.219316">
        <ele>206.0</ele>
      </trkpt>
      <trkpt lat="41.047591" lon="-85.219241">
        <ele>206.0</ele>
      </trkpt>
      <trkpt lat="41.047612" lon="-85.219156">
        <ele>207.0</ele>
      </trkpt>
      <trkpt lat="41.047636" lon="-85.219075">
        <ele>207.0</ele>
      </trkpt>
      <trkpt lat="41.047658" lon="-85.218989">
        <ele>207.0</ele>
      </trkpt>
      <trkpt lat="41.047682" lon="-85.218887">
        <ele>207.0</ele>
      </trkpt>
      <trkpt lat="41.047695" lon="-85.218812">
        <ele>207.0</ele>
      </trkpt>
      <trkpt lat="41.047714" lon="-85.218721">
        <ele>207.0</ele>
      </trkpt>
      <trkpt lat="41.047741" lon="-85.218646">
        <ele>208.0</ele>
      </trkpt>
      <trkpt lat="41.047762" lon="-85.21856">
        <ele>207.0</ele>
      </trkpt>
      <trkpt lat="41.047784" lon="-85.218485">
        <ele>207.0</ele>
      </trkpt>
      <trkpt lat="41.047808" lon="-85.218415">
        <ele>207.0</ele>
      </trkpt>
      <trkpt lat="41.047837" lon="-85.218356">
        <ele>207.0</ele>
      </trkpt>
      <trkpt lat="41.047864" lon="-85.218292">
        <ele>207.0</ele>
      </trkpt>
      <trkpt lat="41.047899" lon="-85.218227">
        <ele>207.0</ele>
      </trkpt>
      <trkpt lat="41.047929" lon="-85.218158">
        <ele>207.0</ele>
      </trkpt>
      <trkpt lat="41.047947" lon="-85.218072">
        <ele>206.0</ele>
      </trkpt>
      <trkpt lat="41.047964" lon="-85.218002">
        <ele>206.0</ele>
      </trkpt>
      <trkpt lat="41.047982" lon="-85.217922">
        <ele>205.0</ele>
      </trkpt>
      <trkpt lat="41.048001" lon="-85.217852">
        <ele>205.0</ele>
      </trkpt>
      <trkpt lat="41.04802" lon="-85.217777">
        <ele>205.0</ele>
      </trkpt>
      <trkpt lat="41.048044" lon="-85.217702">
        <ele>205.0</ele>
      </trkpt>
      <trkpt lat="41.048065" lon="-85.217632">
        <ele>204.0</ele>
      </trkpt>
      <trkpt lat="41.048098" lon="-85.217552">
        <ele>204.0</ele>
      </trkpt>
      <trkpt lat="41.048135" lon="-85.217471">
        <ele>204.0</ele>
      </trkpt>
      <trkpt lat="41.048165" lon="-85.217396">
        <ele>204.0</ele>
      </trkpt>
      <trkpt lat="41.048189" lon="-85.217332">
        <ele>204.0</ele>
      </trkpt>
      <trkpt lat="41.048218" lon="-85.217251">
        <ele>204.0</ele>
      </trkpt>
      <trkpt lat="41.048242" lon="-85.217187">
        <ele>204.0</ele>
      </trkpt>
      <trkpt lat="41.048269" lon="-85.217106">
        <ele>204.0</ele>
      </trkpt>
      <trkpt lat="41.048291" lon="-85.217026">
        <ele>204.0</ele>
      </trkpt>
      <trkpt lat="41.048318" lon="-85.216951">
        <ele>204.0</ele>
      </trkpt>
      <trkpt lat="41.048336" lon="-85.216881">
        <ele>204.0</ele>
      </trkpt>
      <trkpt lat="41.048363" lon="-85.216806">
        <ele>204.0</ele>
      </trkpt>
      <trkpt lat="41.04839" lon="-85.216731">
        <ele>204.0</ele>
      </trkpt>
      <trkpt lat="41.048414" lon="-85.216661">
        <ele>204.0</ele>
      </trkpt>
      <trkpt lat="41.048436" lon="-85.216586">
        <ele>204.0</ele>
      </trkpt>
      <trkpt lat="41.04846" lon="-85.216516">
        <ele>204.0</ele>
      </trkpt>
      <trkpt lat="41.048497" lon="-85.21643">
        <ele>204.0</ele>
      </trkpt>
      <trkpt lat="41.048524" lon="-85.216366">
        <ele>204.0</ele>
      </trkpt>
      <trkpt lat="41.048551" lon="-85.216286">
        <ele>204.0</ele>
      </trkpt>
      <trkpt lat="41.048578" lon="-85.21621">
        <ele>204.0</ele>
      </trkpt>
      <trkpt lat="41.048613" lon="-85.21613">
        <ele>204.0</ele>
      </trkpt>
      <trkpt lat="41.048645" lon="-85.216044">
        <ele>204.0</ele>
      </trkpt>
      <trkpt lat="41.048677" lon="-85.215958">
        <ele>204.0</ele>
      </trkpt>
      <trkpt lat="41.048698" lon="-85.215878">
        <ele>204.0</ele>
      </trkpt>
      <trkpt lat="41.048725" lon="-85.215792">
        <ele>204.0</ele>
      </trkpt>
      <trkpt lat="41.048752" lon="-85.215717">
        <ele>204.0</ele>
      </trkpt>
      <trkpt lat="41.048776" lon="-85.215626">
        <ele>204.0</ele>
      </trkpt>
      <trkpt lat="41.048803" lon="-85.21554">
        <ele>204.0</ele>
      </trkpt>
      <trkpt lat="41.048825" lon="-85.215449">
        <ele>204.0</ele>
      </trkpt>
      <trkpt lat="41.048849" lon="-85.215374">
        <ele>204.0</ele>
      </trkpt>
      <trkpt lat="41.048876" lon="-85.215288">
        <ele>204.0</ele>
      </trkpt>
      <trkpt lat="41.048894" lon="-85.215202">
        <ele>204.0</ele>
      </trkpt>
      <trkpt lat="41.048916" lon="-85.215121">
        <ele>204.0</ele>
      </trkpt>
      <trkpt lat="41.048943" lon="-85.215036">
        <ele>204.0</ele>
      </trkpt>
      <trkpt lat="41.048967" lon="-85.214944">
        <ele>204.0</ele>
      </trkpt>
      <trkpt lat="41.048985" lon="-85.214875">
        <ele>204.0</ele>
      </trkpt>
      <trkpt lat="41.049012" lon="-85.214794">
        <ele>204.0</ele>
      </trkpt>
      <trkpt lat="41.049036" lon="-85.21473">
        <ele>204.0</ele>
      </trkpt>
      <trkpt lat="41.049058" lon="-85.214655">
        <ele>204.0</ele>
      </trkpt>
      <trkpt lat="41.049082" lon="-85.214612">
        <ele>204.0</ele>
      </trkpt>
      <trkpt lat="41.049103" lon="-85.214558">
        <ele>204.0</ele>
      </trkpt>
      <trkpt lat="41.049128" lon="-85.214494">
        <ele>204.0</ele>
      </trkpt>
      <trkpt lat="41.049146" lon="-85.21444">
        <ele>204.0</ele>
      </trkpt>
      <trkpt lat="41.049165" lon="-85.214387">
        <ele>204.0</ele>
      </trkpt>
      <trkpt lat="41.049184" lon="-85.214328">
        <ele>204.0</ele>
      </trkpt>
      <trkpt lat="41.0492" lon="-85.214258">
        <ele>204.0</ele>
      </trkpt>
      <trkpt lat="41.049222" lon="-85.214199">
        <ele>204.0</ele>
      </trkpt>
      <trkpt lat="41.049254" lon="-85.214118">
        <ele>204.0</ele>
      </trkpt>
      <trkpt lat="41.049275" lon="-85.214059">
        <ele>204.0</ele>
      </trkpt>
      <trkpt lat="41.049313" lon="-85.213984">
        <ele>204.0</ele>
      </trkpt>
      <trkpt lat="41.04934" lon="-85.213909">
        <ele>204.0</ele>
      </trkpt>
      <trkpt lat="41.049374" lon="-85.213829">
        <ele>204.0</ele>
      </trkpt>
      <trkpt lat="41.049404" lon="-85.213748">
        <ele>204.0</ele>
      </trkpt>
      <trkpt lat="41.049428" lon="-85.213662">
        <ele>204.0</ele>
      </trkpt>
      <trkpt lat="41.049455" lon="-85.213587">
        <ele>204.0</ele>
      </trkpt>
      <trkpt lat="41.049484" lon="-85.213501">
        <ele>204.0</ele>
      </trkpt>
      <trkpt lat="41.049517" lon="-85.213432">
        <ele>204.0</ele>
      </trkpt>
      <trkpt lat="41.049538" lon="-85.213367">
        <ele>204.0</ele>
      </trkpt>
      <trkpt lat="41.049565" lon="-85.213281">
        <ele>204.0</ele>
      </trkpt>
      <trkpt lat="41.049584" lon="-85.213212">
        <ele>204.0</ele>
      </trkpt>
      <trkpt lat="41.04961" lon="-85.213131">
        <ele>204.0</ele>
      </trkpt>
      <trkpt lat="41.049643" lon="-85.213045">
        <ele>205.0</ele>
      </trkpt>
      <trkpt lat="41.049672" lon="-85.21296">
        <ele>205.0</ele>
      </trkpt>
      <trkpt lat="41.049699" lon="-85.212868">
        <ele>205.0</ele>
      </trkpt>
      <trkpt lat="41.049728" lon="-85.212772">
        <ele>205.0</ele>
      </trkpt>
      <trkpt lat="41.049761" lon="-85.21267">
        <ele>205.0</ele>
      </trkpt>
      <trkpt lat="41.049795" lon="-85.212589">
        <ele>205.0</ele>
      </trkpt>
      <trkpt lat="41.049825" lon="-85.212509">
        <ele>205.0</ele>
      </trkpt>
      <trkpt lat="41.049846" lon="-85.212429">
        <ele>205.0</ele>
      </trkpt>
      <trkpt lat="41.049881" lon="-85.212343">
        <ele>205.0</ele>
      </trkpt>
      <trkpt lat="41.049905" lon="-85.212268">
        <ele>205.0</ele>
      </trkpt>
      <trkpt lat="41.04994" lon="-85.212176">
        <ele>205.0</ele>
      </trkpt>
      <trkpt lat="41.049978" lon="-85.212091">
        <ele>205.0</ele>
      </trkpt>
      <trkpt lat="41.050015" lon="-85.211999">
        <ele>205.0</ele>
      </trkpt>
      <trkpt lat="41.050058" lon="-85.211924">
        <ele>204.0</ele>
      </trkpt>
      <trkpt lat="41.050088" lon="-85.211849">
        <ele>204.0</ele>
      </trkpt>
      <trkpt lat="41.050131" lon="-85.211769">
        <ele>204.0</ele>
      </trkpt>
      <trkpt lat="41.05016" lon="-85.211694">
        <ele>204.0</ele>
      </trkpt>
      <trkpt lat="41.050203" lon="-85.211618">
        <ele>204.0</ele>
      </trkpt>
      <trkpt lat="41.050238" lon="-85.211543">
        <ele>204.0</ele>
      </trkpt>
      <trkpt lat="41.050284" lon="-85.211468">
        <ele>203.0</ele>
      </trkpt>
      <trkpt lat="41.050321" lon="-85.211388">
        <ele>203.0</ele>
      </trkpt>
      <trkpt lat="41.050361" lon="-85.211307">
        <ele>203.0</ele>
      </trkpt>
      <trkpt lat="41.050402" lon="-85.211227">
        <ele>203.0</ele>
      </trkpt>
      <trkpt lat="41.050442" lon="-85.211146">
        <ele>203.0</ele>
      </trkpt>
      <trkpt lat="41.050482" lon="-85.211071">
        <ele>203.0</ele>
      </trkpt>
      <trkpt lat="41.050522" lon="-85.210991">
        <ele>203.0</ele>
      </trkpt>
      <trkpt lat="41.050565" lon="-85.210916">
        <ele>203.0</ele>
      </trkpt>
      <trkpt lat="41.050606" lon="-85.210857">
        <ele>202.0</ele>
      </trkpt>
      <trkpt lat="41.050638" lon="-85.210792">
        <ele>202.0</ele>
      </trkpt>
      <trkpt lat="41.050654" lon="-85.210749">
        <ele>202.0</ele>
      </trkpt>
      <trkpt lat="41.050648" lon="-85.210701">
        <ele>202.0</ele>
      </trkpt>
      <trkpt lat="41.050622" lon="-85.210685">
        <ele>202.0</ele>
      </trkpt>
      <trkpt lat="41.050592" lon="-85.210674">
        <ele>201.0</ele>
      </trkpt>
      <trkpt lat="41.050565" lon="-85.210658">
        <ele>201.0</ele>
      </trkpt>
      <trkpt lat="41.050533" lon="-85.210648">
        <ele>201.0</ele>
      </trkpt>
      <trkpt lat="41.050496" lon="-85.210648">
        <ele>201.0</ele>
      </trkpt>
      <trkpt lat="41.050458" lon="-85.210648">
        <ele>200.0</ele>
      </trkpt>
      <trkpt lat="41.050412" lon="-85.210648">
        <ele>200.0</ele>
      </trkpt>
      <trkpt lat="41.050351" lon="-85.210658">
        <ele>200.0</ele>
      </trkpt>
      <trkpt lat="41.050289" lon="-85.210664">
        <ele>200.0</ele>
      </trkpt>
      <trkpt lat="41.050225" lon="-85.210664">
        <ele>200.0</ele>
      </trkpt>
      <trkpt lat="41.05016" lon="-85.210658">
        <ele>200.0</ele>
      </trkpt>
      <trkpt lat="41.050096" lon="-85.210658">
        <ele>200.0</ele>
      </trkpt>
      <trkpt lat="41.050023" lon="-85.210648">
        <ele>200.0</ele>
      </trkpt>
      <trkpt lat="41.049951" lon="-85.210642">
        <ele>200.0</ele>
      </trkpt>
      <trkpt lat="41.049879" lon="-85.210621">
        <ele>200.0</ele>
      </trkpt>
      <trkpt lat="41.049814" lon="-85.210567">
        <ele>200.0</ele>
      </trkpt>
      <trkpt lat="41.049761" lon="-85.210481">
        <ele>200.0</ele>
      </trkpt>
      <trkpt lat="41.049723" lon="-85.210395">
        <ele>200.0</ele>
      </trkpt>
      <trkpt lat="41.049702" lon="-85.210299">
        <ele>200.0</ele>
      </trkpt>
      <trkpt lat="41.049699" lon="-85.210192">
        <ele>199.0</ele>
      </trkpt>
      <trkpt lat="41.049707" lon="-85.210084">
        <ele>199.0</ele>
      </trkpt>
      <trkpt lat="41.04971" lon="-85.209977">
        <ele>199.0</ele>
      </trkpt>
      <trkpt lat="41.04971" lon="-85.20987">
        <ele>199.0</ele>
      </trkpt>
      <trkpt lat="41.04971" lon="-85.209778">
        <ele>199.0</ele>
      </trkpt>
      <trkpt lat="41.049715" lon="-85.209687">
        <ele>199.0</ele>
      </trkpt>
      <trkpt lat="41.049715" lon="-85.209618">
        <ele>199.0</ele>
      </trkpt>
      <trkpt lat="41.049715" lon="-85.209564">
        <ele>199.0</ele>
      </trkpt>
      <trkpt lat="41.049718" lon="-85.209526">
        <ele>199.0</ele>
      </trkpt>
      <trkpt lat="41.049723" lon="-85.209505">
        <ele>199.0</ele>
      </trkpt>
      <trkpt lat="41.049718" lon="-85.209483">
        <ele>199.0</ele>
      </trkpt>
      <trkpt lat="41.049723" lon="-85.209462">
        <ele>199.0</ele>
      </trkpt>
      <trkpt lat="41.049728" lon="-85.20943">
        <ele>199.0</ele>
      </trkpt>
      <trkpt lat="41.049726" lon="-85.209392">
        <ele>199.0</ele>
      </trkpt>
      <trkpt lat="41.049699" lon="-85.209365">
        <ele>199.0</ele>
      </trkpt>
      <trkpt lat="41.049656" lon="-85.209355">
        <ele>199.0</ele>
      </trkpt>
      <trkpt lat="41.049618" lon="-85.209355">
        <ele>199.0</ele>
      </trkpt>
      <trkpt lat="41.04957" lon="-85.209355">
        <ele>199.0</ele>
      </trkpt>
      <trkpt lat="41.049519" lon="-85.209344">
        <ele>199.0</ele>
      </trkpt>
      <trkpt lat="41.049466" lon="-85.209344">
        <ele>199.0</ele>
      </trkpt>
      <trkpt lat="41.049404" lon="-85.209339">
        <ele>198.0</ele>
      </trkpt>
      <trkpt lat="41.04934" lon="-85.209339">
        <ele>198.0</ele>
      </trkpt>
      <trkpt lat="41.049281" lon="-85.209339">
        <ele>198.0</ele>
      </trkpt>
      <trkpt lat="41.049219" lon="-85.209328">
        <ele>198.0</ele>
      </trkpt>
      <trkpt lat="41.049157" lon="-85.209323">
        <ele>198.0</ele>
      </trkpt>
      <trkpt lat="41.049093" lon="-85.209323">
        <ele>198.0</ele>
      </trkpt>
      <trkpt lat="41.049028" lon="-85.209312">
        <ele>198.0</ele>
      </trkpt>
      <trkpt lat="41.048967" lon="-85.209306">
        <ele>197.0</ele>
      </trkpt>
      <trkpt lat="41.048905" lon="-85.209301">
        <ele>197.0</ele>
      </trkpt>
      <trkpt lat="41.048843" lon="-85.209301">
        <ele>197.0</ele>
      </trkpt>
      <trkpt lat="41.048784" lon="-85.20929">
        <ele>197.0</ele>
      </trkpt>
      <trkpt lat="41.048725" lon="-85.20929">
        <ele>197.0</ele>
      </trkpt>
      <trkpt lat="41.048666" lon="-85.20929">
        <ele>197.0</ele>
      </trkpt>
      <trkpt lat="41.048613" lon="-85.209285">
        <ele>197.0</ele>
      </trkpt>
      <trkpt lat="41.04857" lon="-85.209264">
        <ele>196.0</ele>
      </trkpt>
      <trkpt lat="41.048524" lon="-85.209221">
        <ele>196.0</ele>
      </trkpt>
      <trkpt lat="41.048481" lon="-85.209183">
        <ele>196.0</ele>
      </trkpt>
      <trkpt lat="41.048449" lon="-85.209124">
        <ele>196.0</ele>
      </trkpt>
      <trkpt lat="41.048417" lon="-85.209049">
        <ele>196.0</ele>
      </trkpt>
      <trkpt lat="41.048395" lon="-85.208968">
        <ele>196.0</ele>
      </trkpt>
      <trkpt lat="41.048371" lon="-85.208893">
        <ele>196.0</ele>
      </trkpt>
      <trkpt lat="41.048355" lon="-85.208824">
        <ele>196.0</ele>
      </trkpt>
      <trkpt lat="41.048342" lon="-85.208759">
        <ele>196.0</ele>
      </trkpt>
      <trkpt lat="41.048323" lon="-85.208679">
        <ele>196.0</ele>
      </trkpt>
      <trkpt lat="41.04831" lon="-85.208614">
        <ele>196.0</ele>
      </trkpt>
      <trkpt lat="41.048299" lon="-85.208529">
        <ele>196.0</ele>
      </trkpt>
      <trkpt lat="41.048288" lon="-85.208459">
        <ele>196.0</ele>
      </trkpt>
      <trkpt lat="41.04828" lon="-85.208384">
        <ele>196.0</ele>
      </trkpt>
      <trkpt lat="41.048261" lon="-85.208309">
        <ele>196.0</ele>
      </trkpt>
      <trkpt lat="41.048245" lon="-85.208223">
        <ele>196.0</ele>
      </trkpt>
      <trkpt lat="41.048218" lon="-85.208148">
        <ele>196.0</ele>
      </trkpt>
      <trkpt lat="41.0482" lon="-85.208073">
        <ele>196.0</ele>
      </trkpt>
      <trkpt lat="41.048181" lon="-85.207992">
        <ele>196.0</ele>
      </trkpt>
      <trkpt lat="41.048165" lon="-85.207917">
        <ele>196.0</ele>
      </trkpt>
      <trkpt lat="41.048146" lon="-85.207847">
        <ele>196.0</ele>
      </trkpt>
      <trkpt lat="41.048111" lon="-85.207783">
        <ele>196.0</ele>
      </trkpt>
      <trkpt lat="41.04809" lon="-85.207697">
        <ele>196.0</ele>
      </trkpt>
      <trkpt lat="41.048074" lon="-85.207622">
        <ele>196.0</ele>
      </trkpt>
      <trkpt lat="41.048055" lon="-85.207552">
        <ele>195.0</ele>
      </trkpt>
      <trkpt lat="41.048039" lon="-85.207483">
        <ele>195.0</ele>
      </trkpt>
      <trkpt lat="41.048017" lon="-85.207413">
        <ele>196.0</ele>
      </trkpt>
      <trkpt lat="41.047993" lon="-85.207354">
        <ele>196.0</ele>
      </trkpt>
      <trkpt lat="41.04798" lon="-85.2073">
        <ele>196.0</ele>
      </trkpt>
      <trkpt lat="41.047945" lon="-85.207246">
        <ele>196.0</ele>
      </trkpt>
      <trkpt lat="41.047921" lon="-85.207204">
        <ele>196.0</ele>
      </trkpt>
      <trkpt lat="41.047891" lon="-85.20715">
        <ele>196.1</ele>
      </trkpt>
      <trkpt lat="41.047848" lon="-85.207096">
        <ele>196.3</ele>
      </trkpt>
      <trkpt lat="41.047811" lon="-85.207059">
        <ele>196.5</ele>
      </trkpt>
      <trkpt lat="41.047776" lon="-85.207016">
        <ele>196.7</ele>
      </trkpt>
      <trkpt lat="41.047741" lon="-85.206978">
        <ele>196.8</ele>
      </trkpt>
      <trkpt lat="41.047709" lon="-85.206941">
        <ele>197.0</ele>
      </trkpt>
      <trkpt lat="41.047674" lon="-85.206898">
        <ele>197.1</ele>
      </trkpt>
      <trkpt lat="41.047636" lon="-85.206833">
        <ele>197.3</ele>
      </trkpt>
      <trkpt lat="41.047609" lon="-85.206764">
        <ele>197.5</ele>
      </trkpt>
      <trkpt lat="41.047591" lon="-85.206699">
        <ele>197.7</ele>
      </trkpt>
      <trkpt lat="41.047583" lon="-85.206613">
        <ele>198.0</ele>
      </trkpt>
      <trkpt lat="41.047596" lon="-85.206522">
        <ele>198.0</ele>
      </trkpt>
      <trkpt lat="41.047631" lon="-85.206431">
        <ele>198.0</ele>
      </trkpt>
      <trkpt lat="41.047666" lon="-85.206356">
        <ele>198.0</ele>
      </trkpt>
      <trkpt lat="41.047709" lon="-85.20627">
        <ele>198.0</ele>
      </trkpt>
      <trkpt lat="41.047762" lon="-85.206211">
        <ele>198.0</ele>
      </trkpt>
      <trkpt lat="41.047821" lon="-85.206158">
        <ele>198.0</ele>
      </trkpt>
      <trkpt lat="41.047891" lon="-85.20612">
        <ele>198.0</ele>
      </trkpt>
      <trkpt lat="41.047958" lon="-85.206077">
        <ele>198.0</ele>
      </trkpt>
      <trkpt lat="41.048028" lon="-85.206066">
        <ele>198.0</ele>
      </trkpt>
      <trkpt lat="41.048098" lon="-85.206039">
        <ele>198.0</ele>
      </trkpt>
      <trkpt lat="41.048165" lon="-85.206018">
        <ele>198.0</ele>
      </trkpt>
      <trkpt lat="41.048234" lon="-85.205997">
        <ele>198.0</ele>
      </trkpt>
      <trkpt lat="41.04828" lon="-85.205943">
        <ele>198.0</ele>
      </trkpt>
      <trkpt lat="41.048328" lon="-85.205895">
        <ele>198.0</ele>
      </trkpt>
      <trkpt lat="41.048369" lon="-85.205836">
        <ele>198.0</ele>
      </trkpt>
      <trkpt lat="41.048409" lon="-85.205761">
        <ele>198.0</ele>
      </trkpt>
      <trkpt lat="41.048449" lon="-85.205685">
        <ele>198.0</ele>
      </trkpt>
      <trkpt lat="41.048495" lon="-85.205621">
        <ele>198.0</ele>
      </trkpt>
      <trkpt lat="41.048532" lon="-85.205546">
        <ele>198.0</ele>
      </trkpt>
      <trkpt lat="41.048578" lon="-85.205471">
        <ele>198.0</ele>
      </trkpt>
      <trkpt lat="41.048615" lon="-85.20539">
        <ele>198.0</ele>
      </trkpt>
      <trkpt lat="41.048661" lon="-85.205326">
        <ele>198.0</ele>
      </trkpt>
      <trkpt lat="41.048704" lon="-85.20524">
        <ele>198.0</ele>
      </trkpt>
      <trkpt lat="41.048749" lon="-85.20517">
        <ele>198.0</ele>
      </trkpt>
      <trkpt lat="41.048787" lon="-85.205079">
        <ele>198.0</ele>
      </trkpt>
      <trkpt lat="41.048838" lon="-85.20501">
        <ele>198.0</ele>
      </trkpt>
      <trkpt lat="41.048886" lon="-85.204934">
        <ele>198.0</ele>
      </trkpt>
      <trkpt lat="41.048932" lon="-85.204865">
        <ele>198.0</ele>
      </trkpt>
      <trkpt lat="41.048983" lon="-85.204806">
        <ele>198.0</ele>
      </trkpt>
      <trkpt lat="41.049031" lon="-85.204731">
        <ele>198.0</ele>
      </trkpt>
      <trkpt lat="41.049082" lon="-85.204666">
        <ele>198.0</ele>
      </trkpt>
      <trkpt lat="41.049136" lon="-85.204591">
        <ele>198.0</ele>
      </trkpt>
      <trkpt lat="41.049176" lon="-85.204516">
        <ele>198.0</ele>
      </trkpt>
      <trkpt lat="41.049227" lon="-85.204441">
        <ele>198.0</ele>
      </trkpt>
      <trkpt lat="41.049272" lon="-85.204371">
        <ele>198.0</ele>
      </trkpt>
      <trkpt lat="41.049321" lon="-85.204285">
        <ele>198.0</ele>
      </trkpt>
      <trkpt lat="41.049372" lon="-85.20421">
        <ele>198.0</ele>
      </trkpt>
      <trkpt lat="41.049409" lon="-85.20414">
        <ele>198.0</ele>
      </trkpt>
      <trkpt lat="41.049455" lon="-85.204065">
        <ele>198.0</ele>
      </trkpt>
      <trkpt lat="41.0495" lon="-85.20399">
        <ele>198.0</ele>
      </trkpt>
      <trkpt lat="41.049551" lon="-85.203915">
        <ele>198.0</ele>
      </trkpt>
      <trkpt lat="41.0496" lon="-85.203845">
        <ele>198.0</ele>
      </trkpt>
      <trkpt lat="41.049653" lon="-85.20377">
        <ele>198.0</ele>
      </trkpt>
      <trkpt lat="41.049707" lon="-85.203706">
        <ele>198.0</ele>
      </trkpt>
      <trkpt lat="41.049755" lon="-85.203631">
        <ele>198.0</ele>
      </trkpt>
      <trkpt lat="41.049801" lon="-85.203561">
        <ele>198.0</ele>
      </trkpt>
      <trkpt lat="41.049846" lon="-85.203491">
        <ele>198.0</ele>
      </trkpt>
      <trkpt lat="41.049895" lon="-85.203411">
        <ele>198.0</ele>
      </trkpt>
      <trkpt lat="41.049935" lon="-85.203347">
        <ele>198.0</ele>
      </trkpt>
      <trkpt lat="41.049986" lon="-85.203266">
        <ele>198.0</ele>
      </trkpt>
      <trkpt lat="41.050034" lon="-85.203196">
        <ele>198.0</ele>
      </trkpt>
      <trkpt lat="41.050069" lon="-85.203121">
        <ele>198.0</ele>
      </trkpt>
      <trkpt lat="41.050115" lon="-85.203052">
        <ele>198.0</ele>
      </trkpt>
      <trkpt lat="41.050158" lon="-85.202966">
        <ele>198.0</ele>
      </trkpt>
      <trkpt lat="41.050203" lon="-85.202891">
        <ele>198.0</ele>
      </trkpt>
      <trkpt lat="41.050243" lon="-85.202815">
        <ele>198.0</ele>
      </trkpt>
      <trkpt lat="41.050289" lon="-85.202746">
        <ele>198.0</ele>
      </trkpt>
      <trkpt lat="41.050332" lon="-85.202687">
        <ele>198.0</ele>
      </trkpt>
      <trkpt lat="41.050383" lon="-85.202617">
        <ele>198.0</ele>
      </trkpt>
      <trkpt lat="41.050423" lon="-85.202547">
        <ele>198.0</ele>
      </trkpt>
      <trkpt lat="41.050474" lon="-85.202478">
        <ele>198.0</ele>
      </trkpt>
      <trkpt lat="41.050522" lon="-85.202419">
        <ele>198.0</ele>
      </trkpt>
      <trkpt lat="41.050568" lon="-85.202349">
        <ele>198.0</ele>
      </trkpt>
      <trkpt lat="41.050622" lon="-85.202279">
        <ele>198.0</ele>
      </trkpt>
      <trkpt lat="41.050673" lon="-85.202209">
        <ele>198.0</ele>
      </trkpt>
      <trkpt lat="41.050713" lon="-85.202129">
        <ele>198.0</ele>
      </trkpt>
      <trkpt lat="41.050756" lon="-85.202054">
        <ele>198.0</ele>
      </trkpt>
      <trkpt lat="41.050801" lon="-85.201957">
        <ele>199.0</ele>
      </trkpt>
      <trkpt lat="41.050844" lon="-85.201882">
        <ele>199.0</ele>
      </trkpt>
      <trkpt lat="41.050893" lon="-85.201802">
        <ele>199.0</ele>
      </trkpt>
      <trkpt lat="41.050946" lon="-85.201721">
        <ele>199.0</ele>
      </trkpt>
      <trkpt lat="41.051" lon="-85.201646">
        <ele>199.0</ele>
      </trkpt>
      <trkpt lat="41.051048" lon="-85.201566">
        <ele>199.0</ele>
      </trkpt>
      <trkpt lat="41.051107" lon="-85.201485">
        <ele>199.0</ele>
      </trkpt>
      <trkpt lat="41.051153" lon="-85.20141">
        <ele>199.0</ele>
      </trkpt>
      <trkpt lat="41.051201" lon="-85.20134">
        <ele>199.0</ele>
      </trkpt>
      <trkpt lat="41.051252" lon="-85.201265">
        <ele>199.0</ele>
      </trkpt>
      <trkpt lat="41.051306" lon="-85.201195">
        <ele>199.0</ele>
      </trkpt>
      <trkpt lat="41.051354" lon="-85.201115">
        <ele>199.0</ele>
      </trkpt>
      <trkpt lat="41.051397" lon="-85.201045">
        <ele>199.0</ele>
      </trkpt>
      <trkpt lat="41.05144" lon="-85.200959">
        <ele>199.0</ele>
      </trkpt>
      <trkpt lat="41.051477" lon="-85.200884">
        <ele>200.0</ele>
      </trkpt>
      <trkpt lat="41.051517" lon="-85.200798">
        <ele>200.0</ele>
      </trkpt>
      <trkpt lat="41.05156" lon="-85.200723">
        <ele>200.0</ele>
      </trkpt>
      <trkpt lat="41.051603" lon="-85.200648">
        <ele>200.0</ele>
      </trkpt>
      <trkpt lat="41.051649" lon="-85.200573">
        <ele>200.0</ele>
      </trkpt>
      <trkpt lat="41.051703" lon="-85.200482">
        <ele>200.0</ele>
      </trkpt>
      <trkpt lat="41.051762" lon="-85.200412">
        <ele>200.0</ele>
      </trkpt>
      <trkpt lat="41.051821" lon="-85.200337">
        <ele>200.0</ele>
      </trkpt>
      <trkpt lat="41.051877" lon="-85.200267">
        <ele>200.0</ele>
      </trkpt>
      <trkpt lat="41.051933" lon="-85.200203">
        <ele>200.0</ele>
      </trkpt>
      <trkpt lat="41.051987" lon="-85.200123">
        <ele>200.0</ele>
      </trkpt>
      <trkpt lat="41.052041" lon="-85.200042">
        <ele>200.0</ele>
      </trkpt>
      <trkpt lat="41.052091" lon="-85.199967">
        <ele>200.0</ele>
      </trkpt>
      <trkpt lat="41.05214" lon="-85.199892">
        <ele>200.0</ele>
      </trkpt>
      <trkpt lat="41.052199" lon="-85.199817">
        <ele>200.0</ele>
      </trkpt>
      <trkpt lat="41.052247" lon="-85.199747">
        <ele>200.0</ele>
      </trkpt>
      <trkpt lat="41.05229" lon="-85.199672">
        <ele>200.0</ele>
      </trkpt>
      <trkpt lat="41.052328" lon="-85.199597">
        <ele>200.0</ele>
      </trkpt>
      <trkpt lat="41.052362" lon="-85.199506">
        <ele>200.0</ele>
      </trkpt>
      <trkpt lat="41.052397" lon="-85.199425">
        <ele>200.0</ele>
      </trkpt>
      <trkpt lat="41.052437" lon="-85.199382">
        <ele>201.0</ele>
      </trkpt>
      <trkpt lat="41.05248" lon="-85.19935">
        <ele>200.9</ele>
      </trkpt>
      <trkpt lat="41.052529" lon="-85.199345">
        <ele>200.8</ele>
      </trkpt>
      <trkpt lat="41.052574" lon="-85.199345">
        <ele>200.7</ele>
      </trkpt>
      <trkpt lat="41.052625" lon="-85.19935">
        <ele>200.6</ele>
      </trkpt>
      <trkpt lat="41.052665" lon="-85.199366">
        <ele>200.5</ele>
      </trkpt>
      <trkpt lat="41.0527" lon="-85.199372">
        <ele>200.5</ele>
      </trkpt>
      <trkpt lat="41.052741" lon="-85.199372">
        <ele>200.4</ele>
      </trkpt>
      <trkpt lat="41.052786" lon="-85.199382">
        <ele>200.3</ele>
      </trkpt>
      <trkpt lat="41.052837" lon="-85.199388">
        <ele>200.2</ele>
      </trkpt>
      <trkpt lat="41.052888" lon="-85.199398">
        <ele>200.2</ele>
      </trkpt>
      <trkpt lat="41.052942" lon="-85.199398">
        <ele>200.1</ele>
      </trkpt>
      <trkpt lat="41.053003" lon="-85.199398">
        <ele>200.0</ele>
      </trkpt>
      <trkpt lat="41.053062" lon="-85.199398">
        <ele>200.0</ele>
      </trkpt>
      <trkpt lat="41.053135" lon="-85.199388">
        <ele>200.0</ele>
      </trkpt>
      <trkpt lat="41.053207" lon="-85.199388">
        <ele>200.0</ele>
      </trkpt>
      <trkpt lat="41.05328" lon="-85.199398">
        <ele>200.0</ele>
      </trkpt>
      <trkpt lat="41.053352" lon="-85.199398">
        <ele>200.0</ele>
      </trkpt>
      <trkpt lat="41.053427" lon="-85.199398">
        <ele>200.0</ele>
      </trkpt>
      <trkpt lat="41.0535" lon="-85.199388">
        <ele>200.0</ele>
      </trkpt>
      <trkpt lat="41.053575" lon="-85.199398">
        <ele>199.0</ele>
      </trkpt>
      <trkpt lat="41.05365" lon="-85.199398">
        <ele>199.0</ele>
      </trkpt>
      <trkpt lat="41.05372" lon="-85.199404">
        <ele>199.0</ele>
      </trkpt>
      <trkpt lat="41.053792" lon="-85.199404">
        <ele>199.0</ele>
      </trkpt>
      <trkpt lat="41.053864" lon="-85.199398">
        <ele>199.0</ele>
      </trkpt>
      <trkpt lat="41.053937" lon="-85.199388">
        <ele>199.0</ele>
      </trkpt>
      <trkpt lat="41.054009" lon="-85.199388">
        <ele>199.0</ele>
      </trkpt>
      <trkpt lat="41.054082" lon="-85.199398">
        <ele>199.0</ele>
      </trkpt>
      <trkpt lat="41.054154" lon="-85.199398">
        <ele>200.0</ele>
      </trkpt>
      <trkpt lat="41.054224" lon="-85.199398">
        <ele>200.0</ele>
      </trkpt>
      <trkpt lat="41.054299" lon="-85.199409">
        <ele>200.0</ele>
      </trkpt>
      <trkpt lat="41.054377" lon="-85.199425">
        <ele>200.0</ele>
      </trkpt>
      <trkpt lat="41.054452" lon="-85.199436">
        <ele>200.0</ele>
      </trkpt>
      <trkpt lat="41.05453" lon="-85.199452">
        <ele>200.0</ele>
      </trkpt>
      <trkpt lat="41.054602" lon="-85.199457">
        <ele>200.0</ele>
      </trkpt>
      <trkpt lat="41.054677" lon="-85.199463">
        <ele>200.0</ele>
      </trkpt>
      <trkpt lat="41.054752" lon="-85.199463">
        <ele>200.0</ele>
      </trkpt>
      <trkpt lat="41.054825" lon="-85.199463">
        <ele>200.0</ele>
      </trkpt>
      <trkpt lat="41.054902" lon="-85.199463">
        <ele>200.0</ele>
      </trkpt>
      <trkpt lat="41.054978" lon="-85.199457">
        <ele>200.0</ele>
      </trkpt>
      <trkpt lat="41.055058" lon="-85.199436">
        <ele>200.0</ele>
      </trkpt>
      <trkpt lat="41.055136" lon="-85.199425">
        <ele>200.0</ele>
      </trkpt>
      <trkpt lat="41.055208" lon="-85.199425">
        <ele>200.0</ele>
      </trkpt>
      <trkpt lat="41.055283" lon="-85.199425">
        <ele>200.0</ele>
      </trkpt>
      <trkpt lat="41.055356" lon="-85.199436">
        <ele>200.0</ele>
      </trkpt>
      <trkpt lat="41.055425" lon="-85.199441">
        <ele>200.0</ele>
      </trkpt>
      <trkpt lat="41.055498" lon="-85.199441">
        <ele>200.0</ele>
      </trkpt>
      <trkpt lat="41.055565" lon="-85.199457">
        <ele>200.0</ele>
      </trkpt>
      <trkpt lat="41.055637" lon="-85.199463">
        <ele>200.0</ele>
      </trkpt>
      <trkpt lat="41.055699" lon="-85.199473">
        <ele>200.0</ele>
      </trkpt>
      <trkpt lat="41.055771" lon="-85.199473">
        <ele>201.0</ele>
      </trkpt>
      <trkpt lat="41.055841" lon="-85.199473">
        <ele>201.0</ele>
      </trkpt>
      <trkpt lat="41.055916" lon="-85.199473">
        <ele>201.0</ele>
      </trkpt>
      <trkpt lat="41.055986" lon="-85.199463">
        <ele>201.0</ele>
      </trkpt>
      <trkpt lat="41.056067" lon="-85.199457">
        <ele>201.0</ele>
      </trkpt>
      <trkpt lat="41.056142" lon="-85.199452">
        <ele>201.0</ele>
      </trkpt>
      <trkpt lat="41.056222" lon="-85.199441">
        <ele>201.0</ele>
      </trkpt>
      <trkpt lat="41.056292" lon="-85.199441">
        <ele>201.0</ele>
      </trkpt>
      <trkpt lat="41.056356" lon="-85.199436">
        <ele>202.0</ele>
      </trkpt>
      <trkpt lat="41.056423" lon="-85.199436">
        <ele>202.0</ele>
      </trkpt>
      <trkpt lat="41.056496" lon="-85.199441">
        <ele>202.0</ele>
      </trkpt>
      <trkpt lat="41.056565" lon="-85.199452">
        <ele>202.0</ele>
      </trkpt>
      <trkpt lat="41.056635" lon="-85.199457">
        <ele>202.0</ele>
      </trkpt>
      <trkpt lat="41.0567" lon="-85.199473">
        <ele>202.0</ele>
      </trkpt>
      <trkpt lat="41.056764" lon="-85.19949">
        <ele>202.0</ele>
      </trkpt>
      <trkpt lat="41.056834" lon="-85.199495">
        <ele>202.0</ele>
      </trkpt>
      <trkpt lat="41.056901" lon="-85.199495">
        <ele>202.0</ele>
      </trkpt>
      <trkpt lat="41.05697" lon="-85.199506">
        <ele>202.0</ele>
      </trkpt>
      <trkpt lat="41.057035" lon="-85.199511">
        <ele>203.0</ele>
      </trkpt>
      <trkpt lat="41.057096" lon="-85.199511">
        <ele>203.0</ele>
      </trkpt>
      <trkpt lat="41.057153" lon="-85.199506">
        <ele>203.0</ele>
      </trkpt>
      <trkpt lat="41.057204" lon="-85.199506">
        <ele>203.0</ele>
      </trkpt>
      <trkpt lat="41.057252" lon="-85.199506">
        <ele>203.0</ele>
      </trkpt>
      <trkpt lat="41.057322" lon="-85.199516">
        <ele>204.0</ele>
      </trkpt>
      <trkpt lat="41.057386" lon="-85.199532">
        <ele>204.0</ele>
      </trkpt>
      <trkpt lat="41.057451" lon="-85.199532">
        <ele>204.0</ele>
      </trkpt>
      <trkpt lat="41.057512" lon="-85.199543">
        <ele>204.0</ele>
      </trkpt>
      <trkpt lat="41.057577" lon="-85.199549">
        <ele>204.0</ele>
      </trkpt>
      <trkpt lat="41.057641" lon="-85.199554">
        <ele>205.0</ele>
      </trkpt>
      <trkpt lat="41.057697" lon="-85.199549">
        <ele>205.0</ele>
      </trkpt>
      <trkpt lat="41.057756" lon="-85.199549">
        <ele>205.0</ele>
      </trkpt>
      <trkpt lat="41.057815" lon="-85.199549">
        <ele>206.0</ele>
      </trkpt>
      <trkpt lat="41.057877" lon="-85.199549">
        <ele>206.0</ele>
      </trkpt>
      <trkpt lat="41.057928" lon="-85.199554">
        <ele>206.0</ele>
      </trkpt>
      <trkpt lat="41.057976" lon="-85.199554">
        <ele>207.0</ele>
      </trkpt>
      <trkpt lat="41.058019" lon="-85.199549">
        <ele>207.0</ele>
      </trkpt>
      <trkpt lat="41.058049" lon="-85.199532">
        <ele>207.0</ele>
      </trkpt>
      <trkpt lat="41.058073" lon="-85.199506">
        <ele>208.0</ele>
      </trkpt>
      <trkpt lat="41.058108" lon="-85.199473">
        <ele>208.0</ele>
      </trkpt>
      <trkpt lat="41.058137" lon="-85.199425">
        <ele>208.0</ele>
      </trkpt>
      <trkpt lat="41.058167" lon="-85.199398">
        <ele>208.0</ele>
      </trkpt>
      <trkpt lat="41.058199" lon="-85.199366">
        <ele>208.0</ele>
      </trkpt>
      <trkpt lat="41.05822" lon="-85.199313">
        <ele>208.0</ele>
      </trkpt>
      <trkpt lat="41.058271" lon="-85.199243">
        <ele>208.0</ele>
      </trkpt>
      <trkpt lat="41.058312" lon="-85.199173">
        <ele>208.0</ele>
      </trkpt>
      <trkpt lat="41.058371" lon="-85.199109">
        <ele>209.0</ele>
      </trkpt>
      <trkpt lat="41.058427" lon="-85.199039">
        <ele>209.0</ele>
      </trkpt>
      <trkpt lat="41.058483" lon="-85.198964">
        <ele>209.0</ele>
      </trkpt>
      <trkpt lat="41.058542" lon="-85.198899">
        <ele>209.0</ele>
      </trkpt>
      <trkpt lat="41.058596" lon="-85.19883">
        <ele>209.0</ele>
      </trkpt>
      <trkpt lat="41.058641" lon="-85.198771">
        <ele>209.0</ele>
      </trkpt>
      <trkpt lat="41.058682" lon="-85.198722">
        <ele>209.0</ele>
      </trkpt>
      <trkpt lat="41.058725" lon="-85.198663">
        <ele>209.0</ele>
      </trkpt>
      <trkpt lat="41.058778" lon="-85.198594">
        <ele>209.0</ele>
      </trkpt>
      <trkpt lat="41.058821" lon="-85.19854">
        <ele>209.0</ele>
      </trkpt>
      <trkpt lat="41.058861" lon="-85.198481">
        <ele>209.0</ele>
      </trkpt>
      <trkpt lat="41.058899" lon="-85.198411">
        <ele>209.0</ele>
      </trkpt>
      <trkpt lat="41.058942" lon="-85.198342">
        <ele>209.0</ele>
      </trkpt>
      <trkpt lat="41.058979" lon="-85.198283">
        <ele>209.0</ele>
      </trkpt>
      <trkpt lat="41.059033" lon="-85.198224">
        <ele>209.0</ele>
      </trkpt>
      <trkpt lat="41.059076" lon="-85.198154">
        <ele>209.0</ele>
      </trkpt>
      <trkpt lat="41.059124" lon="-85.198084">
        <ele>209.0</ele>
      </trkpt>
      <trkpt lat="41.05917" lon="-85.198009">
        <ele>209.0</ele>
      </trkpt>
      <trkpt lat="41.059215" lon="-85.197945">
        <ele>208.0</ele>
      </trkpt>
      <trkpt lat="41.059274" lon="-85.197864">
        <ele>208.0</ele>
      </trkpt>
      <trkpt lat="41.05932" lon="-85.19781">
        <ele>208.0</ele>
      </trkpt>
      <trkpt lat="41.059368" lon="-85.197746">
        <ele>208.0</ele>
      </trkpt>
      <trkpt lat="41.059419" lon="-85.197671">
        <ele>208.0</ele>
      </trkpt>
      <trkpt lat="41.059459" lon="-85.197612">
        <ele>208.0</ele>
      </trkpt>
      <trkpt lat="41.059513" lon="-85.197537">
        <ele>208.0</ele>
      </trkpt>
      <trkpt lat="41.059564" lon="-85.197473">
        <ele>208.0</ele>
      </trkpt>
      <trkpt lat="41.059618" lon="-85.197403">
        <ele>208.0</ele>
      </trkpt>
      <trkpt lat="41.059666" lon="-85.197338">
        <ele>208.0</ele>
      </trkpt>
      <trkpt lat="41.059725" lon="-85.197274">
        <ele>207.0</ele>
      </trkpt>
      <trkpt lat="41.059779" lon="-85.197204">
        <ele>207.0</ele>
      </trkpt>
      <trkpt lat="41.059835" lon="-85.197145">
        <ele>207.0</ele>
      </trkpt>
      <trkpt lat="41.059865" lon="-85.19707">
        <ele>206.0</ele>
      </trkpt>
      <trkpt lat="41.059891" lon="-85.196984">
        <ele>206.0</ele>
      </trkpt>
      <trkpt lat="41.059915" lon="-85.196904">
        <ele>205.0</ele>
      </trkpt>
      <trkpt lat="41.059929" lon="-85.196802">
        <ele>205.0</ele>
      </trkpt>
      <trkpt lat="41.059934" lon="-85.196695">
        <ele>204.0</ele>
      </trkpt>
      <trkpt lat="41.059942" lon="-85.196587">
        <ele>203.0</ele>
      </trkpt>
      <trkpt lat="41.05995" lon="-85.19648">
        <ele>203.0</ele>
      </trkpt>
      <trkpt lat="41.059953" lon="-85.196367">
        <ele>203.0</ele>
      </trkpt>
      <trkpt lat="41.059945" lon="-85.196266">
        <ele>202.0</ele>
      </trkpt>
      <trkpt lat="41.059937" lon="-85.196164">
        <ele>202.0</ele>
      </trkpt>
      <trkpt lat="41.059934" lon="-85.196046">
        <ele>202.0</ele>
      </trkpt>
      <trkpt lat="41.059934" lon="-85.195954">
        <ele>202.0</ele>
      </trkpt>
      <trkpt lat="41.059937" lon="-85.195847">
        <ele>201.0</ele>
      </trkpt>
      <trkpt lat="41.059945" lon="-85.195756">
        <ele>201.0</ele>
      </trkpt>
      <trkpt lat="41.059953" lon="-85.195665">
        <ele>201.0</ele>
      </trkpt>
      <trkpt lat="41.059961" lon="-85.195568">
        <ele>201.0</ele>
      </trkpt>
      <trkpt lat="41.059969" lon="-85.195466">
        <ele>201.0</ele>
      </trkpt>
      <trkpt lat="41.059969" lon="-85.19537">
        <ele>201.0</ele>
      </trkpt>
      <trkpt lat="41.059974" lon="-85.195278">
        <ele>201.0</ele>
      </trkpt>
      <trkpt lat="41.05998" lon="-85.195177">
        <ele>201.0</ele>
      </trkpt>
      <trkpt lat="41.059983" lon="-85.195085">
        <ele>200.0</ele>
      </trkpt>
      <trkpt lat="41.05998" lon="-85.195">
        <ele>200.0</ele>
      </trkpt>
      <trkpt lat="41.059983" lon="-85.194924">
        <ele>200.0</ele>
      </trkpt>
      <trkpt lat="41.059983" lon="-85.194833">
        <ele>200.0</ele>
      </trkpt>
      <trkpt lat="41.059996" lon="-85.194758">
        <ele>200.0</ele>
      </trkpt>
      <trkpt lat="41.059999" lon="-85.194672">
        <ele>200.0</ele>
      </trkpt>
      <trkpt lat="41.060001" lon="-85.194592">
        <ele>199.0</ele>
      </trkpt>
      <trkpt lat="41.060001" lon="-85.194501">
        <ele>199.0</ele>
      </trkpt>
      <trkpt lat="41.059999" lon="-85.194404">
        <ele>199.0</ele>
      </trkpt>
      <trkpt lat="41.060001" lon="-85.194324">
        <ele>199.0</ele>
      </trkpt>
      <trkpt lat="41.059999" lon="-85.194238">
        <ele>199.0</ele>
      </trkpt>
      <trkpt lat="41.059999" lon="-85.194147">
        <ele>199.0</ele>
      </trkpt>
      <trkpt lat="41.059996" lon="-85.194055">
        <ele>199.0</ele>
      </trkpt>
      <trkpt lat="41.059996" lon="-85.19398">
        <ele>199.0</ele>
      </trkpt>
      <trkpt lat="41.059999" lon="-85.193894">
        <ele>198.0</ele>
      </trkpt>
      <trkpt lat="41.059999" lon="-85.193819">
        <ele>198.0</ele>
      </trkpt>
      <trkpt lat="41.060001" lon="-85.193744">
        <ele>198.0</ele>
      </trkpt>
      <trkpt lat="41.060007" lon="-85.193696">
        <ele>198.0</ele>
      </trkpt>
      <trkpt lat="41.060009" lon="-85.193653">
        <ele>198.0</ele>
      </trkpt>
      <trkpt lat="41.060009" lon="-85.193616">
        <ele>198.0</ele>
      </trkpt>
      <trkpt lat="41.060007" lon="-85.193567">
        <ele>199.0</ele>
      </trkpt>
      <trkpt lat="41.060015" lon="-85.19353">
        <ele>199.0</ele>
      </trkpt>
      <trkpt lat="41.060023" lon="-85.193492">
        <ele>199.0</ele>
      </trkpt>
      <trkpt lat="41.060033" lon="-85.193476">
        <ele>199.0</ele>
      </trkpt>
      <trkpt lat="41.060047" lon="-85.193476">
        <ele>199.0</ele>
      </trkpt>
      <trkpt lat="41.060074" lon="-85.193471">
        <ele>199.0</ele>
      </trkpt>
      <trkpt lat="41.060098" lon="-85.19346">
        <ele>199.0</ele>
      </trkpt>
      <trkpt lat="41.060125" lon="-85.19346">
        <ele>200.0</ele>
      </trkpt>
      <trkpt lat="41.060146" lon="-85.193455">
        <ele>200.0</ele>
      </trkpt>
      <trkpt lat="41.060173" lon="-85.193455">
        <ele>200.0</ele>
      </trkpt>
      <trkpt lat="41.0602" lon="-85.193455">
        <ele>200.0</ele>
      </trkpt>
      <trkpt lat="41.060243" lon="-85.193455">
        <ele>200.0</ele>
      </trkpt>
      <trkpt lat="41.060288" lon="-85.19346">
        <ele>200.0</ele>
      </trkpt>
      <trkpt lat="41.060342" lon="-85.193471">
        <ele>200.0</ele>
      </trkpt>
      <trkpt lat="41.06039" lon="-85.193476">
        <ele>201.0</ele>
      </trkpt>
      <trkpt lat="41.060449" lon="-85.193476">
        <ele>201.0</ele>
      </trkpt>
      <trkpt lat="41.060498" lon="-85.193492">
        <ele>201.0</ele>
      </trkpt>
      <trkpt lat="41.060551" lon="-85.193492">
        <ele>201.0</ele>
      </trkpt>
      <trkpt lat="41.060605" lon="-85.193492">
        <ele>201.0</ele>
      </trkpt>
      <trkpt lat="41.060656" lon="-85.193481">
        <ele>201.0</ele>
      </trkpt>
      <trkpt lat="41.060696" lon="-85.193476">
        <ele>202.0</ele>
      </trkpt>
      <trkpt lat="41.060739" lon="-85.193471">
        <ele>202.0</ele>
      </trkpt>
      <trkpt lat="41.060785" lon="-85.19346">
        <ele>202.0</ele>
      </trkpt>
      <trkpt lat="41.060833" lon="-85.19346">
        <ele>202.0</ele>
      </trkpt>
      <trkpt lat="41.060881" lon="-85.193471">
        <ele>202.0</ele>
      </trkpt>
      <trkpt lat="41.060927" lon="-85.19346">
        <ele>203.0</ele>
      </trkpt>
      <trkpt lat="41.060959" lon="-85.19346">
        <ele>203.0</ele>
      </trkpt>
      <trkpt lat="41.060986" lon="-85.19346">
        <ele>203.0</ele>
      </trkpt>
      <trkpt lat="41.061004" lon="-85.193455">
        <ele>203.0</ele>
      </trkpt>
      <trkpt lat="41.061031" lon="-85.193455">
        <ele>203.0</ele>
      </trkpt>
      <trkpt lat="41.061074" lon="-85.19346">
        <ele>203.0</ele>
      </trkpt>
      <trkpt lat="41.061112" lon="-85.193476">
        <ele>204.0</ele>
      </trkpt>
      <trkpt lat="41.061157" lon="-85.193476">
        <ele>204.0</ele>
      </trkpt>
      <trkpt lat="41.061208" lon="-85.193481">
        <ele>204.0</ele>
      </trkpt>
      <trkpt lat="41.061257" lon="-85.193481">
        <ele>204.0</ele>
      </trkpt>
      <trkpt lat="41.061316" lon="-85.193492">
        <ele>204.0</ele>
      </trkpt>
      <trkpt lat="41.061361" lon="-85.193497">
        <ele>205.0</ele>
      </trkpt>
      <trkpt lat="41.061409" lon="-85.193508">
        <ele>205.0</ele>
      </trkpt>
      <trkpt lat="41.061452" lon="-85.193508">
        <ele>205.0</ele>
      </trkpt>
      <trkpt lat="41.061498" lon="-85.193508">
        <ele>205.0</ele>
      </trkpt>
      <trkpt lat="41.061536" lon="-85.193514">
        <ele>205.0</ele>
      </trkpt>
      <trkpt lat="41.061586" lon="-85.193508">
        <ele>206.0</ele>
      </trkpt>
      <trkpt lat="41.061654" lon="-85.193514">
        <ele>206.0</ele>
      </trkpt>
      <trkpt lat="41.061713" lon="-85.193508">
        <ele>206.0</ele>
      </trkpt>
      <trkpt lat="41.061764" lon="-85.193492">
        <ele>207.0</ele>
      </trkpt>
      <trkpt lat="41.061817" lon="-85.193497">
        <ele>207.0</ele>
      </trkpt>
      <trkpt lat="41.061876" lon="-85.193497">
        <ele>207.0</ele>
      </trkpt>
      <trkpt lat="41.061916" lon="-85.193514">
        <ele>207.0</ele>
      </trkpt>
      <trkpt lat="41.061951" lon="-85.193514">
        <ele>208.0</ele>
      </trkpt>
      <trkpt lat="41.061989" lon="-85.193519">
        <ele>208.0</ele>
      </trkpt>
      <trkpt lat="41.062034" lon="-85.193519">
        <ele>208.0</ele>
      </trkpt>
      <trkpt lat="41.062077" lon="-85.193519">
        <ele>208.0</ele>
      </trkpt>
      <trkpt lat="41.06212" lon="-85.193519">
        <ele>208.0</ele>
      </trkpt>
      <trkpt lat="41.06216" lon="-85.193519">
        <ele>209.0</ele>
      </trkpt>
      <trkpt lat="41.062206" lon="-85.19353">
        <ele>209.0</ele>
      </trkpt>
      <trkpt lat="41.062254" lon="-85.19353">
        <ele>209.0</ele>
      </trkpt>
      <trkpt lat="41.062292" lon="-85.193514">
        <ele>209.0</ele>
      </trkpt>
      <trkpt lat="41.062329" lon="-85.193514">
        <ele>210.0</ele>
      </trkpt>
      <trkpt lat="41.062364" lon="-85.193514">
        <ele>210.0</ele>
      </trkpt>
      <trkpt lat="41.062405" lon="-85.193514">
        <ele>210.0</ele>
      </trkpt>
      <trkpt lat="41.062456" lon="-85.193508">
        <ele>210.0</ele>
      </trkpt>
      <trkpt lat="41.062504" lon="-85.193508">
        <ele>210.0</ele>
      </trkpt>
      <trkpt lat="41.062555" lon="-85.193492">
        <ele>210.0</ele>
      </trkpt>
      <trkpt lat="41.062603" lon="-85.19346">
        <ele>211.0</ele>
      </trkpt>
      <trkpt lat="41.062662" lon="-85.193406">
        <ele>211.0</ele>
      </trkpt>
      <trkpt lat="41.062716" lon="-85.193363">
        <ele>211.0</ele>
      </trkpt>
      <trkpt lat="41.062761" lon="-85.19331">
        <ele>211.0</ele>
      </trkpt>
      <trkpt lat="41.06281" lon="-85.193245">
        <ele>211.0</ele>
      </trkpt>
      <trkpt lat="41.062863" lon="-85.193202">
        <ele>211.0</ele>
      </trkpt>
      <trkpt lat="41.06292" lon="-85.193154">
        <ele>211.0</ele>
      </trkpt>
      <trkpt lat="41.062973" lon="-85.193084">
        <ele>210.0</ele>
      </trkpt>
      <trkpt lat="41.063032" lon="-85.193025">
        <ele>210.0</ele>
      </trkpt>
      <trkpt lat="41.063086" lon="-85.192972">
        <ele>210.0</ele>
      </trkpt>
      <trkpt lat="41.063145" lon="-85.192913">
        <ele>210.0</ele>
      </trkpt>
      <trkpt lat="41.063204" lon="-85.192848">
        <ele>210.0</ele>
      </trkpt>
      <trkpt lat="41.063244" lon="-85.192805">
        <ele>210.0</ele>
      </trkpt>
      <trkpt lat="41.063298" lon="-85.192741">
        <ele>209.0</ele>
      </trkpt>
      <trkpt lat="41.063335" lon="-85.192682">
        <ele>209.0</ele>
      </trkpt>
      <trkpt lat="41.063384" lon="-85.192623">
        <ele>209.0</ele>
      </trkpt>
      <trkpt lat="41.063424" lon="-85.192559">
        <ele>209.0</ele>
      </trkpt>
      <trkpt lat="41.063477" lon="-85.1925">
        <ele>209.0</ele>
      </trkpt>
      <trkpt lat="41.06352" lon="-85.19243">
        <ele>208.0</ele>
      </trkpt>
      <trkpt lat="41.063574" lon="-85.192355">
        <ele>208.0</ele>
      </trkpt>
      <trkpt lat="41.063622" lon="-85.192285">
        <ele>208.0</ele>
      </trkpt>
      <trkpt lat="41.063676" lon="-85.192226">
        <ele>208.0</ele>
      </trkpt>
      <trkpt lat="41.063732" lon="-85.192156">
        <ele>208.0</ele>
      </trkpt>
      <trkpt lat="41.063786" lon="-85.192097">
        <ele>208.0</ele>
      </trkpt>
      <trkpt lat="41.063831" lon="-85.192044">
        <ele>208.0</ele>
      </trkpt>
      <trkpt lat="41.063882" lon="-85.191979">
        <ele>208.0</ele>
      </trkpt>
      <trkpt lat="41.063928" lon="-85.191904">
        <ele>208.0</ele>
      </trkpt>
      <trkpt lat="41.063982" lon="-85.191851">
        <ele>207.0</ele>
      </trkpt>
      <trkpt lat="41.064035" lon="-85.191792">
        <ele>207.0</ele>
      </trkpt>
      <trkpt lat="41.064084" lon="-85.191711">
        <ele>207.0</ele>
      </trkpt>
      <trkpt lat="41.064129" lon="-85.191647">
        <ele>207.0</ele>
      </trkpt>
      <trkpt lat="41.064175" lon="-85.191566">
        <ele>206.0</ele>
      </trkpt>
      <trkpt lat="41.064226" lon="-85.191507">
        <ele>206.0</ele>
      </trkpt>
      <trkpt lat="41.064274" lon="-85.191432">
        <ele>206.0</ele>
      </trkpt>
      <trkpt lat="41.064325" lon="-85.191368">
        <ele>206.0</ele>
      </trkpt>
      <trkpt lat="41.064373" lon="-85.191309">
        <ele>206.0</ele>
      </trkpt>
      <trkpt lat="41.064419" lon="-85.191234">
        <ele>206.0</ele>
      </trkpt>
      <trkpt lat="41.064473" lon="-85.19118">
        <ele>206.0</ele>
      </trkpt>
      <trkpt lat="41.064526" lon="-85.191116">
        <ele>206.0</ele>
      </trkpt>
      <trkpt lat="41.064572" lon="-85.191067">
        <ele>206.0</ele>
      </trkpt>
      <trkpt lat="41.064625" lon="-85.191003">
        <ele>206.0</ele>
      </trkpt>
      <trkpt lat="41.064671" lon="-85.190944">
        <ele>205.0</ele>
      </trkpt>
      <trkpt lat="41.064722" lon="-85.190896">
        <ele>205.0</ele>
      </trkpt>
      <trkpt lat="41.064776" lon="-85.190869">
        <ele>205.0</ele>
      </trkpt>
      <trkpt lat="41.064821" lon="-85.190837">
        <ele>205.0</ele>
      </trkpt>
      <trkpt lat="41.064859" lon="-85.190805">
        <ele>205.0</ele>
      </trkpt>
      <trkpt lat="41.064888" lon="-85.190762">
        <ele>205.0</ele>
      </trkpt>
      <trkpt lat="41.064912" lon="-85.190713">
        <ele>205.0</ele>
      </trkpt>
      <trkpt lat="41.064947" lon="-85.19066">
        <ele>205.0</ele>
      </trkpt>
      <trkpt lat="41.064977" lon="-85.190606">
        <ele>205.0</ele>
      </trkpt>
      <trkpt lat="41.065022" lon="-85.190563">
        <ele>205.0</ele>
      </trkpt>
      <trkpt lat="41.06506" lon="-85.190515">
        <ele>205.0</ele>
      </trkpt>
      <trkpt lat="41.065087" lon="-85.190483">
        <ele>205.0</ele>
      </trkpt>
      <trkpt lat="41.065124" lon="-85.19044">
        <ele>204.0</ele>
      </trkpt>
      <trkpt lat="41.065151" lon="-85.190391">
        <ele>204.0</ele>
      </trkpt>
      <trkpt lat="41.065175" lon="-85.190349">
        <ele>204.0</ele>
      </trkpt>
      <trkpt lat="41.06521" lon="-85.190284">
        <ele>204.0</ele>
      </trkpt>
      <trkpt lat="41.065232" lon="-85.190236">
        <ele>204.0</ele>
      </trkpt>
      <trkpt lat="41.065256" lon="-85.190172">
        <ele>204.0</ele>
      </trkpt>
      <trkpt lat="41.065283" lon="-85.190113">
        <ele>204.0</ele>
      </trkpt>
      <trkpt lat="41.065317" lon="-85.190064">
        <ele>203.0</ele>
      </trkpt>
      <trkpt lat="41.065347" lon="-85.190011">
        <ele>203.0</ele>
      </trkpt>
      <trkpt lat="41.065374" lon="-85.189968">
        <ele>203.0</ele>
      </trkpt>
      <trkpt lat="41.065409" lon="-85.189919">
        <ele>203.0</ele>
      </trkpt>
      <trkpt lat="41.065435" lon="-85.189882">
        <ele>203.0</ele>
      </trkpt>
      <trkpt lat="41.065457" lon="-85.18985">
        <ele>202.0</ele>
      </trkpt>
      <trkpt lat="41.065476" lon="-85.189823">
        <ele>202.0</ele>
      </trkpt>
      <trkpt lat="41.065494" lon="-85.189791">
        <ele>202.0</ele>
      </trkpt>
      <trkpt lat="41.065516" lon="-85.189758">
        <ele>202.0</ele>
      </trkpt>
      <trkpt lat="41.065537" lon="-85.189732">
        <ele>202.0</ele>
      </trkpt>
      <trkpt lat="41.065567" lon="-85.189683">
        <ele>202.0</ele>
      </trkpt>
      <trkpt lat="41.06561" lon="-85.18964">
        <ele>201.0</ele>
      </trkpt>
      <trkpt lat="41.065645" lon="-85.189598">
        <ele>201.0</ele>
      </trkpt>
      <trkpt lat="41.065682" lon="-85.189555">
        <ele>201.0</ele>
      </trkpt>
      <trkpt lat="41.065712" lon="-85.189506">
        <ele>201.0</ele>
      </trkpt>
      <trkpt lat="41.065744" lon="-85.189463">
        <ele>201.0</ele>
      </trkpt>
      <trkpt lat="41.065779" lon="-85.189415">
        <ele>201.0</ele>
      </trkpt>
      <trkpt lat="41.065808" lon="-85.189372">
        <ele>201.0</ele>
      </trkpt>
      <trkpt lat="41.065843" lon="-85.189319">
        <ele>200.0</ele>
      </trkpt>
      <trkpt lat="41.065878" lon="-85.189254">
        <ele>200.0</ele>
      </trkpt>
      <trkpt lat="41.065916" lon="-85.189206">
        <ele>200.0</ele>
      </trkpt>
      <trkpt lat="41.065953" lon="-85.189142">
        <ele>200.0</ele>
      </trkpt>
      <trkpt lat="41.065991" lon="-85.189088">
        <ele>200.0</ele>
      </trkpt>
      <trkpt lat="41.066036" lon="-85.189029">
        <ele>200.0</ele>
      </trkpt>
      <trkpt lat="41.066077" lon="-85.188965">
        <ele>200.0</ele>
      </trkpt>
      <trkpt lat="41.066122" lon="-85.188906">
        <ele>200.0</ele>
      </trkpt>
      <trkpt lat="41.066162" lon="-85.188852">
        <ele>200.0</ele>
      </trkpt>
      <trkpt lat="41.066205" lon="-85.188793">
        <ele>200.0</ele>
      </trkpt>
      <trkpt lat="41.066243" lon="-85.188739">
        <ele>200.0</ele>
      </trkpt>
      <trkpt lat="41.066288" lon="-85.188686">
        <ele>200.0</ele>
      </trkpt>
      <trkpt lat="41.066326" lon="-85.188621">
        <ele>200.0</ele>
      </trkpt>
      <trkpt lat="41.066369" lon="-85.188562">
        <ele>199.0</ele>
      </trkpt>
      <trkpt lat="41.066414" lon="-85.188519">
        <ele>199.0</ele>
      </trkpt>
      <trkpt lat="41.066452" lon="-85.188455">
        <ele>199.0</ele>
      </trkpt>
      <trkpt lat="41.066492" lon="-85.188396">
        <ele>200.0</ele>
      </trkpt>
      <trkpt lat="41.066538" lon="-85.188321">
        <ele>200.0</ele>
      </trkpt>
      <trkpt lat="41.06657" lon="-85.188256">
        <ele>200.0</ele>
      </trkpt>
      <trkpt lat="41.066618" lon="-85.188197">
        <ele>200.0</ele>
      </trkpt>
      <trkpt lat="41.066651" lon="-85.188128">
        <ele>200.0</ele>
      </trkpt>
      <trkpt lat="41.066696" lon="-85.188079">
        <ele>200.0</ele>
      </trkpt>
      <trkpt lat="41.066747" lon="-85.188026">
        <ele>200.0</ele>
      </trkpt>
      <trkpt lat="41.066793" lon="-85.187967">
        <ele>200.0</ele>
      </trkpt>
      <trkpt lat="41.066838" lon="-85.187913">
        <ele>200.0</ele>
      </trkpt>
      <trkpt lat="41.066868" lon="-85.187854">
        <ele>200.0</ele>
      </trkpt>
      <trkpt lat="41.0669" lon="-85.18779">
        <ele>200.0</ele>
      </trkpt>
      <trkpt lat="41.066937" lon="-85.187731">
        <ele>200.0</ele>
      </trkpt>
      <trkpt lat="41.066972" lon="-85.187677">
        <ele>200.0</ele>
      </trkpt>
      <trkpt lat="41.067018" lon="-85.187618">
        <ele>200.0</ele>
      </trkpt>
      <trkpt lat="41.067056" lon="-85.187554">
        <ele>200.0</ele>
      </trkpt>
      <trkpt lat="41.067101" lon="-85.187489">
        <ele>200.0</ele>
      </trkpt>
      <trkpt lat="41.067133" lon="-85.187441">
        <ele>200.0</ele>
      </trkpt>
      <trkpt lat="41.067171" lon="-85.187387">
        <ele>200.0</ele>
      </trkpt>
      <trkpt lat="41.0672" lon="-85.187328">
        <ele>200.0</ele>
      </trkpt>
      <trkpt lat="41.067238" lon="-85.18728">
        <ele>201.0</ele>
      </trkpt>
      <trkpt lat="41.067273" lon="-85.18721">
        <ele>201.0</ele>
      </trkpt>
      <trkpt lat="41.067308" lon="-85.187151">
        <ele>201.0</ele>
      </trkpt>
      <trkpt lat="41.067343" lon="-85.187092">
        <ele>201.0</ele>
      </trkpt>
      <trkpt lat="41.067361" lon="-85.187028">
        <ele>201.0</ele>
      </trkpt>
      <trkpt lat="41.067377" lon="-85.186969">
        <ele>201.0</ele>
      </trkpt>
      <trkpt lat="41.067391" lon="-85.186915">
        <ele>201.0</ele>
      </trkpt>
      <trkpt lat="41.067407" lon="-85.186862">
        <ele>201.0</ele>
      </trkpt>
      <trkpt lat="41.067415" lon="-85.186803">
        <ele>201.0</ele>
      </trkpt>
      <trkpt lat="41.067418" lon="-85.186754">
        <ele>201.0</ele>
      </trkpt>
      <trkpt lat="41.067428" lon="-85.186706">
        <ele>201.0</ele>
      </trkpt>
      <trkpt lat="41.06745" lon="-85.186652">
        <ele>201.0</ele>
      </trkpt>
      <trkpt lat="41.067471" lon="-85.186631">
        <ele>201.0</ele>
      </trkpt>
      <trkpt lat="41.067498" lon="-85.186615">
        <ele>202.0</ele>
      </trkpt>
      <trkpt lat="41.067528" lon="-85.18661">
        <ele>202.0</ele>
      </trkpt>
      <trkpt lat="41.067554" lon="-85.18661">
        <ele>202.0</ele>
      </trkpt>
      <trkpt lat="41.067587" lon="-85.186604">
        <ele>203.0</ele>
      </trkpt>
      <trkpt lat="41.067608" lon="-85.186588">
        <ele>203.0</ele>
      </trkpt>
      <trkpt lat="41.067624" lon="-85.186561">
        <ele>203.0</ele>
      </trkpt>
      <trkpt lat="41.067643" lon="-85.186524">
        <ele>203.0</ele>
      </trkpt>
      <trkpt lat="41.067667" lon="-85.186481">
        <ele>203.0</ele>
      </trkpt>
      <trkpt lat="41.067694" lon="-85.186433">
        <ele>204.0</ele>
      </trkpt>
      <trkpt lat="41.067721" lon="-85.186406">
        <ele>204.0</ele>
      </trkpt>
      <trkpt lat="41.067753" lon="-85.186357">
        <ele>204.0</ele>
      </trkpt>
      <trkpt lat="41.067796" lon="-85.186298">
        <ele>204.0</ele>
      </trkpt>
      <trkpt lat="41.067833" lon="-85.186245">
        <ele>204.0</ele>
      </trkpt>
      <trkpt lat="41.067871" lon="-85.186164">
        <ele>204.0</ele>
      </trkpt>
      <trkpt lat="41.067906" lon="-85.186105">
        <ele>205.0</ele>
      </trkpt>
      <trkpt lat="41.067943" lon="-85.186046">
        <ele>205.0</ele>
      </trkpt>
      <trkpt lat="41.067986" lon="-85.185977">
        <ele>205.0</ele>
      </trkpt>
      <trkpt lat="41.068024" lon="-85.185891">
        <ele>205.0</ele>
      </trkpt>
      <trkpt lat="41.068067" lon="-85.185816">
        <ele>205.0</ele>
      </trkpt>
      <trkpt lat="41.068104" lon="-85.185741">
        <ele>205.0</ele>
      </trkpt>
      <trkpt lat="41.06815" lon="-85.185665">
        <ele>204.0</ele>
      </trkpt>
      <trkpt lat="41.068193" lon="-85.185585">
        <ele>204.0</ele>
      </trkpt>
      <trkpt lat="41.068236" lon="-85.185521">
        <ele>204.0</ele>
      </trkpt>
      <trkpt lat="41.068276" lon="-85.185467">
        <ele>204.0</ele>
      </trkpt>
      <trkpt lat="41.068322" lon="-85.185403">
        <ele>204.0</ele>
      </trkpt>
      <trkpt lat="41.068364" lon="-85.185333">
        <ele>204.0</ele>
      </trkpt>
      <trkpt lat="41.06841" lon="-85.185279">
        <ele>204.0</ele>
      </trkpt>
      <trkpt lat="41.068456" lon="-85.18522">
        <ele>204.0</ele>
      </trkpt>
      <trkpt lat="41.068499" lon="-85.185161">
        <ele>204.0</ele>
      </trkpt>
      <trkpt lat="41.068536" lon="-85.185108">
        <ele>204.0</ele>
      </trkpt>
      <trkpt lat="41.068579" lon="-85.185059">
        <ele>204.0</ele>
      </trkpt>
      <trkpt lat="41.068611" lon="-85.185006">
        <ele>204.0</ele>
      </trkpt>
      <trkpt lat="41.068654" lon="-85.184952">
        <ele>204.0</ele>
      </trkpt>
      <trkpt lat="41.068681" lon="-85.184909">
        <ele>204.0</ele>
      </trkpt>
      <trkpt lat="41.06871" lon="-85.184855">
        <ele>204.0</ele>
      </trkpt>
      <trkpt lat="41.068745" lon="-85.184791">
        <ele>204.0</ele>
      </trkpt>
      <trkpt lat="41.068777" lon="-85.184743">
        <ele>204.0</ele>
      </trkpt>
      <trkpt lat="41.068815" lon="-85.184678">
        <ele>204.0</ele>
      </trkpt>
      <trkpt lat="41.068853" lon="-85.184619">
        <ele>204.0</ele>
      </trkpt>
      <trkpt lat="41.068887" lon="-85.184566">
        <ele>204.0</ele>
      </trkpt>
      <trkpt lat="41.068917" lon="-85.184512">
        <ele>204.0</ele>
      </trkpt>
      <trkpt lat="41.06896" lon="-85.184448">
        <ele>204.0</ele>
      </trkpt>
      <trkpt lat="41.068997" lon="-85.184389">
        <ele>203.0</ele>
      </trkpt>
      <trkpt lat="41.069035" lon="-85.184319">
        <ele>203.0</ele>
      </trkpt>
      <trkpt lat="41.069078" lon="-85.18426">
        <ele>203.0</ele>
      </trkpt>
      <trkpt lat="41.069115" lon="-85.18419">
        <ele>203.0</ele>
      </trkpt>
      <trkpt lat="41.069158" lon="-85.184131">
        <ele>203.0</ele>
      </trkpt>
      <trkpt lat="41.069204" lon="-85.184067">
        <ele>203.0</ele>
      </trkpt>
      <trkpt lat="41.069252" lon="-85.184002">
        <ele>203.0</ele>
      </trkpt>
      <trkpt lat="41.069292" lon="-85.183949">
        <ele>203.0</ele>
      </trkpt>
      <trkpt lat="41.069333" lon="-85.183895">
        <ele>203.0</ele>
      </trkpt>
      <trkpt lat="41.06937" lon="-85.183825">
        <ele>203.0</ele>
      </trkpt>
      <trkpt lat="41.069413" lon="-85.183772">
        <ele>203.0</ele>
      </trkpt>
      <trkpt lat="41.069456" lon="-85.183713">
        <ele>203.0</ele>
      </trkpt>
      <trkpt lat="41.069502" lon="-85.183643">
        <ele>203.0</ele>
      </trkpt>
      <trkpt lat="41.069547" lon="-85.183573">
        <ele>203.0</ele>
      </trkpt>
      <trkpt lat="41.069593" lon="-85.183498">
        <ele>203.0</ele>
      </trkpt>
      <trkpt lat="41.069649" lon="-85.183434">
        <ele>203.0</ele>
      </trkpt>
      <trkpt lat="41.069692" lon="-85.183369">
        <ele>203.0</ele>
      </trkpt>
      <trkpt lat="41.069738" lon="-85.183305">
        <ele>203.0</ele>
      </trkpt>
      <trkpt lat="41.069775" lon="-85.183235">
        <ele>203.0</ele>
      </trkpt>
      <trkpt lat="41.069826" lon="-85.183171">
        <ele>202.0</ele>
      </trkpt>
      <trkpt lat="41.069875" lon="-85.183101">
        <ele>202.0</ele>
      </trkpt>
      <trkpt lat="41.069917" lon="-85.183026">
        <ele>202.0</ele>
      </trkpt>
      <trkpt lat="41.069963" lon="-85.182962">
        <ele>202.0</ele>
      </trkpt>
      <trkpt lat="41.070011" lon="-85.182887">
        <ele>202.0</ele>
      </trkpt>
      <trkpt lat="41.070057" lon="-85.182817">
        <ele>202.0</ele>
      </trkpt>
      <trkpt lat="41.070097" lon="-85.182758">
        <ele>201.0</ele>
      </trkpt>
      <trkpt lat="41.070143" lon="-85.182683">
        <ele>201.0</ele>
      </trkpt>
      <trkpt lat="41.070183" lon="-85.182618">
        <ele>201.0</ele>
      </trkpt>
      <trkpt lat="41.070242" lon="-85.182533">
        <ele>201.0</ele>
      </trkpt>
      <trkpt lat="41.070296" lon="-85.182468">
        <ele>200.0</ele>
      </trkpt>
      <trkpt lat="41.070336" lon="-85.182388">
        <ele>200.0</ele>
      </trkpt>
      <trkpt lat="41.070381" lon="-85.182323">
        <ele>200.0</ele>
      </trkpt>
      <trkpt lat="41.070422" lon="-85.182254">
        <ele>200.0</ele>
      </trkpt>
      <trkpt lat="41.070462" lon="-85.182184">
        <ele>200.0</ele>
      </trkpt>
      <trkpt lat="41.070505" lon="-85.182125">
        <ele>200.0</ele>
      </trkpt>
      <trkpt lat="41.070545" lon="-85.182055">
        <ele>200.0</ele>
      </trkpt>
      <trkpt lat="41.07058" lon="-85.182002">
        <ele>200.0</ele>
      </trkpt>
      <trkpt lat="41.070615" lon="-85.181948">
        <ele>200.0</ele>
      </trkpt>
      <trkpt lat="41.07065" lon="-85.18191">
        <ele>200.0</ele>
      </trkpt>
      <trkpt lat="41.070671" lon="-85.181862">
        <ele>200.0</ele>
      </trkpt>
      <trkpt lat="41.070687" lon="-85.181825">
        <ele>201.0</ele>
      </trkpt>
      <trkpt lat="41.070687" lon="-85.181798">
        <ele>201.0</ele>
      </trkpt>
      <trkpt lat="41.070698" lon="-85.181744">
        <ele>201.0</ele>
      </trkpt>
      <trkpt lat="41.070717" lon="-85.18168">
        <ele>201.0</ele>
      </trkpt>
      <trkpt lat="41.070752" lon="-85.181653">
        <ele>201.0</ele>
      </trkpt>
      <trkpt lat="41.070795" lon="-85.18161">
        <ele>201.0</ele>
      </trkpt>
      <trkpt lat="41.070832" lon="-85.181556">
        <ele>202.0</ele>
      </trkpt>
      <trkpt lat="41.070862" lon="-85.181519">
        <ele>202.0</ele>
      </trkpt>
      <trkpt lat="41.070894" lon="-85.18146">
        <ele>202.0</ele>
      </trkpt>
      <trkpt lat="41.070929" lon="-85.18139">
        <ele>202.0</ele>
      </trkpt>
      <trkpt lat="41.070969" lon="-85.181331">
        <ele>202.0</ele>
      </trkpt>
      <trkpt lat="41.071004" lon="-85.181261">
        <ele>202.0</ele>
      </trkpt>
      <trkpt lat="41.071041" lon="-85.181192">
        <ele>202.0</ele>
      </trkpt>
      <trkpt lat="41.071076" lon="-85.181133">
        <ele>202.0</ele>
      </trkpt>
      <trkpt lat="41.071114" lon="-85.181068">
        <ele>202.0</ele>
      </trkpt>
      <trkpt lat="41.071138" lon="-85.181031">
        <ele>202.0</ele>
      </trkpt>
      <trkpt lat="41.071159" lon="-85.180993">
        <ele>202.0</ele>
      </trkpt>
      <trkpt lat="41.071175" lon="-85.180955">
        <ele>203.0</ele>
      </trkpt>
      <trkpt lat="41.071202" lon="-85.180913">
        <ele>203.0</ele>
      </trkpt>
      <trkpt lat="41.071213" lon="-85.180864">
        <ele>203.0</ele>
      </trkpt>
      <trkpt lat="41.071226" lon="-85.180816">
        <ele>203.0</ele>
      </trkpt>
      <trkpt lat="41.071237" lon="-85.180768">
        <ele>203.0</ele>
      </trkpt>
      <trkpt lat="41.07124" lon="-85.180714">
        <ele>203.0</ele>
      </trkpt>
      <trkpt lat="41.071245" lon="-85.180666">
        <ele>203.0</ele>
      </trkpt>
      <trkpt lat="41.071253" lon="-85.180628">
        <ele>203.0</ele>
      </trkpt>
      <trkpt lat="41.071259" lon="-85.180569">
        <ele>203.0</ele>
      </trkpt>
      <trkpt lat="41.071275" lon="-85.180516">
        <ele>202.0</ele>
      </trkpt>
      <trkpt lat="41.071285" lon="-85.180451">
        <ele>202.0</ele>
      </trkpt>
      <trkpt lat="41.071301" lon="-85.180381">
        <ele>202.0</ele>
      </trkpt>
      <trkpt lat="41.071312" lon="-85.180306">
        <ele>202.0</ele>
      </trkpt>
      <trkpt lat="41.07132" lon="-85.180226">
        <ele>202.0</ele>
      </trkpt>
      <trkpt lat="41.071326" lon="-85.180145">
        <ele>202.0</ele>
      </trkpt>
      <trkpt lat="41.071328" lon="-85.180049">
        <ele>202.0</ele>
      </trkpt>
      <trkpt lat="41.071336" lon="-85.179958">
        <ele>202.0</ele>
      </trkpt>
      <trkpt lat="41.071347" lon="-85.179872">
        <ele>202.0</ele>
      </trkpt>
      <trkpt lat="41.071363" lon="-85.179797">
        <ele>202.0</ele>
      </trkpt>
      <trkpt lat="41.071382" lon="-85.179711">
        <ele>202.0</ele>
      </trkpt>
      <trkpt lat="41.071393" lon="-85.179641">
        <ele>202.0</ele>
      </trkpt>
      <trkpt lat="41.071403" lon="-85.179561">
        <ele>201.0</ele>
      </trkpt>
      <trkpt lat="41.071409" lon="-85.179475">
        <ele>201.0</ele>
      </trkpt>
      <trkpt lat="41.071398" lon="-85.179394">
        <ele>201.0</ele>
      </trkpt>
      <trkpt lat="41.071385" lon="-85.179314">
        <ele>201.0</ele>
      </trkpt>
      <trkpt lat="41.07139" lon="-85.179223">
        <ele>202.0</ele>
      </trkpt>
      <trkpt lat="41.071398" lon="-85.179153">
        <ele>202.0</ele>
      </trkpt>
      <trkpt lat="41.071417" lon="-85.179094">
        <ele>202.0</ele>
      </trkpt>
      <trkpt lat="41.071444" lon="-85.179035">
        <ele>202.0</ele>
      </trkpt>
      <trkpt lat="41.071473" lon="-85.178981">
        <ele>202.0</ele>
      </trkpt>
      <trkpt lat="41.0715" lon="-85.178928">
        <ele>203.0</ele>
      </trkpt>
      <trkpt lat="41.071546" lon="-85.178874">
        <ele>203.0</ele>
      </trkpt>
      <trkpt lat="41.071591" lon="-85.178837">
        <ele>203.0</ele>
      </trkpt>
      <trkpt lat="41.071645" lon="-85.178799">
        <ele>203.0</ele>
      </trkpt>
      <trkpt lat="41.071698" lon="-85.178751">
        <ele>203.0</ele>
      </trkpt>
      <trkpt lat="41.071752" lon="-85.178729">
        <ele>204.0</ele>
      </trkpt>
      <trkpt lat="41.071806" lon="-85.178697">
        <ele>204.0</ele>
      </trkpt>
      <trkpt lat="41.071854" lon="-85.178676">
        <ele>204.0</ele>
      </trkpt>
      <trkpt lat="41.071897" lon="-85.178638">
        <ele>204.0</ele>
      </trkpt>
      <trkpt lat="41.071934" lon="-85.17859">
        <ele>204.0</ele>
      </trkpt>
      <trkpt lat="41.071961" lon="-85.178547">
        <ele>204.0</ele>
      </trkpt>
      <trkpt lat="41.07198" lon="-85.178499">
        <ele>203.0</ele>
      </trkpt>
      <trkpt lat="41.071991" lon="-85.178456">
        <ele>203.0</ele>
      </trkpt>
      <trkpt lat="41.071985" lon="-85.178407">
        <ele>203.0</ele>
      </trkpt>
      <trkpt lat="41.071988" lon="-85.178375">
        <ele>203.0</ele>
      </trkpt>
      <trkpt lat="41.071999" lon="-85.178354">
        <ele>203.0</ele>
      </trkpt>
      <trkpt lat="41.072018" lon="-85.178338">
        <ele>203.0</ele>
      </trkpt>
      <trkpt lat="41.072034" lon="-85.178322">
        <ele>203.0</ele>
      </trkpt>
      <trkpt lat="41.072044" lon="-85.178311">
        <ele>203.0</ele>
      </trkpt>
      <trkpt lat="41.072052" lon="-85.178295">
        <ele>203.0</ele>
      </trkpt>
      <trkpt lat="41.072052" lon="-85.178263">
        <ele>203.0</ele>
      </trkpt>
      <trkpt lat="41.07205" lon="-85.17823">
        <ele>203.0</ele>
      </trkpt>
      <trkpt lat="41.072042" lon="-85.17822">
        <ele>203.0</ele>
      </trkpt>
      <trkpt lat="41.072039" lon="-85.178193">
        <ele>203.0</ele>
      </trkpt>
      <trkpt lat="41.072039" lon="-85.178187">
        <ele>203.0</ele>
      </trkpt>
      <trkpt lat="41.072085" lon="-85.178032">
        <ele>202.0</ele>
      </trkpt>
      <trkpt lat="41.072098" lon="-85.178032">
        <ele>202.0</ele>
      </trkpt>
      <trkpt lat="41.072106" lon="-85.178021">
        <ele>202.0</ele>
      </trkpt>
      <trkpt lat="41.072111" lon="-85.178005">
        <ele>202.0</ele>
      </trkpt>
      <trkpt lat="41.072114" lon="-85.178005">
        <ele>201.0</ele>
      </trkpt>
      <trkpt lat="41.072117" lon="-85.177994">
        <ele>201.0</ele>
      </trkpt>
      <trkpt lat="41.072216" lon="-85.17801">
        <ele>201.0</ele>
      </trkpt>
      <trkpt lat="41.072211" lon="-85.178027">
        <ele>202.0</ele>
      </trkpt>
      <trkpt lat="41.072197" lon="-85.178043">
        <ele>202.0</ele>
      </trkpt>
      <trkpt lat="41.072184" lon="-85.178064">
        <ele>202.0</ele>
      </trkpt>
      <trkpt lat="41.07217" lon="-85.178069">
        <ele>202.0</ele>
      </trkpt>
      <trkpt lat="41.072162" lon="-85.178086">
        <ele>202.0</ele>
      </trkpt>
      <trkpt lat="41.07216" lon="-85.178112">
        <ele>202.0</ele>
      </trkpt>
      <trkpt lat="41.072149" lon="-85.178139">
        <ele>202.0</ele>
      </trkpt>
      <trkpt lat="41.072152" lon="-85.178155">
        <ele>202.0</ele>
      </trkpt>
      <trkpt lat="41.072149" lon="-85.178171">
        <ele>202.0</ele>
      </trkpt>
      <trkpt lat="41.072144" lon="-85.178177">
        <ele>202.0</ele>
      </trkpt>
      <trkpt lat="41.072144" lon="-85.178193">
        <ele>202.0</ele>
      </trkpt>
      <trkpt lat="41.072141" lon="-85.178193">
        <ele>202.0</ele>
      </trkpt>
      <trkpt lat="41.072079" lon="-85.17822">
        <ele>202.0</ele>
      </trkpt>
      <trkpt lat="41.072077" lon="-85.17823">
        <ele>202.0</ele>
      </trkpt>
      <trkpt lat="41.072071" lon="-85.178246">
        <ele>201.0</ele>
      </trkpt>
      <trkpt lat="41.072071" lon="-85.178268">
        <ele>201.0</ele>
      </trkpt>
      <trkpt lat="41.072063" lon="-85.178311">
        <ele>201.0</ele>
      </trkpt>
      <trkpt lat="41.07205" lon="-85.178348">
        <ele>201.0</ele>
      </trkpt>
      <trkpt lat="41.072034" lon="-85.178386">
        <ele>200.0</ele>
      </trkpt>
      <trkpt lat="41.072007" lon="-85.178429">
        <ele>200.0</ele>
      </trkpt>
      <trkpt lat="41.071985" lon="-85.178493">
        <ele>200.0</ele>
      </trkpt>
      <trkpt lat="41.071961" lon="-85.178547">
        <ele>200.0</ele>
      </trkpt>
      <trkpt lat="41.071926" lon="-85.1786">
        <ele>200.0</ele>
      </trkpt>
      <trkpt lat="41.071892" lon="-85.17866">
        <ele>199.0</ele>
      </trkpt>
      <trkpt lat="41.071851" lon="-85.178697">
        <ele>199.0</ele>
      </trkpt>
      <trkpt lat="41.0718" lon="-85.178735">
        <ele>199.0</ele>
      </trkpt>
      <trkpt lat="41.071744" lon="-85.178767">
        <ele>198.0</ele>
      </trkpt>
      <trkpt lat="41.07169" lon="-85.178804">
        <ele>198.0</ele>
      </trkpt>
      <trkpt lat="41.071637" lon="-85.178826">
        <ele>198.0</ele>
      </trkpt>
      <trkpt lat="41.071575" lon="-85.178858">
        <ele>198.0</ele>
      </trkpt>
      <trkpt lat="41.071527" lon="-85.178896">
        <ele>197.0</ele>
      </trkpt>
      <trkpt lat="41.071476" lon="-85.178971">
        <ele>197.0</ele>
      </trkpt>
      <trkpt lat="41.071444" lon="-85.17904">
        <ele>197.0</ele>
      </trkpt>
      <trkpt lat="41.071411" lon="-85.179132">
        <ele>197.0</ele>
      </trkpt>
      <trkpt lat="41.071393" lon="-85.179207">
        <ele>197.0</ele>
      </trkpt>
      <trkpt lat="41.071371" lon="-85.179293">
        <ele>197.0</ele>
      </trkpt>
      <trkpt lat="41.071366" lon="-85.179378">
        <ele>197.0</ele>
      </trkpt>
      <trkpt lat="41.071371" lon="-85.17947">
        <ele>197.0</ele>
      </trkpt>
      <trkpt lat="41.071382" lon="-85.17955">
        <ele>197.0</ele>
      </trkpt>
      <trkpt lat="41.071382" lon="-85.179636">
        <ele>197.0</ele>
      </trkpt>
      <trkpt lat="41.071377" lon="-85.179722">
        <ele>197.0</ele>
      </trkpt>
      <trkpt lat="41.071363" lon="-85.179802">
        <ele>197.0</ele>
      </trkpt>
      <trkpt lat="41.071344" lon="-85.179883">
        <ele>196.0</ele>
      </trkpt>
      <trkpt lat="41.071326" lon="-85.179974">
        <ele>196.0</ele>
      </trkpt>
      <trkpt lat="41.071312" lon="-85.180054">
        <ele>196.0</ele>
      </trkpt>
      <trkpt lat="41.071301" lon="-85.180145">
        <ele>196.0</ele>
      </trkpt>
      <trkpt lat="41.071291" lon="-85.180226">
        <ele>196.0</ele>
      </trkpt>
      <trkpt lat="41.071283" lon="-85.180306">
        <ele>196.0</ele>
      </trkpt>
      <trkpt lat="41.071264" lon="-85.180376">
        <ele>196.0</ele>
      </trkpt>
      <trkpt lat="41.071256" lon="-85.180435">
        <ele>197.0</ele>
      </trkpt>
      <trkpt lat="41.071248" lon="-85.180483">
        <ele>197.0</ele>
      </trkpt>
      <trkpt lat="41.071237" lon="-85.180521">
        <ele>197.0</ele>
      </trkpt>
      <trkpt lat="41.071226" lon="-85.180553">
        <ele>197.0</ele>
      </trkpt>
      <trkpt lat="41.071218" lon="-85.180596">
        <ele>197.0</ele>
      </trkpt>
      <trkpt lat="41.071213" lon="-85.180628">
        <ele>197.0</ele>
      </trkpt>
      <trkpt lat="41.07121" lon="-85.18065">
        <ele>198.0</ele>
      </trkpt>
      <trkpt lat="41.07121" lon="-85.180671">
        <ele>198.0</ele>
      </trkpt>
      <trkpt lat="41.071213" lon="-85.180698">
        <ele>198.0</ele>
      </trkpt>
      <trkpt lat="41.07121" lon="-85.180719">
        <ele>198.0</ele>
      </trkpt>
      <trkpt lat="41.07121" lon="-85.180773">
        <ele>199.0</ele>
      </trkpt>
      <trkpt lat="41.071205" lon="-85.180816">
        <ele>199.0</ele>
      </trkpt>
      <trkpt lat="41.0712" lon="-85.18088">
        <ele>199.0</ele>
      </trkpt>
      <trkpt lat="41.071181" lon="-85.18095">
        <ele>199.0</ele>
      </trkpt>
      <trkpt lat="41.071157" lon="-85.181009">
        <ele>199.0</ele>
      </trkpt>
      <trkpt lat="41.071122" lon="-85.181063">
        <ele>199.0</ele>
      </trkpt>
      <trkpt lat="41.071087" lon="-85.181122">
        <ele>199.0</ele>
      </trkpt>
      <trkpt lat="41.071057" lon="-85.18117">
        <ele>199.0</ele>
      </trkpt>
      <trkpt lat="41.071028" lon="-85.181224">
        <ele>199.0</ele>
      </trkpt>
      <trkpt lat="41.070993" lon="-85.181277">
        <ele>199.0</ele>
      </trkpt>
      <trkpt lat="41.070958" lon="-85.181331">
        <ele>199.0</ele>
      </trkpt>
      <trkpt lat="41.070921" lon="-85.181385">
        <ele>199.0</ele>
      </trkpt>
      <trkpt lat="41.070888" lon="-85.181444">
        <ele>199.0</ele>
      </trkpt>
      <trkpt lat="41.070856" lon="-85.181497">
        <ele>199.0</ele>
      </trkpt>
      <trkpt lat="41.070821" lon="-85.181551">
        <ele>199.0</ele>
      </trkpt>
      <trkpt lat="41.070786" lon="-85.181605">
        <ele>199.0</ele>
      </trkpt>
      <trkpt lat="41.070752" lon="-85.181653">
        <ele>199.0</ele>
      </trkpt>
      <trkpt lat="41.070722" lon="-85.18168">
        <ele>199.0</ele>
      </trkpt>
      <trkpt lat="41.070687" lon="-85.181717">
        <ele>199.0</ele>
      </trkpt>
      <trkpt lat="41.070666" lon="-85.181766">
        <ele>199.0</ele>
      </trkpt>
      <trkpt lat="41.07065" lon="-85.181803">
        <ele>199.0</ele>
      </trkpt>
      <trkpt lat="41.070644" lon="-85.181846">
        <ele>200.0</ele>
      </trkpt>
      <trkpt lat="41.070642" lon="-85.181878">
        <ele>200.0</ele>
      </trkpt>
      <trkpt lat="41.070631" lon="-85.181926">
        <ele>200.0</ele>
      </trkpt>
      <trkpt lat="41.070607" lon="-85.181969">
        <ele>200.0</ele>
      </trkpt>
      <trkpt lat="41.070585" lon="-85.182018">
        <ele>200.0</ele>
      </trkpt>
      <trkpt lat="41.070567" lon="-85.182061">
        <ele>201.0</ele>
      </trkpt>
      <trkpt lat="41.070534" lon="-85.182114">
        <ele>201.0</ele>
      </trkpt>
      <trkpt lat="41.070497" lon="-85.182179">
        <ele>201.0</ele>
      </trkpt>
      <trkpt lat="41.070462" lon="-85.182243">
        <ele>201.0</ele>
      </trkpt>
      <trkpt lat="41.070416" lon="-85.182307">
        <ele>201.0</ele>
      </trkpt>
      <trkpt lat="41.070379" lon="-85.182366">
        <ele>201.0</ele>
      </trkpt>
      <trkpt lat="41.070336" lon="-85.182436">
        <ele>201.0</ele>
      </trkpt>
      <trkpt lat="41.070296" lon="-85.182506">
        <ele>202.0</ele>
      </trkpt>
      <trkpt lat="41.07025" lon="-85.182576">
        <ele>202.0</ele>
      </trkpt>
      <trkpt lat="41.070207" lon="-85.182635">
        <ele>202.0</ele>
      </trkpt>
      <trkpt lat="41.070164" lon="-85.182694">
        <ele>202.0</ele>
      </trkpt>
      <trkpt lat="41.070127" lon="-85.182774">
        <ele>202.0</ele>
      </trkpt>
      <trkpt lat="41.070081" lon="-85.182833">
        <ele>203.0</ele>
      </trkpt>
      <trkpt lat="41.070038" lon="-85.182903">
        <ele>203.0</ele>
      </trkpt>
      <trkpt lat="41.070001" lon="-85.182962">
        <ele>203.0</ele>
      </trkpt>
      <trkpt lat="41.069958" lon="-85.183026">
        <ele>203.0</ele>
      </trkpt>
      <trkpt lat="41.069909" lon="-85.183091">
        <ele>203.0</ele>
      </trkpt>
      <trkpt lat="41.069864" lon="-85.183155">
        <ele>203.0</ele>
      </trkpt>
      <trkpt lat="41.069818" lon="-85.183214">
        <ele>203.0</ele>
      </trkpt>
      <trkpt lat="41.069775" lon="-85.183289">
        <ele>203.0</ele>
      </trkpt>
      <trkpt lat="41.06973" lon="-85.183353">
        <ele>202.0</ele>
      </trkpt>
      <trkpt lat="41.069684" lon="-85.183428">
        <ele>202.0</ele>
      </trkpt>
      <trkpt lat="41.069641" lon="-85.183504">
        <ele>202.0</ele>
      </trkpt>
      <trkpt lat="41.069593" lon="-85.183589">
        <ele>202.0</ele>
      </trkpt>
      <trkpt lat="41.069539" lon="-85.183665">
        <ele>202.0</ele>
      </trkpt>
      <trkpt lat="41.069494" lon="-85.18375">
        <ele>201.0</ele>
      </trkpt>
      <trkpt lat="41.069448" lon="-85.183815">
        <ele>201.0</ele>
      </trkpt>
      <trkpt lat="41.069413" lon="-85.183895">
        <ele>201.0</ele>
      </trkpt>
      <trkpt lat="41.069368" lon="-85.18396">
        <ele>200.0</ele>
      </trkpt>
      <trkpt lat="41.069325" lon="-85.184029">
        <ele>200.0</ele>
      </trkpt>
      <trkpt lat="41.069276" lon="-85.184099">
        <ele>200.0</ele>
      </trkpt>
      <trkpt lat="41.069231" lon="-85.184169">
        <ele>200.0</ele>
      </trkpt>
      <trkpt lat="41.06918" lon="-85.184244">
        <ele>199.0</ele>
      </trkpt>
      <trkpt lat="41.06914" lon="-85.184303">
        <ele>199.0</ele>
      </trkpt>
      <trkpt lat="41.069094" lon="-85.184383">
        <ele>199.0</ele>
      </trkpt>
      <trkpt lat="41.069051" lon="-85.184448">
        <ele>199.0</ele>
      </trkpt>
      <trkpt lat="41.068997" lon="-85.184517">
        <ele>198.0</ele>
      </trkpt>
      <trkpt lat="41.068941" lon="-85.184593">
        <ele>198.0</ele>
      </trkpt>
      <trkpt lat="41.068896" lon="-85.184657">
        <ele>198.0</ele>
      </trkpt>
      <trkpt lat="41.068845" lon="-85.184743">
        <ele>198.0</ele>
      </trkpt>
      <trkpt lat="41.068796" lon="-85.184807">
        <ele>197.0</ele>
      </trkpt>
      <trkpt lat="41.068753" lon="-85.184888">
        <ele>197.0</ele>
      </trkpt>
      <trkpt lat="41.068708" lon="-85.184947">
        <ele>197.0</ele>
      </trkpt>
      <trkpt lat="41.068662" lon="-85.185016">
        <ele>196.0</ele>
      </trkpt>
      <trkpt lat="41.068609" lon="-85.185091">
        <ele>196.0</ele>
      </trkpt>
      <trkpt lat="41.068558" lon="-85.18515">
        <ele>196.0</ele>
      </trkpt>
      <trkpt lat="41.068507" lon="-85.185231">
        <ele>196.0</ele>
      </trkpt>
      <trkpt lat="41.068453" lon="-85.185295">
        <ele>195.0</ele>
      </trkpt>
      <trkpt lat="41.06841" lon="-85.185365">
        <ele>195.0</ele>
      </trkpt>
      <trkpt lat="41.068362" lon="-85.18544">
        <ele>195.0</ele>
      </trkpt>
      <trkpt lat="41.068313" lon="-85.18551">
        <ele>196.0</ele>
      </trkpt>
      <trkpt lat="41.068263" lon="-85.185601">
        <ele>196.0</ele>
      </trkpt>
      <trkpt lat="41.068214" lon="-85.185671">
        <ele>196.0</ele>
      </trkpt>
      <trkpt lat="41.068174" lon="-85.185746">
        <ele>196.0</ele>
      </trkpt>
      <trkpt lat="41.068123" lon="-85.185821">
        <ele>196.0</ele>
      </trkpt>
      <trkpt lat="41.068077" lon="-85.185918">
        <ele>196.0</ele>
      </trkpt>
      <trkpt lat="41.068024" lon="-85.185998">
        <ele>197.0</ele>
      </trkpt>
      <trkpt lat="41.067978" lon="-85.186089">
        <ele>197.0</ele>
      </trkpt>
      <trkpt lat="41.06793" lon="-85.186164">
        <ele>197.0</ele>
      </trkpt>
      <trkpt lat="41.067879" lon="-85.18625">
        <ele>198.0</ele>
      </trkpt>
      <trkpt lat="41.067841" lon="-85.18632">
        <ele>198.0</ele>
      </trkpt>
      <trkpt lat="41.067798" lon="-85.186395">
        <ele>198.0</ele>
      </trkpt>
      <trkpt lat="41.067758" lon="-85.186465">
        <ele>198.0</ele>
      </trkpt>
      <trkpt lat="41.067713" lon="-85.186551">
        <ele>198.0</ele>
      </trkpt>
      <trkpt lat="41.067678" lon="-85.186604">
        <ele>198.0</ele>
      </trkpt>
      <trkpt lat="41.067643" lon="-85.186647">
        <ele>199.0</ele>
      </trkpt>
      <trkpt lat="41.067616" lon="-85.186685">
        <ele>199.0</ele>
      </trkpt>
      <trkpt lat="41.067587" lon="-85.186701">
        <ele>199.0</ele>
      </trkpt>
      <trkpt lat="41.06756" lon="-85.186717">
        <ele>199.0</ele>
      </trkpt>
      <trkpt lat="41.067533" lon="-85.186717">
        <ele>199.0</ele>
      </trkpt>
      <trkpt lat="41.067503" lon="-85.186717">
        <ele>199.0</ele>
      </trkpt>
      <trkpt lat="41.067469" lon="-85.186717">
        <ele>199.0</ele>
      </trkpt>
      <trkpt lat="41.067434" lon="-85.186738">
        <ele>199.0</ele>
      </trkpt>
      <trkpt lat="41.067407" lon="-85.186787">
        <ele>199.0</ele>
      </trkpt>
      <trkpt lat="41.067396" lon="-85.18683">
        <ele>199.0</ele>
      </trkpt>
      <trkpt lat="41.067396" lon="-85.186883">
        <ele>200.0</ele>
      </trkpt>
      <trkpt lat="41.067396" lon="-85.186948">
        <ele>200.0</ele>
      </trkpt>
      <trkpt lat="41.067383" lon="-85.187012">
        <ele>200.0</ele>
      </trkpt>
      <trkpt lat="41.067364" lon="-85.187076">
        <ele>200.0</ele>
      </trkpt>
      <trkpt lat="41.067334" lon="-85.187135">
        <ele>200.0</ele>
      </trkpt>
      <trkpt lat="41.0673" lon="-85.187205">
        <ele>200.0</ele>
      </trkpt>
      <trkpt lat="41.067265" lon="-85.187259">
        <ele>201.0</ele>
      </trkpt>
      <trkpt lat="41.067219" lon="-85.187312">
        <ele>201.0</ele>
      </trkpt>
      <trkpt lat="41.067179" lon="-85.187382">
        <ele>201.0</ele>
      </trkpt>
      <trkpt lat="41.067133" lon="-85.187446">
        <ele>201.0</ele>
      </trkpt>
      <trkpt lat="41.067093" lon="-85.187511">
        <ele>201.0</ele>
      </trkpt>
      <trkpt lat="41.067053" lon="-85.18757">
        <ele>201.0</ele>
      </trkpt>
      <trkpt lat="41.067013" lon="-85.18764">
        <ele>201.0</ele>
      </trkpt>
      <trkpt lat="41.066967" lon="-85.187709">
        <ele>201.0</ele>
      </trkpt>
      <trkpt lat="41.066927" lon="-85.187763">
        <ele>201.0</ele>
      </trkpt>
      <trkpt lat="41.066881" lon="-85.187822">
        <ele>201.0</ele>
      </trkpt>
      <trkpt lat="41.066836" lon="-85.187897">
        <ele>201.0</ele>
      </trkpt>
      <trkpt lat="41.06679" lon="-85.187978">
        <ele>201.0</ele>
      </trkpt>
      <trkpt lat="41.066739" lon="-85.188053">
        <ele>200.0</ele>
      </trkpt>
      <trkpt lat="41.066696" lon="-85.188112">
        <ele>200.0</ele>
      </trkpt>
      <trkpt lat="41.06664" lon="-85.188197">
        <ele>200.0</ele>
      </trkpt>
      <trkpt lat="41.066594" lon="-85.188256">
        <ele>200.0</ele>
      </trkpt>
      <trkpt lat="41.066541" lon="-85.188332">
        <ele>200.0</ele>
      </trkpt>
      <trkpt lat="41.066498" lon="-85.188401">
        <ele>200.0</ele>
      </trkpt>
      <trkpt lat="41.066449" lon="-85.188466">
        <ele>200.0</ele>
      </trkpt>
      <trkpt lat="41.066393" lon="-85.188541">
        <ele>200.0</ele>
      </trkpt>
      <trkpt lat="41.066339" lon="-85.188611">
        <ele>200.0</ele>
      </trkpt>
      <trkpt lat="41.066286" lon="-85.188686">
        <ele>199.0</ele>
      </trkpt>
      <trkpt lat="41.066232" lon="-85.188755">
        <ele>199.0</ele>
      </trkpt>
      <trkpt lat="41.066181" lon="-85.18883">
        <ele>199.0</ele>
      </trkpt>
      <trkpt lat="41.06613" lon="-85.188889">
        <ele>199.0</ele>
      </trkpt>
      <trkpt lat="41.066077" lon="-85.188959">
        <ele>199.0</ele>
      </trkpt>
      <trkpt lat="41.066026" lon="-85.189045">
        <ele>199.0</ele>
      </trkpt>
      <trkpt lat="41.06598" lon="-85.189109">
        <ele>199.0</ele>
      </trkpt>
      <trkpt lat="41.065937" lon="-85.18919">
        <ele>198.0</ele>
      </trkpt>
      <trkpt lat="41.065889" lon="-85.189254">
        <ele>198.0</ele>
      </trkpt>
      <trkpt lat="41.065843" lon="-85.189335">
        <ele>198.0</ele>
      </trkpt>
      <trkpt lat="41.06579" lon="-85.189394">
        <ele>198.0</ele>
      </trkpt>
      <trkpt lat="41.065747" lon="-85.189463">
        <ele>198.0</ele>
      </trkpt>
      <trkpt lat="41.065698" lon="-85.189533">
        <ele>198.0</ele>
      </trkpt>
      <trkpt lat="41.065647" lon="-85.189587">
        <ele>198.0</ele>
      </trkpt>
      <trkpt lat="41.065602" lon="-85.189651">
        <ele>198.0</ele>
      </trkpt>
      <trkpt lat="41.065553" lon="-85.189716">
        <ele>197.0</ele>
      </trkpt>
      <trkpt lat="41.065503" lon="-85.189775">
        <ele>197.0</ele>
      </trkpt>
      <trkpt lat="41.065473" lon="-85.189839">
        <ele>197.0</ele>
      </trkpt>
      <trkpt lat="41.065435" lon="-85.189893">
        <ele>197.0</ele>
      </trkpt>
      <trkpt lat="41.065393" lon="-85.189952">
        <ele>197.0</ele>
      </trkpt>
      <trkpt lat="41.065355" lon="-85.190021">
        <ele>198.0</ele>
      </trkpt>
      <trkpt lat="41.065312" lon="-85.190064">
        <ele>198.0</ele>
      </trkpt>
      <trkpt lat="41.065272" lon="-85.190139">
        <ele>198.0</ele>
      </trkpt>
      <trkpt lat="41.065237" lon="-85.190193">
        <ele>198.0</ele>
      </trkpt>
      <trkpt lat="41.065205" lon="-85.190273">
        <ele>198.0</ele>
      </trkpt>
      <trkpt lat="41.065167" lon="-85.190338">
        <ele>198.0</ele>
      </trkpt>
      <trkpt lat="41.065124" lon="-85.190408">
        <ele>199.0</ele>
      </trkpt>
      <trkpt lat="41.065079" lon="-85.190477">
        <ele>199.0</ele>
      </trkpt>
      <trkpt lat="41.065033" lon="-85.190536">
        <ele>199.0</ele>
      </trkpt>
      <trkpt lat="41.064988" lon="-85.190606">
        <ele>199.0</ele>
      </trkpt>
      <trkpt lat="41.064947" lon="-85.190676">
        <ele>200.0</ele>
      </trkpt>
      <trkpt lat="41.064907" lon="-85.190746">
        <ele>200.0</ele>
      </trkpt>
      <trkpt lat="41.064875" lon="-85.190821">
        <ele>200.0</ele>
      </trkpt>
      <trkpt lat="41.064832" lon="-85.19088">
        <ele>200.0</ele>
      </trkpt>
      <trkpt lat="41.064778" lon="-85.190928">
        <ele>201.0</ele>
      </trkpt>
      <trkpt lat="41.064722" lon="-85.190971">
        <ele>201.0</ele>
      </trkpt>
      <trkpt lat="41.064658" lon="-85.191019">
        <ele>201.0</ele>
      </trkpt>
      <trkpt lat="41.064591" lon="-85.191067">
        <ele>201.0</ele>
      </trkpt>
      <trkpt lat="41.064532" lon="-85.191132">
        <ele>201.0</ele>
      </trkpt>
      <trkpt lat="41.064473" lon="-85.191196">
        <ele>201.0</ele>
      </trkpt>
      <trkpt lat="41.064408" lon="-85.191266">
        <ele>202.0</ele>
      </trkpt>
      <trkpt lat="41.064352" lon="-85.191341">
        <ele>202.0</ele>
      </trkpt>
      <trkpt lat="41.064298" lon="-85.191411">
        <ele>202.0</ele>
      </trkpt>
      <trkpt lat="41.064245" lon="-85.191486">
        <ele>202.0</ele>
      </trkpt>
      <trkpt lat="41.064194" lon="-85.191566">
        <ele>202.0</ele>
      </trkpt>
      <trkpt lat="41.064145" lon="-85.191647">
        <ele>202.0</ele>
      </trkpt>
      <trkpt lat="41.064092" lon="-85.191711">
        <ele>203.0</ele>
      </trkpt>
      <trkpt lat="41.064043" lon="-85.191792">
        <ele>203.0</ele>
      </trkpt>
      <trkpt lat="41.063992" lon="-85.191851">
        <ele>203.0</ele>
      </trkpt>
      <trkpt lat="41.063939" lon="-85.191926">
        <ele>203.0</ele>
      </trkpt>
      <trkpt lat="41.063891" lon="-85.192012">
        <ele>203.0</ele>
      </trkpt>
      <trkpt lat="41.06385" lon="-85.192081">
        <ele>203.0</ele>
      </trkpt>
      <trkpt lat="41.063802" lon="-85.192146">
        <ele>203.0</ele>
      </trkpt>
      <trkpt lat="41.063746" lon="-85.19221">
        <ele>203.0</ele>
      </trkpt>
      <trkpt lat="41.063684" lon="-85.192269">
        <ele>203.0</ele>
      </trkpt>
      <trkpt lat="41.06363" lon="-85.192333">
        <ele>202.0</ele>
      </trkpt>
      <trkpt lat="41.063574" lon="-85.192387">
        <ele>202.0</ele>
      </trkpt>
      <trkpt lat="41.06352" lon="-85.192462">
        <ele>202.0</ele>
      </trkpt>
      <trkpt lat="41.063475" lon="-85.192532">
        <ele>202.0</ele>
      </trkpt>
      <trkpt lat="41.063416" lon="-85.192591">
        <ele>202.0</ele>
      </trkpt>
      <trkpt lat="41.063357" lon="-85.192661">
        <ele>202.0</ele>
      </trkpt>
      <trkpt lat="41.063303" lon="-85.19272">
        <ele>202.0</ele>
      </trkpt>
      <trkpt lat="41.063249" lon="-85.192795">
        <ele>202.0</ele>
      </trkpt>
      <trkpt lat="41.063188" lon="-85.192875">
        <ele>202.0</ele>
      </trkpt>
      <trkpt lat="41.063134" lon="-85.19295">
        <ele>202.0</ele>
      </trkpt>
      <trkpt lat="41.06308" lon="-85.193009">
        <ele>202.0</ele>
      </trkpt>
      <trkpt lat="41.063019" lon="-85.193074">
        <ele>202.0</ele>
      </trkpt>
      <trkpt lat="41.062971" lon="-85.193138">
        <ele>202.0</ele>
      </trkpt>
      <trkpt lat="41.062914" lon="-85.193202">
        <ele>202.0</ele>
      </trkpt>
      <trkpt lat="41.062855" lon="-85.193261">
        <ele>202.0</ele>
      </trkpt>
      <trkpt lat="41.062818" lon="-85.193315">
        <ele>202.0</ele>
      </trkpt>
      <trkpt lat="41.062769" lon="-85.193363">
        <ele>202.0</ele>
      </trkpt>
      <trkpt lat="41.062729" lon="-85.193406">
        <ele>202.0</ele>
      </trkpt>
      <trkpt lat="41.062673" lon="-85.193455">
        <ele>202.0</ele>
      </trkpt>
      <trkpt lat="41.062616" lon="-85.193492">
        <ele>202.0</ele>
      </trkpt>
      <trkpt lat="41.062555" lon="-85.193519">
        <ele>202.0</ele>
      </trkpt>
      <trkpt lat="41.062498" lon="-85.19353">
        <ele>202.0</ele>
      </trkpt>
      <trkpt lat="41.062439" lon="-85.19353">
        <ele>202.0</ele>
      </trkpt>
      <trkpt lat="41.062375" lon="-85.193519">
        <ele>202.0</ele>
      </trkpt>
      <trkpt lat="41.062319" lon="-85.19353">
        <ele>202.0</ele>
      </trkpt>
      <trkpt lat="41.062249" lon="-85.19353">
        <ele>202.0</ele>
      </trkpt>
      <trkpt lat="41.062177" lon="-85.19353">
        <ele>201.0</ele>
      </trkpt>
      <trkpt lat="41.062104" lon="-85.19353">
        <ele>201.0</ele>
      </trkpt>
      <trkpt lat="41.062032" lon="-85.19353">
        <ele>201.0</ele>
      </trkpt>
      <trkpt lat="41.061951" lon="-85.19353">
        <ele>201.0</ele>
      </trkpt>
      <trkpt lat="41.061871" lon="-85.19353">
        <ele>201.0</ele>
      </trkpt>
      <trkpt lat="41.06179" lon="-85.19353">
        <ele>201.0</ele>
      </trkpt>
      <trkpt lat="41.061713" lon="-85.193519">
        <ele>201.0</ele>
      </trkpt>
      <trkpt lat="41.061643" lon="-85.193514">
        <ele>201.0</ele>
      </trkpt>
      <trkpt lat="41.061578" lon="-85.193508">
        <ele>202.0</ele>
      </trkpt>
      <trkpt lat="41.061514" lon="-85.193497">
        <ele>202.0</ele>
      </trkpt>
      <trkpt lat="41.061442" lon="-85.193508">
        <ele>202.0</ele>
      </trkpt>
      <trkpt lat="41.061372" lon="-85.193508">
        <ele>202.0</ele>
      </trkpt>
      <trkpt lat="41.061302" lon="-85.193508">
        <ele>202.0</ele>
      </trkpt>
      <trkpt lat="41.061243" lon="-85.193514">
        <ele>202.0</ele>
      </trkpt>
      <trkpt lat="41.061176" lon="-85.193508">
        <ele>202.0</ele>
      </trkpt>
      <trkpt lat="41.061117" lon="-85.193508">
        <ele>202.0</ele>
      </trkpt>
      <trkpt lat="41.061055" lon="-85.193497">
        <ele>202.0</ele>
      </trkpt>
      <trkpt lat="41.060994" lon="-85.193497">
        <ele>202.0</ele>
      </trkpt>
      <trkpt lat="41.060937" lon="-85.193508">
        <ele>202.0</ele>
      </trkpt>
      <trkpt lat="41.060876" lon="-85.193508">
        <ele>202.0</ele>
      </trkpt>
      <trkpt lat="41.060814" lon="-85.193508">
        <ele>202.0</ele>
      </trkpt>
      <trkpt lat="41.06075" lon="-85.193508">
        <ele>202.0</ele>
      </trkpt>
      <trkpt lat="41.060685" lon="-85.193508">
        <ele>202.0</ele>
      </trkpt>
      <trkpt lat="41.060616" lon="-85.193497">
        <ele>202.0</ele>
      </trkpt>
      <trkpt lat="41.060551" lon="-85.193492">
        <ele>202.0</ele>
      </trkpt>
      <trkpt lat="41.060487" lon="-85.193481">
        <ele>202.0</ele>
      </trkpt>
      <trkpt lat="41.060417" lon="-85.193492">
        <ele>202.0</ele>
      </trkpt>
      <trkpt lat="41.060353" lon="-85.193492">
        <ele>202.0</ele>
      </trkpt>
      <trkpt lat="41.060288" lon="-85.193481">
        <ele>201.0</ele>
      </trkpt>
      <trkpt lat="41.060227" lon="-85.193476">
        <ele>201.0</ele>
      </trkpt>
      <trkpt lat="41.060186" lon="-85.193476">
        <ele>201.0</ele>
      </trkpt>
      <trkpt lat="41.060152" lon="-85.193476">
        <ele>201.0</ele>
      </trkpt>
      <trkpt lat="41.060127" lon="-85.193476">
        <ele>201.0</ele>
      </trkpt>
      <trkpt lat="41.060106" lon="-85.193476">
        <ele>201.0</ele>
      </trkpt>
      <trkpt lat="41.060082" lon="-85.193476">
        <ele>201.0</ele>
      </trkpt>
      <trkpt lat="41.060047" lon="-85.193476">
        <ele>201.0</ele>
      </trkpt>
      <trkpt lat="41.060023" lon="-85.193481">
        <ele>201.0</ele>
      </trkpt>
      <trkpt lat="41.059999" lon="-85.193514">
        <ele>201.0</ele>
      </trkpt>
      <trkpt lat="41.059999" lon="-85.193551">
        <ele>200.0</ele>
      </trkpt>
      <trkpt lat="41.059996" lon="-85.193589">
        <ele>200.0</ele>
      </trkpt>
      <trkpt lat="41.059996" lon="-85.193642">
        <ele>200.0</ele>
      </trkpt>
      <trkpt lat="41.059996" lon="-85.193712">
        <ele>200.0</ele>
      </trkpt>
      <trkpt lat="41.059996" lon="-85.193787">
        <ele>200.0</ele>
      </trkpt>
      <trkpt lat="41.059983" lon="-85.193852">
        <ele>200.0</ele>
      </trkpt>
      <trkpt lat="41.059974" lon="-85.193916">
        <ele>200.0</ele>
      </trkpt>
      <trkpt lat="41.059964" lon="-85.193986">
        <ele>200.0</ele>
      </trkpt>
      <trkpt lat="41.059961" lon="-85.194055">
        <ele>200.0</ele>
      </trkpt>
      <trkpt lat="41.059961" lon="-85.194141">
        <ele>199.0</ele>
      </trkpt>
      <trkpt lat="41.059964" lon="-85.194216">
        <ele>199.0</ele>
      </trkpt>
      <trkpt lat="41.059969" lon="-85.194308">
        <ele>199.0</ele>
      </trkpt>
      <trkpt lat="41.059964" lon="-85.194383">
        <ele>199.0</ele>
      </trkpt>
      <trkpt lat="41.059961" lon="-85.194468">
        <ele>199.0</ele>
      </trkpt>
      <trkpt lat="41.059953" lon="-85.194544">
        <ele>199.0</ele>
      </trkpt>
      <trkpt lat="41.059945" lon="-85.194619">
        <ele>199.0</ele>
      </trkpt>
      <trkpt lat="41.059953" lon="-85.194688">
        <ele>199.0</ele>
      </trkpt>
      <trkpt lat="41.05995" lon="-85.194774">
        <ele>199.0</ele>
      </trkpt>
      <trkpt lat="41.059953" lon="-85.194849">
        <ele>199.0</ele>
      </trkpt>
      <trkpt lat="41.05995" lon="-85.194935">
        <ele>199.0</ele>
      </trkpt>
      <trkpt lat="41.059953" lon="-85.19501">
        <ele>198.0</ele>
      </trkpt>
      <trkpt lat="41.059953" lon="-85.195101">
        <ele>198.0</ele>
      </trkpt>
      <trkpt lat="41.059953" lon="-85.195187">
        <ele>198.0</ele>
      </trkpt>
      <trkpt lat="41.059953" lon="-85.195268">
        <ele>198.0</ele>
      </trkpt>
      <trkpt lat="41.059953" lon="-85.195343">
        <ele>198.0</ele>
      </trkpt>
      <trkpt lat="41.059953" lon="-85.195434">
        <ele>198.0</ele>
      </trkpt>
      <trkpt lat="41.059953" lon="-85.195515">
        <ele>198.0</ele>
      </trkpt>
      <trkpt lat="41.059945" lon="-85.195595">
        <ele>198.0</ele>
      </trkpt>
      <trkpt lat="41.059937" lon="-85.195675">
        <ele>197.0</ele>
      </trkpt>
      <trkpt lat="41.059937" lon="-85.195767">
        <ele>197.0</ele>
      </trkpt>
      <trkpt lat="41.059937" lon="-85.195842">
        <ele>197.0</ele>
      </trkpt>
      <trkpt lat="41.059942" lon="-85.195922">
        <ele>197.0</ele>
      </trkpt>
      <trkpt lat="41.059937" lon="-85.196003">
        <ele>197.0</ele>
      </trkpt>
      <trkpt lat="41.059937" lon="-85.196083">
        <ele>197.0</ele>
      </trkpt>
      <trkpt lat="41.059934" lon="-85.196153">
        <ele>196.0</ele>
      </trkpt>
      <trkpt lat="41.059934" lon="-85.196239">
        <ele>196.0</ele>
      </trkpt>
      <trkpt lat="41.059934" lon="-85.196314">
        <ele>196.0</ele>
      </trkpt>
      <trkpt lat="41.059937" lon="-85.196389">
        <ele>196.0</ele>
      </trkpt>
      <trkpt lat="41.059937" lon="-85.196464">
        <ele>195.0</ele>
      </trkpt>
      <trkpt lat="41.059929" lon="-85.19655">
        <ele>195.0</ele>
      </trkpt>
      <trkpt lat="41.059918" lon="-85.196625">
        <ele>195.0</ele>
      </trkpt>
      <trkpt lat="41.059918" lon="-85.196689">
        <ele>195.0</ele>
      </trkpt>
      <trkpt lat="41.059918" lon="-85.196748">
        <ele>195.0</ele>
      </trkpt>
      <trkpt lat="41.059915" lon="-85.196807">
        <ele>196.0</ele>
      </trkpt>
      <trkpt lat="41.059899" lon="-85.196872">
        <ele>196.0</ele>
      </trkpt>
      <trkpt lat="41.059883" lon="-85.196931">
        <ele>196.0</ele>
      </trkpt>
      <trkpt lat="41.059873" lon="-85.196995">
        <ele>196.0</ele>
      </trkpt>
      <trkpt lat="41.059865" lon="-85.19707">
        <ele>197.0</ele>
      </trkpt>
      <trkpt lat="41.059856" lon="-85.197124">
        <ele>197.0</ele>
      </trkpt>
      <trkpt lat="41.059838" lon="-85.197183">
        <ele>197.0</ele>
      </trkpt>
      <trkpt lat="41.059797" lon="-85.197247">
        <ele>197.0</ele>
      </trkpt>
      <trkpt lat="41.059757" lon="-85.197295">
        <ele>197.0</ele>
      </trkpt>
      <trkpt lat="41.059717" lon="-85.197349">
        <ele>198.0</ele>
      </trkpt>
      <trkpt lat="41.059674" lon="-85.197414">
        <ele>198.0</ele>
      </trkpt>
      <trkpt lat="41.059626" lon="-85.197456">
        <ele>198.0</ele>
      </trkpt>
      <trkpt lat="41.059586" lon="-85.19751">
        <ele>198.0</ele>
      </trkpt>
      <trkpt lat="41.059545" lon="-85.19758">
        <ele>198.0</ele>
      </trkpt>
      <trkpt lat="41.059508" lon="-85.197633">
        <ele>198.0</ele>
      </trkpt>
      <trkpt lat="41.059465" lon="-85.197687">
        <ele>199.0</ele>
      </trkpt>
      <trkpt lat="41.059419" lon="-85.197741">
        <ele>199.0</ele>
      </trkpt>
      <trkpt lat="41.059374" lon="-85.1978">
        <ele>199.0</ele>
      </trkpt>
      <trkpt lat="41.059336" lon="-85.197853">
        <ele>199.0</ele>
      </trkpt>
      <trkpt lat="41.059293" lon="-85.197918">
        <ele>199.0</ele>
      </trkpt>
      <trkpt lat="41.05925" lon="-85.197977">
        <ele>199.0</ele>
      </trkpt>
      <trkpt lat="41.05921" lon="-85.19803">
        <ele>200.0</ele>
      </trkpt>
      <trkpt lat="41.05917" lon="-85.1981">
        <ele>200.0</ele>
      </trkpt>
      <trkpt lat="41.059122" lon="-85.198159">
        <ele>200.0</ele>
      </trkpt>
      <trkpt lat="41.059076" lon="-85.198229">
        <ele>200.0</ele>
      </trkpt>
      <trkpt lat="41.059041" lon="-85.198283">
        <ele>200.0</ele>
      </trkpt>
      <trkpt lat="41.059006" lon="-85.198325">
        <ele>200.0</ele>
      </trkpt>
      <trkpt lat="41.058969" lon="-85.198379">
        <ele>201.0</ele>
      </trkpt>
      <trkpt lat="41.058931" lon="-85.198427">
        <ele>201.0</ele>
      </trkpt>
      <trkpt lat="41.058888" lon="-85.198481">
        <ele>201.0</ele>
      </trkpt>
      <trkpt lat="41.058845" lon="-85.198551">
        <ele>201.0</ele>
      </trkpt>
      <trkpt lat="41.0588" lon="-85.198604">
        <ele>201.0</ele>
      </trkpt>
      <trkpt lat="41.058751" lon="-85.198663">
        <ele>200.0</ele>
      </trkpt>
      <trkpt lat="41.058708" lon="-85.198722">
        <ele>200.0</ele>
      </trkpt>
      <trkpt lat="41.058674" lon="-85.198787">
        <ele>200.0</ele>
      </trkpt>
      <trkpt lat="41.058625" lon="-85.19884">
        <ele>200.0</ele>
      </trkpt>
      <trkpt lat="41.058582" lon="-85.198916">
        <ele>200.0</ele>
      </trkpt>
      <trkpt lat="41.058537" lon="-85.198975">
        <ele>200.0</ele>
      </trkpt>
      <trkpt lat="41.058491" lon="-85.199044">
        <ele>200.0</ele>
      </trkpt>
      <trkpt lat="41.058451" lon="-85.199109">
        <ele>200.0</ele>
      </trkpt>
      <trkpt lat="41.058416" lon="-85.199162">
        <ele>200.0</ele>
      </trkpt>
      <trkpt lat="41.058379" lon="-85.199237">
        <ele>200.0</ele>
      </trkpt>
      <trkpt lat="41.058336" lon="-85.199291">
        <ele>200.0</ele>
      </trkpt>
      <trkpt lat="41.058298" lon="-85.19935">
        <ele>200.0</ele>
      </trkpt>
      <trkpt lat="41.058253" lon="-85.199409">
        <ele>200.0</ele>
      </trkpt>
      <trkpt lat="41.05821" lon="-85.199452">
        <ele>200.0</ele>
      </trkpt>
      <trkpt lat="41.058153" lon="-85.19949">
        <ele>200.0</ele>
      </trkpt>
      <trkpt lat="41.058084" lon="-85.199516">
        <ele>200.0</ele>
      </trkpt>
      <trkpt lat="41.058019" lon="-85.199543">
        <ele>200.0</ele>
      </trkpt>
      <trkpt lat="41.057955" lon="-85.199543">
        <ele>200.0</ele>
      </trkpt>
      <trkpt lat="41.057893" lon="-85.199549">
        <ele>200.0</ele>
      </trkpt>
      <trkpt lat="41.057829" lon="-85.199549">
        <ele>200.0</ele>
      </trkpt>
      <trkpt lat="41.057751" lon="-85.199554">
        <ele>200.0</ele>
      </trkpt>
      <trkpt lat="41.057665" lon="-85.199554">
        <ele>200.0</ele>
      </trkpt>
      <trkpt lat="41.057579" lon="-85.199549">
        <ele>200.0</ele>
      </trkpt>
      <trkpt lat="41.057493" lon="-85.199543">
        <ele>199.0</ele>
      </trkpt>
      <trkpt lat="41.057405" lon="-85.199532">
        <ele>199.0</ele>
      </trkpt>
      <trkpt lat="41.057324" lon="-85.199543">
        <ele>199.0</ele>
      </trkpt>
      <trkpt lat="41.057244" lon="-85.199549">
        <ele>199.0</ele>
      </trkpt>
      <trkpt lat="41.057172" lon="-85.199554">
        <ele>199.0</ele>
      </trkpt>
      <trkpt lat="41.057091" lon="-85.199554">
        <ele>199.0</ele>
      </trkpt>
      <trkpt lat="41.057016" lon="-85.199554">
        <ele>199.0</ele>
      </trkpt>
      <trkpt lat="41.056946" lon="-85.199554">
        <ele>199.0</ele>
      </trkpt>
      <trkpt lat="41.056866" lon="-85.199549">
        <ele>199.0</ele>
      </trkpt>
      <trkpt lat="41.056793" lon="-85.199543">
        <ele>199.0</ele>
      </trkpt>
      <trkpt lat="41.056713" lon="-85.199543">
        <ele>199.0</ele>
      </trkpt>
      <trkpt lat="41.056635" lon="-85.199516">
        <ele>198.0</ele>
      </trkpt>
      <trkpt lat="41.056555" lon="-85.199506">
        <ele>198.0</ele>
      </trkpt>
      <trkpt lat="41.056482" lon="-85.199495">
        <ele>198.0</ele>
      </trkpt>
      <trkpt lat="41.056402" lon="-85.19949">
        <ele>198.0</ele>
      </trkpt>
      <trkpt lat="41.056324" lon="-85.199473">
        <ele>198.0</ele>
      </trkpt>
      <trkpt lat="41.056246" lon="-85.199473">
        <ele>198.0</ele>
      </trkpt>
      <trkpt lat="41.056168" lon="-85.199463">
        <ele>198.0</ele>
      </trkpt>
      <trkpt lat="41.056088" lon="-85.199473">
        <ele>197.0</ele>
      </trkpt>
      <trkpt lat="41.056007" lon="-85.199473">
        <ele>197.0</ele>
      </trkpt>
      <trkpt lat="41.055932" lon="-85.19949">
        <ele>197.0</ele>
      </trkpt>
      <trkpt lat="41.05586" lon="-85.199495">
        <ele>197.0</ele>
      </trkpt>
      <trkpt lat="41.055796" lon="-85.199495">
        <ele>197.0</ele>
      </trkpt>
      <trkpt lat="41.055731" lon="-85.199495">
        <ele>197.0</ele>
      </trkpt>
      <trkpt lat="41.055664" lon="-85.19949">
        <ele>196.0</ele>
      </trkpt>
      <trkpt lat="41.0556" lon="-85.199479">
        <ele>196.0</ele>
      </trkpt>
      <trkpt lat="41.055527" lon="-85.199473">
        <ele>196.0</ele>
      </trkpt>
      <trkpt lat="41.055463" lon="-85.199463">
        <ele>196.0</ele>
      </trkpt>
      <trkpt lat="41.055393" lon="-85.199457">
        <ele>196.0</ele>
      </trkpt>
      <trkpt lat="41.055321" lon="-85.199457">
        <ele>196.0</ele>
      </trkpt>
      <trkpt lat="41.055248" lon="-85.199457">
        <ele>196.0</ele>
      </trkpt>
      <trkpt lat="41.055173" lon="-85.199452">
        <ele>196.0</ele>
      </trkpt>
      <trkpt lat="41.055096" lon="-85.199452">
        <ele>195.0</ele>
      </trkpt>
      <trkpt lat="41.055031" lon="-85.199457">
        <ele>195.0</ele>
      </trkpt>
      <trkpt lat="41.054964" lon="-85.199463">
        <ele>195.0</ele>
      </trkpt>
      <trkpt lat="41.054897" lon="-85.199473">
        <ele>195.0</ele>
      </trkpt>
      <trkpt lat="41.054825" lon="-85.199473">
        <ele>195.0</ele>
      </trkpt>
      <trkpt lat="41.054752" lon="-85.199473">
        <ele>195.0</ele>
      </trkpt>
      <trkpt lat="41.05468" lon="-85.199463">
        <ele>195.0</ele>
      </trkpt>
      <trkpt lat="41.054607" lon="-85.199457">
        <ele>195.0</ele>
      </trkpt>
      <trkpt lat="41.054535" lon="-85.199441">
        <ele>195.0</ele>
      </trkpt>
      <trkpt lat="41.054479" lon="-85.199436">
        <ele>195.0</ele>
      </trkpt>
      <trkpt lat="41.054414" lon="-85.199425">
        <ele>195.0</ele>
      </trkpt>
      <trkpt lat="41.05435" lon="-85.199409">
        <ele>195.0</ele>
      </trkpt>
      <trkpt lat="41.05428" lon="-85.199404">
        <ele>195.0</ele>
      </trkpt>
      <trkpt lat="41.054216" lon="-85.199404">
        <ele>195.0</ele>
      </trkpt>
      <trkpt lat="41.054146" lon="-85.199398">
        <ele>195.0</ele>
      </trkpt>
      <trkpt lat="41.054082" lon="-85.199398">
        <ele>195.0</ele>
      </trkpt>
      <trkpt lat="41.054009" lon="-85.199404">
        <ele>195.0</ele>
      </trkpt>
      <trkpt lat="41.053937" lon="-85.199398">
        <ele>195.0</ele>
      </trkpt>
      <trkpt lat="41.053864" lon="-85.199398">
        <ele>195.0</ele>
      </trkpt>
      <trkpt lat="41.0538" lon="-85.199398">
        <ele>195.0</ele>
      </trkpt>
      <trkpt lat="41.053728" lon="-85.199404">
        <ele>195.0</ele>
      </trkpt>
      <trkpt lat="41.053666" lon="-85.199404">
        <ele>195.0</ele>
      </trkpt>
      <trkpt lat="41.053602" lon="-85.199404">
        <ele>195.0</ele>
      </trkpt>
      <trkpt lat="41.053537" lon="-85.199404">
        <ele>195.0</ele>
      </trkpt>
      <trkpt lat="41.053473" lon="-85.199404">
        <ele>195.0</ele>
      </trkpt>
      <trkpt lat="41.053406" lon="-85.199409">
        <ele>195.0</ele>
      </trkpt>
      <trkpt lat="41.053339" lon="-85.199409">
        <ele>195.0</ele>
      </trkpt>
      <trkpt lat="41.053269" lon="-85.199409">
        <ele>195.0</ele>
      </trkpt>
      <trkpt lat="41.053205" lon="-85.199409">
        <ele>195.0</ele>
      </trkpt>
      <trkpt lat="41.053135" lon="-85.199409">
        <ele>195.0</ele>
      </trkpt>
      <trkpt lat="41.053068" lon="-85.199409">
        <ele>195.0</ele>
      </trkpt>
      <trkpt lat="41.053003" lon="-85.199409">
        <ele>195.0</ele>
      </trkpt>
      <trkpt lat="41.052936" lon="-85.199404">
        <ele>195.0</ele>
      </trkpt>
      <trkpt lat="41.052869" lon="-85.199404">
        <ele>195.0</ele>
      </trkpt>
      <trkpt lat="41.052808" lon="-85.199398">
        <ele>195.0</ele>
      </trkpt>
      <trkpt lat="41.052754" lon="-85.199388">
        <ele>195.0</ele>
      </trkpt>
      <trkpt lat="41.052692" lon="-85.199388">
        <ele>195.0</ele>
      </trkpt>
      <trkpt lat="41.052644" lon="-85.199388">
        <ele>195.0</ele>
      </trkpt>
      <trkpt lat="41.052593" lon="-85.199382">
        <ele>195.0</ele>
      </trkpt>
      <trkpt lat="41.052529" lon="-85.199382">
        <ele>195.0</ele>
      </trkpt>
      <trkpt lat="41.052464" lon="-85.199388">
        <ele>195.0</ele>
      </trkpt>
      <trkpt lat="41.052408" lon="-85.199425">
        <ele>195.0</ele>
      </trkpt>
      <trkpt lat="41.052365" lon="-85.199479">
        <ele>195.0</ele>
      </trkpt>
      <trkpt lat="41.052336" lon="-85.199543">
        <ele>194.0</ele>
      </trkpt>
      <trkpt lat="41.052301" lon="-85.199608">
        <ele>194.0</ele>
      </trkpt>
      <trkpt lat="41.052271" lon="-85.199672">
        <ele>194.0</ele>
      </trkpt>
      <trkpt lat="41.052231" lon="-85.199747">
        <ele>194.0</ele>
      </trkpt>
      <trkpt lat="41.052201" lon="-85.199806">
        <ele>194.0</ele>
      </trkpt>
      <trkpt lat="41.052159" lon="-85.199887">
        <ele>194.0</ele>
      </trkpt>
      <trkpt lat="41.052118" lon="-85.199962">
        <ele>194.0</ele>
      </trkpt>
      <trkpt lat="41.052073" lon="-85.200037">
        <ele>194.0</ele>
      </trkpt>
      <trkpt lat="41.052019" lon="-85.200106">
        <ele>194.0</ele>
      </trkpt>
      <trkpt lat="41.051968" lon="-85.200165">
        <ele>194.0</ele>
      </trkpt>
      <trkpt lat="41.051928" lon="-85.200235">
        <ele>194.0</ele>
      </trkpt>
      <trkpt lat="41.051877" lon="-85.200294">
        <ele>194.0</ele>
      </trkpt>
      <trkpt lat="41.051829" lon="-85.200359">
        <ele>194.0</ele>
      </trkpt>
      <trkpt lat="41.051783" lon="-85.200418">
        <ele>194.0</ele>
      </trkpt>
      <trkpt lat="41.051729" lon="-85.200487">
        <ele>194.0</ele>
      </trkpt>
      <trkpt lat="41.051684" lon="-85.200557">
        <ele>194.0</ele>
      </trkpt>
      <trkpt lat="41.051635" lon="-85.200616">
        <ele>195.0</ele>
      </trkpt>
      <trkpt lat="41.051595" lon="-85.200691">
        <ele>195.0</ele>
      </trkpt>
      <trkpt lat="41.051552" lon="-85.200761">
        <ele>195.0</ele>
      </trkpt>
      <trkpt lat="41.051515" lon="-85.200831">
        <ele>195.0</ele>
      </trkpt>
      <trkpt lat="41.051472" lon="-85.200906">
        <ele>195.0</ele>
      </trkpt>
      <trkpt lat="41.051424" lon="-85.200975">
        <ele>195.0</ele>
      </trkpt>
      <trkpt lat="41.051386" lon="-85.201045">
        <ele>195.0</ele>
      </trkpt>
      <trkpt lat="41.05134" lon="-85.201115">
        <ele>196.0</ele>
      </trkpt>
      <trkpt lat="41.0513" lon="-85.20119">
        <ele>196.0</ele>
      </trkpt>
      <trkpt lat="41.051255" lon="-85.201249">
        <ele>196.0</ele>
      </trkpt>
      <trkpt lat="41.051214" lon="-85.201313">
        <ele>196.0</ele>
      </trkpt>
      <trkpt lat="41.051163" lon="-85.201378">
        <ele>196.0</ele>
      </trkpt>
      <trkpt lat="41.051126" lon="-85.201431">
        <ele>196.0</ele>
      </trkpt>
      <trkpt lat="41.051075" lon="-85.201485">
        <ele>196.0</ele>
      </trkpt>
      <trkpt lat="41.051035" lon="-85.201555">
        <ele>196.0</ele>
      </trkpt>
      <trkpt lat="41.050992" lon="-85.201614">
        <ele>196.0</ele>
      </trkpt>
      <trkpt lat="41.050946" lon="-85.201684">
        <ele>196.0</ele>
      </trkpt>
      <trkpt lat="41.050901" lon="-85.201759">
        <ele>197.0</ele>
      </trkpt>
      <trkpt lat="41.050863" lon="-85.201823">
        <ele>197.0</ele>
      </trkpt>
      <trkpt lat="41.050825" lon="-85.201898">
        <ele>197.0</ele>
      </trkpt>
      <trkpt lat="41.050785" lon="-85.201968">
        <ele>197.0</ele>
      </trkpt>
      <trkpt lat="41.050745" lon="-85.202038">
        <ele>197.0</ele>
      </trkpt>
      <trkpt lat="41.050713" lon="-85.202102">
        <ele>197.0</ele>
      </trkpt>
      <trkpt lat="41.050673" lon="-85.202172">
        <ele>197.0</ele>
      </trkpt>
      <trkpt lat="41.050638" lon="-85.202225">
        <ele>197.0</ele>
      </trkpt>
      <trkpt lat="41.050592" lon="-85.20229">
        <ele>197.0</ele>
      </trkpt>
      <trkpt lat="41.050555" lon="-85.202354">
        <ele>197.0</ele>
      </trkpt>
      <trkpt lat="41.050509" lon="-85.202419">
        <ele>198.0</ele>
      </trkpt>
      <trkpt lat="41.050466" lon="-85.202478">
        <ele>198.0</ele>
      </trkpt>
      <trkpt lat="41.050415" lon="-85.202547">
        <ele>198.0</ele>
      </trkpt>
      <trkpt lat="41.050378" lon="-85.202601">
        <ele>198.0</ele>
      </trkpt>
      <trkpt lat="41.050329" lon="-85.202676">
        <ele>198.0</ele>
      </trkpt>
      <trkpt lat="41.050286" lon="-85.20274">
        <ele>198.0</ele>
      </trkpt>
      <trkpt lat="41.050238" lon="-85.202805">
        <ele>197.0</ele>
      </trkpt>
      <trkpt lat="41.050195" lon="-85.202885">
        <ele>197.0</ele>
      </trkpt>
      <trkpt lat="41.050144" lon="-85.20296">
        <ele>197.0</ele>
      </trkpt>
      <trkpt lat="41.050104" lon="-85.203041">
        <ele>197.0</ele>
      </trkpt>
      <trkpt lat="41.050061" lon="-85.203121">
        <ele>197.0</ele>
      </trkpt>
      <trkpt lat="41.050018" lon="-85.203186">
        <ele>197.0</ele>
      </trkpt>
      <trkpt lat="41.049978" lon="-85.203255">
        <ele>196.0</ele>
      </trkpt>
      <trkpt lat="41.049932" lon="-85.203325">
        <ele>196.0</ele>
      </trkpt>
      <trkpt lat="41.049895" lon="-85.203395">
        <ele>196.0</ele>
      </trkpt>
      <trkpt lat="41.049841" lon="-85.203454">
        <ele>196.0</ele>
      </trkpt>
      <trkpt lat="41.049806" lon="-85.203518">
        <ele>196.0</ele>
      </trkpt>
      <trkpt lat="41.049763" lon="-85.203577">
        <ele>196.0</ele>
      </trkpt>
      <trkpt lat="41.049723" lon="-85.203647">
        <ele>196.0</ele>
      </trkpt>
      <trkpt lat="41.049669" lon="-85.203717">
        <ele>195.0</ele>
      </trkpt>
      <trkpt lat="41.049627" lon="-85.203781">
        <ele>195.0</ele>
      </trkpt>
      <trkpt lat="41.049576" lon="-85.203862">
        <ele>195.0</ele>
      </trkpt>
      <trkpt lat="41.049527" lon="-85.203937">
        <ele>195.0</ele>
      </trkpt>
      <trkpt lat="41.049484" lon="-85.204012">
        <ele>195.0</ele>
      </trkpt>
      <trkpt lat="41.049439" lon="-85.204081">
        <ele>195.0</ele>
      </trkpt>
      <trkpt lat="41.049399" lon="-85.204157">
        <ele>195.0</ele>
      </trkpt>
      <trkpt lat="41.049358" lon="-85.20421">
        <ele>195.0</ele>
      </trkpt>
      <trkpt lat="41.049329" lon="-85.204269">
        <ele>195.0</ele>
      </trkpt>
      <trkpt lat="41.049294" lon="-85.204334">
        <ele>195.0</ele>
      </trkpt>
      <trkpt lat="41.049259" lon="-85.204393">
        <ele>195.0</ele>
      </trkpt>
      <trkpt lat="41.049222" lon="-85.204457">
        <ele>195.0</ele>
      </trkpt>
      <trkpt lat="41.049176" lon="-85.204521">
        <ele>195.0</ele>
      </trkpt>
      <trkpt lat="41.04913" lon="-85.204586">
        <ele>195.0</ele>
      </trkpt>
      <trkpt lat="41.049085" lon="-85.204655">
        <ele>195.0</ele>
      </trkpt>
      <trkpt lat="41.049042" lon="-85.20472">
        <ele>195.0</ele>
      </trkpt>
      <trkpt lat="41.048996" lon="-85.204784">
        <ele>195.0</ele>
      </trkpt>
      <trkpt lat="41.048948" lon="-85.204838">
        <ele>195.0</ele>
      </trkpt>
      <trkpt lat="41.048897" lon="-85.204892">
        <ele>194.0</ele>
      </trkpt>
      <trkpt lat="41.048849" lon="-85.204951">
        <ele>194.0</ele>
      </trkpt>
      <trkpt lat="41.048806" lon="-85.20502">
        <ele>194.0</ele>
      </trkpt>
      <trkpt lat="41.048766" lon="-85.205079">
        <ele>194.0</ele>
      </trkpt>
      <trkpt lat="41.048723" lon="-85.205165">
        <ele>194.0</ele>
      </trkpt>
      <trkpt lat="41.048685" lon="-85.205235">
        <ele>194.0</ele>
      </trkpt>
      <trkpt lat="41.04865" lon="-85.20531">
        <ele>194.0</ele>
      </trkpt>
      <trkpt lat="41.048615" lon="-85.20538">
        <ele>194.0</ele>
      </trkpt>
      <trkpt lat="41.04858" lon="-85.205439">
        <ele>194.0</ele>
      </trkpt>
      <trkpt lat="41.04854" lon="-85.205508">
        <ele>194.0</ele>
      </trkpt>
      <trkpt lat="41.048505" lon="-85.205562">
        <ele>194.0</ele>
      </trkpt>
      <trkpt lat="41.048468" lon="-85.205632">
        <ele>194.0</ele>
      </trkpt>
      <trkpt lat="41.048428" lon="-85.205691">
        <ele>194.0</ele>
      </trkpt>
      <trkpt lat="41.04839" lon="-85.205744">
        <ele>194.0</ele>
      </trkpt>
      <trkpt lat="41.048344" lon="-85.20582">
        <ele>195.0</ele>
      </trkpt>
      <trkpt lat="41.04831" lon="-85.205879">
        <ele>195.0</ele>
      </trkpt>
      <trkpt lat="41.048261" lon="-85.205943">
        <ele>195.0</ele>
      </trkpt>
      <trkpt lat="41.048218" lon="-85.206002">
        <ele>195.0</ele>
      </trkpt>
      <trkpt lat="41.048162" lon="-85.206039">
        <ele>195.0</ele>
      </trkpt>
      <trkpt lat="41.048098" lon="-85.206072">
        <ele>195.0</ele>
      </trkpt>
      <trkpt lat="41.048031" lon="-85.206093">
        <ele>195.0</ele>
      </trkpt>
      <trkpt lat="41.047964" lon="-85.20612">
        <ele>195.0</ele>
      </trkpt>
      <trkpt lat="41.047899" lon="-85.206141">
        <ele>195.0</ele>
      </trkpt>
      <trkpt lat="41.047835" lon="-85.206174">
        <ele>195.0</ele>
      </trkpt>
      <trkpt lat="41.047773" lon="-85.206211">
        <ele>195.0</ele>
      </trkpt>
      <trkpt lat="41.04773" lon="-85.206265">
        <ele>195.0</ele>
      </trkpt>
      <trkpt lat="41.047682" lon="-85.20634">
        <ele>195.0</ele>
      </trkpt>
      <trkpt lat="41.047636" lon="-85.206399">
        <ele>195.0</ele>
      </trkpt>
      <trkpt lat="41.047604" lon="-85.206474">
        <ele>195.0</ele>
      </trkpt>
      <trkpt lat="41.047585" lon="-85.206544">
        <ele>195.0</ele>
      </trkpt>
      <trkpt lat="41.047575" lon="-85.20663">
        <ele>195.0</ele>
      </trkpt>
      <trkpt lat="41.047583" lon="-85.206721">
        <ele>195.0</ele>
      </trkpt>
      <trkpt lat="41.047609" lon="-85.206807">
        <ele>195.0</ele>
      </trkpt>
      <trkpt lat="41.04765" lon="-85.206882">
        <ele>195.2</ele>
      </trkpt>
      <trkpt lat="41.047695" lon="-85.206925">
        <ele>195.4</ele>
      </trkpt>
      <trkpt lat="41.047746" lon="-85.206989">
        <ele>195.7</ele>
      </trkpt>
      <trkpt lat="41.047792" lon="-85.207032">
        <ele>195.9</ele>
      </trkpt>
      <trkpt lat="41.047835" lon="-85.207069">
        <ele>196.1</ele>
      </trkpt>
      <trkpt lat="41.047872" lon="-85.207134">
        <ele>196.3</ele>
      </trkpt>
      <trkpt lat="41.047913" lon="-85.207187">
        <ele>196.5</ele>
      </trkpt>
      <trkpt lat="41.047947" lon="-85.207246">
        <ele>196.7</ele>
      </trkpt>
      <trkpt lat="41.047985" lon="-85.207316">
        <ele>197.0</ele>
      </trkpt>
      <trkpt lat="41.048009" lon="-85.207391">
        <ele>197.0</ele>
      </trkpt>
      <trkpt lat="41.048031" lon="-85.207477">
        <ele>197.0</ele>
      </trkpt>
      <trkpt lat="41.048057" lon="-85.207574">
        <ele>197.0</ele>
      </trkpt>
      <trkpt lat="41.04809" lon="-85.207681">
        <ele>197.0</ele>
      </trkpt>
      <trkpt lat="41.048108" lon="-85.207772">
        <ele>197.0</ele>
      </trkpt>
      <trkpt lat="41.048135" lon="-85.207863">
        <ele>197.0</ele>
      </trkpt>
      <trkpt lat="41.048154" lon="-85.207955">
        <ele>197.0</ele>
      </trkpt>
      <trkpt lat="41.048178" lon="-85.20804">
        <ele>197.0</ele>
      </trkpt>
      <trkpt lat="41.048197" lon="-85.208132">
        <ele>197.0</ele>
      </trkpt>
      <trkpt lat="41.048224" lon="-85.208217">
        <ele>197.0</ele>
      </trkpt>
      <trkpt lat="41.048237" lon="-85.208298">
        <ele>196.0</ele>
      </trkpt>
      <trkpt lat="41.048256" lon="-85.208384">
        <ele>196.0</ele>
      </trkpt>
      <trkpt lat="41.048277" lon="-85.20847">
        <ele>196.0</ele>
      </trkpt>
      <trkpt lat="41.048291" lon="-85.20855">
        <ele>196.0</ele>
      </trkpt>
      <trkpt lat="41.04831" lon="-85.208641">
        <ele>196.0</ele>
      </trkpt>
      <trkpt lat="41.048326" lon="-85.208727">
        <ele>195.0</ele>
      </trkpt>
      <trkpt lat="41.04835" lon="-85.208824">
        <ele>195.0</ele>
      </trkpt>
      <trkpt lat="41.048369" lon="-85.20892">
        <ele>195.0</ele>
      </trkpt>
      <trkpt lat="41.048395" lon="-85.209001">
        <ele>195.0</ele>
      </trkpt>
      <trkpt lat="41.048417" lon="-85.209092">
        <ele>195.0</ele>
      </trkpt>
      <trkpt lat="41.048441" lon="-85.209167">
        <ele>195.0</ele>
      </trkpt>
      <trkpt lat="41.048487" lon="-85.209247">
        <ele>195.0</ele>
      </trkpt>
      <trkpt lat="41.048551" lon="-85.20929">
        <ele>195.0</ele>
      </trkpt>
      <trkpt lat="41.048607" lon="-85.209323">
        <ele>195.0</ele>
      </trkpt>
      <trkpt lat="41.04868" lon="-85.209323">
        <ele>195.0</ele>
      </trkpt>
      <trkpt lat="41.048744" lon="-85.209323">
        <ele>195.0</ele>
      </trkpt>
      <trkpt lat="41.048811" lon="-85.209312">
        <ele>195.0</ele>
      </trkpt>
      <trkpt lat="41.048867" lon="-85.209306">
        <ele>195.0</ele>
      </trkpt>
      <trkpt lat="41.048932" lon="-85.209306">
        <ele>195.0</ele>
      </trkpt>
      <trkpt lat="41.049004" lon="-85.209312">
        <ele>195.0</ele>
      </trkpt>
      <trkpt lat="41.049077" lon="-85.209312">
        <ele>195.0</ele>
      </trkpt>
      <trkpt lat="41.049146" lon="-85.209312">
        <ele>195.0</ele>
      </trkpt>
      <trkpt lat="41.049213" lon="-85.209323">
        <ele>195.0</ele>
      </trkpt>
      <trkpt lat="41.049281" lon="-85.209323">
        <ele>195.0</ele>
      </trkpt>
      <trkpt lat="41.04934" lon="-85.209328">
        <ele>195.0</ele>
      </trkpt>
      <trkpt lat="41.049401" lon="-85.209339">
        <ele>195.0</ele>
      </trkpt>
      <trkpt lat="41.049463" lon="-85.209339">
        <ele>195.0</ele>
      </trkpt>
      <trkpt lat="41.049519" lon="-85.209339">
        <ele>195.0</ele>
      </trkpt>
      <trkpt lat="41.049581" lon="-85.209344">
        <ele>195.0</ele>
      </trkpt>
      <trkpt lat="41.049635" lon="-85.209344">
        <ele>195.0</ele>
      </trkpt>
      <trkpt lat="41.049675" lon="-85.20936">
        <ele>196.0</ele>
      </trkpt>
      <trkpt lat="41.049707" lon="-85.20936">
        <ele>196.0</ele>
      </trkpt>
      <trkpt lat="41.049728" lon="-85.20936">
        <ele>196.0</ele>
      </trkpt>
      <trkpt lat="41.049745" lon="-85.209365">
        <ele>196.0</ele>
      </trkpt>
      <trkpt lat="41.049755" lon="-85.209376">
        <ele>196.0</ele>
      </trkpt>
      <trkpt lat="41.049761" lon="-85.209382">
        <ele>196.0</ele>
      </trkpt>
      <trkpt lat="41.049747" lon="-85.209382">
        <ele>196.0</ele>
      </trkpt>
      <trkpt lat="41.049755" lon="-85.209392">
        <ele>196.0</ele>
      </trkpt>
      <trkpt lat="41.049761" lon="-85.209414">
        <ele>196.0</ele>
      </trkpt>
      <trkpt lat="41.049769" lon="-85.20943">
        <ele>196.0</ele>
      </trkpt>
      <trkpt lat="41.049769" lon="-85.209446">
        <ele>197.0</ele>
      </trkpt>
      <trkpt lat="41.049769" lon="-85.209467">
        <ele>197.0</ele>
      </trkpt>
      <trkpt lat="41.049755" lon="-85.209489">
        <ele>197.0</ele>
      </trkpt>
      <trkpt lat="41.049747" lon="-85.209521">
        <ele>197.0</ele>
      </trkpt>
      <trkpt lat="41.049742" lon="-85.209559">
        <ele>197.0</ele>
      </trkpt>
      <trkpt lat="41.049728" lon="-85.209607">
        <ele>197.0</ele>
      </trkpt>
      <trkpt lat="41.049718" lon="-85.20965">
        <ele>197.0</ele>
      </trkpt>
      <trkpt lat="41.049715" lon="-85.209703">
        <ele>198.0</ele>
      </trkpt>
      <trkpt lat="41.049707" lon="-85.209762">
        <ele>198.0</ele>
      </trkpt>
      <trkpt lat="41.049691" lon="-85.209827">
        <ele>198.0</ele>
      </trkpt>
      <trkpt lat="41.04968" lon="-85.20988">
        <ele>198.0</ele>
      </trkpt>
      <trkpt lat="41.049672" lon="-85.209956">
        <ele>198.0</ele>
      </trkpt>
      <trkpt lat="41.049669" lon="-85.210031">
        <ele>198.0</ele>
      </trkpt>
      <trkpt lat="41.049664" lon="-85.210106">
        <ele>198.0</ele>
      </trkpt>
      <trkpt lat="41.049664" lon="-85.210175">
        <ele>198.0</ele>
      </trkpt>
      <trkpt lat="41.049664" lon="-85.210251">
        <ele>198.0</ele>
      </trkpt>
      <trkpt lat="41.049675" lon="-85.21032">
        <ele>198.0</ele>
      </trkpt>
      <trkpt lat="41.049688" lon="-85.210385">
        <ele>198.0</ele>
      </trkpt>
      <trkpt lat="41.049715" lon="-85.21046">
        <ele>198.0</ele>
      </trkpt>
      <trkpt lat="41.049742" lon="-85.210503">
        <ele>197.0</ele>
      </trkpt>
      <trkpt lat="41.049782" lon="-85.210567">
        <ele>197.0</ele>
      </trkpt>
      <trkpt lat="41.049833" lon="-85.210605">
        <ele>197.0</ele>
      </trkpt>
      <trkpt lat="41.049887" lon="-85.210642">
        <ele>197.0</ele>
      </trkpt>
      <trkpt lat="41.049935" lon="-85.210658">
        <ele>197.0</ele>
      </trkpt>
      <trkpt lat="41.049986" lon="-85.210664">
        <ele>197.0</ele>
      </trkpt>
      <trkpt lat="41.05004" lon="-85.210664">
        <ele>197.0</ele>
      </trkpt>
      <trkpt lat="41.050085" lon="-85.210674">
        <ele>197.0</ele>
      </trkpt>
      <trkpt lat="41.050139" lon="-85.210674">
        <ele>197.0</ele>
      </trkpt>
      <trkpt lat="41.050195" lon="-85.210674">
        <ele>197.0</ele>
      </trkpt>
      <trkpt lat="41.050241" lon="-85.210674">
        <ele>197.0</ele>
      </trkpt>
      <trkpt lat="41.050289" lon="-85.210674">
        <ele>197.0</ele>
      </trkpt>
      <trkpt lat="41.050337" lon="-85.210674">
        <ele>197.0</ele>
      </trkpt>
      <trkpt lat="41.050394" lon="-85.210674">
        <ele>197.0</ele>
      </trkpt>
      <trkpt lat="41.050429" lon="-85.21068">
        <ele>198.0</ele>
      </trkpt>
      <trkpt lat="41.050474" lon="-85.210685">
        <ele>198.0</ele>
      </trkpt>
      <trkpt lat="41.050509" lon="-85.210685">
        <ele>198.0</ele>
      </trkpt>
      <trkpt lat="41.050541" lon="-85.210696">
        <ele>198.0</ele>
      </trkpt>
      <trkpt lat="41.050576" lon="-85.210696">
        <ele>198.0</ele>
      </trkpt>
      <trkpt lat="41.0506" lon="-85.210701">
        <ele>199.0</ele>
      </trkpt>
      <trkpt lat="41.05063" lon="-85.210717">
        <ele>199.0</ele>
      </trkpt>
      <trkpt lat="41.050646" lon="-85.210755">
        <ele>199.0</ele>
      </trkpt>
      <trkpt lat="41.050632" lon="-85.210803">
        <ele>200.0</ele>
      </trkpt>
      <trkpt lat="41.050619" lon="-85.210835">
        <ele>200.0</ele>
      </trkpt>
      <trkpt lat="41.050592" lon="-85.210873">
        <ele>200.0</ele>
      </trkpt>
      <trkpt lat="41.050565" lon="-85.210916">
        <ele>200.0</ele>
      </trkpt>
      <trkpt lat="41.050538" lon="-85.210969">
        <ele>200.0</ele>
      </trkpt>
      <trkpt lat="41.050504" lon="-85.211018">
        <ele>200.0</ele>
      </trkpt>
      <trkpt lat="41.050477" lon="-85.211061">
        <ele>200.0</ele>
      </trkpt>
      <trkpt lat="41.050447" lon="-85.211109">
        <ele>200.0</ele>
      </trkpt>
      <trkpt lat="41.050415" lon="-85.211152">
        <ele>200.0</ele>
      </trkpt>
      <trkpt lat="41.050386" lon="-85.211205">
        <ele>200.0</ele>
      </trkpt>
      <trkpt lat="41.050351" lon="-85.21127">
        <ele>200.0</ele>
      </trkpt>
      <trkpt lat="41.050324" lon="-85.211329">
        <ele>200.0</ele>
      </trkpt>
      <trkpt lat="41.050297" lon="-85.211372">
        <ele>200.0</ele>
      </trkpt>
      <trkpt lat="41.050262" lon="-85.211436">
        <ele>200.0</ele>
      </trkpt>
      <trkpt lat="41.050238" lon="-85.211495">
        <ele>200.0</ele>
      </trkpt>
      <trkpt lat="41.050211" lon="-85.211559">
        <ele>200.0</ele>
      </trkpt>
      <trkpt lat="41.050176" lon="-85.211618">
        <ele>199.0</ele>
      </trkpt>
      <trkpt lat="41.050142" lon="-85.211678">
        <ele>199.0</ele>
      </trkpt>
      <trkpt lat="41.050104" lon="-85.211747">
        <ele>199.0</ele>
      </trkpt>
      <trkpt lat="41.050077" lon="-85.211812">
        <ele>199.0</ele>
      </trkpt>
      <trkpt lat="41.050058" lon="-85.211855">
        <ele>199.0</ele>
      </trkpt>
      <trkpt lat="41.050034" lon="-85.211924">
        <ele>199.0</ele>
      </trkpt>
      <trkpt lat="41.050007" lon="-85.211983">
        <ele>199.0</ele>
      </trkpt>
      <trkpt lat="41.049978" lon="-85.212053">
        <ele>199.0</ele>
      </trkpt>
      <trkpt lat="41.049954" lon="-85.212112">
        <ele>199.0</ele>
      </trkpt>
      <trkpt lat="41.049916" lon="-85.212166">
        <ele>199.0</ele>
      </trkpt>
      <trkpt lat="41.049889" lon="-85.212235">
        <ele>199.0</ele>
      </trkpt>
      <trkpt lat="41.049855" lon="-85.212305">
        <ele>199.0</ele>
      </trkpt>
      <trkpt lat="41.049833" lon="-85.21238">
        <ele>199.0</ele>
      </trkpt>
      <trkpt lat="41.049806" lon="-85.21245">
        <ele>199.0</ele>
      </trkpt>
      <trkpt lat="41.049782" lon="-85.212525">
        <ele>198.0</ele>
      </trkpt>
      <trkpt lat="41.049745" lon="-85.212611">
        <ele>198.0</ele>
      </trkpt>
      <trkpt lat="41.049718" lon="-85.212681">
        <ele>198.0</ele>
      </trkpt>
      <trkpt lat="41.049688" lon="-85.212772">
        <ele>198.0</ele>
      </trkpt>
      <trkpt lat="41.049661" lon="-85.212842">
        <ele>198.0</ele>
      </trkpt>
      <trkpt lat="41.049637" lon="-85.212933">
        <ele>198.0</ele>
      </trkpt>
      <trkpt lat="41.049618" lon="-85.213008">
        <ele>199.0</ele>
      </trkpt>
      <trkpt lat="41.049597" lon="-85.213088">
        <ele>199.0</ele>
      </trkpt>
      <trkpt lat="41.04957" lon="-85.213169">
        <ele>199.0</ele>
      </trkpt>
      <trkpt lat="41.049543" lon="-85.213249">
        <ele>199.0</ele>
      </trkpt>
      <trkpt lat="41.049511" lon="-85.213314">
        <ele>199.0</ele>
      </trkpt>
      <trkpt lat="41.049482" lon="-85.213394">
        <ele>199.0</ele>
      </trkpt>
      <trkpt lat="41.049458" lon="-85.213475">
        <ele>199.0</ele>
      </trkpt>
      <trkpt lat="41.049431" lon="-85.213555">
        <ele>200.0</ele>
      </trkpt>
      <trkpt lat="41.049412" lon="-85.213619">
        <ele>200.0</ele>
      </trkpt>
      <trkpt lat="41.049382" lon="-85.2137">
        <ele>200.0</ele>
      </trkpt>
      <trkpt lat="41.049353" lon="-85.213775">
        <ele>200.0</ele>
      </trkpt>
      <trkpt lat="41.049326" lon="-85.213845">
        <ele>200.0</ele>
      </trkpt>
      <trkpt lat="41.049299" lon="-85.213925">
        <ele>200.0</ele>
      </trkpt>
      <trkpt lat="41.049264" lon="-85.214">
        <ele>200.0</ele>
      </trkpt>
      <trkpt lat="41.049232" lon="-85.214081">
        <ele>200.0</ele>
      </trkpt>
      <trkpt lat="41.049208" lon="-85.214161">
        <ele>200.0</ele>
      </trkpt>
      <trkpt lat="41.049176" lon="-85.214242">
        <ele>200.0</ele>
      </trkpt>
      <trkpt lat="41.049154" lon="-85.214311">
        <ele>200.0</ele>
      </trkpt>
      <trkpt lat="41.04913" lon="-85.214387">
        <ele>200.0</ele>
      </trkpt>
      <trkpt lat="41.049103" lon="-85.214451">
        <ele>200.0</ele>
      </trkpt>
      <trkpt lat="41.049087" lon="-85.214526">
        <ele>201.0</ele>
      </trkpt>
      <trkpt lat="41.049066" lon="-85.214596">
        <ele>201.0</ele>
      </trkpt>
      <trkpt lat="41.049042" lon="-85.214655">
        <ele>201.0</ele>
      </trkpt>
      <trkpt lat="41.049012" lon="-85.214724">
        <ele>201.0</ele>
      </trkpt>
      <trkpt lat="41.048994" lon="-85.214783">
        <ele>201.0</ele>
      </trkpt>
      <trkpt lat="41.048969" lon="-85.214869">
        <ele>201.0</ele>
      </trkpt>
      <trkpt lat="41.04894" lon="-85.214939">
        <ele>201.0</ele>
      </trkpt>
      <trkpt lat="41.048921" lon="-85.21502">
        <ele>201.0</ele>
      </trkpt>
      <trkpt lat="41.048897" lon="-85.215089">
        <ele>201.0</ele>
      </trkpt>
      <trkpt lat="41.048876" lon="-85.215175">
        <ele>201.0</ele>
      </trkpt>
      <trkpt lat="41.048849" lon="-85.215245">
        <ele>201.0</ele>
      </trkpt>
      <trkpt lat="41.048822" lon="-85.215309">
        <ele>201.0</ele>
      </trkpt>
      <trkpt lat="41.048798" lon="-85.215395">
        <ele>201.0</ele>
      </trkpt>
      <trkpt lat="41.048771" lon="-85.21547">
        <ele>201.0</ele>
      </trkpt>
      <trkpt lat="41.048752" lon="-85.215556">
        <ele>201.0</ele>
      </trkpt>
      <trkpt lat="41.048731" lon="-85.215631">
        <ele>201.0</ele>
      </trkpt>
      <trkpt lat="41.048704" lon="-85.215717">
        <ele>201.0</ele>
      </trkpt>
      <trkpt lat="41.04868" lon="-85.215792">
        <ele>201.0</ele>
      </trkpt>
      <trkpt lat="41.048658" lon="-85.215878">
        <ele>201.0</ele>
      </trkpt>
      <trkpt lat="41.048634" lon="-85.215953">
        <ele>201.0</ele>
      </trkpt>
      <trkpt lat="41.048613" lon="-85.216033">
        <ele>201.0</ele>
      </trkpt>
      <trkpt lat="41.048586" lon="-85.216114">
        <ele>201.0</ele>
      </trkpt>
      <trkpt lat="41.048554" lon="-85.216189">
        <ele>201.0</ele>
      </trkpt>
      <trkpt lat="41.048527" lon="-85.216259">
        <ele>201.0</ele>
      </trkpt>
      <trkpt lat="41.048497" lon="-85.216339">
        <ele>201.0</ele>
      </trkpt>
      <trkpt lat="41.048473" lon="-85.21642">
        <ele>201.0</ele>
      </trkpt>
      <trkpt lat="41.048441" lon="-85.216495">
        <ele>201.0</ele>
      </trkpt>
      <trkpt lat="41.048414" lon="-85.216564">
        <ele>200.0</ele>
      </trkpt>
      <trkpt lat="41.048387" lon="-85.216623">
        <ele>200.0</ele>
      </trkpt>
      <trkpt lat="41.048361" lon="-85.216709">
        <ele>200.0</ele>
      </trkpt>
      <trkpt lat="41.048336" lon="-85.216784">
        <ele>200.0</ele>
      </trkpt>
      <trkpt lat="41.048307" lon="-85.216865">
        <ele>200.0</ele>
      </trkpt>
      <trkpt lat="41.04828" lon="-85.216945">
        <ele>200.0</ele>
      </trkpt>
      <trkpt lat="41.048253" lon="-85.217026">
        <ele>200.0</ele>
      </trkpt>
      <trkpt lat="41.048226" lon="-85.217106">
        <ele>199.0</ele>
      </trkpt>
      <trkpt lat="41.048197" lon="-85.217187">
        <ele>199.0</ele>
      </trkpt>
      <trkpt lat="41.048173" lon="-85.217273">
        <ele>199.0</ele>
      </trkpt>
      <trkpt lat="41.048151" lon="-85.217358">
        <ele>199.0</ele>
      </trkpt>
      <trkpt lat="41.048124" lon="-85.217434">
        <ele>199.0</ele>
      </trkpt>
      <trkpt lat="41.048098" lon="-85.217514">
        <ele>200.0</ele>
      </trkpt>
      <trkpt lat="41.048071" lon="-85.217584">
        <ele>200.0</ele>
      </trkpt>
      <trkpt lat="41.048039" lon="-85.21767">
        <ele>200.0</ele>
      </trkpt>
      <trkpt lat="41.048017" lon="-85.217739">
        <ele>200.0</ele>
      </trkpt>
      <trkpt lat="41.048001" lon="-85.217814">
        <ele>200.0</ele>
      </trkpt>
      <trkpt lat="41.04798" lon="-85.217889">
        <ele>199.0</ele>
      </trkpt>
      <trkpt lat="41.047964" lon="-85.217959">
        <ele>199.0</ele>
      </trkpt>
      <trkpt lat="41.047953" lon="-85.218034">
        <ele>199.0</ele>
      </trkpt>
      <trkpt lat="41.047929" lon="-85.21812">
        <ele>199.0</ele>
      </trkpt>
      <trkpt lat="41.047902" lon="-85.218195">
        <ele>199.0</ele>
      </trkpt>
      <trkpt lat="41.047875" lon="-85.218254">
        <ele>199.0</ele>
      </trkpt>
      <trkpt lat="41.047846" lon="-85.218335">
        <ele>199.0</ele>
      </trkpt>
      <trkpt lat="41.047819" lon="-85.218399">
        <ele>199.0</ele>
      </trkpt>
      <trkpt lat="41.047787" lon="-85.21848">
        <ele>199.0</ele>
      </trkpt>
      <trkpt lat="41.047762" lon="-85.218555">
        <ele>199.0</ele>
      </trkpt>
      <trkpt lat="41.047738" lon="-85.218624">
        <ele>199.0</ele>
      </trkpt>
      <trkpt lat="41.047722" lon="-85.218705">
        <ele>199.0</ele>
      </trkpt>
      <trkpt lat="41.047695" lon="-85.218775">
        <ele>199.0</ele>
      </trkpt>
      <trkpt lat="41.047677" lon="-85.21885">
        <ele>200.0</ele>
      </trkpt>
      <trkpt lat="41.047658" lon="-85.218919">
        <ele>200.0</ele>
      </trkpt>
      <trkpt lat="41.047642" lon="-85.219005">
        <ele>200.0</ele>
      </trkpt>
      <trkpt lat="41.04762" lon="-85.219075">
        <ele>200.0</ele>
      </trkpt>
      <trkpt lat="41.047601" lon="-85.219156">
        <ele>200.0</ele>
      </trkpt>
      <trkpt lat="41.047577" lon="-85.219225">
        <ele>200.0</ele>
      </trkpt>
      <trkpt lat="41.04755" lon="-85.219295">
        <ele>200.0</ele>
      </trkpt>
      <trkpt lat="41.047521" lon="-85.219354">
        <ele>200.0</ele>
      </trkpt>
      <trkpt lat="41.047486" lon="-85.219418">
        <ele>200.0</ele>
      </trkpt>
      <trkpt lat="41.047457" lon="-85.219483">
        <ele>200.0</ele>
      </trkpt>
      <trkpt lat="41.047422" lon="-85.219552">
        <ele>200.0</ele>
      </trkpt>
      <trkpt lat="41.047387" lon="-85.219628">
        <ele>200.0</ele>
      </trkpt>
      <trkpt lat="41.047357" lon="-85.219681">
        <ele>200.0</ele>
      </trkpt>
      <trkpt lat="41.047314" lon="-85.219746">
        <ele>200.0</ele>
      </trkpt>
      <trkpt lat="41.047277" lon="-85.21981">
        <ele>200.0</ele>
      </trkpt>
      <trkpt lat="41.047242" lon="-85.219874">
        <ele>200.0</ele>
      </trkpt>
      <trkpt lat="41.047207" lon="-85.219944">
        <ele>200.0</ele>
      </trkpt>
      <trkpt lat="41.047172" lon="-85.220008">
        <ele>200.0</ele>
      </trkpt>
      <trkpt lat="41.047132" lon="-85.220073">
        <ele>200.0</ele>
      </trkpt>
      <trkpt lat="41.0471" lon="-85.220143">
        <ele>200.0</ele>
      </trkpt>
      <trkpt lat="41.047054" lon="-85.220218">
        <ele>200.0</ele>
      </trkpt>
      <trkpt lat="41.047017" lon="-85.220287">
        <ele>200.0</ele>
      </trkpt>
      <trkpt lat="41.046971" lon="-85.220368">
        <ele>200.0</ele>
      </trkpt>
      <trkpt lat="41.046936" lon="-85.220459">
        <ele>200.0</ele>
      </trkpt>
      <trkpt lat="41.046915" lon="-85.220545">
        <ele>199.0</ele>
      </trkpt>
      <trkpt lat="41.046888" lon="-85.220641">
        <ele>199.0</ele>
      </trkpt>
      <trkpt lat="41.046872" lon="-85.220727">
        <ele>199.0</ele>
      </trkpt>
      <trkpt lat="41.046856" lon="-85.220818">
        <ele>200.0</ele>
      </trkpt>
      <trkpt lat="41.046824" lon="-85.220894">
        <ele>200.0</ele>
      </trkpt>
      <trkpt lat="41.046783" lon="-85.220974">
        <ele>200.0</ele>
      </trkpt>
      <trkpt lat="41.046743" lon="-85.221033">
        <ele>200.0</ele>
      </trkpt>
      <trkpt lat="41.046711" lon="-85.221092">
        <ele>200.0</ele>
      </trkpt>
      <trkpt lat="41.046679" lon="-85.221146">
        <ele>200.0</ele>
      </trkpt>
      <trkpt lat="41.046644" lon="-85.221199">
        <ele>200.0</ele>
      </trkpt>
      <trkpt lat="41.046612" lon="-85.221253">
        <ele>200.0</ele>
      </trkpt>
      <trkpt lat="41.04658" lon="-85.221317">
        <ele>201.0</ele>
      </trkpt>
      <trkpt lat="41.046545" lon="-85.221382">
        <ele>201.0</ele>
      </trkpt>
      <trkpt lat="41.046512" lon="-85.221478">
        <ele>201.0</ele>
      </trkpt>
      <trkpt lat="41.046475" lon="-85.221543">
        <ele>201.0</ele>
      </trkpt>
      <trkpt lat="41.046437" lon="-85.221623">
        <ele>201.0</ele>
      </trkpt>
      <trkpt lat="41.046392" lon="-85.221688">
        <ele>201.0</ele>
      </trkpt>
      <trkpt lat="41.046362" lon="-85.221768">
        <ele>201.0</ele>
      </trkpt>
      <trkpt lat="41.046322" lon="-85.221832">
        <ele>201.0</ele>
      </trkpt>
      <trkpt lat="41.046284" lon="-85.221913">
        <ele>200.0</ele>
      </trkpt>
      <trkpt lat="41.046242" lon="-85.221988">
        <ele>200.0</ele>
      </trkpt>
      <trkpt lat="41.046196" lon="-85.222063">
        <ele>200.0</ele>
      </trkpt>
      <trkpt lat="41.046158" lon="-85.222149">
        <ele>200.0</ele>
      </trkpt>
      <trkpt lat="41.046118" lon="-85.222202">
        <ele>200.0</ele>
      </trkpt>
      <trkpt lat="41.046083" lon="-85.222267">
        <ele>200.0</ele>
      </trkpt>
      <trkpt lat="41.046048" lon="-85.222337">
        <ele>200.0</ele>
      </trkpt>
      <trkpt lat="41.046011" lon="-85.222401">
        <ele>199.0</ele>
      </trkpt>
      <trkpt lat="41.045971" lon="-85.222476">
        <ele>199.0</ele>
      </trkpt>
      <trkpt lat="41.045933" lon="-85.222535">
        <ele>199.0</ele>
      </trkpt>
      <trkpt lat="41.045888" lon="-85.22261">
        <ele>199.0</ele>
      </trkpt>
      <trkpt lat="41.04585" lon="-85.222675">
        <ele>198.0</ele>
      </trkpt>
      <trkpt lat="41.045804" lon="-85.222734">
        <ele>198.0</ele>
      </trkpt>
      <trkpt lat="41.04577" lon="-85.222809">
        <ele>198.0</ele>
      </trkpt>
      <trkpt lat="41.045727" lon="-85.222873">
        <ele>197.0</ele>
      </trkpt>
      <trkpt lat="41.045686" lon="-85.222943">
        <ele>197.0</ele>
      </trkpt>
      <trkpt lat="41.045643" lon="-85.223007">
        <ele>197.0</ele>
      </trkpt>
      <trkpt lat="41.045595" lon="-85.223088">
        <ele>197.0</ele>
      </trkpt>
      <trkpt lat="41.045544" lon="-85.223152">
        <ele>196.0</ele>
      </trkpt>
      <trkpt lat="41.045499" lon="-85.223216">
        <ele>196.0</ele>
      </trkpt>
      <trkpt lat="41.045453" lon="-85.223291">
        <ele>196.0</ele>
      </trkpt>
      <trkpt lat="41.04541" lon="-85.223367">
        <ele>196.0</ele>
      </trkpt>
      <trkpt lat="41.045378" lon="-85.223458">
        <ele>196.0</ele>
      </trkpt>
      <trkpt lat="41.045346" lon="-85.223538">
        <ele>196.0</ele>
      </trkpt>
      <trkpt lat="41.045316" lon="-85.223629">
        <ele>196.0</ele>
      </trkpt>
      <trkpt lat="41.045292" lon="-85.223694">
        <ele>196.0</ele>
      </trkpt>
      <trkpt lat="41.045263" lon="-85.22378">
        <ele>196.0</ele>
      </trkpt>
      <trkpt lat="41.045225" lon="-85.223865">
        <ele>196.0</ele>
      </trkpt>
      <trkpt lat="41.045187" lon="-85.223946">
        <ele>196.0</ele>
      </trkpt>
      <trkpt lat="41.045139" lon="-85.224016">
        <ele>196.0</ele>
      </trkpt>
      <trkpt lat="41.045094" lon="-85.224091">
        <ele>196.0</ele>
      </trkpt>
      <trkpt lat="41.04504" lon="-85.224161">
        <ele>196.0</ele>
      </trkpt>
      <trkpt lat="41.045" lon="-85.224236">
        <ele>195.0</ele>
      </trkpt>
      <trkpt lat="41.044962" lon="-85.224305">
        <ele>195.0</ele>
      </trkpt>
      <trkpt lat="41.044911" lon="-85.22437">
        <ele>195.0</ele>
      </trkpt>
      <trkpt lat="41.044863" lon="-85.22445">
        <ele>195.0</ele>
      </trkpt>
      <trkpt lat="41.044809" lon="-85.224525">
        <ele>195.0</ele>
      </trkpt>
      <trkpt lat="41.044764" lon="-85.224627">
        <ele>195.0</ele>
      </trkpt>
      <trkpt lat="41.044721" lon="-85.224713">
        <ele>195.0</ele>
      </trkpt>
      <trkpt lat="41.044683" lon="-85.224804">
        <ele>195.0</ele>
      </trkpt>
      <trkpt lat="41.044651" lon="-85.224895">
        <ele>195.0</ele>
      </trkpt>
      <trkpt lat="41.044619" lon="-85.224976">
        <ele>195.0</ele>
      </trkpt>
      <trkpt lat="41.044579" lon="-85.225078">
        <ele>195.0</ele>
      </trkpt>
      <trkpt lat="41.044546" lon="-85.225153">
        <ele>195.0</ele>
      </trkpt>
      <trkpt lat="41.044504" lon="-85.225239">
        <ele>195.0</ele>
      </trkpt>
      <trkpt lat="41.044485" lon="-85.225319">
        <ele>196.0</ele>
      </trkpt>
      <trkpt lat="41.044453" lon="-85.225421">
        <ele>196.0</ele>
      </trkpt>
      <trkpt lat="41.044423" lon="-85.225502">
        <ele>196.0</ele>
      </trkpt>
      <trkpt lat="41.044394" lon="-85.225582">
        <ele>196.0</ele>
      </trkpt>
      <trkpt lat="41.044367" lon="-85.225657">
        <ele>196.0</ele>
      </trkpt>
      <trkpt lat="41.044332" lon="-85.225743">
        <ele>196.0</ele>
      </trkpt>
      <trkpt lat="41.044305" lon="-85.225823">
        <ele>196.0</ele>
      </trkpt>
      <trkpt lat="41.044281" lon="-85.225909">
        <ele>197.0</ele>
      </trkpt>
      <trkpt lat="41.044249" lon="-85.225979">
        <ele>197.0</ele>
      </trkpt>
      <trkpt lat="41.044225" lon="-85.22606">
        <ele>197.0</ele>
      </trkpt>
      <trkpt lat="41.044195" lon="-85.226129">
        <ele>197.0</ele>
      </trkpt>
      <trkpt lat="41.044163" lon="-85.226215">
        <ele>197.0</ele>
      </trkpt>
      <trkpt lat="41.044136" lon="-85.226274">
        <ele>197.0</ele>
      </trkpt>
      <trkpt lat="41.044107" lon="-85.226328">
        <ele>197.0</ele>
      </trkpt>
      <trkpt lat="41.044072" lon="-85.226387">
        <ele>197.0</ele>
      </trkpt>
      <trkpt lat="41.044045" lon="-85.22644">
        <ele>197.0</ele>
      </trkpt>
      <trkpt lat="41.044023" lon="-85.226489">
        <ele>197.0</ele>
      </trkpt>
      <trkpt lat="41.043999" lon="-85.226548">
        <ele>197.0</ele>
      </trkpt>
      <trkpt lat="41.043978" lon="-85.226596">
        <ele>197.0</ele>
      </trkpt>
      <trkpt lat="41.043946" lon="-85.226633">
        <ele>196.0</ele>
      </trkpt>
      <trkpt lat="41.043911" lon="-85.226671">
        <ele>196.0</ele>
      </trkpt>
      <trkpt lat="41.043881" lon="-85.226709">
        <ele>196.0</ele>
      </trkpt>
      <trkpt lat="41.043844" lon="-85.226741">
        <ele>196.0</ele>
      </trkpt>
      <trkpt lat="41.043793" lon="-85.226757">
        <ele>196.0</ele>
      </trkpt>
      <trkpt lat="41.043736" lon="-85.226762">
        <ele>196.0</ele>
      </trkpt>
      <trkpt lat="41.04368" lon="-85.226762">
        <ele>196.0</ele>
      </trkpt>
      <trkpt lat="41.043621" lon="-85.226746">
        <ele>196.0</ele>
      </trkpt>
      <trkpt lat="41.043562" lon="-85.22673">
        <ele>196.0</ele>
      </trkpt>
      <trkpt lat="41.0435" lon="-85.226709">
        <ele>196.0</ele>
      </trkpt>
      <trkpt lat="41.043444" lon="-85.226676">
        <ele>196.0</ele>
      </trkpt>
      <trkpt lat="41.043385" lon="-85.226655">
        <ele>196.0</ele>
      </trkpt>
      <trkpt lat="41.043331" lon="-85.226639">
        <ele>195.0</ele>
      </trkpt>
      <trkpt lat="41.043283" lon="-85.226633">
        <ele>195.0</ele>
      </trkpt>
      <trkpt lat="41.043224" lon="-85.226633">
        <ele>195.0</ele>
      </trkpt>
      <trkpt lat="41.043168" lon="-85.226639">
        <ele>195.0</ele>
      </trkpt>
      <trkpt lat="41.043119" lon="-85.226655">
        <ele>195.0</ele>
      </trkpt>
      <trkpt lat="41.043066" lon="-85.226676">
        <ele>195.0</ele>
      </trkpt>
      <trkpt lat="41.04302" lon="-85.226725">
        <ele>195.0</ele>
      </trkpt>
      <trkpt lat="41.042977" lon="-85.226778">
        <ele>194.0</ele>
      </trkpt>
      <trkpt lat="41.042956" lon="-85.226832">
        <ele>194.0</ele>
      </trkpt>
      <trkpt lat="41.042932" lon="-85.226902">
        <ele>194.0</ele>
      </trkpt>
      <trkpt lat="41.042921" lon="-85.226961">
        <ele>194.0</ele>
      </trkpt>
      <trkpt lat="41.042908" lon="-85.227047">
        <ele>194.0</ele>
      </trkpt>
      <trkpt lat="41.042902" lon="-85.227106">
        <ele>194.0</ele>
      </trkpt>
      <trkpt lat="41.042889" lon="-85.227165">
        <ele>194.0</ele>
      </trkpt>
      <trkpt lat="41.042875" lon="-85.227245">
        <ele>194.0</ele>
      </trkpt>
      <trkpt lat="41.042857" lon="-85.22732">
        <ele>195.0</ele>
      </trkpt>
      <trkpt lat="41.042841" lon="-85.227406">
        <ele>195.0</ele>
      </trkpt>
      <trkpt lat="41.042822" lon="-85.227481">
        <ele>195.0</ele>
      </trkpt>
      <trkpt lat="41.042808" lon="-85.227556">
        <ele>195.0</ele>
      </trkpt>
      <trkpt lat="41.042798" lon="-85.227631">
        <ele>195.0</ele>
      </trkpt>
      <trkpt lat="41.042787" lon="-85.227717">
        <ele>195.0</ele>
      </trkpt>
      <trkpt lat="41.042771" lon="-85.227787">
        <ele>195.0</ele>
      </trkpt>
      <trkpt lat="41.042757" lon="-85.227862">
        <ele>196.0</ele>
      </trkpt>
      <trkpt lat="41.042741" lon="-85.227937">
        <ele>196.0</ele>
      </trkpt>
      <trkpt lat="41.042731" lon="-85.228023">
        <ele>196.0</ele>
      </trkpt>
      <trkpt lat="41.042723" lon="-85.228098">
        <ele>196.0</ele>
      </trkpt>
      <trkpt lat="41.042717" lon="-85.228168">
        <ele>196.0</ele>
      </trkpt>
      <trkpt lat="41.042706" lon="-85.228248">
        <ele>196.0</ele>
      </trkpt>
      <trkpt lat="41.042698" lon="-85.228329">
        <ele>196.0</ele>
      </trkpt>
      <trkpt lat="41.04269" lon="-85.228409">
        <ele>196.0</ele>
      </trkpt>
      <trkpt lat="41.042685" lon="-85.228495">
        <ele>197.0</ele>
      </trkpt>
      <trkpt lat="41.042672" lon="-85.228581">
        <ele>197.0</ele>
      </trkpt>
      <trkpt lat="41.042664" lon="-85.228645">
        <ele>197.0</ele>
      </trkpt>
      <trkpt lat="41.042658" lon="-85.228731">
        <ele>197.0</ele>
      </trkpt>
      <trkpt lat="41.042653" lon="-85.228806">
        <ele>197.0</ele>
      </trkpt>
      <trkpt lat="41.042645" lon="-85.228892">
        <ele>197.0</ele>
      </trkpt>
      <trkpt lat="41.042642" lon="-85.228967">
        <ele>197.0</ele>
      </trkpt>
      <trkpt lat="41.042642" lon="-85.229053">
        <ele>197.0</ele>
      </trkpt>
      <trkpt lat="41.042634" lon="-85.229128">
        <ele>196.0</ele>
      </trkpt>
      <trkpt lat="41.042634" lon="-85.229214">
        <ele>196.0</ele>
      </trkpt>
      <trkpt lat="41.042631" lon="-85.229294">
        <ele>196.0</ele>
      </trkpt>
      <trkpt lat="41.042626" lon="-85.22938">
        <ele>196.0</ele>
      </trkpt>
      <trkpt lat="41.042626" lon="-85.229466">
        <ele>196.0</ele>
      </trkpt>
      <trkpt lat="41.042626" lon="-85.229546">
        <ele>196.0</ele>
      </trkpt>
      <trkpt lat="41.042623" lon="-85.229616">
        <ele>196.0</ele>
      </trkpt>
      <trkpt lat="41.042618" lon="-85.229702">
        <ele>196.0</ele>
      </trkpt>
      <trkpt lat="41.042618" lon="-85.229766">
        <ele>196.0</ele>
      </trkpt>
      <trkpt lat="41.042626" lon="-85.229836">
        <ele>196.0</ele>
      </trkpt>
      <trkpt lat="41.042626" lon="-85.229911">
        <ele>197.0</ele>
      </trkpt>
      <trkpt lat="41.042626" lon="-85.229981">
        <ele>197.0</ele>
      </trkpt>
      <trkpt lat="41.042626" lon="-85.230067">
        <ele>197.0</ele>
      </trkpt>
      <trkpt lat="41.042623" lon="-85.230126">
        <ele>197.0</ele>
      </trkpt>
      <trkpt lat="41.042623" lon="-85.230206">
        <ele>198.0</ele>
      </trkpt>
      <trkpt lat="41.042618" lon="-85.230271">
        <ele>198.0</ele>
      </trkpt>
      <trkpt lat="41.042626" lon="-85.230351">
        <ele>198.0</ele>
      </trkpt>
      <trkpt lat="41.042642" lon="-85.230415">
        <ele>198.0</ele>
      </trkpt>
      <trkpt lat="41.042653" lon="-85.230496">
        <ele>198.0</ele>
      </trkpt>
      <trkpt lat="41.042658" lon="-85.230555">
        <ele>198.0</ele>
      </trkpt>
      <trkpt lat="41.042672" lon="-85.230625">
        <ele>198.0</ele>
      </trkpt>
      <trkpt lat="41.04268" lon="-85.230694">
        <ele>198.0</ele>
      </trkpt>
      <trkpt lat="41.04269" lon="-85.230759">
        <ele>197.0</ele>
      </trkpt>
      <trkpt lat="41.042704" lon="-85.230839">
        <ele>197.0</ele>
      </trkpt>
      <trkpt lat="41.042709" lon="-85.230914">
        <ele>197.0</ele>
      </trkpt>
      <trkpt lat="41.042717" lon="-85.230989">
        <ele>197.0</ele>
      </trkpt>
      <trkpt lat="41.042725" lon="-85.231048">
        <ele>197.0</ele>
      </trkpt>
      <trkpt lat="41.042731" lon="-85.231118">
        <ele>197.0</ele>
      </trkpt>
      <trkpt lat="41.042741" lon="-85.231172">
        <ele>197.0</ele>
      </trkpt>
      <trkpt lat="41.042752" lon="-85.231225">
        <ele>197.0</ele>
      </trkpt>
      <trkpt lat="41.04276" lon="-85.231279">
        <ele>197.0</ele>
      </trkpt>
      <trkpt lat="41.042768" lon="-85.231333">
        <ele>197.0</ele>
      </trkpt>
      <trkpt lat="41.042776" lon="-85.231365">
        <ele>197.0</ele>
      </trkpt>
      <trkpt lat="41.042784" lon="-85.231392">
        <ele>197.0</ele>
      </trkpt>
      <trkpt lat="41.042787" lon="-85.231419">
        <ele>197.0</ele>
      </trkpt>
      <trkpt lat="41.04279" lon="-85.23144">
        <ele>197.0</ele>
      </trkpt>
      <trkpt lat="41.04279" lon="-85.231456">
        <ele>197.0</ele>
      </trkpt>
      <trkpt lat="41.042787" lon="-85.231483">
        <ele>197.0</ele>
      </trkpt>
      <trkpt lat="41.042776" lon="-85.231494">
        <ele>198.0</ele>
      </trkpt>
      <trkpt lat="41.042768" lon="-85.23151">
        <ele>198.0</ele>
      </trkpt>
      <trkpt lat="41.042763" lon="-85.231526">
        <ele>198.0</ele>
      </trkpt>
      <trkpt lat="41.042752" lon="-85.231537">
        <ele>198.0</ele>
      </trkpt>
      <trkpt lat="41.042723" lon="-85.231547">
        <ele>198.0</ele>
      </trkpt>
      <trkpt lat="41.04269" lon="-85.231547">
        <ele>198.0</ele>
      </trkpt>
      <trkpt lat="41.042664" lon="-85.231547">
        <ele>198.0</ele>
      </trkpt>
      <trkpt lat="41.042642" lon="-85.231553">
        <ele>199.0</ele>
      </trkpt>
      <trkpt lat="41.042626" lon="-85.231563">
        <ele>199.0</ele>
      </trkpt>
      <trkpt lat="41.042604" lon="-85.231563">
        <ele>199.0</ele>
      </trkpt>
      <trkpt lat="41.042588" lon="-85.231569">
        <ele>199.0</ele>
      </trkpt>
      <trkpt lat="41.042564" lon="-85.231569">
        <ele>199.0</ele>
      </trkpt>
      <trkpt lat="41.042543" lon="-85.231569">
        <ele>200.0</ele>
      </trkpt>
      <trkpt lat="41.042513" lon="-85.231569">
        <ele>200.0</ele>
      </trkpt>
      <trkpt lat="41.042481" lon="-85.231553">
        <ele>200.0</ele>
      </trkpt>
      <trkpt lat="41.042454" lon="-85.231526">
        <ele>200.0</ele>
      </trkpt>
      <trkpt lat="41.042433" lon="-85.231472">
        <ele>200.0</ele>
      </trkpt>
      <trkpt lat="41.042417" lon="-85.231424">
        <ele>200.0</ele>
      </trkpt>
      <trkpt lat="41.042398" lon="-85.23137">
        <ele>200.0</ele>
      </trkpt>
      <trkpt lat="41.042374" lon="-85.231317">
        <ele>201.0</ele>
      </trkpt>
      <trkpt lat="41.042342" lon="-85.231263">
        <ele>201.0</ele>
      </trkpt>
      <trkpt lat="41.042309" lon="-85.23122">
        <ele>201.0</ele>
      </trkpt>
      <trkpt lat="41.042272" lon="-85.231188">
        <ele>201.0</ele>
      </trkpt>
      <trkpt lat="41.042234" lon="-85.231166">
        <ele>201.0</ele>
      </trkpt>
      <trkpt lat="41.042191" lon="-85.23115">
        <ele>201.0</ele>
      </trkpt>
      <trkpt lat="41.042157" lon="-85.231134">
        <ele>201.0</ele>
      </trkpt>
      <trkpt lat="41.042116" lon="-85.23115">
        <ele>201.0</ele>
      </trkpt>
      <trkpt lat="41.042081" lon="-85.231166">
        <ele>201.0</ele>
      </trkpt>
      <trkpt lat="41.042044" lon="-85.231193">
        <ele>201.0</ele>
      </trkpt>
      <trkpt lat="41.042001" lon="-85.231236">
        <ele>201.0</ele>
      </trkpt>
      <trkpt lat="41.041963" lon="-85.231279">
        <ele>201.0</ele>
      </trkpt>
      <trkpt lat="41.041929" lon="-85.231338">
        <ele>200.0</ele>
      </trkpt>
      <trkpt lat="41.041902" lon="-85.231402">
        <ele>200.0</ele>
      </trkpt>
      <trkpt lat="41.041878" lon="-85.231472">
        <ele>200.0</ele>
      </trkpt>
      <trkpt lat="41.041848" lon="-85.231537">
        <ele>200.0</ele>
      </trkpt>
      <trkpt lat="41.041827" lon="-85.231606">
        <ele>199.0</ele>
      </trkpt>
      <trkpt lat="41.0418" lon="-85.231681">
        <ele>199.0</ele>
      </trkpt>
      <trkpt lat="41.041773" lon="-85.231746">
        <ele>199.0</ele>
      </trkpt>
      <trkpt lat="41.041757" lon="-85.231816">
        <ele>199.0</ele>
      </trkpt>
      <trkpt lat="41.041738" lon="-85.231875">
        <ele>198.0</ele>
      </trkpt>
      <trkpt lat="41.041714" lon="-85.231928">
        <ele>198.0</ele>
      </trkpt>
      <trkpt lat="41.041676" lon="-85.231987">
        <ele>198.0</ele>
      </trkpt>
      <trkpt lat="41.041639" lon="-85.232035">
        <ele>198.0</ele>
      </trkpt>
      <trkpt lat="41.041596" lon="-85.232068">
        <ele>197.0</ele>
      </trkpt>
      <trkpt lat="41.04155" lon="-85.232089">
        <ele>197.0</ele>
      </trkpt>
      <trkpt lat="41.041497" lon="-85.232111">
        <ele>197.0</ele>
      </trkpt>
      <trkpt lat="41.041443" lon="-85.232127">
        <ele>196.0</ele>
      </trkpt>
      <trkpt lat="41.041395" lon="-85.232148">
        <ele>196.0</ele>
      </trkpt>
      <trkpt lat="41.041344" lon="-85.232164">
        <ele>196.0</ele>
      </trkpt>
      <trkpt lat="41.041306" lon="-85.23217">
        <ele>196.0</ele>
      </trkpt>
      <trkpt lat="41.041263" lon="-85.232196">
        <ele>195.9</ele>
      </trkpt>
      <trkpt lat="41.041231" lon="-85.232218">
        <ele>195.8</ele>
      </trkpt>
      <trkpt lat="41.041196" lon="-85.232255">
        <ele>195.7</ele>
      </trkpt>
      <trkpt lat="41.041172" lon="-85.232309">
        <ele>195.6</ele>
      </trkpt>
      <trkpt lat="41.041153" lon="-85.232347">
        <ele>195.6</ele>
      </trkpt>
      <trkpt lat="41.041124" lon="-85.232395">
        <ele>195.5</ele>
      </trkpt>
      <trkpt lat="41.041092" lon="-85.232438">
        <ele>195.4</ele>
      </trkpt>
      <trkpt lat="41.041062" lon="-85.232491">
        <ele>195.3</ele>
      </trkpt>
      <trkpt lat="41.041027" lon="-85.23254">
        <ele>195.2</ele>
      </trkpt>
      <trkpt lat="41.041001" lon="-85.232577">
        <ele>195.1</ele>
      </trkpt>
      <trkpt lat="41.040963" lon="-85.23262">
        <ele>195.0</ele>
      </trkpt>
      <trkpt lat="41.040928" lon="-85.232674">
        <ele>195.0</ele>
      </trkpt>
      <trkpt lat="41.040896" lon="-85.232727">
        <ele>195.0</ele>
      </trkpt>
      <trkpt lat="41.040856" lon="-85.232781">
        <ele>195.0</ele>
      </trkpt>
      <trkpt lat="41.040818" lon="-85.232851">
        <ele>195.0</ele>
      </trkpt>
      <trkpt lat="41.040773" lon="-85.23291">
        <ele>195.0</ele>
      </trkpt>
      <trkpt lat="41.040735" lon="-85.232974">
        <ele>195.0</ele>
      </trkpt>
      <trkpt lat="41.040697" lon="-85.233033">
        <ele>195.0</ele>
      </trkpt>
      <trkpt lat="41.040665" lon="-85.233103">
        <ele>195.0</ele>
      </trkpt>
      <trkpt lat="41.040625" lon="-85.233173">
        <ele>196.0</ele>
      </trkpt>
      <trkpt lat="41.040577" lon="-85.233232">
        <ele>196.0</ele>
      </trkpt>
      <trkpt lat="41.040531" lon="-85.233301">
        <ele>196.0</ele>
      </trkpt>
      <trkpt lat="41.040494" lon="-85.23336">
        <ele>196.0</ele>
      </trkpt>
      <trkpt lat="41.040448" lon="-85.23343">
        <ele>196.0</ele>
      </trkpt>
      <trkpt lat="41.04041" lon="-85.233505">
        <ele>196.0</ele>
      </trkpt>
      <trkpt lat="41.040365" lon="-85.233575">
        <ele>196.0</ele>
      </trkpt>
      <trkpt lat="41.040322" lon="-85.233645">
        <ele>196.0</ele>
      </trkpt>
      <trkpt lat="41.040276" lon="-85.233704">
        <ele>196.0</ele>
      </trkpt>
      <trkpt lat="41.040239" lon="-85.233774">
        <ele>196.0</ele>
      </trkpt>
      <trkpt lat="41.040193" lon="-85.233849">
        <ele>196.0</ele>
      </trkpt>
      <trkpt lat="41.040156" lon="-85.233913">
        <ele>196.0</ele>
      </trkpt>
      <trkpt lat="41.040102" lon="-85.233988">
        <ele>196.0</ele>
      </trkpt>
      <trkpt lat="41.040056" lon="-85.234047">
        <ele>196.0</ele>
      </trkpt>
      <trkpt lat="41.040016" lon="-85.234128">
        <ele>196.0</ele>
      </trkpt>
      <trkpt lat="41.039971" lon="-85.234192">
        <ele>197.0</ele>
      </trkpt>
      <trkpt lat="41.039922" lon="-85.234272">
        <ele>197.0</ele>
      </trkpt>
      <trkpt lat="41.039877" lon="-85.234348">
        <ele>197.0</ele>
      </trkpt>
      <trkpt lat="41.039839" lon="-85.234417">
        <ele>198.0</ele>
      </trkpt>
      <trkpt lat="41.039796" lon="-85.234482">
        <ele>198.0</ele>
      </trkpt>
      <trkpt lat="41.039753" lon="-85.234546">
        <ele>198.0</ele>
      </trkpt>
      <trkpt lat="41.039708" lon="-85.234621">
        <ele>199.0</ele>
      </trkpt>
      <trkpt lat="41.03967" lon="-85.234691">
        <ele>199.0</ele>
      </trkpt>
      <trkpt lat="41.039633" lon="-85.23475">
        <ele>199.0</ele>
      </trkpt>
      <trkpt lat="41.039595" lon="-85.234825">
        <ele>199.0</ele>
      </trkpt>
      <trkpt lat="41.039552" lon="-85.234889">
        <ele>199.0</ele>
      </trkpt>
      <trkpt lat="41.039507" lon="-85.234959">
        <ele>199.0</ele>
      </trkpt>
      <trkpt lat="41.039464" lon="-85.235023">
        <ele>199.0</ele>
      </trkpt>
      <trkpt lat="41.039423" lon="-85.235088">
        <ele>199.0</ele>
      </trkpt>
      <trkpt lat="41.039375" lon="-85.235163">
        <ele>198.0</ele>
      </trkpt>
      <trkpt lat="41.039338" lon="-85.235222">
        <ele>198.0</ele>
      </trkpt>
      <trkpt lat="41.0393" lon="-85.235292">
        <ele>198.0</ele>
      </trkpt>
      <trkpt lat="41.039257" lon="-85.235361">
        <ele>198.0</ele>
      </trkpt>
      <trkpt lat="41.039212" lon="-85.23542">
        <ele>198.0</ele>
      </trkpt>
      <trkpt lat="41.039171" lon="-85.235501">
        <ele>198.0</ele>
      </trkpt>
      <trkpt lat="41.039126" lon="-85.23556">
        <ele>198.0</ele>
      </trkpt>
      <trkpt lat="41.039085" lon="-85.235635">
        <ele>198.0</ele>
      </trkpt>
      <trkpt lat="41.03904" lon="-85.235699">
        <ele>197.0</ele>
      </trkpt>
      <trkpt lat="41.039002" lon="-85.235764">
        <ele>197.0</ele>
      </trkpt>
      <trkpt lat="41.038959" lon="-85.235828">
        <ele>197.0</ele>
      </trkpt>
      <trkpt lat="41.038919" lon="-85.235887">
        <ele>197.0</ele>
      </trkpt>
      <trkpt lat="41.038874" lon="-85.235957">
        <ele>197.0</ele>
      </trkpt>
      <trkpt lat="41.038839" lon="-85.236016">
        <ele>197.0</ele>
      </trkpt>
      <trkpt lat="41.038793" lon="-85.236091">
        <ele>197.0</ele>
      </trkpt>
      <trkpt lat="41.038756" lon="-85.236161">
        <ele>197.0</ele>
      </trkpt>
      <trkpt lat="41.038705" lon="-85.236225">
        <ele>197.0</ele>
      </trkpt>
      <trkpt lat="41.038656" lon="-85.2363">
        <ele>197.0</ele>
      </trkpt>
      <trkpt lat="41.038616" lon="-85.236359">
        <ele>197.0</ele>
      </trkpt>
      <trkpt lat="41.038576" lon="-85.236424">
        <ele>197.0</ele>
      </trkpt>
      <trkpt lat="41.038538" lon="-85.236483">
        <ele>197.0</ele>
      </trkpt>
      <trkpt lat="41.038493" lon="-85.236542">
        <ele>198.0</ele>
      </trkpt>
      <trkpt lat="41.038452" lon="-85.236622">
        <ele>198.0</ele>
      </trkpt>
      <trkpt lat="41.038412" lon="-85.236681">
        <ele>198.0</ele>
      </trkpt>
      <trkpt lat="41.038369" lon="-85.236767">
        <ele>198.0</ele>
      </trkpt>
      <trkpt lat="41.038326" lon="-85.236831">
        <ele>198.0</ele>
      </trkpt>
      <trkpt lat="41.038281" lon="-85.236901">
        <ele>198.0</ele>
      </trkpt>
      <trkpt lat="41.038232" lon="-85.236976">
        <ele>198.0</ele>
      </trkpt>
      <trkpt lat="41.03819" lon="-85.237046">
        <ele>198.0</ele>
      </trkpt>
      <trkpt lat="41.038152" lon="-85.237121">
        <ele>198.0</ele>
      </trkpt>
      <trkpt lat="41.038117" lon="-85.237169">
        <ele>198.0</ele>
      </trkpt>
      <trkpt lat="41.038072" lon="-85.237228">
        <ele>198.0</ele>
      </trkpt>
      <trkpt lat="41.038034" lon="-85.237293">
        <ele>198.0</ele>
      </trkpt>
      <trkpt lat="41.037983" lon="-85.237352">
        <ele>198.0</ele>
      </trkpt>
      <trkpt lat="41.037943" lon="-85.237427">
        <ele>198.0</ele>
      </trkpt>
      <trkpt lat="41.037892" lon="-85.237491">
        <ele>197.0</ele>
      </trkpt>
      <trkpt lat="41.037844" lon="-85.23755">
        <ele>197.0</ele>
      </trkpt>
      <trkpt lat="41.037801" lon="-85.23762">
        <ele>197.0</ele>
      </trkpt>
      <trkpt lat="41.037758" lon="-85.23769">
        <ele>196.0</ele>
      </trkpt>
      <trkpt lat="41.037712" lon="-85.237765">
        <ele>196.0</ele>
      </trkpt>
      <trkpt lat="41.037664" lon="-85.237824">
        <ele>196.0</ele>
      </trkpt>
      <trkpt lat="41.037618" lon="-85.237904">
        <ele>195.0</ele>
      </trkpt>
      <trkpt lat="41.037567" lon="-85.237969">
        <ele>195.0</ele>
      </trkpt>
      <trkpt lat="41.037527" lon="-85.238033">
        <ele>195.0</ele>
      </trkpt>
      <trkpt lat="41.037481" lon="-85.238113">
        <ele>195.0</ele>
      </trkpt>
      <trkpt lat="41.037439" lon="-85.238167">
        <ele>195.0</ele>
      </trkpt>
      <trkpt lat="41.037393" lon="-85.238247">
        <ele>194.0</ele>
      </trkpt>
      <trkpt lat="41.037347" lon="-85.238312">
        <ele>194.0</ele>
      </trkpt>
      <trkpt lat="41.037296" lon="-85.238382">
        <ele>194.0</ele>
      </trkpt>
      <trkpt lat="41.037256" lon="-85.238451">
        <ele>194.0</ele>
      </trkpt>
      <trkpt lat="41.037213" lon="-85.238521">
        <ele>194.0</ele>
      </trkpt>
      <trkpt lat="41.03716" lon="-85.238596">
        <ele>193.0</ele>
      </trkpt>
      <trkpt lat="41.037114" lon="-85.238666">
        <ele>193.0</ele>
      </trkpt>
      <trkpt lat="41.03706" lon="-85.238746">
        <ele>193.0</ele>
      </trkpt>
      <trkpt lat="41.037012" lon="-85.238811">
        <ele>193.0</ele>
      </trkpt>
      <trkpt lat="41.036969" lon="-85.23887">
        <ele>193.0</ele>
      </trkpt>
      <trkpt lat="41.036924" lon="-85.238945">
        <ele>193.0</ele>
      </trkpt>
      <trkpt lat="41.036878" lon="-85.239009">
        <ele>193.0</ele>
      </trkpt>
      <trkpt lat="41.036832" lon="-85.239079">
        <ele>193.0</ele>
      </trkpt>
      <trkpt lat="41.036795" lon="-85.239133">
        <ele>193.0</ele>
      </trkpt>
      <trkpt lat="41.036752" lon="-85.239181">
        <ele>193.0</ele>
      </trkpt>
      <trkpt lat="41.036714" lon="-85.239251">
        <ele>193.0</ele>
      </trkpt>
      <trkpt lat="41.036671" lon="-85.23932">
        <ele>193.0</ele>
      </trkpt>
      <trkpt lat="41.036626" lon="-85.23939">
        <ele>194.0</ele>
      </trkpt>
      <trkpt lat="41.036578" lon="-85.23946">
        <ele>194.0</ele>
      </trkpt>
      <trkpt lat="41.036529" lon="-85.239524">
        <ele>194.0</ele>
      </trkpt>
      <trkpt lat="41.036481" lon="-85.239605">
        <ele>194.0</ele>
      </trkpt>
      <trkpt lat="41.036435" lon="-85.239674">
        <ele>194.0</ele>
      </trkpt>
      <trkpt lat="41.036393" lon="-85.23975">
        <ele>194.0</ele>
      </trkpt>
      <trkpt lat="41.036344" lon="-85.239809">
        <ele>194.0</ele>
      </trkpt>
      <trkpt lat="41.036299" lon="-85.239884">
        <ele>194.0</ele>
      </trkpt>
      <trkpt lat="41.036245" lon="-85.239953">
        <ele>194.0</ele>
      </trkpt>
      <trkpt lat="41.036202" lon="-85.240023">
        <ele>194.0</ele>
      </trkpt>
      <trkpt lat="41.036154" lon="-85.240093">
        <ele>194.0</ele>
      </trkpt>
      <trkpt lat="41.036114" lon="-85.240163">
        <ele>193.0</ele>
      </trkpt>
      <trkpt lat="41.036068" lon="-85.240227">
        <ele>193.0</ele>
      </trkpt>
      <trkpt lat="41.036022" lon="-85.240291">
        <ele>194.0</ele>
      </trkpt>
      <trkpt lat="41.035982" lon="-85.240361">
        <ele>194.0</ele>
      </trkpt>
      <trkpt lat="41.035931" lon="-85.240436">
        <ele>194.0</ele>
      </trkpt>
      <trkpt lat="41.035886" lon="-85.240506">
        <ele>194.0</ele>
      </trkpt>
      <trkpt lat="41.03584" lon="-85.24057">
        <ele>194.0</ele>
      </trkpt>
      <trkpt lat="41.035794" lon="-85.240635">
        <ele>194.0</ele>
      </trkpt>
      <trkpt lat="41.035751" lon="-85.240688">
        <ele>194.0</ele>
      </trkpt>
      <trkpt lat="41.035714" lon="-85.240763">
        <ele>194.0</ele>
      </trkpt>
      <trkpt lat="41.035671" lon="-85.240817">
        <ele>194.0</ele>
      </trkpt>
      <trkpt lat="41.035633" lon="-85.240887">
        <ele>194.0</ele>
      </trkpt>
      <trkpt lat="41.035585" lon="-85.240951">
        <ele>194.0</ele>
      </trkpt>
      <trkpt lat="41.035548" lon="-85.241021">
        <ele>194.0</ele>
      </trkpt>
      <trkpt lat="41.035505" lon="-85.241091">
        <ele>194.0</ele>
      </trkpt>
      <trkpt lat="41.035475" lon="-85.241144">
        <ele>194.0</ele>
      </trkpt>
      <trkpt lat="41.035459" lon="-85.241214">
        <ele>195.0</ele>
      </trkpt>
      <trkpt lat="41.035467" lon="-85.241273">
        <ele>195.0</ele>
      </trkpt>
      <trkpt lat="41.035481" lon="-85.241343">
        <ele>195.0</ele>
      </trkpt>
      <trkpt lat="41.035497" lon="-85.241412">
        <ele>196.0</ele>
      </trkpt>
      <trkpt lat="41.035515" lon="-85.241471">
        <ele>196.0</ele>
      </trkpt>
      <trkpt lat="41.035542" lon="-85.241541">
        <ele>197.0</ele>
      </trkpt>
      <trkpt lat="41.035561" lon="-85.2416">
        <ele>197.0</ele>
      </trkpt>
      <trkpt lat="41.035577" lon="-85.241654">
        <ele>198.0</ele>
      </trkpt>
      <trkpt lat="41.035593" lon="-85.241724">
        <ele>198.0</ele>
      </trkpt>
      <trkpt lat="41.035604" lon="-85.241777">
        <ele>199.0</ele>
      </trkpt>
      <trkpt lat="41.035623" lon="-85.241831">
        <ele>199.0</ele>
      </trkpt>
      <trkpt lat="41.035639" lon="-85.241901">
        <ele>200.0</ele>
      </trkpt>
      <trkpt lat="41.03565" lon="-85.241954">
        <ele>200.0</ele>
      </trkpt>
      <trkpt lat="41.035668" lon="-85.241997">
        <ele>200.0</ele>
      </trkpt>
      <trkpt lat="41.035679" lon="-85.242062">
        <ele>200.0</ele>
      </trkpt>
      <trkpt lat="41.035703" lon="-85.242099">
        <ele>201.0</ele>
      </trkpt>
      <trkpt lat="41.035725" lon="-85.242137">
        <ele>201.0</ele>
      </trkpt>
      <trkpt lat="41.035751" lon="-85.242169">
        <ele>201.0</ele>
      </trkpt>
      <trkpt lat="41.035797" lon="-85.242196">
        <ele>202.0</ele>
      </trkpt>
      <trkpt lat="41.035832" lon="-85.242212">
        <ele>202.0</ele>
      </trkpt>
      <trkpt lat="41.035875" lon="-85.242222">
        <ele>203.0</ele>
      </trkpt>
      <trkpt lat="41.03592" lon="-85.242222">
        <ele>203.0</ele>
      </trkpt>
      <trkpt lat="41.035963" lon="-85.242228">
        <ele>203.0</ele>
      </trkpt>
      <trkpt lat="41.036001" lon="-85.242228">
        <ele>204.0</ele>
      </trkpt>
      <trkpt lat="41.036046" lon="-85.242228">
        <ele>204.0</ele>
      </trkpt>
      <trkpt lat="41.036089" lon="-85.242228">
        <ele>204.0</ele>
      </trkpt>
      <trkpt lat="41.03613" lon="-85.242233">
        <ele>204.0</ele>
      </trkpt>
      <trkpt lat="41.036165" lon="-85.242249">
        <ele>204.0</ele>
      </trkpt>
      <trkpt lat="41.036199" lon="-85.242271">
        <ele>204.0</ele>
      </trkpt>
      <trkpt lat="41.036226" lon="-85.242298">
        <ele>204.0</ele>
      </trkpt>
      <trkpt lat="41.036248" lon="-85.242324">
        <ele>204.0</ele>
      </trkpt>
      <trkpt lat="41.036283" lon="-85.242367">
        <ele>204.0</ele>
      </trkpt>
      <trkpt lat="41.036312" lon="-85.242394">
        <ele>204.0</ele>
      </trkpt>
      <trkpt lat="41.036344" lon="-85.242426">
        <ele>204.0</ele>
      </trkpt>
      <trkpt lat="41.036382" lon="-85.242442">
        <ele>204.0</ele>
      </trkpt>
      <trkpt lat="41.036425" lon="-85.242464">
        <ele>204.0</ele>
      </trkpt>
      <trkpt lat="41.036473" lon="-85.242485">
        <ele>204.0</ele>
      </trkpt>
      <trkpt lat="41.036519" lon="-85.242518">
        <ele>204.0</ele>
      </trkpt>
      <trkpt lat="41.036572" lon="-85.242539">
        <ele>204.0</ele>
      </trkpt>
      <trkpt lat="41.036623" lon="-85.242566">
        <ele>204.0</ele>
      </trkpt>
      <trkpt lat="41.036663" lon="-85.242593">
        <ele>205.0</ele>
      </trkpt>
      <trkpt lat="41.036706" lon="-85.24263">
        <ele>205.0</ele>
      </trkpt>
      <trkpt lat="41.036736" lon="-85.242695">
        <ele>205.0</ele>
      </trkpt>
      <trkpt lat="41.036771" lon="-85.242737">
        <ele>205.0</ele>
      </trkpt>
      <trkpt lat="41.036787" lon="-85.242791">
        <ele>205.0</ele>
      </trkpt>
      <trkpt lat="41.036808" lon="-85.242855">
        <ele>205.0</ele>
      </trkpt>
      <trkpt lat="41.036832" lon="-85.242909">
        <ele>205.0</ele>
      </trkpt>
      <trkpt lat="41.036862" lon="-85.242957">
        <ele>204.0</ele>
      </trkpt>
      <trkpt lat="41.036894" lon="-85.243022">
        <ele>204.0</ele>
      </trkpt>
      <trkpt lat="41.036926" lon="-85.243081">
        <ele>204.0</ele>
      </trkpt>
      <trkpt lat="41.036969" lon="-85.243134">
        <ele>204.0</ele>
      </trkpt>
      <trkpt lat="41.037012" lon="-85.243204">
        <ele>204.0</ele>
      </trkpt>
      <trkpt lat="41.03706" lon="-85.243258">
        <ele>204.0</ele>
      </trkpt>
      <trkpt lat="41.037114" lon="-85.243301">
        <ele>204.0</ele>
      </trkpt>
      <trkpt lat="41.03716" lon="-85.243365">
        <ele>204.0</ele>
      </trkpt>
      <trkpt lat="41.037205" lon="-85.243408">
        <ele>204.0</ele>
      </trkpt>
      <trkpt lat="41.037248" lon="-85.243456">
        <ele>204.0</ele>
      </trkpt>
      <trkpt lat="41.037283" lon="-85.24351">
        <ele>204.0</ele>
      </trkpt>
      <trkpt lat="41.037321" lon="-85.243553">
        <ele>204.0</ele>
      </trkpt>
      <trkpt lat="41.037358" lon="-85.243601">
        <ele>204.0</ele>
      </trkpt>
      <trkpt lat="41.037393" lon="-85.243655">
        <ele>204.0</ele>
      </trkpt>
      <trkpt lat="41.037436" lon="-85.243698">
        <ele>205.0</ele>
      </trkpt>
      <trkpt lat="41.037473" lon="-85.243751">
        <ele>205.0</ele>
      </trkpt>
      <trkpt lat="41.037514" lon="-85.243805">
        <ele>205.0</ele>
      </trkpt>
      <trkpt lat="41.037554" lon="-85.243859">
        <ele>205.0</ele>
      </trkpt>
      <trkpt lat="41.037594" lon="-85.243896">
        <ele>205.0</ele>
      </trkpt>
      <trkpt lat="41.037634" lon="-85.243944">
        <ele>205.0</ele>
      </trkpt>
      <trkpt lat="41.037664" lon="-85.243982">
        <ele>205.0</ele>
      </trkpt>
      <trkpt lat="41.037707" lon="-85.24402">
        <ele>205.0</ele>
      </trkpt>
      <trkpt lat="41.037752" lon="-85.244068">
        <ele>205.0</ele>
      </trkpt>
      <trkpt lat="41.037801" lon="-85.244105">
        <ele>206.0</ele>
      </trkpt>
      <trkpt lat="41.037852" lon="-85.244127">
        <ele>206.0</ele>
      </trkpt>
      <trkpt lat="41.037892" lon="-85.244175">
        <ele>206.0</ele>
      </trkpt>
      <trkpt lat="41.037937" lon="-85.244213">
        <ele>206.0</ele>
      </trkpt>
      <trkpt lat="41.03798" lon="-85.244234">
        <ele>206.0</ele>
      </trkpt>
      <trkpt lat="41.038018" lon="-85.244256">
        <ele>206.0</ele>
      </trkpt>
      <trkpt lat="41.038055" lon="-85.244282">
        <ele>206.0</ele>
      </trkpt>
      <trkpt lat="41.03809" lon="-85.244304">
        <ele>206.0</ele>
      </trkpt>
      <trkpt lat="41.038114" lon="-85.244347">
        <ele>206.0</ele>
      </trkpt>
      <trkpt lat="41.038117" lon="-85.244395">
        <ele>206.0</ele>
      </trkpt>
      <trkpt lat="41.038117" lon="-85.244438">
        <ele>206.0</ele>
      </trkpt>
      <trkpt lat="41.038096" lon="-85.244492">
        <ele>206.0</ele>
      </trkpt>
      <trkpt lat="41.038061" lon="-85.244524">
        <ele>206.0</ele>
      </trkpt>
      <trkpt lat="41.038034" lon="-85.244556">
        <ele>206.0</ele>
      </trkpt>
      <trkpt lat="41.037999" lon="-85.244583">
        <ele>206.0</ele>
      </trkpt>
      <trkpt lat="41.037972" lon="-85.244599">
        <ele>207.0</ele>
      </trkpt>
      <trkpt lat="41.037954" lon="-85.244626">
        <ele>207.0</ele>
      </trkpt>
      <trkpt lat="41.037937" lon="-85.244653">
        <ele>207.0</ele>
      </trkpt>
      <trkpt lat="41.037929" lon="-85.244674">
        <ele>207.0</ele>
      </trkpt>
      <trkpt lat="41.037929" lon="-85.244701">
        <ele>207.0</ele>
      </trkpt>
      <trkpt lat="41.037929" lon="-85.244706">
        <ele>207.0</ele>
      </trkpt>
      <trkpt lat="41.037927" lon="-85.244706">
        <ele>208.0</ele>
      </trkpt>
      <trkpt lat="41.037956" lon="-85.244706">
        <ele>208.0</ele>
      </trkpt>
      <trkpt lat="41.037964" lon="-85.244722">
        <ele>208.0</ele>
      </trkpt>
      <trkpt lat="41.03797" lon="-85.244738">
        <ele>208.0</ele>
      </trkpt>
      <trkpt lat="41.037978" lon="-85.24476">
        <ele>208.0</ele>
      </trkpt>
      <trkpt lat="41.037996" lon="-85.244781">
        <ele>208.0</ele>
      </trkpt>
      <trkpt lat="41.038023" lon="-85.244824">
        <ele>208.0</ele>
      </trkpt>
      <trkpt lat="41.03805" lon="-85.244851">
        <ele>208.0</ele>
      </trkpt>
      <trkpt lat="41.038072" lon="-85.244899">
        <ele>208.0</ele>
      </trkpt>
      <trkpt lat="41.038098" lon="-85.244942">
        <ele>209.0</ele>
      </trkpt>
      <trkpt lat="41.038128" lon="-85.244996">
        <ele>209.0</ele>
      </trkpt>
      <trkpt lat="41.03816" lon="-85.245033">
        <ele>209.0</ele>
      </trkpt>
      <trkpt lat="41.038195" lon="-85.245071">
        <ele>209.0</ele>
      </trkpt>
      <trkpt lat="41.038232" lon="-85.245103">
        <ele>209.0</ele>
      </trkpt>
      <trkpt lat="41.038273" lon="-85.245135">
        <ele>209.0</ele>
      </trkpt>
      <trkpt lat="41.038316" lon="-85.245173">
        <ele>209.0</ele>
      </trkpt>
      <trkpt lat="41.038359" lon="-85.24521">
        <ele>209.0</ele>
      </trkpt>
      <trkpt lat="41.038399" lon="-85.245243">
        <ele>209.0</ele>
      </trkpt>
      <trkpt lat="41.038434" lon="-85.24528">
        <ele>209.0</ele>
      </trkpt>
      <trkpt lat="41.038477" lon="-85.245318">
        <ele>210.0</ele>
      </trkpt>
      <trkpt lat="41.038517" lon="-85.245361">
        <ele>210.0</ele>
      </trkpt>
      <trkpt lat="41.03856" lon="-85.245409">
        <ele>210.0</ele>
      </trkpt>
      <trkpt lat="41.038611" lon="-85.245457">
        <ele>210.0</ele>
      </trkpt>
      <trkpt lat="41.038656" lon="-85.245522">
        <ele>210.0</ele>
      </trkpt>
      <trkpt lat="41.038702" lon="-85.24557">
        <ele>210.0</ele>
      </trkpt>
      <trkpt lat="41.038747" lon="-85.245613">
        <ele>211.0</ele>
      </trkpt>
      <trkpt lat="41.038777" lon="-85.245666">
        <ele>211.0</ele>
      </trkpt>
      <trkpt lat="41.038801" lon="-85.24572">
        <ele>211.0</ele>
      </trkpt>
      <trkpt lat="41.038815" lon="-85.245784">
        <ele>211.0</ele>
      </trkpt>
      <trkpt lat="41.038836" lon="-85.24586">
        <ele>211.0</ele>
      </trkpt>
      <trkpt lat="41.038847" lon="-85.245929">
        <ele>211.0</ele>
      </trkpt>
      <trkpt lat="41.03886" lon="-85.246004">
        <ele>211.0</ele>
      </trkpt>
      <trkpt lat="41.038865" lon="-85.246074">
        <ele>211.0</ele>
      </trkpt>
      <trkpt lat="41.038874" lon="-85.246128">
        <ele>211.0</ele>
      </trkpt>
      <trkpt lat="41.038884" lon="-85.246198">
        <ele>212.0</ele>
      </trkpt>
      <trkpt lat="41.038892" lon="-85.246273">
        <ele>212.0</ele>
      </trkpt>
      <trkpt lat="41.0389" lon="-85.246364">
        <ele>212.0</ele>
      </trkpt>
      <trkpt lat="41.0389" lon="-85.246439">
        <ele>212.0</ele>
      </trkpt>
      <trkpt lat="41.038892" lon="-85.246514">
        <ele>212.0</ele>
      </trkpt>
      <trkpt lat="41.038884" lon="-85.246589">
        <ele>213.0</ele>
      </trkpt>
      <trkpt lat="41.038874" lon="-85.246659">
        <ele>213.0</ele>
      </trkpt>
      <trkpt lat="41.038865" lon="-85.246723">
        <ele>213.0</ele>
      </trkpt>
      <trkpt lat="41.038865" lon="-85.246782">
        <ele>214.0</ele>
      </trkpt>
      <trkpt lat="41.038868" lon="-85.246873">
        <ele>214.0</ele>
      </trkpt>
      <trkpt lat="41.038874" lon="-85.246965">
        <ele>214.0</ele>
      </trkpt>
      <trkpt lat="41.038882" lon="-85.247034">
        <ele>214.0</ele>
      </trkpt>
      <trkpt lat="41.038892" lon="-85.247104">
        <ele>215.0</ele>
      </trkpt>
      <trkpt lat="41.038908" lon="-85.247174">
        <ele>215.0</ele>
      </trkpt>
      <trkpt lat="41.038933" lon="-85.247227">
        <ele>215.0</ele>
      </trkpt>
      <trkpt lat="41.038973" lon="-85.247265">
        <ele>215.0</ele>
      </trkpt>
      <trkpt lat="41.039026" lon="-85.247292">
        <ele>215.0</ele>
      </trkpt>
      <trkpt lat="41.039072" lon="-85.247303">
        <ele>215.0</ele>
      </trkpt>
      <trkpt lat="41.039128" lon="-85.247292">
        <ele>215.0</ele>
      </trkpt>
      <trkpt lat="41.039185" lon="-85.247276">
        <ele>215.0</ele>
      </trkpt>
      <trkpt lat="41.039244" lon="-85.24727">
        <ele>214.0</ele>
      </trkpt>
      <trkpt lat="41.039297" lon="-85.247276">
        <ele>214.0</ele>
      </trkpt>
      <trkpt lat="41.039354" lon="-85.247276">
        <ele>214.0</ele>
      </trkpt>
      <trkpt lat="41.039399" lon="-85.247292">
        <ele>214.0</ele>
      </trkpt>
      <trkpt lat="41.039453" lon="-85.247292">
        <ele>214.0</ele>
      </trkpt>
      <trkpt lat="41.039498" lon="-85.247303">
        <ele>214.0</ele>
      </trkpt>
      <trkpt lat="41.039544" lon="-85.247303">
        <ele>214.0</ele>
      </trkpt>
      <trkpt lat="41.039598" lon="-85.247319">
        <ele>214.0</ele>
      </trkpt>
      <trkpt lat="41.039641" lon="-85.24734">
        <ele>214.0</ele>
      </trkpt>
      <trkpt lat="41.039686" lon="-85.247356">
        <ele>214.0</ele>
      </trkpt>
      <trkpt lat="41.039726" lon="-85.247378">
        <ele>214.0</ele>
      </trkpt>
      <trkpt lat="41.039777" lon="-85.247394">
        <ele>213.0</ele>
      </trkpt>
      <trkpt lat="41.039826" lon="-85.24741">
        <ele>213.0</ele>
      </trkpt>
      <trkpt lat="41.039871" lon="-85.247431">
        <ele>213.0</ele>
      </trkpt>
      <trkpt lat="41.039917" lon="-85.247453">
        <ele>213.0</ele>
      </trkpt>
      <trkpt lat="41.039968" lon="-85.247474">
        <ele>213.0</ele>
      </trkpt>
      <trkpt lat="41.040016" lon="-85.247506">
        <ele>213.0</ele>
      </trkpt>
      <trkpt lat="41.040067" lon="-85.247539">
        <ele>213.0</ele>
      </trkpt>
      <trkpt lat="41.040121" lon="-85.247571">
        <ele>213.0</ele>
      </trkpt>
      <trkpt lat="41.040174" lon="-85.247592">
        <ele>213.0</ele>
      </trkpt>
      <trkpt lat="41.040231" lon="-85.24763">
        <ele>213.0</ele>
      </trkpt>
      <trkpt lat="41.040282" lon="-85.247651">
        <ele>213.0</ele>
      </trkpt>
      <trkpt lat="41.040338" lon="-85.247673">
        <ele>213.0</ele>
      </trkpt>
      <trkpt lat="41.0404" lon="-85.247689">
        <ele>213.0</ele>
      </trkpt>
      <trkpt lat="41.040453" lon="-85.2477">
        <ele>213.0</ele>
      </trkpt>
      <trkpt lat="41.040512" lon="-85.2477">
        <ele>213.0</ele>
      </trkpt>
      <trkpt lat="41.040571" lon="-85.247705">
        <ele>213.0</ele>
      </trkpt>
      <trkpt lat="41.040628" lon="-85.247716">
        <ele>213.0</ele>
      </trkpt>
      <trkpt lat="41.040689" lon="-85.247726">
        <ele>213.0</ele>
      </trkpt>
      <trkpt lat="41.040746" lon="-85.247742">
        <ele>213.0</ele>
      </trkpt>
      <trkpt lat="41.04081" lon="-85.247759">
        <ele>213.0</ele>
      </trkpt>
      <trkpt lat="41.040869" lon="-85.247759">
        <ele>213.0</ele>
      </trkpt>
      <trkpt lat="41.040928" lon="-85.247759">
        <ele>213.0</ele>
      </trkpt>
      <trkpt lat="41.04099" lon="-85.247759">
        <ele>213.0</ele>
      </trkpt>
      <trkpt lat="41.041054" lon="-85.247764">
        <ele>213.0</ele>
      </trkpt>
      <trkpt lat="41.041113" lon="-85.247764">
        <ele>213.0</ele>
      </trkpt>
      <trkpt lat="41.041172" lon="-85.247764">
        <ele>213.0</ele>
      </trkpt>
      <trkpt lat="41.041239" lon="-85.247764">
        <ele>213.0</ele>
      </trkpt>
      <trkpt lat="41.041296" lon="-85.247759">
        <ele>213.0</ele>
      </trkpt>
      <trkpt lat="41.041357" lon="-85.247764">
        <ele>213.0</ele>
      </trkpt>
      <trkpt lat="41.041416" lon="-85.247764">
        <ele>213.0</ele>
      </trkpt>
      <trkpt lat="41.041467" lon="-85.247759">
        <ele>213.0</ele>
      </trkpt>
      <trkpt lat="41.041513" lon="-85.247759">
        <ele>212.0</ele>
      </trkpt>
      <trkpt lat="41.041556" lon="-85.247721">
        <ele>212.0</ele>
      </trkpt>
      <trkpt lat="41.041575" lon="-85.247683">
        <ele>212.0</ele>
      </trkpt>
      <trkpt lat="41.041596" lon="-85.247635">
        <ele>212.0</ele>
      </trkpt>
      <trkpt lat="41.04162" lon="-85.247582">
        <ele>212.0</ele>
      </trkpt>
      <trkpt lat="41.041647" lon="-85.247544">
        <ele>212.0</ele>
      </trkpt>
      <trkpt lat="41.041668" lon="-85.247506">
        <ele>212.0</ele>
      </trkpt>
      <trkpt lat="41.041695" lon="-85.247474">
        <ele>212.0</ele>
      </trkpt>
      <trkpt lat="41.041738" lon="-85.247469">
        <ele>212.0</ele>
      </trkpt>
      <trkpt lat="41.041776" lon="-85.247474">
        <ele>212.0</ele>
      </trkpt>
      <trkpt lat="41.041827" lon="-85.247501">
        <ele>213.0</ele>
      </trkpt>
      <trkpt lat="41.041878" lon="-85.247517">
        <ele>213.0</ele>
      </trkpt>
      <trkpt lat="41.041926" lon="-85.247517">
        <ele>213.0</ele>
      </trkpt>
      <trkpt lat="41.041977" lon="-85.247501">
        <ele>213.0</ele>
      </trkpt>
      <trkpt lat="41.04202" lon="-85.24749">
        <ele>213.0</ele>
      </trkpt>
      <trkpt lat="41.042065" lon="-85.247474">
        <ele>213.0</ele>
      </trkpt>
      <trkpt lat="41.042103" lon="-85.247469">
        <ele>213.0</ele>
      </trkpt>
      <trkpt lat="41.042146" lon="-85.247453">
        <ele>213.0</ele>
      </trkpt>
      <trkpt lat="41.042194" lon="-85.247437">
        <ele>213.0</ele>
      </trkpt>
      <trkpt lat="41.042248" lon="-85.247431">
        <ele>213.0</ele>
      </trkpt>
      <trkpt lat="41.042299" lon="-85.24741">
        <ele>213.0</ele>
      </trkpt>
      <trkpt lat="41.042342" lon="-85.247394">
        <ele>213.0</ele>
      </trkpt>
      <trkpt lat="41.04239" lon="-85.247383">
        <ele>213.0</ele>
      </trkpt>
      <trkpt lat="41.042433" lon="-85.247378">
        <ele>213.0</ele>
      </trkpt>
      <trkpt lat="41.042473" lon="-85.247356">
        <ele>213.0</ele>
      </trkpt>
      <trkpt lat="41.042516" lon="-85.24734">
        <ele>213.0</ele>
      </trkpt>
      <trkpt lat="41.04257" lon="-85.247329">
        <ele>213.0</ele>
      </trkpt>
      <trkpt lat="41.042613" lon="-85.247329">
        <ele>213.0</ele>
      </trkpt>
      <trkpt lat="41.042661" lon="-85.24734">
        <ele>213.0</ele>
      </trkpt>
      <trkpt lat="41.042714" lon="-85.247329">
        <ele>213.0</ele>
      </trkpt>
      <trkpt lat="41.04276" lon="-85.247324">
        <ele>213.0</ele>
      </trkpt>
      <trkpt lat="41.042816" lon="-85.247324">
        <ele>213.0</ele>
      </trkpt>
      <trkpt lat="41.042867" lon="-85.247324">
        <ele>214.0</ele>
      </trkpt>
      <trkpt lat="41.042908" lon="-85.247324">
        <ele>214.0</ele>
      </trkpt>
      <trkpt lat="41.042956" lon="-85.247308">
        <ele>214.0</ele>
      </trkpt>
      <trkpt lat="41.043007" lon="-85.247319">
        <ele>214.0</ele>
      </trkpt>
      <trkpt lat="41.043066" lon="-85.247324">
        <ele>214.0</ele>
      </trkpt>
      <trkpt lat="41.043122" lon="-85.247319">
        <ele>214.0</ele>
      </trkpt>
      <trkpt lat="41.043173" lon="-85.247319">
        <ele>214.0</ele>
      </trkpt>
      <trkpt lat="41.043224" lon="-85.247319">
        <ele>215.0</ele>
      </trkpt>
      <trkpt lat="41.043283" lon="-85.247308">
        <ele>215.0</ele>
      </trkpt>
      <trkpt lat="41.043331" lon="-85.247319">
        <ele>215.0</ele>
      </trkpt>
      <trkpt lat="41.043382" lon="-85.247329">
        <ele>215.0</ele>
      </trkpt>
      <trkpt lat="41.043428" lon="-85.247372">
        <ele>215.0</ele>
      </trkpt>
      <trkpt lat="41.043474" lon="-85.247421">
        <ele>215.0</ele>
      </trkpt>
      <trkpt lat="41.043495" lon="-85.247474">
        <ele>215.0</ele>
      </trkpt>
      <trkpt lat="41.043511" lon="-85.247539">
        <ele>215.0</ele>
      </trkpt>
      <trkpt lat="41.043516" lon="-85.247608">
        <ele>215.0</ele>
      </trkpt>
      <trkpt lat="41.043522" lon="-85.247683">
        <ele>215.0</ele>
      </trkpt>
      <trkpt lat="41.04353" lon="-85.247759">
        <ele>216.0</ele>
      </trkpt>
      <trkpt lat="41.043538" lon="-85.247844">
        <ele>216.0</ele>
      </trkpt>
      <trkpt lat="41.043538" lon="-85.24792">
        <ele>216.0</ele>
      </trkpt>
      <trkpt lat="41.043546" lon="-85.247995">
        <ele>217.0</ele>
      </trkpt>
      <trkpt lat="41.043554" lon="-85.248064">
        <ele>217.0</ele>
      </trkpt>
      <trkpt lat="41.043565" lon="-85.248139">
        <ele>217.0</ele>
      </trkpt>
      <trkpt lat="41.043575" lon="-85.248204">
        <ele>217.0</ele>
      </trkpt>
      <trkpt lat="41.043592" lon="-85.248279">
        <ele>217.0</ele>
      </trkpt>
      <trkpt lat="41.0436" lon="-85.248333">
        <ele>217.0</ele>
      </trkpt>
      <trkpt lat="41.043616" lon="-85.248386">
        <ele>217.0</ele>
      </trkpt>
      <trkpt lat="41.043626" lon="-85.248429">
        <ele>217.0</ele>
      </trkpt>
      <trkpt lat="41.043643" lon="-85.248477">
        <ele>217.0</ele>
      </trkpt>
      <trkpt lat="41.043653" lon="-85.248504">
        <ele>217.0</ele>
      </trkpt>
      <trkpt lat="41.043667" lon="-85.248536">
        <ele>217.0</ele>
      </trkpt>
      <trkpt lat="41.043699" lon="-85.248553">
        <ele>217.0</ele>
      </trkpt>
      <trkpt lat="41.043736" lon="-85.248547">
        <ele>217.0</ele>
      </trkpt>
      <trkpt lat="41.043782" lon="-85.248531">
        <ele>217.0</ele>
      </trkpt>
      <trkpt lat="41.043825" lon="-85.248515">
        <ele>217.0</ele>
      </trkpt>
      <trkpt lat="41.04387" lon="-85.248494">
        <ele>217.0</ele>
      </trkpt>
      <trkpt lat="41.043919" lon="-85.248477">
        <ele>217.0</ele>
      </trkpt>
      <trkpt lat="41.04397" lon="-85.248467">
        <ele>217.0</ele>
      </trkpt>
      <trkpt lat="41.044026" lon="-85.248451">
        <ele>217.0</ele>
      </trkpt>
      <trkpt lat="41.04408" lon="-85.248445">
        <ele>217.0</ele>
      </trkpt>
      <trkpt lat="41.044136" lon="-85.248424">
        <ele>217.0</ele>
      </trkpt>
      <trkpt lat="41.044195" lon="-85.248408">
        <ele>217.0</ele>
      </trkpt>
      <trkpt lat="41.044254" lon="-85.248402">
        <ele>217.0</ele>
      </trkpt>
      <trkpt lat="41.044316" lon="-85.248386">
        <ele>216.0</ele>
      </trkpt>
      <trkpt lat="41.044377" lon="-85.248386">
        <ele>216.0</ele>
      </trkpt>
      <trkpt lat="41.044434" lon="-85.24837">
        <ele>216.0</ele>
      </trkpt>
      <trkpt lat="41.044487" lon="-85.248359">
        <ele>216.0</ele>
      </trkpt>
      <trkpt lat="41.044541" lon="-85.248354">
        <ele>216.0</ele>
      </trkpt>
      <trkpt lat="41.044597" lon="-85.248349">
        <ele>217.0</ele>
      </trkpt>
      <trkpt lat="41.044651" lon="-85.248349">
        <ele>217.0</ele>
      </trkpt>
      <trkpt lat="41.044705" lon="-85.248349">
        <ele>217.0</ele>
      </trkpt>
      <trkpt lat="41.044764" lon="-85.248333">
        <ele>217.0</ele>
      </trkpt>
      <trkpt lat="41.044812" lon="-85.248333">
        <ele>217.0</ele>
      </trkpt>
      <trkpt lat="41.044863" lon="-85.248338">
        <ele>217.0</ele>
      </trkpt>
      <trkpt lat="41.044903" lon="-85.248333">
        <ele>217.0</ele>
      </trkpt>
      <trkpt lat="41.044938" lon="-85.248322">
        <ele>217.0</ele>
      </trkpt>
      <trkpt lat="41.044962" lon="-85.248306">
        <ele>217.0</ele>
      </trkpt>
      <trkpt lat="41.044984" lon="-85.248295">
        <ele>217.0</ele>
      </trkpt>
      <trkpt lat="41.04501" lon="-85.248284">
        <ele>217.0</ele>
      </trkpt>
      <trkpt lat="41.045027" lon="-85.248284">
        <ele>216.0</ele>
      </trkpt>
      <trkpt lat="41.04504" lon="-85.248295">
        <ele>216.0</ele>
      </trkpt>
      <trkpt lat="41.045056" lon="-85.248295">
        <ele>216.0</ele>
      </trkpt>
      <trkpt lat="41.045072" lon="-85.248295">
        <ele>216.0</ele>
      </trkpt>
      <trkpt lat="41.045075" lon="-85.2483">
        <ele>216.0</ele>
      </trkpt>
      <trkpt lat="41.045091" lon="-85.248306">
        <ele>216.0</ele>
      </trkpt>
      <trkpt lat="41.045099" lon="-85.248306">
        <ele>216.0</ele>
      </trkpt>
      <trkpt lat="41.045107" lon="-85.248306">
        <ele>216.0</ele>
      </trkpt>
      <trkpt lat="41.045118" lon="-85.2483">
        <ele>216.0</ele>
      </trkpt>
      <trkpt lat="41.045137" lon="-85.248306">
        <ele>216.0</ele>
      </trkpt>
      <trkpt lat="41.045161" lon="-85.248306">
        <ele>216.0</ele>
      </trkpt>
      <trkpt lat="41.04519" lon="-85.248306">
        <ele>216.0</ele>
      </trkpt>
      <trkpt lat="41.045225" lon="-85.248306">
        <ele>216.0</ele>
      </trkpt>
      <trkpt lat="41.045263" lon="-85.248306">
        <ele>216.0</ele>
      </trkpt>
      <trkpt lat="41.045292" lon="-85.248322">
        <ele>216.0</ele>
      </trkpt>
      <trkpt lat="41.045324" lon="-85.248354">
        <ele>216.0</ele>
      </trkpt>
      <trkpt lat="41.045354" lon="-85.248392">
        <ele>216.0</ele>
      </trkpt>
      <trkpt lat="41.045373" lon="-85.248451">
        <ele>216.0</ele>
      </trkpt>
      <trkpt lat="41.045383" lon="-85.248515">
        <ele>216.0</ele>
      </trkpt>
      <trkpt lat="41.045381" lon="-85.248585">
        <ele>216.0</ele>
      </trkpt>
      <trkpt lat="41.045381" lon="-85.24866">
        <ele>216.0</ele>
      </trkpt>
      <trkpt lat="41.045378" lon="-85.24873">
        <ele>216.0</ele>
      </trkpt>
      <trkpt lat="41.045378" lon="-85.248805">
        <ele>216.0</ele>
      </trkpt>
      <trkpt lat="41.045373" lon="-85.248874">
        <ele>216.0</ele>
      </trkpt>
      <trkpt lat="41.04537" lon="-85.248949">
        <ele>216.0</ele>
      </trkpt>
      <trkpt lat="41.04537" lon="-85.249025">
        <ele>216.0</ele>
      </trkpt>
      <trkpt lat="41.045364" lon="-85.249116">
        <ele>216.0</ele>
      </trkpt>
      <trkpt lat="41.045359" lon="-85.249202">
        <ele>216.0</ele>
      </trkpt>
      <trkpt lat="41.045354" lon="-85.249293">
        <ele>216.0</ele>
      </trkpt>
      <trkpt lat="41.045343" lon="-85.249379">
        <ele>216.0</ele>
      </trkpt>
      <trkpt lat="41.045338" lon="-85.24947">
        <ele>216.0</ele>
      </trkpt>
      <trkpt lat="41.045335" lon="-85.249545">
        <ele>217.0</ele>
      </trkpt>
      <trkpt lat="41.045324" lon="-85.249636">
        <ele>217.0</ele>
      </trkpt>
      <trkpt lat="41.045319" lon="-85.249711">
        <ele>217.0</ele>
      </trkpt>
      <trkpt lat="41.045319" lon="-85.249797">
        <ele>217.0</ele>
      </trkpt>
      <trkpt lat="41.045316" lon="-85.249867">
        <ele>217.0</ele>
      </trkpt>
      <trkpt lat="41.045319" lon="-85.249947">
        <ele>217.0</ele>
      </trkpt>
      <trkpt lat="41.045324" lon="-85.250022">
        <ele>217.0</ele>
      </trkpt>
      <trkpt lat="41.045327" lon="-85.250108">
        <ele>217.0</ele>
      </trkpt>
      <trkpt lat="41.045319" lon="-85.250178">
        <ele>217.0</ele>
      </trkpt>
      <trkpt lat="41.045319" lon="-85.250269">
        <ele>217.0</ele>
      </trkpt>
      <trkpt lat="41.045311" lon="-85.250339">
        <ele>217.0</ele>
      </trkpt>
      <trkpt lat="41.045311" lon="-85.250409">
        <ele>217.0</ele>
      </trkpt>
      <trkpt lat="41.045308" lon="-85.250484">
        <ele>217.0</ele>
      </trkpt>
      <trkpt lat="41.045305" lon="-85.250559">
        <ele>217.0</ele>
      </trkpt>
      <trkpt lat="41.045297" lon="-85.250629">
        <ele>217.0</ele>
      </trkpt>
      <trkpt lat="41.045297" lon="-85.250698">
        <ele>217.0</ele>
      </trkpt>
      <trkpt lat="41.045292" lon="-85.250763">
        <ele>217.0</ele>
      </trkpt>
      <trkpt lat="41.045289" lon="-85.250832">
        <ele>217.0</ele>
      </trkpt>
      <trkpt lat="41.045284" lon="-85.250897">
        <ele>218.0</ele>
      </trkpt>
      <trkpt lat="41.045281" lon="-85.250977">
        <ele>218.0</ele>
      </trkpt>
      <trkpt lat="41.045279" lon="-85.251047">
        <ele>218.0</ele>
      </trkpt>
      <trkpt lat="41.045279" lon="-85.251122">
        <ele>218.0</ele>
      </trkpt>
      <trkpt lat="41.045273" lon="-85.251186">
        <ele>219.0</ele>
      </trkpt>
      <trkpt lat="41.045273" lon="-85.251262">
        <ele>219.0</ele>
      </trkpt>
      <trkpt lat="41.045273" lon="-85.251331">
        <ele>219.0</ele>
      </trkpt>
      <trkpt lat="41.045279" lon="-85.25139">
        <ele>219.0</ele>
      </trkpt>
      <trkpt lat="41.045279" lon="-85.251476">
        <ele>219.0</ele>
      </trkpt>
      <trkpt lat="41.045279" lon="-85.25154">
        <ele>220.0</ele>
      </trkpt>
      <trkpt lat="41.045279" lon="-85.251621">
        <ele>220.0</ele>
      </trkpt>
      <trkpt lat="41.045279" lon="-85.251691">
        <ele>220.0</ele>
      </trkpt>
      <trkpt lat="41.045281" lon="-85.251771">
        <ele>220.0</ele>
      </trkpt>
      <trkpt lat="41.045281" lon="-85.251841">
        <ele>220.2</ele>
      </trkpt>
      <trkpt lat="41.045284" lon="-85.251911">
        <ele>220.5</ele>
      </trkpt>
      <trkpt lat="41.045281" lon="-85.25197">
        <ele>220.7</ele>
      </trkpt>
      <trkpt lat="41.045273" lon="-85.252034">
        <ele>220.9</ele>
      </trkpt>
      <trkpt lat="41.045265" lon="-85.252109">
        <ele>221.2</ele>
      </trkpt>
      <trkpt lat="41.045263" lon="-85.252179">
        <ele>221.5</ele>
      </trkpt>
      <trkpt lat="41.045265" lon="-85.252254">
        <ele>221.8</ele>
      </trkpt>
      <trkpt lat="41.045263" lon="-85.252324">
        <ele>222.0</ele>
      </trkpt>
      <trkpt lat="41.04526" lon="-85.252404">
        <ele>222.1</ele>
      </trkpt>
      <trkpt lat="41.045263" lon="-85.252479">
        <ele>222.2</ele>
      </trkpt>
      <trkpt lat="41.045263" lon="-85.252565">
        <ele>222.3</ele>
      </trkpt>
      <trkpt lat="41.045263" lon="-85.25264">
        <ele>222.4</ele>
      </trkpt>
      <trkpt lat="41.045265" lon="-85.252726">
        <ele>222.5</ele>
      </trkpt>
      <trkpt lat="41.045273" lon="-85.252801">
        <ele>222.6</ele>
      </trkpt>
      <trkpt lat="41.045273" lon="-85.252876">
        <ele>222.7</ele>
      </trkpt>
      <trkpt lat="41.045273" lon="-85.252967">
        <ele>222.8</ele>
      </trkpt>
      <trkpt lat="41.045273" lon="-85.253053">
        <ele>223.0</ele>
      </trkpt>
      <trkpt lat="41.045273" lon="-85.253128">
        <ele>223.0</ele>
      </trkpt>
      <trkpt lat="41.045271" lon="-85.253209">
        <ele>224.0</ele>
      </trkpt>
      <trkpt lat="41.045271" lon="-85.253289">
        <ele>224.0</ele>
      </trkpt>
      <trkpt lat="41.045273" lon="-85.253375">
        <ele>224.0</ele>
      </trkpt>
      <trkpt lat="41.045265" lon="-85.253466">
        <ele>224.0</ele>
      </trkpt>
      <trkpt lat="41.045265" lon="-85.253558">
        <ele>224.0</ele>
      </trkpt>
      <trkpt lat="41.045271" lon="-85.253643">
        <ele>224.0</ele>
      </trkpt>
      <trkpt lat="41.045271" lon="-85.253735">
        <ele>223.0</ele>
      </trkpt>
      <trkpt lat="41.045271" lon="-85.253815">
        <ele>223.0</ele>
      </trkpt>
      <trkpt lat="41.045265" lon="-85.253917">
        <ele>223.0</ele>
      </trkpt>
      <trkpt lat="41.045265" lon="-85.254013">
        <ele>223.0</ele>
      </trkpt>
      <trkpt lat="41.045265" lon="-85.254121">
        <ele>223.0</ele>
      </trkpt>
      <trkpt lat="41.045265" lon="-85.254228">
        <ele>222.0</ele>
      </trkpt>
      <trkpt lat="41.045273" lon="-85.254335">
        <ele>222.0</ele>
      </trkpt>
      <trkpt lat="41.045273" lon="-85.254443">
        <ele>222.0</ele>
      </trkpt>
      <trkpt lat="41.045279" lon="-85.254555">
        <ele>222.0</ele>
      </trkpt>
      <trkpt lat="41.045281" lon="-85.254663">
        <ele>221.0</ele>
      </trkpt>
      <trkpt lat="41.045281" lon="-85.254781">
        <ele>221.0</ele>
      </trkpt>
      <trkpt lat="41.045284" lon="-85.254893">
        <ele>221.0</ele>
      </trkpt>
      <trkpt lat="41.045284" lon="-85.25499">
        <ele>220.0</ele>
      </trkpt>
      <trkpt lat="41.045289" lon="-85.255108">
        <ele>220.0</ele>
      </trkpt>
      <trkpt lat="41.045284" lon="-85.255215">
        <ele>220.0</ele>
      </trkpt>
      <trkpt lat="41.045289" lon="-85.255312">
        <ele>220.0</ele>
      </trkpt>
      <trkpt lat="41.045281" lon="-85.255419">
        <ele>219.0</ele>
      </trkpt>
      <trkpt lat="41.045281" lon="-85.255526">
        <ele>219.0</ele>
      </trkpt>
      <trkpt lat="41.045281" lon="-85.255623">
        <ele>219.0</ele>
      </trkpt>
      <trkpt lat="41.045273" lon="-85.25573">
        <ele>219.0</ele>
      </trkpt>
      <trkpt lat="41.045273" lon="-85.255821">
        <ele>219.0</ele>
      </trkpt>
      <trkpt lat="41.045273" lon="-85.255907">
        <ele>219.0</ele>
      </trkpt>
      <trkpt lat="41.045273" lon="-85.255977">
        <ele>220.0</ele>
      </trkpt>
      <trkpt lat="41.045273" lon="-85.256036">
        <ele>220.0</ele>
      </trkpt>
      <trkpt lat="41.045265" lon="-85.256073">
        <ele>220.0</ele>
      </trkpt>
      <trkpt lat="41.045263" lon="-85.256106">
        <ele>220.0</ele>
      </trkpt>
      <trkpt lat="41.04526" lon="-85.256127">
        <ele>220.0</ele>
      </trkpt>
      <trkpt lat="41.045246" lon="-85.256143">
        <ele>220.0</ele>
      </trkpt>
      <trkpt lat="41.045238" lon="-85.256159">
        <ele>220.0</ele>
      </trkpt>
      <trkpt lat="41.045233" lon="-85.256181">
        <ele>220.0</ele>
      </trkpt>
      <trkpt lat="41.045225" lon="-85.256202">
        <ele>220.0</ele>
      </trkpt>
      <trkpt lat="41.04522" lon="-85.256218">
        <ele>220.0</ele>
      </trkpt>
      <trkpt lat="41.045209" lon="-85.256234">
        <ele>220.0</ele>
      </trkpt>
      <trkpt lat="41.045182" lon="-85.25625">
        <ele>220.0</ele>
      </trkpt>
      <trkpt lat="41.045153" lon="-85.25625">
        <ele>220.0</ele>
      </trkpt>
      <trkpt lat="41.045118" lon="-85.256256">
        <ele>220.0</ele>
      </trkpt>
      <trkpt lat="41.04508" lon="-85.256267">
        <ele>220.0</ele>
      </trkpt>
      <trkpt lat="41.045037" lon="-85.256283">
        <ele>220.0</ele>
      </trkpt>
      <trkpt lat="41.044994" lon="-85.256288">
        <ele>220.0</ele>
      </trkpt>
      <trkpt lat="41.044946" lon="-85.256299">
        <ele>220.0</ele>
      </trkpt>
      <trkpt lat="41.044892" lon="-85.256304">
        <ele>220.0</ele>
      </trkpt>
      <trkpt lat="41.044836" lon="-85.25632">
        <ele>219.0</ele>
      </trkpt>
      <trkpt lat="41.044777" lon="-85.256326">
        <ele>219.0</ele>
      </trkpt>
      <trkpt lat="41.044723" lon="-85.256336">
        <ele>219.0</ele>
      </trkpt>
      <trkpt lat="41.044664" lon="-85.256347">
        <ele>219.0</ele>
      </trkpt>
      <trkpt lat="41.044605" lon="-85.256336">
        <ele>219.0</ele>
      </trkpt>
      <trkpt lat="41.044552" lon="-85.256336">
        <ele>219.0</ele>
      </trkpt>
      <trkpt lat="41.044495" lon="-85.256326">
        <ele>218.0</ele>
      </trkpt>
      <trkpt lat="41.044439" lon="-85.25632">
        <ele>218.0</ele>
      </trkpt>
      <trkpt lat="41.04438" lon="-85.256309">
        <ele>218.0</ele>
      </trkpt>
      <trkpt lat="41.044324" lon="-85.256309">
        <ele>218.0</ele>
      </trkpt>
      <trkpt lat="41.044267" lon="-85.256299">
        <ele>218.0</ele>
      </trkpt>
      <trkpt lat="41.044203" lon="-85.256299">
        <ele>218.0</ele>
      </trkpt>
      <trkpt lat="41.044131" lon="-85.256288">
        <ele>218.0</ele>
      </trkpt>
      <trkpt lat="41.044053" lon="-85.256288">
        <ele>218.0</ele>
      </trkpt>
      <trkpt lat="41.04398" lon="-85.256299">
        <ele>218.0</ele>
      </trkpt>
      <trkpt lat="41.0439" lon="-85.256283">
        <ele>218.0</ele>
      </trkpt>
      <trkpt lat="41.04382" lon="-85.256267">
        <ele>218.0</ele>
      </trkpt>
      <trkpt lat="41.043744" lon="-85.256267">
        <ele>218.0</ele>
      </trkpt>
      <trkpt lat="41.043664" lon="-85.25625">
        <ele>218.0</ele>
      </trkpt>
      <trkpt lat="41.043584" lon="-85.25625">
        <ele>218.0</ele>
      </trkpt>
      <trkpt lat="41.043503" lon="-85.256256">
        <ele>218.0</ele>
      </trkpt>
      <trkpt lat="41.043423" lon="-85.256256">
        <ele>218.0</ele>
      </trkpt>
      <trkpt lat="41.043345" lon="-85.25625">
        <ele>217.0</ele>
      </trkpt>
      <trkpt lat="41.043259" lon="-85.256234">
        <ele>217.0</ele>
      </trkpt>
      <trkpt lat="41.043184" lon="-85.256229">
        <ele>217.0</ele>
      </trkpt>
      <trkpt lat="41.043103" lon="-85.256202">
        <ele>217.0</ele>
      </trkpt>
      <trkpt lat="41.043023" lon="-85.256191">
        <ele>216.0</ele>
      </trkpt>
      <trkpt lat="41.042951" lon="-85.256165">
        <ele>216.0</ele>
      </trkpt>
      <trkpt lat="41.042867" lon="-85.256159">
        <ele>216.0</ele>
      </trkpt>
      <trkpt lat="41.042787" lon="-85.256143">
        <ele>216.0</ele>
      </trkpt>
      <trkpt lat="41.042698" lon="-85.256122">
        <ele>216.0</ele>
      </trkpt>
      <trkpt lat="41.042607" lon="-85.256106">
        <ele>215.0</ele>
      </trkpt>
      <trkpt lat="41.042524" lon="-85.256084">
        <ele>215.0</ele>
      </trkpt>
      <trkpt lat="41.042441" lon="-85.256057">
        <ele>215.0</ele>
      </trkpt>
      <trkpt lat="41.04236" lon="-85.256036">
        <ele>215.0</ele>
      </trkpt>
      <trkpt lat="41.04228" lon="-85.25602">
        <ele>214.0</ele>
      </trkpt>
      <trkpt lat="41.042199" lon="-85.256004">
        <ele>214.0</ele>
      </trkpt>
      <trkpt lat="41.042127" lon="-85.25602">
        <ele>214.0</ele>
      </trkpt>
      <trkpt lat="41.042055" lon="-85.25602">
        <ele>214.0</ele>
      </trkpt>
      <trkpt lat="41.041974" lon="-85.256004">
        <ele>214.0</ele>
      </trkpt>
      <trkpt lat="41.041899" lon="-85.255998">
        <ele>214.0</ele>
      </trkpt>
      <trkpt lat="41.041819" lon="-85.255993">
        <ele>214.0</ele>
      </trkpt>
      <trkpt lat="41.041738" lon="-85.255982">
        <ele>213.0</ele>
      </trkpt>
      <trkpt lat="41.041658" lon="-85.255977">
        <ele>213.0</ele>
      </trkpt>
      <trkpt lat="41.041577" lon="-85.255977">
        <ele>213.0</ele>
      </trkpt>
      <trkpt lat="41.041502" lon="-85.255966">
        <ele>213.0</ele>
      </trkpt>
      <trkpt lat="41.041424" lon="-85.255966">
        <ele>213.0</ele>
      </trkpt>
      <trkpt lat="41.041344" lon="-85.255966">
        <ele>213.0</ele>
      </trkpt>
      <trkpt lat="41.041271" lon="-85.255961">
        <ele>213.0</ele>
      </trkpt>
      <trkpt lat="41.041196" lon="-85.255961">
        <ele>213.0</ele>
      </trkpt>
      <trkpt lat="41.041124" lon="-85.255955">
        <ele>213.0</ele>
      </trkpt>
      <trkpt lat="41.04106" lon="-85.255955">
        <ele>213.0</ele>
      </trkpt>
      <trkpt lat="41.040982" lon="-85.255945">
        <ele>213.0</ele>
      </trkpt>
      <trkpt lat="41.040907" lon="-85.255929">
        <ele>213.0</ele>
      </trkpt>
      <trkpt lat="41.040837" lon="-85.255939">
        <ele>213.0</ele>
      </trkpt>
      <trkpt lat="41.040762" lon="-85.255939">
        <ele>213.0</ele>
      </trkpt>
      <trkpt lat="41.040676" lon="-85.255945">
        <ele>213.0</ele>
      </trkpt>
      <trkpt lat="41.040598" lon="-85.255955">
        <ele>213.0</ele>
      </trkpt>
      <trkpt lat="41.04052" lon="-85.255955">
        <ele>213.0</ele>
      </trkpt>
      <trkpt lat="41.04044" lon="-85.255955">
        <ele>214.0</ele>
      </trkpt>
      <trkpt lat="41.040359" lon="-85.255955">
        <ele>214.0</ele>
      </trkpt>
      <trkpt lat="41.040284" lon="-85.255961">
        <ele>214.0</ele>
      </trkpt>
      <trkpt lat="41.040201" lon="-85.255955">
        <ele>214.0</ele>
      </trkpt>
      <trkpt lat="41.040123" lon="-85.255939">
        <ele>214.0</ele>
      </trkpt>
      <trkpt lat="41.04004" lon="-85.255912">
        <ele>214.0</ele>
      </trkpt>
      <trkpt lat="41.03996" lon="-85.255891">
        <ele>214.0</ele>
      </trkpt>
      <trkpt lat="41.039879" lon="-85.25587">
        <ele>214.0</ele>
      </trkpt>
      <trkpt lat="41.039804" lon="-85.255832">
        <ele>214.0</ele>
      </trkpt>
      <trkpt lat="41.039718" lon="-85.255811">
        <ele>215.0</ele>
      </trkpt>
      <trkpt lat="41.039643" lon="-85.255768">
        <ele>215.0</ele>
      </trkpt>
      <trkpt lat="41.039574" lon="-85.255741">
        <ele>215.0</ele>
      </trkpt>
      <trkpt lat="41.039501" lon="-85.255703">
        <ele>215.0</ele>
      </trkpt>
      <trkpt lat="41.039434" lon="-85.255655">
        <ele>215.0</ele>
      </trkpt>
      <trkpt lat="41.039362" lon="-85.255623">
        <ele>215.0</ele>
      </trkpt>
      <trkpt lat="41.039297" lon="-85.255585">
        <ele>215.0</ele>
      </trkpt>
      <trkpt lat="41.039225" lon="-85.255564">
        <ele>215.0</ele>
      </trkpt>
      <trkpt lat="41.039158" lon="-85.255542">
        <ele>216.0</ele>
      </trkpt>
      <trkpt lat="41.039093" lon="-85.25551">
        <ele>216.0</ele>
      </trkpt>
      <trkpt lat="41.039021" lon="-85.255489">
        <ele>216.0</ele>
      </trkpt>
      <trkpt lat="41.038957" lon="-85.255457">
        <ele>216.0</ele>
      </trkpt>
      <trkpt lat="41.038884" lon="-85.25544">
        <ele>216.0</ele>
      </trkpt>
      <trkpt lat="41.038812" lon="-85.255424">
        <ele>216.0</ele>
      </trkpt>
      <trkpt lat="41.038739" lon="-85.255419">
        <ele>216.0</ele>
      </trkpt>
      <trkpt lat="41.038667" lon="-85.255414">
        <ele>216.0</ele>
      </trkpt>
      <trkpt lat="41.038589" lon="-85.255414">
        <ele>216.0</ele>
      </trkpt>
      <trkpt lat="41.038517" lon="-85.255403">
        <ele>216.0</ele>
      </trkpt>
      <trkpt lat="41.03845" lon="-85.255403">
        <ele>216.0</ele>
      </trkpt>
      <trkpt lat="41.03838" lon="-85.255403">
        <ele>216.0</ele>
      </trkpt>
      <trkpt lat="41.038321" lon="-85.255398">
        <ele>216.0</ele>
      </trkpt>
      <trkpt lat="41.038259" lon="-85.255387">
        <ele>216.0</ele>
      </trkpt>
      <trkpt lat="41.038206" lon="-85.255381">
        <ele>216.0</ele>
      </trkpt>
      <trkpt lat="41.038155" lon="-85.255381">
        <ele>216.0</ele>
      </trkpt>
      <trkpt lat="41.038106" lon="-85.255387">
        <ele>216.0</ele>
      </trkpt>
      <trkpt lat="41.038053" lon="-85.255398">
        <ele>216.0</ele>
      </trkpt>
      <trkpt lat="41.037996" lon="-85.255398">
        <ele>216.0</ele>
      </trkpt>
      <trkpt lat="41.037943" lon="-85.255398">
        <ele>217.0</ele>
      </trkpt>
      <trkpt lat="41.037881" lon="-85.255403">
        <ele>217.0</ele>
      </trkpt>
      <trkpt lat="41.037819" lon="-85.255414">
        <ele>217.0</ele>
      </trkpt>
      <trkpt lat="41.037763" lon="-85.255419">
        <ele>218.0</ele>
      </trkpt>
      <trkpt lat="41.037699" lon="-85.255424">
        <ele>218.0</ele>
      </trkpt>
      <trkpt lat="41.037637" lon="-85.255424">
        <ele>218.0</ele>
      </trkpt>
      <trkpt lat="41.037567" lon="-85.255451">
        <ele>218.0</ele>
      </trkpt>
      <trkpt lat="41.037503" lon="-85.255473">
        <ele>218.0</ele>
      </trkpt>
      <trkpt lat="41.037439" lon="-85.255494">
        <ele>218.0</ele>
      </trkpt>
      <trkpt lat="41.037374" lon="-85.255532">
        <ele>219.0</ele>
      </trkpt>
      <trkpt lat="41.037315" lon="-85.25558">
        <ele>219.0</ele>
      </trkpt>
      <trkpt lat="41.037251" lon="-85.255617">
        <ele>219.0</ele>
      </trkpt>
      <trkpt lat="41.037203" lon="-85.255655">
        <ele>219.0</ele>
      </trkpt>
      <trkpt lat="41.037138" lon="-85.255703">
        <ele>219.0</ele>
      </trkpt>
      <trkpt lat="41.037076" lon="-85.25573">
        <ele>218.0</ele>
      </trkpt>
      <trkpt lat="41.037012" lon="-85.255762">
        <ele>218.0</ele>
      </trkpt>
      <trkpt lat="41.036953" lon="-85.2558">
        <ele>218.0</ele>
      </trkpt>
      <trkpt lat="41.036897" lon="-85.255853">
        <ele>218.0</ele>
      </trkpt>
      <trkpt lat="41.03684" lon="-85.255907">
        <ele>218.0</ele>
      </trkpt>
      <trkpt lat="41.036787" lon="-85.255961">
        <ele>218.0</ele>
      </trkpt>
      <trkpt lat="41.036733" lon="-85.256031">
        <ele>218.0</ele>
      </trkpt>
      <trkpt lat="41.03669" lon="-85.2561">
        <ele>218.0</ele>
      </trkpt>
      <trkpt lat="41.036642" lon="-85.256159">
        <ele>218.0</ele>
      </trkpt>
      <trkpt lat="41.036599" lon="-85.256234">
        <ele>218.0</ele>
      </trkpt>
      <trkpt lat="41.036561" lon="-85.256309">
        <ele>218.0</ele>
      </trkpt>
      <trkpt lat="41.036519" lon="-85.256395">
        <ele>217.0</ele>
      </trkpt>
      <trkpt lat="41.036478" lon="-85.256481">
        <ele>217.0</ele>
      </trkpt>
      <trkpt lat="41.036443" lon="-85.256572">
        <ele>217.0</ele>
      </trkpt>
      <trkpt lat="41.036409" lon="-85.256653">
        <ele>217.0</ele>
      </trkpt>
      <trkpt lat="41.036384" lon="-85.256744">
        <ele>217.0</ele>
      </trkpt>
      <trkpt lat="41.036366" lon="-85.256824">
        <ele>217.0</ele>
      </trkpt>
      <trkpt lat="41.036347" lon="-85.256921">
        <ele>217.0</ele>
      </trkpt>
      <trkpt lat="41.036325" lon="-85.257007">
        <ele>217.0</ele>
      </trkpt>
      <trkpt lat="41.036299" lon="-85.257098">
        <ele>216.0</ele>
      </trkpt>
      <trkpt lat="41.036272" lon="-85.257184">
        <ele>216.0</ele>
      </trkpt>
      <trkpt lat="41.03624" lon="-85.257264">
        <ele>216.0</ele>
      </trkpt>
      <trkpt lat="41.036218" lon="-85.257366">
        <ele>216.0</ele>
      </trkpt>
      <trkpt lat="41.036183" lon="-85.257447">
        <ele>217.0</ele>
      </trkpt>
      <trkpt lat="41.036162" lon="-85.257538">
        <ele>217.0</ele>
      </trkpt>
      <trkpt lat="41.03614" lon="-85.257624">
        <ele>217.0</ele>
      </trkpt>
      <trkpt lat="41.036122" lon="-85.257715">
        <ele>217.0</ele>
      </trkpt>
      <trkpt lat="41.036092" lon="-85.257801">
        <ele>218.0</ele>
      </trkpt>
      <trkpt lat="41.036073" lon="-85.257897">
        <ele>218.0</ele>
      </trkpt>
      <trkpt lat="41.036046" lon="-85.257983">
        <ele>218.0</ele>
      </trkpt>
      <trkpt lat="41.036036" lon="-85.25808">
        <ele>219.0</ele>
      </trkpt>
      <trkpt lat="41.036009" lon="-85.258171">
        <ele>219.0</ele>
      </trkpt>
      <trkpt lat="41.035982" lon="-85.258273">
        <ele>219.0</ele>
      </trkpt>
      <trkpt lat="41.035958" lon="-85.258369">
        <ele>219.0</ele>
      </trkpt>
      <trkpt lat="41.03592" lon="-85.258461">
        <ele>218.0</ele>
      </trkpt>
      <trkpt lat="41.035886" lon="-85.258557">
        <ele>218.0</ele>
      </trkpt>
      <trkpt lat="41.035843" lon="-85.258654">
        <ele>218.0</ele>
      </trkpt>
      <trkpt lat="41.035802" lon="-85.25874">
        <ele>217.0</ele>
      </trkpt>
      <trkpt lat="41.035751" lon="-85.258831">
        <ele>217.0</ele>
      </trkpt>
      <trkpt lat="41.035703" lon="-85.258911">
        <ele>217.0</ele>
      </trkpt>
      <trkpt lat="41.035647" lon="-85.258997">
        <ele>217.0</ele>
      </trkpt>
      <trkpt lat="41.035593" lon="-85.259083">
        <ele>216.0</ele>
      </trkpt>
      <trkpt lat="41.035542" lon="-85.259174">
        <ele>216.0</ele>
      </trkpt>
      <trkpt lat="41.035489" lon="-85.259255">
        <ele>216.0</ele>
      </trkpt>
      <trkpt lat="41.03544" lon="-85.25934">
        <ele>216.0</ele>
      </trkpt>
      <trkpt lat="41.035395" lon="-85.259426">
        <ele>215.0</ele>
      </trkpt>
      <trkpt lat="41.035341" lon="-85.259517">
        <ele>215.0</ele>
      </trkpt>
      <trkpt lat="41.03529" lon="-85.259592">
        <ele>215.0</ele>
      </trkpt>
      <trkpt lat="41.035242" lon="-85.259684">
        <ele>215.0</ele>
      </trkpt>
      <trkpt lat="41.035191" lon="-85.259759">
        <ele>214.0</ele>
      </trkpt>
      <trkpt lat="41.035137" lon="-85.259834">
        <ele>214.0</ele>
      </trkpt>
      <trkpt lat="41.035089" lon="-85.259914">
        <ele>214.0</ele>
      </trkpt>
      <trkpt lat="41.035025" lon="-85.259995">
        <ele>214.0</ele>
      </trkpt>
      <trkpt lat="41.034971" lon="-85.260065">
        <ele>213.0</ele>
      </trkpt>
      <trkpt lat="41.034907" lon="-85.260124">
        <ele>213.0</ele>
      </trkpt>
      <trkpt lat="41.034834" lon="-85.260193">
        <ele>213.0</ele>
      </trkpt>
      <trkpt lat="41.034775" lon="-85.260258">
        <ele>213.0</ele>
      </trkpt>
      <trkpt lat="41.034721" lon="-85.260322">
        <ele>213.0</ele>
      </trkpt>
      <trkpt lat="41.034662" lon="-85.260386">
        <ele>213.0</ele>
      </trkpt>
      <trkpt lat="41.034601" lon="-85.260445">
        <ele>213.0</ele>
      </trkpt>
      <trkpt lat="41.034528" lon="-85.260515">
        <ele>213.0</ele>
      </trkpt>
      <trkpt lat="41.034456" lon="-85.260563">
        <ele>213.0</ele>
      </trkpt>
      <trkpt lat="41.034397" lon="-85.260606">
        <ele>213.0</ele>
      </trkpt>
      <trkpt lat="41.03433" lon="-85.260655">
        <ele>213.0</ele>
      </trkpt>
      <trkpt lat="41.034257" lon="-85.260681">
        <ele>213.0</ele>
      </trkpt>
      <trkpt lat="41.034177" lon="-85.260714">
        <ele>214.0</ele>
      </trkpt>
      <trkpt lat="41.034105" lon="-85.260735">
        <ele>214.0</ele>
      </trkpt>
      <trkpt lat="41.034029" lon="-85.260751">
        <ele>214.0</ele>
      </trkpt>
      <trkpt lat="41.033944" lon="-85.260751">
        <ele>214.0</ele>
      </trkpt>
      <trkpt lat="41.033863" lon="-85.26073">
        <ele>214.0</ele>
      </trkpt>
      <trkpt lat="41.03378" lon="-85.260708">
        <ele>215.0</ele>
      </trkpt>
      <trkpt lat="41.0337" lon="-85.260692">
        <ele>215.0</ele>
      </trkpt>
      <trkpt lat="41.033619" lon="-85.26066">
        <ele>215.0</ele>
      </trkpt>
      <trkpt lat="41.033539" lon="-85.260617">
        <ele>215.0</ele>
      </trkpt>
      <trkpt lat="41.033461" lon="-85.260574">
        <ele>215.0</ele>
      </trkpt>
      <trkpt lat="41.03338" lon="-85.260537">
        <ele>215.0</ele>
      </trkpt>
      <trkpt lat="41.033295" lon="-85.260499">
        <ele>215.0</ele>
      </trkpt>
      <trkpt lat="41.033211" lon="-85.260445">
        <ele>215.0</ele>
      </trkpt>
      <trkpt lat="41.033131" lon="-85.260408">
        <ele>215.0</ele>
      </trkpt>
      <trkpt lat="41.03305" lon="-85.26037">
        <ele>215.0</ele>
      </trkpt>
      <trkpt lat="41.032975" lon="-85.260322">
        <ele>215.0</ele>
      </trkpt>
      <trkpt lat="41.032906" lon="-85.260263">
        <ele>215.0</ele>
      </trkpt>
      <trkpt lat="41.032839" lon="-85.260204">
        <ele>215.0</ele>
      </trkpt>
      <trkpt lat="41.032777" lon="-85.26015">
        <ele>215.0</ele>
      </trkpt>
      <trkpt lat="41.032721" lon="-85.260081">
        <ele>215.0</ele>
      </trkpt>
      <trkpt lat="41.032675" lon="-85.260011">
        <ele>215.0</ele>
      </trkpt>
      <trkpt lat="41.032632" lon="-85.25993">
        <ele>216.0</ele>
      </trkpt>
      <trkpt lat="41.032597" lon="-85.25985">
        <ele>216.0</ele>
      </trkpt>
      <trkpt lat="41.032562" lon="-85.25977">
        <ele>216.0</ele>
      </trkpt>
      <trkpt lat="41.032541" lon="-85.259689">
        <ele>216.0</ele>
      </trkpt>
      <trkpt lat="41.032522" lon="-85.259609">
        <ele>216.0</ele>
      </trkpt>
      <trkpt lat="41.032498" lon="-85.259539">
        <ele>216.0</ele>
      </trkpt>
      <trkpt lat="41.03249" lon="-85.259453">
        <ele>216.0</ele>
      </trkpt>
      <trkpt lat="41.032479" lon="-85.259373">
        <ele>216.0</ele>
      </trkpt>
      <trkpt lat="41.032476" lon="-85.259292">
        <ele>217.0</ele>
      </trkpt>
      <trkpt lat="41.032471" lon="-85.259228">
        <ele>217.0</ele>
      </trkpt>
      <trkpt lat="41.032471" lon="-85.259137">
        <ele>217.0</ele>
      </trkpt>
      <trkpt lat="41.032476" lon="-85.259056">
        <ele>216.0</ele>
      </trkpt>
      <trkpt lat="41.032485" lon="-85.258965">
        <ele>216.0</ele>
      </trkpt>
      <trkpt lat="41.032498" lon="-85.25889">
        <ele>216.0</ele>
      </trkpt>
      <trkpt lat="41.032514" lon="-85.258799">
        <ele>216.0</ele>
      </trkpt>
      <trkpt lat="41.032533" lon="-85.258723">
        <ele>215.0</ele>
      </trkpt>
      <trkpt lat="41.03256" lon="-85.258638">
        <ele>215.0</ele>
      </trkpt>
      <trkpt lat="41.032594" lon="-85.258563">
        <ele>215.0</ele>
      </trkpt>
      <trkpt lat="41.032624" lon="-85.258471">
        <ele>215.0</ele>
      </trkpt>
      <trkpt lat="41.032659" lon="-85.25838">
        <ele>214.0</ele>
      </trkpt>
      <trkpt lat="41.032696" lon="-85.258289">
        <ele>214.0</ele>
      </trkpt>
      <trkpt lat="41.032731" lon="-85.258214">
        <ele>214.0</ele>
      </trkpt>
      <trkpt lat="41.032766" lon="-85.258117">
        <ele>214.0</ele>
      </trkpt>
      <trkpt lat="41.032796" lon="-85.258042">
        <ele>214.0</ele>
      </trkpt>
      <trkpt lat="41.032828" lon="-85.257951">
        <ele>214.0</ele>
      </trkpt>
      <trkpt lat="41.032857" lon="-85.257871">
        <ele>214.0</ele>
      </trkpt>
      <trkpt lat="41.032892" lon="-85.257774">
        <ele>213.0</ele>
      </trkpt>
      <trkpt lat="41.03293" lon="-85.257683">
        <ele>213.0</ele>
      </trkpt>
      <trkpt lat="41.032967" lon="-85.257586">
        <ele>213.0</ele>
      </trkpt>
      <trkpt lat="41.033002" lon="-85.257484">
        <ele>213.0</ele>
      </trkpt>
      <trkpt lat="41.033032" lon="-85.257393">
        <ele>213.0</ele>
      </trkpt>
      <trkpt lat="41.033059" lon="-85.257302">
        <ele>212.0</ele>
      </trkpt>
      <trkpt lat="41.033093" lon="-85.257221">
        <ele>212.0</ele>
      </trkpt>
      <trkpt lat="41.033123" lon="-85.25713">
        <ele>212.0</ele>
      </trkpt>
      <trkpt lat="41.033158" lon="-85.257034">
        <ele>212.0</ele>
      </trkpt>
      <trkpt lat="41.033182" lon="-85.256942">
        <ele>212.0</ele>
      </trkpt>
      <trkpt lat="41.033195" lon="-85.256851">
        <ele>212.0</ele>
      </trkpt>
      <trkpt lat="41.033195" lon="-85.256755">
        <ele>212.0</ele>
      </trkpt>
      <trkpt lat="41.033193" lon="-85.256653">
        <ele>212.0</ele>
      </trkpt>
      <trkpt lat="41.033177" lon="-85.256572">
        <ele>212.0</ele>
      </trkpt>
      <trkpt lat="41.033158" lon="-85.256486">
        <ele>212.0</ele>
      </trkpt>
      <trkpt lat="41.033136" lon="-85.256411">
        <ele>212.0</ele>
      </trkpt>
      <trkpt lat="41.03312" lon="-85.256358">
        <ele>212.0</ele>
      </trkpt>
      <trkpt lat="41.033096" lon="-85.256299">
        <ele>211.0</ele>
      </trkpt>
      <trkpt lat="41.033083" lon="-85.256234">
        <ele>211.0</ele>
      </trkpt>
      <trkpt lat="41.033085" lon="-85.256181">
        <ele>211.0</ele>
      </trkpt>
      <trkpt lat="41.033112" lon="-85.256143">
        <ele>212.0</ele>
      </trkpt>
      <trkpt lat="41.033147" lon="-85.256138">
        <ele>212.0</ele>
      </trkpt>
      <trkpt lat="41.033177" lon="-85.256138">
        <ele>212.0</ele>
      </trkpt>
      <trkpt lat="41.033209" lon="-85.2561">
        <ele>212.0</ele>
      </trkpt>
      <trkpt lat="41.033219" lon="-85.256057">
        <ele>212.0</ele>
      </trkpt>
      <trkpt lat="41.033222" lon="-85.256004">
        <ele>212.0</ele>
      </trkpt>
      <trkpt lat="41.033236" lon="-85.255977">
        <ele>213.0</ele>
      </trkpt>
      <trkpt lat="41.033244" lon="-85.255939">
        <ele>213.0</ele>
      </trkpt>
      <trkpt lat="41.033265" lon="-85.255902">
        <ele>213.0</ele>
      </trkpt>
      <trkpt lat="41.033289" lon="-85.255859">
        <ele>213.0</ele>
      </trkpt>
      <trkpt lat="41.033316" lon="-85.255811">
        <ele>213.0</ele>
      </trkpt>
      <trkpt lat="41.033337" lon="-85.255762">
        <ele>214.0</ele>
      </trkpt>
      <trkpt lat="41.033367" lon="-85.255714">
        <ele>214.0</ele>
      </trkpt>
      <trkpt lat="41.033407" lon="-85.255676">
        <ele>214.0</ele>
      </trkpt>
      <trkpt lat="41.033447" lon="-85.25566">
        <ele>214.0</ele>
      </trkpt>
      <trkpt lat="41.033488" lon="-85.255671">
        <ele>214.0</ele>
      </trkpt>
      <trkpt lat="41.03352" lon="-85.255714">
        <ele>214.0</ele>
      </trkpt>
      <trkpt lat="41.033544" lon="-85.255768">
        <ele>214.0</ele>
      </trkpt>
      <trkpt lat="41.033536" lon="-85.255853">
        <ele>214.0</ele>
      </trkpt>
      <trkpt lat="41.033517" lon="-85.255923">
        <ele>214.0</ele>
      </trkpt>
      <trkpt lat="41.033488" lon="-85.255982">
        <ele>215.0</ele>
      </trkpt>
      <trkpt lat="41.033447" lon="-85.256036">
        <ele>215.0</ele>
      </trkpt>
      <trkpt lat="41.033418" lon="-85.256106">
        <ele>215.0</ele>
      </trkpt>
      <trkpt lat="41.033402" lon="-85.256181">
        <ele>215.0</ele>
      </trkpt>
      <trkpt lat="41.033402" lon="-85.256245">
        <ele>215.0</ele>
      </trkpt>
      <trkpt lat="41.033418" lon="-85.256309">
        <ele>215.0</ele>
      </trkpt>
      <trkpt lat="41.033437" lon="-85.256379">
        <ele>215.0</ele>
      </trkpt>
      <trkpt lat="41.033455" lon="-85.256433">
        <ele>215.0</ele>
      </trkpt>
      <trkpt lat="41.03348" lon="-85.256481">
        <ele>215.0</ele>
      </trkpt>
      <trkpt lat="41.033506" lon="-85.25654">
        <ele>216.0</ele>
      </trkpt>
      <trkpt lat="41.033539" lon="-85.256594">
        <ele>216.0</ele>
      </trkpt>
      <trkpt lat="41.033587" lon="-85.256631">
        <ele>216.0</ele>
      </trkpt>
      <trkpt lat="41.033633" lon="-85.256664">
        <ele>216.0</ele>
      </trkpt>
      <trkpt lat="41.033686" lon="-85.25669">
        <ele>216.0</ele>
      </trkpt>
      <trkpt lat="41.033737" lon="-85.256706">
        <ele>216.0</ele>
      </trkpt>
      <trkpt lat="41.033783" lon="-85.256733">
        <ele>216.0</ele>
      </trkpt>
      <trkpt lat="41.033842" lon="-85.25676">
        <ele>216.0</ele>
      </trkpt>
      <trkpt lat="41.033882" lon="-85.256787">
        <ele>216.0</ele>
      </trkpt>
      <trkpt lat="41.033922" lon="-85.256808">
        <ele>216.0</ele>
      </trkpt>
      <trkpt lat="41.033944" lon="-85.256824">
        <ele>216.0</ele>
      </trkpt>
      <trkpt lat="41.033954" lon="-85.256846">
        <ele>215.0</ele>
      </trkpt>
      <trkpt lat="41.03396" lon="-85.256851">
        <ele>215.0</ele>
      </trkpt>
    </trkseg>
  </trk>
</gpx>
