<?xml version="1.0" encoding="UTF-8"?>
<gpx xmlns:gpxdata="http://www.cluetrust.com/XML/GPXDATA/1/0" xmlns:xsi="http://www.w3.org/2001/XMLSchema-instance" xmlns="http://www.topografix.com/GPX/1/1" version="1.1" creator="http://ridewithgps.com/" xsi:schemaLocation="http://www.topografix.com/GPX/1/1 http://www.topografix.com/GPX/1/1/gpx.xsd http://www.cluetrust.com/XML/GPXDATA/1/0 http://www.cluetrust.com/Schemas/gpxdata10.xsd">
  <metadata>
    <name>NT Section 6</name>
    <link href="https://ridewithgps.com/routes/54979986">
      <text>NT Section 6</text>
    </link>
    <time>2026-05-05T09:50:06Z</time>
  </metadata>
  <trk>
    <name>NT Section 6</name>
    <trkseg>
      <trkpt lat="47.023727" lon="-108.801048">
        <ele>1068.2</ele>
      </trkpt>
      <trkpt lat="47.023979" lon="-108.803467">
        <ele>1067.8</ele>
      </trkpt>
      <trkpt lat="47.025871" lon="-108.803055">
        <ele>1064.8</ele>
      </trkpt>
      <trkpt lat="47.02552" lon="-108.798622">
        <ele>1069.2</ele>
      </trkpt>
      <trkpt lat="47.025574" lon="-108.798317">
        <ele>1069.4</ele>
      </trkpt>
      <trkpt lat="47.02581" lon="-108.79821">
        <ele>1069.2</ele>
      </trkpt>
      <trkpt lat="47.040504" lon="-108.803368">
        <ele>1055.0</ele>
      </trkpt>
      <trkpt lat="47.040699" lon="-108.810448">
        <ele>1053.0</ele>
      </trkpt>
      <trkpt lat="47.044403" lon="-108.831345">
        <ele>1058.4</ele>
      </trkpt>
      <trkpt lat="47.045193" lon="-108.839729">
        <ele>1065.4</ele>
      </trkpt>
      <trkpt lat="47.04446" lon="-108.879784">
        <ele>1073.6</ele>
      </trkpt>
      <trkpt lat="47.047939" lon="-108.912895">
        <ele>1085.6</ele>
      </trkpt>
      <trkpt lat="47.047997" lon="-108.952438">
        <ele>1113.0</ele>
      </trkpt>
      <trkpt lat="47.048447" lon="-108.954575">
        <ele>1114.6</ele>
      </trkpt>
      <trkpt lat="47.050449" lon="-108.959877">
        <ele>1104.6</ele>
      </trkpt>
      <trkpt lat="47.051201" lon="-108.961456">
        <ele>1103.6</ele>
      </trkpt>
      <trkpt lat="47.051464" lon="-108.96254">
        <ele>1105.2</ele>
      </trkpt>
      <trkpt lat="47.054478" lon="-108.970757">
        <ele>1109.2</ele>
      </trkpt>
      <trkpt lat="47.058376" lon="-108.996994">
        <ele>1121.2</ele>
      </trkpt>
      <trkpt lat="47.061783" lon="-109.009529">
        <ele>1129.2</ele>
      </trkpt>
      <trkpt lat="47.062195" lon="-109.012299">
        <ele>1133.6</ele>
      </trkpt>
      <trkpt lat="47.062035" lon="-109.051071">
        <ele>1162.6</ele>
      </trkpt>
      <trkpt lat="47.06168" lon="-109.053146">
        <ele>1161.8</ele>
      </trkpt>
      <trkpt lat="47.061974" lon="-109.054604">
        <ele>1164.8</ele>
      </trkpt>
      <trkpt lat="47.062031" lon="-109.057922">
        <ele>1169.2</ele>
      </trkpt>
      <trkpt lat="47.062294" lon="-109.124702">
        <ele>1237.8</ele>
      </trkpt>
      <trkpt lat="47.062115" lon="-109.126411">
        <ele>1237.0</ele>
      </trkpt>
      <trkpt lat="47.061695" lon="-109.127968">
        <ele>1236.6</ele>
      </trkpt>
      <trkpt lat="47.058533" lon="-109.134285">
        <ele>1226.4</ele>
      </trkpt>
      <trkpt lat="47.057991" lon="-109.135918">
        <ele>1228.2</ele>
      </trkpt>
      <trkpt lat="47.057655" lon="-109.137939">
        <ele>1230.0</ele>
      </trkpt>
      <trkpt lat="47.057655" lon="-109.140472">
        <ele>1228.6</ele>
      </trkpt>
      <trkpt lat="47.05859" lon="-109.147789">
        <ele>1226.6</ele>
      </trkpt>
      <trkpt lat="47.058693" lon="-109.161201">
        <ele>1235.8</ele>
      </trkpt>
      <trkpt lat="47.058426" lon="-109.163315">
        <ele>1237.6</ele>
      </trkpt>
      <trkpt lat="47.058708" lon="-109.165359">
        <ele>1240.2</ele>
      </trkpt>
      <trkpt lat="47.058765" lon="-109.168335">
        <ele>1245.8</ele>
      </trkpt>
      <trkpt lat="47.060104" lon="-109.174904">
        <ele>1250.6</ele>
      </trkpt>
      <trkpt lat="47.060879" lon="-109.187103">
        <ele>1267.8</ele>
      </trkpt>
      <trkpt lat="47.061108" lon="-109.188736">
        <ele>1270.2</ele>
      </trkpt>
      <trkpt lat="47.061558" lon="-109.190376">
        <ele>1272.0</ele>
      </trkpt>
      <trkpt lat="47.063847" lon="-109.196579">
        <ele>1278.6</ele>
      </trkpt>
      <trkpt lat="47.065231" lon="-109.206329">
        <ele>1290.4</ele>
      </trkpt>
      <trkpt lat="47.067989" lon="-109.212334">
        <ele>1305.2</ele>
      </trkpt>
      <trkpt lat="47.068642" lon="-109.214752">
        <ele>1308.6</ele>
      </trkpt>
      <trkpt lat="47.070629" lon="-109.226318">
        <ele>1343.4</ele>
      </trkpt>
      <trkpt lat="47.070541" lon="-109.231461">
        <ele>1361.8</ele>
      </trkpt>
      <trkpt lat="47.070686" lon="-109.237564">
        <ele>1382.0</ele>
      </trkpt>
      <trkpt lat="47.071106" lon="-109.242409">
        <ele>1394.2</ele>
      </trkpt>
      <trkpt lat="47.073647" lon="-109.251923">
        <ele>1406.6</ele>
      </trkpt>
      <trkpt lat="47.073769" lon="-109.25676">
        <ele>1416.8</ele>
      </trkpt>
      <trkpt lat="47.075142" lon="-109.260384">
        <ele>1428.2</ele>
      </trkpt>
      <trkpt lat="47.07629" lon="-109.264618">
        <ele>1435.4</ele>
      </trkpt>
      <trkpt lat="47.0765" lon="-109.266563">
        <ele>1431.2</ele>
      </trkpt>
      <trkpt lat="47.076309" lon="-109.268257">
        <ele>1431.6</ele>
      </trkpt>
      <trkpt lat="47.07407" lon="-109.278152">
        <ele>1412.8</ele>
      </trkpt>
      <trkpt lat="47.071907" lon="-109.281967">
        <ele>1402.8</ele>
      </trkpt>
      <trkpt lat="47.070599" lon="-109.286682">
        <ele>1401.6</ele>
      </trkpt>
      <trkpt lat="47.065887" lon="-109.295662">
        <ele>1377.8</ele>
      </trkpt>
      <trkpt lat="47.062748" lon="-109.299217">
        <ele>1364.8</ele>
      </trkpt>
      <trkpt lat="47.062069" lon="-109.300209">
        <ele>1366.2</ele>
      </trkpt>
      <trkpt lat="47.060287" lon="-109.303856">
        <ele>1370.8</ele>
      </trkpt>
      <trkpt lat="47.059509" lon="-109.307465">
        <ele>1363.4</ele>
      </trkpt>
      <trkpt lat="47.059582" lon="-109.309959">
        <ele>1354.0</ele>
      </trkpt>
      <trkpt lat="47.060448" lon="-109.313866">
        <ele>1337.8</ele>
      </trkpt>
      <trkpt lat="47.065178" lon="-109.324776">
        <ele>1307.2</ele>
      </trkpt>
      <trkpt lat="47.066349" lon="-109.329338">
        <ele>1303.4</ele>
      </trkpt>
      <trkpt lat="47.07098" lon="-109.342758">
        <ele>1272.4</ele>
      </trkpt>
      <trkpt lat="47.07159" lon="-109.345924">
        <ele>1269.8</ele>
      </trkpt>
      <trkpt lat="47.071671" lon="-109.354393">
        <ele>1262.8</ele>
      </trkpt>
      <trkpt lat="47.07148" lon="-109.36145">
        <ele>1256.4</ele>
      </trkpt>
      <trkpt lat="47.069733" lon="-109.388809">
        <ele>1228.8</ele>
      </trkpt>
      <trkpt lat="47.070164" lon="-109.40831">
        <ele>1212.2</ele>
      </trkpt>
      <trkpt lat="47.070297" lon="-109.411858">
        <ele>1210.2</ele>
      </trkpt>
      <trkpt lat="47.070644" lon="-109.414581">
        <ele>1207.6</ele>
      </trkpt>
      <trkpt lat="47.070648" lon="-109.417992">
        <ele>1204.6</ele>
      </trkpt>
      <trkpt lat="47.070461" lon="-109.418625">
        <ele>1204.2</ele>
      </trkpt>
      <trkpt lat="47.06657" lon="-109.424217">
        <ele>1196.6</ele>
      </trkpt>
      <trkpt lat="47.06673" lon="-109.423889">
        <ele>1196.8</ele>
      </trkpt>
      <trkpt lat="47.066086" lon="-109.423149">
        <ele>1196.4</ele>
      </trkpt>
      <trkpt lat="47.066223" lon="-109.423126">
        <ele>1197.0</ele>
      </trkpt>
      <trkpt lat="47.066696" lon="-109.42379">
        <ele>1197.2</ele>
      </trkpt>
      <trkpt lat="47.066692" lon="-109.42421">
        <ele>1197.2</ele>
      </trkpt>
      <trkpt lat="47.056698" lon="-109.439278">
        <ele>1243.4</ele>
      </trkpt>
      <trkpt lat="47.056099" lon="-109.44059">
        <ele>1243.8</ele>
      </trkpt>
      <trkpt lat="47.055759" lon="-109.442139">
        <ele>1246.0</ele>
      </trkpt>
      <trkpt lat="47.055645" lon="-109.470108">
        <ele>1256.0</ele>
      </trkpt>
      <trkpt lat="47.055763" lon="-109.47113">
        <ele>1255.0</ele>
      </trkpt>
      <trkpt lat="47.056393" lon="-109.473022">
        <ele>1252.4</ele>
      </trkpt>
      <trkpt lat="47.05582" lon="-109.475624">
        <ele>1253.0</ele>
      </trkpt>
      <trkpt lat="47.055614" lon="-109.477966">
        <ele>1253.0</ele>
      </trkpt>
      <trkpt lat="47.055508" lon="-109.549438">
        <ele>1238.2</ele>
      </trkpt>
      <trkpt lat="47.055363" lon="-109.551926">
        <ele>1235.4</ele>
      </trkpt>
      <trkpt lat="47.055054" lon="-109.553596">
        <ele>1232.0</ele>
      </trkpt>
      <trkpt lat="47.054153" lon="-109.556374">
        <ele>1224.2</ele>
      </trkpt>
      <trkpt lat="47.042248" lon="-109.585701">
        <ele>1215.2</ele>
      </trkpt>
      <trkpt lat="47.040962" lon="-109.58847">
        <ele>1220.4</ele>
      </trkpt>
      <trkpt lat="47.039352" lon="-109.591011">
        <ele>1229.6</ele>
      </trkpt>
      <trkpt lat="47.013206" lon="-109.626732">
        <ele>1261.6</ele>
      </trkpt>
      <trkpt lat="47.011726" lon="-109.629005">
        <ele>1261.4</ele>
      </trkpt>
      <trkpt lat="46.984913" lon="-109.6819">
        <ele>1269.4</ele>
      </trkpt>
      <trkpt lat="46.983784" lon="-109.684975">
        <ele>1269.4</ele>
      </trkpt>
      <trkpt lat="46.983192" lon="-109.688065">
        <ele>1268.6</ele>
      </trkpt>
      <trkpt lat="46.983063" lon="-109.690178">
        <ele>1268.0</ele>
      </trkpt>
      <trkpt lat="46.983109" lon="-109.742493">
        <ele>1229.8</ele>
      </trkpt>
      <trkpt lat="46.983059" lon="-109.743629">
        <ele>1228.2</ele>
      </trkpt>
      <trkpt lat="46.982796" lon="-109.744652">
        <ele>1224.2</ele>
      </trkpt>
      <trkpt lat="46.982933" lon="-109.745087">
        <ele>1224.6</ele>
      </trkpt>
      <trkpt lat="46.983013" lon="-109.744965">
        <ele>1224.0</ele>
      </trkpt>
      <trkpt lat="46.983116" lon="-109.745079">
        <ele>1224.6</ele>
      </trkpt>
      <trkpt lat="46.983261" lon="-109.74987">
        <ele>1222.2</ele>
      </trkpt>
      <trkpt lat="46.98381" lon="-109.752525">
        <ele>1221.6</ele>
      </trkpt>
      <trkpt lat="46.99651" lon="-109.795952">
        <ele>1191.2</ele>
      </trkpt>
      <trkpt lat="46.997189" lon="-109.798965">
        <ele>1200.4</ele>
      </trkpt>
      <trkpt lat="47.003147" lon="-109.863022">
        <ele>1242.4</ele>
      </trkpt>
      <trkpt lat="47.003704" lon="-109.865807">
        <ele>1242.8</ele>
      </trkpt>
      <trkpt lat="47.005123" lon="-109.869087">
        <ele>1242.8</ele>
      </trkpt>
      <trkpt lat="47.005051" lon="-109.869614">
        <ele>1242.6</ele>
      </trkpt>
      <trkpt lat="47.004578" lon="-109.870461">
        <ele>1241.6</ele>
      </trkpt>
      <trkpt lat="47.004272" lon="-109.870857">
        <ele>1241.6</ele>
      </trkpt>
      <trkpt lat="47.004108" lon="-109.870796">
        <ele>1241.6</ele>
      </trkpt>
      <trkpt lat="47.004166" lon="-109.870934">
        <ele>1241.6</ele>
      </trkpt>
      <trkpt lat="47.004318" lon="-109.870773">
        <ele>1241.2</ele>
      </trkpt>
      <trkpt lat="47.005432" lon="-109.869347">
        <ele>1242.0</ele>
      </trkpt>
      <trkpt lat="47.007114" lon="-109.871002">
        <ele>1240.8</ele>
      </trkpt>
      <trkpt lat="47.008991" lon="-109.871948">
        <ele>1238.8</ele>
      </trkpt>
      <trkpt lat="47.010162" lon="-109.872147">
        <ele>1236.4</ele>
      </trkpt>
      <trkpt lat="47.018276" lon="-109.872551">
        <ele>1237.8</ele>
      </trkpt>
      <trkpt lat="47.019669" lon="-109.87294">
        <ele>1237.6</ele>
      </trkpt>
      <trkpt lat="47.020939" lon="-109.87365">
        <ele>1237.6</ele>
      </trkpt>
      <trkpt lat="47.051228" lon="-109.901443">
        <ele>1272.4</ele>
      </trkpt>
      <trkpt lat="47.052513" lon="-109.903191">
        <ele>1273.6</ele>
      </trkpt>
      <trkpt lat="47.053276" lon="-109.905212">
        <ele>1274.4</ele>
      </trkpt>
      <trkpt lat="47.055" lon="-109.913101">
        <ele>1276.8</ele>
      </trkpt>
      <trkpt lat="47.055256" lon="-109.915314">
        <ele>1277.6</ele>
      </trkpt>
      <trkpt lat="47.055" lon="-110.065468">
        <ele>1346.4</ele>
      </trkpt>
      <trkpt lat="47.055328" lon="-110.071953">
        <ele>1347.8</ele>
      </trkpt>
      <trkpt lat="47.057121" lon="-110.08786">
        <ele>1314.4</ele>
      </trkpt>
      <trkpt lat="47.058018" lon="-110.091591">
        <ele>1309.0</ele>
      </trkpt>
      <trkpt lat="47.059315" lon="-110.095009">
        <ele>1302.4</ele>
      </trkpt>
      <trkpt lat="47.060753" lon="-110.097687">
        <ele>1297.8</ele>
      </trkpt>
      <trkpt lat="47.062389" lon="-110.09996">
        <ele>1294.8</ele>
      </trkpt>
      <trkpt lat="47.073273" lon="-110.111298">
        <ele>1281.2</ele>
      </trkpt>
      <trkpt lat="47.074768" lon="-110.113815">
        <ele>1279.8</ele>
      </trkpt>
      <trkpt lat="47.075737" lon="-110.11631">
        <ele>1281.2</ele>
      </trkpt>
      <trkpt lat="47.076412" lon="-110.119247">
        <ele>1285.6</ele>
      </trkpt>
      <trkpt lat="47.076664" lon="-110.122513">
        <ele>1290.0</ele>
      </trkpt>
      <trkpt lat="47.075691" lon="-110.132889">
        <ele>1299.8</ele>
      </trkpt>
      <trkpt lat="47.075653" lon="-110.136574">
        <ele>1301.4</ele>
      </trkpt>
      <trkpt lat="47.076279" lon="-110.141129">
        <ele>1303.4</ele>
      </trkpt>
      <trkpt lat="47.077461" lon="-110.144951">
        <ele>1304.4</ele>
      </trkpt>
      <trkpt lat="47.078407" lon="-110.14695">
        <ele>1305.8</ele>
      </trkpt>
      <trkpt lat="47.079723" lon="-110.149071">
        <ele>1306.6</ele>
      </trkpt>
      <trkpt lat="47.081112" lon="-110.150764">
        <ele>1306.8</ele>
      </trkpt>
      <trkpt lat="47.082443" lon="-110.151985">
        <ele>1307.6</ele>
      </trkpt>
      <trkpt lat="47.084644" lon="-110.153404">
        <ele>1310.2</ele>
      </trkpt>
      <trkpt lat="47.091919" lon="-110.156425">
        <ele>1318.8</ele>
      </trkpt>
      <trkpt lat="47.093864" lon="-110.157761">
        <ele>1326.4</ele>
      </trkpt>
      <trkpt lat="47.095905" lon="-110.159729">
        <ele>1335.4</ele>
      </trkpt>
      <trkpt lat="47.145763" lon="-110.222633">
        <ele>1315.0</ele>
      </trkpt>
      <trkpt lat="47.147255" lon="-110.222305">
        <ele>1314.4</ele>
      </trkpt>
      <trkpt lat="47.148769" lon="-110.221642">
        <ele>1312.6</ele>
      </trkpt>
      <trkpt lat="47.151352" lon="-110.22155">
        <ele>1310.6</ele>
      </trkpt>
      <trkpt lat="47.151413" lon="-110.220169">
        <ele>1308.8</ele>
      </trkpt>
      <trkpt lat="47.150997" lon="-110.220154">
        <ele>1308.4</ele>
      </trkpt>
      <trkpt lat="47.15141" lon="-110.22011">
        <ele>1307.4</ele>
      </trkpt>
      <trkpt lat="47.151432" lon="-110.221512">
        <ele>1311.0</ele>
      </trkpt>
      <trkpt lat="47.151299" lon="-110.221619">
        <ele>1311.2</ele>
      </trkpt>
      <trkpt lat="47.148678" lon="-110.221748">
        <ele>1312.4</ele>
      </trkpt>
      <trkpt lat="47.146935" lon="-110.222443">
        <ele>1314.4</ele>
      </trkpt>
      <trkpt lat="47.145657" lon="-110.222404">
        <ele>1315.0</ele>
      </trkpt>
      <trkpt lat="47.145473" lon="-110.222">
        <ele>1314.6</ele>
      </trkpt>
      <trkpt lat="47.145466" lon="-110.222214">
        <ele>1313.8</ele>
      </trkpt>
      <trkpt lat="47.153305" lon="-110.232437">
        <ele>1314.8</ele>
      </trkpt>
      <trkpt lat="47.154919" lon="-110.235291">
        <ele>1315.2</ele>
      </trkpt>
      <trkpt lat="47.156128" lon="-110.238319">
        <ele>1315.2</ele>
      </trkpt>
      <trkpt lat="47.157204" lon="-110.242424">
        <ele>1316.0</ele>
      </trkpt>
      <trkpt lat="47.16238" lon="-110.271141">
        <ele>1341.0</ele>
      </trkpt>
      <trkpt lat="47.163616" lon="-110.280457">
        <ele>1371.4</ele>
      </trkpt>
      <trkpt lat="47.16436" lon="-110.283188">
        <ele>1374.8</ele>
      </trkpt>
      <trkpt lat="47.166588" lon="-110.289299">
        <ele>1370.2</ele>
      </trkpt>
      <trkpt lat="47.168327" lon="-110.29715">
        <ele>1344.0</ele>
      </trkpt>
      <trkpt lat="47.197941" lon="-110.377983">
        <ele>1368.0</ele>
      </trkpt>
      <trkpt lat="47.212772" lon="-110.423569">
        <ele>1349.2</ele>
      </trkpt>
      <trkpt lat="47.214134" lon="-110.42659">
        <ele>1347.4</ele>
      </trkpt>
      <trkpt lat="47.215508" lon="-110.428841">
        <ele>1345.8</ele>
      </trkpt>
      <trkpt lat="47.253971" lon="-110.485802">
        <ele>1276.2</ele>
      </trkpt>
      <trkpt lat="47.255566" lon="-110.488853">
        <ele>1280.6</ele>
      </trkpt>
      <trkpt lat="47.256596" lon="-110.492256">
        <ele>1285.0</ele>
      </trkpt>
      <trkpt lat="47.257114" lon="-110.492386">
        <ele>1283.2</ele>
      </trkpt>
      <trkpt lat="47.256668" lon="-110.492607">
        <ele>1288.0</ele>
      </trkpt>
      <trkpt lat="47.257019" lon="-110.496437">
        <ele>1288.2</ele>
      </trkpt>
      <trkpt lat="47.25742" lon="-110.496651">
        <ele>1285.0</ele>
      </trkpt>
      <trkpt lat="47.257122" lon="-110.496696">
        <ele>1284.6</ele>
      </trkpt>
      <trkpt lat="47.25703" lon="-110.496887">
        <ele>1284.8</ele>
      </trkpt>
      <trkpt lat="47.256996" lon="-110.500214">
        <ele>1286.2</ele>
      </trkpt>
      <trkpt lat="47.256668" lon="-110.623863">
        <ele>1364.4</ele>
      </trkpt>
      <trkpt lat="47.258244" lon="-110.679375">
        <ele>1289.8</ele>
      </trkpt>
      <trkpt lat="47.258606" lon="-110.681404">
        <ele>1288.6</ele>
      </trkpt>
      <trkpt lat="47.259136" lon="-110.682999">
        <ele>1286.6</ele>
      </trkpt>
      <trkpt lat="47.260902" lon="-110.686111">
        <ele>1281.4</ele>
      </trkpt>
      <trkpt lat="47.261593" lon="-110.687782">
        <ele>1279.2</ele>
      </trkpt>
      <trkpt lat="47.261986" lon="-110.68943">
        <ele>1277.2</ele>
      </trkpt>
      <trkpt lat="47.26255" lon="-110.69342">
        <ele>1271.8</ele>
      </trkpt>
      <trkpt lat="47.264957" lon="-110.700462">
        <ele>1261.6</ele>
      </trkpt>
      <trkpt lat="47.265438" lon="-110.70269">
        <ele>1259.2</ele>
      </trkpt>
      <trkpt lat="47.265572" lon="-110.704628">
        <ele>1256.8</ele>
      </trkpt>
      <trkpt lat="47.265381" lon="-110.706993">
        <ele>1256.0</ele>
      </trkpt>
      <trkpt lat="47.263908" lon="-110.712372">
        <ele>1250.4</ele>
      </trkpt>
      <trkpt lat="47.263378" lon="-110.716064">
        <ele>1245.8</ele>
      </trkpt>
      <trkpt lat="47.263275" lon="-110.718109">
        <ele>1245.8</ele>
      </trkpt>
      <trkpt lat="47.263531" lon="-110.719917">
        <ele>1244.6</ele>
      </trkpt>
      <trkpt lat="47.264069" lon="-110.721519">
        <ele>1242.0</ele>
      </trkpt>
      <trkpt lat="47.274529" lon="-110.745804">
        <ele>1220.8</ele>
      </trkpt>
      <trkpt lat="47.279072" lon="-110.755203">
        <ele>1212.0</ele>
      </trkpt>
      <trkpt lat="47.279938" lon="-110.757523">
        <ele>1212.2</ele>
      </trkpt>
      <trkpt lat="47.281532" lon="-110.765144">
        <ele>1210.4</ele>
      </trkpt>
      <trkpt lat="47.281906" lon="-110.767754">
        <ele>1210.4</ele>
      </trkpt>
      <trkpt lat="47.283646" lon="-110.793671">
        <ele>1191.2</ele>
      </trkpt>
      <trkpt lat="47.28442" lon="-110.799744">
        <ele>1187.2</ele>
      </trkpt>
      <trkpt lat="47.285141" lon="-110.803261">
        <ele>1185.4</ele>
      </trkpt>
      <trkpt lat="47.286167" lon="-110.807053">
        <ele>1182.0</ele>
      </trkpt>
      <trkpt lat="47.289154" lon="-110.815865">
        <ele>1186.6</ele>
      </trkpt>
      <trkpt lat="47.292027" lon="-110.825058">
        <ele>1170.0</ele>
      </trkpt>
      <trkpt lat="47.293148" lon="-110.827148">
        <ele>1167.2</ele>
      </trkpt>
      <trkpt lat="47.294548" lon="-110.828484">
        <ele>1165.6</ele>
      </trkpt>
      <trkpt lat="47.304577" lon="-110.833496">
        <ele>1163.4</ele>
      </trkpt>
      <trkpt lat="47.305992" lon="-110.834541">
        <ele>1165.4</ele>
      </trkpt>
      <trkpt lat="47.307514" lon="-110.836174">
        <ele>1162.8</ele>
      </trkpt>
      <trkpt lat="47.308765" lon="-110.838066">
        <ele>1157.4</ele>
      </trkpt>
      <trkpt lat="47.31266" lon="-110.845795">
        <ele>1148.2</ele>
      </trkpt>
      <trkpt lat="47.313812" lon="-110.847267">
        <ele>1146.8</ele>
      </trkpt>
      <trkpt lat="47.318382" lon="-110.851639">
        <ele>1142.0</ele>
      </trkpt>
      <trkpt lat="47.319275" lon="-110.852722">
        <ele>1141.0</ele>
      </trkpt>
      <trkpt lat="47.320335" lon="-110.854553">
        <ele>1139.8</ele>
      </trkpt>
      <trkpt lat="47.321861" lon="-110.858116">
        <ele>1137.5</ele>
      </trkpt>
      <trkpt lat="47.323265" lon="-110.860367">
        <ele>1135.2</ele>
      </trkpt>
      <trkpt lat="47.331299" lon="-110.869904">
        <ele>1126.8</ele>
      </trkpt>
      <trkpt lat="47.335896" lon="-110.873642">
        <ele>1125.6</ele>
      </trkpt>
      <trkpt lat="47.336811" lon="-110.874672">
        <ele>1125.6</ele>
      </trkpt>
      <trkpt lat="47.337864" lon="-110.876747">
        <ele>1125.8</ele>
      </trkpt>
      <trkpt lat="47.339249" lon="-110.881409">
        <ele>1119.2</ele>
      </trkpt>
      <trkpt lat="47.339844" lon="-110.882866">
        <ele>1118.4</ele>
      </trkpt>
      <trkpt lat="47.340942" lon="-110.884567">
        <ele>1116.6</ele>
      </trkpt>
      <trkpt lat="47.34343" lon="-110.88707">
        <ele>1113.2</ele>
      </trkpt>
      <trkpt lat="47.34425" lon="-110.888229">
        <ele>1112.0</ele>
      </trkpt>
      <trkpt lat="47.344833" lon="-110.889496">
        <ele>1111.0</ele>
      </trkpt>
      <trkpt lat="47.345947" lon="-110.892845">
        <ele>1106.6</ele>
      </trkpt>
      <trkpt lat="47.346687" lon="-110.894196">
        <ele>1103.6</ele>
      </trkpt>
      <trkpt lat="47.347309" lon="-110.894928">
        <ele>1101.4</ele>
      </trkpt>
      <trkpt lat="47.348038" lon="-110.894669">
        <ele>1099.0</ele>
      </trkpt>
      <trkpt lat="47.348557" lon="-110.89415">
        <ele>1100.2</ele>
      </trkpt>
      <trkpt lat="47.350082" lon="-110.894707">
        <ele>1108.6</ele>
      </trkpt>
      <trkpt lat="47.34856" lon="-110.894211">
        <ele>1103.6</ele>
      </trkpt>
      <trkpt lat="47.347469" lon="-110.894943">
        <ele>1100.0</ele>
      </trkpt>
      <trkpt lat="47.347542" lon="-110.895271">
        <ele>1100.2</ele>
      </trkpt>
      <trkpt lat="47.348804" lon="-110.896271">
        <ele>1100.0</ele>
      </trkpt>
      <trkpt lat="47.349361" lon="-110.896126">
        <ele>1099.4</ele>
      </trkpt>
      <trkpt lat="47.34977" lon="-110.896255">
        <ele>1098.2</ele>
      </trkpt>
      <trkpt lat="47.349899" lon="-110.895943">
        <ele>1096.2</ele>
      </trkpt>
      <trkpt lat="47.349678" lon="-110.896103">
        <ele>1096.6</ele>
      </trkpt>
      <trkpt lat="47.349762" lon="-110.896347">
        <ele>1096.4</ele>
      </trkpt>
      <trkpt lat="47.349358" lon="-110.896172">
        <ele>1097.0</ele>
      </trkpt>
      <trkpt lat="47.349316" lon="-110.896896">
        <ele>1098.8</ele>
      </trkpt>
      <trkpt lat="47.349121" lon="-110.897072">
        <ele>1099.0</ele>
      </trkpt>
      <trkpt lat="47.34893" lon="-110.896988">
        <ele>1099.2</ele>
      </trkpt>
      <trkpt lat="47.34861" lon="-110.896294">
        <ele>1098.8</ele>
      </trkpt>
      <trkpt lat="47.34761" lon="-110.895401">
        <ele>1100.6</ele>
      </trkpt>
      <trkpt lat="47.347397" lon="-110.894928">
        <ele>1100.0</ele>
      </trkpt>
      <trkpt lat="47.34869" lon="-110.894165">
        <ele>1101.2</ele>
      </trkpt>
      <trkpt lat="47.349808" lon="-110.894608">
        <ele>1108.8</ele>
      </trkpt>
      <trkpt lat="47.351288" lon="-110.894699">
        <ele>1111.0</ele>
      </trkpt>
      <trkpt lat="47.353333" lon="-110.895264">
        <ele>1106.8</ele>
      </trkpt>
      <trkpt lat="47.354961" lon="-110.895058">
        <ele>1106.0</ele>
      </trkpt>
      <trkpt lat="47.355602" lon="-110.89518">
        <ele>1104.8</ele>
      </trkpt>
      <trkpt lat="47.35907" lon="-110.896385">
        <ele>1098.2</ele>
      </trkpt>
      <trkpt lat="47.360939" lon="-110.897995">
        <ele>1095.4</ele>
      </trkpt>
      <trkpt lat="47.362343" lon="-110.898094">
        <ele>1094.0</ele>
      </trkpt>
      <trkpt lat="47.362877" lon="-110.898323">
        <ele>1093.8</ele>
      </trkpt>
      <trkpt lat="47.364262" lon="-110.899841">
        <ele>1091.4</ele>
      </trkpt>
      <trkpt lat="47.370831" lon="-110.909386">
        <ele>1091.2</ele>
      </trkpt>
      <trkpt lat="47.37286" lon="-110.910721">
        <ele>1089.4</ele>
      </trkpt>
      <trkpt lat="47.375591" lon="-110.913048">
        <ele>1092.8</ele>
      </trkpt>
      <trkpt lat="47.377766" lon="-110.91684">
        <ele>1089.2</ele>
      </trkpt>
      <trkpt lat="47.378185" lon="-110.921303">
        <ele>1086.4</ele>
      </trkpt>
      <trkpt lat="47.378372" lon="-110.922104">
        <ele>1086.2</ele>
      </trkpt>
      <trkpt lat="47.378765" lon="-110.922707">
        <ele>1085.4</ele>
      </trkpt>
      <trkpt lat="47.379768" lon="-110.923592">
        <ele>1081.4</ele>
      </trkpt>
      <trkpt lat="47.380661" lon="-110.92379">
        <ele>1079.8</ele>
      </trkpt>
      <trkpt lat="47.381508" lon="-110.923668">
        <ele>1078.6</ele>
      </trkpt>
      <trkpt lat="47.385086" lon="-110.922325">
        <ele>1076.4</ele>
      </trkpt>
      <trkpt lat="47.385559" lon="-110.922363">
        <ele>1076.8</ele>
      </trkpt>
      <trkpt lat="47.386261" lon="-110.922958">
        <ele>1075.8</ele>
      </trkpt>
      <trkpt lat="47.386868" lon="-110.926476">
        <ele>1072.8</ele>
      </trkpt>
      <trkpt lat="47.387257" lon="-110.927231">
        <ele>1074.0</ele>
      </trkpt>
      <trkpt lat="47.386963" lon="-110.92746">
        <ele>1073.2</ele>
      </trkpt>
      <trkpt lat="47.386936" lon="-110.927917">
        <ele>1073.0</ele>
      </trkpt>
      <trkpt lat="47.386234" lon="-110.928452">
        <ele>1076.6</ele>
      </trkpt>
      <trkpt lat="47.385574" lon="-110.930092">
        <ele>1085.8</ele>
      </trkpt>
      <trkpt lat="47.38475" lon="-110.93602">
        <ele>1113.6</ele>
      </trkpt>
      <trkpt lat="47.384705" lon="-110.939461">
        <ele>1129.6</ele>
      </trkpt>
      <trkpt lat="47.38393" lon="-110.942032">
        <ele>1143.4</ele>
      </trkpt>
      <trkpt lat="47.384186" lon="-110.945259">
        <ele>1161.6</ele>
      </trkpt>
      <trkpt lat="47.383549" lon="-110.950592">
        <ele>1185.8</ele>
      </trkpt>
      <trkpt lat="47.384251" lon="-110.951645">
        <ele>1191.0</ele>
      </trkpt>
      <trkpt lat="47.385468" lon="-110.952736">
        <ele>1196.0</ele>
      </trkpt>
      <trkpt lat="47.387341" lon="-110.953705">
        <ele>1197.6</ele>
      </trkpt>
      <trkpt lat="47.418087" lon="-110.962532">
        <ele>1146.0</ele>
      </trkpt>
      <trkpt lat="47.419907" lon="-110.963531">
        <ele>1143.4</ele>
      </trkpt>
      <trkpt lat="47.421509" lon="-110.964851">
        <ele>1143.4</ele>
      </trkpt>
      <trkpt lat="47.42297" lon="-110.966492">
        <ele>1145.0</ele>
      </trkpt>
      <trkpt lat="47.424408" lon="-110.968689">
        <ele>1152.4</ele>
      </trkpt>
      <trkpt lat="47.425396" lon="-110.970741">
        <ele>1155.4</ele>
      </trkpt>
      <trkpt lat="47.448036" lon="-111.025063">
        <ele>1115.0</ele>
      </trkpt>
      <trkpt lat="47.449471" lon="-111.0289">
        <ele>1118.6</ele>
      </trkpt>
      <trkpt lat="47.450905" lon="-111.033752">
        <ele>1119.4</ele>
      </trkpt>
      <trkpt lat="47.452003" lon="-111.038864">
        <ele>1114.8</ele>
      </trkpt>
      <trkpt lat="47.452648" lon="-111.043449">
        <ele>1109.8</ele>
      </trkpt>
      <trkpt lat="47.460861" lon="-111.122032">
        <ele>1067.4</ele>
      </trkpt>
      <trkpt lat="47.461853" lon="-111.125595">
        <ele>1059.0</ele>
      </trkpt>
      <trkpt lat="47.463207" lon="-111.12851">
        <ele>1050.6</ele>
      </trkpt>
      <trkpt lat="47.477726" lon="-111.152069">
        <ele>1041.4</ele>
      </trkpt>
      <trkpt lat="47.478962" lon="-111.154335">
        <ele>1042.6</ele>
      </trkpt>
      <trkpt lat="47.479916" lon="-111.156616">
        <ele>1044.6</ele>
      </trkpt>
      <trkpt lat="47.486996" lon="-111.17688">
        <ele>1063.2</ele>
      </trkpt>
      <trkpt lat="47.487671" lon="-111.180046">
        <ele>1066.0</ele>
      </trkpt>
      <trkpt lat="47.487999" lon="-111.182831">
        <ele>1069.4</ele>
      </trkpt>
      <trkpt lat="47.488617" lon="-111.200195">
        <ele>1082.2</ele>
      </trkpt>
      <trkpt lat="47.488918" lon="-111.203072">
        <ele>1077.4</ele>
      </trkpt>
      <trkpt lat="47.489883" lon="-111.206665">
        <ele>1072.2</ele>
      </trkpt>
      <trkpt lat="47.4935" lon="-111.215942">
        <ele>1068.4</ele>
      </trkpt>
      <trkpt lat="47.493931" lon="-111.218704">
        <ele>1069.4</ele>
      </trkpt>
      <trkpt lat="47.493782" lon="-111.221992">
        <ele>1068.4</ele>
      </trkpt>
      <trkpt lat="47.488945" lon="-111.221642">
        <ele>1070.8</ele>
      </trkpt>
      <trkpt lat="47.488472" lon="-111.2211">
        <ele>1070.8</ele>
      </trkpt>
      <trkpt lat="47.48859" lon="-111.220726">
        <ele>1070.8</ele>
      </trkpt>
      <trkpt lat="47.489834" lon="-111.220779">
        <ele>1071.6</ele>
      </trkpt>
      <trkpt lat="47.48984" lon="-111.22044">
        <ele>1068.0</ele>
      </trkpt>
      <trkpt lat="47.49031" lon="-111.22039">
        <ele>1067.9</ele>
      </trkpt>
      <trkpt lat="47.49063" lon="-111.22081">
        <ele>1067.8</ele>
      </trkpt>
      <trkpt lat="47.49066" lon="-111.22169">
        <ele>1067.7</ele>
      </trkpt>
      <trkpt lat="47.493729" lon="-111.221878">
        <ele>1066.6</ele>
      </trkpt>
      <trkpt lat="47.493675" lon="-111.217308">
        <ele>1066.6</ele>
      </trkpt>
      <trkpt lat="47.493397" lon="-111.215813">
        <ele>1067.2</ele>
      </trkpt>
      <trkpt lat="47.493561" lon="-111.215416">
        <ele>1067.2</ele>
      </trkpt>
      <trkpt lat="47.494175" lon="-111.215103">
        <ele>1066.4</ele>
      </trkpt>
      <trkpt lat="47.505032" lon="-111.215317">
        <ele>1059.6</ele>
      </trkpt>
      <trkpt lat="47.506985" lon="-111.21553">
        <ele>1053.6</ele>
      </trkpt>
      <trkpt lat="47.507195" lon="-111.21624">
        <ele>1053.4</ele>
      </trkpt>
      <trkpt lat="47.507374" lon="-111.241516">
        <ele>1056.2</ele>
      </trkpt>
      <trkpt lat="47.516602" lon="-111.241394">
        <ele>1044.8</ele>
      </trkpt>
      <trkpt lat="47.520584" lon="-111.241531">
        <ele>1041.6</ele>
      </trkpt>
      <trkpt lat="47.521084" lon="-111.241379">
        <ele>1041.8</ele>
      </trkpt>
      <trkpt lat="47.521492" lon="-111.242332">
        <ele>1041.0</ele>
      </trkpt>
      <trkpt lat="47.521919" lon="-111.244713">
        <ele>1036.6</ele>
      </trkpt>
      <trkpt lat="47.522388" lon="-111.245338">
        <ele>1035.0</ele>
      </trkpt>
      <trkpt lat="47.522907" lon="-111.244644">
        <ele>1033.0</ele>
      </trkpt>
      <trkpt lat="47.523357" lon="-111.244705">
        <ele>1031.0</ele>
      </trkpt>
      <trkpt lat="47.523869" lon="-111.244507">
        <ele>1027.6</ele>
      </trkpt>
      <trkpt lat="47.525097" lon="-111.243156">
        <ele>1018.4</ele>
      </trkpt>
      <trkpt lat="47.524769" lon="-111.243401">
        <ele>1016.5</ele>
      </trkpt>
      <trkpt lat="47.524769" lon="-111.24408">
        <ele>1016.1</ele>
      </trkpt>
      <trkpt lat="47.523849" lon="-111.246582">
        <ele>1017.6</ele>
      </trkpt>
      <trkpt lat="47.521626" lon="-111.251442">
        <ele>1019.0</ele>
      </trkpt>
      <trkpt lat="47.520351" lon="-111.256905">
        <ele>1019.0</ele>
      </trkpt>
      <trkpt lat="47.518921" lon="-111.260857">
        <ele>1016.6</ele>
      </trkpt>
      <trkpt lat="47.517101" lon="-111.266815">
        <ele>1017.8</ele>
      </trkpt>
      <trkpt lat="47.517139" lon="-111.269333">
        <ele>1017.0</ele>
      </trkpt>
      <trkpt lat="47.519135" lon="-111.275414">
        <ele>1016.4</ele>
      </trkpt>
      <trkpt lat="47.519779" lon="-111.279678">
        <ele>1017.0</ele>
      </trkpt>
      <trkpt lat="47.519791" lon="-111.282494">
        <ele>1016.6</ele>
      </trkpt>
      <trkpt lat="47.519566" lon="-111.284355">
        <ele>1017.0</ele>
      </trkpt>
      <trkpt lat="47.519287" lon="-111.285591">
        <ele>1017.2</ele>
      </trkpt>
      <trkpt lat="47.518795" lon="-111.286697">
        <ele>1019.6</ele>
      </trkpt>
      <trkpt lat="47.517948" lon="-111.290215">
        <ele>1020.2</ele>
      </trkpt>
      <trkpt lat="47.517963" lon="-111.291504">
        <ele>1018.0</ele>
      </trkpt>
      <trkpt lat="47.518265" lon="-111.291679">
        <ele>1015.6</ele>
      </trkpt>
      <trkpt lat="47.518803" lon="-111.291466">
        <ele>1013.6</ele>
      </trkpt>
      <trkpt lat="47.518806" lon="-111.291878">
        <ele>1012.7</ele>
      </trkpt>
      <trkpt lat="47.518131" lon="-111.292496">
        <ele>1015.2</ele>
      </trkpt>
      <trkpt lat="47.517319" lon="-111.294289">
        <ele>1015.4</ele>
      </trkpt>
      <trkpt lat="47.516823" lon="-111.293953">
        <ele>1013.9</ele>
      </trkpt>
      <trkpt lat="47.516029" lon="-111.295288">
        <ele>1017.0</ele>
      </trkpt>
      <trkpt lat="47.513111" lon="-111.302399">
        <ele>1014.4</ele>
      </trkpt>
      <trkpt lat="47.511276" lon="-111.305504">
        <ele>1012.4</ele>
      </trkpt>
      <trkpt lat="47.510979" lon="-111.30645">
        <ele>1011.8</ele>
      </trkpt>
      <trkpt lat="47.510303" lon="-111.30764">
        <ele>1010.0</ele>
      </trkpt>
      <trkpt lat="47.510319" lon="-111.308037">
        <ele>1009.4</ele>
      </trkpt>
      <trkpt lat="47.508949" lon="-111.308899">
        <ele>1010.2</ele>
      </trkpt>
      <trkpt lat="47.508251" lon="-111.309547">
        <ele>1010.8</ele>
      </trkpt>
      <trkpt lat="47.506947" lon="-111.309891">
        <ele>1012.8</ele>
      </trkpt>
      <trkpt lat="47.506836" lon="-111.310135">
        <ele>1013.2</ele>
      </trkpt>
      <trkpt lat="47.50684" lon="-111.311249">
        <ele>1013.8</ele>
      </trkpt>
      <trkpt lat="47.507828" lon="-111.31601">
        <ele>1013.4</ele>
      </trkpt>
      <trkpt lat="47.507904" lon="-111.318336">
        <ele>1013.6</ele>
      </trkpt>
      <trkpt lat="47.508015" lon="-111.318504">
        <ele>1013.4</ele>
      </trkpt>
      <trkpt lat="47.508659" lon="-111.318481">
        <ele>1013.2</ele>
      </trkpt>
      <trkpt lat="47.508801" lon="-111.318802">
        <ele>1013.8</ele>
      </trkpt>
      <trkpt lat="47.508808" lon="-111.339066">
        <ele>1017.2</ele>
      </trkpt>
      <trkpt lat="47.509029" lon="-111.339371">
        <ele>1017.8</ele>
      </trkpt>
      <trkpt lat="47.511662" lon="-111.340767">
        <ele>1017.6</ele>
      </trkpt>
      <trkpt lat="47.512672" lon="-111.341949">
        <ele>1017.2</ele>
      </trkpt>
      <trkpt lat="47.513157" lon="-111.343163">
        <ele>1017.6</ele>
      </trkpt>
      <trkpt lat="47.514809" lon="-111.349739">
        <ele>1020.0</ele>
      </trkpt>
      <trkpt lat="47.515022" lon="-111.350227">
        <ele>1019.4</ele>
      </trkpt>
      <trkpt lat="47.515602" lon="-111.350769">
        <ele>1017.6</ele>
      </trkpt>
      <trkpt lat="47.515636" lon="-111.352913">
        <ele>1018.8</ele>
      </trkpt>
      <trkpt lat="47.518002" lon="-111.362572">
        <ele>1018.2</ele>
      </trkpt>
      <trkpt lat="47.519897" lon="-111.372643">
        <ele>1016.2</ele>
      </trkpt>
      <trkpt lat="47.532619" lon="-111.422295">
        <ele>1023.4</ele>
      </trkpt>
      <trkpt lat="47.534061" lon="-111.426147">
        <ele>1024.6</ele>
      </trkpt>
      <trkpt lat="47.541847" lon="-111.442505">
        <ele>1039.4</ele>
      </trkpt>
      <trkpt lat="47.543072" lon="-111.446175">
        <ele>1038.0</ele>
      </trkpt>
      <trkpt lat="47.54369" lon="-111.450668">
        <ele>1041.6</ele>
      </trkpt>
      <trkpt lat="47.545444" lon="-111.476921">
        <ele>1026.8</ele>
      </trkpt>
      <trkpt lat="47.546295" lon="-111.482925">
        <ele>1026.0</ele>
      </trkpt>
      <trkpt lat="47.557041" lon="-111.52562">
        <ele>1030.4</ele>
      </trkpt>
      <trkpt lat="47.558254" lon="-111.52906">
        <ele>1030.0</ele>
      </trkpt>
      <trkpt lat="47.559841" lon="-111.53228">
        <ele>1033.4</ele>
      </trkpt>
      <trkpt lat="47.560043" lon="-111.533257">
        <ele>1034.4</ele>
      </trkpt>
      <trkpt lat="47.560173" lon="-111.536285">
        <ele>1036.6</ele>
      </trkpt>
      <trkpt lat="47.561035" lon="-111.538139">
        <ele>1036.4</ele>
      </trkpt>
      <trkpt lat="47.558796" lon="-111.542229">
        <ele>1029.6</ele>
      </trkpt>
      <trkpt lat="47.558128" lon="-111.544403">
        <ele>1024.8</ele>
      </trkpt>
      <trkpt lat="47.55822" lon="-111.544807">
        <ele>1022.8</ele>
      </trkpt>
      <trkpt lat="47.558537" lon="-111.544456">
        <ele>1023.6</ele>
      </trkpt>
      <trkpt lat="47.558331" lon="-111.544724">
        <ele>1023.4</ele>
      </trkpt>
      <trkpt lat="47.557995" lon="-111.544617">
        <ele>1024.4</ele>
      </trkpt>
      <trkpt lat="47.558201" lon="-111.543449">
        <ele>1025.4</ele>
      </trkpt>
      <trkpt lat="47.558971" lon="-111.541481">
        <ele>1028.8</ele>
      </trkpt>
      <trkpt lat="47.560993" lon="-111.538246">
        <ele>1037.4</ele>
      </trkpt>
      <trkpt lat="47.561226" lon="-111.538261">
        <ele>1037.8</ele>
      </trkpt>
      <trkpt lat="47.561966" lon="-111.539124">
        <ele>1036.4</ele>
      </trkpt>
      <trkpt lat="47.562618" lon="-111.539429">
        <ele>1033.8</ele>
      </trkpt>
      <trkpt lat="47.56493" lon="-111.53907">
        <ele>1035.0</ele>
      </trkpt>
      <trkpt lat="47.566044" lon="-111.53936">
        <ele>1034.4</ele>
      </trkpt>
      <trkpt lat="47.595276" lon="-111.566315">
        <ele>1061.2</ele>
      </trkpt>
      <trkpt lat="47.598164" lon="-111.568634">
        <ele>1073.8</ele>
      </trkpt>
      <trkpt lat="47.602901" lon="-111.571548">
        <ele>1077.2</ele>
      </trkpt>
      <trkpt lat="47.634537" lon="-111.586578">
        <ele>1146.6</ele>
      </trkpt>
      <trkpt lat="47.63673" lon="-111.587822">
        <ele>1144.6</ele>
      </trkpt>
      <trkpt lat="47.638649" lon="-111.589157">
        <ele>1144.2</ele>
      </trkpt>
      <trkpt lat="47.641445" lon="-111.59156">
        <ele>1151.2</ele>
      </trkpt>
      <trkpt lat="47.651566" lon="-111.601448">
        <ele>1145.2</ele>
      </trkpt>
      <trkpt lat="47.652309" lon="-111.60244">
        <ele>1143.8</ele>
      </trkpt>
      <trkpt lat="47.653774" lon="-111.605591">
        <ele>1143.0</ele>
      </trkpt>
      <trkpt lat="47.654202" lon="-111.606178">
        <ele>1143.0</ele>
      </trkpt>
      <trkpt lat="47.654621" lon="-111.606384">
        <ele>1142.8</ele>
      </trkpt>
      <trkpt lat="47.655556" lon="-111.606339">
        <ele>1142.8</ele>
      </trkpt>
      <trkpt lat="47.656467" lon="-111.606537">
        <ele>1141.4</ele>
      </trkpt>
      <trkpt lat="47.657879" lon="-111.607559">
        <ele>1141.2</ele>
      </trkpt>
      <trkpt lat="47.709702" lon="-111.658195">
        <ele>1141.0</ele>
      </trkpt>
      <trkpt lat="47.71067" lon="-111.659721">
        <ele>1140.2</ele>
      </trkpt>
      <trkpt lat="47.71154" lon="-111.662636">
        <ele>1138.4</ele>
      </trkpt>
      <trkpt lat="47.711983" lon="-111.663231">
        <ele>1139.8</ele>
      </trkpt>
      <trkpt lat="47.714649" lon="-111.663376">
        <ele>1141.8</ele>
      </trkpt>
      <trkpt lat="47.717491" lon="-111.665283">
        <ele>1140.8</ele>
      </trkpt>
      <trkpt lat="47.719341" lon="-111.666206">
        <ele>1139.2</ele>
      </trkpt>
      <trkpt lat="47.721455" lon="-111.666809">
        <ele>1142.8</ele>
      </trkpt>
      <trkpt lat="47.723434" lon="-111.667007">
        <ele>1149.2</ele>
      </trkpt>
      <trkpt lat="47.790543" lon="-111.667091">
        <ele>1138.6</ele>
      </trkpt>
      <trkpt lat="47.811832" lon="-111.665962">
        <ele>1129.8</ele>
      </trkpt>
      <trkpt lat="47.813747" lon="-111.66629">
        <ele>1129.4</ele>
      </trkpt>
      <trkpt lat="47.815014" lon="-111.667">
        <ele>1128.8</ele>
      </trkpt>
      <trkpt lat="47.816074" lon="-111.667969">
        <ele>1128.0</ele>
      </trkpt>
      <trkpt lat="47.824837" lon="-111.678596">
        <ele>1130.6</ele>
      </trkpt>
      <trkpt lat="47.826199" lon="-111.680595">
        <ele>1131.8</ele>
      </trkpt>
      <trkpt lat="47.826756" lon="-111.681915">
        <ele>1132.2</ele>
      </trkpt>
      <trkpt lat="47.827206" lon="-111.683693">
        <ele>1132.4</ele>
      </trkpt>
      <trkpt lat="47.827774" lon="-111.690483">
        <ele>1132.0</ele>
      </trkpt>
      <trkpt lat="47.82814" lon="-111.692307">
        <ele>1132.2</ele>
      </trkpt>
      <trkpt lat="47.83292" lon="-111.705231">
        <ele>1138.6</ele>
      </trkpt>
      <trkpt lat="47.833878" lon="-111.707153">
        <ele>1140.0</ele>
      </trkpt>
      <trkpt lat="47.834789" lon="-111.708374">
        <ele>1141.2</ele>
      </trkpt>
      <trkpt lat="47.835724" lon="-111.709244">
        <ele>1140.0</ele>
      </trkpt>
      <trkpt lat="47.836761" lon="-111.709923">
        <ele>1137.6</ele>
      </trkpt>
      <trkpt lat="47.837643" lon="-111.710266">
        <ele>1136.6</ele>
      </trkpt>
      <trkpt lat="47.841862" lon="-111.710754">
        <ele>1137.4</ele>
      </trkpt>
      <trkpt lat="47.84808" lon="-111.710777">
        <ele>1126.0</ele>
      </trkpt>
      <trkpt lat="47.848194" lon="-111.717285">
        <ele>1133.2</ele>
      </trkpt>
      <trkpt lat="47.848072" lon="-111.717812">
        <ele>1133.2</ele>
      </trkpt>
      <trkpt lat="47.848152" lon="-111.707436">
        <ele>1125.8</ele>
      </trkpt>
      <trkpt lat="47.84922" lon="-111.703812">
        <ele>1122.0</ele>
      </trkpt>
      <trkpt lat="47.851952" lon="-111.705917">
        <ele>1126.2</ele>
      </trkpt>
      <trkpt lat="47.853733" lon="-111.706688">
        <ele>1126.0</ele>
      </trkpt>
      <trkpt lat="47.861198" lon="-111.709084">
        <ele>1122.6</ele>
      </trkpt>
      <trkpt lat="47.866177" lon="-111.709969">
        <ele>1121.4</ele>
      </trkpt>
      <trkpt lat="47.912411" lon="-111.70945">
        <ele>1069.8</ele>
      </trkpt>
      <trkpt lat="47.915218" lon="-111.709991">
        <ele>1065.6</ele>
      </trkpt>
      <trkpt lat="47.918255" lon="-111.711525">
        <ele>1051.6</ele>
      </trkpt>
      <trkpt lat="47.919746" lon="-111.712692">
        <ele>1042.2</ele>
      </trkpt>
      <trkpt lat="47.921307" lon="-111.714249">
        <ele>1033.0</ele>
      </trkpt>
      <trkpt lat="47.922634" lon="-111.71595">
        <ele>1029.8</ele>
      </trkpt>
      <trkpt lat="47.923813" lon="-111.717834">
        <ele>1029.0</ele>
      </trkpt>
      <trkpt lat="47.925392" lon="-111.721245">
        <ele>1029.0</ele>
      </trkpt>
      <trkpt lat="47.92881" lon="-111.730995">
        <ele>1031.0</ele>
      </trkpt>
      <trkpt lat="47.930492" lon="-111.734154">
        <ele>1039.2</ele>
      </trkpt>
      <trkpt lat="47.932262" lon="-111.736496">
        <ele>1050.4</ele>
      </trkpt>
      <trkpt lat="47.933304" lon="-111.737312">
        <ele>1052.6</ele>
      </trkpt>
      <trkpt lat="47.95248" lon="-111.748268">
        <ele>1070.0</ele>
      </trkpt>
      <trkpt lat="47.9538" lon="-111.748482">
        <ele>1070.2</ele>
      </trkpt>
      <trkpt lat="47.955925" lon="-111.747986">
        <ele>1072.4</ele>
      </trkpt>
      <trkpt lat="47.956852" lon="-111.748291">
        <ele>1072.2</ele>
      </trkpt>
      <trkpt lat="47.957684" lon="-111.749115">
        <ele>1071.8</ele>
      </trkpt>
      <trkpt lat="47.959702" lon="-111.752121">
        <ele>1069.6</ele>
      </trkpt>
      <trkpt lat="47.96056" lon="-111.752914">
        <ele>1068.6</ele>
      </trkpt>
      <trkpt lat="47.974377" lon="-111.760864">
        <ele>1069.8</ele>
      </trkpt>
      <trkpt lat="47.977207" lon="-111.762993">
        <ele>1070.4</ele>
      </trkpt>
      <trkpt lat="47.979187" lon="-111.764999">
        <ele>1068.4</ele>
      </trkpt>
      <trkpt lat="47.980431" lon="-111.766541">
        <ele>1067.0</ele>
      </trkpt>
      <trkpt lat="48.008427" lon="-111.805573">
        <ele>1070.8</ele>
      </trkpt>
      <trkpt lat="48.012062" lon="-111.810074">
        <ele>1076.6</ele>
      </trkpt>
      <trkpt lat="48.014324" lon="-111.812454">
        <ele>1077.2</ele>
      </trkpt>
      <trkpt lat="48.017441" lon="-111.815239">
        <ele>1078.6</ele>
      </trkpt>
      <trkpt lat="48.0308" lon="-111.825623">
        <ele>1070.2</ele>
      </trkpt>
      <trkpt lat="48.033085" lon="-111.827148">
        <ele>1071.4</ele>
      </trkpt>
      <trkpt lat="48.035461" lon="-111.828011">
        <ele>1075.6</ele>
      </trkpt>
      <trkpt lat="48.035576" lon="-111.841293">
        <ele>1076.4</ele>
      </trkpt>
      <trkpt lat="48.039059" lon="-111.845146">
        <ele>1075.6</ele>
      </trkpt>
      <trkpt lat="48.041039" lon="-111.848076">
        <ele>1077.0</ele>
      </trkpt>
      <trkpt lat="48.059647" lon="-111.870476">
        <ele>1082.4</ele>
      </trkpt>
      <trkpt lat="48.080757" lon="-111.888">
        <ele>1079.0</ele>
      </trkpt>
      <trkpt lat="48.089237" lon="-111.89592">
        <ele>1097.8</ele>
      </trkpt>
      <trkpt lat="48.090408" lon="-111.896805">
        <ele>1102.2</ele>
      </trkpt>
      <trkpt lat="48.09132" lon="-111.896996">
        <ele>1103.2</ele>
      </trkpt>
      <trkpt lat="48.116756" lon="-111.896957">
        <ele>1134.4</ele>
      </trkpt>
      <trkpt lat="48.118069" lon="-111.897293">
        <ele>1134.4</ele>
      </trkpt>
      <trkpt lat="48.119236" lon="-111.898079">
        <ele>1134.6</ele>
      </trkpt>
      <trkpt lat="48.119987" lon="-111.898903">
        <ele>1134.8</ele>
      </trkpt>
      <trkpt lat="48.120693" lon="-111.90004">
        <ele>1134.4</ele>
      </trkpt>
      <trkpt lat="48.126408" lon="-111.912392">
        <ele>1137.0</ele>
      </trkpt>
      <trkpt lat="48.128735" lon="-111.915817">
        <ele>1137.6</ele>
      </trkpt>
      <trkpt lat="48.129215" lon="-111.916084">
        <ele>1137.0</ele>
      </trkpt>
      <trkpt lat="48.130249" lon="-111.916252">
        <ele>1136.6</ele>
      </trkpt>
      <trkpt lat="48.13052" lon="-111.918015">
        <ele>1136.0</ele>
      </trkpt>
      <trkpt lat="48.131176" lon="-111.91954">
        <ele>1134.8</ele>
      </trkpt>
      <trkpt lat="48.144108" lon="-111.938728">
        <ele>1087.6</ele>
      </trkpt>
      <trkpt lat="48.146381" lon="-111.941376">
        <ele>1083.8</ele>
      </trkpt>
      <trkpt lat="48.156765" lon="-111.951569">
        <ele>1078.8</ele>
      </trkpt>
      <trkpt lat="48.158035" lon="-111.952637">
        <ele>1076.8</ele>
      </trkpt>
      <trkpt lat="48.15876" lon="-111.952805">
        <ele>1076.4</ele>
      </trkpt>
      <trkpt lat="48.15947" lon="-111.952606">
        <ele>1075.2</ele>
      </trkpt>
      <trkpt lat="48.165833" lon="-111.948799">
        <ele>1070.2</ele>
      </trkpt>
      <trkpt lat="48.166222" lon="-111.948395">
        <ele>1070.8</ele>
      </trkpt>
      <trkpt lat="48.165394" lon="-111.949341">
        <ele>1069.6</ele>
      </trkpt>
      <trkpt lat="48.165733" lon="-111.949089">
        <ele>1070.6</ele>
      </trkpt>
      <trkpt lat="48.166451" lon="-111.949028">
        <ele>1071.4</ele>
      </trkpt>
      <trkpt lat="48.166775" lon="-111.949516">
        <ele>1071.0</ele>
      </trkpt>
      <trkpt lat="48.167637" lon="-111.95266">
        <ele>1073.0</ele>
      </trkpt>
      <trkpt lat="48.168018" lon="-111.952652">
        <ele>1073.6</ele>
      </trkpt>
      <trkpt lat="48.167656" lon="-111.952751">
        <ele>1073.6</ele>
      </trkpt>
      <trkpt lat="48.167484" lon="-111.952316">
        <ele>1074.0</ele>
      </trkpt>
      <trkpt lat="48.166508" lon="-111.948738">
        <ele>1073.0</ele>
      </trkpt>
      <trkpt lat="48.166618" lon="-111.948318">
        <ele>1073.2</ele>
      </trkpt>
      <trkpt lat="48.171753" lon="-111.945213">
        <ele>1072.4</ele>
      </trkpt>
      <trkpt lat="48.171902" lon="-111.945656">
        <ele>1072.4</ele>
      </trkpt>
      <trkpt lat="48.171749" lon="-111.945419">
        <ele>1072.4</ele>
      </trkpt>
      <trkpt lat="48.171909" lon="-111.945122">
        <ele>1072.0</ele>
      </trkpt>
      <trkpt lat="48.178104" lon="-111.941406">
        <ele>1069.6</ele>
      </trkpt>
      <trkpt lat="48.178722" lon="-111.941093">
        <ele>1068.4</ele>
      </trkpt>
      <trkpt lat="48.179192" lon="-111.94136">
        <ele>1068.8</ele>
      </trkpt>
      <trkpt lat="48.180248" lon="-111.940262">
        <ele>1068.4</ele>
      </trkpt>
      <trkpt lat="48.181305" lon="-111.939911">
        <ele>1068.0</ele>
      </trkpt>
      <trkpt lat="48.182648" lon="-111.939781">
        <ele>1067.8</ele>
      </trkpt>
      <trkpt lat="48.202602" lon="-111.939728">
        <ele>1064.4</ele>
      </trkpt>
      <trkpt lat="48.204437" lon="-111.939911">
        <ele>1059.0</ele>
      </trkpt>
      <trkpt lat="48.206974" lon="-111.940697">
        <ele>1057.0</ele>
      </trkpt>
      <trkpt lat="48.218067" lon="-111.946968">
        <ele>1052.6</ele>
      </trkpt>
      <trkpt lat="48.219574" lon="-111.947395">
        <ele>1057.8</ele>
      </trkpt>
      <trkpt lat="48.307087" lon="-111.947639">
        <ele>1142.0</ele>
      </trkpt>
      <trkpt lat="48.307217" lon="-111.948227">
        <ele>1142.2</ele>
      </trkpt>
      <trkpt lat="48.307327" lon="-111.965874">
        <ele>1146.4</ele>
      </trkpt>
      <trkpt lat="48.307652" lon="-111.980919">
        <ele>1153.8</ele>
      </trkpt>
      <trkpt lat="48.307617" lon="-112.015717">
        <ele>1101.0</ele>
      </trkpt>
      <trkpt lat="48.307884" lon="-112.063957">
        <ele>1170.4</ele>
      </trkpt>
      <trkpt lat="48.30785" lon="-112.12146">
        <ele>1142.0</ele>
      </trkpt>
      <trkpt lat="48.308178" lon="-112.223763">
        <ele>1163.4</ele>
      </trkpt>
      <trkpt lat="48.307919" lon="-112.234734">
        <ele>1161.2</ele>
      </trkpt>
      <trkpt lat="48.308155" lon="-112.251083">
        <ele>1164.0</ele>
      </trkpt>
      <trkpt lat="48.307919" lon="-112.251625">
        <ele>1163.8</ele>
      </trkpt>
      <trkpt lat="48.308075" lon="-112.251564">
        <ele>1163.8</ele>
      </trkpt>
      <trkpt lat="48.308128" lon="-112.250427">
        <ele>1164.4</ele>
      </trkpt>
      <trkpt lat="48.308365" lon="-112.250153">
        <ele>1164.4</ele>
      </trkpt>
      <trkpt lat="48.311783" lon="-112.249985">
        <ele>1163.0</ele>
      </trkpt>
      <trkpt lat="48.315483" lon="-112.25016">
        <ele>1162.2</ele>
      </trkpt>
      <trkpt lat="48.349976" lon="-112.250069">
        <ele>1140.2</ele>
      </trkpt>
      <trkpt lat="48.350811" lon="-112.250519">
        <ele>1141.8</ele>
      </trkpt>
      <trkpt lat="48.351376" lon="-112.25135">
        <ele>1142.8</ele>
      </trkpt>
      <trkpt lat="48.351727" lon="-112.253052">
        <ele>1144.6</ele>
      </trkpt>
      <trkpt lat="48.351791" lon="-112.310623">
        <ele>1151.6</ele>
      </trkpt>
      <trkpt lat="48.351612" lon="-112.325768">
        <ele>1147.4</ele>
      </trkpt>
      <trkpt lat="48.351814" lon="-112.335381">
        <ele>1135.6</ele>
      </trkpt>
      <trkpt lat="48.35218" lon="-112.337204">
        <ele>1130.6</ele>
      </trkpt>
      <trkpt lat="48.353043" lon="-112.338806">
        <ele>1123.6</ele>
      </trkpt>
      <trkpt lat="48.358654" lon="-112.343719">
        <ele>1108.8</ele>
      </trkpt>
      <trkpt lat="48.359463" lon="-112.344864">
        <ele>1116.2</ele>
      </trkpt>
      <trkpt lat="48.359959" lon="-112.346024">
        <ele>1121.8</ele>
      </trkpt>
      <trkpt lat="48.360405" lon="-112.348663">
        <ele>1131.6</ele>
      </trkpt>
      <trkpt lat="48.360401" lon="-112.365036">
        <ele>1155.6</ele>
      </trkpt>
      <trkpt lat="48.360958" lon="-112.366989">
        <ele>1157.8</ele>
      </trkpt>
      <trkpt lat="48.361504" lon="-112.367836">
        <ele>1159.2</ele>
      </trkpt>
      <trkpt lat="48.36216" lon="-112.368454">
        <ele>1160.0</ele>
      </trkpt>
      <trkpt lat="48.363129" lon="-112.368858">
        <ele>1161.2</ele>
      </trkpt>
      <trkpt lat="48.365547" lon="-112.368881">
        <ele>1164.4</ele>
      </trkpt>
      <trkpt lat="48.366467" lon="-112.369057">
        <ele>1165.2</ele>
      </trkpt>
      <trkpt lat="48.369255" lon="-112.370743">
        <ele>1166.4</ele>
      </trkpt>
      <trkpt lat="48.370712" lon="-112.371094">
        <ele>1167.4</ele>
      </trkpt>
      <trkpt lat="48.446045" lon="-112.371117">
        <ele>1152.2</ele>
      </trkpt>
      <trkpt lat="48.447052" lon="-112.370827">
        <ele>1151.6</ele>
      </trkpt>
      <trkpt lat="48.447903" lon="-112.370338">
        <ele>1150.8</ele>
      </trkpt>
      <trkpt lat="48.4487" lon="-112.369614">
        <ele>1150.4</ele>
      </trkpt>
      <trkpt lat="48.449455" lon="-112.368584">
        <ele>1149.2</ele>
      </trkpt>
      <trkpt lat="48.453682" lon="-112.358215">
        <ele>1139.4</ele>
      </trkpt>
      <trkpt lat="48.454426" lon="-112.356964">
        <ele>1138.6</ele>
      </trkpt>
      <trkpt lat="48.455284" lon="-112.356018">
        <ele>1137.6</ele>
      </trkpt>
      <trkpt lat="48.456036" lon="-112.355461">
        <ele>1137.8</ele>
      </trkpt>
      <trkpt lat="48.457024" lon="-112.355026">
        <ele>1138.4</ele>
      </trkpt>
      <trkpt lat="48.465176" lon="-112.352722">
        <ele>1114.2</ele>
      </trkpt>
      <trkpt lat="48.466148" lon="-112.352577">
        <ele>1111.8</ele>
      </trkpt>
      <trkpt lat="48.467686" lon="-112.352921">
        <ele>1103.8</ele>
      </trkpt>
      <trkpt lat="48.468845" lon="-112.353523">
        <ele>1097.2</ele>
      </trkpt>
      <trkpt lat="48.469707" lon="-112.354218">
        <ele>1091.8</ele>
      </trkpt>
      <trkpt lat="48.470711" lon="-112.35553">
        <ele>1084.2</ele>
      </trkpt>
      <trkpt lat="48.473526" lon="-112.36055">
        <ele>1082.4</ele>
      </trkpt>
      <trkpt lat="48.474731" lon="-112.361626">
        <ele>1090.0</ele>
      </trkpt>
      <trkpt lat="48.475918" lon="-112.361977">
        <ele>1097.0</ele>
      </trkpt>
      <trkpt lat="48.477215" lon="-112.361725">
        <ele>1104.0</ele>
      </trkpt>
      <trkpt lat="48.483009" lon="-112.358734">
        <ele>1144.6</ele>
      </trkpt>
      <trkpt lat="48.48436" lon="-112.358307">
        <ele>1150.4</ele>
      </trkpt>
      <trkpt lat="48.485558" lon="-112.358154">
        <ele>1151.0</ele>
      </trkpt>
      <trkpt lat="48.48708" lon="-112.358276">
        <ele>1146.6</ele>
      </trkpt>
      <trkpt lat="48.492344" lon="-112.359512">
        <ele>1130.4</ele>
      </trkpt>
      <trkpt lat="48.494507" lon="-112.359825">
        <ele>1146.8</ele>
      </trkpt>
      <trkpt lat="48.564514" lon="-112.359764">
        <ele>1162.8</ele>
      </trkpt>
      <trkpt lat="48.566559" lon="-112.35997">
        <ele>1163.6</ele>
      </trkpt>
      <trkpt lat="48.599033" lon="-112.365173">
        <ele>1158.0</ele>
      </trkpt>
      <trkpt lat="48.599995" lon="-112.364861">
        <ele>1162.4</ele>
      </trkpt>
      <trkpt lat="48.612" lon="-112.358932">
        <ele>1166.8</ele>
      </trkpt>
      <trkpt lat="48.62429" lon="-112.359573">
        <ele>1123.2</ele>
      </trkpt>
      <trkpt lat="48.629253" lon="-112.359207">
        <ele>1128.0</ele>
      </trkpt>
      <trkpt lat="48.630543" lon="-112.354347">
        <ele>1127.8</ele>
      </trkpt>
      <trkpt lat="48.633724" lon="-112.347168">
        <ele>1102.6</ele>
      </trkpt>
      <trkpt lat="48.63496" lon="-112.345337">
        <ele>1104.4</ele>
      </trkpt>
      <trkpt lat="48.638069" lon="-112.342194">
        <ele>1131.0</ele>
      </trkpt>
      <trkpt lat="48.636009" lon="-112.338486">
        <ele>1145.2</ele>
      </trkpt>
      <trkpt lat="48.633915" lon="-112.335175">
        <ele>1148.8</ele>
      </trkpt>
      <trkpt lat="48.63641" lon="-112.332153">
        <ele>1144.0</ele>
      </trkpt>
      <trkpt lat="48.639172" lon="-112.336807">
        <ele>1146.8</ele>
      </trkpt>
      <trkpt lat="48.639557" lon="-112.338066">
        <ele>1145.8</ele>
      </trkpt>
      <trkpt lat="48.639568" lon="-112.339874">
        <ele>1144.2</ele>
      </trkpt>
      <trkpt lat="48.639141" lon="-112.341232">
        <ele>1141.4</ele>
      </trkpt>
      <trkpt lat="48.638493" lon="-112.34214">
        <ele>1137.4</ele>
      </trkpt>
      <trkpt lat="48.635254" lon="-112.345169">
        <ele>1111.2</ele>
      </trkpt>
      <trkpt lat="48.634129" lon="-112.346642">
        <ele>1103.5</ele>
      </trkpt>
      <trkpt lat="48.631042" lon="-112.353561">
        <ele>1122.0</ele>
      </trkpt>
      <trkpt lat="48.630203" lon="-112.355972">
        <ele>1127.2</ele>
      </trkpt>
      <trkpt lat="48.629578" lon="-112.358612">
        <ele>1127.6</ele>
      </trkpt>
      <trkpt lat="48.624752" lon="-112.385277">
        <ele>1175.8</ele>
      </trkpt>
      <trkpt lat="48.624241" lon="-112.389748">
        <ele>1177.6</ele>
      </trkpt>
      <trkpt lat="48.624355" lon="-112.625504">
        <ele>1244.2</ele>
      </trkpt>
      <trkpt lat="48.624153" lon="-112.642395">
        <ele>1238.4</ele>
      </trkpt>
      <trkpt lat="48.624359" lon="-112.661598">
        <ele>1222.6</ele>
      </trkpt>
      <trkpt lat="48.624153" lon="-112.674728">
        <ele>1220.2</ele>
      </trkpt>
      <trkpt lat="48.623821" lon="-112.677948">
        <ele>1221.0</ele>
      </trkpt>
      <trkpt lat="48.612286" lon="-112.732887">
        <ele>1235.4</ele>
      </trkpt>
      <trkpt lat="48.607853" lon="-112.753082">
        <ele>1240.8</ele>
      </trkpt>
      <trkpt lat="48.605598" lon="-112.762566">
        <ele>1243.8</ele>
      </trkpt>
      <trkpt lat="48.604187" lon="-112.770241">
        <ele>1241.6</ele>
      </trkpt>
      <trkpt lat="48.601807" lon="-112.781036">
        <ele>1247.8</ele>
      </trkpt>
      <trkpt lat="48.600777" lon="-112.784157">
        <ele>1250.0</ele>
      </trkpt>
      <trkpt lat="48.595512" lon="-112.79586">
        <ele>1256.6</ele>
      </trkpt>
      <trkpt lat="48.591724" lon="-112.807755">
        <ele>1247.0</ele>
      </trkpt>
      <trkpt lat="48.583309" lon="-112.82972">
        <ele>1252.2</ele>
      </trkpt>
      <trkpt lat="48.582691" lon="-112.832191">
        <ele>1253.2</ele>
      </trkpt>
      <trkpt lat="48.577778" lon="-112.859589">
        <ele>1258.0</ele>
      </trkpt>
      <trkpt lat="48.577129" lon="-112.862305">
        <ele>1257.8</ele>
      </trkpt>
      <trkpt lat="48.575493" lon="-112.866234">
        <ele>1257.4</ele>
      </trkpt>
      <trkpt lat="48.532104" lon="-112.955124">
        <ele>1312.2</ele>
      </trkpt>
      <trkpt lat="48.53096" lon="-112.958481">
        <ele>1317.0</ele>
      </trkpt>
      <trkpt lat="48.530308" lon="-112.962349">
        <ele>1322.6</ele>
      </trkpt>
      <trkpt lat="48.530144" lon="-112.965172">
        <ele>1326.6</ele>
      </trkpt>
      <trkpt lat="48.530304" lon="-112.968178">
        <ele>1330.2</ele>
      </trkpt>
      <trkpt lat="48.530708" lon="-112.970795">
        <ele>1334.0</ele>
      </trkpt>
      <trkpt lat="48.531601" lon="-112.97403">
        <ele>1340.4</ele>
      </trkpt>
      <trkpt lat="48.532936" lon="-112.977074">
        <ele>1342.8</ele>
      </trkpt>
      <trkpt lat="48.538712" lon="-112.986435">
        <ele>1330.6</ele>
      </trkpt>
      <trkpt lat="48.539539" lon="-112.988495">
        <ele>1329.0</ele>
      </trkpt>
      <trkpt lat="48.539913" lon="-112.990784">
        <ele>1329.2</ele>
      </trkpt>
      <trkpt lat="48.540859" lon="-113.003754">
        <ele>1339.6</ele>
      </trkpt>
      <trkpt lat="48.541115" lon="-113.005104">
        <ele>1339.0</ele>
      </trkpt>
      <trkpt lat="48.541599" lon="-113.006447">
        <ele>1337.0</ele>
      </trkpt>
      <trkpt lat="48.542797" lon="-113.008194">
        <ele>1334.4</ele>
      </trkpt>
      <trkpt lat="48.543648" lon="-113.00885">
        <ele>1334.4</ele>
      </trkpt>
      <trkpt lat="48.544537" lon="-113.009209">
        <ele>1332.6</ele>
      </trkpt>
      <trkpt lat="48.547882" lon="-113.009659">
        <ele>1330.6</ele>
      </trkpt>
      <trkpt lat="48.554882" lon="-113.00975">
        <ele>1326.4</ele>
      </trkpt>
      <trkpt lat="48.555573" lon="-113.009941">
        <ele>1324.6</ele>
      </trkpt>
      <trkpt lat="48.556004" lon="-113.01091">
        <ele>1323.2</ele>
      </trkpt>
      <trkpt lat="48.556015" lon="-113.017845">
        <ele>1326.8</ele>
      </trkpt>
      <trkpt lat="48.556149" lon="-113.017967">
        <ele>1326.4</ele>
      </trkpt>
      <trkpt lat="48.556267" lon="-113.017723">
        <ele>1326.2</ele>
      </trkpt>
      <trkpt lat="48.556007" lon="-113.018394">
        <ele>1325.8</ele>
      </trkpt>
      <trkpt lat="48.555969" lon="-113.023697">
        <ele>1329.8</ele>
      </trkpt>
      <trkpt lat="48.55616" lon="-113.024414">
        <ele>1330.0</ele>
      </trkpt>
      <trkpt lat="48.556011" lon="-113.026199">
        <ele>1330.8</ele>
      </trkpt>
      <trkpt lat="48.556004" lon="-113.077644">
        <ele>1362.4</ele>
      </trkpt>
      <trkpt lat="48.555702" lon="-113.090004">
        <ele>1371.0</ele>
      </trkpt>
      <trkpt lat="48.555241" lon="-113.09359">
        <ele>1372.4</ele>
      </trkpt>
      <trkpt lat="48.554558" lon="-113.09671">
        <ele>1376.2</ele>
      </trkpt>
      <trkpt lat="48.552799" lon="-113.102493">
        <ele>1388.4</ele>
      </trkpt>
      <trkpt lat="48.546967" lon="-113.124001">
        <ele>1421.4</ele>
      </trkpt>
      <trkpt lat="48.544659" lon="-113.131279">
        <ele>1421.0</ele>
      </trkpt>
      <trkpt lat="48.54427" lon="-113.133316">
        <ele>1419.8</ele>
      </trkpt>
      <trkpt lat="48.544468" lon="-113.145981">
        <ele>1426.4</ele>
      </trkpt>
      <trkpt lat="48.548477" lon="-113.165009">
        <ele>1441.6</ele>
      </trkpt>
      <trkpt lat="48.548664" lon="-113.167351">
        <ele>1444.6</ele>
      </trkpt>
      <trkpt lat="48.548695" lon="-113.17363">
        <ele>1448.6</ele>
      </trkpt>
      <trkpt lat="48.54847" lon="-113.175476">
        <ele>1449.4</ele>
      </trkpt>
      <trkpt lat="48.547943" lon="-113.177261">
        <ele>1451.2</ele>
      </trkpt>
      <trkpt lat="48.542866" lon="-113.187592">
        <ele>1464.0</ele>
      </trkpt>
      <trkpt lat="48.542568" lon="-113.189514">
        <ele>1460.0</ele>
      </trkpt>
      <trkpt lat="48.54269" lon="-113.191719">
        <ele>1456.0</ele>
      </trkpt>
      <trkpt lat="48.544281" lon="-113.199425">
        <ele>1473.0</ele>
      </trkpt>
      <trkpt lat="48.544617" lon="-113.205276">
        <ele>1469.6</ele>
      </trkpt>
      <trkpt lat="48.543701" lon="-113.211769">
        <ele>1460.8</ele>
      </trkpt>
      <trkpt lat="48.543312" lon="-113.219162">
        <ele>1464.8</ele>
      </trkpt>
      <trkpt lat="48.54285" lon="-113.220444">
        <ele>1466.4</ele>
      </trkpt>
      <trkpt lat="48.541157" lon="-113.223106">
        <ele>1471.4</ele>
      </trkpt>
      <trkpt lat="48.540691" lon="-113.224991">
        <ele>1473.2</ele>
      </trkpt>
      <trkpt lat="48.540684" lon="-113.225922">
        <ele>1473.8</ele>
      </trkpt>
      <trkpt lat="48.540821" lon="-113.226051">
        <ele>1473.6</ele>
      </trkpt>
      <trkpt lat="48.540676" lon="-113.226334">
        <ele>1473.2</ele>
      </trkpt>
      <trkpt lat="48.540844" lon="-113.25621">
        <ele>1523.2</ele>
      </trkpt>
      <trkpt lat="48.540638" lon="-113.257759">
        <ele>1527.2</ele>
      </trkpt>
      <trkpt lat="48.539814" lon="-113.260307">
        <ele>1534.0</ele>
      </trkpt>
      <trkpt lat="48.539696" lon="-113.261765">
        <ele>1539.0</ele>
      </trkpt>
      <trkpt lat="48.540024" lon="-113.263405">
        <ele>1544.2</ele>
      </trkpt>
      <trkpt lat="48.540779" lon="-113.264664">
        <ele>1547.6</ele>
      </trkpt>
      <trkpt lat="48.548042" lon="-113.270584">
        <ele>1529.0</ele>
      </trkpt>
      <trkpt lat="48.548519" lon="-113.270775">
        <ele>1527.0</ele>
      </trkpt>
      <trkpt lat="48.54911" lon="-113.270752">
        <ele>1525.4</ele>
      </trkpt>
      <trkpt lat="48.552258" lon="-113.269386">
        <ele>1518.8</ele>
      </trkpt>
      <trkpt lat="48.553886" lon="-113.269569">
        <ele>1515.2</ele>
      </trkpt>
      <trkpt lat="48.557228" lon="-113.270988">
        <ele>1522.0</ele>
      </trkpt>
      <trkpt lat="48.557774" lon="-113.271713">
        <ele>1523.8</ele>
      </trkpt>
      <trkpt lat="48.558609" lon="-113.273628">
        <ele>1528.0</ele>
      </trkpt>
      <trkpt lat="48.559612" lon="-113.274529">
        <ele>1532.0</ele>
      </trkpt>
      <trkpt lat="48.560459" lon="-113.274712">
        <ele>1535.0</ele>
      </trkpt>
      <trkpt lat="48.562271" lon="-113.274292">
        <ele>1541.2</ele>
      </trkpt>
      <trkpt lat="48.563412" lon="-113.274384">
        <ele>1544.4</ele>
      </trkpt>
      <trkpt lat="48.566376" lon="-113.275414">
        <ele>1547.8</ele>
      </trkpt>
      <trkpt lat="48.57103" lon="-113.277924">
        <ele>1553.4</ele>
      </trkpt>
      <trkpt lat="48.57164" lon="-113.277893">
        <ele>1555.8</ele>
      </trkpt>
      <trkpt lat="48.572109" lon="-113.277649">
        <ele>1557.0</ele>
      </trkpt>
      <trkpt lat="48.573555" lon="-113.275772">
        <ele>1563.1</ele>
      </trkpt>
      <trkpt lat="48.574799" lon="-113.275017">
        <ele>1566.4</ele>
      </trkpt>
      <trkpt lat="48.575729" lon="-113.274994">
        <ele>1568.0</ele>
      </trkpt>
      <trkpt lat="48.578197" lon="-113.275589">
        <ele>1566.6</ele>
      </trkpt>
      <trkpt lat="48.578945" lon="-113.275536">
        <ele>1565.4</ele>
      </trkpt>
      <trkpt lat="48.582676" lon="-113.273438">
        <ele>1560.6</ele>
      </trkpt>
      <trkpt lat="48.583797" lon="-113.273354">
        <ele>1568.0</ele>
      </trkpt>
      <trkpt lat="48.586319" lon="-113.273888">
        <ele>1587.1</ele>
      </trkpt>
      <trkpt lat="48.587185" lon="-113.27388">
        <ele>1593.4</ele>
      </trkpt>
      <trkpt lat="48.588299" lon="-113.273354">
        <ele>1600.1</ele>
      </trkpt>
      <trkpt lat="48.589584" lon="-113.272049">
        <ele>1612.1</ele>
      </trkpt>
      <trkpt lat="48.590317" lon="-113.271545">
        <ele>1616.0</ele>
      </trkpt>
      <trkpt lat="48.591221" lon="-113.271378">
        <ele>1618.1</ele>
      </trkpt>
      <trkpt lat="48.592155" lon="-113.271667">
        <ele>1617.6</ele>
      </trkpt>
      <trkpt lat="48.592903" lon="-113.272377">
        <ele>1615.4</ele>
      </trkpt>
      <trkpt lat="48.595478" lon="-113.276161">
        <ele>1593.6</ele>
      </trkpt>
      <trkpt lat="48.59618" lon="-113.276726">
        <ele>1589.0</ele>
      </trkpt>
      <trkpt lat="48.597561" lon="-113.277443">
        <ele>1581.4</ele>
      </trkpt>
      <trkpt lat="48.598438" lon="-113.278336">
        <ele>1575.8</ele>
      </trkpt>
      <trkpt lat="48.598923" lon="-113.279175">
        <ele>1572.8</ele>
      </trkpt>
      <trkpt lat="48.600201" lon="-113.282494">
        <ele>1563.4</ele>
      </trkpt>
      <trkpt lat="48.60099" lon="-113.283577">
        <ele>1559.8</ele>
      </trkpt>
      <trkpt lat="48.602207" lon="-113.284302">
        <ele>1554.6</ele>
      </trkpt>
      <trkpt lat="48.606369" lon="-113.285416">
        <ele>1536.2</ele>
      </trkpt>
      <trkpt lat="48.608437" lon="-113.28685">
        <ele>1526.0</ele>
      </trkpt>
      <trkpt lat="48.611683" lon="-113.290916">
        <ele>1540.4</ele>
      </trkpt>
      <trkpt lat="48.616436" lon="-113.297783">
        <ele>1574.6</ele>
      </trkpt>
      <trkpt lat="48.616398" lon="-113.297958">
        <ele>1574.8</ele>
      </trkpt>
      <trkpt lat="48.616409" lon="-113.297775">
        <ele>1574.1</ele>
      </trkpt>
      <trkpt lat="48.617607" lon="-113.299019">
        <ele>1581.1</ele>
      </trkpt>
      <trkpt lat="48.619553" lon="-113.300026">
        <ele>1592.1</ele>
      </trkpt>
      <trkpt lat="48.622513" lon="-113.302376">
        <ele>1610.0</ele>
      </trkpt>
      <trkpt lat="48.624439" lon="-113.303452">
        <ele>1621.8</ele>
      </trkpt>
      <trkpt lat="48.625046" lon="-113.304672">
        <ele>1626.8</ele>
      </trkpt>
      <trkpt lat="48.625298" lon="-113.306908">
        <ele>1632.8</ele>
      </trkpt>
      <trkpt lat="48.62611" lon="-113.307877">
        <ele>1637.4</ele>
      </trkpt>
      <trkpt lat="48.628159" lon="-113.309135">
        <ele>1648.2</ele>
      </trkpt>
      <trkpt lat="48.629822" lon="-113.311005">
        <ele>1657.8</ele>
      </trkpt>
      <trkpt lat="48.630764" lon="-113.3116">
        <ele>1663.2</ele>
      </trkpt>
      <trkpt lat="48.633282" lon="-113.312492">
        <ele>1677.0</ele>
      </trkpt>
      <trkpt lat="48.635078" lon="-113.311798">
        <ele>1687.2</ele>
      </trkpt>
      <trkpt lat="48.637238" lon="-113.311966">
        <ele>1699.6</ele>
      </trkpt>
      <trkpt lat="48.637505" lon="-113.311653">
        <ele>1699.8</ele>
      </trkpt>
      <trkpt lat="48.637428" lon="-113.311966">
        <ele>1700.2</ele>
      </trkpt>
      <trkpt lat="48.638832" lon="-113.312202">
        <ele>1701.8</ele>
      </trkpt>
      <trkpt lat="48.640556" lon="-113.312767">
        <ele>1694.8</ele>
      </trkpt>
      <trkpt lat="48.642281" lon="-113.313622">
        <ele>1684.2</ele>
      </trkpt>
      <trkpt lat="48.645199" lon="-113.315529">
        <ele>1666.0</ele>
      </trkpt>
      <trkpt lat="48.645985" lon="-113.316475">
        <ele>1661.0</ele>
      </trkpt>
      <trkpt lat="48.647137" lon="-113.318741">
        <ele>1651.4</ele>
      </trkpt>
      <trkpt lat="48.647743" lon="-113.319344">
        <ele>1647.6</ele>
      </trkpt>
      <trkpt lat="48.648167" lon="-113.319473">
        <ele>1645.2</ele>
      </trkpt>
      <trkpt lat="48.650162" lon="-113.319389">
        <ele>1634.8</ele>
      </trkpt>
      <trkpt lat="48.651321" lon="-113.320076">
        <ele>1629.2</ele>
      </trkpt>
      <trkpt lat="48.658836" lon="-113.332314">
        <ele>1629.1</ele>
      </trkpt>
      <trkpt lat="48.659084" lon="-113.334061">
        <ele>1630.6</ele>
      </trkpt>
      <trkpt lat="48.658466" lon="-113.336716">
        <ele>1639.2</ele>
      </trkpt>
      <trkpt lat="48.658421" lon="-113.338295">
        <ele>1644.4</ele>
      </trkpt>
      <trkpt lat="48.658859" lon="-113.339935">
        <ele>1651.2</ele>
      </trkpt>
      <trkpt lat="48.65971" lon="-113.341034">
        <ele>1658.2</ele>
      </trkpt>
      <trkpt lat="48.660294" lon="-113.341385">
        <ele>1662.0</ele>
      </trkpt>
      <trkpt lat="48.662823" lon="-113.342163">
        <ele>1669.4</ele>
      </trkpt>
      <trkpt lat="48.665356" lon="-113.343964">
        <ele>1661.4</ele>
      </trkpt>
      <trkpt lat="48.665897" lon="-113.344177">
        <ele>1659.2</ele>
      </trkpt>
      <trkpt lat="48.666695" lon="-113.344185">
        <ele>1656.8</ele>
      </trkpt>
      <trkpt lat="48.669838" lon="-113.343597">
        <ele>1646.4</ele>
      </trkpt>
      <trkpt lat="48.67075" lon="-113.34388">
        <ele>1647.6</ele>
      </trkpt>
      <trkpt lat="48.671288" lon="-113.344536">
        <ele>1650.2</ele>
      </trkpt>
      <trkpt lat="48.672192" lon="-113.346436">
        <ele>1657.2</ele>
      </trkpt>
      <trkpt lat="48.674263" lon="-113.348549">
        <ele>1671.8</ele>
      </trkpt>
      <trkpt lat="48.67543" lon="-113.349358">
        <ele>1679.4</ele>
      </trkpt>
      <trkpt lat="48.677551" lon="-113.350121">
        <ele>1692.8</ele>
      </trkpt>
      <trkpt lat="48.678181" lon="-113.350639">
        <ele>1696.8</ele>
      </trkpt>
      <trkpt lat="48.678673" lon="-113.351646">
        <ele>1701.4</ele>
      </trkpt>
      <trkpt lat="48.679153" lon="-113.354057">
        <ele>1709.2</ele>
      </trkpt>
      <trkpt lat="48.679676" lon="-113.355392">
        <ele>1716.4</ele>
      </trkpt>
      <trkpt lat="48.680679" lon="-113.356667">
        <ele>1725.0</ele>
      </trkpt>
      <trkpt lat="48.681736" lon="-113.357239">
        <ele>1732.0</ele>
      </trkpt>
      <trkpt lat="48.683117" lon="-113.357193">
        <ele>1739.8</ele>
      </trkpt>
      <trkpt lat="48.684399" lon="-113.356331">
        <ele>1746.2</ele>
      </trkpt>
      <trkpt lat="48.685402" lon="-113.354607">
        <ele>1752.0</ele>
      </trkpt>
      <trkpt lat="48.686634" lon="-113.350761">
        <ele>1767.8</ele>
      </trkpt>
      <trkpt lat="48.687004" lon="-113.350365">
        <ele>1770.4</ele>
      </trkpt>
      <trkpt lat="48.687454" lon="-113.350204">
        <ele>1773.0</ele>
      </trkpt>
      <trkpt lat="48.68787" lon="-113.350311">
        <ele>1774.6</ele>
      </trkpt>
      <trkpt lat="48.688244" lon="-113.350647">
        <ele>1776.0</ele>
      </trkpt>
      <trkpt lat="48.688587" lon="-113.351494">
        <ele>1776.8</ele>
      </trkpt>
      <trkpt lat="48.688591" lon="-113.352325">
        <ele>1777.4</ele>
      </trkpt>
      <trkpt lat="48.686958" lon="-113.359024">
        <ele>1799.4</ele>
      </trkpt>
      <trkpt lat="48.686806" lon="-113.361923">
        <ele>1804.6</ele>
      </trkpt>
      <trkpt lat="48.687157" lon="-113.364159">
        <ele>1808.8</ele>
      </trkpt>
      <trkpt lat="48.688538" lon="-113.368622">
        <ele>1796.6</ele>
      </trkpt>
      <trkpt lat="48.689133" lon="-113.37146">
        <ele>1788.6</ele>
      </trkpt>
      <trkpt lat="48.689728" lon="-113.375526">
        <ele>1776.4</ele>
      </trkpt>
      <trkpt lat="48.690472" lon="-113.382729">
        <ele>1762.6</ele>
      </trkpt>
      <trkpt lat="48.691246" lon="-113.385292">
        <ele>1755.6</ele>
      </trkpt>
      <trkpt lat="48.69223" lon="-113.386742">
        <ele>1750.6</ele>
      </trkpt>
      <trkpt lat="48.693256" lon="-113.387329">
        <ele>1745.6</ele>
      </trkpt>
      <trkpt lat="48.697296" lon="-113.388237">
        <ele>1740.6</ele>
      </trkpt>
      <trkpt lat="48.698338" lon="-113.389183">
        <ele>1739.6</ele>
      </trkpt>
      <trkpt lat="48.699013" lon="-113.390472">
        <ele>1736.0</ele>
      </trkpt>
      <trkpt lat="48.700874" lon="-113.397751">
        <ele>1721.0</ele>
      </trkpt>
      <trkpt lat="48.701218" lon="-113.399696">
        <ele>1717.2</ele>
      </trkpt>
      <trkpt lat="48.701336" lon="-113.402435">
        <ele>1711.0</ele>
      </trkpt>
      <trkpt lat="48.700661" lon="-113.408852">
        <ele>1685.6</ele>
      </trkpt>
      <trkpt lat="48.700649" lon="-113.410484">
        <ele>1678.6</ele>
      </trkpt>
      <trkpt lat="48.700989" lon="-113.412422">
        <ele>1672.6</ele>
      </trkpt>
      <trkpt lat="48.702" lon="-113.414177">
        <ele>1662.8</ele>
      </trkpt>
      <trkpt lat="48.702782" lon="-113.414764">
        <ele>1657.0</ele>
      </trkpt>
      <trkpt lat="48.703629" lon="-113.414993">
        <ele>1651.4</ele>
      </trkpt>
      <trkpt lat="48.706657" lon="-113.414314">
        <ele>1628.8</ele>
      </trkpt>
      <trkpt lat="48.707977" lon="-113.414337">
        <ele>1615.8</ele>
      </trkpt>
      <trkpt lat="48.70826" lon="-113.414604">
        <ele>1613.6</ele>
      </trkpt>
      <trkpt lat="48.708389" lon="-113.414421">
        <ele>1611.4</ele>
      </trkpt>
      <trkpt lat="48.709949" lon="-113.41407">
        <ele>1608.0</ele>
      </trkpt>
      <trkpt lat="48.71159" lon="-113.413124">
        <ele>1596.6</ele>
      </trkpt>
      <trkpt lat="48.712513" lon="-113.412918">
        <ele>1591.0</ele>
      </trkpt>
      <trkpt lat="48.713692" lon="-113.413208">
        <ele>1582.6</ele>
      </trkpt>
      <trkpt lat="48.715328" lon="-113.414352">
        <ele>1570.0</ele>
      </trkpt>
      <trkpt lat="48.716648" lon="-113.414825">
        <ele>1560.0</ele>
      </trkpt>
      <trkpt lat="48.72366" lon="-113.414726">
        <ele>1524.0</ele>
      </trkpt>
      <trkpt lat="48.725388" lon="-113.415085">
        <ele>1515.0</ele>
      </trkpt>
      <trkpt lat="48.728359" lon="-113.416344">
        <ele>1494.6</ele>
      </trkpt>
      <trkpt lat="48.730515" lon="-113.418991">
        <ele>1474.0</ele>
      </trkpt>
      <trkpt lat="48.732765" lon="-113.420158">
        <ele>1454.0</ele>
      </trkpt>
      <trkpt lat="48.734032" lon="-113.421127">
        <ele>1445.6</ele>
      </trkpt>
      <trkpt lat="48.734764" lon="-113.421799">
        <ele>1440.6</ele>
      </trkpt>
      <trkpt lat="48.735886" lon="-113.423271">
        <ele>1428.6</ele>
      </trkpt>
      <trkpt lat="48.736866" lon="-113.423935">
        <ele>1423.4</ele>
      </trkpt>
      <trkpt lat="48.737988" lon="-113.425125">
        <ele>1419.8</ele>
      </trkpt>
      <trkpt lat="48.739292" lon="-113.426079">
        <ele>1412.4</ele>
      </trkpt>
      <trkpt lat="48.741142" lon="-113.428658">
        <ele>1399.2</ele>
      </trkpt>
      <trkpt lat="48.741985" lon="-113.429108">
        <ele>1396.0</ele>
      </trkpt>
      <trkpt lat="48.746605" lon="-113.428703">
        <ele>1381.4</ele>
      </trkpt>
      <trkpt lat="48.747433" lon="-113.428329">
        <ele>1381.6</ele>
      </trkpt>
      <trkpt lat="48.749344" lon="-113.426804">
        <ele>1390.4</ele>
      </trkpt>
      <trkpt lat="48.750267" lon="-113.425919">
        <ele>1390.8</ele>
      </trkpt>
      <trkpt lat="48.750793" lon="-113.425095">
        <ele>1391.4</ele>
      </trkpt>
      <trkpt lat="48.750805" lon="-113.423706">
        <ele>1397.6</ele>
      </trkpt>
      <trkpt lat="48.750515" lon="-113.422089">
        <ele>1393.8</ele>
      </trkpt>
      <trkpt lat="48.75039" lon="-113.42218">
        <ele>1394.0</ele>
      </trkpt>
      <trkpt lat="48.75079" lon="-113.423599">
        <ele>1398.0</ele>
      </trkpt>
      <trkpt lat="48.750828" lon="-113.424706">
        <ele>1397.6</ele>
      </trkpt>
      <trkpt lat="48.750729" lon="-113.425301">
        <ele>1394.0</ele>
      </trkpt>
      <trkpt lat="48.750324" lon="-113.425903">
        <ele>1392.0</ele>
      </trkpt>
      <trkpt lat="48.747086" lon="-113.428635">
        <ele>1380.8</ele>
      </trkpt>
      <trkpt lat="48.746166" lon="-113.429001">
        <ele>1380.8</ele>
      </trkpt>
      <trkpt lat="48.743748" lon="-113.429199">
        <ele>1385.4</ele>
      </trkpt>
      <trkpt lat="48.743668" lon="-113.42942">
        <ele>1385.8</ele>
      </trkpt>
      <trkpt lat="48.744469" lon="-113.432335">
        <ele>1384.0</ele>
      </trkpt>
      <trkpt lat="48.744915" lon="-113.433334">
        <ele>1380.0</ele>
      </trkpt>
      <trkpt lat="48.744785" lon="-113.433388">
        <ele>1380.6</ele>
      </trkpt>
      <trkpt lat="48.745216" lon="-113.434868">
        <ele>1378.8</ele>
      </trkpt>
      <trkpt lat="48.746124" lon="-113.437401">
        <ele>1375.4</ele>
      </trkpt>
      <trkpt lat="48.747524" lon="-113.440422">
        <ele>1370.6</ele>
      </trkpt>
      <trkpt lat="48.749958" lon="-113.444878">
        <ele>1371.6</ele>
      </trkpt>
      <trkpt lat="48.750134" lon="-113.446274">
        <ele>1374.0</ele>
      </trkpt>
      <trkpt lat="48.749775" lon="-113.447441">
        <ele>1375.4</ele>
      </trkpt>
      <trkpt lat="48.746941" lon="-113.450333">
        <ele>1379.4</ele>
      </trkpt>
      <trkpt lat="48.743324" lon="-113.453369">
        <ele>1378.0</ele>
      </trkpt>
      <trkpt lat="48.741852" lon="-113.455132">
        <ele>1380.4</ele>
      </trkpt>
      <trkpt lat="48.737194" lon="-113.459114">
        <ele>1377.2</ele>
      </trkpt>
      <trkpt lat="48.732246" lon="-113.461914">
        <ele>1383.6</ele>
      </trkpt>
      <trkpt lat="48.731426" lon="-113.46254">
        <ele>1382.0</ele>
      </trkpt>
      <trkpt lat="48.726933" lon="-113.468185">
        <ele>1375.2</ele>
      </trkpt>
      <trkpt lat="48.723312" lon="-113.4702">
        <ele>1378.0</ele>
      </trkpt>
      <trkpt lat="48.72031" lon="-113.473625">
        <ele>1379.0</ele>
      </trkpt>
      <trkpt lat="48.715576" lon="-113.476692">
        <ele>1383.6</ele>
      </trkpt>
      <trkpt lat="48.71471" lon="-113.477509">
        <ele>1382.2</ele>
      </trkpt>
      <trkpt lat="48.710842" lon="-113.485535">
        <ele>1375.8</ele>
      </trkpt>
      <trkpt lat="48.709972" lon="-113.487946">
        <ele>1375.8</ele>
      </trkpt>
      <trkpt lat="48.710033" lon="-113.488205">
        <ele>1375.6</ele>
      </trkpt>
      <trkpt lat="48.709492" lon="-113.490173">
        <ele>1376.0</ele>
      </trkpt>
      <trkpt lat="48.70879" lon="-113.491768">
        <ele>1378.6</ele>
      </trkpt>
      <trkpt lat="48.70787" lon="-113.493156">
        <ele>1382.6</ele>
      </trkpt>
      <trkpt lat="48.70615" lon="-113.495056">
        <ele>1386.4</ele>
      </trkpt>
      <trkpt lat="48.704655" lon="-113.497986">
        <ele>1384.2</ele>
      </trkpt>
      <trkpt lat="48.696877" lon="-113.510384">
        <ele>1376.2</ele>
      </trkpt>
      <trkpt lat="48.692665" lon="-113.521431">
        <ele>1378.8</ele>
      </trkpt>
      <trkpt lat="48.691437" lon="-113.525307">
        <ele>1373.0</ele>
      </trkpt>
      <trkpt lat="48.690392" lon="-113.526581">
        <ele>1375.4</ele>
      </trkpt>
      <trkpt lat="48.689022" lon="-113.527107">
        <ele>1382.8</ele>
      </trkpt>
      <trkpt lat="48.688705" lon="-113.527458">
        <ele>1384.4</ele>
      </trkpt>
      <trkpt lat="48.688644" lon="-113.527946">
        <ele>1385.8</ele>
      </trkpt>
      <trkpt lat="48.688858" lon="-113.528435">
        <ele>1387.2</ele>
      </trkpt>
      <trkpt lat="48.689728" lon="-113.529182">
        <ele>1391.6</ele>
      </trkpt>
      <trkpt lat="48.691074" lon="-113.530899">
        <ele>1399.2</ele>
      </trkpt>
      <trkpt lat="48.692669" lon="-113.531792">
        <ele>1404.4</ele>
      </trkpt>
      <trkpt lat="48.693386" lon="-113.53286">
        <ele>1405.8</ele>
      </trkpt>
      <trkpt lat="48.69408" lon="-113.535866">
        <ele>1406.0</ele>
      </trkpt>
      <trkpt lat="48.694721" lon="-113.537666">
        <ele>1405.2</ele>
      </trkpt>
      <trkpt lat="48.69466" lon="-113.539711">
        <ele>1407.2</ele>
      </trkpt>
      <trkpt lat="48.695061" lon="-113.541023">
        <ele>1410.6</ele>
      </trkpt>
      <trkpt lat="48.695072" lon="-113.542">
        <ele>1412.8</ele>
      </trkpt>
      <trkpt lat="48.694786" lon="-113.542747">
        <ele>1414.2</ele>
      </trkpt>
      <trkpt lat="48.693985" lon="-113.543549">
        <ele>1415.4</ele>
      </trkpt>
      <trkpt lat="48.693699" lon="-113.544174">
        <ele>1416.0</ele>
      </trkpt>
      <trkpt lat="48.693459" lon="-113.550049">
        <ele>1421.6</ele>
      </trkpt>
      <trkpt lat="48.693161" lon="-113.551285">
        <ele>1421.4</ele>
      </trkpt>
      <trkpt lat="48.69202" lon="-113.554344">
        <ele>1423.0</ele>
      </trkpt>
      <trkpt lat="48.690884" lon="-113.556091">
        <ele>1420.6</ele>
      </trkpt>
      <trkpt lat="48.690201" lon="-113.556618">
        <ele>1419.2</ele>
      </trkpt>
      <trkpt lat="48.688671" lon="-113.557365">
        <ele>1420.6</ele>
      </trkpt>
      <trkpt lat="48.687031" lon="-113.562981">
        <ele>1433.8</ele>
      </trkpt>
      <trkpt lat="48.686573" lon="-113.563606">
        <ele>1433.0</ele>
      </trkpt>
      <trkpt lat="48.685478" lon="-113.564331">
        <ele>1431.6</ele>
      </trkpt>
      <trkpt lat="48.684921" lon="-113.565308">
        <ele>1430.8</ele>
      </trkpt>
      <trkpt lat="48.684689" lon="-113.56665">
        <ele>1429.8</ele>
      </trkpt>
      <trkpt lat="48.684772" lon="-113.568581">
        <ele>1429.2</ele>
      </trkpt>
      <trkpt lat="48.684483" lon="-113.569603">
        <ele>1429.4</ele>
      </trkpt>
      <trkpt lat="48.683697" lon="-113.571175">
        <ele>1431.4</ele>
      </trkpt>
      <trkpt lat="48.682339" lon="-113.572701">
        <ele>1433.6</ele>
      </trkpt>
      <trkpt lat="48.679863" lon="-113.576996">
        <ele>1427.2</ele>
      </trkpt>
      <trkpt lat="48.679314" lon="-113.579369">
        <ele>1424.2</ele>
      </trkpt>
      <trkpt lat="48.679253" lon="-113.582184">
        <ele>1426.8</ele>
      </trkpt>
      <trkpt lat="48.679352" lon="-113.582054">
        <ele>1427.6</ele>
      </trkpt>
      <trkpt lat="48.679493" lon="-113.583572">
        <ele>1433.4</ele>
      </trkpt>
      <trkpt lat="48.679943" lon="-113.585091">
        <ele>1441.2</ele>
      </trkpt>
      <trkpt lat="48.680019" lon="-113.586586">
        <ele>1447.8</ele>
      </trkpt>
      <trkpt lat="48.679073" lon="-113.590912">
        <ele>1447.8</ele>
      </trkpt>
      <trkpt lat="48.678589" lon="-113.595146">
        <ele>1434.0</ele>
      </trkpt>
      <trkpt lat="48.678158" lon="-113.596123">
        <ele>1431.9</ele>
      </trkpt>
      <trkpt lat="48.676601" lon="-113.597412">
        <ele>1437.0</ele>
      </trkpt>
      <trkpt lat="48.676033" lon="-113.598488">
        <ele>1441.2</ele>
      </trkpt>
      <trkpt lat="48.675358" lon="-113.604202">
        <ele>1449.4</ele>
      </trkpt>
      <trkpt lat="48.675137" lon="-113.604637">
        <ele>1449.0</ele>
      </trkpt>
      <trkpt lat="48.675285" lon="-113.604836">
        <ele>1449.0</ele>
      </trkpt>
      <trkpt lat="48.675056" lon="-113.606857">
        <ele>1448.4</ele>
      </trkpt>
      <trkpt lat="48.673851" lon="-113.610413">
        <ele>1447.2</ele>
      </trkpt>
      <trkpt lat="48.673668" lon="-113.612">
        <ele>1450.6</ele>
      </trkpt>
      <trkpt lat="48.675076" lon="-113.622932">
        <ele>1487.6</ele>
      </trkpt>
      <trkpt lat="48.675125" lon="-113.628403">
        <ele>1507.6</ele>
      </trkpt>
      <trkpt lat="48.675907" lon="-113.634842">
        <ele>1535.4</ele>
      </trkpt>
      <trkpt lat="48.676003" lon="-113.639893">
        <ele>1556.8</ele>
      </trkpt>
      <trkpt lat="48.677216" lon="-113.645737">
        <ele>1580.6</ele>
      </trkpt>
      <trkpt lat="48.677399" lon="-113.647308">
        <ele>1587.8</ele>
      </trkpt>
      <trkpt lat="48.677357" lon="-113.651314">
        <ele>1604.6</ele>
      </trkpt>
      <trkpt lat="48.679855" lon="-113.657173">
        <ele>1635.0</ele>
      </trkpt>
      <trkpt lat="48.681561" lon="-113.659729">
        <ele>1649.8</ele>
      </trkpt>
      <trkpt lat="48.685047" lon="-113.663483">
        <ele>1674.8</ele>
      </trkpt>
      <trkpt lat="48.685501" lon="-113.664215">
        <ele>1679.2</ele>
      </trkpt>
      <trkpt lat="48.688175" lon="-113.667107">
        <ele>1699.2</ele>
      </trkpt>
      <trkpt lat="48.689236" lon="-113.66787">
        <ele>1707.0</ele>
      </trkpt>
      <trkpt lat="48.690159" lon="-113.668831">
        <ele>1715.4</ele>
      </trkpt>
      <trkpt lat="48.691418" lon="-113.668877">
        <ele>1723.4</ele>
      </trkpt>
      <trkpt lat="48.693771" lon="-113.668312">
        <ele>1738.8</ele>
      </trkpt>
      <trkpt lat="48.693867" lon="-113.66848">
        <ele>1739.6</ele>
      </trkpt>
      <trkpt lat="48.693897" lon="-113.668282">
        <ele>1739.2</ele>
      </trkpt>
      <trkpt lat="48.69434" lon="-113.668282">
        <ele>1742.0</ele>
      </trkpt>
      <trkpt lat="48.69725" lon="-113.667282">
        <ele>1760.2</ele>
      </trkpt>
      <trkpt lat="48.700092" lon="-113.667503">
        <ele>1777.0</ele>
      </trkpt>
      <trkpt lat="48.701145" lon="-113.66713">
        <ele>1782.8</ele>
      </trkpt>
      <trkpt lat="48.701447" lon="-113.667305">
        <ele>1784.0</ele>
      </trkpt>
      <trkpt lat="48.701626" lon="-113.667686">
        <ele>1784.6</ele>
      </trkpt>
      <trkpt lat="48.7015" lon="-113.668541">
        <ele>1785.6</ele>
      </trkpt>
      <trkpt lat="48.699589" lon="-113.669182">
        <ele>1795.8</ele>
      </trkpt>
      <trkpt lat="48.699455" lon="-113.669594">
        <ele>1797.0</ele>
      </trkpt>
      <trkpt lat="48.696888" lon="-113.672035">
        <ele>1815.6</ele>
      </trkpt>
      <trkpt lat="48.694237" lon="-113.675186">
        <ele>1836.6</ele>
      </trkpt>
      <trkpt lat="48.693775" lon="-113.676567">
        <ele>1843.0</ele>
      </trkpt>
      <trkpt lat="48.694508" lon="-113.681725">
        <ele>1862.6</ele>
      </trkpt>
      <trkpt lat="48.696629" lon="-113.690224">
        <ele>1898.2</ele>
      </trkpt>
      <trkpt lat="48.6973" lon="-113.695068">
        <ele>1920.3</ele>
      </trkpt>
      <trkpt lat="48.697517" lon="-113.698021">
        <ele>1930.0</ele>
      </trkpt>
      <trkpt lat="48.697868" lon="-113.69989">
        <ele>1937.8</ele>
      </trkpt>
      <trkpt lat="48.698559" lon="-113.701782">
        <ele>1945.6</ele>
      </trkpt>
      <trkpt lat="48.699631" lon="-113.703133">
        <ele>1955.0</ele>
      </trkpt>
      <trkpt lat="48.699829" lon="-113.703613">
        <ele>1956.7</ele>
      </trkpt>
      <trkpt lat="48.69968" lon="-113.704254">
        <ele>1958.8</ele>
      </trkpt>
      <trkpt lat="48.698158" lon="-113.70575">
        <ele>1969.4</ele>
      </trkpt>
      <trkpt lat="48.697823" lon="-113.706345">
        <ele>1972.4</ele>
      </trkpt>
      <trkpt lat="48.697296" lon="-113.711227">
        <ele>1994.2</ele>
      </trkpt>
      <trkpt lat="48.696537" lon="-113.712494">
        <ele>2002.4</ele>
      </trkpt>
      <trkpt lat="48.696331" lon="-113.713173">
        <ele>2005.6</ele>
      </trkpt>
      <trkpt lat="48.696236" lon="-113.716255">
        <ele>2020.2</ele>
      </trkpt>
      <trkpt lat="48.696495" lon="-113.718277">
        <ele>2026.6</ele>
      </trkpt>
      <trkpt lat="48.696415" lon="-113.717964">
        <ele>2026.6</ele>
      </trkpt>
      <trkpt lat="48.696037" lon="-113.717812">
        <ele>2025.4</ele>
      </trkpt>
      <trkpt lat="48.696522" lon="-113.717941">
        <ele>2025.0</ele>
      </trkpt>
      <trkpt lat="48.697575" lon="-113.721786">
        <ele>2014.4</ele>
      </trkpt>
      <trkpt lat="48.697865" lon="-113.723839">
        <ele>2005.2</ele>
      </trkpt>
      <trkpt lat="48.698811" lon="-113.725014">
        <ele>1998.0</ele>
      </trkpt>
      <trkpt lat="48.699223" lon="-113.725151">
        <ele>1995.2</ele>
      </trkpt>
      <trkpt lat="48.699444" lon="-113.724915">
        <ele>1993.2</ele>
      </trkpt>
      <trkpt lat="48.69952" lon="-113.724228">
        <ele>1989.8</ele>
      </trkpt>
      <trkpt lat="48.699261" lon="-113.722206">
        <ele>1982.8</ele>
      </trkpt>
      <trkpt lat="48.699394" lon="-113.720596">
        <ele>1976.2</ele>
      </trkpt>
      <trkpt lat="48.699833" lon="-113.718941">
        <ele>1969.2</ele>
      </trkpt>
      <trkpt lat="48.700378" lon="-113.718262">
        <ele>1965.0</ele>
      </trkpt>
      <trkpt lat="48.701103" lon="-113.717903">
        <ele>1960.0</ele>
      </trkpt>
      <trkpt lat="48.701935" lon="-113.717819">
        <ele>1955.2</ele>
      </trkpt>
      <trkpt lat="48.703671" lon="-113.718437">
        <ele>1943.0</ele>
      </trkpt>
      <trkpt lat="48.705921" lon="-113.717667">
        <ele>1928.8</ele>
      </trkpt>
      <trkpt lat="48.709255" lon="-113.717064">
        <ele>1903.4</ele>
      </trkpt>
      <trkpt lat="48.713184" lon="-113.718323">
        <ele>1881.6</ele>
      </trkpt>
      <trkpt lat="48.713737" lon="-113.718361">
        <ele>1876.4</ele>
      </trkpt>
      <trkpt lat="48.714123" lon="-113.718796">
        <ele>1872.2</ele>
      </trkpt>
      <trkpt lat="48.715519" lon="-113.719414">
        <ele>1863.8</ele>
      </trkpt>
      <trkpt lat="48.715927" lon="-113.719353">
        <ele>1861.2</ele>
      </trkpt>
      <trkpt lat="48.717228" lon="-113.718445">
        <ele>1852.2</ele>
      </trkpt>
      <trkpt lat="48.717579" lon="-113.718994">
        <ele>1849.4</ele>
      </trkpt>
      <trkpt lat="48.717918" lon="-113.720284">
        <ele>1844.2</ele>
      </trkpt>
      <trkpt lat="48.718369" lon="-113.721199">
        <ele>1839.4</ele>
      </trkpt>
      <trkpt lat="48.718758" lon="-113.721603">
        <ele>1836.4</ele>
      </trkpt>
      <trkpt lat="48.719288" lon="-113.721718">
        <ele>1832.6</ele>
      </trkpt>
      <trkpt lat="48.719906" lon="-113.722511">
        <ele>1828.0</ele>
      </trkpt>
      <trkpt lat="48.720585" lon="-113.722878">
        <ele>1822.8</ele>
      </trkpt>
      <trkpt lat="48.721111" lon="-113.724602">
        <ele>1816.8</ele>
      </trkpt>
      <trkpt lat="48.721794" lon="-113.725449">
        <ele>1811.0</ele>
      </trkpt>
      <trkpt lat="48.72279" lon="-113.724854">
        <ele>1803.0</ele>
      </trkpt>
      <trkpt lat="48.724834" lon="-113.72419">
        <ele>1788.8</ele>
      </trkpt>
      <trkpt lat="48.725666" lon="-113.723724">
        <ele>1782.6</ele>
      </trkpt>
      <trkpt lat="48.726833" lon="-113.724075">
        <ele>1775.0</ele>
      </trkpt>
      <trkpt lat="48.727467" lon="-113.724541">
        <ele>1771.0</ele>
      </trkpt>
      <trkpt lat="48.727753" lon="-113.725235">
        <ele>1767.6</ele>
      </trkpt>
      <trkpt lat="48.727715" lon="-113.725883">
        <ele>1764.8</ele>
      </trkpt>
      <trkpt lat="48.726833" lon="-113.728546">
        <ele>1755.8</ele>
      </trkpt>
      <trkpt lat="48.725208" lon="-113.732208">
        <ele>1738.0</ele>
      </trkpt>
      <trkpt lat="48.724964" lon="-113.733681">
        <ele>1732.6</ele>
      </trkpt>
      <trkpt lat="48.725132" lon="-113.736549">
        <ele>1720.2</ele>
      </trkpt>
      <trkpt lat="48.725765" lon="-113.738197">
        <ele>1711.0</ele>
      </trkpt>
      <trkpt lat="48.725571" lon="-113.739738">
        <ele>1704.2</ele>
      </trkpt>
      <trkpt lat="48.725937" lon="-113.742027">
        <ele>1695.2</ele>
      </trkpt>
      <trkpt lat="48.726368" lon="-113.742409">
        <ele>1691.2</ele>
      </trkpt>
      <trkpt lat="48.72884" lon="-113.742599">
        <ele>1676.0</ele>
      </trkpt>
      <trkpt lat="48.730286" lon="-113.742523">
        <ele>1665.6</ele>
      </trkpt>
      <trkpt lat="48.730717" lon="-113.742943">
        <ele>1662.0</ele>
      </trkpt>
      <trkpt lat="48.731861" lon="-113.742943">
        <ele>1655.6</ele>
      </trkpt>
      <trkpt lat="48.732716" lon="-113.743477">
        <ele>1649.6</ele>
      </trkpt>
      <trkpt lat="48.73328" lon="-113.74337">
        <ele>1646.4</ele>
      </trkpt>
      <trkpt lat="48.734604" lon="-113.745613">
        <ele>1634.4</ele>
      </trkpt>
      <trkpt lat="48.735619" lon="-113.74614">
        <ele>1627.6</ele>
      </trkpt>
      <trkpt lat="48.737247" lon="-113.746376">
        <ele>1618.6</ele>
      </trkpt>
      <trkpt lat="48.738659" lon="-113.745171">
        <ele>1610.2</ele>
      </trkpt>
      <trkpt lat="48.739128" lon="-113.745277">
        <ele>1607.1</ele>
      </trkpt>
      <trkpt lat="48.739395" lon="-113.745575">
        <ele>1605.4</ele>
      </trkpt>
      <trkpt lat="48.73959" lon="-113.746826">
        <ele>1601.6</ele>
      </trkpt>
      <trkpt lat="48.739395" lon="-113.747757">
        <ele>1597.4</ele>
      </trkpt>
      <trkpt lat="48.739441" lon="-113.749008">
        <ele>1592.0</ele>
      </trkpt>
      <trkpt lat="48.738907" lon="-113.75071">
        <ele>1583.1</ele>
      </trkpt>
      <trkpt lat="48.739288" lon="-113.752403">
        <ele>1576.4</ele>
      </trkpt>
      <trkpt lat="48.742249" lon="-113.755547">
        <ele>1553.4</ele>
      </trkpt>
      <trkpt lat="48.743835" lon="-113.758018">
        <ele>1538.2</ele>
      </trkpt>
      <trkpt lat="48.746071" lon="-113.762901">
        <ele>1512.8</ele>
      </trkpt>
      <trkpt lat="48.746609" lon="-113.763329">
        <ele>1508.4</ele>
      </trkpt>
      <trkpt lat="48.74744" lon="-113.763397">
        <ele>1503.0</ele>
      </trkpt>
      <trkpt lat="48.747929" lon="-113.765182">
        <ele>1494.8</ele>
      </trkpt>
      <trkpt lat="48.748756" lon="-113.766243">
        <ele>1487.4</ele>
      </trkpt>
      <trkpt lat="48.748753" lon="-113.766762">
        <ele>1485.0</ele>
      </trkpt>
      <trkpt lat="48.747837" lon="-113.768005">
        <ele>1478.0</ele>
      </trkpt>
      <trkpt lat="48.747494" lon="-113.770164">
        <ele>1468.4</ele>
      </trkpt>
      <trkpt lat="48.748089" lon="-113.771301">
        <ele>1463.0</ele>
      </trkpt>
      <trkpt lat="48.748867" lon="-113.772057">
        <ele>1457.2</ele>
      </trkpt>
      <trkpt lat="48.748848" lon="-113.77282">
        <ele>1454.4</ele>
      </trkpt>
      <trkpt lat="48.749783" lon="-113.775932">
        <ele>1441.0</ele>
      </trkpt>
      <trkpt lat="48.750977" lon="-113.781456">
        <ele>1414.8</ele>
      </trkpt>
      <trkpt lat="48.751026" lon="-113.784149">
        <ele>1402.8</ele>
      </trkpt>
      <trkpt lat="48.751671" lon="-113.78701">
        <ele>1389.2</ele>
      </trkpt>
      <trkpt lat="48.751987" lon="-113.790718">
        <ele>1374.2</ele>
      </trkpt>
      <trkpt lat="48.754478" lon="-113.799187">
        <ele>1333.0</ele>
      </trkpt>
      <trkpt lat="48.755016" lon="-113.80027">
        <ele>1326.0</ele>
      </trkpt>
      <trkpt lat="48.754822" lon="-113.800545">
        <ele>1323.8</ele>
      </trkpt>
      <trkpt lat="48.754578" lon="-113.800346">
        <ele>1322.0</ele>
      </trkpt>
      <trkpt lat="48.752594" lon="-113.795609">
        <ele>1301.2</ele>
      </trkpt>
      <trkpt lat="48.751328" lon="-113.790817">
        <ele>1279.0</ele>
      </trkpt>
      <trkpt lat="48.751194" lon="-113.789131">
        <ele>1271.6</ele>
      </trkpt>
      <trkpt lat="48.74958" lon="-113.785049">
        <ele>1256.0</ele>
      </trkpt>
      <trkpt lat="48.748878" lon="-113.782616">
        <ele>1246.8</ele>
      </trkpt>
      <trkpt lat="48.747963" lon="-113.780647">
        <ele>1239.0</ele>
      </trkpt>
      <trkpt lat="48.747528" lon="-113.777702">
        <ele>1225.4</ele>
      </trkpt>
      <trkpt lat="48.745216" lon="-113.772972">
        <ele>1202.2</ele>
      </trkpt>
      <trkpt lat="48.744389" lon="-113.772095">
        <ele>1195.6</ele>
      </trkpt>
      <trkpt lat="48.743244" lon="-113.771896">
        <ele>1189.8</ele>
      </trkpt>
      <trkpt lat="48.741474" lon="-113.769798">
        <ele>1177.4</ele>
      </trkpt>
      <trkpt lat="48.740715" lon="-113.769653">
        <ele>1173.2</ele>
      </trkpt>
      <trkpt lat="48.739529" lon="-113.769005">
        <ele>1166.2</ele>
      </trkpt>
      <trkpt lat="48.737617" lon="-113.767204">
        <ele>1152.6</ele>
      </trkpt>
      <trkpt lat="48.736366" lon="-113.764687">
        <ele>1141.8</ele>
      </trkpt>
      <trkpt lat="48.736225" lon="-113.762245">
        <ele>1131.8</ele>
      </trkpt>
      <trkpt lat="48.735622" lon="-113.761269">
        <ele>1126.6</ele>
      </trkpt>
      <trkpt lat="48.735245" lon="-113.761108">
        <ele>1124.4</ele>
      </trkpt>
      <trkpt lat="48.734825" lon="-113.761208">
        <ele>1122.8</ele>
      </trkpt>
      <trkpt lat="48.733673" lon="-113.761978">
        <ele>1118.0</ele>
      </trkpt>
      <trkpt lat="48.731308" lon="-113.762337">
        <ele>1109.2</ele>
      </trkpt>
      <trkpt lat="48.730606" lon="-113.76226">
        <ele>1106.8</ele>
      </trkpt>
      <trkpt lat="48.729252" lon="-113.761597">
        <ele>1103.0</ele>
      </trkpt>
      <trkpt lat="48.727055" lon="-113.759521">
        <ele>1100.0</ele>
      </trkpt>
      <trkpt lat="48.726437" lon="-113.759598">
        <ele>1099.6</ele>
      </trkpt>
      <trkpt lat="48.725914" lon="-113.760414">
        <ele>1099.4</ele>
      </trkpt>
      <trkpt lat="48.724789" lon="-113.764893">
        <ele>1097.0</ele>
      </trkpt>
      <trkpt lat="48.724373" lon="-113.765915">
        <ele>1096.4</ele>
      </trkpt>
      <trkpt lat="48.719112" lon="-113.772942">
        <ele>1089.4</ele>
      </trkpt>
      <trkpt lat="48.714451" lon="-113.781906">
        <ele>1083.0</ele>
      </trkpt>
      <trkpt lat="48.713711" lon="-113.782585">
        <ele>1083.4</ele>
      </trkpt>
      <trkpt lat="48.712322" lon="-113.782806">
        <ele>1085.4</ele>
      </trkpt>
      <trkpt lat="48.711693" lon="-113.783188">
        <ele>1085.4</ele>
      </trkpt>
      <trkpt lat="48.709641" lon="-113.786354">
        <ele>1086.6</ele>
      </trkpt>
      <trkpt lat="48.708496" lon="-113.78891">
        <ele>1086.8</ele>
      </trkpt>
      <trkpt lat="48.708611" lon="-113.791641">
        <ele>1086.8</ele>
      </trkpt>
      <trkpt lat="48.707962" lon="-113.794914">
        <ele>1083.4</ele>
      </trkpt>
      <trkpt lat="48.708069" lon="-113.798241">
        <ele>1075.8</ele>
      </trkpt>
      <trkpt lat="48.707764" lon="-113.799576">
        <ele>1074.6</ele>
      </trkpt>
      <trkpt lat="48.706932" lon="-113.801811">
        <ele>1073.6</ele>
      </trkpt>
      <trkpt lat="48.7062" lon="-113.804947">
        <ele>1071.6</ele>
      </trkpt>
      <trkpt lat="48.705341" lon="-113.806313">
        <ele>1070.8</ele>
      </trkpt>
      <trkpt lat="48.703312" lon="-113.80777">
        <ele>1069.2</ele>
      </trkpt>
      <trkpt lat="48.701935" lon="-113.810219">
        <ele>1068.4</ele>
      </trkpt>
      <trkpt lat="48.700165" lon="-113.811699">
        <ele>1067.4</ele>
      </trkpt>
      <trkpt lat="48.697865" lon="-113.815735">
        <ele>1066.8</ele>
      </trkpt>
      <trkpt lat="48.697407" lon="-113.816063">
        <ele>1067.0</ele>
      </trkpt>
      <trkpt lat="48.69614" lon="-113.81636">
        <ele>1068.8</ele>
      </trkpt>
      <trkpt lat="48.695095" lon="-113.817284">
        <ele>1069.0</ele>
      </trkpt>
      <trkpt lat="48.694736" lon="-113.817215">
        <ele>1068.0</ele>
      </trkpt>
      <trkpt lat="48.694035" lon="-113.816528">
        <ele>1065.4</ele>
      </trkpt>
      <trkpt lat="48.693588" lon="-113.816322">
        <ele>1063.4</ele>
      </trkpt>
      <trkpt lat="48.69136" lon="-113.816788">
        <ele>1059.0</ele>
      </trkpt>
      <trkpt lat="48.689262" lon="-113.816711">
        <ele>1057.4</ele>
      </trkpt>
      <trkpt lat="48.688728" lon="-113.817116">
        <ele>1057.2</ele>
      </trkpt>
      <trkpt lat="48.687653" lon="-113.818634">
        <ele>1057.6</ele>
      </trkpt>
      <trkpt lat="48.684673" lon="-113.820488">
        <ele>1055.2</ele>
      </trkpt>
      <trkpt lat="48.6842" lon="-113.820595">
        <ele>1054.8</ele>
      </trkpt>
      <trkpt lat="48.683296" lon="-113.820457">
        <ele>1052.8</ele>
      </trkpt>
      <trkpt lat="48.681477" lon="-113.819229">
        <ele>1045.8</ele>
      </trkpt>
      <trkpt lat="48.680542" lon="-113.819138">
        <ele>1045.4</ele>
      </trkpt>
      <trkpt lat="48.675381" lon="-113.821762">
        <ele>1045.0</ele>
      </trkpt>
      <trkpt lat="48.674915" lon="-113.822281">
        <ele>1044.4</ele>
      </trkpt>
      <trkpt lat="48.673737" lon="-113.824455">
        <ele>1043.6</ele>
      </trkpt>
      <trkpt lat="48.670853" lon="-113.826782">
        <ele>1041.8</ele>
      </trkpt>
      <trkpt lat="48.665192" lon="-113.833366">
        <ele>1052.4</ele>
      </trkpt>
      <trkpt lat="48.663944" lon="-113.834534">
        <ele>1048.8</ele>
      </trkpt>
      <trkpt lat="48.66198" lon="-113.835907">
        <ele>1039.8</ele>
      </trkpt>
      <trkpt lat="48.659424" lon="-113.836891">
        <ele>1035.8</ele>
      </trkpt>
      <trkpt lat="48.657791" lon="-113.838898">
        <ele>1033.2</ele>
      </trkpt>
      <trkpt lat="48.656826" lon="-113.839668">
        <ele>1030.8</ele>
      </trkpt>
      <trkpt lat="48.655605" lon="-113.840088">
        <ele>1024.6</ele>
      </trkpt>
      <trkpt lat="48.652973" lon="-113.840187">
        <ele>1014.2</ele>
      </trkpt>
      <trkpt lat="48.649223" lon="-113.842171">
        <ele>1011.0</ele>
      </trkpt>
      <trkpt lat="48.648048" lon="-113.843231">
        <ele>1010.6</ele>
      </trkpt>
      <trkpt lat="48.647121" lon="-113.84436">
        <ele>1010.4</ele>
      </trkpt>
      <trkpt lat="48.644768" lon="-113.84877">
        <ele>1009.6</ele>
      </trkpt>
      <trkpt lat="48.644196" lon="-113.84919">
        <ele>1010.0</ele>
      </trkpt>
      <trkpt lat="48.642529" lon="-113.849648">
        <ele>1008.4</ele>
      </trkpt>
      <trkpt lat="48.642044" lon="-113.850021">
        <ele>1008.8</ele>
      </trkpt>
      <trkpt lat="48.641609" lon="-113.851418">
        <ele>1010.4</ele>
      </trkpt>
      <trkpt lat="48.641777" lon="-113.855408">
        <ele>1009.6</ele>
      </trkpt>
      <trkpt lat="48.640976" lon="-113.857925">
        <ele>1005.0</ele>
      </trkpt>
      <trkpt lat="48.640766" lon="-113.861542">
        <ele>995.8</ele>
      </trkpt>
      <trkpt lat="48.640446" lon="-113.862518">
        <ele>995.0</ele>
      </trkpt>
      <trkpt lat="48.639462" lon="-113.863808">
        <ele>993.8</ele>
      </trkpt>
      <trkpt lat="48.638401" lon="-113.864288">
        <ele>992.2</ele>
      </trkpt>
      <trkpt lat="48.637379" lon="-113.864204">
        <ele>989.2</ele>
      </trkpt>
      <trkpt lat="48.634827" lon="-113.863304">
        <ele>980.0</ele>
      </trkpt>
      <trkpt lat="48.632614" lon="-113.861931">
        <ele>979.6</ele>
      </trkpt>
      <trkpt lat="48.632072" lon="-113.861809">
        <ele>980.4</ele>
      </trkpt>
      <trkpt lat="48.631569" lon="-113.861984">
        <ele>981.0</ele>
      </trkpt>
      <trkpt lat="48.631138" lon="-113.862373">
        <ele>982.0</ele>
      </trkpt>
      <trkpt lat="48.630592" lon="-113.863449">
        <ele>983.8</ele>
      </trkpt>
      <trkpt lat="48.630005" lon="-113.86409">
        <ele>985.2</ele>
      </trkpt>
      <trkpt lat="48.628586" lon="-113.86425">
        <ele>985.2</ele>
      </trkpt>
      <trkpt lat="48.628017" lon="-113.864555">
        <ele>984.8</ele>
      </trkpt>
      <trkpt lat="48.62648" lon="-113.866776">
        <ele>985.2</ele>
      </trkpt>
      <trkpt lat="48.623207" lon="-113.870331">
        <ele>991.4</ele>
      </trkpt>
      <trkpt lat="48.621929" lon="-113.871407">
        <ele>991.0</ele>
      </trkpt>
      <trkpt lat="48.620132" lon="-113.872513">
        <ele>989.0</ele>
      </trkpt>
      <trkpt lat="48.618404" lon="-113.874123">
        <ele>984.2</ele>
      </trkpt>
      <trkpt lat="48.61824" lon="-113.874458">
        <ele>984.2</ele>
      </trkpt>
      <trkpt lat="48.618168" lon="-113.87632">
        <ele>981.4</ele>
      </trkpt>
      <trkpt lat="48.617409" lon="-113.878059">
        <ele>980.4</ele>
      </trkpt>
      <trkpt lat="48.617298" lon="-113.878891">
        <ele>977.4</ele>
      </trkpt>
      <trkpt lat="48.617115" lon="-113.878433">
        <ele>978.2</ele>
      </trkpt>
      <trkpt lat="48.617905" lon="-113.877068">
        <ele>980.8</ele>
      </trkpt>
      <trkpt lat="48.618275" lon="-113.87561">
        <ele>981.0</ele>
      </trkpt>
      <trkpt lat="48.618294" lon="-113.874626">
        <ele>983.0</ele>
      </trkpt>
      <trkpt lat="48.618149" lon="-113.874458">
        <ele>983.2</ele>
      </trkpt>
      <trkpt lat="48.613735" lon="-113.878654">
        <ele>986.2</ele>
      </trkpt>
      <trkpt lat="48.611797" lon="-113.881516">
        <ele>977.2</ele>
      </trkpt>
      <trkpt lat="48.610348" lon="-113.881767">
        <ele>973.6</ele>
      </trkpt>
      <trkpt lat="48.608887" lon="-113.882446">
        <ele>972.6</ele>
      </trkpt>
      <trkpt lat="48.607895" lon="-113.883522">
        <ele>973.4</ele>
      </trkpt>
      <trkpt lat="48.60722" lon="-113.883987">
        <ele>973.2</ele>
      </trkpt>
      <trkpt lat="48.606033" lon="-113.884644">
        <ele>974.2</ele>
      </trkpt>
      <trkpt lat="48.604225" lon="-113.885109">
        <ele>975.8</ele>
      </trkpt>
      <trkpt lat="48.603302" lon="-113.885643">
        <ele>980.2</ele>
      </trkpt>
      <trkpt lat="48.602913" lon="-113.886169">
        <ele>983.0</ele>
      </trkpt>
      <trkpt lat="48.601585" lon="-113.887131">
        <ele>987.6</ele>
      </trkpt>
      <trkpt lat="48.599327" lon="-113.887901">
        <ele>986.2</ele>
      </trkpt>
      <trkpt lat="48.597843" lon="-113.889046">
        <ele>983.2</ele>
      </trkpt>
      <trkpt lat="48.596703" lon="-113.88945">
        <ele>983.6</ele>
      </trkpt>
      <trkpt lat="48.594791" lon="-113.889717">
        <ele>983.2</ele>
      </trkpt>
      <trkpt lat="48.591862" lon="-113.891479">
        <ele>984.4</ele>
      </trkpt>
      <trkpt lat="48.590595" lon="-113.892731">
        <ele>984.0</ele>
      </trkpt>
      <trkpt lat="48.589241" lon="-113.895111">
        <ele>978.4</ele>
      </trkpt>
      <trkpt lat="48.588352" lon="-113.895706">
        <ele>975.8</ele>
      </trkpt>
      <trkpt lat="48.58659" lon="-113.897537">
        <ele>974.0</ele>
      </trkpt>
      <trkpt lat="48.585369" lon="-113.898338">
        <ele>973.2</ele>
      </trkpt>
      <trkpt lat="48.583729" lon="-113.899818">
        <ele>972.8</ele>
      </trkpt>
      <trkpt lat="48.579403" lon="-113.904137">
        <ele>973.2</ele>
      </trkpt>
      <trkpt lat="48.578102" lon="-113.904999">
        <ele>973.6</ele>
      </trkpt>
      <trkpt lat="48.576668" lon="-113.907242">
        <ele>973.4</ele>
      </trkpt>
      <trkpt lat="48.576042" lon="-113.909584">
        <ele>974.4</ele>
      </trkpt>
      <trkpt lat="48.575359" lon="-113.910225">
        <ele>974.6</ele>
      </trkpt>
      <trkpt lat="48.574028" lon="-113.910736">
        <ele>973.4</ele>
      </trkpt>
      <trkpt lat="48.572395" lon="-113.912758">
        <ele>972.6</ele>
      </trkpt>
      <trkpt lat="48.571674" lon="-113.914978">
        <ele>973.4</ele>
      </trkpt>
      <trkpt lat="48.570961" lon="-113.916504">
        <ele>973.8</ele>
      </trkpt>
      <trkpt lat="48.570606" lon="-113.916962">
        <ele>973.4</ele>
      </trkpt>
      <trkpt lat="48.569748" lon="-113.917534">
        <ele>972.8</ele>
      </trkpt>
      <trkpt lat="48.568848" lon="-113.91922">
        <ele>972.4</ele>
      </trkpt>
      <trkpt lat="48.567604" lon="-113.920288">
        <ele>972.4</ele>
      </trkpt>
      <trkpt lat="48.5653" lon="-113.925117">
        <ele>974.2</ele>
      </trkpt>
      <trkpt lat="48.563313" lon="-113.927223">
        <ele>972.8</ele>
      </trkpt>
      <trkpt lat="48.562683" lon="-113.92894">
        <ele>973.4</ele>
      </trkpt>
      <trkpt lat="48.562637" lon="-113.930595">
        <ele>974.6</ele>
      </trkpt>
      <trkpt lat="48.562054" lon="-113.933189">
        <ele>976.4</ele>
      </trkpt>
      <trkpt lat="48.560894" lon="-113.936066">
        <ele>975.2</ele>
      </trkpt>
      <trkpt lat="48.559105" lon="-113.938446">
        <ele>970.6</ele>
      </trkpt>
      <trkpt lat="48.556911" lon="-113.939117">
        <ele>972.8</ele>
      </trkpt>
      <trkpt lat="48.556568" lon="-113.939377">
        <ele>973.0</ele>
      </trkpt>
      <trkpt lat="48.555672" lon="-113.941116">
        <ele>974.2</ele>
      </trkpt>
      <trkpt lat="48.555214" lon="-113.941666">
        <ele>973.6</ele>
      </trkpt>
      <trkpt lat="48.554512" lon="-113.942039">
        <ele>973.2</ele>
      </trkpt>
      <trkpt lat="48.553295" lon="-113.942101">
        <ele>972.4</ele>
      </trkpt>
      <trkpt lat="48.552521" lon="-113.942688">
        <ele>972.8</ele>
      </trkpt>
      <trkpt lat="48.550755" lon="-113.946091">
        <ele>973.8</ele>
      </trkpt>
      <trkpt lat="48.549164" lon="-113.948387">
        <ele>974.0</ele>
      </trkpt>
      <trkpt lat="48.547863" lon="-113.951683">
        <ele>974.8</ele>
      </trkpt>
      <trkpt lat="48.546707" lon="-113.953629">
        <ele>974.0</ele>
      </trkpt>
      <trkpt lat="48.545959" lon="-113.956055">
        <ele>974.2</ele>
      </trkpt>
      <trkpt lat="48.545254" lon="-113.956932">
        <ele>974.4</ele>
      </trkpt>
      <trkpt lat="48.544113" lon="-113.957703">
        <ele>974.2</ele>
      </trkpt>
      <trkpt lat="48.543213" lon="-113.959106">
        <ele>974.4</ele>
      </trkpt>
      <trkpt lat="48.542309" lon="-113.96006">
        <ele>974.0</ele>
      </trkpt>
      <trkpt lat="48.540546" lon="-113.962738">
        <ele>973.8</ele>
      </trkpt>
      <trkpt lat="48.539581" lon="-113.965004">
        <ele>975.0</ele>
      </trkpt>
      <trkpt lat="48.539127" lon="-113.965446">
        <ele>974.8</ele>
      </trkpt>
      <trkpt lat="48.538116" lon="-113.965813">
        <ele>974.0</ele>
      </trkpt>
      <trkpt lat="48.536987" lon="-113.967026">
        <ele>973.6</ele>
      </trkpt>
      <trkpt lat="48.536579" lon="-113.967613">
        <ele>973.8</ele>
      </trkpt>
      <trkpt lat="48.535557" lon="-113.970261">
        <ele>974.4</ele>
      </trkpt>
      <trkpt lat="48.532406" lon="-113.973717">
        <ele>974.4</ele>
      </trkpt>
      <trkpt lat="48.528244" lon="-113.976593">
        <ele>973.4</ele>
      </trkpt>
      <trkpt lat="48.528221" lon="-113.983536">
        <ele>971.4</ele>
      </trkpt>
      <trkpt lat="48.527359" lon="-113.984558">
        <ele>970.2</ele>
      </trkpt>
      <trkpt lat="48.526993" lon="-113.985657">
        <ele>970.0</ele>
      </trkpt>
      <trkpt lat="48.526707" lon="-113.985283">
        <ele>970.8</ele>
      </trkpt>
      <trkpt lat="48.526619" lon="-113.984749">
        <ele>971.4</ele>
      </trkpt>
      <trkpt lat="48.526653" lon="-113.984314">
        <ele>971.2</ele>
      </trkpt>
      <trkpt lat="48.527092" lon="-113.984322">
        <ele>970.6</ele>
      </trkpt>
      <trkpt lat="48.526947" lon="-113.984306">
        <ele>970.6</ele>
      </trkpt>
      <trkpt lat="48.527039" lon="-113.983955">
        <ele>971.4</ele>
      </trkpt>
      <trkpt lat="48.526924" lon="-113.98423">
        <ele>971.4</ele>
      </trkpt>
      <trkpt lat="48.526634" lon="-113.984291">
        <ele>971.8</ele>
      </trkpt>
      <trkpt lat="48.524216" lon="-113.983505">
        <ele>975.2</ele>
      </trkpt>
      <trkpt lat="48.522972" lon="-113.983864">
        <ele>975.6</ele>
      </trkpt>
      <trkpt lat="48.522778" lon="-113.983772">
        <ele>975.8</ele>
      </trkpt>
      <trkpt lat="48.52243" lon="-113.982407">
        <ele>975.4</ele>
      </trkpt>
      <trkpt lat="48.522598" lon="-113.981316">
        <ele>974.6</ele>
      </trkpt>
      <trkpt lat="48.522804" lon="-113.980972">
        <ele>974.6</ele>
      </trkpt>
      <trkpt lat="48.52318" lon="-113.98105">
        <ele>974.3</ele>
      </trkpt>
      <trkpt lat="48.52327" lon="-113.98125">
        <ele>974.1</ele>
      </trkpt>
      <trkpt lat="48.52316" lon="-113.98265">
        <ele>973.1</ele>
      </trkpt>
      <trkpt lat="48.52331" lon="-113.98378">
        <ele>972.4</ele>
      </trkpt>
      <trkpt lat="48.52388" lon="-113.98359">
        <ele>972.0</ele>
      </trkpt>
      <trkpt lat="48.52491" lon="-113.98378">
        <ele>970.5</ele>
      </trkpt>
      <trkpt lat="48.52427" lon="-113.98442">
        <ele>971.1</ele>
      </trkpt>
      <trkpt lat="48.52435" lon="-113.98525">
        <ele>970.5</ele>
      </trkpt>
      <trkpt lat="48.52371" lon="-113.98689">
        <ele>970.4</ele>
      </trkpt>
      <trkpt lat="48.52369" lon="-113.98763">
        <ele>969.9</ele>
      </trkpt>
      <trkpt lat="48.52279" lon="-113.98793">
        <ele>970.4</ele>
      </trkpt>
      <trkpt lat="48.5227" lon="-113.98638">
        <ele>971.4</ele>
      </trkpt>
      <trkpt lat="48.52238" lon="-113.98654">
        <ele>971.4</ele>
      </trkpt>
      <trkpt lat="48.52218" lon="-113.98821">
        <ele>970.4</ele>
      </trkpt>
      <trkpt lat="48.52176" lon="-113.98864">
        <ele>970.1</ele>
      </trkpt>
      <trkpt lat="48.52216" lon="-113.9897">
        <ele>969.3</ele>
      </trkpt>
      <trkpt lat="48.521732" lon="-113.988808">
        <ele>971.8</ele>
      </trkpt>
      <trkpt lat="48.519531" lon="-113.990303">
        <ele>973.0</ele>
      </trkpt>
      <trkpt lat="48.51865" lon="-113.990471">
        <ele>973.0</ele>
      </trkpt>
      <trkpt lat="48.517929" lon="-113.990364">
        <ele>973.0</ele>
      </trkpt>
      <trkpt lat="48.511391" lon="-113.986618">
        <ele>974.0</ele>
      </trkpt>
      <trkpt lat="48.510303" lon="-113.986313">
        <ele>974.6</ele>
      </trkpt>
      <trkpt lat="48.509281" lon="-113.986465">
        <ele>974.6</ele>
      </trkpt>
      <trkpt lat="48.506546" lon="-113.987747">
        <ele>975.6</ele>
      </trkpt>
      <trkpt lat="48.504368" lon="-113.988533">
        <ele>976.8</ele>
      </trkpt>
      <trkpt lat="48.502632" lon="-113.988686">
        <ele>976.8</ele>
      </trkpt>
      <trkpt lat="48.501259" lon="-113.988274">
        <ele>975.6</ele>
      </trkpt>
      <trkpt lat="48.499931" lon="-113.987381">
        <ele>974.2</ele>
      </trkpt>
      <trkpt lat="48.496605" lon="-113.983276">
        <ele>978.6</ele>
      </trkpt>
      <trkpt lat="48.496479" lon="-113.982933">
        <ele>979.0</ele>
      </trkpt>
      <trkpt lat="48.496681" lon="-113.982658">
        <ele>978.8</ele>
      </trkpt>
      <trkpt lat="48.496342" lon="-113.983177">
        <ele>978.8</ele>
      </trkpt>
      <trkpt lat="48.49662" lon="-113.983658">
        <ele>978.6</ele>
      </trkpt>
      <trkpt lat="48.496582" lon="-113.983269">
        <ele>978.8</ele>
      </trkpt>
      <trkpt lat="48.495312" lon="-113.981644">
        <ele>978.0</ele>
      </trkpt>
      <trkpt lat="48.494991" lon="-113.981483">
        <ele>978.6</ele>
      </trkpt>
      <trkpt lat="48.491344" lon="-113.988762">
        <ele>992.2</ele>
      </trkpt>
      <trkpt lat="48.488979" lon="-113.99485">
        <ele>998.6</ele>
      </trkpt>
      <trkpt lat="48.487576" lon="-113.997566">
        <ele>1004.8</ele>
      </trkpt>
      <trkpt lat="48.486504" lon="-113.998955">
        <ele>1009.2</ele>
      </trkpt>
      <trkpt lat="48.485256" lon="-114.00013">
        <ele>1011.2</ele>
      </trkpt>
      <trkpt lat="48.483696" lon="-114.001205">
        <ele>1013.2</ele>
      </trkpt>
      <trkpt lat="48.481682" lon="-114.001991">
        <ele>1012.2</ele>
      </trkpt>
      <trkpt lat="48.481529" lon="-114.002716">
        <ele>1013.0</ele>
      </trkpt>
      <trkpt lat="48.480419" lon="-114.003593">
        <ele>1013.4</ele>
      </trkpt>
      <trkpt lat="48.479324" lon="-114.003876">
        <ele>1013.0</ele>
      </trkpt>
      <trkpt lat="48.478363" lon="-114.003525">
        <ele>1012.6</ele>
      </trkpt>
      <trkpt lat="48.472713" lon="-113.998703">
        <ele>1011.0</ele>
      </trkpt>
      <trkpt lat="48.472359" lon="-113.998146">
        <ele>1008.6</ele>
      </trkpt>
      <trkpt lat="48.470921" lon="-113.997192">
        <ele>1002.4</ele>
      </trkpt>
      <trkpt lat="48.469498" lon="-113.996712">
        <ele>1000.0</ele>
      </trkpt>
      <trkpt lat="48.467812" lon="-113.996811">
        <ele>1001.0</ele>
      </trkpt>
      <trkpt lat="48.465992" lon="-113.997627">
        <ele>1002.4</ele>
      </trkpt>
      <trkpt lat="48.464676" lon="-113.998802">
        <ele>1003.2</ele>
      </trkpt>
      <trkpt lat="48.463493" lon="-114.000595">
        <ele>1004.0</ele>
      </trkpt>
      <trkpt lat="48.463673" lon="-114.009453">
        <ele>1002.2</ele>
      </trkpt>
      <trkpt lat="48.462997" lon="-114.010193">
        <ele>1001.2</ele>
      </trkpt>
      <trkpt lat="48.462795" lon="-114.011879">
        <ele>999.8</ele>
      </trkpt>
      <trkpt lat="48.462166" lon="-114.014313">
        <ele>999.8</ele>
      </trkpt>
      <trkpt lat="48.461132" lon="-114.01664">
        <ele>1000.2</ele>
      </trkpt>
      <trkpt lat="48.460777" lon="-114.019531">
        <ele>1005.6</ele>
      </trkpt>
      <trkpt lat="48.459896" lon="-114.021698">
        <ele>1011.0</ele>
      </trkpt>
      <trkpt lat="48.457947" lon="-114.023773">
        <ele>1013.4</ele>
      </trkpt>
      <trkpt lat="48.457397" lon="-114.024071">
        <ele>1014.0</ele>
      </trkpt>
      <trkpt lat="48.456352" lon="-114.024086">
        <ele>1016.4</ele>
      </trkpt>
      <trkpt lat="48.455685" lon="-114.024643">
        <ele>1018.0</ele>
      </trkpt>
      <trkpt lat="48.455479" lon="-114.025291">
        <ele>1017.6</ele>
      </trkpt>
      <trkpt lat="48.455498" lon="-114.02697">
        <ele>1013.4</ele>
      </trkpt>
      <trkpt lat="48.454983" lon="-114.030067">
        <ele>1008.8</ele>
      </trkpt>
      <trkpt lat="48.455654" lon="-114.032768">
        <ele>1006.0</ele>
      </trkpt>
      <trkpt lat="48.457401" lon="-114.035934">
        <ele>1005.8</ele>
      </trkpt>
      <trkpt lat="48.458641" lon="-114.042236">
        <ele>1000.6</ele>
      </trkpt>
      <trkpt lat="48.461399" lon="-114.046646">
        <ele>993.2</ele>
      </trkpt>
      <trkpt lat="48.461166" lon="-114.04821">
        <ele>989.4</ele>
      </trkpt>
      <trkpt lat="48.461197" lon="-114.049408">
        <ele>987.2</ele>
      </trkpt>
      <trkpt lat="48.461018" lon="-114.04998">
        <ele>986.2</ele>
      </trkpt>
      <trkpt lat="48.460709" lon="-114.050194">
        <ele>985.4</ele>
      </trkpt>
      <trkpt lat="48.459816" lon="-114.050117">
        <ele>983.4</ele>
      </trkpt>
      <trkpt lat="48.458961" lon="-114.050362">
        <ele>982.0</ele>
      </trkpt>
      <trkpt lat="48.458622" lon="-114.050629">
        <ele>981.8</ele>
      </trkpt>
      <trkpt lat="48.458366" lon="-114.051224">
        <ele>981.0</ele>
      </trkpt>
      <trkpt lat="48.458641" lon="-114.055191">
        <ele>980.0</ele>
      </trkpt>
      <trkpt lat="48.459187" lon="-114.059242">
        <ele>980.0</ele>
      </trkpt>
      <trkpt lat="48.459732" lon="-114.060478">
        <ele>980.0</ele>
      </trkpt>
      <trkpt lat="48.461861" lon="-114.063377">
        <ele>979.8</ele>
      </trkpt>
      <trkpt lat="48.463593" lon="-114.06459">
        <ele>977.8</ele>
      </trkpt>
      <trkpt lat="48.46484" lon="-114.06572">
        <ele>972.0</ele>
      </trkpt>
      <trkpt lat="48.466473" lon="-114.066093">
        <ele>963.2</ele>
      </trkpt>
      <trkpt lat="48.466812" lon="-114.066696">
        <ele>960.6</ele>
      </trkpt>
      <trkpt lat="48.466648" lon="-114.067162">
        <ele>959.0</ele>
      </trkpt>
      <trkpt lat="48.465492" lon="-114.067688">
        <ele>955.6</ele>
      </trkpt>
      <trkpt lat="48.465267" lon="-114.068329">
        <ele>954.6</ele>
      </trkpt>
      <trkpt lat="48.465633" lon="-114.075623">
        <ele>952.8</ele>
      </trkpt>
      <trkpt lat="48.464706" lon="-114.078247">
        <ele>952.4</ele>
      </trkpt>
      <trkpt lat="48.464657" lon="-114.084335">
        <ele>956.6</ele>
      </trkpt>
      <trkpt lat="48.46426" lon="-114.086426">
        <ele>957.6</ele>
      </trkpt>
      <trkpt lat="48.464508" lon="-114.08786">
        <ele>959.4</ele>
      </trkpt>
      <trkpt lat="48.466316" lon="-114.094963">
        <ele>962.0</ele>
      </trkpt>
      <trkpt lat="48.468002" lon="-114.097816">
        <ele>963.0</ele>
      </trkpt>
      <trkpt lat="48.468861" lon="-114.100655">
        <ele>964.2</ele>
      </trkpt>
      <trkpt lat="48.469059" lon="-114.101906">
        <ele>964.6</ele>
      </trkpt>
      <trkpt lat="48.468925" lon="-114.104614">
        <ele>964.6</ele>
      </trkpt>
      <trkpt lat="48.469742" lon="-114.108047">
        <ele>976.6</ele>
      </trkpt>
      <trkpt lat="48.471058" lon="-114.110313">
        <ele>978.2</ele>
      </trkpt>
      <trkpt lat="48.472473" lon="-114.112061">
        <ele>979.0</ele>
      </trkpt>
      <trkpt lat="48.4734" lon="-114.114365">
        <ele>980.0</ele>
      </trkpt>
      <trkpt lat="48.474869" lon="-114.116814">
        <ele>980.2</ele>
      </trkpt>
      <trkpt lat="48.471306" lon="-114.118782">
        <ele>983.8</ele>
      </trkpt>
      <trkpt lat="48.47057" lon="-114.119537">
        <ele>986.2</ele>
      </trkpt>
      <trkpt lat="48.470093" lon="-114.120369">
        <ele>990.0</ele>
      </trkpt>
      <trkpt lat="48.46957" lon="-114.12262">
        <ele>999.0</ele>
      </trkpt>
      <trkpt lat="48.46994" lon="-114.126724">
        <ele>1014.4</ele>
      </trkpt>
      <trkpt lat="48.469902" lon="-114.128807">
        <ele>1018.8</ele>
      </trkpt>
      <trkpt lat="48.469521" lon="-114.131233">
        <ele>1022.0</ele>
      </trkpt>
      <trkpt lat="48.468826" lon="-114.133713">
        <ele>1025.8</ele>
      </trkpt>
      <trkpt lat="48.465519" lon="-114.140907">
        <ele>1041.6</ele>
      </trkpt>
      <trkpt lat="48.464195" lon="-114.142731">
        <ele>1042.4</ele>
      </trkpt>
      <trkpt lat="48.461765" lon="-114.145203">
        <ele>1042.0</ele>
      </trkpt>
      <trkpt lat="48.461006" lon="-114.146446">
        <ele>1043.4</ele>
      </trkpt>
      <trkpt lat="48.460625" lon="-114.147469">
        <ele>1044.4</ele>
      </trkpt>
      <trkpt lat="48.460316" lon="-114.150146">
        <ele>1048.8</ele>
      </trkpt>
      <trkpt lat="48.461403" lon="-114.161118">
        <ele>1055.6</ele>
      </trkpt>
      <trkpt lat="48.461266" lon="-114.162613">
        <ele>1055.4</ele>
      </trkpt>
      <trkpt lat="48.460831" lon="-114.163918">
        <ele>1054.4</ele>
      </trkpt>
      <trkpt lat="48.460201" lon="-114.164925">
        <ele>1052.0</ele>
      </trkpt>
      <trkpt lat="48.459373" lon="-114.165695">
        <ele>1049.6</ele>
      </trkpt>
      <trkpt lat="48.454884" lon="-114.16803">
        <ele>1039.6</ele>
      </trkpt>
      <trkpt lat="48.453514" lon="-114.168144">
        <ele>1037.4</ele>
      </trkpt>
      <trkpt lat="48.452515" lon="-114.167969">
        <ele>1035.8</ele>
      </trkpt>
      <trkpt lat="48.451553" lon="-114.167526">
        <ele>1034.0</ele>
      </trkpt>
      <trkpt lat="48.449406" lon="-114.166069">
        <ele>1029.8</ele>
      </trkpt>
      <trkpt lat="48.447952" lon="-114.165756">
        <ele>1027.8</ele>
      </trkpt>
      <trkpt lat="48.446697" lon="-114.166061">
        <ele>1026.2</ele>
      </trkpt>
      <trkpt lat="48.442951" lon="-114.16745">
        <ele>1023.2</ele>
      </trkpt>
      <trkpt lat="48.441261" lon="-114.167854">
        <ele>1021.6</ele>
      </trkpt>
      <trkpt lat="48.439461" lon="-114.168625">
        <ele>1020.2</ele>
      </trkpt>
      <trkpt lat="48.437614" lon="-114.168732">
        <ele>1019.4</ele>
      </trkpt>
      <trkpt lat="48.436035" lon="-114.167992">
        <ele>1017.4</ele>
      </trkpt>
      <trkpt lat="48.433479" lon="-114.165726">
        <ele>1012.6</ele>
      </trkpt>
      <trkpt lat="48.427399" lon="-114.158539">
        <ele>1005.2</ele>
      </trkpt>
      <trkpt lat="48.426182" lon="-114.157356">
        <ele>1003.8</ele>
      </trkpt>
      <trkpt lat="48.425144" lon="-114.156647">
        <ele>1002.0</ele>
      </trkpt>
      <trkpt lat="48.424004" lon="-114.156136">
        <ele>999.8</ele>
      </trkpt>
      <trkpt lat="48.422783" lon="-114.155838">
        <ele>998.0</ele>
      </trkpt>
      <trkpt lat="48.421432" lon="-114.155777">
        <ele>995.8</ele>
      </trkpt>
      <trkpt lat="48.419792" lon="-114.156181">
        <ele>993.4</ele>
      </trkpt>
      <trkpt lat="48.418224" lon="-114.157005">
        <ele>993.8</ele>
      </trkpt>
      <trkpt lat="48.411076" lon="-114.163185">
        <ele>994.4</ele>
      </trkpt>
      <trkpt lat="48.410118" lon="-114.163826">
        <ele>995.0</ele>
      </trkpt>
      <trkpt lat="48.408909" lon="-114.164337">
        <ele>995.2</ele>
      </trkpt>
      <trkpt lat="48.407265" lon="-114.164551">
        <ele>994.4</ele>
      </trkpt>
      <trkpt lat="48.395645" lon="-114.164612">
        <ele>960.6</ele>
      </trkpt>
      <trkpt lat="48.385742" lon="-114.165512">
        <ele>959.0</ele>
      </trkpt>
      <trkpt lat="48.384853" lon="-114.166176">
        <ele>959.7</ele>
      </trkpt>
      <trkpt lat="48.384167" lon="-114.167244">
        <ele>959.2</ele>
      </trkpt>
      <trkpt lat="48.381351" lon="-114.175461">
        <ele>947.4</ele>
      </trkpt>
      <trkpt lat="48.3815" lon="-114.175804">
        <ele>946.6</ele>
      </trkpt>
      <trkpt lat="48.38221" lon="-114.175797">
        <ele>947.2</ele>
      </trkpt>
      <trkpt lat="48.382366" lon="-114.176262">
        <ele>947.2</ele>
      </trkpt>
      <trkpt lat="48.381599" lon="-114.178879">
        <ele>948.4</ele>
      </trkpt>
      <trkpt lat="48.38163" lon="-114.186371">
        <ele>935.8</ele>
      </trkpt>
      <trkpt lat="48.381989" lon="-114.186668">
        <ele>935.2</ele>
      </trkpt>
      <trkpt lat="48.385033" lon="-114.186676">
        <ele>938.6</ele>
      </trkpt>
      <trkpt lat="48.385223" lon="-114.186989">
        <ele>938.4</ele>
      </trkpt>
      <trkpt lat="48.385242" lon="-114.219048">
        <ele>939.0</ele>
      </trkpt>
      <trkpt lat="48.385506" lon="-114.219254">
        <ele>938.8</ele>
      </trkpt>
      <trkpt lat="48.394825" lon="-114.219368">
        <ele>958.8</ele>
      </trkpt>
      <trkpt lat="48.399525" lon="-114.219238">
        <ele>977.2</ele>
      </trkpt>
      <trkpt lat="48.399715" lon="-114.21936">
        <ele>977.0</ele>
      </trkpt>
      <trkpt lat="48.399776" lon="-114.240723">
        <ele>949.8</ele>
      </trkpt>
      <trkpt lat="48.399899" lon="-114.240913">
        <ele>950.2</ele>
      </trkpt>
      <trkpt lat="48.401035" lon="-114.241112">
        <ele>954.6</ele>
      </trkpt>
      <trkpt lat="48.403118" lon="-114.243149">
        <ele>970.6</ele>
      </trkpt>
      <trkpt lat="48.403435" lon="-114.24382">
        <ele>970.0</ele>
      </trkpt>
      <trkpt lat="48.403419" lon="-114.262398">
        <ele>945.4</ele>
      </trkpt>
      <trkpt lat="48.403721" lon="-114.262688">
        <ele>944.4</ele>
      </trkpt>
      <trkpt lat="48.406311" lon="-114.262596">
        <ele>945.4</ele>
      </trkpt>
      <trkpt lat="48.407017" lon="-114.262741">
        <ele>949.0</ele>
      </trkpt>
      <trkpt lat="48.40704" lon="-114.267784">
        <ele>944.8</ele>
      </trkpt>
      <trkpt lat="48.407284" lon="-114.268051">
        <ele>944.2</ele>
      </trkpt>
      <trkpt lat="48.408615" lon="-114.268005">
        <ele>944.6</ele>
      </trkpt>
      <trkpt lat="48.408886" lon="-114.268387">
        <ele>944.4</ele>
      </trkpt>
      <trkpt lat="48.408855" lon="-114.277191">
        <ele>949.2</ele>
      </trkpt>
      <trkpt lat="48.409016" lon="-114.278778">
        <ele>947.0</ele>
      </trkpt>
      <trkpt lat="48.409397" lon="-114.278999">
        <ele>946.4</ele>
      </trkpt>
      <trkpt lat="48.413937" lon="-114.278885">
        <ele>951.2</ele>
      </trkpt>
      <trkpt lat="48.414318" lon="-114.279167">
        <ele>951.0</ele>
      </trkpt>
      <trkpt lat="48.414242" lon="-114.326157">
        <ele>928.2</ele>
      </trkpt>
      <trkpt lat="48.415207" lon="-114.330849">
        <ele>927.4</ele>
      </trkpt>
      <trkpt lat="48.415245" lon="-114.339058">
        <ele>926.0</ele>
      </trkpt>
      <trkpt lat="48.415859" lon="-114.339897">
        <ele>925.8</ele>
      </trkpt>
      <trkpt lat="48.415962" lon="-114.340683">
        <ele>925.4</ele>
      </trkpt>
      <trkpt lat="48.41647" lon="-114.341034">
        <ele>925.6</ele>
      </trkpt>
      <trkpt lat="48.423321" lon="-114.341087">
        <ele>932.8</ele>
      </trkpt>
      <trkpt lat="48.423561" lon="-114.340958">
        <ele>932.8</ele>
      </trkpt>
      <trkpt lat="48.423698" lon="-114.340546">
        <ele>932.4</ele>
      </trkpt>
      <trkpt lat="48.42403" lon="-114.34108">
        <ele>932.4</ele>
      </trkpt>
      <trkpt lat="48.426907" lon="-114.341064">
        <ele>928.2</ele>
      </trkpt>
      <trkpt lat="48.427067" lon="-114.341331">
        <ele>927.2</ele>
      </trkpt>
      <trkpt lat="48.427055" lon="-114.342728">
        <ele>927.8</ele>
      </trkpt>
      <trkpt lat="48.426979" lon="-114.342461">
        <ele>928.0</ele>
      </trkpt>
      <trkpt lat="48.42649" lon="-114.34224">
        <ele>929.2</ele>
      </trkpt>
      <trkpt lat="48.426773" lon="-114.342438">
        <ele>941.4</ele>
      </trkpt>
      <trkpt lat="48.427032" lon="-114.3424">
        <ele>940.6</ele>
      </trkpt>
      <trkpt lat="48.427078" lon="-114.342216">
        <ele>940.4</ele>
      </trkpt>
      <trkpt lat="48.426949" lon="-114.341194">
        <ele>939.8</ele>
      </trkpt>
      <trkpt lat="48.416519" lon="-114.341225">
        <ele>939.2</ele>
      </trkpt>
      <trkpt lat="48.415661" lon="-114.340691">
        <ele>939.0</ele>
      </trkpt>
      <trkpt lat="48.414867" lon="-114.339401">
        <ele>942.6</ele>
      </trkpt>
      <trkpt lat="48.413631" lon="-114.338745">
        <ele>946.8</ele>
      </trkpt>
      <trkpt lat="48.412357" lon="-114.338326">
        <ele>939.6</ele>
      </trkpt>
      <trkpt lat="48.410702" lon="-114.338417">
        <ele>937.6</ele>
      </trkpt>
      <trkpt lat="48.410725" lon="-114.364105">
        <ele>948.4</ele>
      </trkpt>
      <trkpt lat="48.410419" lon="-114.367317">
        <ele>950.8</ele>
      </trkpt>
      <trkpt lat="48.409767" lon="-114.369675">
        <ele>956.6</ele>
      </trkpt>
      <trkpt lat="48.409096" lon="-114.371193">
        <ele>961.6</ele>
      </trkpt>
      <trkpt lat="48.408058" lon="-114.372871">
        <ele>967.4</ele>
      </trkpt>
      <trkpt lat="48.402843" lon="-114.379776">
        <ele>1000.8</ele>
      </trkpt>
      <trkpt lat="48.40155" lon="-114.382507">
        <ele>1007.0</ele>
      </trkpt>
      <trkpt lat="48.401123" lon="-114.384087">
        <ele>1002.0</ele>
      </trkpt>
      <trkpt lat="48.401157" lon="-114.385521">
        <ele>997.2</ele>
      </trkpt>
      <trkpt lat="48.401432" lon="-114.38662">
        <ele>992.4</ele>
      </trkpt>
      <trkpt lat="48.403446" lon="-114.389938">
        <ele>980.4</ele>
      </trkpt>
      <trkpt lat="48.404003" lon="-114.392044">
        <ele>974.8</ele>
      </trkpt>
      <trkpt lat="48.403629" lon="-114.406822">
        <ele>964.0</ele>
      </trkpt>
      <trkpt lat="48.403332" lon="-114.408585">
        <ele>960.6</ele>
      </trkpt>
      <trkpt lat="48.402615" lon="-114.410271">
        <ele>959.2</ele>
      </trkpt>
      <trkpt lat="48.400887" lon="-114.412514">
        <ele>949.2</ele>
      </trkpt>
      <trkpt lat="48.399803" lon="-114.414513">
        <ele>949.2</ele>
      </trkpt>
      <trkpt lat="48.399208" lon="-114.416275">
        <ele>948.2</ele>
      </trkpt>
      <trkpt lat="48.397892" lon="-114.422081">
        <ele>949.8</ele>
      </trkpt>
      <trkpt lat="48.39595" lon="-114.426819">
        <ele>947.2</ele>
      </trkpt>
      <trkpt lat="48.395756" lon="-114.426849">
        <ele>946.8</ele>
      </trkpt>
      <trkpt lat="48.394928" lon="-114.42617">
        <ele>945.2</ele>
      </trkpt>
      <trkpt lat="48.393456" lon="-114.426361">
        <ele>939.8</ele>
      </trkpt>
      <trkpt lat="48.393021" lon="-114.426819">
        <ele>937.4</ele>
      </trkpt>
      <trkpt lat="48.39217" lon="-114.42865">
        <ele>933.0</ele>
      </trkpt>
      <trkpt lat="48.390255" lon="-114.429115">
        <ele>926.8</ele>
      </trkpt>
      <trkpt lat="48.389889" lon="-114.429367">
        <ele>926.6</ele>
      </trkpt>
      <trkpt lat="48.389133" lon="-114.431366">
        <ele>925.2</ele>
      </trkpt>
      <trkpt lat="48.387356" lon="-114.431938">
        <ele>917.8</ele>
      </trkpt>
      <trkpt lat="48.386494" lon="-114.432549">
        <ele>915.5</ele>
      </trkpt>
      <trkpt lat="48.38583" lon="-114.433563">
        <ele>915.2</ele>
      </trkpt>
      <trkpt lat="48.385502" lon="-114.434692">
        <ele>918.8</ele>
      </trkpt>
      <trkpt lat="48.385376" lon="-114.438606">
        <ele>922.8</ele>
      </trkpt>
      <trkpt lat="48.385239" lon="-114.43895">
        <ele>922.4</ele>
      </trkpt>
      <trkpt lat="48.381771" lon="-114.439102">
        <ele>922.2</ele>
      </trkpt>
      <trkpt lat="48.381771" lon="-114.446396">
        <ele>923.0</ele>
      </trkpt>
      <trkpt lat="48.382099" lon="-114.447441">
        <ele>923.0</ele>
      </trkpt>
      <trkpt lat="48.385262" lon="-114.452652">
        <ele>922.8</ele>
      </trkpt>
      <trkpt lat="48.385361" lon="-114.459145">
        <ele>939.0</ele>
      </trkpt>
      <trkpt lat="48.386398" lon="-114.459518">
        <ele>944.8</ele>
      </trkpt>
      <trkpt lat="48.387905" lon="-114.460564">
        <ele>946.0</ele>
      </trkpt>
      <trkpt lat="48.389874" lon="-114.460678">
        <ele>944.8</ele>
      </trkpt>
      <trkpt lat="48.390331" lon="-114.461021">
        <ele>945.0</ele>
      </trkpt>
      <trkpt lat="48.390724" lon="-114.461952">
        <ele>945.8</ele>
      </trkpt>
      <trkpt lat="48.39077" lon="-114.465988">
        <ele>940.6</ele>
      </trkpt>
      <trkpt lat="48.391064" lon="-114.466599">
        <ele>940.0</ele>
      </trkpt>
      <trkpt lat="48.394054" lon="-114.467842">
        <ele>944.4</ele>
      </trkpt>
      <trkpt lat="48.397392" lon="-114.467575">
        <ele>945.8</ele>
      </trkpt>
      <trkpt lat="48.399433" lon="-114.468445">
        <ele>937.8</ele>
      </trkpt>
      <trkpt lat="48.402111" lon="-114.469124">
        <ele>929.2</ele>
      </trkpt>
      <trkpt lat="48.407104" lon="-114.474487">
        <ele>928.8</ele>
      </trkpt>
      <trkpt lat="48.408871" lon="-114.475464">
        <ele>929.2</ele>
      </trkpt>
      <trkpt lat="48.411419" lon="-114.477951">
        <ele>927.4</ele>
      </trkpt>
      <trkpt lat="48.412701" lon="-114.47834">
        <ele>926.0</ele>
      </trkpt>
      <trkpt lat="48.413689" lon="-114.479065">
        <ele>926.8</ele>
      </trkpt>
      <trkpt lat="48.414707" lon="-114.479935">
        <ele>927.4</ele>
      </trkpt>
      <trkpt lat="48.416721" lon="-114.482216">
        <ele>927.8</ele>
      </trkpt>
      <trkpt lat="48.418522" lon="-114.482979">
        <ele>928.2</ele>
      </trkpt>
      <trkpt lat="48.420219" lon="-114.485146">
        <ele>928.2</ele>
      </trkpt>
      <trkpt lat="48.424" lon="-114.486824">
        <ele>928.8</ele>
      </trkpt>
      <trkpt lat="48.434116" lon="-114.489662">
        <ele>929.6</ele>
      </trkpt>
      <trkpt lat="48.43597" lon="-114.490898">
        <ele>928.6</ele>
      </trkpt>
      <trkpt lat="48.439938" lon="-114.492905">
        <ele>928.0</ele>
      </trkpt>
      <trkpt lat="48.442039" lon="-114.495888">
        <ele>928.2</ele>
      </trkpt>
      <trkpt lat="48.443882" lon="-114.497307">
        <ele>929.4</ele>
      </trkpt>
      <trkpt lat="48.445591" lon="-114.497421">
        <ele>928.4</ele>
      </trkpt>
      <trkpt lat="48.446766" lon="-114.498474">
        <ele>930.2</ele>
      </trkpt>
      <trkpt lat="48.447914" lon="-114.500053">
        <ele>929.8</ele>
      </trkpt>
      <trkpt lat="48.450481" lon="-114.504456">
        <ele>930.2</ele>
      </trkpt>
      <trkpt lat="48.451729" lon="-114.505722">
        <ele>930.0</ele>
      </trkpt>
      <trkpt lat="48.452621" lon="-114.50631">
        <ele>930.2</ele>
      </trkpt>
      <trkpt lat="48.454319" lon="-114.506699">
        <ele>931.4</ele>
      </trkpt>
      <trkpt lat="48.454762" lon="-114.50695">
        <ele>931.6</ele>
      </trkpt>
      <trkpt lat="48.455952" lon="-114.508926">
        <ele>931.6</ele>
      </trkpt>
      <trkpt lat="48.456482" lon="-114.509453">
        <ele>932.0</ele>
      </trkpt>
      <trkpt lat="48.459064" lon="-114.510307">
        <ele>932.4</ele>
      </trkpt>
      <trkpt lat="48.460983" lon="-114.511536">
        <ele>931.6</ele>
      </trkpt>
      <trkpt lat="48.462215" lon="-114.511772">
        <ele>930.4</ele>
      </trkpt>
      <trkpt lat="48.463585" lon="-114.511368">
        <ele>926.6</ele>
      </trkpt>
      <trkpt lat="48.464432" lon="-114.510735">
        <ele>923.8</ele>
      </trkpt>
      <trkpt lat="48.466202" lon="-114.508659">
        <ele>916.0</ele>
      </trkpt>
      <trkpt lat="48.466648" lon="-114.508347">
        <ele>915.1</ele>
      </trkpt>
      <trkpt lat="48.470264" lon="-114.507912">
        <ele>920.4</ele>
      </trkpt>
      <trkpt lat="48.471241" lon="-114.507576">
        <ele>922.8</ele>
      </trkpt>
      <trkpt lat="48.472042" lon="-114.506866">
        <ele>925.2</ele>
      </trkpt>
      <trkpt lat="48.474072" lon="-114.504135">
        <ele>930.2</ele>
      </trkpt>
      <trkpt lat="48.476788" lon="-114.506866">
        <ele>930.6</ele>
      </trkpt>
      <trkpt lat="48.512428" lon="-114.546814">
        <ele>930.0</ele>
      </trkpt>
      <trkpt lat="48.515606" lon="-114.549644">
        <ele>932.4</ele>
      </trkpt>
      <trkpt lat="48.521225" lon="-114.553093">
        <ele>943.2</ele>
      </trkpt>
      <trkpt lat="48.523144" lon="-114.554657">
        <ele>946.6</ele>
      </trkpt>
      <trkpt lat="48.52528" lon="-114.557083">
        <ele>948.2</ele>
      </trkpt>
      <trkpt lat="48.52803" lon="-114.561386">
        <ele>948.0</ele>
      </trkpt>
      <trkpt lat="48.529583" lon="-114.562958">
        <ele>948.0</ele>
      </trkpt>
      <trkpt lat="48.537689" lon="-114.568192">
        <ele>955.6</ele>
      </trkpt>
      <trkpt lat="48.539001" lon="-114.568405">
        <ele>957.0</ele>
      </trkpt>
      <trkpt lat="48.54108" lon="-114.567978">
        <ele>959.2</ele>
      </trkpt>
      <trkpt lat="48.542053" lon="-114.568031">
        <ele>961.0</ele>
      </trkpt>
      <trkpt lat="48.54834" lon="-114.570175">
        <ele>969.0</ele>
      </trkpt>
      <trkpt lat="48.553009" lon="-114.573067">
        <ele>969.8</ele>
      </trkpt>
      <trkpt lat="48.553577" lon="-114.572525">
        <ele>968.8</ele>
      </trkpt>
      <trkpt lat="48.553215" lon="-114.572617">
        <ele>969.4</ele>
      </trkpt>
      <trkpt lat="48.553226" lon="-114.572289">
        <ele>968.4</ele>
      </trkpt>
      <trkpt lat="48.553215" lon="-114.573235">
        <ele>970.6</ele>
      </trkpt>
      <trkpt lat="48.561913" lon="-114.579025">
        <ele>993.8</ele>
      </trkpt>
      <trkpt lat="48.56374" lon="-114.580421">
        <ele>999.0</ele>
      </trkpt>
      <trkpt lat="48.569115" lon="-114.586388">
        <ele>1013.6</ele>
      </trkpt>
      <trkpt lat="48.571522" lon="-114.588539">
        <ele>1017.4</ele>
      </trkpt>
      <trkpt lat="48.573181" lon="-114.589691">
        <ele>1019.0</ele>
      </trkpt>
      <trkpt lat="48.575191" lon="-114.590752">
        <ele>1025.4</ele>
      </trkpt>
      <trkpt lat="48.579647" lon="-114.592079">
        <ele>1026.0</ele>
      </trkpt>
      <trkpt lat="48.581532" lon="-114.592949">
        <ele>1027.0</ele>
      </trkpt>
      <trkpt lat="48.584091" lon="-114.59481">
        <ele>1030.2</ele>
      </trkpt>
      <trkpt lat="48.586102" lon="-114.596947">
        <ele>1025.2</ele>
      </trkpt>
      <trkpt lat="48.588295" lon="-114.600304">
        <ele>1009.6</ele>
      </trkpt>
      <trkpt lat="48.594505" lon="-114.612656">
        <ele>986.0</ele>
      </trkpt>
      <trkpt lat="48.597721" lon="-114.617844">
        <ele>988.4</ele>
      </trkpt>
      <trkpt lat="48.598228" lon="-114.619232">
        <ele>990.8</ele>
      </trkpt>
      <trkpt lat="48.599857" lon="-114.625488">
        <ele>997.4</ele>
      </trkpt>
      <trkpt lat="48.601261" lon="-114.629303">
        <ele>1000.6</ele>
      </trkpt>
      <trkpt lat="48.609112" lon="-114.644325">
        <ele>1016.2</ele>
      </trkpt>
      <trkpt lat="48.615135" lon="-114.659447">
        <ele>984.2</ele>
      </trkpt>
      <trkpt lat="48.61655" lon="-114.662537">
        <ele>982.4</ele>
      </trkpt>
      <trkpt lat="48.618759" lon="-114.666458">
        <ele>990.8</ele>
      </trkpt>
      <trkpt lat="48.627281" lon="-114.679848">
        <ele>1004.4</ele>
      </trkpt>
      <trkpt lat="48.630951" lon="-114.689575">
        <ele>1000.4</ele>
      </trkpt>
      <trkpt lat="48.632339" lon="-114.692459">
        <ele>997.8</ele>
      </trkpt>
      <trkpt lat="48.634113" lon="-114.695168">
        <ele>991.0</ele>
      </trkpt>
      <trkpt lat="48.638992" lon="-114.701828">
        <ele>991.6</ele>
      </trkpt>
      <trkpt lat="48.640003" lon="-114.703621">
        <ele>993.0</ele>
      </trkpt>
      <trkpt lat="48.640774" lon="-114.705688">
        <ele>993.2</ele>
      </trkpt>
      <trkpt lat="48.641121" lon="-114.70723">
        <ele>993.6</ele>
      </trkpt>
      <trkpt lat="48.6437" lon="-114.723946">
        <ele>987.0</ele>
      </trkpt>
      <trkpt lat="48.64782" lon="-114.73484">
        <ele>995.6</ele>
      </trkpt>
      <trkpt lat="48.649555" lon="-114.738457">
        <ele>997.4</ele>
      </trkpt>
      <trkpt lat="48.651321" lon="-114.741043">
        <ele>998.8</ele>
      </trkpt>
      <trkpt lat="48.653175" lon="-114.743034">
        <ele>1002.0</ele>
      </trkpt>
      <trkpt lat="48.655155" lon="-114.744568">
        <ele>1006.4</ele>
      </trkpt>
      <trkpt lat="48.660099" lon="-114.747559">
        <ele>1015.6</ele>
      </trkpt>
      <trkpt lat="48.662079" lon="-114.74897">
        <ele>1016.8</ele>
      </trkpt>
      <trkpt lat="48.663868" lon="-114.750565">
        <ele>1011.8</ele>
      </trkpt>
      <trkpt lat="48.665943" lon="-114.752953">
        <ele>999.0</ele>
      </trkpt>
      <trkpt lat="48.66782" lon="-114.75573">
        <ele>997.2</ele>
      </trkpt>
      <trkpt lat="48.669094" lon="-114.758095">
        <ele>999.4</ele>
      </trkpt>
      <trkpt lat="48.673306" lon="-114.768463">
        <ele>1005.8</ele>
      </trkpt>
      <trkpt lat="48.674404" lon="-114.770149">
        <ele>1005.8</ele>
      </trkpt>
      <trkpt lat="48.675632" lon="-114.770966">
        <ele>1008.4</ele>
      </trkpt>
      <trkpt lat="48.681496" lon="-114.772682">
        <ele>1006.4</ele>
      </trkpt>
      <trkpt lat="48.683292" lon="-114.773743">
        <ele>1006.0</ele>
      </trkpt>
      <trkpt lat="48.684227" lon="-114.774529">
        <ele>1006.2</ele>
      </trkpt>
      <trkpt lat="48.685844" lon="-114.776276">
        <ele>1006.4</ele>
      </trkpt>
      <trkpt lat="48.688911" lon="-114.78093">
        <ele>1004.6</ele>
      </trkpt>
      <trkpt lat="48.690228" lon="-114.782387">
        <ele>1002.2</ele>
      </trkpt>
      <trkpt lat="48.691799" lon="-114.78347">
        <ele>1000.8</ele>
      </trkpt>
      <trkpt lat="48.695591" lon="-114.784912">
        <ele>992.4</ele>
      </trkpt>
      <trkpt lat="48.697735" lon="-114.786606">
        <ele>984.4</ele>
      </trkpt>
      <trkpt lat="48.70422" lon="-114.79512">
        <ele>956.8</ele>
      </trkpt>
      <trkpt lat="48.70858" lon="-114.799026">
        <ele>965.6</ele>
      </trkpt>
      <trkpt lat="48.710262" lon="-114.801704">
        <ele>971.4</ele>
      </trkpt>
      <trkpt lat="48.712788" lon="-114.803986">
        <ele>977.4</ele>
      </trkpt>
      <trkpt lat="48.713776" lon="-114.805992">
        <ele>978.2</ele>
      </trkpt>
      <trkpt lat="48.718323" lon="-114.819695">
        <ele>973.0</ele>
      </trkpt>
      <trkpt lat="48.721218" lon="-114.832756">
        <ele>966.8</ele>
      </trkpt>
      <trkpt lat="48.722" lon="-114.834457">
        <ele>963.6</ele>
      </trkpt>
      <trkpt lat="48.724995" lon="-114.839409">
        <ele>956.0</ele>
      </trkpt>
      <trkpt lat="48.725758" lon="-114.841255">
        <ele>952.6</ele>
      </trkpt>
      <trkpt lat="48.726208" lon="-114.843849">
        <ele>949.2</ele>
      </trkpt>
      <trkpt lat="48.726509" lon="-114.85128">
        <ele>940.4</ele>
      </trkpt>
      <trkpt lat="48.726852" lon="-114.852928">
        <ele>938.2</ele>
      </trkpt>
      <trkpt lat="48.727608" lon="-114.854774">
        <ele>934.8</ele>
      </trkpt>
      <trkpt lat="48.741055" lon="-114.876633">
        <ele>926.4</ele>
      </trkpt>
      <trkpt lat="48.741932" lon="-114.877495">
        <ele>928.6</ele>
      </trkpt>
      <trkpt lat="48.742756" lon="-114.877998">
        <ele>930.2</ele>
      </trkpt>
      <trkpt lat="48.749283" lon="-114.880463">
        <ele>921.8</ele>
      </trkpt>
      <trkpt lat="48.750523" lon="-114.881203">
        <ele>918.0</ele>
      </trkpt>
      <trkpt lat="48.75565" lon="-114.886253">
        <ele>916.2</ele>
      </trkpt>
      <trkpt lat="48.75589" lon="-114.887192">
        <ele>916.0</ele>
      </trkpt>
      <trkpt lat="48.756092" lon="-114.887352">
        <ele>915.8</ele>
      </trkpt>
      <trkpt lat="48.756355" lon="-114.887009">
        <ele>915.0</ele>
      </trkpt>
      <trkpt lat="48.756538" lon="-114.887032">
        <ele>915.0</ele>
      </trkpt>
      <trkpt lat="48.760921" lon="-114.891129">
        <ele>912.6</ele>
      </trkpt>
      <trkpt lat="48.761761" lon="-114.892456">
        <ele>910.4</ele>
      </trkpt>
      <trkpt lat="48.763165" lon="-114.895424">
        <ele>906.4</ele>
      </trkpt>
      <trkpt lat="48.76469" lon="-114.897232">
        <ele>908.2</ele>
      </trkpt>
      <trkpt lat="48.763939" lon="-114.905975">
        <ele>903.2</ele>
      </trkpt>
      <trkpt lat="48.763874" lon="-114.909271">
        <ele>902.6</ele>
      </trkpt>
      <trkpt lat="48.763645" lon="-114.910027">
        <ele>901.6</ele>
      </trkpt>
      <trkpt lat="48.762207" lon="-114.912552">
        <ele>899.2</ele>
      </trkpt>
      <trkpt lat="48.762142" lon="-114.91436">
        <ele>900.2</ele>
      </trkpt>
      <trkpt lat="48.762814" lon="-114.917343">
        <ele>900.8</ele>
      </trkpt>
      <trkpt lat="48.76318" lon="-114.92012">
        <ele>901.4</ele>
      </trkpt>
      <trkpt lat="48.764763" lon="-114.922546">
        <ele>906.2</ele>
      </trkpt>
      <trkpt lat="48.766747" lon="-114.92717">
        <ele>911.6</ele>
      </trkpt>
      <trkpt lat="48.767487" lon="-114.930206">
        <ele>916.2</ele>
      </trkpt>
      <trkpt lat="48.767704" lon="-114.932938">
        <ele>913.4</ele>
      </trkpt>
      <trkpt lat="48.767426" lon="-114.933907">
        <ele>911.6</ele>
      </trkpt>
      <trkpt lat="48.766998" lon="-114.93428">
        <ele>912.2</ele>
      </trkpt>
      <trkpt lat="48.766163" lon="-114.934418">
        <ele>911.8</ele>
      </trkpt>
      <trkpt lat="48.765121" lon="-114.93428">
        <ele>907.8</ele>
      </trkpt>
      <trkpt lat="48.764633" lon="-114.934464">
        <ele>905.4</ele>
      </trkpt>
      <trkpt lat="48.764278" lon="-114.935059">
        <ele>903.6</ele>
      </trkpt>
      <trkpt lat="48.764" lon="-114.936157">
        <ele>904.0</ele>
      </trkpt>
      <trkpt lat="48.763969" lon="-114.937378">
        <ele>906.4</ele>
      </trkpt>
      <trkpt lat="48.764957" lon="-114.942093">
        <ele>910.8</ele>
      </trkpt>
      <trkpt lat="48.764778" lon="-114.943016">
        <ele>911.6</ele>
      </trkpt>
      <trkpt lat="48.76392" lon="-114.944191">
        <ele>912.8</ele>
      </trkpt>
      <trkpt lat="48.763786" lon="-114.944702">
        <ele>914.2</ele>
      </trkpt>
      <trkpt lat="48.764355" lon="-114.950829">
        <ele>931.4</ele>
      </trkpt>
      <trkpt lat="48.764256" lon="-114.956253">
        <ele>933.0</ele>
      </trkpt>
      <trkpt lat="48.763924" lon="-114.957565">
        <ele>934.2</ele>
      </trkpt>
      <trkpt lat="48.762104" lon="-114.960777">
        <ele>940.6</ele>
      </trkpt>
      <trkpt lat="48.762081" lon="-114.961121">
        <ele>940.8</ele>
      </trkpt>
      <trkpt lat="48.763565" lon="-114.962112">
        <ele>949.8</ele>
      </trkpt>
      <trkpt lat="48.766804" lon="-114.96489">
        <ele>957.0</ele>
      </trkpt>
      <trkpt lat="48.768681" lon="-114.966248">
        <ele>949.8</ele>
      </trkpt>
      <trkpt lat="48.770859" lon="-114.96743">
        <ele>945.6</ele>
      </trkpt>
      <trkpt lat="48.772892" lon="-114.968079">
        <ele>934.6</ele>
      </trkpt>
      <trkpt lat="48.775436" lon="-114.96756">
        <ele>931.2</ele>
      </trkpt>
      <trkpt lat="48.778633" lon="-114.968002">
        <ele>927.6</ele>
      </trkpt>
      <trkpt lat="48.780098" lon="-114.967552">
        <ele>928.8</ele>
      </trkpt>
      <trkpt lat="48.781693" lon="-114.9673">
        <ele>931.2</ele>
      </trkpt>
      <trkpt lat="48.782089" lon="-114.966904">
        <ele>931.0</ele>
      </trkpt>
      <trkpt lat="48.783306" lon="-114.963829">
        <ele>927.2</ele>
      </trkpt>
      <trkpt lat="48.783764" lon="-114.96328">
        <ele>924.8</ele>
      </trkpt>
      <trkpt lat="48.787136" lon="-114.96521">
        <ele>900.8</ele>
      </trkpt>
      <trkpt lat="48.788101" lon="-114.965363">
        <ele>893.6</ele>
      </trkpt>
      <trkpt lat="48.789856" lon="-114.963737">
        <ele>883.6</ele>
      </trkpt>
      <trkpt lat="48.791298" lon="-114.963058">
        <ele>876.2</ele>
      </trkpt>
      <trkpt lat="48.793434" lon="-114.961411">
        <ele>869.4</ele>
      </trkpt>
      <trkpt lat="48.793762" lon="-114.961456">
        <ele>868.8</ele>
      </trkpt>
      <trkpt lat="48.796066" lon="-114.962929">
        <ele>867.4</ele>
      </trkpt>
      <trkpt lat="48.79866" lon="-114.963333">
        <ele>864.6</ele>
      </trkpt>
      <trkpt lat="48.799507" lon="-114.962936">
        <ele>861.8</ele>
      </trkpt>
      <trkpt lat="48.80151" lon="-114.965973">
        <ele>856.6</ele>
      </trkpt>
      <trkpt lat="48.802074" lon="-114.966499">
        <ele>856.2</ele>
      </trkpt>
      <trkpt lat="48.803741" lon="-114.967415">
        <ele>856.0</ele>
      </trkpt>
      <trkpt lat="48.804733" lon="-114.968842">
        <ele>857.8</ele>
      </trkpt>
      <trkpt lat="48.80788" lon="-114.972336">
        <ele>858.0</ele>
      </trkpt>
      <trkpt lat="48.810539" lon="-114.974991">
        <ele>855.6</ele>
      </trkpt>
      <trkpt lat="48.8125" lon="-114.977753">
        <ele>855.8</ele>
      </trkpt>
      <trkpt lat="48.822876" lon="-114.985199">
        <ele>869.0</ele>
      </trkpt>
      <trkpt lat="48.825985" lon="-114.988297">
        <ele>870.2</ele>
      </trkpt>
      <trkpt lat="48.828098" lon="-114.99073">
        <ele>883.2</ele>
      </trkpt>
      <trkpt lat="48.830212" lon="-114.99427">
        <ele>893.2</ele>
      </trkpt>
      <trkpt lat="48.8312" lon="-114.995491">
        <ele>896.8</ele>
      </trkpt>
      <trkpt lat="48.836773" lon="-115.000473">
        <ele>893.8</ele>
      </trkpt>
      <trkpt lat="48.837391" lon="-115.001556">
        <ele>890.0</ele>
      </trkpt>
      <trkpt lat="48.837738" lon="-115.002777">
        <ele>886.4</ele>
      </trkpt>
      <trkpt lat="48.838547" lon="-115.005981">
        <ele>876.6</ele>
      </trkpt>
      <trkpt lat="48.838531" lon="-115.007317">
        <ele>874.2</ele>
      </trkpt>
      <trkpt lat="48.838718" lon="-115.007927">
        <ele>872.8</ele>
      </trkpt>
      <trkpt lat="48.840134" lon="-115.008896">
        <ele>872.8</ele>
      </trkpt>
      <trkpt lat="48.843281" lon="-115.012108">
        <ele>871.6</ele>
      </trkpt>
      <trkpt lat="48.845005" lon="-115.013161">
        <ele>865.8</ele>
      </trkpt>
      <trkpt lat="48.846119" lon="-115.016037">
        <ele>862.2</ele>
      </trkpt>
      <trkpt lat="48.850998" lon="-115.021828">
        <ele>846.4</ele>
      </trkpt>
      <trkpt lat="48.852032" lon="-115.024727">
        <ele>833.4</ele>
      </trkpt>
      <trkpt lat="48.854584" lon="-115.029121">
        <ele>818.4</ele>
      </trkpt>
      <trkpt lat="48.85466" lon="-115.03392">
        <ele>820.8</ele>
      </trkpt>
      <trkpt lat="48.855114" lon="-115.035149">
        <ele>821.6</ele>
      </trkpt>
      <trkpt lat="48.856876" lon="-115.038033">
        <ele>831.0</ele>
      </trkpt>
      <trkpt lat="48.864624" lon="-115.04705">
        <ele>842.2</ele>
      </trkpt>
      <trkpt lat="48.865574" lon="-115.049728">
        <ele>835.8</ele>
      </trkpt>
      <trkpt lat="48.86697" lon="-115.050262">
        <ele>830.8</ele>
      </trkpt>
      <trkpt lat="48.867973" lon="-115.050354">
        <ele>826.6</ele>
      </trkpt>
      <trkpt lat="48.869473" lon="-115.051704">
        <ele>822.2</ele>
      </trkpt>
      <trkpt lat="48.871807" lon="-115.052582">
        <ele>821.0</ele>
      </trkpt>
      <trkpt lat="48.874386" lon="-115.054573">
        <ele>807.4</ele>
      </trkpt>
      <trkpt lat="48.875481" lon="-115.056206">
        <ele>793.4</ele>
      </trkpt>
      <trkpt lat="48.875671" lon="-115.056152">
        <ele>791.2</ele>
      </trkpt>
      <trkpt lat="48.876835" lon="-115.054543">
        <ele>787.0</ele>
      </trkpt>
      <trkpt lat="48.87738" lon="-115.053055">
        <ele>785.4</ele>
      </trkpt>
      <trkpt lat="48.877972" lon="-115.052124">
        <ele>785.4</ele>
      </trkpt>
      <trkpt lat="48.87862" lon="-115.052498">
        <ele>785.2</ele>
      </trkpt>
      <trkpt lat="48.878651" lon="-115.052185">
        <ele>785.2</ele>
      </trkpt>
      <trkpt lat="48.8787" lon="-115.052505">
        <ele>785.2</ele>
      </trkpt>
      <trkpt lat="48.881599" lon="-115.053802">
        <ele>796.2</ele>
      </trkpt>
      <trkpt lat="48.881813" lon="-115.053673">
        <ele>796.2</ele>
      </trkpt>
      <trkpt lat="48.885632" lon="-115.055069">
        <ele>796.0</ele>
      </trkpt>
      <trkpt lat="48.886051" lon="-115.052879">
        <ele>793.4</ele>
      </trkpt>
      <trkpt lat="48.88699" lon="-115.052994">
        <ele>793.0</ele>
      </trkpt>
      <trkpt lat="48.887093" lon="-115.05217">
        <ele>792.8</ele>
      </trkpt>
      <trkpt lat="48.886745" lon="-115.051567">
        <ele>792.8</ele>
      </trkpt>
      <trkpt lat="48.8872" lon="-115.05173">
        <ele>791.8</ele>
      </trkpt>
      <trkpt lat="48.886887" lon="-115.054581">
        <ele>789.5</ele>
      </trkpt>
      <trkpt lat="48.888546" lon="-115.055191">
        <ele>789.5</ele>
      </trkpt>
      <trkpt lat="48.888672" lon="-115.056175">
        <ele>790.8</ele>
      </trkpt>
      <trkpt lat="48.890957" lon="-115.056992">
        <ele>791.0</ele>
      </trkpt>
      <trkpt lat="48.892189" lon="-115.05732">
        <ele>790.2</ele>
      </trkpt>
      <trkpt lat="48.893879" lon="-115.057503">
        <ele>792.8</ele>
      </trkpt>
      <trkpt lat="48.896534" lon="-115.057457">
        <ele>798.4</ele>
      </trkpt>
      <trkpt lat="48.89698" lon="-115.056984">
        <ele>798.0</ele>
      </trkpt>
      <trkpt lat="48.897224" lon="-115.057434">
        <ele>797.5</ele>
      </trkpt>
      <trkpt lat="48.897423" lon="-115.05748">
        <ele>797.8</ele>
      </trkpt>
      <trkpt lat="48.904213" lon="-115.057381">
        <ele>814.5</ele>
      </trkpt>
      <trkpt lat="48.90514" lon="-115.057549">
        <ele>816.0</ele>
      </trkpt>
      <trkpt lat="48.905369" lon="-115.102264">
        <ele>796.0</ele>
      </trkpt>
      <trkpt lat="48.904797" lon="-115.105019">
        <ele>790.2</ele>
      </trkpt>
      <trkpt lat="48.903713" lon="-115.107162">
        <ele>789.8</ele>
      </trkpt>
      <trkpt lat="48.895546" lon="-115.116104">
        <ele>775.5</ele>
      </trkpt>
      <trkpt lat="48.894711" lon="-115.117401">
        <ele>774.5</ele>
      </trkpt>
      <trkpt lat="48.894207" lon="-115.118896">
        <ele>773.8</ele>
      </trkpt>
      <trkpt lat="48.89402" lon="-115.120132">
        <ele>773.2</ele>
      </trkpt>
      <trkpt lat="48.893917" lon="-115.126968">
        <ele>777.8</ele>
      </trkpt>
      <trkpt lat="48.893471" lon="-115.128212">
        <ele>780.5</ele>
      </trkpt>
      <trkpt lat="48.892139" lon="-115.130379">
        <ele>785.0</ele>
      </trkpt>
      <trkpt lat="48.891838" lon="-115.131325">
        <ele>786.2</ele>
      </trkpt>
      <trkpt lat="48.891788" lon="-115.132751">
        <ele>788.5</ele>
      </trkpt>
      <trkpt lat="48.892254" lon="-115.135674">
        <ele>794.0</ele>
      </trkpt>
      <trkpt lat="48.891872" lon="-115.139328">
        <ele>802.2</ele>
      </trkpt>
      <trkpt lat="48.891983" lon="-115.140625">
        <ele>805.8</ele>
      </trkpt>
      <trkpt lat="48.894398" lon="-115.146667">
        <ele>824.4</ele>
      </trkpt>
      <trkpt lat="48.895023" lon="-115.151413">
        <ele>824.2</ele>
      </trkpt>
      <trkpt lat="48.896626" lon="-115.156075">
        <ele>812.8</ele>
      </trkpt>
      <trkpt lat="48.897915" lon="-115.161049">
        <ele>800.2</ele>
      </trkpt>
      <trkpt lat="48.898838" lon="-115.163712">
        <ele>797.8</ele>
      </trkpt>
      <trkpt lat="48.898979" lon="-115.164902">
        <ele>795.8</ele>
      </trkpt>
      <trkpt lat="48.898716" lon="-115.16642">
        <ele>794.4</ele>
      </trkpt>
      <trkpt lat="48.897572" lon="-115.16848">
        <ele>793.2</ele>
      </trkpt>
      <trkpt lat="48.896641" lon="-115.171936">
        <ele>795.8</ele>
      </trkpt>
      <trkpt lat="48.893986" lon="-115.177376">
        <ele>795.4</ele>
      </trkpt>
      <trkpt lat="48.891289" lon="-115.185303">
        <ele>790.0</ele>
      </trkpt>
      <trkpt lat="48.890232" lon="-115.187462">
        <ele>792.2</ele>
      </trkpt>
      <trkpt lat="48.888622" lon="-115.189461">
        <ele>800.0</ele>
      </trkpt>
      <trkpt lat="48.885044" lon="-115.192329">
        <ele>808.4</ele>
      </trkpt>
      <trkpt lat="48.88377" lon="-115.193008">
        <ele>807.5</ele>
      </trkpt>
      <trkpt lat="48.881691" lon="-115.193542">
        <ele>801.0</ele>
      </trkpt>
      <trkpt lat="48.880939" lon="-115.193985">
        <ele>798.2</ele>
      </trkpt>
      <trkpt lat="48.879086" lon="-115.196587">
        <ele>798.0</ele>
      </trkpt>
      <trkpt lat="48.878212" lon="-115.197449">
        <ele>799.5</ele>
      </trkpt>
      <trkpt lat="48.877399" lon="-115.197876">
        <ele>800.5</ele>
      </trkpt>
      <trkpt lat="48.875271" lon="-115.198486">
        <ele>801.0</ele>
      </trkpt>
      <trkpt lat="48.874367" lon="-115.199196">
        <ele>800.2</ele>
      </trkpt>
      <trkpt lat="48.873745" lon="-115.200066">
        <ele>799.8</ele>
      </trkpt>
      <trkpt lat="48.870377" lon="-115.206322">
        <ele>816.8</ele>
      </trkpt>
      <trkpt lat="48.869057" lon="-115.209846">
        <ele>820.6</ele>
      </trkpt>
      <trkpt lat="48.868443" lon="-115.210968">
        <ele>821.6</ele>
      </trkpt>
      <trkpt lat="48.866314" lon="-115.213165">
        <ele>822.8</ele>
      </trkpt>
      <trkpt lat="48.862762" lon="-115.216118">
        <ele>825.2</ele>
      </trkpt>
      <trkpt lat="48.861855" lon="-115.216675">
        <ele>825.8</ele>
      </trkpt>
      <trkpt lat="48.858994" lon="-115.217918">
        <ele>825.6</ele>
      </trkpt>
      <trkpt lat="48.857307" lon="-115.219391">
        <ele>824.6</ele>
      </trkpt>
      <trkpt lat="48.855919" lon="-115.221413">
        <ele>823.4</ele>
      </trkpt>
      <trkpt lat="48.852352" lon="-115.229019">
        <ele>814.8</ele>
      </trkpt>
      <trkpt lat="48.85009" lon="-115.233192">
        <ele>815.8</ele>
      </trkpt>
      <trkpt lat="48.84935" lon="-115.234131">
        <ele>814.0</ele>
      </trkpt>
      <trkpt lat="48.846966" lon="-115.236259">
        <ele>807.4</ele>
      </trkpt>
      <trkpt lat="48.845726" lon="-115.236977">
        <ele>805.2</ele>
      </trkpt>
      <trkpt lat="48.843124" lon="-115.237846">
        <ele>803.4</ele>
      </trkpt>
      <trkpt lat="48.839516" lon="-115.239967">
        <ele>802.0</ele>
      </trkpt>
      <trkpt lat="48.838188" lon="-115.24025">
        <ele>801.4</ele>
      </trkpt>
      <trkpt lat="48.836201" lon="-115.239838">
        <ele>804.4</ele>
      </trkpt>
      <trkpt lat="48.835365" lon="-115.239403">
        <ele>808.0</ele>
      </trkpt>
      <trkpt lat="48.834728" lon="-115.23867">
        <ele>810.4</ele>
      </trkpt>
      <trkpt lat="48.833527" lon="-115.236313">
        <ele>812.5</ele>
      </trkpt>
      <trkpt lat="48.832825" lon="-115.235565">
        <ele>812.4</ele>
      </trkpt>
      <trkpt lat="48.832348" lon="-115.235359">
        <ele>811.5</ele>
      </trkpt>
      <trkpt lat="48.831673" lon="-115.235367">
        <ele>810.0</ele>
      </trkpt>
      <trkpt lat="48.831131" lon="-115.235626">
        <ele>808.8</ele>
      </trkpt>
      <trkpt lat="48.830616" lon="-115.236145">
        <ele>807.4</ele>
      </trkpt>
      <trkpt lat="48.830235" lon="-115.236847">
        <ele>805.0</ele>
      </trkpt>
      <trkpt lat="48.829571" lon="-115.239136">
        <ele>797.2</ele>
      </trkpt>
      <trkpt lat="48.828098" lon="-115.242409">
        <ele>782.1</ele>
      </trkpt>
      <trkpt lat="48.828125" lon="-115.245766">
        <ele>781.0</ele>
      </trkpt>
      <trkpt lat="48.82774" lon="-115.247917">
        <ele>788.6</ele>
      </trkpt>
      <trkpt lat="48.827778" lon="-115.251648">
        <ele>791.4</ele>
      </trkpt>
      <trkpt lat="48.827576" lon="-115.253136">
        <ele>790.2</ele>
      </trkpt>
      <trkpt lat="48.825802" lon="-115.258263">
        <ele>784.2</ele>
      </trkpt>
      <trkpt lat="48.824692" lon="-115.259979">
        <ele>780.2</ele>
      </trkpt>
      <trkpt lat="48.823807" lon="-115.261894">
        <ele>773.4</ele>
      </trkpt>
      <trkpt lat="48.823818" lon="-115.262177">
        <ele>772.4</ele>
      </trkpt>
      <trkpt lat="48.827866" lon="-115.270561">
        <ele>775.1</ele>
      </trkpt>
      <trkpt lat="48.827877" lon="-115.271133">
        <ele>775.4</ele>
      </trkpt>
      <trkpt lat="48.827366" lon="-115.273071">
        <ele>779.4</ele>
      </trkpt>
      <trkpt lat="48.826401" lon="-115.27446">
        <ele>792.0</ele>
      </trkpt>
      <trkpt lat="48.826359" lon="-115.276154">
        <ele>797.4</ele>
      </trkpt>
      <trkpt lat="48.826027" lon="-115.277412">
        <ele>799.2</ele>
      </trkpt>
      <trkpt lat="48.824921" lon="-115.27919">
        <ele>802.0</ele>
      </trkpt>
      <trkpt lat="48.823738" lon="-115.28183">
        <ele>804.0</ele>
      </trkpt>
      <trkpt lat="48.8214" lon="-115.284576">
        <ele>808.0</ele>
      </trkpt>
      <trkpt lat="48.82093" lon="-115.285423">
        <ele>808.8</ele>
      </trkpt>
      <trkpt lat="48.820778" lon="-115.286415">
        <ele>808.8</ele>
      </trkpt>
      <trkpt lat="48.820866" lon="-115.288383">
        <ele>803.5</ele>
      </trkpt>
      <trkpt lat="48.821335" lon="-115.289848">
        <ele>798.4</ele>
      </trkpt>
      <trkpt lat="48.821278" lon="-115.29052">
        <ele>796.2</ele>
      </trkpt>
      <trkpt lat="48.821022" lon="-115.290863">
        <ele>794.5</ele>
      </trkpt>
      <trkpt lat="48.820568" lon="-115.290894">
        <ele>793.5</ele>
      </trkpt>
      <trkpt lat="48.819473" lon="-115.289948">
        <ele>794.4</ele>
      </trkpt>
      <trkpt lat="48.818958" lon="-115.289841">
        <ele>795.8</ele>
      </trkpt>
      <trkpt lat="48.817764" lon="-115.290764">
        <ele>798.5</ele>
      </trkpt>
      <trkpt lat="48.816502" lon="-115.291199">
        <ele>800.0</ele>
      </trkpt>
      <trkpt lat="48.816078" lon="-115.291542">
        <ele>800.2</ele>
      </trkpt>
      <trkpt lat="48.815647" lon="-115.292198">
        <ele>799.5</ele>
      </trkpt>
      <trkpt lat="48.814812" lon="-115.294548">
        <ele>797.0</ele>
      </trkpt>
      <trkpt lat="48.813206" lon="-115.297836">
        <ele>795.8</ele>
      </trkpt>
      <trkpt lat="48.812599" lon="-115.298409">
        <ele>796.2</ele>
      </trkpt>
      <trkpt lat="48.809982" lon="-115.29998">
        <ele>799.0</ele>
      </trkpt>
      <trkpt lat="48.809242" lon="-115.301033">
        <ele>798.4</ele>
      </trkpt>
      <trkpt lat="48.80899" lon="-115.301117">
        <ele>797.0</ele>
      </trkpt>
      <trkpt lat="48.80864" lon="-115.301964">
        <ele>797.2</ele>
      </trkpt>
      <trkpt lat="48.806789" lon="-115.304626">
        <ele>799.0</ele>
      </trkpt>
      <trkpt lat="48.806206" lon="-115.305016">
        <ele>800.8</ele>
      </trkpt>
      <trkpt lat="48.804771" lon="-115.305405">
        <ele>806.0</ele>
      </trkpt>
      <trkpt lat="48.804237" lon="-115.305824">
        <ele>808.2</ele>
      </trkpt>
      <trkpt lat="48.803837" lon="-115.306671">
        <ele>810.0</ele>
      </trkpt>
      <trkpt lat="48.803154" lon="-115.309227">
        <ele>811.2</ele>
      </trkpt>
      <trkpt lat="48.802044" lon="-115.310791">
        <ele>809.8</ele>
      </trkpt>
      <trkpt lat="48.800789" lon="-115.31147">
        <ele>806.5</ele>
      </trkpt>
      <trkpt lat="48.798992" lon="-115.31134">
        <ele>799.2</ele>
      </trkpt>
      <trkpt lat="48.797279" lon="-115.311455">
        <ele>793.2</ele>
      </trkpt>
      <trkpt lat="48.794285" lon="-115.31237">
        <ele>802.0</ele>
      </trkpt>
      <trkpt lat="48.791969" lon="-115.312675">
        <ele>818.0</ele>
      </trkpt>
      <trkpt lat="48.788338" lon="-115.313644">
        <ele>828.6</ele>
      </trkpt>
      <trkpt lat="48.78727" lon="-115.314583">
        <ele>824.0</ele>
      </trkpt>
      <trkpt lat="48.786293" lon="-115.316734">
        <ele>821.6</ele>
      </trkpt>
      <trkpt lat="48.785572" lon="-115.317574">
        <ele>820.6</ele>
      </trkpt>
      <trkpt lat="48.784809" lon="-115.317871">
        <ele>820.0</ele>
      </trkpt>
      <trkpt lat="48.783237" lon="-115.317795">
        <ele>819.2</ele>
      </trkpt>
      <trkpt lat="48.781429" lon="-115.318573">
        <ele>818.4</ele>
      </trkpt>
      <trkpt lat="48.780052" lon="-115.318832">
        <ele>817.8</ele>
      </trkpt>
      <trkpt lat="48.77755" lon="-115.320648">
        <ele>816.2</ele>
      </trkpt>
      <trkpt lat="48.776329" lon="-115.321007">
        <ele>815.5</ele>
      </trkpt>
      <trkpt lat="48.775108" lon="-115.320717">
        <ele>814.5</ele>
      </trkpt>
      <trkpt lat="48.772728" lon="-115.319344">
        <ele>811.5</ele>
      </trkpt>
      <trkpt lat="48.77047" lon="-115.316681">
        <ele>809.8</ele>
      </trkpt>
      <trkpt lat="48.767662" lon="-115.314552">
        <ele>810.5</ele>
      </trkpt>
      <trkpt lat="48.766052" lon="-115.312683">
        <ele>811.2</ele>
      </trkpt>
      <trkpt lat="48.764977" lon="-115.311012">
        <ele>811.4</ele>
      </trkpt>
      <trkpt lat="48.761913" lon="-115.307411">
        <ele>809.0</ele>
      </trkpt>
      <trkpt lat="48.761307" lon="-115.307053">
        <ele>806.5</ele>
      </trkpt>
      <trkpt lat="48.759666" lon="-115.306732">
        <ele>800.5</ele>
      </trkpt>
      <trkpt lat="48.757618" lon="-115.304916">
        <ele>791.8</ele>
      </trkpt>
      <trkpt lat="48.756962" lon="-115.304604">
        <ele>789.5</ele>
      </trkpt>
      <trkpt lat="48.755997" lon="-115.304695">
        <ele>785.5</ele>
      </trkpt>
      <trkpt lat="48.754875" lon="-115.305351">
        <ele>782.8</ele>
      </trkpt>
      <trkpt lat="48.749054" lon="-115.310692">
        <ele>788.5</ele>
      </trkpt>
      <trkpt lat="48.747334" lon="-115.312057">
        <ele>792.8</ele>
      </trkpt>
      <trkpt lat="48.746479" lon="-115.313286">
        <ele>796.4</ele>
      </trkpt>
      <trkpt lat="48.746101" lon="-115.314552">
        <ele>799.2</ele>
      </trkpt>
      <trkpt lat="48.745995" lon="-115.318687">
        <ele>803.5</ele>
      </trkpt>
      <trkpt lat="48.744724" lon="-115.323593">
        <ele>805.4</ele>
      </trkpt>
      <trkpt lat="48.74445" lon="-115.326584">
        <ele>807.2</ele>
      </trkpt>
      <trkpt lat="48.745911" lon="-115.336205">
        <ele>809.5</ele>
      </trkpt>
      <trkpt lat="48.745628" lon="-115.342819">
        <ele>804.5</ele>
      </trkpt>
      <trkpt lat="48.746792" lon="-115.346245">
        <ele>802.5</ele>
      </trkpt>
      <trkpt lat="48.747284" lon="-115.348503">
        <ele>800.8</ele>
      </trkpt>
      <trkpt lat="48.747475" lon="-115.35038">
        <ele>797.2</ele>
      </trkpt>
      <trkpt lat="48.748009" lon="-115.352158">
        <ele>792.4</ele>
      </trkpt>
      <trkpt lat="48.747852" lon="-115.353027">
        <ele>789.7</ele>
      </trkpt>
      <trkpt lat="48.747379" lon="-115.353462">
        <ele>787.9</ele>
      </trkpt>
      <trkpt lat="48.74704" lon="-115.353477">
        <ele>786.8</ele>
      </trkpt>
      <trkpt lat="48.746662" lon="-115.353188">
        <ele>786.5</ele>
      </trkpt>
      <trkpt lat="48.745846" lon="-115.351616">
        <ele>789.2</ele>
      </trkpt>
      <trkpt lat="48.744892" lon="-115.348579">
        <ele>796.4</ele>
      </trkpt>
      <trkpt lat="48.743484" lon="-115.347084">
        <ele>801.8</ele>
      </trkpt>
      <trkpt lat="48.742672" lon="-115.345772">
        <ele>805.2</ele>
      </trkpt>
      <trkpt lat="48.742325" lon="-115.344505">
        <ele>808.0</ele>
      </trkpt>
      <trkpt lat="48.741467" lon="-115.338837">
        <ele>818.4</ele>
      </trkpt>
      <trkpt lat="48.739864" lon="-115.334488">
        <ele>825.6</ele>
      </trkpt>
      <trkpt lat="48.739174" lon="-115.333649">
        <ele>827.2</ele>
      </trkpt>
      <trkpt lat="48.737789" lon="-115.332603">
        <ele>828.0</ele>
      </trkpt>
      <trkpt lat="48.736923" lon="-115.33152">
        <ele>827.6</ele>
      </trkpt>
      <trkpt lat="48.736366" lon="-115.330597">
        <ele>827.6</ele>
      </trkpt>
      <trkpt lat="48.735603" lon="-115.328621">
        <ele>825.4</ele>
      </trkpt>
      <trkpt lat="48.733013" lon="-115.324173">
        <ele>819.6</ele>
      </trkpt>
      <trkpt lat="48.732208" lon="-115.323471">
        <ele>818.5</ele>
      </trkpt>
      <trkpt lat="48.729649" lon="-115.322327">
        <ele>815.0</ele>
      </trkpt>
      <trkpt lat="48.726437" lon="-115.322441">
        <ele>813.4</ele>
      </trkpt>
      <trkpt lat="48.719784" lon="-115.3218">
        <ele>836.4</ele>
      </trkpt>
      <trkpt lat="48.716549" lon="-115.32254">
        <ele>851.2</ele>
      </trkpt>
      <trkpt lat="48.713482" lon="-115.324165">
        <ele>855.8</ele>
      </trkpt>
      <trkpt lat="48.711376" lon="-115.323578">
        <ele>856.4</ele>
      </trkpt>
      <trkpt lat="48.70911" lon="-115.323494">
        <ele>855.4</ele>
      </trkpt>
      <trkpt lat="48.708504" lon="-115.32373">
        <ele>855.6</ele>
      </trkpt>
      <trkpt lat="48.706184" lon="-115.325546">
        <ele>851.8</ele>
      </trkpt>
      <trkpt lat="48.704876" lon="-115.326096">
        <ele>848.2</ele>
      </trkpt>
      <trkpt lat="48.704288" lon="-115.32608">
        <ele>846.6</ele>
      </trkpt>
      <trkpt lat="48.703266" lon="-115.325623">
        <ele>843.4</ele>
      </trkpt>
      <trkpt lat="48.701878" lon="-115.325462">
        <ele>839.4</ele>
      </trkpt>
      <trkpt lat="48.701267" lon="-115.32547">
        <ele>838.2</ele>
      </trkpt>
      <trkpt lat="48.700848" lon="-115.325668">
        <ele>837.6</ele>
      </trkpt>
      <trkpt lat="48.699356" lon="-115.326851">
        <ele>837.6</ele>
      </trkpt>
      <trkpt lat="48.697968" lon="-115.329613">
        <ele>838.4</ele>
      </trkpt>
      <trkpt lat="48.697468" lon="-115.330101">
        <ele>838.8</ele>
      </trkpt>
      <trkpt lat="48.696716" lon="-115.330406">
        <ele>838.2</ele>
      </trkpt>
      <trkpt lat="48.693359" lon="-115.330315">
        <ele>847.2</ele>
      </trkpt>
      <trkpt lat="48.692329" lon="-115.33075">
        <ele>850.6</ele>
      </trkpt>
      <trkpt lat="48.69146" lon="-115.331398">
        <ele>854.6</ele>
      </trkpt>
      <trkpt lat="48.690483" lon="-115.33107">
        <ele>859.6</ele>
      </trkpt>
      <trkpt lat="48.688503" lon="-115.331192">
        <ele>866.2</ele>
      </trkpt>
      <trkpt lat="48.68631" lon="-115.331055">
        <ele>869.8</ele>
      </trkpt>
      <trkpt lat="48.683311" lon="-115.331581">
        <ele>868.6</ele>
      </trkpt>
      <trkpt lat="48.68248" lon="-115.332275">
        <ele>866.6</ele>
      </trkpt>
      <trkpt lat="48.680851" lon="-115.334953">
        <ele>855.8</ele>
      </trkpt>
      <trkpt lat="48.679214" lon="-115.336014">
        <ele>848.2</ele>
      </trkpt>
      <trkpt lat="48.678646" lon="-115.336609">
        <ele>845.6</ele>
      </trkpt>
      <trkpt lat="48.678051" lon="-115.337822">
        <ele>842.8</ele>
      </trkpt>
      <trkpt lat="48.676987" lon="-115.341728">
        <ele>840.0</ele>
      </trkpt>
      <trkpt lat="48.676369" lon="-115.342545">
        <ele>839.8</ele>
      </trkpt>
      <trkpt lat="48.675488" lon="-115.342979">
        <ele>838.6</ele>
      </trkpt>
      <trkpt lat="48.674461" lon="-115.342728">
        <ele>838.4</ele>
      </trkpt>
      <trkpt lat="48.671322" lon="-115.340538">
        <ele>836.8</ele>
      </trkpt>
      <trkpt lat="48.670033" lon="-115.340111">
        <ele>832.2</ele>
      </trkpt>
      <trkpt lat="48.668556" lon="-115.34037">
        <ele>827.0</ele>
      </trkpt>
      <trkpt lat="48.665749" lon="-115.342415">
        <ele>817.4</ele>
      </trkpt>
      <trkpt lat="48.664875" lon="-115.342422">
        <ele>815.2</ele>
      </trkpt>
      <trkpt lat="48.664299" lon="-115.34201">
        <ele>814.0</ele>
      </trkpt>
      <trkpt lat="48.663883" lon="-115.341301">
        <ele>814.0</ele>
      </trkpt>
      <trkpt lat="48.663567" lon="-115.337997">
        <ele>820.4</ele>
      </trkpt>
      <trkpt lat="48.662811" lon="-115.336815">
        <ele>821.0</ele>
      </trkpt>
      <trkpt lat="48.657593" lon="-115.334763">
        <ele>814.2</ele>
      </trkpt>
      <trkpt lat="48.656666" lon="-115.334648">
        <ele>812.4</ele>
      </trkpt>
      <trkpt lat="48.654823" lon="-115.334976">
        <ele>806.8</ele>
      </trkpt>
      <trkpt lat="48.653748" lon="-115.334946">
        <ele>804.5</ele>
      </trkpt>
      <trkpt lat="48.651829" lon="-115.334251">
        <ele>807.5</ele>
      </trkpt>
      <trkpt lat="48.650337" lon="-115.33342">
        <ele>812.2</ele>
      </trkpt>
      <trkpt lat="48.646713" lon="-115.330597">
        <ele>817.0</ele>
      </trkpt>
      <trkpt lat="48.645863" lon="-115.329086">
        <ele>816.8</ele>
      </trkpt>
      <trkpt lat="48.644016" lon="-115.327019">
        <ele>819.0</ele>
      </trkpt>
      <trkpt lat="48.642693" lon="-115.326668">
        <ele>819.6</ele>
      </trkpt>
      <trkpt lat="48.642159" lon="-115.324928">
        <ele>819.6</ele>
      </trkpt>
      <trkpt lat="48.639584" lon="-115.321526">
        <ele>816.8</ele>
      </trkpt>
      <trkpt lat="48.637848" lon="-115.317795">
        <ele>812.0</ele>
      </trkpt>
      <trkpt lat="48.637688" lon="-115.316566">
        <ele>811.8</ele>
      </trkpt>
      <trkpt lat="48.636635" lon="-115.313797">
        <ele>805.5</ele>
      </trkpt>
      <trkpt lat="48.63549" lon="-115.312759">
        <ele>806.0</ele>
      </trkpt>
      <trkpt lat="48.635445" lon="-115.310814">
        <ele>810.4</ele>
      </trkpt>
      <trkpt lat="48.634823" lon="-115.309166">
        <ele>813.4</ele>
      </trkpt>
      <trkpt lat="48.634682" lon="-115.307884">
        <ele>814.4</ele>
      </trkpt>
      <trkpt lat="48.634232" lon="-115.306351">
        <ele>815.2</ele>
      </trkpt>
      <trkpt lat="48.634178" lon="-115.305321">
        <ele>816.2</ele>
      </trkpt>
      <trkpt lat="48.633442" lon="-115.303856">
        <ele>817.5</ele>
      </trkpt>
      <trkpt lat="48.633118" lon="-115.30233">
        <ele>819.2</ele>
      </trkpt>
      <trkpt lat="48.631859" lon="-115.299194">
        <ele>815.4</ele>
      </trkpt>
      <trkpt lat="48.629566" lon="-115.295364">
        <ele>816.4</ele>
      </trkpt>
      <trkpt lat="48.628754" lon="-115.295105">
        <ele>814.8</ele>
      </trkpt>
      <trkpt lat="48.627464" lon="-115.295441">
        <ele>813.4</ele>
      </trkpt>
      <trkpt lat="48.626938" lon="-115.295036">
        <ele>813.5</ele>
      </trkpt>
      <trkpt lat="48.626141" lon="-115.292099">
        <ele>819.0</ele>
      </trkpt>
      <trkpt lat="48.621765" lon="-115.284073">
        <ele>828.4</ele>
      </trkpt>
      <trkpt lat="48.620762" lon="-115.283119">
        <ele>831.8</ele>
      </trkpt>
      <trkpt lat="48.619854" lon="-115.282928">
        <ele>836.0</ele>
      </trkpt>
      <trkpt lat="48.618641" lon="-115.281311">
        <ele>839.6</ele>
      </trkpt>
      <trkpt lat="48.617306" lon="-115.280128">
        <ele>840.4</ele>
      </trkpt>
      <trkpt lat="48.614895" lon="-115.278671">
        <ele>843.0</ele>
      </trkpt>
      <trkpt lat="48.612961" lon="-115.276169">
        <ele>835.0</ele>
      </trkpt>
      <trkpt lat="48.611233" lon="-115.274544">
        <ele>828.2</ele>
      </trkpt>
      <trkpt lat="48.608555" lon="-115.271492">
        <ele>828.2</ele>
      </trkpt>
      <trkpt lat="48.607151" lon="-115.270874">
        <ele>830.8</ele>
      </trkpt>
      <trkpt lat="48.603577" lon="-115.270866">
        <ele>825.0</ele>
      </trkpt>
      <trkpt lat="48.60268" lon="-115.270241">
        <ele>822.8</ele>
      </trkpt>
      <trkpt lat="48.601986" lon="-115.268776">
        <ele>821.4</ele>
      </trkpt>
      <trkpt lat="48.601646" lon="-115.265892">
        <ele>824.0</ele>
      </trkpt>
      <trkpt lat="48.601307" lon="-115.264793">
        <ele>826.0</ele>
      </trkpt>
      <trkpt lat="48.598801" lon="-115.261841">
        <ele>830.6</ele>
      </trkpt>
      <trkpt lat="48.596554" lon="-115.258858">
        <ele>837.2</ele>
      </trkpt>
      <trkpt lat="48.593723" lon="-115.256645">
        <ele>849.8</ele>
      </trkpt>
      <trkpt lat="48.592739" lon="-115.255447">
        <ele>854.8</ele>
      </trkpt>
      <trkpt lat="48.59119" lon="-115.252991">
        <ele>865.0</ele>
      </trkpt>
      <trkpt lat="48.590641" lon="-115.25177">
        <ele>868.8</ele>
      </trkpt>
      <trkpt lat="48.589699" lon="-115.250854">
        <ele>872.6</ele>
      </trkpt>
      <trkpt lat="48.589603" lon="-115.250336">
        <ele>873.0</ele>
      </trkpt>
      <trkpt lat="48.589748" lon="-115.249733">
        <ele>872.2</ele>
      </trkpt>
      <trkpt lat="48.589466" lon="-115.250412">
        <ele>872.0</ele>
      </trkpt>
      <trkpt lat="48.589146" lon="-115.248245">
        <ele>871.2</ele>
      </trkpt>
      <trkpt lat="48.588646" lon="-115.247215">
        <ele>868.4</ele>
      </trkpt>
      <trkpt lat="48.587811" lon="-115.246185">
        <ele>865.0</ele>
      </trkpt>
      <trkpt lat="48.58744" lon="-115.244583">
        <ele>862.0</ele>
      </trkpt>
      <trkpt lat="48.586449" lon="-115.243507">
        <ele>858.6</ele>
      </trkpt>
      <trkpt lat="48.586086" lon="-115.241867">
        <ele>857.4</ele>
      </trkpt>
      <trkpt lat="48.585094" lon="-115.240364">
        <ele>857.2</ele>
      </trkpt>
      <trkpt lat="48.584278" lon="-115.23983">
        <ele>857.4</ele>
      </trkpt>
      <trkpt lat="48.583942" lon="-115.238678">
        <ele>858.0</ele>
      </trkpt>
      <trkpt lat="48.582817" lon="-115.237549">
        <ele>857.4</ele>
      </trkpt>
      <trkpt lat="48.582153" lon="-115.235931">
        <ele>856.6</ele>
      </trkpt>
      <trkpt lat="48.58054" lon="-115.234352">
        <ele>858.8</ele>
      </trkpt>
      <trkpt lat="48.578171" lon="-115.233047">
        <ele>867.2</ele>
      </trkpt>
      <trkpt lat="48.574051" lon="-115.231964">
        <ele>873.8</ele>
      </trkpt>
      <trkpt lat="48.571598" lon="-115.231789">
        <ele>878.8</ele>
      </trkpt>
      <trkpt lat="48.569889" lon="-115.231438">
        <ele>883.4</ele>
      </trkpt>
      <trkpt lat="48.56879" lon="-115.230972">
        <ele>884.2</ele>
      </trkpt>
      <trkpt lat="48.565971" lon="-115.230598">
        <ele>887.6</ele>
      </trkpt>
      <trkpt lat="48.563251" lon="-115.229736">
        <ele>888.8</ele>
      </trkpt>
      <trkpt lat="48.561905" lon="-115.230133">
        <ele>887.6</ele>
      </trkpt>
      <trkpt lat="48.561485" lon="-115.230438">
        <ele>885.8</ele>
      </trkpt>
      <trkpt lat="48.561359" lon="-115.23082">
        <ele>883.6</ele>
      </trkpt>
      <trkpt lat="48.561428" lon="-115.2314">
        <ele>883.0</ele>
      </trkpt>
      <trkpt lat="48.561718" lon="-115.231918">
        <ele>882.0</ele>
      </trkpt>
      <trkpt lat="48.563313" lon="-115.232506">
        <ele>878.0</ele>
      </trkpt>
      <trkpt lat="48.563694" lon="-115.232933">
        <ele>877.4</ele>
      </trkpt>
      <trkpt lat="48.563839" lon="-115.233856">
        <ele>876.6</ele>
      </trkpt>
      <trkpt lat="48.563526" lon="-115.23452">
        <ele>876.6</ele>
      </trkpt>
      <trkpt lat="48.562508" lon="-115.23558">
        <ele>875.0</ele>
      </trkpt>
      <trkpt lat="48.559582" lon="-115.237785">
        <ele>859.4</ele>
      </trkpt>
      <trkpt lat="48.558685" lon="-115.237961">
        <ele>857.6</ele>
      </trkpt>
      <trkpt lat="48.55637" lon="-115.237747">
        <ele>867.8</ele>
      </trkpt>
      <trkpt lat="48.55592" lon="-115.237961">
        <ele>869.4</ele>
      </trkpt>
      <trkpt lat="48.555618" lon="-115.238617">
        <ele>871.0</ele>
      </trkpt>
      <trkpt lat="48.555588" lon="-115.239807">
        <ele>873.2</ele>
      </trkpt>
      <trkpt lat="48.555363" lon="-115.240395">
        <ele>874.0</ele>
      </trkpt>
      <trkpt lat="48.553818" lon="-115.242043">
        <ele>875.6</ele>
      </trkpt>
      <trkpt lat="48.553246" lon="-115.242371">
        <ele>876.2</ele>
      </trkpt>
      <trkpt lat="48.552711" lon="-115.243111">
        <ele>877.0</ele>
      </trkpt>
      <trkpt lat="48.552547" lon="-115.243927">
        <ele>877.4</ele>
      </trkpt>
      <trkpt lat="48.552597" lon="-115.244843">
        <ele>878.4</ele>
      </trkpt>
      <trkpt lat="48.552429" lon="-115.245255">
        <ele>878.8</ele>
      </trkpt>
      <trkpt lat="48.549347" lon="-115.246918">
        <ele>873.2</ele>
      </trkpt>
      <trkpt lat="48.548851" lon="-115.247612">
        <ele>871.4</ele>
      </trkpt>
      <trkpt lat="48.548908" lon="-115.248665">
        <ele>868.8</ele>
      </trkpt>
      <trkpt lat="48.549835" lon="-115.250458">
        <ele>864.6</ele>
      </trkpt>
      <trkpt lat="48.55014" lon="-115.251587">
        <ele>863.6</ele>
      </trkpt>
      <trkpt lat="48.550499" lon="-115.254997">
        <ele>860.2</ele>
      </trkpt>
      <trkpt lat="48.550461" lon="-115.257317">
        <ele>856.4</ele>
      </trkpt>
      <trkpt lat="48.549473" lon="-115.264175">
        <ele>835.8</ele>
      </trkpt>
      <trkpt lat="48.547398" lon="-115.270355">
        <ele>835.2</ele>
      </trkpt>
      <trkpt lat="48.547253" lon="-115.275246">
        <ele>838.0</ele>
      </trkpt>
      <trkpt lat="48.546719" lon="-115.276543">
        <ele>838.8</ele>
      </trkpt>
      <trkpt lat="48.545654" lon="-115.278038">
        <ele>840.2</ele>
      </trkpt>
      <trkpt lat="48.54488" lon="-115.280098">
        <ele>841.2</ele>
      </trkpt>
      <trkpt lat="48.544731" lon="-115.281563">
        <ele>840.0</ele>
      </trkpt>
      <trkpt lat="48.54483" lon="-115.283279">
        <ele>838.4</ele>
      </trkpt>
      <trkpt lat="48.545094" lon="-115.284416">
        <ele>836.0</ele>
      </trkpt>
      <trkpt lat="48.545998" lon="-115.286674">
        <ele>832.8</ele>
      </trkpt>
      <trkpt lat="48.546124" lon="-115.287956">
        <ele>832.4</ele>
      </trkpt>
      <trkpt lat="48.546036" lon="-115.288696">
        <ele>832.8</ele>
      </trkpt>
      <trkpt lat="48.545017" lon="-115.291954">
        <ele>832.6</ele>
      </trkpt>
      <trkpt lat="48.544327" lon="-115.292877">
        <ele>830.8</ele>
      </trkpt>
      <trkpt lat="48.543938" lon="-115.292953">
        <ele>830.6</ele>
      </trkpt>
      <trkpt lat="48.543541" lon="-115.292801">
        <ele>830.8</ele>
      </trkpt>
      <trkpt lat="48.542976" lon="-115.291969">
        <ele>834.0</ele>
      </trkpt>
      <trkpt lat="48.540878" lon="-115.284088">
        <ele>852.4</ele>
      </trkpt>
      <trkpt lat="48.539375" lon="-115.28054">
        <ele>866.2</ele>
      </trkpt>
      <trkpt lat="48.539246" lon="-115.279381">
        <ele>871.0</ele>
      </trkpt>
      <trkpt lat="48.539391" lon="-115.277359">
        <ele>877.4</ele>
      </trkpt>
      <trkpt lat="48.539143" lon="-115.275406">
        <ele>882.0</ele>
      </trkpt>
      <trkpt lat="48.538834" lon="-115.274773">
        <ele>883.2</ele>
      </trkpt>
      <trkpt lat="48.537491" lon="-115.273445">
        <ele>886.2</ele>
      </trkpt>
      <trkpt lat="48.535736" lon="-115.272713">
        <ele>890.4</ele>
      </trkpt>
      <trkpt lat="48.534328" lon="-115.272881">
        <ele>892.2</ele>
      </trkpt>
      <trkpt lat="48.533665" lon="-115.273361">
        <ele>892.8</ele>
      </trkpt>
      <trkpt lat="48.532696" lon="-115.274925">
        <ele>894.4</ele>
      </trkpt>
      <trkpt lat="48.531635" lon="-115.276016">
        <ele>895.4</ele>
      </trkpt>
      <trkpt lat="48.531097" lon="-115.276344">
        <ele>896.6</ele>
      </trkpt>
      <trkpt lat="48.530357" lon="-115.276451">
        <ele>897.4</ele>
      </trkpt>
      <trkpt lat="48.528114" lon="-115.276314">
        <ele>894.8</ele>
      </trkpt>
      <trkpt lat="48.525551" lon="-115.277283">
        <ele>887.8</ele>
      </trkpt>
      <trkpt lat="48.522808" lon="-115.277893">
        <ele>881.0</ele>
      </trkpt>
      <trkpt lat="48.522198" lon="-115.278389">
        <ele>877.2</ele>
      </trkpt>
      <trkpt lat="48.521763" lon="-115.279251">
        <ele>872.8</ele>
      </trkpt>
      <trkpt lat="48.520405" lon="-115.28701">
        <ele>840.2</ele>
      </trkpt>
      <trkpt lat="48.519852" lon="-115.2882">
        <ele>833.2</ele>
      </trkpt>
      <trkpt lat="48.518814" lon="-115.289589">
        <ele>822.6</ele>
      </trkpt>
      <trkpt lat="48.518257" lon="-115.290695">
        <ele>816.0</ele>
      </trkpt>
      <trkpt lat="48.517002" lon="-115.293991">
        <ele>801.5</ele>
      </trkpt>
      <trkpt lat="48.515945" lon="-115.298172">
        <ele>785.4</ele>
      </trkpt>
      <trkpt lat="48.513653" lon="-115.302246">
        <ele>778.5</ele>
      </trkpt>
      <trkpt lat="48.512424" lon="-115.303833">
        <ele>789.0</ele>
      </trkpt>
      <trkpt lat="48.510998" lon="-115.304611">
        <ele>798.2</ele>
      </trkpt>
      <trkpt lat="48.510334" lon="-115.304665">
        <ele>802.0</ele>
      </trkpt>
      <trkpt lat="48.509758" lon="-115.304321">
        <ele>806.4</ele>
      </trkpt>
      <trkpt lat="48.508835" lon="-115.303383">
        <ele>813.0</ele>
      </trkpt>
      <trkpt lat="48.507195" lon="-115.302986">
        <ele>819.2</ele>
      </trkpt>
      <trkpt lat="48.505432" lon="-115.301674">
        <ele>822.4</ele>
      </trkpt>
      <trkpt lat="48.504269" lon="-115.301323">
        <ele>823.6</ele>
      </trkpt>
      <trkpt lat="48.500351" lon="-115.301903">
        <ele>825.0</ele>
      </trkpt>
      <trkpt lat="48.493256" lon="-115.301651">
        <ele>815.5</ele>
      </trkpt>
      <trkpt lat="48.491119" lon="-115.302292">
        <ele>806.4</ele>
      </trkpt>
      <trkpt lat="48.488552" lon="-115.304321">
        <ele>791.2</ele>
      </trkpt>
      <trkpt lat="48.485973" lon="-115.305328">
        <ele>787.5</ele>
      </trkpt>
      <trkpt lat="48.482986" lon="-115.307236">
        <ele>783.4</ele>
      </trkpt>
      <trkpt lat="48.480579" lon="-115.310524">
        <ele>791.8</ele>
      </trkpt>
      <trkpt lat="48.478058" lon="-115.312668">
        <ele>803.5</ele>
      </trkpt>
      <trkpt lat="48.475529" lon="-115.314407">
        <ele>808.5</ele>
      </trkpt>
      <trkpt lat="48.474419" lon="-115.315369">
        <ele>807.2</ele>
      </trkpt>
      <trkpt lat="48.469654" lon="-115.321297">
        <ele>811.2</ele>
      </trkpt>
      <trkpt lat="48.468914" lon="-115.32309">
        <ele>813.5</ele>
      </trkpt>
      <trkpt lat="48.468571" lon="-115.325546">
        <ele>816.8</ele>
      </trkpt>
      <trkpt lat="48.468269" lon="-115.326553">
        <ele>818.0</ele>
      </trkpt>
      <trkpt lat="48.467709" lon="-115.327415">
        <ele>819.2</ele>
      </trkpt>
      <trkpt lat="48.466866" lon="-115.327904">
        <ele>820.8</ele>
      </trkpt>
      <trkpt lat="48.466038" lon="-115.327858">
        <ele>822.8</ele>
      </trkpt>
      <trkpt lat="48.465385" lon="-115.327431">
        <ele>824.8</ele>
      </trkpt>
      <trkpt lat="48.463215" lon="-115.324257">
        <ele>829.6</ele>
      </trkpt>
      <trkpt lat="48.461578" lon="-115.322784">
        <ele>830.4</ele>
      </trkpt>
      <trkpt lat="48.460594" lon="-115.322289">
        <ele>831.6</ele>
      </trkpt>
      <trkpt lat="48.458687" lon="-115.321938">
        <ele>833.4</ele>
      </trkpt>
      <trkpt lat="48.456245" lon="-115.320808">
        <ele>838.4</ele>
      </trkpt>
      <trkpt lat="48.453865" lon="-115.32016">
        <ele>846.4</ele>
      </trkpt>
      <trkpt lat="48.452839" lon="-115.320259">
        <ele>849.4</ele>
      </trkpt>
      <trkpt lat="48.450825" lon="-115.321289">
        <ele>856.2</ele>
      </trkpt>
      <trkpt lat="48.450279" lon="-115.322136">
        <ele>858.8</ele>
      </trkpt>
      <trkpt lat="48.449574" lon="-115.324402">
        <ele>863.0</ele>
      </trkpt>
      <trkpt lat="48.449226" lon="-115.324722">
        <ele>863.6</ele>
      </trkpt>
      <trkpt lat="48.448719" lon="-115.324707">
        <ele>864.4</ele>
      </trkpt>
      <trkpt lat="48.448231" lon="-115.323891">
        <ele>866.0</ele>
      </trkpt>
      <trkpt lat="48.448269" lon="-115.321587">
        <ele>868.4</ele>
      </trkpt>
      <trkpt lat="48.448036" lon="-115.320274">
        <ele>869.2</ele>
      </trkpt>
      <trkpt lat="48.447678" lon="-115.319351">
        <ele>869.0</ele>
      </trkpt>
      <trkpt lat="48.44701" lon="-115.318359">
        <ele>869.8</ele>
      </trkpt>
      <trkpt lat="48.446407" lon="-115.317841">
        <ele>870.0</ele>
      </trkpt>
      <trkpt lat="48.445091" lon="-115.317131">
        <ele>871.0</ele>
      </trkpt>
      <trkpt lat="48.444199" lon="-115.316254">
        <ele>870.8</ele>
      </trkpt>
      <trkpt lat="48.443062" lon="-115.31588">
        <ele>869.6</ele>
      </trkpt>
      <trkpt lat="48.441734" lon="-115.314789">
        <ele>868.4</ele>
      </trkpt>
      <trkpt lat="48.438725" lon="-115.313248">
        <ele>858.2</ele>
      </trkpt>
      <trkpt lat="48.437027" lon="-115.312927">
        <ele>847.2</ele>
      </trkpt>
      <trkpt lat="48.436443" lon="-115.313225">
        <ele>842.4</ele>
      </trkpt>
      <trkpt lat="48.435894" lon="-115.314781">
        <ele>836.6</ele>
      </trkpt>
      <trkpt lat="48.43544" lon="-115.315491">
        <ele>834.4</ele>
      </trkpt>
      <trkpt lat="48.433006" lon="-115.317039">
        <ele>839.4</ele>
      </trkpt>
      <trkpt lat="48.432251" lon="-115.318657">
        <ele>845.8</ele>
      </trkpt>
      <trkpt lat="48.431767" lon="-115.319046">
        <ele>848.4</ele>
      </trkpt>
      <trkpt lat="48.4314" lon="-115.319084">
        <ele>849.8</ele>
      </trkpt>
      <trkpt lat="48.43092" lon="-115.318794">
        <ele>852.0</ele>
      </trkpt>
      <trkpt lat="48.429615" lon="-115.316582">
        <ele>853.0</ele>
      </trkpt>
      <trkpt lat="48.428596" lon="-115.315773">
        <ele>850.4</ele>
      </trkpt>
      <trkpt lat="48.426502" lon="-115.315102">
        <ele>844.6</ele>
      </trkpt>
      <trkpt lat="48.425461" lon="-115.31591">
        <ele>843.0</ele>
      </trkpt>
      <trkpt lat="48.424755" lon="-115.315956">
        <ele>844.6</ele>
      </trkpt>
      <trkpt lat="48.424038" lon="-115.315704">
        <ele>845.8</ele>
      </trkpt>
      <trkpt lat="48.422813" lon="-115.314888">
        <ele>848.2</ele>
      </trkpt>
      <trkpt lat="48.422554" lon="-115.314987">
        <ele>848.8</ele>
      </trkpt>
      <trkpt lat="48.422119" lon="-115.315773">
        <ele>849.2</ele>
      </trkpt>
      <trkpt lat="48.421318" lon="-115.31636">
        <ele>849.6</ele>
      </trkpt>
      <trkpt lat="48.420612" lon="-115.317307">
        <ele>848.8</ele>
      </trkpt>
      <trkpt lat="48.420498" lon="-115.320175">
        <ele>846.0</ele>
      </trkpt>
      <trkpt lat="48.420139" lon="-115.320953">
        <ele>845.0</ele>
      </trkpt>
      <trkpt lat="48.419617" lon="-115.321442">
        <ele>844.0</ele>
      </trkpt>
      <trkpt lat="48.418949" lon="-115.321548">
        <ele>841.4</ele>
      </trkpt>
      <trkpt lat="48.417564" lon="-115.321175">
        <ele>834.0</ele>
      </trkpt>
      <trkpt lat="48.41692" lon="-115.321213">
        <ele>830.2</ele>
      </trkpt>
      <trkpt lat="48.41362" lon="-115.32283">
        <ele>811.2</ele>
      </trkpt>
      <trkpt lat="48.413059" lon="-115.322548">
        <ele>808.8</ele>
      </trkpt>
      <trkpt lat="48.412056" lon="-115.32103">
        <ele>801.8</ele>
      </trkpt>
      <trkpt lat="48.411686" lon="-115.320992">
        <ele>800.0</ele>
      </trkpt>
      <trkpt lat="48.411617" lon="-115.320663">
        <ele>799.2</ele>
      </trkpt>
      <trkpt lat="48.411942" lon="-115.320946">
        <ele>795.8</ele>
      </trkpt>
      <trkpt lat="48.411701" lon="-115.320976">
        <ele>794.5</ele>
      </trkpt>
      <trkpt lat="48.411362" lon="-115.322472">
        <ele>791.4</ele>
      </trkpt>
      <trkpt lat="48.410915" lon="-115.322906">
        <ele>789.8</ele>
      </trkpt>
      <trkpt lat="48.409176" lon="-115.322189">
        <ele>779.5</ele>
      </trkpt>
      <trkpt lat="48.409241" lon="-115.321907">
        <ele>776.5</ele>
      </trkpt>
      <trkpt lat="48.408932" lon="-115.322266">
        <ele>775.8</ele>
      </trkpt>
      <trkpt lat="48.404999" lon="-115.322906">
        <ele>750.8</ele>
      </trkpt>
      <trkpt lat="48.404228" lon="-115.322891">
        <ele>745.0</ele>
      </trkpt>
      <trkpt lat="48.403465" lon="-115.323174">
        <ele>739.5</ele>
      </trkpt>
      <trkpt lat="48.401459" lon="-115.32299">
        <ele>726.8</ele>
      </trkpt>
      <trkpt lat="48.400394" lon="-115.323936">
        <ele>719.0</ele>
      </trkpt>
      <trkpt lat="48.399136" lon="-115.324158">
        <ele>711.5</ele>
      </trkpt>
      <trkpt lat="48.39872" lon="-115.324387">
        <ele>709.2</ele>
      </trkpt>
      <trkpt lat="48.397976" lon="-115.325935">
        <ele>703.0</ele>
      </trkpt>
      <trkpt lat="48.397469" lon="-115.326492">
        <ele>700.0</ele>
      </trkpt>
      <trkpt lat="48.396965" lon="-115.326698">
        <ele>697.4</ele>
      </trkpt>
      <trkpt lat="48.395889" lon="-115.326637">
        <ele>692.2</ele>
      </trkpt>
      <trkpt lat="48.395355" lon="-115.326813">
        <ele>689.0</ele>
      </trkpt>
      <trkpt lat="48.390728" lon="-115.331032">
        <ele>666.8</ele>
      </trkpt>
      <trkpt lat="48.389462" lon="-115.331566">
        <ele>667.4</ele>
      </trkpt>
      <trkpt lat="48.386726" lon="-115.331367">
        <ele>665.8</ele>
      </trkpt>
      <trkpt lat="48.385742" lon="-115.330849">
        <ele>664.5</ele>
      </trkpt>
      <trkpt lat="48.384838" lon="-115.329727">
        <ele>663.5</ele>
      </trkpt>
      <trkpt lat="48.382545" lon="-115.325531">
        <ele>660.2</ele>
      </trkpt>
      <trkpt lat="48.381458" lon="-115.324211">
        <ele>659.4</ele>
      </trkpt>
      <trkpt lat="48.380558" lon="-115.323547">
        <ele>658.5</ele>
      </trkpt>
      <trkpt lat="48.376953" lon="-115.321632">
        <ele>658.8</ele>
      </trkpt>
      <trkpt lat="48.375896" lon="-115.321243">
        <ele>658.8</ele>
      </trkpt>
      <trkpt lat="48.374794" lon="-115.321053">
        <ele>658.4</ele>
      </trkpt>
      <trkpt lat="48.373089" lon="-115.321228">
        <ele>657.2</ele>
      </trkpt>
      <trkpt lat="48.368027" lon="-115.323006">
        <ele>654.5</ele>
      </trkpt>
      <trkpt lat="48.367416" lon="-115.323654">
        <ele>655.0</ele>
      </trkpt>
      <trkpt lat="48.366268" lon="-115.325562">
        <ele>658.2</ele>
      </trkpt>
      <trkpt lat="48.366131" lon="-115.326721">
        <ele>658.2</ele>
      </trkpt>
      <trkpt lat="48.366558" lon="-115.328011">
        <ele>658.2</ele>
      </trkpt>
      <trkpt lat="48.366234" lon="-115.328423">
        <ele>658.2</ele>
      </trkpt>
      <trkpt lat="48.366055" lon="-115.328232">
        <ele>658.0</ele>
      </trkpt>
      <trkpt lat="48.365795" lon="-115.325371">
        <ele>657.8</ele>
      </trkpt>
      <trkpt lat="48.365543" lon="-115.32">
        <ele>656.8</ele>
      </trkpt>
      <trkpt lat="48.364632" lon="-115.319527">
        <ele>657.4</ele>
      </trkpt>
      <trkpt lat="48.364071" lon="-115.319534">
        <ele>657.4</ele>
      </trkpt>
      <trkpt lat="48.361336" lon="-115.321587">
        <ele>662.2</ele>
      </trkpt>
      <trkpt lat="48.360741" lon="-115.321823">
        <ele>660.2</ele>
      </trkpt>
      <trkpt lat="48.3601" lon="-115.32177">
        <ele>655.0</ele>
      </trkpt>
      <trkpt lat="48.360546" lon="-115.322029">
        <ele>656.2</ele>
      </trkpt>
      <trkpt lat="48.360714" lon="-115.322571">
        <ele>656.0</ele>
      </trkpt>
      <trkpt lat="48.362267" lon="-115.323807">
        <ele>652.5</ele>
      </trkpt>
      <trkpt lat="48.362854" lon="-115.325249">
        <ele>652.0</ele>
      </trkpt>
      <trkpt lat="48.363277" lon="-115.333336">
        <ele>650.5</ele>
      </trkpt>
      <trkpt lat="48.364239" lon="-115.34037">
        <ele>650.4</ele>
      </trkpt>
      <trkpt lat="48.36515" lon="-115.349998">
        <ele>667.0</ele>
      </trkpt>
      <trkpt lat="48.364422" lon="-115.362999">
        <ele>671.5</ele>
      </trkpt>
      <trkpt lat="48.362553" lon="-115.369743">
        <ele>673.0</ele>
      </trkpt>
      <trkpt lat="48.360962" lon="-115.373802">
        <ele>656.2</ele>
      </trkpt>
      <trkpt lat="48.359024" lon="-115.386139">
        <ele>646.5</ele>
      </trkpt>
      <trkpt lat="48.358932" lon="-115.388885">
        <ele>646.4</ele>
      </trkpt>
      <trkpt lat="48.359402" lon="-115.392235">
        <ele>645.8</ele>
      </trkpt>
      <trkpt lat="48.360836" lon="-115.399612">
        <ele>646.4</ele>
      </trkpt>
      <trkpt lat="48.36343" lon="-115.407951">
        <ele>650.2</ele>
      </trkpt>
      <trkpt lat="48.366806" lon="-115.417351">
        <ele>654.2</ele>
      </trkpt>
      <trkpt lat="48.367542" lon="-115.420639">
        <ele>649.4</ele>
      </trkpt>
      <trkpt lat="48.36961" lon="-115.428024">
        <ele>647.0</ele>
      </trkpt>
      <trkpt lat="48.369717" lon="-115.430557">
        <ele>646.4</ele>
      </trkpt>
      <trkpt lat="48.370056" lon="-115.432098">
        <ele>644.8</ele>
      </trkpt>
      <trkpt lat="48.371559" lon="-115.434891">
        <ele>647.5</ele>
      </trkpt>
      <trkpt lat="48.372829" lon="-115.439468">
        <ele>645.8</ele>
      </trkpt>
      <trkpt lat="48.373428" lon="-115.440979">
        <ele>644.8</ele>
      </trkpt>
      <trkpt lat="48.376537" lon="-115.445656">
        <ele>645.5</ele>
      </trkpt>
      <trkpt lat="48.378296" lon="-115.44783">
        <ele>647.0</ele>
      </trkpt>
      <trkpt lat="48.381126" lon="-115.449982">
        <ele>654.4</ele>
      </trkpt>
      <trkpt lat="48.382915" lon="-115.451645">
        <ele>650.4</ele>
      </trkpt>
      <trkpt lat="48.384712" lon="-115.452911">
        <ele>645.8</ele>
      </trkpt>
      <trkpt lat="48.391758" lon="-115.456757">
        <ele>644.8</ele>
      </trkpt>
      <trkpt lat="48.394787" lon="-115.457245">
        <ele>644.4</ele>
      </trkpt>
      <trkpt lat="48.399235" lon="-115.458305">
        <ele>654.4</ele>
      </trkpt>
      <trkpt lat="48.403496" lon="-115.45842">
        <ele>663.5</ele>
      </trkpt>
      <trkpt lat="48.404755" lon="-115.458984">
        <ele>664.5</ele>
      </trkpt>
      <trkpt lat="48.412109" lon="-115.465157">
        <ele>669.0</ele>
      </trkpt>
      <trkpt lat="48.413292" lon="-115.467094">
        <ele>666.4</ele>
      </trkpt>
      <trkpt lat="48.413937" lon="-115.469383">
        <ele>666.0</ele>
      </trkpt>
      <trkpt lat="48.414238" lon="-115.471123">
        <ele>667.0</ele>
      </trkpt>
      <trkpt lat="48.414322" lon="-115.473633">
        <ele>667.2</ele>
      </trkpt>
      <trkpt lat="48.413952" lon="-115.479828">
        <ele>670.4</ele>
      </trkpt>
      <trkpt lat="48.411812" lon="-115.488846">
        <ele>686.2</ele>
      </trkpt>
      <trkpt lat="48.411228" lon="-115.492165">
        <ele>691.4</ele>
      </trkpt>
      <trkpt lat="48.411209" lon="-115.494553">
        <ele>691.0</ele>
      </trkpt>
      <trkpt lat="48.410797" lon="-115.497513">
        <ele>688.0</ele>
      </trkpt>
      <trkpt lat="48.410473" lon="-115.498543">
        <ele>685.4</ele>
      </trkpt>
      <trkpt lat="48.410625" lon="-115.498436">
        <ele>685.4</ele>
      </trkpt>
      <trkpt lat="48.408211" lon="-115.505684">
        <ele>649.5</ele>
      </trkpt>
      <trkpt lat="48.407063" lon="-115.507462">
        <ele>643.5</ele>
      </trkpt>
      <trkpt lat="48.404861" lon="-115.509972">
        <ele>641.2</ele>
      </trkpt>
      <trkpt lat="48.398865" lon="-115.515976">
        <ele>644.0</ele>
      </trkpt>
      <trkpt lat="48.396049" lon="-115.518196">
        <ele>649.0</ele>
      </trkpt>
      <trkpt lat="48.394527" lon="-115.519852">
        <ele>650.2</ele>
      </trkpt>
      <trkpt lat="48.393471" lon="-115.521416">
        <ele>650.0</ele>
      </trkpt>
      <trkpt lat="48.392223" lon="-115.523827">
        <ele>649.5</ele>
      </trkpt>
      <trkpt lat="48.388546" lon="-115.529037">
        <ele>648.2</ele>
      </trkpt>
      <trkpt lat="48.387329" lon="-115.531227">
        <ele>647.0</ele>
      </trkpt>
      <trkpt lat="48.386921" lon="-115.532303">
        <ele>645.8</ele>
      </trkpt>
      <trkpt lat="48.386726" lon="-115.534981">
        <ele>640.4</ele>
      </trkpt>
      <trkpt lat="48.388187" lon="-115.535927">
        <ele>638.2</ele>
      </trkpt>
      <trkpt lat="48.388538" lon="-115.536766">
        <ele>637.5</ele>
      </trkpt>
      <trkpt lat="48.38858" lon="-115.543533">
        <ele>636.8</ele>
      </trkpt>
      <trkpt lat="48.391697" lon="-115.553322">
        <ele>634.8</ele>
      </trkpt>
      <trkpt lat="48.390957" lon="-115.5541">
        <ele>635.4</ele>
      </trkpt>
      <trkpt lat="48.392239" lon="-115.55825">
        <ele>636.0</ele>
      </trkpt>
      <trkpt lat="48.392365" lon="-115.560516">
        <ele>637.2</ele>
      </trkpt>
      <trkpt lat="48.392818" lon="-115.562195">
        <ele>636.2</ele>
      </trkpt>
      <trkpt lat="48.392303" lon="-115.563828">
        <ele>635.4</ele>
      </trkpt>
      <trkpt lat="48.392838" lon="-115.564079">
        <ele>635.8</ele>
      </trkpt>
      <trkpt lat="48.393726" lon="-115.565254">
        <ele>634.4</ele>
      </trkpt>
      <trkpt lat="48.394375" lon="-115.566841">
        <ele>633.5</ele>
      </trkpt>
      <trkpt lat="48.393944" lon="-115.565643">
        <ele>633.4</ele>
      </trkpt>
      <trkpt lat="48.392834" lon="-115.564072">
        <ele>634.4</ele>
      </trkpt>
      <trkpt lat="48.392517" lon="-115.563896">
        <ele>634.4</ele>
      </trkpt>
      <trkpt lat="48.392292" lon="-115.564133">
        <ele>634.5</ele>
      </trkpt>
      <trkpt lat="48.392288" lon="-115.570015">
        <ele>638.5</ele>
      </trkpt>
      <trkpt lat="48.39291" lon="-115.570381">
        <ele>639.2</ele>
      </trkpt>
      <trkpt lat="48.393082" lon="-115.571686">
        <ele>638.2</ele>
      </trkpt>
      <trkpt lat="48.393612" lon="-115.57283">
        <ele>636.5</ele>
      </trkpt>
      <trkpt lat="48.393009" lon="-115.571541">
        <ele>637.0</ele>
      </trkpt>
      <trkpt lat="48.392883" lon="-115.570312">
        <ele>637.5</ele>
      </trkpt>
      <trkpt lat="48.392334" lon="-115.570251">
        <ele>638.0</ele>
      </trkpt>
      <trkpt lat="48.392258" lon="-115.570084">
        <ele>638.0</ele>
      </trkpt>
      <trkpt lat="48.392319" lon="-115.563057">
        <ele>632.4</ele>
      </trkpt>
      <trkpt lat="48.388786" lon="-115.557419">
        <ele>638.2</ele>
      </trkpt>
      <trkpt lat="48.387596" lon="-115.5541">
        <ele>638.2</ele>
      </trkpt>
      <trkpt lat="48.387821" lon="-115.554176">
        <ele>638.0</ele>
      </trkpt>
      <trkpt lat="48.388924" lon="-115.557442">
        <ele>639.0</ele>
      </trkpt>
      <trkpt lat="48.393906" lon="-115.565193">
        <ele>632.0</ele>
      </trkpt>
      <trkpt lat="48.396671" lon="-115.571411">
        <ele>636.2</ele>
      </trkpt>
      <trkpt lat="48.401886" lon="-115.580528">
        <ele>631.2</ele>
      </trkpt>
      <trkpt lat="48.410625" lon="-115.599266">
        <ele>628.0</ele>
      </trkpt>
      <trkpt lat="48.412064" lon="-115.600914">
        <ele>636.0</ele>
      </trkpt>
      <trkpt lat="48.422417" lon="-115.609406">
        <ele>639.4</ele>
      </trkpt>
      <trkpt lat="48.423233" lon="-115.610298">
        <ele>639.8</ele>
      </trkpt>
      <trkpt lat="48.423885" lon="-115.611343">
        <ele>639.2</ele>
      </trkpt>
      <trkpt lat="48.428413" lon="-115.623985">
        <ele>627.4</ele>
      </trkpt>
      <trkpt lat="48.429596" lon="-115.626854">
        <ele>628.4</ele>
      </trkpt>
      <trkpt lat="48.433098" lon="-115.634377">
        <ele>627.0</ele>
      </trkpt>
      <trkpt lat="48.436352" lon="-115.639488">
        <ele>634.2</ele>
      </trkpt>
      <trkpt lat="48.437023" lon="-115.640823">
        <ele>634.2</ele>
      </trkpt>
      <trkpt lat="48.438812" lon="-115.647537">
        <ele>631.8</ele>
      </trkpt>
      <trkpt lat="48.439934" lon="-115.651077">
        <ele>632.2</ele>
      </trkpt>
      <trkpt lat="48.444298" lon="-115.661789">
        <ele>624.4</ele>
      </trkpt>
      <trkpt lat="48.444775" lon="-115.664726">
        <ele>624.0</ele>
      </trkpt>
      <trkpt lat="48.444481" lon="-115.669189">
        <ele>626.0</ele>
      </trkpt>
      <trkpt lat="48.444523" lon="-115.672371">
        <ele>630.5</ele>
      </trkpt>
      <trkpt lat="48.445747" lon="-115.682365">
        <ele>624.4</ele>
      </trkpt>
      <trkpt lat="48.446644" lon="-115.693291">
        <ele>629.4</ele>
      </trkpt>
      <trkpt lat="48.447418" lon="-115.710854">
        <ele>620.5</ele>
      </trkpt>
      <trkpt lat="48.447487" lon="-115.714729">
        <ele>622.0</ele>
      </trkpt>
      <trkpt lat="48.44706" lon="-115.721237">
        <ele>620.4</ele>
      </trkpt>
      <trkpt lat="48.446972" lon="-115.730873">
        <ele>620.4</ele>
      </trkpt>
      <trkpt lat="48.447468" lon="-115.733665">
        <ele>619.0</ele>
      </trkpt>
      <trkpt lat="48.448631" lon="-115.737343">
        <ele>623.0</ele>
      </trkpt>
      <trkpt lat="48.449097" lon="-115.739441">
        <ele>625.5</ele>
      </trkpt>
      <trkpt lat="48.452187" lon="-115.762375">
        <ele>641.8</ele>
      </trkpt>
      <trkpt lat="48.452335" lon="-115.762505">
        <ele>641.5</ele>
      </trkpt>
      <trkpt lat="48.452827" lon="-115.762123">
        <ele>639.5</ele>
      </trkpt>
      <trkpt lat="48.452934" lon="-115.762199">
        <ele>638.8</ele>
      </trkpt>
      <trkpt lat="48.45332" lon="-115.763466">
        <ele>634.2</ele>
      </trkpt>
      <trkpt lat="48.453373" lon="-115.764793">
        <ele>634.4</ele>
      </trkpt>
      <trkpt lat="48.453377" lon="-115.76712">
        <ele>633.8</ele>
      </trkpt>
      <trkpt lat="48.45282" lon="-115.767342">
        <ele>641.2</ele>
      </trkpt>
      <trkpt lat="48.452663" lon="-115.767624">
        <ele>641.8</ele>
      </trkpt>
      <trkpt lat="48.452721" lon="-115.769379">
        <ele>640.0</ele>
      </trkpt>
      <trkpt lat="48.4519" lon="-115.772369">
        <ele>634.8</ele>
      </trkpt>
      <trkpt lat="48.451023" lon="-115.774193">
        <ele>634.0</ele>
      </trkpt>
      <trkpt lat="48.449142" lon="-115.777161">
        <ele>631.5</ele>
      </trkpt>
      <trkpt lat="48.448307" lon="-115.779716">
        <ele>628.5</ele>
      </trkpt>
      <trkpt lat="48.44751" lon="-115.785324">
        <ele>614.8</ele>
      </trkpt>
      <trkpt lat="48.445511" lon="-115.796906">
        <ele>614.2</ele>
      </trkpt>
      <trkpt lat="48.444901" lon="-115.801849">
        <ele>612.4</ele>
      </trkpt>
      <trkpt lat="48.444794" lon="-115.804451">
        <ele>609.5</ele>
      </trkpt>
      <trkpt lat="48.445263" lon="-115.812248">
        <ele>606.0</ele>
      </trkpt>
      <trkpt lat="48.445148" lon="-115.81427">
        <ele>605.2</ele>
      </trkpt>
      <trkpt lat="48.444641" lon="-115.816269">
        <ele>604.0</ele>
      </trkpt>
      <trkpt lat="48.441868" lon="-115.82383">
        <ele>599.4</ele>
      </trkpt>
      <trkpt lat="48.440975" lon="-115.82682">
        <ele>598.5</ele>
      </trkpt>
      <trkpt lat="48.438671" lon="-115.84108">
        <ele>627.0</ele>
      </trkpt>
      <trkpt lat="48.437664" lon="-115.852486">
        <ele>648.5</ele>
      </trkpt>
      <trkpt lat="48.437405" lon="-115.852821">
        <ele>648.2</ele>
      </trkpt>
      <trkpt lat="48.436489" lon="-115.852516">
        <ele>649.2</ele>
      </trkpt>
      <trkpt lat="48.437309" lon="-115.852776">
        <ele>649.2</ele>
      </trkpt>
      <trkpt lat="48.437515" lon="-115.853134">
        <ele>647.8</ele>
      </trkpt>
      <trkpt lat="48.437286" lon="-115.858032">
        <ele>647.5</ele>
      </trkpt>
      <trkpt lat="48.437424" lon="-115.860184">
        <ele>646.5</ele>
      </trkpt>
      <trkpt lat="48.437927" lon="-115.862244">
        <ele>645.4</ele>
      </trkpt>
      <trkpt lat="48.439327" lon="-115.865631">
        <ele>641.5</ele>
      </trkpt>
      <trkpt lat="48.439156" lon="-115.865524">
        <ele>641.2</ele>
      </trkpt>
      <trkpt lat="48.437931" lon="-115.862564">
        <ele>643.5</ele>
      </trkpt>
      <trkpt lat="48.437351" lon="-115.860245">
        <ele>645.0</ele>
      </trkpt>
      <trkpt lat="48.437229" lon="-115.858032">
        <ele>646.2</ele>
      </trkpt>
      <trkpt lat="48.437469" lon="-115.852966">
        <ele>646.5</ele>
      </trkpt>
      <trkpt lat="48.437172" lon="-115.852707">
        <ele>647.2</ele>
      </trkpt>
      <trkpt lat="48.430767" lon="-115.850067">
        <ele>683.4</ele>
      </trkpt>
      <trkpt lat="48.429501" lon="-115.848717">
        <ele>688.0</ele>
      </trkpt>
      <trkpt lat="48.42878" lon="-115.847092">
        <ele>689.8</ele>
      </trkpt>
      <trkpt lat="48.428467" lon="-115.84494">
        <ele>692.2</ele>
      </trkpt>
      <trkpt lat="48.428425" lon="-115.825226">
        <ele>713.0</ele>
      </trkpt>
      <trkpt lat="48.428246" lon="-115.824112">
        <ele>713.2</ele>
      </trkpt>
      <trkpt lat="48.427845" lon="-115.823097">
        <ele>713.0</ele>
      </trkpt>
      <trkpt lat="48.427269" lon="-115.822311">
        <ele>712.4</ele>
      </trkpt>
      <trkpt lat="48.426567" lon="-115.821815">
        <ele>711.5</ele>
      </trkpt>
      <trkpt lat="48.425827" lon="-115.821632">
        <ele>710.2</ele>
      </trkpt>
      <trkpt lat="48.414463" lon="-115.821564">
        <ele>703.2</ele>
      </trkpt>
      <trkpt lat="48.40847" lon="-115.820366">
        <ele>711.0</ele>
      </trkpt>
      <trkpt lat="48.407528" lon="-115.820404">
        <ele>717.2</ele>
      </trkpt>
      <trkpt lat="48.40675" lon="-115.820709">
        <ele>722.5</ele>
      </trkpt>
      <trkpt lat="48.399181" lon="-115.825844">
        <ele>730.8</ele>
      </trkpt>
      <trkpt lat="48.39727" lon="-115.826965">
        <ele>731.0</ele>
      </trkpt>
      <trkpt lat="48.39624" lon="-115.827148">
        <ele>730.4</ele>
      </trkpt>
      <trkpt lat="48.391094" lon="-115.827164">
        <ele>725.8</ele>
      </trkpt>
      <trkpt lat="48.39032" lon="-115.826981">
        <ele>725.5</ele>
      </trkpt>
      <trkpt lat="48.388626" lon="-115.826057">
        <ele>724.2</ele>
      </trkpt>
      <trkpt lat="48.387417" lon="-115.826134">
        <ele>725.0</ele>
      </trkpt>
      <trkpt lat="48.386349" lon="-115.827019">
        <ele>725.8</ele>
      </trkpt>
      <trkpt lat="48.384472" lon="-115.830795">
        <ele>725.0</ele>
      </trkpt>
      <trkpt lat="48.383835" lon="-115.831619">
        <ele>725.2</ele>
      </trkpt>
      <trkpt lat="48.383041" lon="-115.832268">
        <ele>725.2</ele>
      </trkpt>
      <trkpt lat="48.380013" lon="-115.833382">
        <ele>731.2</ele>
      </trkpt>
      <trkpt lat="48.373917" lon="-115.83519">
        <ele>767.0</ele>
      </trkpt>
      <trkpt lat="48.370823" lon="-115.835793">
        <ele>774.0</ele>
      </trkpt>
    </trkseg>
  </trk>
</gpx>
