<?xml version="1.0"?>
<gpx version="1.1" creator="General Systems Corporation www.generalsystems.com" xmlns:xsi="http://www.w3.org/2001/XMLSchema-instance" xmlns="http://www.topografix.com/GPX/1/1" xsi:schemaLocation="http://www.topografix.com/GPX/1/1 http://www.topografix.com/GPX/1/1/gpx.xsd">
<metadata>
<name>Pine Creek Rail Trail</name>
<desc>Track and waypoints for the Pine Creek Rail Trail.</desc>
<copyright author="Rails-to-Trails Conservancy">
<year>2026</year>
<license>http://www.traillink.com/gpxtermsuse.aspx</license>
</copyright>
<link href="http://www.traillink.com">
<text>TrailLink.com</text>
</link>
<time>2026-05-20T20:44:48</time>
<keywords>Pine Creek Rail Trail gpx traillink trails</keywords>
<bounds maxlat="90.0" maxlon="179.9" minlat="-90.0" minlon="-180.0"/>
</metadata>
<wpt lat="41.751212884" lon="-77.292395492">
<name>Parking</name>
</wpt>
<wpt lat="41.309071911" lon="-77.363860006">
<name>Parking</name>
</wpt>
<wpt lat="41.205300353" lon="-77.265412997">
<name>Parking</name>
</wpt>
<wpt lat="41.201830782" lon="-77.279131198">
<name>Parking</name>
</wpt>
<wpt lat="41.540542002" lon="-77.405340084">
<name>Parking</name>
</wpt>
<wpt lat="41.221310135" lon="-77.319805546">
<name>Parking</name>
</wpt>
<wpt lat="41.647564207" lon="-77.450936504">
<name>Parking</name>
</wpt>
<wpt lat="41.556204804" lon="-77.381896444">
<name>Parking</name>
</wpt>
<wpt lat="41.78864675" lon="-77.309459495">
<name>Parking</name>
</wpt>
<wpt lat="41.31237549" lon="-77.377982231">
<name>Parking</name>
</wpt>
<wpt lat="41.736556047" lon="-77.42919418">
<name>Parking</name>
</wpt>
<wpt lat="41.420640964" lon="-77.488728293">
<name>Parking</name>
</wpt>
<wpt lat="41.439194811" lon="-77.511523529">
<name>Parking</name>
</wpt>
<wpt lat="41.448189173" lon="-77.517858844">
<name>Parking</name>
</wpt>
<wpt lat="41.471329431" lon="-77.502237683">
<name>Parking</name>
</wpt>
<wpt lat="41.284502001" lon="-77.324704508">
<name>Parking</name>
</wpt>
<wpt lat="41.752465573" lon="-77.423525966">
<name>Parking</name>
</wpt>
<wpt lat="41.739540096" lon="-77.432918042">
<name>Parking</name>
</wpt>
<wpt lat="41.75131041" lon="-77.295307069">
<name>Endpoint</name>
</wpt>
<wpt lat="41.205554276" lon="-77.265008941">
<name>Endpoint</name>
</wpt>
<wpt lat="41.736306204" lon="-77.429116847">
<name>Restroom</name>
</wpt>
<wpt lat="41.647564207" lon="-77.450401126">
<name>Restroom</name>
</wpt>
<wpt lat="41.555978755" lon="-77.381658498">
<name>Restroom</name>
</wpt>
<wpt lat="41.540294388" lon="-77.405914856">
<name>Restroom</name>
</wpt>
<wpt lat="41.497925856" lon="-77.476384839">
<name>Restroom</name>
</wpt>
<wpt lat="41.448308146" lon="-77.517537617">
<name>Restroom</name>
</wpt>
<wpt lat="41.4448819" lon="-77.517914213">
<name>Restroom</name>
</wpt>
<wpt lat="41.395728008" lon="-77.45753356">
<name>Restroom</name>
</wpt>
<wpt lat="41.342731464" lon="-77.393805647">
<name>Restroom</name>
</wpt>
<wpt lat="41.278564563" lon="-77.320413509">
<name>Restroom</name>
</wpt>
<wpt lat="41.201268089" lon="-77.281370021">
<name>Restroom</name>
</wpt>
<wpt lat="41.778036233" lon="-77.385144154">
<name>Restroom</name>
</wpt>
<wpt lat="41.738967944" lon="-77.433055115">
<name>Restroom</name>
</wpt>
<wpt lat="41.546120549" lon="-77.389540711">
<name>Restroom</name>
</wpt>
<wpt lat="41.78871894" lon="-77.309726262">
<name>Restroom</name>
</wpt>
<wpt lat="41.221549667" lon="-77.320292453">
<name>Restroom</name>
</wpt>
<wpt lat="41.309250446" lon="-77.364435191">
<name>Restroom</name>
</wpt>
<wpt lat="41.736341896" lon="-77.429366691">
<name>Trailhead</name>
</wpt>
<wpt lat="41.556145317" lon="-77.380801892">
<name>Trailhead</name>
</wpt>
<wpt lat="41.471150972" lon="-77.50172015">
<name>Trailhead</name>
</wpt>
<wpt lat="41.448385479" lon="-77.517513822">
<name>Trailhead</name>
</wpt>
<wpt lat="41.205532818" lon="-77.265622155">
<name>Trailhead</name>
</wpt>
<wpt lat="41.312678872" lon="-77.378315356">
<name>Trailhead</name>
</wpt>
<wpt lat="41.221384903" lon="-77.320244611">
<name>Trailhead</name>
</wpt>
<wpt lat="41.201569573" lon="-77.280294956">
<name>Trailhead</name>
</wpt>
<wpt lat="41.788829933" lon="-77.309654839">
<name>Trailhead</name>
</wpt>
<wpt lat="41.420795629" lon="-77.488656909">
<name>Trailhead</name>
</wpt>
<trk><trkseg><trkpt lat="41.75131041" lon="-77.295307069">
</trkpt>
<trkpt lat="41.751510375" lon="-77.295325496">
</trkpt>
<trkpt lat="41.751551158" lon="-77.295323119">
</trkpt>
<trkpt lat="41.751588395" lon="-77.295311235">
</trkpt>
<trkpt lat="41.751623859" lon="-77.295289844">
</trkpt>
<trkpt lat="41.752148718" lon="-77.294771702">
</trkpt>
<trkpt lat="41.75220546" lon="-77.294866774">
</trkpt>
<trkpt lat="41.752635158" lon="-77.295657599">
</trkpt>
<trkpt lat="41.752914597" lon="-77.296116669">
</trkpt>
<trkpt lat="41.753231854" lon="-77.296671938">
</trkpt>
<trkpt lat="41.753448437" lon="-77.29708908">
</trkpt>
<trkpt lat="41.753553052" lon="-77.297253079">
</trkpt>
<trkpt lat="41.753652347" lon="-77.297398063">
</trkpt>
<trkpt lat="41.753765827" lon="-77.297528787">
</trkpt>
<trkpt lat="41.753893492" lon="-77.297654757">
</trkpt>
<trkpt lat="41.754072577" lon="-77.297811626">
</trkpt>
<trkpt lat="41.754223291" lon="-77.29793522">
</trkpt>
<trkpt lat="41.754352728" lon="-77.298032668">
</trkpt>
<trkpt lat="41.754503442" lon="-77.298137247">
</trkpt>
<trkpt lat="41.754648836" lon="-77.298227566">
</trkpt>
<trkpt lat="41.754790684" lon="-77.298296493">
</trkpt>
<trkpt lat="41.754928985" lon="-77.298353536">
</trkpt>
<trkpt lat="41.755061967" lon="-77.298396318">
</trkpt>
<trkpt lat="41.755196721" lon="-77.298441477">
</trkpt>
<trkpt lat="41.755366937" lon="-77.298481883">
</trkpt>
<trkpt lat="41.755519422" lon="-77.298505651">
</trkpt>
<trkpt lat="41.755670133" lon="-77.298515158">
</trkpt>
<trkpt lat="41.755803113" lon="-77.298519912">
</trkpt>
<trkpt lat="41.755944958" lon="-77.298517535">
</trkpt>
<trkpt lat="41.756072619" lon="-77.298510404">
</trkpt>
<trkpt lat="41.756218547" lon="-77.298498993">
</trkpt>
<trkpt lat="41.756355322" lon="-77.298475384">
</trkpt>
<trkpt lat="41.756375811" lon="-77.298469999">
</trkpt>
<trkpt lat="41.756632903" lon="-77.298386811">
</trkpt>
<trkpt lat="41.757400626" lon="-77.298108726">
</trkpt>
<trkpt lat="41.757551333" lon="-77.298080204">
</trkpt>
<trkpt lat="41.757716224" lon="-77.29806119">
</trkpt>
<trkpt lat="41.757854519" lon="-77.298051683">
</trkpt>
<trkpt lat="41.758058415" lon="-77.298065943">
</trkpt>
<trkpt lat="41.758212666" lon="-77.298070697">
</trkpt>
<trkpt lat="41.758354506" lon="-77.298092088">
</trkpt>
<trkpt lat="41.758625773" lon="-77.298139624">
</trkpt>
<trkpt lat="41.759297733" lon="-77.298275102">
</trkpt>
<trkpt lat="41.760067197" lon="-77.29843197">
</trkpt>
<trkpt lat="41.761097272" lon="-77.29861736">
</trkpt>
<trkpt lat="41.761271018" lon="-77.298655389">
</trkpt>
<trkpt lat="41.761467812" lon="-77.298705302">
</trkpt>
<trkpt lat="41.761678788" lon="-77.298767099">
</trkpt>
<trkpt lat="41.761829484" lon="-77.298812258">
</trkpt>
<trkpt lat="41.762047551" lon="-77.298895446">
</trkpt>
<trkpt lat="41.762242569" lon="-77.29897388">
</trkpt>
<trkpt lat="41.762403901" lon="-77.299035677">
</trkpt>
<trkpt lat="41.762650332" lon="-77.299178284">
</trkpt>
<trkpt lat="41.762825847" lon="-77.299297124">
</trkpt>
<trkpt lat="41.7630315" lon="-77.299449239">
</trkpt>
<trkpt lat="41.763194603" lon="-77.299568079">
</trkpt>
<trkpt lat="41.763322249" lon="-77.299675035">
</trkpt>
<trkpt lat="41.763456986" lon="-77.299805759">
</trkpt>
<trkpt lat="41.76357754" lon="-77.299926976">
</trkpt>
<trkpt lat="41.763740642" lon="-77.300086221">
</trkpt>
<trkpt lat="41.763925018" lon="-77.300269234">
</trkpt>
<trkpt lat="41.764143078" lon="-77.300485523">
</trkpt>
<trkpt lat="41.764368227" lon="-77.300708942">
</trkpt>
<trkpt lat="41.76472102" lon="-77.301060708">
</trkpt>
<trkpt lat="41.764882346" lon="-77.301210446">
</trkpt>
<trkpt lat="41.765075583" lon="-77.301405344">
</trkpt>
<trkpt lat="41.765309593" lon="-77.301643023">
</trkpt>
<trkpt lat="41.766063031" lon="-77.302386961">
</trkpt>
<trkpt lat="41.767181647" lon="-77.303487418">
</trkpt>
<trkpt lat="41.768034336" lon="-77.304331181">
</trkpt>
<trkpt lat="41.769172417" lon="-77.305457783">
</trkpt>
<trkpt lat="41.769597863" lon="-77.305868969">
</trkpt>
<trkpt lat="41.769794631" lon="-77.306049605">
</trkpt>
<trkpt lat="41.769968354" lon="-77.306189836">
</trkpt>
<trkpt lat="41.770182847" lon="-77.306356212">
</trkpt>
<trkpt lat="41.770368977" lon="-77.30649169">
</trkpt>
<trkpt lat="41.770602968" lon="-77.306646182">
</trkpt>
<trkpt lat="41.77082455" lon="-77.306781659">
</trkpt>
<trkpt lat="41.771024859" lon="-77.306895745">
</trkpt>
<trkpt lat="41.77121276" lon="-77.306995571">
</trkpt>
<trkpt lat="41.771390024" lon="-77.307083512">
</trkpt>
<trkpt lat="41.771567287" lon="-77.307164323">
</trkpt>
<trkpt lat="41.771819" lon="-77.307261772">
</trkpt>
<trkpt lat="41.772061849" lon="-77.30734496">
</trkpt>
<trkpt lat="41.772295834" lon="-77.307416264">
</trkpt>
<trkpt lat="41.772632629" lon="-77.307520843">
</trkpt>
<trkpt lat="41.773088187" lon="-77.307658697">
</trkpt>
<trkpt lat="41.773767085" lon="-77.307858348">
</trkpt>
<trkpt lat="41.774547011" lon="-77.308091274">
</trkpt>
<trkpt lat="41.775316292" lon="-77.308314693">
</trkpt>
<trkpt lat="41.775723973" lon="-77.30843591">
</trkpt>
<trkpt lat="41.775973897" lon="-77.308509591">
</trkpt>
<trkpt lat="41.776197233" lon="-77.308573764">
</trkpt>
<trkpt lat="41.776431203" lon="-77.308637938">
</trkpt>
<trkpt lat="41.776760886" lon="-77.308721126">
</trkpt>
<trkpt lat="41.776957632" lon="-77.308766285">
</trkpt>
<trkpt lat="41.777122473" lon="-77.308792429">
</trkpt>
<trkpt lat="41.777266043" lon="-77.308816197">
</trkpt>
<trkpt lat="41.777391889" lon="-77.308830458">
</trkpt>
<trkpt lat="41.777521279" lon="-77.308839965">
</trkpt>
<trkpt lat="41.777686118" lon="-77.308854226">
</trkpt>
<trkpt lat="41.777868682" lon="-77.30885898">
</trkpt>
<trkpt lat="41.778038837" lon="-77.30885898">
</trkpt>
<trkpt lat="41.778210765" lon="-77.308854226">
</trkpt>
<trkpt lat="41.778370285" lon="-77.308839965">
</trkpt>
<trkpt lat="41.77851208" lon="-77.308828081">
</trkpt>
<trkpt lat="41.778669827" lon="-77.308811444">
</trkpt>
<trkpt lat="41.778829346" lon="-77.308792429">
</trkpt>
<trkpt lat="41.779065079" lon="-77.308761531">
</trkpt>
<trkpt lat="41.779265363" lon="-77.308721126">
</trkpt>
<trkpt lat="41.779511728" lon="-77.308659329">
</trkpt>
<trkpt lat="41.779649976" lon="-77.3086213">
</trkpt>
<trkpt lat="41.779795313" lon="-77.308578518">
</trkpt>
<trkpt lat="41.779949512" lon="-77.308528605">
</trkpt>
<trkpt lat="41.78011789" lon="-77.308466808">
</trkpt>
<trkpt lat="41.78028804" lon="-77.308402635">
</trkpt>
<trkpt lat="41.780442238" lon="-77.308331331">
</trkpt>
<trkpt lat="41.780621248" lon="-77.308241013">
</trkpt>
<trkpt lat="41.780887105" lon="-77.308107912">
</trkpt>
<trkpt lat="41.781417042" lon="-77.307801305">
</trkpt>
<trkpt lat="41.781760879" lon="-77.307608784">
</trkpt>
<trkpt lat="41.782670088" lon="-77.307059744">
</trkpt>
<trkpt lat="41.783816772" lon="-77.306360966">
</trkpt>
<trkpt lat="41.784688734" lon="-77.305826186">
</trkpt>
<trkpt lat="41.784819882" lon="-77.305766767">
</trkpt>
<trkpt lat="41.784947485" lon="-77.305714477">
</trkpt>
<trkpt lat="41.785078632" lon="-77.305662187">
</trkpt>
<trkpt lat="41.785190284" lon="-77.305628912">
</trkpt>
<trkpt lat="41.785351559" lon="-77.305576623">
</trkpt>
<trkpt lat="41.785477389" lon="-77.305543348">
</trkpt>
<trkpt lat="41.785619168" lon="-77.305510072">
</trkpt>
<trkpt lat="41.785713097" lon="-77.305500565">
</trkpt>
<trkpt lat="41.785824748" lon="-77.305498188">
</trkpt>
<trkpt lat="41.785941715" lon="-77.305498188">
</trkpt>
<trkpt lat="41.786058683" lon="-77.305507696">
</trkpt>
<trkpt lat="41.786141978" lon="-77.305529087">
</trkpt>
<trkpt lat="41.786214639" lon="-77.305555232">
</trkpt>
<trkpt lat="41.786289072" lon="-77.305590884">
</trkpt>
<trkpt lat="41.786448572" lon="-77.305655057">
</trkpt>
<trkpt lat="41.786682505" lon="-77.305759636">
</trkpt>
<trkpt lat="41.786792382" lon="-77.305809549">
</trkpt>
<trkpt lat="41.78687922" lon="-77.305857085">
</trkpt>
<trkpt lat="41.786955425" lon="-77.305911751">
</trkpt>
<trkpt lat="41.787059985" lon="-77.305994939">
</trkpt>
<trkpt lat="41.787166317" lon="-77.306106649">
</trkpt>
<trkpt lat="41.787263788" lon="-77.306213604">
</trkpt>
<trkpt lat="41.787393159" lon="-77.306365719">
</trkpt>
<trkpt lat="41.787504807" lon="-77.306503574">
</trkpt>
<trkpt lat="41.787598733" lon="-77.306634298">
</trkpt>
<trkpt lat="41.787678481" lon="-77.306750761">
</trkpt>
<trkpt lat="41.78775823" lon="-77.306879108">
</trkpt>
<trkpt lat="41.787822028" lon="-77.306993194">
</trkpt>
<trkpt lat="41.787876966" lon="-77.307102527">
</trkpt>
<trkpt lat="41.787933676" lon="-77.30721899">
</trkpt>
<trkpt lat="41.787979752" lon="-77.307328322">
</trkpt>
<trkpt lat="41.788025829" lon="-77.307442409">
</trkpt>
<trkpt lat="41.78807545" lon="-77.307587393">
</trkpt>
<trkpt lat="41.788107349" lon="-77.307694349">
</trkpt>
<trkpt lat="41.788180008" lon="-77.307927275">
</trkpt>
<trkpt lat="41.788579842" lon="-77.309135085">
</trkpt>
<trkpt lat="41.788934273" lon="-77.310287831">
</trkpt>
<trkpt lat="41.78932193" lon="-77.311574273">
</trkpt>
<trkpt lat="41.789645345" lon="-77.312664629">
</trkpt>
<trkpt lat="41.790044074" lon="-77.314019403">
</trkpt>
<trkpt lat="41.790440584" lon="-77.315347439">
</trkpt>
<trkpt lat="41.790677604" lon="-77.316146637">
</trkpt>
<trkpt lat="41.791131703" lon="-77.317635106">
</trkpt>
<trkpt lat="41.791572509" lon="-77.319111691">
</trkpt>
<trkpt lat="41.792026603" lon="-77.320594219">
</trkpt>
<trkpt lat="41.792651253" lon="-77.322682829">
</trkpt>
<trkpt lat="41.792992371" lon="-77.323791011">
</trkpt>
<trkpt lat="41.793628087" lon="-77.325861796">
</trkpt>
<trkpt lat="41.794308097" lon="-77.328116782">
</trkpt>
<trkpt lat="41.794775461" lon="-77.329685468">
</trkpt>
<trkpt lat="41.795094418" lon="-77.330766911">
</trkpt>
<trkpt lat="41.795238392" lon="-77.331269009">
</trkpt>
<trkpt lat="41.79535357" lon="-77.331676036">
</trkpt>
<trkpt lat="41.795400084" lon="-77.331869151">
</trkpt>
<trkpt lat="41.795446598" lon="-77.332097917">
</trkpt>
<trkpt lat="41.795484253" lon="-77.332323713">
</trkpt>
<trkpt lat="41.795510832" lon="-77.332525741">
</trkpt>
<trkpt lat="41.795532982" lon="-77.332748566">
</trkpt>
<trkpt lat="41.795548487" lon="-77.332983274">
</trkpt>
<trkpt lat="41.795559562" lon="-77.333229867">
</trkpt>
<trkpt lat="41.795559562" lon="-77.333550735">
</trkpt>
<trkpt lat="41.795541842" lon="-77.33386566">
</trkpt>
<trkpt lat="41.795523463" lon="-77.334187866">
</trkpt>
<trkpt lat="41.795518216" lon="-77.334230098">
</trkpt>
<trkpt lat="41.795496952" lon="-77.334377459">
</trkpt>
<trkpt lat="41.795472145" lon="-77.334534329">
</trkpt>
<trkpt lat="41.795458376" lon="-77.334612307">
</trkpt>
<trkpt lat="41.79540481" lon="-77.334862326">
</trkpt>
<trkpt lat="41.795347461" lon="-77.335113739">
</trkpt>
<trkpt lat="41.795326843" lon="-77.335190324">
</trkpt>
<trkpt lat="41.795280772" lon="-77.335351946">
</trkpt>
<trkpt lat="41.7952347" lon="-77.335489801">
</trkpt>
<trkpt lat="41.795181541" lon="-77.335646669">
</trkpt>
<trkpt lat="41.795131925" lon="-77.33577977">
</trkpt>
<trkpt lat="41.795078766" lon="-77.335908117">
</trkpt>
<trkpt lat="41.795025607" lon="-77.336026957">
</trkpt>
<trkpt lat="41.794961815" lon="-77.336169565">
</trkpt>
<trkpt lat="41.79489448" lon="-77.336312173">
</trkpt>
<trkpt lat="41.794837776" lon="-77.336426259">
</trkpt>
<trkpt lat="41.794752721" lon="-77.336578374">
</trkpt>
<trkpt lat="41.794671209" lon="-77.336716228">
</trkpt>
<trkpt lat="41.794568433" lon="-77.336882604">
</trkpt>
<trkpt lat="41.794472745" lon="-77.337025212">
</trkpt>
<trkpt lat="41.794355794" lon="-77.337177327">
</trkpt>
<trkpt lat="41.794238841" lon="-77.337324688">
</trkpt>
<trkpt lat="41.794153785" lon="-77.337429267">
</trkpt>
<trkpt lat="41.794054552" lon="-77.3375386">
</trkpt>
<trkpt lat="41.7939376" lon="-77.337647933">
</trkpt>
<trkpt lat="41.793841911" lon="-77.337738251">
</trkpt>
<trkpt lat="41.793724958" lon="-77.33784283">
</trkpt>
<trkpt lat="41.793583196" lon="-77.337980685">
</trkpt>
<trkpt lat="41.793416626" lon="-77.338123292">
</trkpt>
<trkpt lat="41.793200438" lon="-77.338308682">
</trkpt>
<trkpt lat="41.792972227" lon="-77.338507955">
</trkpt>
<trkpt lat="41.792340863" lon="-77.33907501">
</trkpt>
<trkpt lat="41.791180876" lon="-77.340104127">
</trkpt>
<trkpt lat="41.788896594" lon="-77.342085029">
</trkpt>
<trkpt lat="41.787391585" lon="-77.343435373">
</trkpt>
<trkpt lat="41.784637358" lon="-77.34583268">
</trkpt>
<trkpt lat="41.784398778" lon="-77.346024871">
</trkpt>
<trkpt lat="41.783860678" lon="-77.346428851">
</trkpt>
<trkpt lat="41.783265186" lon="-77.346903022">
</trkpt>
<trkpt lat="41.782885024" lon="-77.34721676">
</trkpt>
<trkpt lat="41.782066208" lon="-77.347844234">
</trkpt>
<trkpt lat="41.781322494" lon="-77.348475206">
</trkpt>
<trkpt lat="41.780800744" lon="-77.348878141">
</trkpt>
<trkpt lat="41.780109514" lon="-77.349521065">
</trkpt>
<trkpt lat="41.779801559" lon="-77.349788454">
</trkpt>
<trkpt lat="41.77960881" lon="-77.350008308">
</trkpt>
<trkpt lat="41.779079301" lon="-77.350602507">
</trkpt>
<trkpt lat="41.77876691" lon="-77.351003592">
</trkpt>
<trkpt lat="41.778392601" lon="-77.351560962">
</trkpt>
<trkpt lat="41.77831989" lon="-77.351674256">
</trkpt>
<trkpt lat="41.77801056" lon="-77.352191789">
</trkpt>
<trkpt lat="41.77774287" lon="-77.352691476">
</trkpt>
<trkpt lat="41.777592069" lon="-77.353009835">
</trkpt>
<trkpt lat="41.777171701" lon="-77.354051834">
</trkpt>
<trkpt lat="41.776990022" lon="-77.354580672">
</trkpt>
<trkpt lat="41.776775108" lon="-77.355338276">
</trkpt>
<trkpt lat="41.776608937" lon="-77.356083996">
</trkpt>
<trkpt lat="41.776544685" lon="-77.356458342">
</trkpt>
<trkpt lat="41.776498157" lon="-77.356725731">
</trkpt>
<trkpt lat="41.776407316" lon="-77.357420945">
</trkpt>
<trkpt lat="41.776369651" lon="-77.357926014">
</trkpt>
<trkpt lat="41.776345279" lon="-77.358294418">
</trkpt>
<trkpt lat="41.776334201" lon="-77.358674705">
</trkpt>
<trkpt lat="41.776331874" lon="-77.359482988">
</trkpt>
<trkpt lat="41.77633304" lon="-77.359538375">
</trkpt>
<trkpt lat="41.776392526" lon="-77.360430673">
</trkpt>
<trkpt lat="41.776648318" lon="-77.363541818">
</trkpt>
<trkpt lat="41.776737548" lon="-77.364624473">
</trkpt>
<trkpt lat="41.776826778" lon="-77.365909381">
</trkpt>
<trkpt lat="41.777076621" lon="-77.368770683">
</trkpt>
<trkpt lat="41.777148005" lon="-77.369621341">
</trkpt>
<trkpt lat="41.777266978" lon="-77.371138247">
</trkpt>
<trkpt lat="41.777439489" lon="-77.373190532">
</trkpt>
<trkpt lat="41.777475599" lon="-77.373708111">
</trkpt>
<trkpt lat="41.777583801" lon="-77.374897654">
</trkpt>
<trkpt lat="41.777682172" lon="-77.375903039">
</trkpt>
<trkpt lat="41.777796496" lon="-77.3772899">
</trkpt>
<trkpt lat="41.777873306" lon="-77.378281063">
</trkpt>
<trkpt lat="41.777900575" lon="-77.378656015">
</trkpt>
<trkpt lat="41.777979945" lon="-77.379496756">
</trkpt>
<trkpt lat="41.777998556" lon="-77.37965719">
</trkpt>
<trkpt lat="41.778046412" lon="-77.380373795">
</trkpt>
<trkpt lat="41.778059706" lon="-77.381072573">
</trkpt>
<trkpt lat="41.778088951" lon="-77.382331087">
</trkpt>
<trkpt lat="41.778094269" lon="-77.383079778">
</trkpt>
<trkpt lat="41.778067682" lon="-77.383889078">
</trkpt>
<trkpt lat="41.778001334" lon="-77.385001147">
</trkpt>
<trkpt lat="41.777937406" lon="-77.386277759">
</trkpt>
<trkpt lat="41.77784967" lon="-77.387104885">
</trkpt>
<trkpt lat="41.777815107" lon="-77.387436448">
</trkpt>
<trkpt lat="41.777684831" lon="-77.38848105">
</trkpt>
<trkpt lat="41.777660903" lon="-77.388684266">
</trkpt>
<trkpt lat="41.777547191" lon="-77.389333298">
</trkpt>
<trkpt lat="41.777540616" lon="-77.389376815">
</trkpt>
<trkpt lat="41.777308619" lon="-77.390620084">
</trkpt>
<trkpt lat="41.777203727" lon="-77.391152032">
</trkpt>
<trkpt lat="41.777087086" lon="-77.391663028">
</trkpt>
<trkpt lat="41.777033912" lon="-77.391900708">
</trkpt>
<trkpt lat="41.776984283" lon="-77.392109865">
</trkpt>
<trkpt lat="41.776941743" lon="-77.392285749">
</trkpt>
<trkpt lat="41.776906294" lon="-77.392428356">
</trkpt>
<trkpt lat="41.776876919" lon="-77.39255984">
</trkpt>
<trkpt lat="41.776852949" lon="-77.392662639">
</trkpt>
<trkpt lat="41.776637885" lon="-77.393489102">
</trkpt>
<trkpt lat="41.776351294" lon="-77.394466442">
</trkpt>
<trkpt lat="41.776285448" lon="-77.394687074">
</trkpt>
<trkpt lat="41.776196221" lon="-77.394956651">
</trkpt>
<trkpt lat="41.775970172" lon="-77.395658592">
</trkpt>
<trkpt lat="41.775458588" lon="-77.397074371">
</trkpt>
<trkpt lat="41.775297974" lon="-77.397508623">
</trkpt>
<trkpt lat="41.774887517" lon="-77.398436613">
</trkpt>
<trkpt lat="41.774494906" lon="-77.399293219">
</trkpt>
<trkpt lat="41.774197473" lon="-77.399935673">
</trkpt>
<trkpt lat="41.773948856" lon="-77.400451673">
</trkpt>
<trkpt lat="41.77376555" lon="-77.400802106">
</trkpt>
<trkpt lat="41.773555019" lon="-77.40118489">
</trkpt>
<trkpt lat="41.773156459" lon="-77.401898728">
</trkpt>
<trkpt lat="41.772811437" lon="-77.402481696">
</trkpt>
<trkpt lat="41.772638927" lon="-77.402761283">
</trkpt>
<trkpt lat="41.772085702" lon="-77.403635735">
</trkpt>
<trkpt lat="41.771586015" lon="-77.404385265">
</trkpt>
<trkpt lat="41.771110123" lon="-77.405015822">
</trkpt>
<trkpt lat="41.770800793" lon="-77.405450074">
</trkpt>
<trkpt lat="41.770718502" lon="-77.4055503">
</trkpt>
<trkpt lat="41.770347768" lon="-77.406018883">
</trkpt>
<trkpt lat="41.769964872" lon="-77.40650375">
</trkpt>
<trkpt lat="41.769567791" lon="-77.406974355">
</trkpt>
<trkpt lat="41.769167162" lon="-77.407454469">
</trkpt>
<trkpt lat="41.768647726" lon="-77.408055466">
</trkpt>
<trkpt lat="41.768409435" lon="-77.408341119">
</trkpt>
<trkpt lat="41.767374369" lon="-77.40948326">
</trkpt>
<trkpt lat="41.766327406" lon="-77.410708683">
</trkpt>
<trkpt lat="41.76564926" lon="-77.411517699">
</trkpt>
<trkpt lat="41.764441684" lon="-77.412891838">
</trkpt>
<trkpt lat="41.764001483" lon="-77.413385576">
</trkpt>
<trkpt lat="41.763602924" lon="-77.41376629">
</trkpt>
<trkpt lat="41.763109185" lon="-77.41420649">
</trkpt>
<trkpt lat="41.762210939" lon="-77.415033353">
</trkpt>
<trkpt lat="41.76157115" lon="-77.415569824">
</trkpt>
<trkpt lat="41.761143432" lon="-77.41597291">
</trkpt>
<trkpt lat="41.760806576" lon="-77.416286647">
</trkpt>
<trkpt lat="41.76013286" lon="-77.416899861">
</trkpt>
<trkpt lat="41.759686075" lon="-77.417299163">
</trkpt>
<trkpt lat="41.759292477" lon="-77.417660437">
</trkpt>
<trkpt lat="41.758998163" lon="-77.417921884">
</trkpt>
<trkpt lat="41.758682573" lon="-77.418211853">
</trkpt>
<trkpt lat="41.758370526" lon="-77.418497069">
</trkpt>
<trkpt lat="41.758058478" lon="-77.418791792">
</trkpt>
<trkpt lat="41.757689692" lon="-77.419129297">
</trkpt>
<trkpt lat="41.757288989" lon="-77.419500078">
</trkpt>
<trkpt lat="41.756292541" lon="-77.420408014">
</trkpt>
<trkpt lat="41.755884737" lon="-77.420778794">
</trkpt>
<trkpt lat="41.755668423" lon="-77.420983199">
</trkpt>
<trkpt lat="41.75548757" lon="-77.421144821">
</trkpt>
<trkpt lat="41.755320901" lon="-77.421292182">
</trkpt>
<trkpt lat="41.7550904" lon="-77.421491834">
</trkpt>
<trkpt lat="41.754909545" lon="-77.421643948">
</trkpt>
<trkpt lat="41.754728689" lon="-77.421786557">
</trkpt>
<trkpt lat="41.754530102" lon="-77.421943425">
</trkpt>
<trkpt lat="41.754299599" lon="-77.422124062">
</trkpt>
<trkpt lat="41.754150657" lon="-77.422228641">
</trkpt>
<trkpt lat="41.753976892" lon="-77.422356988">
</trkpt>
<trkpt lat="41.75374284" lon="-77.422523364">
</trkpt>
<trkpt lat="41.753366936" lon="-77.422799072">
</trkpt>
<trkpt lat="41.753040679" lon="-77.423027244">
</trkpt>
<trkpt lat="41.75274279" lon="-77.423231649">
</trkpt>
<trkpt lat="41.752154101" lon="-77.423645211">
</trkpt>
<trkpt lat="41.751445077" lon="-77.424134639">
</trkpt>
<trkpt lat="41.750927658" lon="-77.424469408">
</trkpt>
<trkpt lat="41.750789526" lon="-77.424551197">
</trkpt>
<trkpt lat="41.750515888" lon="-77.424705862">
</trkpt>
<trkpt lat="41.750051893" lon="-77.424931911">
</trkpt>
<trkpt lat="41.749433234" lon="-77.425217446">
</trkpt>
<trkpt lat="41.748219708" lon="-77.425752825">
</trkpt>
<trkpt lat="41.747455812" lon="-77.426040389">
</trkpt>
<trkpt lat="41.746216265" lon="-77.42659656">
</trkpt>
<trkpt lat="41.745858078" lon="-77.426800362">
</trkpt>
<trkpt lat="41.744976694" lon="-77.427209773">
</trkpt>
<trkpt lat="41.744119688" lon="-77.427533264">
</trkpt>
<trkpt lat="41.743626921" lon="-77.427747596">
</trkpt>
<trkpt lat="41.743399571" lon="-77.42786479">
</trkpt>
<trkpt lat="41.743078559" lon="-77.428050761">
</trkpt>
<trkpt lat="41.742893952" lon="-77.428170634">
</trkpt>
<trkpt lat="41.742776906" lon="-77.428246691">
</trkpt>
<trkpt lat="41.742645672" lon="-77.428341763">
</trkpt>
<trkpt lat="41.742510891" lon="-77.428451096">
</trkpt>
<trkpt lat="41.742390298" lon="-77.428541414">
</trkpt>
<trkpt lat="41.742181032" lon="-77.428698283">
</trkpt>
<trkpt lat="41.742056891" lon="-77.428779094">
</trkpt>
<trkpt lat="41.741922109" lon="-77.428859905">
</trkpt>
<trkpt lat="41.741677372" lon="-77.428988252">
</trkpt>
<trkpt lat="41.741546136" lon="-77.429045295">
</trkpt>
<trkpt lat="41.7414149" lon="-77.429092831">
</trkpt>
<trkpt lat="41.741280116" lon="-77.42913086">
</trkpt>
<trkpt lat="41.741131145" lon="-77.429168888">
</trkpt>
<trkpt lat="41.740975079" lon="-77.429206918">
</trkpt>
<trkpt lat="41.740737433" lon="-77.429259207">
</trkpt>
<trkpt lat="41.740450128" lon="-77.42931625">
</trkpt>
<trkpt lat="41.740219574" lon="-77.429363786">
</trkpt>
<trkpt lat="41.739971283" lon="-77.429401815">
</trkpt>
<trkpt lat="41.739652052" lon="-77.429439844">
</trkpt>
<trkpt lat="41.739332819" lon="-77.429477872">
</trkpt>
<trkpt lat="41.738832684" lon="-77.429515901">
</trkpt>
<trkpt lat="41.738272244" lon="-77.429577698">
</trkpt>
<trkpt lat="41.737846591" lon="-77.429625233">
</trkpt>
<trkpt lat="41.737718894" lon="-77.429634741">
</trkpt>
<trkpt lat="41.737591197" lon="-77.429644248">
</trkpt>
<trkpt lat="41.737456405" lon="-77.429644248">
</trkpt>
<trkpt lat="41.737300331" lon="-77.429639494">
</trkpt>
<trkpt lat="41.737144256" lon="-77.429629987">
</trkpt>
<trkpt lat="41.737020105" lon="-77.42962048">
</trkpt>
<trkpt lat="41.736899501" lon="-77.42960622">
</trkpt>
<trkpt lat="41.736789539" lon="-77.429587205">
</trkpt>
<trkpt lat="41.73666184" lon="-77.429558684">
</trkpt>
<trkpt lat="41.736541235" lon="-77.429525408">
</trkpt>
<trkpt lat="41.736409988" lon="-77.429482626">
</trkpt>
<trkpt lat="41.736214892" lon="-77.429416076">
</trkpt>
<trkpt lat="41.735903335" lon="-77.429309028">
</trkpt>
<trkpt lat="41.735739436" lon="-77.429256581">
</trkpt>
<trkpt lat="41.735049299" lon="-77.428993365">
</trkpt>
<trkpt lat="41.734728591" lon="-77.428878919">
</trkpt>
<trkpt lat="41.734061696" lon="-77.428617472">
</trkpt>
<trkpt lat="41.733529594" lon="-77.42841782">
</trkpt>
<trkpt lat="41.733040056" lon="-77.428256198">
</trkpt>
<trkpt lat="41.732933634" lon="-77.42821817">
</trkpt>
<trkpt lat="41.732827211" lon="-77.428189648">
</trkpt>
<trkpt lat="41.7327066" lon="-77.428170634">
</trkpt>
<trkpt lat="41.732585988" lon="-77.428156373">
</trkpt>
<trkpt lat="41.732461828" lon="-77.428151619">
</trkpt>
<trkpt lat="41.732305741" lon="-77.428146866">
</trkpt>
<trkpt lat="41.732149654" lon="-77.428146866">
</trkpt>
<trkpt lat="41.732039683" lon="-77.428156373">
</trkpt>
<trkpt lat="41.731922618" lon="-77.428175388">
</trkpt>
<trkpt lat="41.731787814" lon="-77.428203909">
</trkpt>
<trkpt lat="41.731660106" lon="-77.428232431">
</trkpt>
<trkpt lat="41.731528849" lon="-77.428270459">
</trkpt>
<trkpt lat="41.731390497" lon="-77.428308488">
</trkpt>
<trkpt lat="41.731273431" lon="-77.428341763">
</trkpt>
<trkpt lat="41.731131531" lon="-77.428394053">
</trkpt>
<trkpt lat="41.731025106" lon="-77.428432081">
</trkpt>
<trkpt lat="41.730933323" lon="-77.428465855">
</trkpt>
<trkpt lat="41.730879658" lon="-77.428489124">
</trkpt>
<trkpt lat="41.73077678" lon="-77.428541414">
</trkpt>
<trkpt lat="41.730663259" lon="-77.428607964">
</trkpt>
<trkpt lat="41.730571024" lon="-77.428674515">
</trkpt>
<trkpt lat="41.730464598" lon="-77.428769586">
</trkpt>
<trkpt lat="41.730354624" lon="-77.428869413">
</trkpt>
<trkpt lat="41.730234008" lon="-77.428978745">
</trkpt>
<trkpt lat="41.730127581" lon="-77.429097585">
</trkpt>
<trkpt lat="41.73002825" lon="-77.429211671">
</trkpt>
<trkpt lat="41.729918275" lon="-77.429335264">
</trkpt>
<trkpt lat="41.729804753" lon="-77.429473119">
</trkpt>
<trkpt lat="41.729669946" lon="-77.429639494">
</trkpt>
<trkpt lat="41.729536645" lon="-77.42982936">
</trkpt>
<trkpt lat="41.729195918" lon="-77.43036303">
</trkpt>
<trkpt lat="41.728402517" lon="-77.431510718">
</trkpt>
<trkpt lat="41.728336147" lon="-77.431606725">
</trkpt>
<trkpt lat="41.728250082" lon="-77.43173122">
</trkpt>
<trkpt lat="41.727494603" lon="-77.432909053">
</trkpt>
<trkpt lat="41.727096044" lon="-77.433521765">
</trkpt>
<trkpt lat="41.726554716" lon="-77.434188014">
</trkpt>
<trkpt lat="41.726066927" lon="-77.434759084">
</trkpt>
<trkpt lat="41.725246013" lon="-77.435669228">
</trkpt>
<trkpt lat="41.724228793" lon="-77.436728088">
</trkpt>
<trkpt lat="41.723288906" lon="-77.437685821">
</trkpt>
<trkpt lat="41.723012453" lon="-77.437954902">
</trkpt>
<trkpt lat="41.722889852" lon="-77.438086629">
</trkpt>
<trkpt lat="41.722506889" lon="-77.438548051">
</trkpt>
<trkpt lat="41.722412437" lon="-77.438684774">
</trkpt>
<trkpt lat="41.722354968" lon="-77.438774425">
</trkpt>
<trkpt lat="41.721724411" lon="-77.439755952">
</trkpt>
<trkpt lat="41.721308005" lon="-77.440404355">
</trkpt>
<trkpt lat="41.721093767" lon="-77.440723332">
</trkpt>
<trkpt lat="41.720988071" lon="-77.440863587">
</trkpt>
<trkpt lat="41.720671499" lon="-77.441231218">
</trkpt>
<trkpt lat="41.720278888" lon="-77.441683316">
</trkpt>
<trkpt lat="41.719868431" lon="-77.442129465">
</trkpt>
<trkpt lat="41.719570998" lon="-77.442432846">
</trkpt>
<trkpt lat="41.719196233" lon="-77.442777868">
</trkpt>
<trkpt lat="41.719001189" lon="-77.442953883">
</trkpt>
<trkpt lat="41.718891568" lon="-77.443040508">
</trkpt>
<trkpt lat="41.718654906" lon="-77.443206171">
</trkpt>
<trkpt lat="41.718149271" lon="-77.443527398">
</trkpt>
<trkpt lat="41.717596046" lon="-77.443848625">
</trkpt>
<trkpt lat="41.717215332" lon="-77.444098469">
</trkpt>
<trkpt lat="41.716911951" lon="-77.444360209">
</trkpt>
<trkpt lat="41.716712123" lon="-77.444532787">
</trkpt>
<trkpt lat="41.716594661" lon="-77.44465514">
</trkpt>
<trkpt lat="41.716352778" lon="-77.444955075">
</trkpt>
<trkpt lat="41.71603155" lon="-77.445520197">
</trkpt>
<trkpt lat="41.715728169" lon="-77.446174548">
</trkpt>
<trkpt lat="41.715508069" lon="-77.446751568">
</trkpt>
<trkpt lat="41.715424788" lon="-77.447054949">
</trkpt>
<trkpt lat="41.715341507" lon="-77.447388073">
</trkpt>
<trkpt lat="41.71528202" lon="-77.447792582">
</trkpt>
<trkpt lat="41.715269246" lon="-77.447979931">
</trkpt>
<trkpt lat="41.715269598" lon="-77.448166868">
</trkpt>
<trkpt lat="41.715287969" lon="-77.448548061">
</trkpt>
<trkpt lat="41.715436685" lon="-77.449719945">
</trkpt>
<trkpt lat="41.715493027" lon="-77.450089295">
</trkpt>
<trkpt lat="41.715559194" lon="-77.450506983">
</trkpt>
<trkpt lat="41.715665644" lon="-77.451229528">
</trkpt>
<trkpt lat="41.715690483" lon="-77.451457701">
</trkpt>
<trkpt lat="41.715708224" lon="-77.451624077">
</trkpt>
<trkpt lat="41.715722418" lon="-77.451809467">
</trkpt>
<trkpt lat="41.715729514" lon="-77.451952075">
</trkpt>
<trkpt lat="41.715736611" lon="-77.452080422">
</trkpt>
<trkpt lat="41.715743708" lon="-77.452227784">
</trkpt>
<trkpt lat="41.715747256" lon="-77.452365637">
</trkpt>
<trkpt lat="41.715747256" lon="-77.452512999">
</trkpt>
<trkpt lat="41.715743708" lon="-77.452684129">
</trkpt>
<trkpt lat="41.71574016" lon="-77.452855258">
</trkpt>
<trkpt lat="41.715729514" lon="-77.452997866">
</trkpt>
<trkpt lat="41.715711773" lon="-77.453164242">
</trkpt>
<trkpt lat="41.715690483" lon="-77.453306849">
</trkpt>
<trkpt lat="41.715665644" lon="-77.453473225">
</trkpt>
<trkpt lat="41.71565619" lon="-77.453554286">
</trkpt>
<trkpt lat="41.715638242" lon="-77.453666753">
</trkpt>
<trkpt lat="41.715612419" lon="-77.453777456">
</trkpt>
<trkpt lat="41.71558758" lon="-77.453882034">
</trkpt>
<trkpt lat="41.715548548" lon="-77.454010382">
</trkpt>
<trkpt lat="41.715505968" lon="-77.454133975">
</trkpt>
<trkpt lat="41.715470484" lon="-77.454243308">
</trkpt>
<trkpt lat="41.715429567" lon="-77.454360525">
</trkpt>
<trkpt lat="41.715341507" lon="-77.454544302">
</trkpt>
<trkpt lat="41.715168996" lon="-77.454823889">
</trkpt>
<trkpt lat="41.714978639" lon="-77.455055886">
</trkpt>
<trkpt lat="41.714808789" lon="-77.455216554">
</trkpt>
<trkpt lat="41.714699143" lon="-77.455293787">
</trkpt>
<trkpt lat="41.714425414" lon="-77.455430651">
</trkpt>
<trkpt lat="41.71413393" lon="-77.455543676">
</trkpt>
<trkpt lat="41.713841518" lon="-77.455649136">
</trkpt>
<trkpt lat="41.713690033" lon="-77.455688051">
</trkpt>
<trkpt lat="41.713413124" lon="-77.455734202">
</trkpt>
<trkpt lat="41.713260277" lon="-77.455750577">
</trkpt>
<trkpt lat="41.712920405" lon="-77.455769725">
</trkpt>
<trkpt lat="41.712474256" lon="-77.455817314">
</trkpt>
<trkpt lat="41.712367783" lon="-77.455836479">
</trkpt>
<trkpt lat="41.712245132" lon="-77.455862674">
</trkpt>
<trkpt lat="41.71210122" lon="-77.455904744">
</trkpt>
<trkpt lat="41.711831802" lon="-77.456025517">
</trkpt>
<trkpt lat="41.711558164" lon="-77.456180182">
</trkpt>
<trkpt lat="41.711290474" lon="-77.456340795">
</trkpt>
<trkpt lat="41.711022785" lon="-77.456554947">
</trkpt>
<trkpt lat="41.710806891" lon="-77.456744405">
</trkpt>
<trkpt lat="41.710682714" lon="-77.456863375">
</trkpt>
<trkpt lat="41.710445766" lon="-77.457120069">
</trkpt>
<trkpt lat="41.710178076" lon="-77.45742345">
</trkpt>
<trkpt lat="41.710051609" lon="-77.457585328">
</trkpt>
<trkpt lat="41.709742337" lon="-77.458025456">
</trkpt>
<trkpt lat="41.709583211" lon="-77.458280056">
</trkpt>
<trkpt lat="41.708928859" lon="-77.459398403">
</trkpt>
<trkpt lat="41.708708759" lon="-77.459713681">
</trkpt>
<trkpt lat="41.708476762" lon="-77.459975422">
</trkpt>
<trkpt lat="41.708185278" lon="-77.460243111">
</trkpt>
<trkpt lat="41.707869999" lon="-77.460552441">
</trkpt>
<trkpt lat="41.707275134" lon="-77.461022385">
</trkpt>
<trkpt lat="41.70676355" lon="-77.46139715">
</trkpt>
<trkpt lat="41.706359041" lon="-77.461652942">
</trkpt>
<trkpt lat="41.706049712" lon="-77.461813555">
</trkpt>
<trkpt lat="41.705912893" lon="-77.461878991">
</trkpt>
<trkpt lat="41.705782714" lon="-77.46194408">
</trkpt>
<trkpt lat="41.705673553" lon="-77.46198344">
</trkpt>
<trkpt lat="41.705520281" lon="-77.462021758">
</trkpt>
<trkpt lat="41.705270438" lon="-77.46205745">
</trkpt>
<trkpt lat="41.70495516" lon="-77.462051502">
</trkpt>
<trkpt lat="41.704693419" lon="-77.462027707">
</trkpt>
<trkpt lat="41.704437627" lon="-77.46196822">
</trkpt>
<trkpt lat="41.704134245" lon="-77.461884939">
</trkpt>
<trkpt lat="41.70380707" lon="-77.461765966">
</trkpt>
<trkpt lat="41.703444202" lon="-77.461593455">
</trkpt>
<trkpt lat="41.702676826" lon="-77.46112946">
</trkpt>
<trkpt lat="41.702266369" lon="-77.460855822">
</trkpt>
<trkpt lat="41.701409763" lon="-77.460231214">
</trkpt>
<trkpt lat="41.700416338" lon="-77.459547119">
</trkpt>
<trkpt lat="41.699756037" lon="-77.459112867">
</trkpt>
<trkpt lat="41.699220659" lon="-77.458785691">
</trkpt>
<trkpt lat="41.698935123" lon="-77.458654821">
</trkpt>
<trkpt lat="41.698697177" lon="-77.458577489">
</trkpt>
<trkpt lat="41.698500872" lon="-77.458547745">
</trkpt>
<trkpt lat="41.698292669" lon="-77.458523951">
</trkpt>
<trkpt lat="41.698048774" lon="-77.458523951">
</trkpt>
<trkpt lat="41.697899732" lon="-77.458536371">
</trkpt>
<trkpt lat="41.697750998" lon="-77.458563803">
</trkpt>
<trkpt lat="41.697495549" lon="-77.458631026">
</trkpt>
<trkpt lat="41.696978017" lon="-77.458761897">
</trkpt>
<trkpt lat="41.696632995" lon="-77.458845178">
</trkpt>
<trkpt lat="41.696329614" lon="-77.458898716">
</trkpt>
<trkpt lat="41.69599054" lon="-77.458910613">
</trkpt>
<trkpt lat="41.694675888" lon="-77.458904664">
</trkpt>
<trkpt lat="41.693248212" lon="-77.45888087">
</trkpt>
<trkpt lat="41.692831806" lon="-77.458874921">
</trkpt>
<trkpt lat="41.692486784" lon="-77.458839229">
</trkpt>
<trkpt lat="41.692123916" lon="-77.458761897">
</trkpt>
<trkpt lat="41.691380335" lon="-77.458541797">
</trkpt>
<trkpt lat="41.69073788" lon="-77.458333594">
</trkpt>
<trkpt lat="41.690018093" lon="-77.458143237">
</trkpt>
<trkpt lat="41.689536252" lon="-77.458006418">
</trkpt>
<trkpt lat="41.689113898" lon="-77.457917188">
</trkpt>
<trkpt lat="41.689020935" lon="-77.457894749">
</trkpt>
<trkpt lat="41.688870015" lon="-77.457875548">
</trkpt>
<trkpt lat="41.688733184" lon="-77.457875548">
</trkpt>
<trkpt lat="41.688465495" lon="-77.457875548">
</trkpt>
<trkpt lat="41.687888476" lon="-77.457929085">
</trkpt>
<trkpt lat="41.686871256" lon="-77.458089699">
</trkpt>
<trkpt lat="41.686573824" lon="-77.45817298">
</trkpt>
<trkpt lat="41.686437005" lon="-77.458220569">
</trkpt>
<trkpt lat="41.686288165" lon="-77.458273726">
</trkpt>
<trkpt lat="41.686161735" lon="-77.458335915">
</trkpt>
<trkpt lat="41.686024033" lon="-77.45841511">
</trkpt>
<trkpt lat="41.685717218" lon="-77.45861318">
</trkpt>
<trkpt lat="41.685098558" lon="-77.459017689">
</trkpt>
<trkpt lat="41.684343079" lon="-77.459535222">
</trkpt>
<trkpt lat="41.683968314" lon="-77.459767219">
</trkpt>
<trkpt lat="41.68371847" lon="-77.459915935">
</trkpt>
<trkpt lat="41.683165246" lon="-77.460183625">
</trkpt>
<trkpt lat="41.682284845" lon="-77.460516749">
</trkpt>
<trkpt lat="41.681041577" lon="-77.461028333">
</trkpt>
<trkpt lat="41.680095741" lon="-77.461409047">
</trkpt>
<trkpt lat="41.679649592" lon="-77.461557763">
</trkpt>
<trkpt lat="41.679346211" lon="-77.461641045">
</trkpt>
<trkpt lat="41.679078522" lon="-77.461688634">
</trkpt>
<trkpt lat="41.678679962" lon="-77.46170648">
</trkpt>
<trkpt lat="41.678305197" lon="-77.461700531">
</trkpt>
<trkpt lat="41.67634809" lon="-77.461676736">
</trkpt>
<trkpt lat="41.676096461" lon="-77.461676736">
</trkpt>
<trkpt lat="41.675926058" lon="-77.461683692">
</trkpt>
<trkpt lat="41.67563134" lon="-77.461711205">
</trkpt>
<trkpt lat="41.67545026" lon="-77.461734972">
</trkpt>
<trkpt lat="41.67532599" lon="-77.461758741">
</trkpt>
<trkpt lat="41.675226574" lon="-77.461777755">
</trkpt>
<trkpt lat="41.675130708" lon="-77.461801523">
</trkpt>
<trkpt lat="41.67502064" lon="-77.461844306">
</trkpt>
<trkpt lat="41.67489992" lon="-77.461882334">
</trkpt>
<trkpt lat="41.674796952" lon="-77.461915609">
</trkpt>
<trkpt lat="41.674651378" lon="-77.461963145">
</trkpt>
<trkpt lat="41.674509353" lon="-77.462020188">
</trkpt>
<trkpt lat="41.674374429" lon="-77.462077232">
</trkpt>
<trkpt lat="41.674246606" lon="-77.462134275">
</trkpt>
<trkpt lat="41.674086827" lon="-77.462215086">
</trkpt>
<trkpt lat="41.673923497" lon="-77.462314911">
</trkpt>
<trkpt lat="41.673785021" lon="-77.46240523">
</trkpt>
<trkpt lat="41.673596837" lon="-77.462528823">
</trkpt>
<trkpt lat="41.673451259" lon="-77.462619141">
</trkpt>
<trkpt lat="41.673330536" lon="-77.462685692">
</trkpt>
<trkpt lat="41.673181406" lon="-77.46277601">
</trkpt>
<trkpt lat="41.673028576" lon="-77.462880188">
</trkpt>
<trkpt lat="41.672969256" lon="-77.462920005">
</trkpt>
<trkpt lat="41.672261366" lon="-77.463360205">
</trkpt>
<trkpt lat="41.671791422" lon="-77.463621946">
</trkpt>
<trkpt lat="41.671178711" lon="-77.463889635">
</trkpt>
<trkpt lat="41.670679024" lon="-77.464103787">
</trkpt>
<trkpt lat="41.669483345" lon="-77.464639165">
</trkpt>
<trkpt lat="41.668858737" lon="-77.464936598">
</trkpt>
<trkpt lat="41.66844828" lon="-77.465121006">
</trkpt>
<trkpt lat="41.667948593" lon="-77.465382747">
</trkpt>
<trkpt lat="41.667437009" lon="-77.465644488">
</trkpt>
<trkpt lat="41.666842144" lon="-77.465953818">
</trkpt>
<trkpt lat="41.666116408" lon="-77.466346429">
</trkpt>
<trkpt lat="41.664944523" lon="-77.467012678">
</trkpt>
<trkpt lat="41.664355607" lon="-77.46731011">
</trkpt>
<trkpt lat="41.663826177" lon="-77.467554005">
</trkpt>
<trkpt lat="41.663338387" lon="-77.467714619">
</trkpt>
<trkpt lat="41.662963622" lon="-77.467815746">
</trkpt>
<trkpt lat="41.662654292" lon="-77.467910924">
</trkpt>
<trkpt lat="41.662154605" lon="-77.468006103">
</trkpt>
<trkpt lat="41.661684662" lon="-77.468053692">
</trkpt>
<trkpt lat="41.661143335" lon="-77.468083435">
</trkpt>
<trkpt lat="41.660530623" lon="-77.468095332">
</trkpt>
<trkpt lat="41.660001193" lon="-77.468047743">
</trkpt>
<trkpt lat="41.65935279" lon="-77.467958513">
</trkpt>
<trkpt lat="41.658918539" lon="-77.467863335">
</trkpt>
<trkpt lat="41.658609209" lon="-77.467791951">
</trkpt>
<trkpt lat="41.658061933" lon="-77.467631338">
</trkpt>
<trkpt lat="41.657568194" lon="-77.467429083">
</trkpt>
<trkpt lat="41.656967381" lon="-77.467155445">
</trkpt>
<trkpt lat="41.656437951" lon="-77.466828269">
</trkpt>
<trkpt lat="41.656027493" lon="-77.466524888">
</trkpt>
<trkpt lat="41.655539704" lon="-77.466156072">
</trkpt>
<trkpt lat="41.655127808" lon="-77.465816862">
</trkpt>
<trkpt lat="41.654932661" lon="-77.465626778">
</trkpt>
<trkpt lat="41.65471879" lon="-77.465388696">
</trkpt>
<trkpt lat="41.654117976" lon="-77.464692703">
</trkpt>
<trkpt lat="41.65348147" lon="-77.463937224">
</trkpt>
<trkpt lat="41.652678402" lon="-77.463044927">
</trkpt>
<trkpt lat="41.651863437" lon="-77.462110988">
</trkpt>
<trkpt lat="41.651226931" lon="-77.461373355">
</trkpt>
<trkpt lat="41.650893806" lon="-77.460974795">
</trkpt>
<trkpt lat="41.650328684" lon="-77.460308546">
</trkpt>
<trkpt lat="41.649799254" lon="-77.45971963">
</trkpt>
<trkpt lat="41.649406643" lon="-77.459297276">
</trkpt>
<trkpt lat="41.649055673" lon="-77.458839229">
</trkpt>
<trkpt lat="41.648829624" lon="-77.458512053">
</trkpt>
<trkpt lat="41.648502448" lon="-77.457905291">
</trkpt>
<trkpt lat="41.648264502" lon="-77.457346118">
</trkpt>
<trkpt lat="41.648074145" lon="-77.456834533">
</trkpt>
<trkpt lat="41.64791948" lon="-77.456340795">
</trkpt>
<trkpt lat="41.647770155" lon="-77.455753795">
</trkpt>
<trkpt lat="41.647713149" lon="-77.455453759">
</trkpt>
<trkpt lat="41.647645842" lon="-77.45503804">
</trkpt>
<trkpt lat="41.647580407" lon="-77.454425329">
</trkpt>
<trkpt lat="41.64755686" lon="-77.454052494">
</trkpt>
<trkpt lat="41.647548849" lon="-77.45373455">
</trkpt>
<trkpt lat="41.647574458" lon="-77.452956012">
</trkpt>
<trkpt lat="41.64761015" lon="-77.451920947">
</trkpt>
<trkpt lat="41.64762341" lon="-77.451695531">
</trkpt>
<trkpt lat="41.647632639" lon="-77.451210515">
</trkpt>
<trkpt lat="41.64766816" lon="-77.449675103">
</trkpt>
<trkpt lat="41.64768592" lon="-77.448852732">
</trkpt>
<trkpt lat="41.647696576" lon="-77.44846769">
</trkpt>
<trkpt lat="41.647700129" lon="-77.448277547">
</trkpt>
<trkpt lat="41.647700129" lon="-77.447987578">
</trkpt>
<trkpt lat="41.647693025" lon="-77.447754651">
</trkpt>
<trkpt lat="41.64768592" lon="-77.447597782">
</trkpt>
<trkpt lat="41.647678816" lon="-77.447445667">
</trkpt>
<trkpt lat="41.64766816" lon="-77.447279292">
</trkpt>
<trkpt lat="41.647657503" lon="-77.447122423">
</trkpt>
<trkpt lat="41.647643295" lon="-77.446927526">
</trkpt>
<trkpt lat="41.647629086" lon="-77.446746889">
</trkpt>
<trkpt lat="41.647611326" lon="-77.446561498">
</trkpt>
<trkpt lat="41.647582909" lon="-77.446390369">
</trkpt>
<trkpt lat="41.647547388" lon="-77.44621924">
</trkpt>
<trkpt lat="41.647515419" lon="-77.446057618">
</trkpt>
<trkpt lat="41.647479898" lon="-77.445886488">
</trkpt>
<trkpt lat="41.647451481" lon="-77.445777156">
</trkpt>
<trkpt lat="41.647408855" lon="-77.445596519">
</trkpt>
<trkpt lat="41.64736623" lon="-77.445453912">
</trkpt>
<trkpt lat="41.647323605" lon="-77.445316057">
</trkpt>
<trkpt lat="41.647263219" lon="-77.44513542">
</trkpt>
<trkpt lat="41.647206385" lon="-77.444983306">
</trkpt>
<trkpt lat="41.647160207" lon="-77.444854958">
</trkpt>
<trkpt lat="41.647103373" lon="-77.444712351">
</trkpt>
<trkpt lat="41.647046539" lon="-77.444564989">
</trkpt>
<trkpt lat="41.646975496" lon="-77.444412874">
</trkpt>
<trkpt lat="41.646879588" lon="-77.444227484">
</trkpt>
<trkpt lat="41.646801441" lon="-77.444084876">
</trkpt>
<trkpt lat="41.646723294" lon="-77.443937515">
</trkpt>
<trkpt lat="41.646641594" lon="-77.443794907">
</trkpt>
<trkpt lat="41.646563446" lon="-77.44366656">
</trkpt>
<trkpt lat="41.646485299" lon="-77.443533459">
</trkpt>
<trkpt lat="41.646403599" lon="-77.443409865">
</trkpt>
<trkpt lat="41.646329004" lon="-77.443300533">
</trkpt>
<trkpt lat="41.646268616" lon="-77.443210215">
</trkpt>
<trkpt lat="41.646179812" lon="-77.443077114">
</trkpt>
<trkpt lat="41.646091007" lon="-77.44295352">
</trkpt>
<trkpt lat="41.645991546" lon="-77.44283468">
</trkpt>
<trkpt lat="41.645895636" lon="-77.442720594">
</trkpt>
<trkpt lat="41.645789071" lon="-77.442601754">
</trkpt>
<trkpt lat="41.645682504" lon="-77.442501929">
</trkpt>
<trkpt lat="41.645558177" lon="-77.442402104">
</trkpt>
<trkpt lat="41.645433849" lon="-77.442302278">
</trkpt>
<trkpt lat="41.645302416" lon="-77.442183439">
</trkpt>
<trkpt lat="41.645156775" lon="-77.442055091">
</trkpt>
<trkpt lat="41.645036487" lon="-77.441942655">
</trkpt>
<trkpt lat="41.644760746" lon="-77.441784443">
</trkpt>
<trkpt lat="41.644531444" lon="-77.441651447">
</trkpt>
<trkpt lat="41.644401598" lon="-77.441587428">
</trkpt>
<trkpt lat="41.644058805" lon="-77.441451318">
</trkpt>
<trkpt lat="41.643765353" lon="-77.441346202">
</trkpt>
<trkpt lat="41.643656366" lon="-77.441316571">
</trkpt>
<trkpt lat="41.643520154" lon="-77.441290422">
</trkpt>
<trkpt lat="41.64315461" lon="-77.441243115">
</trkpt>
<trkpt lat="41.642684666" lon="-77.441213372">
</trkpt>
<trkpt lat="41.641994622" lon="-77.441231218">
</trkpt>
<trkpt lat="41.641649601" lon="-77.441255013">
</trkpt>
<trkpt lat="41.641304579" lon="-77.441278807">
</trkpt>
<trkpt lat="41.641019043" lon="-77.441278807">
</trkpt>
<trkpt lat="41.640792995" lon="-77.441249064">
</trkpt>
<trkpt lat="41.640489613" lon="-77.441165783">
</trkpt>
<trkpt lat="41.639983978" lon="-77.440939734">
</trkpt>
<trkpt lat="41.638818042" lon="-77.440332972">
</trkpt>
<trkpt lat="41.638734592" lon="-77.440291021">
</trkpt>
<trkpt lat="41.638059007" lon="-77.439987278">
</trkpt>
<trkpt lat="41.637369793" lon="-77.439626004">
</trkpt>
<trkpt lat="41.636746212" lon="-77.439304467">
</trkpt>
<trkpt lat="41.636123786" lon="-77.438999817">
</trkpt>
<trkpt lat="41.63595674" lon="-77.438923141">
</trkpt>
<trkpt lat="41.635712846" lon="-77.43883986">
</trkpt>
<trkpt lat="41.635480848" lon="-77.438792271">
</trkpt>
<trkpt lat="41.635135826" lon="-77.43875063">
</trkpt>
<trkpt lat="41.634707523" lon="-77.43875063">
</trkpt>
<trkpt lat="41.634029377" lon="-77.438804168">
</trkpt>
<trkpt lat="41.633830001" lon="-77.438823056">
</trkpt>
<trkpt lat="41.633557666" lon="-77.438855922">
</trkpt>
<trkpt lat="41.633351599" lon="-77.438884444">
</trkpt>
<trkpt lat="41.633188165" lon="-77.438912965">
</trkpt>
<trkpt lat="41.633024731" lon="-77.438950994">
</trkpt>
<trkpt lat="41.632843533" lon="-77.439003284">
</trkpt>
<trkpt lat="41.632680099" lon="-77.439050819">
</trkpt>
<trkpt lat="41.632541534" lon="-77.439088848">
</trkpt>
<trkpt lat="41.632395863" lon="-77.439141138">
</trkpt>
<trkpt lat="41.632267957" lon="-77.439188674">
</trkpt>
<trkpt lat="41.63215071" lon="-77.439231456">
</trkpt>
<trkpt lat="41.632051227" lon="-77.439274238">
</trkpt>
<trkpt lat="41.631944638" lon="-77.439321774">
</trkpt>
<trkpt lat="41.631866473" lon="-77.439359803">
</trkpt>
<trkpt lat="41.631784754" lon="-77.439402586">
</trkpt>
<trkpt lat="41.631713694" lon="-77.439450121">
</trkpt>
<trkpt lat="41.631646188" lon="-77.439497657">
</trkpt>
<trkpt lat="41.63158934" lon="-77.439545193">
</trkpt>
<trkpt lat="41.631521834" lon="-77.439611743">
</trkpt>
<trkpt lat="41.63145788" lon="-77.439683047">
</trkpt>
<trkpt lat="41.63138682" lon="-77.439759105">
</trkpt>
<trkpt lat="41.631230487" lon="-77.439934988">
</trkpt>
<trkpt lat="41.631116791" lon="-77.440058582">
</trkpt>
<trkpt lat="41.6310102" lon="-77.440177421">
</trkpt>
<trkpt lat="41.630907163" lon="-77.440310522">
</trkpt>
<trkpt lat="41.630807678" lon="-77.440443623">
</trkpt>
<trkpt lat="41.630693981" lon="-77.440600491">
</trkpt>
<trkpt lat="41.630608708" lon="-77.440728838">
</trkpt>
<trkpt lat="41.630534094" lon="-77.440847678">
</trkpt>
<trkpt lat="41.63045948" lon="-77.440957011">
</trkpt>
<trkpt lat="41.630100621" lon="-77.441608254">
</trkpt>
<trkpt lat="41.629809268" lon="-77.442121642">
</trkpt>
<trkpt lat="41.629631614" lon="-77.44244964">
</trkpt>
<trkpt lat="41.629450406" lon="-77.442744363">
</trkpt>
<trkpt lat="41.629347365" lon="-77.442882216">
</trkpt>
<trkpt lat="41.629283409" lon="-77.442967781">
</trkpt>
<trkpt lat="41.629219453" lon="-77.443039086">
</trkpt>
<trkpt lat="41.629137731" lon="-77.443119896">
</trkpt>
<trkpt lat="41.629063116" lon="-77.443186447">
</trkpt>
<trkpt lat="41.628984947" lon="-77.443257751">
</trkpt>
<trkpt lat="41.628825056" lon="-77.443367083">
</trkpt>
<trkpt lat="41.628777696" lon="-77.443397496">
</trkpt>
<trkpt lat="41.628690392" lon="-77.443444566">
</trkpt>
<trkpt lat="41.628661612" lon="-77.443457401">
</trkpt>
<trkpt lat="41.62855857" lon="-77.443490677">
</trkpt>
<trkpt lat="41.628469741" lon="-77.443523952">
</trkpt>
<trkpt lat="41.628363146" lon="-77.443552474">
</trkpt>
<trkpt lat="41.628260104" lon="-77.443576241">
</trkpt>
<trkpt lat="41.628153509" lon="-77.443595256">
</trkpt>
<trkpt lat="41.628075339" lon="-77.443609517">
</trkpt>
<trkpt lat="41.627993616" lon="-77.443623778">
</trkpt>
<trkpt lat="41.62789768" lon="-77.443619024">
</trkpt>
<trkpt lat="41.62779819" lon="-77.443609517">
</trkpt>
<trkpt lat="41.627702254" lon="-77.443585748">
</trkpt>
<trkpt lat="41.627606318" lon="-77.443557227">
</trkpt>
<trkpt lat="41.627517487" lon="-77.443528705">
</trkpt>
<trkpt lat="41.627442869" lon="-77.443490677">
</trkpt>
<trkpt lat="41.627354039" lon="-77.443452648">
</trkpt>
<trkpt lat="41.627265208" lon="-77.443414619">
</trkpt>
<trkpt lat="41.627172825" lon="-77.443367083">
</trkpt>
<trkpt lat="41.627016482" lon="-77.443252997">
</trkpt>
<trkpt lat="41.62694897" lon="-77.4431912">
</trkpt>
<trkpt lat="41.626842373" lon="-77.443100882">
</trkpt>
<trkpt lat="41.626753542" lon="-77.44300581">
</trkpt>
<trkpt lat="41.626668264" lon="-77.442896477">
</trkpt>
<trkpt lat="41.626600752" lon="-77.442806159">
</trkpt>
<trkpt lat="41.626519026" lon="-77.442706334">
</trkpt>
<trkpt lat="41.626437301" lon="-77.442587494">
</trkpt>
<trkpt lat="41.626362682" lon="-77.442482914">
</trkpt>
<trkpt lat="41.626298723" lon="-77.442378335">
</trkpt>
<trkpt lat="41.626227658" lon="-77.442273757">
</trkpt>
<trkpt lat="41.626149486" lon="-77.442145409">
</trkpt>
<trkpt lat="41.62607008" lon="-77.442028338">
</trkpt>
<trkpt lat="41.62532055" lon="-77.440892145">
</trkpt>
<trkpt lat="41.624118922" lon="-77.439036165">
</trkpt>
<trkpt lat="41.623310494" lon="-77.437804041">
</trkpt>
<trkpt lat="41.62302607" lon="-77.437344279">
</trkpt>
<trkpt lat="41.622894591" lon="-77.437106599">
</trkpt>
<trkpt lat="41.622809308" lon="-77.43693547">
</trkpt>
<trkpt lat="41.622734685" lon="-77.43675008">
</trkpt>
<trkpt lat="41.622681383" lon="-77.436612226">
</trkpt>
<trkpt lat="41.622638741" lon="-77.436474371">
</trkpt>
<trkpt lat="41.622599653" lon="-77.436346024">
</trkpt>
<trkpt lat="41.622557011" lon="-77.436198663">
</trkpt>
<trkpt lat="41.622517923" lon="-77.436041794">
</trkpt>
<trkpt lat="41.622485942" lon="-77.435894433">
</trkpt>
<trkpt lat="41.622457513" lon="-77.435732811">
</trkpt>
<trkpt lat="41.622432639" lon="-77.435566435">
</trkpt>
<trkpt lat="41.622414872" lon="-77.435400059">
</trkpt>
<trkpt lat="41.622404211" lon="-77.435276466">
</trkpt>
<trkpt lat="41.622400657" lon="-77.435148118">
</trkpt>
<trkpt lat="41.622400657" lon="-77.435019771">
</trkpt>
<trkpt lat="41.622404211" lon="-77.43487241">
</trkpt>
<trkpt lat="41.622436192" lon="-77.434216414">
</trkpt>
<trkpt lat="41.622461015" lon="-77.433580218">
</trkpt>
<trkpt lat="41.622466141" lon="-77.433456478">
</trkpt>
<trkpt lat="41.622564118" lon="-77.431544894">
</trkpt>
<trkpt lat="41.622599653" lon="-77.430836608">
</trkpt>
<trkpt lat="41.622613867" lon="-77.430451567">
</trkpt>
<trkpt lat="41.622617421" lon="-77.430228148">
</trkpt>
<trkpt lat="41.622610313" lon="-77.430038004">
</trkpt>
<trkpt lat="41.622599653" lon="-77.429881136">
</trkpt>
<trkpt lat="41.622588992" lon="-77.42972902">
</trkpt>
<trkpt lat="41.622574779" lon="-77.429586413">
</trkpt>
<trkpt lat="41.622553457" lon="-77.429439051">
</trkpt>
<trkpt lat="41.622532136" lon="-77.429301197">
</trkpt>
<trkpt lat="41.622507263" lon="-77.429149082">
</trkpt>
<trkpt lat="41.622482388" lon="-77.429015982">
</trkpt>
<trkpt lat="41.622457513" lon="-77.428897142">
</trkpt>
<trkpt lat="41.622432639" lon="-77.428778302">
</trkpt>
<trkpt lat="41.622404211" lon="-77.428654708">
</trkpt>
<trkpt lat="41.622368676" lon="-77.4285121">
</trkpt>
<trkpt lat="41.62232248" lon="-77.428345724">
</trkpt>
<trkpt lat="41.622237196" lon="-77.428079523">
</trkpt>
<trkpt lat="41.622052414" lon="-77.427509092">
</trkpt>
<trkpt lat="41.621832096" lon="-77.426857849">
</trkpt>
<trkpt lat="41.621768133" lon="-77.426681966">
</trkpt>
<trkpt lat="41.621693509" lon="-77.426463301">
</trkpt>
<trkpt lat="41.621601116" lon="-77.42621136">
</trkpt>
<trkpt lat="41.621519385" lon="-77.426006956">
</trkpt>
<trkpt lat="41.62144476" lon="-77.425831073">
</trkpt>
<trkpt lat="41.621377243" lon="-77.425683712">
</trkpt>
<trkpt lat="41.621306172" lon="-77.42553635">
</trkpt>
<trkpt lat="41.621238654" lon="-77.425412756">
</trkpt>
<trkpt lat="41.62116403" lon="-77.425270149">
</trkpt>
<trkpt lat="41.621100065" lon="-77.425156063">
</trkpt>
<trkpt lat="41.621043209" lon="-77.425051484">
</trkpt>
<trkpt lat="41.62096503" lon="-77.424918383">
</trkpt>
<trkpt lat="41.620856146" lon="-77.424750504">
</trkpt>
<trkpt lat="41.620787677" lon="-77.424646375">
</trkpt>
<trkpt lat="41.62037722" lon="-77.424069356">
</trkpt>
<trkpt lat="41.619806149" lon="-77.423188955">
</trkpt>
<trkpt lat="41.619514665" lon="-77.422736858">
</trkpt>
<trkpt lat="41.61931836" lon="-77.422403733">
</trkpt>
<trkpt lat="41.618860313" lon="-77.421618511">
</trkpt>
<trkpt lat="41.618611326" lon="-77.421110161">
</trkpt>
<trkpt lat="41.618550023" lon="-77.420969529">
</trkpt>
<trkpt lat="41.618307089" lon="-77.420321705">
</trkpt>
<trkpt lat="41.618057245" lon="-77.419601918">
</trkpt>
<trkpt lat="41.617706275" lon="-77.418477623">
</trkpt>
<trkpt lat="41.617312826" lon="-77.417300917">
</trkpt>
<trkpt lat="41.617151932" lon="-77.416803997">
</trkpt>
<trkpt lat="41.61705598" lon="-77.416528289">
</trkpt>
<trkpt lat="41.616967135" lon="-77.416300116">
</trkpt>
<trkpt lat="41.616888952" lon="-77.416114726">
</trkpt>
<trkpt lat="41.616810768" lon="-77.415938843">
</trkpt>
<trkpt lat="41.6167468" lon="-77.415786728">
</trkpt>
<trkpt lat="41.616682831" lon="-77.415634612">
</trkpt>
<trkpt lat="41.616601093" lon="-77.415449223">
</trkpt>
<trkpt lat="41.616557684" lon="-77.415349223">
</trkpt>
<trkpt lat="41.616515189" lon="-77.415262165">
</trkpt>
<trkpt lat="41.616416295" lon="-77.415083196">
</trkpt>
<trkpt lat="41.616335878" lon="-77.414950202">
</trkpt>
<trkpt lat="41.616171522" lon="-77.414664537">
</trkpt>
<trkpt lat="41.615933576" lon="-77.41425408">
</trkpt>
<trkpt lat="41.615912916" lon="-77.414225784">
</trkpt>
<trkpt lat="41.615868327" lon="-77.414153087">
</trkpt>
<trkpt lat="41.615736416" lon="-77.413962028">
</trkpt>
<trkpt lat="41.615474524" lon="-77.413642856">
</trkpt>
<trkpt lat="41.615335923" lon="-77.413495495">
</trkpt>
<trkpt lat="41.615218645" lon="-77.413386163">
</trkpt>
<trkpt lat="41.615119136" lon="-77.413300598">
</trkpt>
<trkpt lat="41.615030288" lon="-77.413238801">
</trkpt>
<trkpt lat="41.614944994" lon="-77.413191265">
</trkpt>
<trkpt lat="41.614866809" lon="-77.41315799">
</trkpt>
<trkpt lat="41.614785069" lon="-77.413124715">
</trkpt>
<trkpt lat="41.61471399" lon="-77.413081933">
</trkpt>
<trkpt lat="41.61465002" lon="-77.41303915">
</trkpt>
<trkpt lat="41.614596711" lon="-77.412996367">
</trkpt>
<trkpt lat="41.614536294" lon="-77.412948832">
</trkpt>
<trkpt lat="41.614486539" lon="-77.412915557">
</trkpt>
<trkpt lat="41.61443323" lon="-77.412882281">
</trkpt>
<trkpt lat="41.614365705" lon="-77.412839499">
</trkpt>
<trkpt lat="41.614222709" lon="-77.412754876">
</trkpt>
<trkpt lat="41.61388724" lon="-77.412564662">
</trkpt>
<trkpt lat="41.613699658" lon="-77.41242563">
</trkpt>
<trkpt lat="41.613168017" lon="-77.411998113">
</trkpt>
<trkpt lat="41.612926345" lon="-77.411793708">
</trkpt>
<trkpt lat="41.612670455" lon="-77.41158455">
</trkpt>
<trkpt lat="41.612556726" lon="-77.411479971">
</trkpt>
<trkpt lat="41.612517846" lon="-77.411443569">
</trkpt>
<trkpt lat="41.612454258" lon="-77.411369441">
</trkpt>
<trkpt lat="41.61241101" lon="-77.411308842">
</trkpt>
<trkpt lat="41.612332821" lon="-77.411194756">
</trkpt>
<trkpt lat="41.612254632" lon="-77.411075916">
</trkpt>
<trkpt lat="41.612187105" lon="-77.410966583">
</trkpt>
<trkpt lat="41.612116023" lon="-77.410862004">
</trkpt>
<trkpt lat="41.61201651" lon="-77.410695628">
</trkpt>
<trkpt lat="41.611945429" lon="-77.410557774">
</trkpt>
<trkpt lat="41.611881455" lon="-77.410405658">
</trkpt>
<trkpt lat="41.611828144" lon="-77.410277312">
</trkpt>
<trkpt lat="41.611778387" lon="-77.410158472">
</trkpt>
<trkpt lat="41.61172863" lon="-77.410030125">
</trkpt>
<trkpt lat="41.611689535" lon="-77.409925546">
</trkpt>
<trkpt lat="41.611632669" lon="-77.40977343">
</trkpt>
<trkpt lat="41.611556254" lon="-77.409558477">
</trkpt>
<trkpt lat="41.611406652" lon="-77.409102547">
</trkpt>
<trkpt lat="41.611310236" lon="-77.408818241">
</trkpt>
<trkpt lat="41.611184853" lon="-77.408442425">
</trkpt>
<trkpt lat="41.611099554" lon="-77.408247527">
</trkpt>
<trkpt lat="41.611021364" lon="-77.408081151">
</trkpt>
<trkpt lat="41.610964498" lon="-77.407957557">
</trkpt>
<trkpt lat="41.610879199" lon="-77.407810196">
</trkpt>
<trkpt lat="41.610779683" lon="-77.407634313">
</trkpt>
<trkpt lat="41.610687275" lon="-77.407463184">
</trkpt>
<trkpt lat="41.610569989" lon="-77.407277794">
</trkpt>
<trkpt lat="41.61047758" lon="-77.407135185">
</trkpt>
<trkpt lat="41.610353185" lon="-77.406964056">
</trkpt>
<trkpt lat="41.610214298" lon="-77.406773502">
</trkpt>
<trkpt lat="41.610079514" lon="-77.40659803">
</trkpt>
<trkpt lat="41.609965781" lon="-77.406469683">
</trkpt>
<trkpt lat="41.609862709" lon="-77.406369857">
</trkpt>
<trkpt lat="41.6097703" lon="-77.406289046">
</trkpt>
<trkpt lat="41.609656567" lon="-77.406189221">
</trkpt>
<trkpt lat="41.60950729" lon="-77.406051366">
</trkpt>
<trkpt lat="41.609379338" lon="-77.40593728">
</trkpt>
<trkpt lat="41.609251387" lon="-77.40581844">
</trkpt>
<trkpt lat="41.609116326" lon="-77.40568534">
</trkpt>
<trkpt lat="41.608991928" lon="-77.405571253">
</trkpt>
<trkpt lat="41.608852508" lon="-77.405451581">
</trkpt>
<trkpt lat="41.608485863" lon="-77.405128847">
</trkpt>
<trkpt lat="41.608457041" lon="-77.405102331">
</trkpt>
<trkpt lat="41.607644859" lon="-77.404406623">
</trkpt>
<trkpt lat="41.607307199" lon="-77.404130914">
</trkpt>
<trkpt lat="41.607186352" lon="-77.404031088">
</trkpt>
<trkpt lat="41.607083276" lon="-77.403936017">
</trkpt>
<trkpt lat="41.607008635" lon="-77.403859959">
</trkpt>
<trkpt lat="41.606933994" lon="-77.403788655">
</trkpt>
<trkpt lat="41.606852244" lon="-77.40370309">
</trkpt>
<trkpt lat="41.606781157" lon="-77.403617526">
</trkpt>
<trkpt lat="41.60671007" lon="-77.403527207">
</trkpt>
<trkpt lat="41.606635428" lon="-77.403417875">
</trkpt>
<trkpt lat="41.60653946" lon="-77.403289527">
</trkpt>
<trkpt lat="41.606443492" lon="-77.403156427">
</trkpt>
<trkpt lat="41.606329752" lon="-77.402994804">
</trkpt>
<trkpt lat="41.606237338" lon="-77.402861704">
</trkpt>
<trkpt lat="41.606098717" lon="-77.402657299">
</trkpt>
<trkpt lat="41.606002749" lon="-77.402519446">
</trkpt>
<trkpt lat="41.605903225" lon="-77.402400606">
</trkpt>
<trkpt lat="41.605789484" lon="-77.402281766">
</trkpt>
<trkpt lat="41.605689961" lon="-77.402177187">
</trkpt>
<trkpt lat="41.605583328" lon="-77.402082114">
</trkpt>
<trkpt lat="41.605476695" lon="-77.40199655">
</trkpt>
<trkpt lat="41.605373617" lon="-77.401920492">
</trkpt>
<trkpt lat="41.605274093" lon="-77.401858696">
</trkpt>
<trkpt lat="41.605156796" lon="-77.401782638">
</trkpt>
<trkpt lat="41.605060826" lon="-77.401720842">
</trkpt>
<trkpt lat="41.604971965" lon="-77.401663798">
</trkpt>
<trkpt lat="41.60487244" lon="-77.401616262">
</trkpt>
<trkpt lat="41.604758697" lon="-77.401578234">
</trkpt>
<trkpt lat="41.604637845" lon="-77.401540205">
</trkpt>
<trkpt lat="41.604490223" lon="-77.401490893">
</trkpt>
<trkpt lat="41.603917298" lon="-77.401339555">
</trkpt>
<trkpt lat="41.603439976" lon="-77.4012027">
</trkpt>
<trkpt lat="41.603304903" lon="-77.401174178">
</trkpt>
<trkpt lat="41.603194712" lon="-77.401159917">
</trkpt>
<trkpt lat="41.603109403" lon="-77.40115041">
</trkpt>
<trkpt lat="41.602995658" lon="-77.40115041">
</trkpt>
<trkpt lat="41.602878357" lon="-77.40115041">
</trkpt>
<trkpt lat="41.602739728" lon="-77.401140903">
</trkpt>
<trkpt lat="41.602590436" lon="-77.40113615">
</trkpt>
<trkpt lat="41.602391378" lon="-77.40113615">
</trkpt>
<trkpt lat="41.602181657" lon="-77.401126642">
</trkpt>
<trkpt lat="41.601947053" lon="-77.401117135">
</trkpt>
<trkpt lat="41.60177643" lon="-77.401107628">
</trkpt>
<trkpt lat="41.601616472" lon="-77.401088614">
</trkpt>
<trkpt lat="41.601449404" lon="-77.401069599">
</trkpt>
<trkpt lat="41.601179249" lon="-77.401026817">
</trkpt>
<trkpt lat="41.60090554" lon="-77.40097928">
</trkpt>
<trkpt lat="41.600583811" lon="-77.400936202">
</trkpt>
<trkpt lat="41.599830574" lon="-77.400774433">
</trkpt>
<trkpt lat="41.599313041" lon="-77.400631665">
</trkpt>
<trkpt lat="41.598849047" lon="-77.400453206">
</trkpt>
<trkpt lat="41.59848023" lon="-77.400239054">
</trkpt>
<trkpt lat="41.598224438" lon="-77.400048698">
</trkpt>
<trkpt lat="41.597956749" lon="-77.399798854">
</trkpt>
<trkpt lat="41.597302397" lon="-77.399144502">
</trkpt>
<trkpt lat="41.596939529" lon="-77.39875784">
</trkpt>
<trkpt lat="41.596576661" lon="-77.39822841">
</trkpt>
<trkpt lat="41.596059129" lon="-77.397407496">
</trkpt>
<trkpt lat="41.59592231" lon="-77.39716955">
</trkpt>
<trkpt lat="41.595589185" lon="-77.396568736">
</trkpt>
<trkpt lat="41.59503596" lon="-77.395486081">
</trkpt>
<trkpt lat="41.594690939" lon="-77.394736551">
</trkpt>
<trkpt lat="41.594357814" lon="-77.394028661">
</trkpt>
<trkpt lat="41.59399978" lon="-77.393193247">
</trkpt>
<trkpt lat="41.593586041" lon="-77.392180377">
</trkpt>
<trkpt lat="41.593301634" lon="-77.39151012">
</trkpt>
<trkpt lat="41.593152319" lon="-77.391129833">
</trkpt>
<trkpt lat="41.593075483" lon="-77.390947554">
</trkpt>
<trkpt lat="41.593010627" lon="-77.390807577">
</trkpt>
<trkpt lat="41.592978119" lon="-77.390744791">
</trkpt>
<trkpt lat="41.592924792" lon="-77.390640212">
</trkpt>
<trkpt lat="41.592871465" lon="-77.39053088">
</trkpt>
<trkpt lat="41.592814583" lon="-77.390421547">
</trkpt>
<trkpt lat="41.592771922" lon="-77.390335983">
</trkpt>
<trkpt lat="41.592718595" lon="-77.390231403">
</trkpt>
<trkpt lat="41.592672378" lon="-77.390150593">
</trkpt>
<trkpt lat="41.592626161" lon="-77.390079288">
</trkpt>
<trkpt lat="41.5925835" lon="-77.390007984">
</trkpt>
<trkpt lat="41.592533728" lon="-77.389927174">
</trkpt>
<trkpt lat="41.592480401" lon="-77.389841608">
</trkpt>
<trkpt lat="41.592419963" lon="-77.389746537">
</trkpt>
<trkpt lat="41.592362398" lon="-77.389653111">
</trkpt>
<trkpt lat="41.59229958" lon="-77.389549326">
</trkpt>
<trkpt lat="41.592008096" lon="-77.389156715">
</trkpt>
<trkpt lat="41.59177015" lon="-77.388847385">
</trkpt>
<trkpt lat="41.591300207" lon="-77.388300109">
</trkpt>
<trkpt lat="41.590610163" lon="-77.387508938">
</trkpt>
<trkpt lat="41.589866581" lon="-77.386646384">
</trkpt>
<trkpt lat="41.589763346" lon="-77.38653347">
</trkpt>
<trkpt lat="41.589607781" lon="-77.386366731">
</trkpt>
<trkpt lat="41.589486901" lon="-77.38623363">
</trkpt>
<trkpt lat="41.589369576" lon="-77.386100529">
</trkpt>
<trkpt lat="41.589262916" lon="-77.385986443">
</trkpt>
<trkpt lat="41.589163367" lon="-77.385891372">
</trkpt>
<trkpt lat="41.589049597" lon="-77.385786793">
</trkpt>
<trkpt lat="41.588939381" lon="-77.38567746">
</trkpt>
<trkpt lat="41.588804278" lon="-77.385563374">
</trkpt>
<trkpt lat="41.588685072" lon="-77.385474716">
</trkpt>
<trkpt lat="41.588583846" lon="-77.385401751">
</trkpt>
<trkpt lat="41.588452298" lon="-77.385306679">
</trkpt>
<trkpt lat="41.58832786" lon="-77.385221115">
</trkpt>
<trkpt lat="41.588206977" lon="-77.385140304">
</trkpt>
<trkpt lat="41.58809676" lon="-77.385078507">
</trkpt>
<trkpt lat="41.587915436" lon="-77.384983435">
</trkpt>
<trkpt lat="41.58777322" lon="-77.384912131">
</trkpt>
<trkpt lat="41.587620337" lon="-77.384840827">
</trkpt>
<trkpt lat="41.5874319" lon="-77.384755263">
</trkpt>
<trkpt lat="41.587311016" lon="-77.38471248">
</trkpt>
<trkpt lat="41.587186576" lon="-77.384669698">
</trkpt>
<trkpt lat="41.587065691" lon="-77.384626916">
</trkpt>
<trkpt lat="41.58694125" lon="-77.38459364">
</trkpt>
<trkpt lat="41.586820365" lon="-77.384565119">
</trkpt>
<trkpt lat="41.586692368" lon="-77.384531844">
</trkpt>
<trkpt lat="41.586553705" lon="-77.384503322">
</trkpt>
<trkpt lat="41.586411486" lon="-77.384479554">
</trkpt>
<trkpt lat="41.586233712" lon="-77.384451032">
</trkpt>
<trkpt lat="41.586084381" lon="-77.384427264">
</trkpt>
<trkpt lat="41.585949272" lon="-77.384398743">
</trkpt>
<trkpt lat="41.585778608" lon="-77.384370221">
</trkpt>
<trkpt lat="41.585590166" lon="-77.384346454">
</trkpt>
<trkpt lat="41.585398167" lon="-77.384327439">
</trkpt>
<trkpt lat="41.585234438" lon="-77.384312988">
</trkpt>
<trkpt lat="41.584923251" lon="-77.384302615">
</trkpt>
<trkpt lat="41.584590127" lon="-77.384326409">
</trkpt>
<trkpt lat="41.584257002" lon="-77.384356153">
</trkpt>
<trkpt lat="41.583697829" lon="-77.384475126">
</trkpt>
<trkpt lat="41.583126758" lon="-77.384617893">
</trkpt>
<trkpt lat="41.582813243" lon="-77.384683959">
</trkpt>
<trkpt lat="41.582614125" lon="-77.384717233">
</trkpt>
<trkpt lat="41.582383005" lon="-77.384755263">
</trkpt>
<trkpt lat="41.582212331" lon="-77.384783784">
</trkpt>
<trkpt lat="41.582084325" lon="-77.384798045">
</trkpt>
<trkpt lat="41.581910095" lon="-77.384812306">
</trkpt>
<trkpt lat="41.58173942" lon="-77.38483132">
</trkpt>
<trkpt lat="41.58159719" lon="-77.384840827">
</trkpt>
<trkpt lat="41.581344732" lon="-77.384855088">
</trkpt>
<trkpt lat="41.581124275" lon="-77.384864595">
</trkpt>
<trkpt lat="41.580935819" lon="-77.384869349">
</trkpt>
<trkpt lat="41.580772253" lon="-77.384869349">
</trkpt>
<trkpt lat="41.580576684" lon="-77.384864595">
</trkpt>
<trkpt lat="41.58033489" lon="-77.384855088">
</trkpt>
<trkpt lat="41.580100205" lon="-77.384845581">
</trkpt>
<trkpt lat="41.579876188" lon="-77.384836073">
</trkpt>
<trkpt lat="41.579712619" lon="-77.384826566">
</trkpt>
<trkpt lat="41.579524159" lon="-77.384812306">
</trkpt>
<trkpt lat="41.579122346" lon="-77.384774277">
</trkpt>
<trkpt lat="41.578624521" lon="-77.384731494">
</trkpt>
<trkpt lat="41.578101801" lon="-77.384683959">
</trkpt>
<trkpt lat="41.577902669" lon="-77.384664944">
</trkpt>
<trkpt lat="41.577511513" lon="-77.384626916">
</trkpt>
<trkpt lat="41.577333714" lon="-77.384607901">
</trkpt>
<trkpt lat="41.577212811" lon="-77.384588887">
</trkpt>
<trkpt lat="41.577095464" lon="-77.384569872">
</trkpt>
<trkpt lat="41.576967448" lon="-77.38454135">
</trkpt>
<trkpt lat="41.576789648" lon="-77.384503322">
</trkpt>
<trkpt lat="41.576547838" lon="-77.384441525">
</trkpt>
<trkpt lat="41.576309585" lon="-77.384379728">
</trkpt>
<trkpt lat="41.576099778" lon="-77.384327439">
</trkpt>
<trkpt lat="41.575815294" lon="-77.384246628">
</trkpt>
<trkpt lat="41.575598375" lon="-77.384184832">
</trkpt>
<trkpt lat="41.575488136" lon="-77.38415631">
</trkpt>
<trkpt lat="41.575395678" lon="-77.384127788">
</trkpt>
<trkpt lat="41.574951166" lon="-77.384004195">
</trkpt>
<trkpt lat="41.57442486" lon="-77.383852079">
</trkpt>
<trkpt lat="41.574051464" lon="-77.3837475">
</trkpt>
<trkpt lat="41.573496701" lon="-77.383581125">
</trkpt>
<trkpt lat="41.57320865" lon="-77.383505067">
</trkpt>
<trkpt lat="41.572981052" lon="-77.383438517">
</trkpt>
<trkpt lat="41.572799685" lon="-77.383395734">
</trkpt>
<trkpt lat="41.572668104" lon="-77.383371967">
</trkpt>
<trkpt lat="41.572518742" lon="-77.383338691">
</trkpt>
<trkpt lat="41.572390717" lon="-77.383319677">
</trkpt>
<trkpt lat="41.572237798" lon="-77.383300663">
</trkpt>
<trkpt lat="41.572091991" lon="-77.383291155">
</trkpt>
<trkpt lat="41.571953297" lon="-77.383286402">
</trkpt>
<trkpt lat="41.571818159" lon="-77.383295909">
</trkpt>
<trkpt lat="41.571668794" lon="-77.383300663">
</trkpt>
<trkpt lat="41.571537211" lon="-77.38331017">
</trkpt>
<trkpt lat="41.571402072" lon="-77.383319677">
</trkpt>
<trkpt lat="41.571281157" lon="-77.383338691">
</trkpt>
<trkpt lat="41.571146018" lon="-77.383357706">
</trkpt>
<trkpt lat="41.57098954" lon="-77.383386227">
</trkpt>
<trkpt lat="41.57084373" lon="-77.383414749">
</trkpt>
<trkpt lat="41.570662357" lon="-77.383448024">
</trkpt>
<trkpt lat="41.570488095" lon="-77.383481299">
</trkpt>
<trkpt lat="41.570260488" lon="-77.383538342">
</trkpt>
<trkpt lat="41.570032881" lon="-77.383590632">
</trkpt>
<trkpt lat="41.569751926" lon="-77.38366669">
</trkpt>
<trkpt lat="41.569538542" lon="-77.383728486">
</trkpt>
<trkpt lat="41.569314488" lon="-77.38378553">
</trkpt>
<trkpt lat="41.56903353" lon="-77.383871094">
</trkpt>
<trkpt lat="41.568677886" lon="-77.38398518">
</trkpt>
<trkpt lat="41.568304458" lon="-77.384099266">
</trkpt>
<trkpt lat="41.568005713" lon="-77.384184832">
</trkpt>
<trkpt lat="41.56770341" lon="-77.384251381">
</trkpt>
<trkpt lat="41.567497133" lon="-77.384308424">
</trkpt>
<trkpt lat="41.567283741" lon="-77.384355961">
</trkpt>
<trkpt lat="41.567070349" lon="-77.38440825">
</trkpt>
<trkpt lat="41.566931644" lon="-77.384436771">
</trkpt>
<trkpt lat="41.566775155" lon="-77.38446054">
</trkpt>
<trkpt lat="41.566647119" lon="-77.384470047">
</trkpt>
<trkpt lat="41.566497743" lon="-77.384479554">
</trkpt>
<trkpt lat="41.566330584" lon="-77.384498568">
</trkpt>
<trkpt lat="41.566102962" lon="-77.384508076">
</trkpt>
<trkpt lat="41.565605037" lon="-77.384531844">
</trkpt>
<trkpt lat="41.564865255" lon="-77.384555611">
</trkpt>
<trkpt lat="41.564178815" lon="-77.384588887">
</trkpt>
<trkpt lat="41.563833814" lon="-77.384607901">
</trkpt>
<trkpt lat="41.563609741" lon="-77.384603147">
</trkpt>
<trkpt lat="41.563449687" lon="-77.384603147">
</trkpt>
<trkpt lat="41.56327185" lon="-77.384598393">
</trkpt>
<trkpt lat="41.563051331" lon="-77.384574626">
</trkpt>
<trkpt lat="41.56289839" lon="-77.384546104">
</trkpt>
<trkpt lat="41.562727665" lon="-77.384508076">
</trkpt>
<trkpt lat="41.562574724" lon="-77.38446054">
</trkpt>
<trkpt lat="41.562418224" lon="-77.384398743">
</trkpt>
<trkpt lat="41.562229714" lon="-77.384322685">
</trkpt>
<trkpt lat="41.56205543" lon="-77.384251381">
</trkpt>
<trkpt lat="41.561874032" lon="-77.384184832">
</trkpt>
<trkpt lat="41.561692634" lon="-77.384099266">
</trkpt>
<trkpt lat="41.561454325" lon="-77.383994687">
</trkpt>
<trkpt lat="41.561283596" lon="-77.38391863">
</trkpt>
<trkpt lat="41.561102195" lon="-77.383833065">
</trkpt>
<trkpt lat="41.560945693" lon="-77.3837475">
</trkpt>
<trkpt lat="41.560760735" lon="-77.383652429">
</trkpt>
<trkpt lat="41.560625573" lon="-77.383581125">
</trkpt>
<trkpt lat="41.560483297" lon="-77.383500314">
</trkpt>
<trkpt lat="41.560348135" lon="-77.383424256">
</trkpt>
<trkpt lat="41.560209415" lon="-77.383324431">
</trkpt>
<trkpt lat="41.560063581" lon="-77.383219851">
</trkpt>
<trkpt lat="41.559921303" lon="-77.383110519">
</trkpt>
<trkpt lat="41.559800367" lon="-77.383015447">
</trkpt>
<trkpt lat="41.559679431" lon="-77.382920375">
</trkpt>
<trkpt lat="41.559572723" lon="-77.38283481">
</trkpt>
<trkpt lat="41.559426888" lon="-77.382706463">
</trkpt>
<trkpt lat="41.559298837" lon="-77.38259713">
</trkpt>
<trkpt lat="41.559174343" lon="-77.382483044">
</trkpt>
<trkpt lat="41.559010722" lon="-77.382340437">
</trkpt>
<trkpt lat="41.558843543" lon="-77.382197828">
</trkpt>
<trkpt lat="41.558544755" lon="-77.381931628">
</trkpt>
<trkpt lat="41.558160596" lon="-77.381579861">
</trkpt>
<trkpt lat="41.557979188" lon="-77.3814325">
</trkpt>
<trkpt lat="41.557776436" lon="-77.381285138">
</trkpt>
<trkpt lat="41.557635077" lon="-77.381193731">
</trkpt>
<trkpt lat="41.557484667" lon="-77.381114532">
</trkpt>
<trkpt lat="41.557375287" lon="-77.381057489">
</trkpt>
<trkpt lat="41.55727391" lon="-77.381011141">
</trkpt>
<trkpt lat="41.557159194" lon="-77.380964794">
</trkpt>
<trkpt lat="41.55704181" lon="-77.380932707">
</trkpt>
<trkpt lat="41.556892412" lon="-77.38089349">
</trkpt>
<trkpt lat="41.55673501" lon="-77.380861403">
</trkpt>
<trkpt lat="41.556572272" lon="-77.380836447">
</trkpt>
<trkpt lat="41.556420205" lon="-77.380818621">
</trkpt>
<trkpt lat="41.556249462" lon="-77.38080436">
</trkpt>
<trkpt lat="41.556105398" lon="-77.380800795">
</trkpt>
<trkpt lat="41.55595333" lon="-77.380815056">
</trkpt>
<trkpt lat="41.555801261" lon="-77.380832882">
</trkpt>
<trkpt lat="41.555635853" lon="-77.380872099">
</trkpt>
<trkpt lat="41.555481116" lon="-77.380911316">
</trkpt>
<trkpt lat="41.555323711" lon="-77.380971924">
</trkpt>
<trkpt lat="41.555182312" lon="-77.381043228">
</trkpt>
<trkpt lat="41.555040913" lon="-77.381128793">
</trkpt>
<trkpt lat="41.554995085" lon="-77.381154403">
</trkpt>
<trkpt lat="41.554868259" lon="-77.381234677">
</trkpt>
<trkpt lat="41.554822786" lon="-77.381268097">
</trkpt>
<trkpt lat="41.554668568" lon="-77.381394855">
</trkpt>
<trkpt lat="41.553474835" lon="-77.382501393">
</trkpt>
<trkpt lat="41.552363375" lon="-77.38352814">
</trkpt>
<trkpt lat="41.552110485" lon="-77.383767236">
</trkpt>
<trkpt lat="41.551859276" lon="-77.384006116">
</trkpt>
<trkpt lat="41.551615325" lon="-77.384246628">
</trkpt>
<trkpt lat="41.551305831" lon="-77.384550858">
</trkpt>
<trkpt lat="41.550957204" lon="-77.384883609">
</trkpt>
<trkpt lat="41.550622805" lon="-77.3852021">
</trkpt>
<trkpt lat="41.550452047" lon="-77.385358969">
</trkpt>
<trkpt lat="41.550277731" lon="-77.385539606">
</trkpt>
<trkpt lat="41.550106973" lon="-77.385696474">
</trkpt>
<trkpt lat="41.549932657" lon="-77.385853343">
</trkpt>
<trkpt lat="41.549736994" lon="-77.386057747">
</trkpt>
<trkpt lat="41.549552004" lon="-77.386262152">
</trkpt>
<trkpt lat="41.549359899" lon="-77.386466557">
</trkpt>
<trkpt lat="41.54911443" lon="-77.386766033">
</trkpt>
<trkpt lat="41.548854729" lon="-77.387113046">
</trkpt>
<trkpt lat="41.548644833" lon="-77.387441043">
</trkpt>
<trkpt lat="41.548513204" lon="-77.387654955">
</trkpt>
<trkpt lat="41.548370901" lon="-77.387897388">
</trkpt>
<trkpt lat="41.548267732" lon="-77.388078025">
</trkpt>
<trkpt lat="41.54816812" lon="-77.388282429">
</trkpt>
<trkpt lat="41.548015144" lon="-77.388591413">
</trkpt>
<trkpt lat="41.547904858" lon="-77.388800571">
</trkpt>
<trkpt lat="41.547627365" lon="-77.389394771">
</trkpt>
<trkpt lat="41.547460157" lon="-77.389770304">
</trkpt>
<trkpt lat="41.547328525" lon="-77.390065027">
</trkpt>
<trkpt lat="41.547104393" lon="-77.390540387">
</trkpt>
<trkpt lat="41.546894492" lon="-77.391001486">
</trkpt>
<trkpt lat="41.546649014" lon="-77.391548149">
</trkpt>
<trkpt lat="41.546396419" lon="-77.392061538">
</trkpt>
<trkpt lat="41.546150939" lon="-77.392603447">
</trkpt>
<trkpt lat="41.545681321" lon="-77.39361121">
</trkpt>
<trkpt lat="41.545005351" lon="-77.395089577">
</trkpt>
<trkpt lat="41.544567745" lon="-77.396016528">
</trkpt>
<trkpt lat="41.544226198" lon="-77.396767596">
</trkpt>
<trkpt lat="41.54407677" lon="-77.39709084">
</trkpt>
<trkpt lat="41.543898879" lon="-77.397485389">
</trkpt>
<trkpt lat="41.543642716" lon="-77.398046312">
</trkpt>
<trkpt lat="41.543333184" lon="-77.398692802">
</trkpt>
<trkpt lat="41.543094808" lon="-77.399215697">
</trkpt>
<trkpt lat="41.542916914" lon="-77.399610245">
</trkpt>
<trkpt lat="41.542735463" lon="-77.400004793">
</trkpt>
<trkpt lat="41.542525548" lon="-77.400442125">
</trkpt>
<trkpt lat="41.542276494" lon="-77.401022063">
</trkpt>
<trkpt lat="41.542123504" lon="-77.40138809">
</trkpt>
<trkpt lat="41.541707227" lon="-77.402253244">
</trkpt>
<trkpt lat="41.541561351" lon="-77.402571735">
</trkpt>
<trkpt lat="41.541404801" lon="-77.402885472">
</trkpt>
<trkpt lat="41.541283831" lon="-77.40316118">
</trkpt>
<trkpt lat="41.541173534" lon="-77.403389353">
</trkpt>
<trkpt lat="41.541009867" lon="-77.403741119">
</trkpt>
<trkpt lat="41.540817736" lon="-77.404159435">
</trkpt>
<trkpt lat="41.540394334" lon="-77.405076879">
</trkpt>
<trkpt lat="41.5400243" lon="-77.405927772">
</trkpt>
<trkpt lat="41.539672895" lon="-77.406758106">
</trkpt>
<trkpt lat="41.539636161" lon="-77.406848007">
</trkpt>
<trkpt lat="41.538761709" lon="-77.409090649">
</trkpt>
<trkpt lat="41.538103711" lon="-77.410718151">
</trkpt>
<trkpt lat="41.537850307" lon="-77.411380145">
</trkpt>
<trkpt lat="41.537772028" lon="-77.41158455">
</trkpt>
<trkpt lat="41.53769019" lon="-77.411793708">
</trkpt>
<trkpt lat="41.537587004" lon="-77.412055156">
</trkpt>
<trkpt lat="41.537401978" lon="-77.412525762">
</trkpt>
<trkpt lat="41.537281" lon="-77.412825238">
</trkpt>
<trkpt lat="41.537174255" lon="-77.413096194">
</trkpt>
<trkpt lat="41.537067509" lon="-77.413390916">
</trkpt>
<trkpt lat="41.536978554" lon="-77.413633349">
</trkpt>
<trkpt lat="41.536893158" lon="-77.41388529">
</trkpt>
<trkpt lat="41.536804203" lon="-77.414160998">
</trkpt>
<trkpt lat="41.536718805" lon="-77.414422447">
</trkpt>
<trkpt lat="41.536594268" lon="-77.414793226">
</trkpt>
<trkpt lat="41.536418136" lon="-77.415361281">
</trkpt>
<trkpt lat="41.536325622" lon="-77.415653627">
</trkpt>
<trkpt lat="41.536300714" lon="-77.415729685">
</trkpt>
<trkpt lat="41.536275806" lon="-77.415793858">
</trkpt>
<trkpt lat="41.536250899" lon="-77.415850902">
</trkpt>
<trkpt lat="41.536220654" lon="-77.415922205">
</trkpt>
<trkpt lat="41.536192188" lon="-77.415991132">
</trkpt>
<trkpt lat="41.53616728" lon="-77.416050552">
</trkpt>
<trkpt lat="41.536144151" lon="-77.416121856">
</trkpt>
<trkpt lat="41.536124581" lon="-77.416178899">
</trkpt>
<trkpt lat="41.536105011" lon="-77.416257334">
</trkpt>
<trkpt lat="41.53608544" lon="-77.416345275">
</trkpt>
<trkpt lat="41.53606587" lon="-77.416440347">
</trkpt>
<trkpt lat="41.536049858" lon="-77.416521158">
</trkpt>
<trkpt lat="41.536033845" lon="-77.4166091">
</trkpt>
<trkpt lat="41.536021392" lon="-77.416685157">
</trkpt>
<trkpt lat="41.536008938" lon="-77.416775476">
</trkpt>
<trkpt lat="41.535994705" lon="-77.416882432">
</trkpt>
<trkpt lat="41.53598403" lon="-77.416982257">
</trkpt>
<trkpt lat="41.535971576" lon="-77.417084459">
</trkpt>
<trkpt lat="41.535950227" lon="-77.417255588">
</trkpt>
<trkpt lat="41.535907528" lon="-77.41758834">
</trkpt>
<trkpt lat="41.535889737" lon="-77.417749963">
</trkpt>
<trkpt lat="41.535875504" lon="-77.417864049">
</trkpt>
<trkpt lat="41.535864829" lon="-77.41795912">
</trkpt>
<trkpt lat="41.535857712" lon="-77.418058946">
</trkpt>
<trkpt lat="41.535850596" lon="-77.418144511">
</trkpt>
<trkpt lat="41.535839921" lon="-77.418320394">
</trkpt>
<trkpt lat="41.535772314" lon="-77.419128505">
</trkpt>
<trkpt lat="41.535722498" lon="-77.419846297">
</trkpt>
<trkpt lat="41.535701149" lon="-77.420136267">
</trkpt>
<trkpt lat="41.535686915" lon="-77.420369193">
</trkpt>
<trkpt lat="41.535662007" lon="-77.42068293">
</trkpt>
<trkpt lat="41.535637099" lon="-77.420958639">
</trkpt>
<trkpt lat="41.535612192" lon="-77.42117255">
</trkpt>
<trkpt lat="41.5355944" lon="-77.421362694">
</trkpt>
<trkpt lat="41.535576609" lon="-77.421514809">
</trkpt>
<trkpt lat="41.535544585" lon="-77.421800025">
</trkpt>
<trkpt lat="41.535505443" lon="-77.422080487">
</trkpt>
<trkpt lat="41.535466302" lon="-77.422337181">
</trkpt>
<trkpt lat="41.535430719" lon="-77.422541585">
</trkpt>
<trkpt lat="41.535380904" lon="-77.422812541">
</trkpt>
<trkpt lat="41.535338204" lon="-77.423021699">
</trkpt>
<trkpt lat="41.535291946" lon="-77.423211843">
</trkpt>
<trkpt lat="41.535245689" lon="-77.42340674">
</trkpt>
<trkpt lat="41.535199431" lon="-77.423563609">
</trkpt>
<trkpt lat="41.535146056" lon="-77.423739491">
</trkpt>
<trkpt lat="41.535085565" lon="-77.423939142">
</trkpt>
<trkpt lat="41.535021515" lon="-77.42413404">
</trkpt>
<trkpt lat="41.534943233" lon="-77.424371719">
</trkpt>
<trkpt lat="41.534847158" lon="-77.424647428">
</trkpt>
<trkpt lat="41.534754642" lon="-77.424894615">
</trkpt>
<trkpt lat="41.534655009" lon="-77.425122787">
</trkpt>
<trkpt lat="41.534576726" lon="-77.425303424">
</trkpt>
<trkpt lat="41.534498443" lon="-77.425460293">
</trkpt>
<trkpt lat="41.534423717" lon="-77.425583886">
</trkpt>
<trkpt lat="41.534338317" lon="-77.425716987">
</trkpt>
<trkpt lat="41.534220892" lon="-77.42589287">
</trkpt>
<trkpt lat="41.534124817" lon="-77.426040231">
</trkpt>
<trkpt lat="41.53400739" lon="-77.426201854">
</trkpt>
<trkpt lat="41.533918431" lon="-77.426306433">
</trkpt>
<trkpt lat="41.533776096" lon="-77.426477562">
</trkpt>
<trkpt lat="41.533427375" lon="-77.426819821">
</trkpt>
<trkpt lat="41.533174729" lon="-77.427038486">
</trkpt>
<trkpt lat="41.533000367" lon="-77.427195354">
</trkpt>
<trkpt lat="41.532893614" lon="-77.427276166">
</trkpt>
<trkpt lat="41.532793978" lon="-77.427328455">
</trkpt>
<trkpt lat="41.532683666" lon="-77.427380745">
</trkpt>
<trkpt lat="41.532587589" lon="-77.427409267">
</trkpt>
<trkpt lat="41.53247016" lon="-77.427442542">
</trkpt>
<trkpt lat="41.53233138" lon="-77.427471064">
</trkpt>
<trkpt lat="41.532196159" lon="-77.427490077">
</trkpt>
<trkpt lat="41.532064496" lon="-77.427494831">
</trkpt>
<trkpt lat="41.531975534" lon="-77.427494831">
</trkpt>
<trkpt lat="41.53184387" lon="-77.427490077">
</trkpt>
<trkpt lat="41.531733557" lon="-77.427475816">
</trkpt>
<trkpt lat="41.531616127" lon="-77.427456803">
</trkpt>
<trkpt lat="41.531495138" lon="-77.427428281">
</trkpt>
<trkpt lat="41.531374149" lon="-77.427399759">
</trkpt>
<trkpt lat="41.531263835" lon="-77.427352224">
</trkpt>
<trkpt lat="41.531146405" lon="-77.427299934">
</trkpt>
<trkpt lat="41.531032532" lon="-77.427247644">
</trkpt>
<trkpt lat="41.530886632" lon="-77.427166833">
</trkpt>
<trkpt lat="41.530747849" lon="-77.427095529">
</trkpt>
<trkpt lat="41.5306233" lon="-77.427028979">
</trkpt>
<trkpt lat="41.530502309" lon="-77.426967182">
</trkpt>
<trkpt lat="41.530356408" lon="-77.426900632">
</trkpt>
<trkpt lat="41.529498789" lon="-77.426411012">
</trkpt>
<trkpt lat="41.529082431" lon="-77.426187593">
</trkpt>
<trkpt lat="41.528730125" lon="-77.425997449">
</trkpt>
<trkpt lat="41.52853084" lon="-77.425897623">
</trkpt>
<trkpt lat="41.528224795" lon="-77.425769276">
</trkpt>
<trkpt lat="41.527865366" lon="-77.425607654">
</trkpt>
<trkpt lat="41.527673197" lon="-77.425531596">
</trkpt>
<trkpt lat="41.527537966" lon="-77.425479307">
</trkpt>
<trkpt lat="41.527402734" lon="-77.425436525">
</trkpt>
<trkpt lat="41.527288855" lon="-77.42540325">
</trkpt>
<trkpt lat="41.527135829" lon="-77.425374728">
</trkpt>
<trkpt lat="41.526986362" lon="-77.425346206">
</trkpt>
<trkpt lat="41.526829777" lon="-77.425322438">
</trkpt>
<trkpt lat="41.526719455" lon="-77.425308177">
</trkpt>
<trkpt lat="41.526609133" lon="-77.425293916">
</trkpt>
<trkpt lat="41.526473901" lon="-77.425293916">
</trkpt>
<trkpt lat="41.526310196" lon="-77.425308177">
</trkpt>
<trkpt lat="41.526118022" lon="-77.425327192">
</trkpt>
<trkpt lat="41.525879582" lon="-77.425346206">
</trkpt>
<trkpt lat="41.525698082" lon="-77.425365221">
</trkpt>
<trkpt lat="41.525559288" lon="-77.425384235">
</trkpt>
<trkpt lat="41.525445406" lon="-77.42540325">
</trkpt>
<trkpt lat="41.525345758" lon="-77.42541751">
</trkpt>
<trkpt lat="41.525260346" lon="-77.425436525">
</trkpt>
<trkpt lat="41.525192833" lon="-77.425449443">
</trkpt>
<trkpt lat="41.524734786" lon="-77.425633852">
</trkpt>
<trkpt lat="41.524217254" lon="-77.425937233">
</trkpt>
<trkpt lat="41.523788951" lon="-77.426252511">
</trkpt>
<trkpt lat="41.52352721" lon="-77.426502355">
</trkpt>
<trkpt lat="41.523277366" lon="-77.426799787">
</trkpt>
<trkpt lat="41.52314671" lon="-77.426962224">
</trkpt>
<trkpt lat="41.523028913" lon="-77.427152572">
</trkpt>
<trkpt lat="41.522964852" lon="-77.427266658">
</trkpt>
<trkpt lat="41.522868759" lon="-77.427428281">
</trkpt>
<trkpt lat="41.522772667" lon="-77.427594656">
</trkpt>
<trkpt lat="41.522652833" lon="-77.427806564">
</trkpt>
<trkpt lat="41.522519979" lon="-77.428089031">
</trkpt>
<trkpt lat="41.522455917" lon="-77.428264914">
</trkpt>
<trkpt lat="41.522406091" lon="-77.428421782">
</trkpt>
<trkpt lat="41.522370502" lon="-77.428554883">
</trkpt>
<trkpt lat="41.522331352" lon="-77.42873552">
</trkpt>
<trkpt lat="41.522299321" lon="-77.42886862">
</trkpt>
<trkpt lat="41.522277967" lon="-77.428982706">
</trkpt>
<trkpt lat="41.522256613" lon="-77.429101546">
</trkpt>
<trkpt lat="41.522238818" lon="-77.429229893">
</trkpt>
<trkpt lat="41.522224582" lon="-77.429353487">
</trkpt>
<trkpt lat="41.522213905" lon="-77.429486587">
</trkpt>
<trkpt lat="41.522206787" lon="-77.429638702">
</trkpt>
<trkpt lat="41.522206787" lon="-77.429795571">
</trkpt>
<trkpt lat="41.522210346" lon="-77.429928672">
</trkpt>
<trkpt lat="41.522221023" lon="-77.430057019">
</trkpt>
<trkpt lat="41.522235259" lon="-77.430185365">
</trkpt>
<trkpt lat="41.522245936" lon="-77.430289945">
</trkpt>
<trkpt lat="41.522260172" lon="-77.430399278">
</trkpt>
<trkpt lat="41.522277967" lon="-77.430494349">
</trkpt>
<trkpt lat="41.52230288" lon="-77.430636957">
</trkpt>
<trkpt lat="41.522349148" lon="-77.430846115">
</trkpt>
<trkpt lat="41.522381179" lon="-77.430988723">
</trkpt>
<trkpt lat="41.522420327" lon="-77.431150346">
</trkpt>
<trkpt lat="41.522473712" lon="-77.43130246">
</trkpt>
<trkpt lat="41.522527097" lon="-77.431435561">
</trkpt>
<trkpt lat="41.522591159" lon="-77.431568661">
</trkpt>
<trkpt lat="41.522648103" lon="-77.431677994">
</trkpt>
<trkpt lat="41.522708606" lon="-77.43177782">
</trkpt>
<trkpt lat="41.522765549" lon="-77.431872892">
</trkpt>
<trkpt lat="41.522818934" lon="-77.43196321">
</trkpt>
<trkpt lat="41.522882995" lon="-77.432063036">
</trkpt>
<trkpt lat="41.522943498" lon="-77.432158107">
</trkpt>
<trkpt lat="41.523021796" lon="-77.432262686">
</trkpt>
<trkpt lat="41.523092975" lon="-77.432353005">
</trkpt>
<trkpt lat="41.523167713" lon="-77.432448077">
</trkpt>
<trkpt lat="41.523224656" lon="-77.432524135">
</trkpt>
<trkpt lat="41.523285159" lon="-77.432590684">
</trkpt>
<trkpt lat="41.523349219" lon="-77.432666742">
</trkpt>
<trkpt lat="41.523427516" lon="-77.432771321">
</trkpt>
<trkpt lat="41.523512931" lon="-77.4328759">
</trkpt>
<trkpt lat="41.523601904" lon="-77.43298048">
</trkpt>
<trkpt lat="41.523704152" lon="-77.433086424">
</trkpt>
<trkpt lat="41.523842488" lon="-77.433260024">
</trkpt>
<trkpt lat="41.524252945" lon="-77.433747813">
</trkpt>
<trkpt lat="41.524426045" lon="-77.433957696">
</trkpt>
<trkpt lat="41.525345758" lon="-77.4350578">
</trkpt>
<trkpt lat="41.526142934" lon="-77.436051301">
</trkpt>
<trkpt lat="41.526509488" lon="-77.436507646">
</trkpt>
<trkpt lat="41.52659134" lon="-77.436626486">
</trkpt>
<trkpt lat="41.526655398" lon="-77.436740572">
</trkpt>
<trkpt lat="41.526715897" lon="-77.436854658">
</trkpt>
<trkpt lat="41.526769278" lon="-77.436978252">
</trkpt>
<trkpt lat="41.5268191" lon="-77.437097092">
</trkpt>
<trkpt lat="41.526872482" lon="-77.437230193">
</trkpt>
<trkpt lat="41.526911628" lon="-77.437344279">
</trkpt>
<trkpt lat="41.526943657" lon="-77.437453612">
</trkpt>
<trkpt lat="41.526975686" lon="-77.437577205">
</trkpt>
<trkpt lat="41.527000597" lon="-77.437705552">
</trkpt>
<trkpt lat="41.527014832" lon="-77.437810132">
</trkpt>
<trkpt lat="41.527029067" lon="-77.437905203">
</trkpt>
<trkpt lat="41.527036185" lon="-77.437995521">
</trkpt>
<trkpt lat="41.527043302" lon="-77.438109607">
</trkpt>
<trkpt lat="41.527046861" lon="-77.438247462">
</trkpt>
<trkpt lat="41.527053978" lon="-77.438437606">
</trkpt>
<trkpt lat="41.527135829" lon="-77.440353304">
</trkpt>
<trkpt lat="41.527203445" lon="-77.442045584">
</trkpt>
<trkpt lat="41.527228356" lon="-77.442497175">
</trkpt>
<trkpt lat="41.527228356" lon="-77.442668305">
</trkpt>
<trkpt lat="41.527221239" lon="-77.442801406">
</trkpt>
<trkpt lat="41.527214121" lon="-77.442929753">
</trkpt>
<trkpt lat="41.527203445" lon="-77.443062853">
</trkpt>
<trkpt lat="41.527192769" lon="-77.443205461">
</trkpt>
<trkpt lat="41.527178534" lon="-77.443357576">
</trkpt>
<trkpt lat="41.527157182" lon="-77.443504938">
</trkpt>
<trkpt lat="41.527125153" lon="-77.44366656">
</trkpt>
<trkpt lat="41.527100242" lon="-77.443804414">
</trkpt>
<trkpt lat="41.527068213" lon="-77.443951776">
</trkpt>
<trkpt lat="41.527025508" lon="-77.444108644">
</trkpt>
<trkpt lat="41.526972127" lon="-77.444241745">
</trkpt>
<trkpt lat="41.526911628" lon="-77.444398613">
</trkpt>
<trkpt lat="41.526836895" lon="-77.444564989">
</trkpt>
<trkpt lat="41.526772836" lon="-77.444707597">
</trkpt>
<trkpt lat="41.526694544" lon="-77.444869219">
</trkpt>
<trkpt lat="41.526644721" lon="-77.444983306">
</trkpt>
<trkpt lat="41.52659134" lon="-77.445092638">
</trkpt>
<trkpt lat="41.526516606" lon="-77.445230493">
</trkpt>
<trkpt lat="41.526424077" lon="-77.445387361">
</trkpt>
<trkpt lat="41.526338667" lon="-77.445520462">
</trkpt>
<trkpt lat="41.526263932" lon="-77.445634548">
</trkpt>
<trkpt lat="41.526185639" lon="-77.445734374">
</trkpt>
<trkpt lat="41.526107345" lon="-77.445829445">
</trkpt>
<trkpt lat="41.526014816" lon="-77.44592927">
</trkpt>
<trkpt lat="41.52591517" lon="-77.446019589">
</trkpt>
<trkpt lat="41.525819082" lon="-77.446109907">
</trkpt>
<trkpt lat="41.525737229" lon="-77.446176458">
</trkpt>
<trkpt lat="41.525623347" lon="-77.446266776">
</trkpt>
<trkpt lat="41.525477435" lon="-77.446390369">
</trkpt>
<trkpt lat="41.52533864" lon="-77.446494949">
</trkpt>
<trkpt lat="41.525221199" lon="-77.446571006">
</trkpt>
<trkpt lat="41.525107315" lon="-77.446623295">
</trkpt>
<trkpt lat="41.524989874" lon="-77.446675585">
</trkpt>
<trkpt lat="41.524861755" lon="-77.44670886">
</trkpt>
<trkpt lat="41.524776341" lon="-77.446732628">
</trkpt>
<trkpt lat="41.524680252" lon="-77.446746889">
</trkpt>
<trkpt lat="41.524584163" lon="-77.446756396">
</trkpt>
<trkpt lat="41.524473837" lon="-77.446765904">
</trkpt>
<trkpt lat="41.524363512" lon="-77.446780165">
</trkpt>
<trkpt lat="41.524260303" lon="-77.446789671">
</trkpt>
<trkpt lat="41.524128024" lon="-77.446793208">
</trkpt>
<trkpt lat="41.523771105" lon="-77.446775362">
</trkpt>
<trkpt lat="41.523354699" lon="-77.446703978">
</trkpt>
<trkpt lat="41.522361274" lon="-77.446543365">
</trkpt>
<trkpt lat="41.521403541" lon="-77.446448186">
</trkpt>
<trkpt lat="41.520850316" lon="-77.4463887">
</trkpt>
<trkpt lat="41.519975864" lon="-77.446251881">
</trkpt>
<trkpt lat="41.519006234" lon="-77.446126959">
</trkpt>
<trkpt lat="41.518673109" lon="-77.446085319">
</trkpt>
<trkpt lat="41.518447061" lon="-77.446091267">
</trkpt>
<trkpt lat="41.518380808" lon="-77.446093971">
</trkpt>
<trkpt lat="41.518245487" lon="-77.4461004">
</trkpt>
<trkpt lat="41.518099558" lon="-77.446114661">
</trkpt>
<trkpt lat="41.517953629" lon="-77.446138429">
</trkpt>
<trkpt lat="41.516156186" lon="-77.44633808">
</trkpt>
<trkpt lat="41.515835844" lon="-77.446380863">
</trkpt>
<trkpt lat="41.515600926" lon="-77.446418891">
</trkpt>
<trkpt lat="41.515394482" lon="-77.446461673">
</trkpt>
<trkpt lat="41.515163121" lon="-77.446504455">
</trkpt>
<trkpt lat="41.514675482" lon="-77.446623295">
</trkpt>
<trkpt lat="41.514130888" lon="-77.446770657">
</trkpt>
<trkpt lat="41.513945796" lon="-77.446822947">
</trkpt>
<trkpt lat="41.513835453" lon="-77.446865729">
</trkpt>
<trkpt lat="41.513732228" lon="-77.446918018">
</trkpt>
<trkpt lat="41.513621884" lon="-77.446979815">
</trkpt>
<trkpt lat="41.513486623" lon="-77.447055873">
</trkpt>
<trkpt lat="41.513379838" lon="-77.447136683">
</trkpt>
<trkpt lat="41.513287291" lon="-77.447212741">
</trkpt>
<trkpt lat="41.513166268" lon="-77.447307813">
</trkpt>
<trkpt lat="41.512881507" lon="-77.447550246">
</trkpt>
<trkpt lat="41.512385371" lon="-77.448026863">
</trkpt>
<trkpt lat="41.511017194" lon="-77.449481999">
</trkpt>
<trkpt lat="41.510083255" lon="-77.450546808">
</trkpt>
<trkpt lat="41.509779874" lon="-77.450903727">
</trkpt>
<trkpt lat="41.509417006" lon="-77.451385568">
</trkpt>
<trkpt lat="41.509157115" lon="-77.451736649">
</trkpt>
<trkpt lat="41.508945164" lon="-77.452064895">
</trkpt>
<trkpt lat="41.508596092" lon="-77.452646682">
</trkpt>
<trkpt lat="41.507906049" lon="-77.453800721">
</trkpt>
<trkpt lat="41.5072398" lon="-77.4549964">
</trkpt>
<trkpt lat="41.506769856" lon="-77.455918441">
</trkpt>
<trkpt lat="41.506631998" lon="-77.456208482">
</trkpt>
<trkpt lat="41.506097289" lon="-77.457412574">
</trkpt>
<trkpt lat="41.505984634" lon="-77.457691139">
</trkpt>
<trkpt lat="41.50574282" lon="-77.458273283">
</trkpt>
<trkpt lat="41.505484395" lon="-77.458963627">
</trkpt>
<trkpt lat="41.505256558" lon="-77.45956258">
</trkpt>
<trkpt lat="41.505075001" lon="-77.460071214">
</trkpt>
<trkpt lat="41.505003802" lon="-77.460313648">
</trkpt>
<trkpt lat="41.504939723" lon="-77.460565589">
</trkpt>
<trkpt lat="41.504893443" lon="-77.460784254">
</trkpt>
<trkpt lat="41.504857844" lon="-77.460983905">
</trkpt>
<trkpt lat="41.504818684" lon="-77.461193063">
</trkpt>
<trkpt lat="41.504786644" lon="-77.461392713">
</trkpt>
<trkpt lat="41.504747485" lon="-77.461592365">
</trkpt>
<trkpt lat="41.504704765" lon="-77.461825291">
</trkpt>
<trkpt lat="41.504676285" lon="-77.462005928">
</trkpt>
<trkpt lat="41.504654925" lon="-77.462153289">
</trkpt>
<trkpt lat="41.504626446" lon="-77.462357694">
</trkpt>
<trkpt lat="41.504597966" lon="-77.462557344">
</trkpt>
<trkpt lat="41.504576606" lon="-77.46270946">
</trkpt>
<trkpt lat="41.504562366" lon="-77.462856821">
</trkpt>
<trkpt lat="41.504548126" lon="-77.463032704">
</trkpt>
<trkpt lat="41.504541006" lon="-77.463213341">
</trkpt>
<trkpt lat="41.504537446" lon="-77.463393978">
</trkpt>
<trkpt lat="41.504512526" lon="-77.464848577">
</trkpt>
<trkpt lat="41.504476926" lon="-77.465984686">
</trkpt>
<trkpt lat="41.504448447" lon="-77.466949666">
</trkpt>
<trkpt lat="41.504434206" lon="-77.467353722">
</trkpt>
<trkpt lat="41.504419966" lon="-77.46756288">
</trkpt>
<trkpt lat="41.504409286" lon="-77.467743516">
</trkpt>
<trkpt lat="41.504391487" lon="-77.467962181">
</trkpt>
<trkpt lat="41.504359447" lon="-77.468366237">
</trkpt>
<trkpt lat="41.504345207" lon="-77.468570642">
</trkpt>
<trkpt lat="41.504327407" lon="-77.468737018">
</trkpt>
<trkpt lat="41.504298927" lon="-77.46889864">
</trkpt>
<trkpt lat="41.504274007" lon="-77.469074523">
</trkpt>
<trkpt lat="41.504249087" lon="-77.469236145">
</trkpt>
<trkpt lat="41.504224167" lon="-77.469359739">
</trkpt>
<trkpt lat="41.504206367" lon="-77.469450056">
</trkpt>
<trkpt lat="41.504174327" lon="-77.46957365">
</trkpt>
<trkpt lat="41.504135167" lon="-77.469725765">
</trkpt>
<trkpt lat="41.504085327" lon="-77.469920662">
</trkpt>
<trkpt lat="41.504039047" lon="-77.470087038">
</trkpt>
<trkpt lat="41.504007007" lon="-77.470196371">
</trkpt>
<trkpt lat="41.503971406" lon="-77.470305703">
</trkpt>
<trkpt lat="41.503942927" lon="-77.470386515">
</trkpt>
<trkpt lat="41.503907326" lon="-77.470476833">
</trkpt>
<trkpt lat="41.503875286" lon="-77.470557644">
</trkpt>
<trkpt lat="41.503768485" lon="-77.470857121">
</trkpt>
<trkpt lat="41.503302121" lon="-77.472064534">
</trkpt>
<trkpt lat="41.503138358" lon="-77.47248285">
</trkpt>
<trkpt lat="41.503038676" lon="-77.472701516">
</trkpt>
<trkpt lat="41.502974595" lon="-77.472825109">
</trkpt>
<trkpt lat="41.502906953" lon="-77.472962963">
</trkpt>
<trkpt lat="41.502846432" lon="-77.473081803">
</trkpt>
<trkpt lat="41.502768111" lon="-77.473224411">
</trkpt>
<trkpt lat="41.502704029" lon="-77.473343251">
</trkpt>
<trkpt lat="41.502632827" lon="-77.473457337">
</trkpt>
<trkpt lat="41.502572306" lon="-77.473552409">
</trkpt>
<trkpt lat="41.502504664" lon="-77.47364748">
</trkpt>
<trkpt lat="41.502422782" lon="-77.473742553">
</trkpt>
<trkpt lat="41.50233734" lon="-77.473842378">
</trkpt>
<trkpt lat="41.502248337" lon="-77.473923189">
</trkpt>
<trkpt lat="41.502145094" lon="-77.474008754">
</trkpt>
<trkpt lat="41.502056091" lon="-77.474084812">
</trkpt>
<trkpt lat="41.501917246" lon="-77.474203652">
</trkpt>
<trkpt lat="41.501814003" lon="-77.474298723">
</trkpt>
<trkpt lat="41.501696518" lon="-77.474398548">
</trkpt>
<trkpt lat="41.501536312" lon="-77.47454591">
</trkpt>
<trkpt lat="41.501226578" lon="-77.474821619">
</trkpt>
<trkpt lat="41.501087731" lon="-77.474940459">
</trkpt>
<trkpt lat="41.500952445" lon="-77.475040284">
</trkpt>
<trkpt lat="41.500749514" lon="-77.475173385">
</trkpt>
<trkpt lat="41.500553703" lon="-77.475306485">
</trkpt>
<trkpt lat="41.50032229" lon="-77.475453847">
</trkpt>
<trkpt lat="41.50017276" lon="-77.475544165">
</trkpt>
<trkpt lat="41.500037472" lon="-77.475624976">
</trkpt>
<trkpt lat="41.499866581" lon="-77.475729555">
</trkpt>
<trkpt lat="41.499692129" lon="-77.475810367">
</trkpt>
<trkpt lat="41.499499875" lon="-77.475895931">
</trkpt>
<trkpt lat="41.499336103" lon="-77.475967235">
</trkpt>
<trkpt lat="41.499200812" lon="-77.476024278">
</trkpt>
<trkpt lat="41.499079763" lon="-77.476071814">
</trkpt>
<trkpt lat="41.498955153" lon="-77.476109842">
</trkpt>
<trkpt lat="41.498802061" lon="-77.476157379">
</trkpt>
<trkpt lat="41.498666769" lon="-77.476200161">
</trkpt>
<trkpt lat="41.498538598" lon="-77.476233436">
</trkpt>
<trkpt lat="41.498396185" lon="-77.476266712">
</trkpt>
<trkpt lat="41.498221729" lon="-77.476309494">
</trkpt>
<trkpt lat="41.497794488" lon="-77.476404565">
</trkpt>
<trkpt lat="41.497502539" lon="-77.476461608">
</trkpt>
<trkpt lat="41.497249752" lon="-77.476504391">
</trkpt>
<trkpt lat="41.496972041" lon="-77.476566187">
</trkpt>
<trkpt lat="41.496836746" lon="-77.476594709">
</trkpt>
<trkpt lat="41.496633803" lon="-77.476642245">
</trkpt>
<trkpt lat="41.496430859" lon="-77.476689781">
</trkpt>
<trkpt lat="41.496252837" lon="-77.476723057">
</trkpt>
<trkpt lat="41.496046331" lon="-77.476770592">
</trkpt>
<trkpt lat="41.495814902" lon="-77.476818128">
</trkpt>
<trkpt lat="41.495272377" lon="-77.476887438">
</trkpt>
<trkpt lat="41.495128343" lon="-77.476917184">
</trkpt>
<trkpt lat="41.494206302" lon="-77.477095643">
</trkpt>
<trkpt lat="41.493635232" lon="-77.477232463">
</trkpt>
<trkpt lat="41.493359693" lon="-77.477320316">
</trkpt>
<trkpt lat="41.493159609" lon="-77.477396358">
</trkpt>
<trkpt lat="41.492856091" lon="-77.477550181">
</trkpt>
<trkpt lat="41.492642453" lon="-77.477654761">
</trkpt>
<trkpt lat="41.492414572" lon="-77.477764094">
</trkpt>
<trkpt lat="41.49219025" lon="-77.477868673">
</trkpt>
<trkpt lat="41.492022899" lon="-77.477958991">
</trkpt>
<trkpt lat="41.491848426" lon="-77.47804931">
</trkpt>
<trkpt lat="41.491698877" lon="-77.478144381">
</trkpt>
<trkpt lat="41.491520843" lon="-77.478272728">
</trkpt>
<trkpt lat="41.491346368" lon="-77.478391568">
</trkpt>
<trkpt lat="41.491139847" lon="-77.478548437">
</trkpt>
<trkpt lat="41.490919082" lon="-77.478748087">
</trkpt>
<trkpt lat="41.49062354" lon="-77.479014289">
</trkpt>
<trkpt lat="41.490331558" lon="-77.479299505">
</trkpt>
<trkpt lat="41.490068061" lon="-77.479541938">
</trkpt>
<trkpt lat="41.489854415" lon="-77.479736835">
</trkpt>
<trkpt lat="41.489519699" lon="-77.480045819">
</trkpt>
<trkpt lat="41.489138692" lon="-77.480411846">
</trkpt>
<trkpt lat="41.488864507" lon="-77.480673293">
</trkpt>
<trkpt lat="41.488729195" lon="-77.480811148">
</trkpt>
<trkpt lat="41.488656508" lon="-77.480880402">
</trkpt>
<trkpt lat="41.488597444" lon="-77.480963263">
</trkpt>
<trkpt lat="41.488465692" lon="-77.48115816">
</trkpt>
<trkpt lat="41.488309013" lon="-77.481391086">
</trkpt>
<trkpt lat="41.488209309" lon="-77.481543201">
</trkpt>
<trkpt lat="41.488123848" lon="-77.481695316">
</trkpt>
<trkpt lat="41.488034826" lon="-77.48188546">
</trkpt>
<trkpt lat="41.487970729" lon="-77.482047082">
</trkpt>
<trkpt lat="41.487913755" lon="-77.482222965">
</trkpt>
<trkpt lat="41.487860341" lon="-77.482398848">
</trkpt>
<trkpt lat="41.487760636" lon="-77.482717339">
</trkpt>
<trkpt lat="41.487557665" lon="-77.483430378">
</trkpt>
<trkpt lat="41.487497129" lon="-77.483687073">
</trkpt>
<trkpt lat="41.487454398" lon="-77.483919999">
</trkpt>
<trkpt lat="41.487422349" lon="-77.484148171">
</trkpt>
<trkpt lat="41.487390301" lon="-77.48437159">
</trkpt>
<trkpt lat="41.487361814" lon="-77.48460927">
</trkpt>
<trkpt lat="41.487322643" lon="-77.484932514">
</trkpt>
<trkpt lat="41.487288019" lon="-77.4852334">
</trkpt>
<trkpt lat="41.487145252" lon="-77.486869279">
</trkpt>
<trkpt lat="41.487038176" lon="-77.48774968">
</trkpt>
<trkpt lat="41.486960844" lon="-77.488302905">
</trkpt>
<trkpt lat="41.486824025" lon="-77.489082178">
</trkpt>
<trkpt lat="41.486722897" lon="-77.489564019">
</trkpt>
<trkpt lat="41.486508746" lon="-77.490610982">
</trkpt>
<trkpt lat="41.486223211" lon="-77.491979172">
</trkpt>
<trkpt lat="41.4860507" lon="-77.492764394">
</trkpt>
<trkpt lat="41.485896035" lon="-77.493383054">
</trkpt>
<trkpt lat="41.485527218" lon="-77.494632271">
</trkpt>
<trkpt lat="41.48534281" lon="-77.495221187">
</trkpt>
<trkpt lat="41.484968045" lon="-77.496155126">
</trkpt>
<trkpt lat="41.484772968" lon="-77.496597835">
</trkpt>
<trkpt lat="41.484705308" lon="-77.496754704">
</trkpt>
<trkpt lat="41.484626964" lon="-77.496897312">
</trkpt>
<trkpt lat="41.484537938" lon="-77.497035165">
</trkpt>
<trkpt lat="41.484441788" lon="-77.497182527">
</trkpt>
<trkpt lat="41.484338517" lon="-77.497334642">
</trkpt>
<trkpt lat="41.484238806" lon="-77.497472497">
</trkpt>
<trkpt lat="41.484142656" lon="-77.497605597">
</trkpt>
<trkpt lat="41.484035823" lon="-77.497738698">
</trkpt>
<trkpt lat="41.483914745" lon="-77.497895566">
</trkpt>
<trkpt lat="41.483793667" lon="-77.498047682">
</trkpt>
<trkpt lat="41.483565755" lon="-77.498304375">
</trkpt>
<trkpt lat="41.483348525" lon="-77.498542055">
</trkpt>
<trkpt lat="41.483227446" lon="-77.498670402">
</trkpt>
<trkpt lat="41.483095683" lon="-77.498808257">
</trkpt>
<trkpt lat="41.482960359" lon="-77.498941357">
</trkpt>
<trkpt lat="41.482803668" lon="-77.499093473">
</trkpt>
<trkpt lat="41.482675465" lon="-77.499221819">
</trkpt>
<trkpt lat="41.482547262" lon="-77.499335905">
</trkpt>
<trkpt lat="41.482415498" lon="-77.499469006">
</trkpt>
<trkpt lat="41.482248121" lon="-77.499625875">
</trkpt>
<trkpt lat="41.482002397" lon="-77.499839787">
</trkpt>
<trkpt lat="41.481824336" lon="-77.499991902">
</trkpt>
<trkpt lat="41.48163203" lon="-77.50014877">
</trkpt>
<trkpt lat="41.481386303" lon="-77.50033416">
</trkpt>
<trkpt lat="41.481204679" lon="-77.500481521">
</trkpt>
<trkpt lat="41.481044422" lon="-77.500605115">
</trkpt>
<trkpt lat="41.480880603" lon="-77.500719201">
</trkpt>
<trkpt lat="41.480414073" lon="-77.501051953">
</trkpt>
<trkpt lat="41.480193272" lon="-77.501194561">
</trkpt>
<trkpt lat="41.480043697" lon="-77.501294386">
</trkpt>
<trkpt lat="41.479901243" lon="-77.501394212">
</trkpt>
<trkpt lat="41.479765912" lon="-77.501479777">
</trkpt>
<trkpt lat="41.479637704" lon="-77.501541574">
</trkpt>
<trkpt lat="41.479502372" lon="-77.501608124">
</trkpt>
<trkpt lat="41.479359918" lon="-77.501669921">
</trkpt>
<trkpt lat="41.479206779" lon="-77.501736471">
</trkpt>
<trkpt lat="41.479057201" lon="-77.501803021">
</trkpt>
<trkpt lat="41.478886254" lon="-77.501869571">
</trkpt>
<trkpt lat="41.478676132" lon="-77.501955136">
</trkpt>
<trkpt lat="41.478515868" lon="-77.502016933">
</trkpt>
<trkpt lat="41.47831999" lon="-77.50207873">
</trkpt>
<trkpt lat="41.478127673" lon="-77.502140527">
</trkpt>
<trkpt lat="41.477960286" lon="-77.502188063">
</trkpt>
<trkpt lat="41.477778652" lon="-77.502235598">
</trkpt>
<trkpt lat="41.477611263" lon="-77.50227838">
</trkpt>
<trkpt lat="41.477418944" lon="-77.502321163">
</trkpt>
<trkpt lat="41.477251555" lon="-77.502354438">
</trkpt>
<trkpt lat="41.47711978" lon="-77.502373452">
</trkpt>
<trkpt lat="41.47700225" lon="-77.50239722">
</trkpt>
<trkpt lat="41.476863352" lon="-77.502420989">
</trkpt>
<trkpt lat="41.476642538" lon="-77.502444756">
</trkpt>
<trkpt lat="41.476428847" lon="-77.502459017">
</trkpt>
<trkpt lat="41.476208032" lon="-77.502463771">
</trkpt>
<trkpt lat="41.476026393" lon="-77.502478032">
</trkpt>
<trkpt lat="41.475834069" lon="-77.502478032">
</trkpt>
<trkpt lat="41.475670237" lon="-77.502468525">
</trkpt>
<trkpt lat="41.475467228" lon="-77.502459017">
</trkpt>
<trkpt lat="41.475228601" lon="-77.502440003">
</trkpt>
<trkpt lat="41.475011344" lon="-77.502416235">
</trkpt>
<trkpt lat="41.47480477" lon="-77.50239722">
</trkpt>
<trkpt lat="41.474523402" lon="-77.502354438">
</trkpt>
<trkpt lat="41.474259841" lon="-77.502311656">
</trkpt>
<trkpt lat="41.47406395" lon="-77.50227838">
</trkpt>
<trkpt lat="41.473836003" lon="-77.502235598">
</trkpt>
<trkpt lat="41.473604494" lon="-77.502202323">
</trkpt>
<trkpt lat="41.473358738" lon="-77.502154787">
</trkpt>
<trkpt lat="41.473145036" lon="-77.502126266">
</trkpt>
<trkpt lat="41.472628586" lon="-77.50202644">
</trkpt>
<trkpt lat="41.471980347" lon="-77.501907601">
</trkpt>
<trkpt lat="41.471763078" lon="-77.501869571">
</trkpt>
<trkpt lat="41.471435393" lon="-77.501807774">
</trkpt>
<trkpt lat="41.471321415" lon="-77.501779253">
</trkpt>
<trkpt lat="41.471253741" lon="-77.501755485">
</trkpt>
<trkpt lat="41.471186066" lon="-77.501731718">
</trkpt>
<trkpt lat="41.471068527" lon="-77.501684181">
</trkpt>
<trkpt lat="41.47095811" lon="-77.501650906">
</trkpt>
<trkpt lat="41.470861941" lon="-77.501631891">
</trkpt>
<trkpt lat="41.470737276" lon="-77.501612878">
</trkpt>
<trkpt lat="41.470370406" lon="-77.501555835">
</trkpt>
<trkpt lat="41.469857496" lon="-77.501489284">
</trkpt>
<trkpt lat="41.469273344" lon="-77.501403719">
</trkpt>
<trkpt lat="41.468949208" lon="-77.50136569">
</trkpt>
<trkpt lat="41.468728367" lon="-77.501332416">
</trkpt>
<trkpt lat="41.468585889" lon="-77.501313401">
</trkpt>
<trkpt lat="41.468507526" lon="-77.501308647">
</trkpt>
<trkpt lat="41.468439849" lon="-77.501303894">
</trkpt>
<trkpt lat="41.468364605" lon="-77.501308315">
</trkpt>
<trkpt lat="41.468145256" lon="-77.501342351">
</trkpt>
<trkpt lat="41.467764542" lon="-77.501443478">
</trkpt>
<trkpt lat="41.467321962" lon="-77.501573158">
</trkpt>
<trkpt lat="41.466872244" lon="-77.501776602">
</trkpt>
<trkpt lat="41.466481391" lon="-77.501991188">
</trkpt>
<trkpt lat="41.466222702" lon="-77.50215738">
</trkpt>
<trkpt lat="41.465341061" lon="-77.50284736">
</trkpt>
<trkpt lat="41.463563604" lon="-77.504335713">
</trkpt>
<trkpt lat="41.463144203" lon="-77.504702689">
</trkpt>
<trkpt lat="41.462952202" lon="-77.504853637">
</trkpt>
<trkpt lat="41.462407186" lon="-77.505235149">
</trkpt>
<trkpt lat="41.461144531" lon="-77.506133546">
</trkpt>
<trkpt lat="41.460905852" lon="-77.506299921">
</trkpt>
<trkpt lat="41.460702796" lon="-77.506433022">
</trkpt>
<trkpt lat="41.460556739" lon="-77.506542355">
</trkpt>
<trkpt lat="41.460449866" lon="-77.50664218">
</trkpt>
<trkpt lat="41.460353681" lon="-77.506746759">
</trkpt>
<trkpt lat="41.460246809" lon="-77.506875106">
</trkpt>
<trkpt lat="41.460129249" lon="-77.507022468">
</trkpt>
<trkpt lat="41.45995469" lon="-77.507245887">
</trkpt>
<trkpt lat="41.459797943" lon="-77.507450291">
</trkpt>
<trkpt lat="41.459573509" lon="-77.507745014">
</trkpt>
<trkpt lat="41.459277824" lon="-77.508101534">
</trkpt>
<trkpt lat="41.458885951" lon="-77.508591154">
</trkpt>
<trkpt lat="41.458565326" lon="-77.50900947">
</trkpt>
<trkpt lat="41.458401087" lon="-77.509220486">
</trkpt>
<trkpt lat="41.457749391" lon="-77.510032142">
</trkpt>
<trkpt lat="41.457382563" lon="-77.510471201">
</trkpt>
<trkpt lat="41.456662919" lon="-77.511231776">
</trkpt>
<trkpt lat="41.456395723" lon="-77.511536006">
</trkpt>
<trkpt lat="41.456121399" lon="-77.511806961">
</trkpt>
<trkpt lat="41.455886265" lon="-77.51203038">
</trkpt>
<trkpt lat="41.455770975" lon="-77.512137924">
</trkpt>
<trkpt lat="41.45542426" lon="-77.512490073">
</trkpt>
<trkpt lat="41.455378274" lon="-77.512539956">
</trkpt>
<trkpt lat="41.45513891" lon="-77.512787054">
</trkpt>
<trkpt lat="41.454569241" lon="-77.513319367">
</trkpt>
<trkpt lat="41.454029414" lon="-77.513831748">
</trkpt>
<trkpt lat="41.453789018" lon="-77.514041871">
</trkpt>
<trkpt lat="41.453005936" lon="-77.514689937">
</trkpt>
<trkpt lat="41.452202868" lon="-77.515364514">
</trkpt>
<trkpt lat="41.451378384" lon="-77.515974846">
</trkpt>
<trkpt lat="41.450832298" lon="-77.516317488">
</trkpt>
<trkpt lat="41.450264797" lon="-77.516628008">
</trkpt>
<trkpt lat="41.449440313" lon="-77.517024188">
</trkpt>
<trkpt lat="41.448860854" lon="-77.517249534">
</trkpt>
<trkpt lat="41.448699827" lon="-77.517303898">
</trkpt>
<trkpt lat="41.448379314" lon="-77.517397188">
</trkpt>
<trkpt lat="41.448169093" lon="-77.517458985">
</trkpt>
<trkpt lat="41.448001628" lon="-77.517511274">
</trkpt>
<trkpt lat="41.447777153" lon="-77.517568317">
</trkpt>
<trkpt lat="41.447673823" lon="-77.517592086">
</trkpt>
<trkpt lat="41.447570493" lon="-77.517611099">
</trkpt>
<trkpt lat="41.447445783" lon="-77.517630114">
</trkpt>
<trkpt lat="41.447299696" lon="-77.517644375">
</trkpt>
<trkpt lat="41.44715717" lon="-77.517653883">
</trkpt>
<trkpt lat="41.446986139" lon="-77.517663389">
</trkpt>
<trkpt lat="41.446807982" lon="-77.517663389">
</trkpt>
<trkpt lat="41.446654766" lon="-77.517663389">
</trkpt>
<trkpt lat="41.446530055" lon="-77.517658636">
</trkpt>
<trkpt lat="41.446395212" lon="-77.517651617">
</trkpt>
<trkpt lat="41.446233753" lon="-77.51764193">
</trkpt>
<trkpt lat="41.445993993" lon="-77.517610465">
</trkpt>
<trkpt lat="41.445847017" lon="-77.517580056">
</trkpt>
<trkpt lat="41.445486038" lon="-77.517477999">
</trkpt>
<trkpt lat="41.445325693" lon="-77.517444724">
</trkpt>
<trkpt lat="41.44516891" lon="-77.517406695">
</trkpt>
<trkpt lat="41.445008564" lon="-77.517354406">
</trkpt>
<trkpt lat="41.444880287" lon="-77.517316377">
</trkpt>
<trkpt lat="41.444748446" lon="-77.517273594">
</trkpt>
<trkpt lat="41.444616605" lon="-77.517221305">
</trkpt>
<trkpt lat="41.44449189" lon="-77.517173769">
</trkpt>
<trkpt lat="41.444349359" lon="-77.51712148">
</trkpt>
<trkpt lat="41.444149814" lon="-77.517031161">
</trkpt>
<trkpt lat="41.443921763" lon="-77.516921828">
</trkpt>
<trkpt lat="41.443711527" lon="-77.516817249">
</trkpt>
<trkpt lat="41.443508417" lon="-77.516722178">
</trkpt>
<trkpt lat="41.443326686" lon="-77.516627106">
</trkpt>
<trkpt lat="41.443112886" lon="-77.516489252">
</trkpt>
<trkpt lat="41.442927591" lon="-77.516360904">
</trkpt>
<trkpt lat="41.442788619" lon="-77.516246818">
</trkpt>
<trkpt lat="41.442649648" lon="-77.516133049">
</trkpt>
<trkpt lat="41.44221135" lon="-77.515724239">
</trkpt>
<trkpt lat="41.441869262" lon="-77.515405749">
</trkpt>
<trkpt lat="41.441598441" lon="-77.515125287">
</trkpt>
<trkpt lat="41.441455903" lon="-77.514963665">
</trkpt>
<trkpt lat="41.441345436" lon="-77.514816303">
</trkpt>
<trkpt lat="41.441252786" lon="-77.514683202">
</trkpt>
<trkpt lat="41.440957018" lon="-77.514245872">
</trkpt>
<trkpt lat="41.440711138" lon="-77.513875092">
</trkpt>
<trkpt lat="41.440465257" lon="-77.51349005">
</trkpt>
<trkpt lat="41.440258573" lon="-77.513162052">
</trkpt>
<trkpt lat="41.439959237" lon="-77.512615388">
</trkpt>
<trkpt lat="41.439863022" lon="-77.512434753">
</trkpt>
<trkpt lat="41.439645646" lon="-77.511987914">
</trkpt>
<trkpt lat="41.439506667" lon="-77.511688438">
</trkpt>
<trkpt lat="41.439360562" lon="-77.511369947">
</trkpt>
<trkpt lat="41.439260782" lon="-77.511160789">
</trkpt>
<trkpt lat="41.439171693" lon="-77.51095163">
</trkpt>
<trkpt lat="41.439079039" lon="-77.510709198">
</trkpt>
<trkpt lat="41.438986387" lon="-77.510481025">
</trkpt>
<trkpt lat="41.438899047" lon="-77.510268295">
</trkpt>
<trkpt lat="41.438879479" lon="-77.510214823">
</trkpt>
<trkpt lat="41.438733371" lon="-77.509825029">
</trkpt>
<trkpt lat="41.438544501" lon="-77.509283119">
</trkpt>
<trkpt lat="41.43836632" lon="-77.508707934">
</trkpt>
<trkpt lat="41.438177448" lon="-77.508070952">
</trkpt>
<trkpt lat="41.438059848" lon="-77.507643129">
</trkpt>
<trkpt lat="41.43789592" lon="-77.507020408">
</trkpt>
<trkpt lat="41.437742684" lon="-77.50638818">
</trkpt>
<trkpt lat="41.437186752" lon="-77.504144484">
</trkpt>
<trkpt lat="41.436691397" lon="-77.50214322">
</trkpt>
<trkpt lat="41.436584486" lon="-77.501710643">
</trkpt>
<trkpt lat="41.43650252" lon="-77.501344616">
</trkpt>
<trkpt lat="41.436441938" lon="-77.501092676">
</trkpt>
<trkpt lat="41.436381354" lon="-77.500826475">
</trkpt>
<trkpt lat="41.43631008" lon="-77.500598302">
</trkpt>
<trkpt lat="41.436228114" lon="-77.50038439">
</trkpt>
<trkpt lat="41.436153275" lon="-77.500179986">
</trkpt>
<trkpt lat="41.436078437" lon="-77.499989842">
</trkpt>
<trkpt lat="41.436007162" lon="-77.499794944">
</trkpt>
<trkpt lat="41.435925196" lon="-77.499571525">
</trkpt>
<trkpt lat="41.435825411" lon="-77.499319585">
</trkpt>
<trkpt lat="41.435718497" lon="-77.499072398">
</trkpt>
<trkpt lat="41.435632967" lon="-77.49886324">
</trkpt>
<trkpt lat="41.435554564" lon="-77.498668342">
</trkpt>
<trkpt lat="41.435472598" lon="-77.498492459">
</trkpt>
<trkpt lat="41.43539063" lon="-77.498354605">
</trkpt>
<trkpt lat="41.435294408" lon="-77.498192983">
</trkpt>
<trkpt lat="41.435212441" lon="-77.498045622">
</trkpt>
<trkpt lat="41.435109091" lon="-77.497884">
</trkpt>
<trkpt lat="41.435009305" lon="-77.497746145">
</trkpt>
<trkpt lat="41.434898827" lon="-77.49759403">
</trkpt>
<trkpt lat="41.434784785" lon="-77.497432408">
</trkpt>
<trkpt lat="41.434656488" lon="-77.497256525">
</trkpt>
<trkpt lat="41.434546009" lon="-77.497099656">
</trkpt>
<trkpt lat="41.434396328" lon="-77.496880991">
</trkpt>
<trkpt lat="41.434285849" lon="-77.49673363">
</trkpt>
<trkpt lat="41.434079146" lon="-77.496448414">
</trkpt>
<trkpt lat="41.433847495" lon="-77.496158445">
</trkpt>
<trkpt lat="41.433590896" lon="-77.495863722">
</trkpt>
<trkpt lat="41.433459032" lon="-77.495725867">
</trkpt>
<trkpt lat="41.433341424" lon="-77.49559752">
</trkpt>
<trkpt lat="41.433120462" lon="-77.495359841">
</trkpt>
<trkpt lat="41.432924447" lon="-77.495188712">
</trkpt>
<trkpt lat="41.432803273" lon="-77.495084132">
</trkpt>
<trkpt lat="41.432678536" lon="-77.494984307">
</trkpt>
<trkpt lat="41.432568054" lon="-77.494893989">
</trkpt>
<trkpt lat="41.4324647" lon="-77.494832192">
</trkpt>
<trkpt lat="41.432350653" lon="-77.494765641">
</trkpt>
<trkpt lat="41.432218787" lon="-77.494699091">
</trkpt>
<trkpt lat="41.432097613" lon="-77.494651555">
</trkpt>
<trkpt lat="41.431947926" lon="-77.494604019">
</trkpt>
<trkpt lat="41.431826751" lon="-77.49456599">
</trkpt>
<trkpt lat="41.431698448" lon="-77.494527962">
</trkpt>
<trkpt lat="41.43160222" lon="-77.49449944">
</trkpt>
<trkpt lat="41.431477481" lon="-77.494470918">
</trkpt>
<trkpt lat="41.431366997" lon="-77.494442397">
</trkpt>
<trkpt lat="41.431270768" lon="-77.494423383">
</trkpt>
<trkpt lat="41.431185232" lon="-77.494409122">
</trkpt>
<trkpt lat="41.431060491" lon="-77.494390107">
</trkpt>
<trkpt lat="41.430960699" lon="-77.494385354">
</trkpt>
<trkpt lat="41.430875162" lon="-77.494394861">
</trkpt>
<trkpt lat="41.430757549" lon="-77.494399614">
</trkpt>
<trkpt lat="41.430672012" lon="-77.494399614">
</trkpt>
<trkpt lat="41.430543707" lon="-77.494399614">
</trkpt>
<trkpt lat="41.430415401" lon="-77.494390107">
</trkpt>
<trkpt lat="41.430119584" lon="-77.494352078">
</trkpt>
<trkpt lat="41.430016226" lon="-77.494337817">
</trkpt>
<trkpt lat="41.429919996" lon="-77.494328311">
</trkpt>
<trkpt lat="41.429852278" lon="-77.494318804">
</trkpt>
<trkpt lat="41.429769353" lon="-77.494308755">
</trkpt>
<trkpt lat="41.429175098" lon="-77.494138167">
</trkpt>
<trkpt lat="41.4287973" lon="-77.494033588">
</trkpt>
<trkpt lat="41.428373166" lon="-77.493914748">
</trkpt>
<trkpt lat="41.428055954" lon="-77.493805416">
</trkpt>
<trkpt lat="41.427817153" lon="-77.493729358">
</trkpt>
<trkpt lat="41.427510632" lon="-77.493610518">
</trkpt>
<trkpt lat="41.427261136" lon="-77.493505939">
</trkpt>
<trkpt lat="41.426947483" lon="-77.493358577">
</trkpt>
<trkpt lat="41.426605315" lon="-77.493182694">
</trkpt>
<trkpt lat="41.425881765" lon="-77.492797653">
</trkpt>
<trkpt lat="41.425222366" lon="-77.492360323">
</trkpt>
<trkpt lat="41.424748307" lon="-77.492060846">
</trkpt>
<trkpt lat="41.424249294" lon="-77.491742356">
</trkpt>
<trkpt lat="41.42397127" lon="-77.491585486">
</trkpt>
<trkpt lat="41.42369681" lon="-77.49139059">
</trkpt>
<trkpt lat="41.423518589" lon="-77.491238474">
</trkpt>
<trkpt lat="41.42331898" lon="-77.491086359">
</trkpt>
<trkpt lat="41.423076598" lon="-77.490891461">
</trkpt>
<trkpt lat="41.42286273" lon="-77.490715578">
</trkpt>
<trkpt lat="41.422666684" lon="-77.490549203">
</trkpt>
<trkpt lat="41.422527669" lon="-77.490435116">
</trkpt>
<trkpt lat="41.42241717" lon="-77.490330537">
</trkpt>
<trkpt lat="41.422294015" lon="-77.490210644">
</trkpt>
<trkpt lat="41.422103493" lon="-77.490031061">
</trkpt>
<trkpt lat="41.421786251" lon="-77.489717324">
</trkpt>
<trkpt lat="41.421554557" lon="-77.489479644">
</trkpt>
<trkpt lat="41.421076906" lon="-77.488928227">
</trkpt>
<trkpt lat="41.4205743" lon="-77.488338782">
</trkpt>
<trkpt lat="41.420296261" lon="-77.487977508">
</trkpt>
<trkpt lat="41.420085949" lon="-77.4877018">
</trkpt>
<trkpt lat="41.419879201" lon="-77.487402323">
</trkpt>
<trkpt lat="41.419601159" lon="-77.487003021">
</trkpt>
<trkpt lat="41.419369456" lon="-77.486641748">
</trkpt>
<trkpt lat="41.419055765" lon="-77.486142621">
</trkpt>
<trkpt lat="41.418813366" lon="-77.485729058">
</trkpt>
<trkpt lat="41.418570967" lon="-77.485286974">
</trkpt>
<trkpt lat="41.418378473" lon="-77.4849257">
</trkpt>
<trkpt lat="41.418182413" lon="-77.484521645">
</trkpt>
<trkpt lat="41.417993483" lon="-77.484108082">
</trkpt>
<trkpt lat="41.417840198" lon="-77.483794345">
</trkpt>
<trkpt lat="41.417711868" lon="-77.483513883">
</trkpt>
<trkpt lat="41.417587101" lon="-77.483214407">
</trkpt>
<trkpt lat="41.417448076" lon="-77.482886409">
</trkpt>
<trkpt lat="41.41729479" lon="-77.482520382">
</trkpt>
<trkpt lat="41.417181" lon="-77.482248764">
</trkpt>
<trkpt lat="41.416643013" lon="-77.480939663">
</trkpt>
<trkpt lat="41.41621471" lon="-77.479868905">
</trkpt>
<trkpt lat="41.415764992" lon="-77.478851686">
</trkpt>
<trkpt lat="41.415349465" lon="-77.477823803">
</trkpt>
<trkpt lat="41.414738796" lon="-77.476364477">
</trkpt>
<trkpt lat="41.414428648" lon="-77.475603901">
</trkpt>
<trkpt lat="41.414082849" lon="-77.474753008">
</trkpt>
<trkpt lat="41.413904601" lon="-77.47435846">
</trkpt>
<trkpt lat="41.413783392" lon="-77.474082752">
</trkpt>
<trkpt lat="41.413676443" lon="-77.473840318">
</trkpt>
<trkpt lat="41.413576624" lon="-77.473635914">
</trkpt>
<trkpt lat="41.413491064" lon="-77.473450524">
</trkpt>
<trkpt lat="41.413405505" lon="-77.473284148">
</trkpt>
<trkpt lat="41.413305685" lon="-77.473108265">
</trkpt>
<trkpt lat="41.41320943" lon="-77.472941889">
</trkpt>
<trkpt lat="41.413134565" lon="-77.472799281">
</trkpt>
<trkpt lat="41.413002659" lon="-77.472580616">
</trkpt>
<trkpt lat="41.412838669" lon="-77.472342936">
</trkpt>
<trkpt lat="41.412703198" lon="-77.472133778">
</trkpt>
<trkpt lat="41.412560597" lon="-77.471948388">
</trkpt>
<trkpt lat="41.412435821" lon="-77.471796273">
</trkpt>
<trkpt lat="41.412303914" lon="-77.47162039">
</trkpt>
<trkpt lat="41.412157747" lon="-77.47144926">
</trkpt>
<trkpt lat="41.4120401" lon="-77.471316159">
</trkpt>
<trkpt lat="41.411915322" lon="-77.471178305">
</trkpt>
<trkpt lat="41.411797675" lon="-77.471049958">
</trkpt>
<trkpt lat="41.411665767" lon="-77.470916858">
</trkpt>
<trkpt lat="41.411523163" lon="-77.470779003">
</trkpt>
<trkpt lat="41.411384125" lon="-77.470660163">
</trkpt>
<trkpt lat="41.411248651" lon="-77.470546077">
</trkpt>
<trkpt lat="41.411095351" lon="-77.470408223">
</trkpt>
<trkpt lat="41.41091353" lon="-77.470237094">
</trkpt>
<trkpt lat="41.410745969" lon="-77.470094485">
</trkpt>
<trkpt lat="41.410546321" lon="-77.469913849">
</trkpt>
<trkpt lat="41.410376124" lon="-77.469752675">
</trkpt>
<trkpt lat="41.410057855" lon="-77.469471851">
</trkpt>
<trkpt lat="41.409453604" lon="-77.468947404">
</trkpt>
<trkpt lat="41.409259291" lon="-77.468787247">
</trkpt>
<trkpt lat="41.409123813" lon="-77.468663654">
</trkpt>
<trkpt lat="41.40900616" lon="-77.468563828">
</trkpt>
<trkpt lat="41.408859985" lon="-77.468435481">
</trkpt>
<trkpt lat="41.408731637" lon="-77.468321395">
</trkpt>
<trkpt lat="41.408535548" lon="-77.468159773">
</trkpt>
<trkpt lat="41.408314502" lon="-77.46798389">
</trkpt>
<trkpt lat="41.408125542" lon="-77.467836528">
</trkpt>
<trkpt lat="41.407979366" lon="-77.467722441">
</trkpt>
<trkpt lat="41.407769013" lon="-77.467570327">
</trkpt>
<trkpt lat="41.407523007" lon="-77.467375429">
</trkpt>
<trkpt lat="41.407262739" lon="-77.467180532">
</trkpt>
<trkpt lat="41.406959686" lon="-77.46695236">
</trkpt>
<trkpt lat="41.40669585" lon="-77.466747955">
</trkpt>
<trkpt lat="41.406531843" lon="-77.466638622">
</trkpt>
<trkpt lat="41.406182437" lon="-77.466372421">
</trkpt>
<trkpt lat="41.405936425" lon="-77.466187031">
</trkpt>
<trkpt lat="41.405736762" lon="-77.466034916">
</trkpt>
<trkpt lat="41.405522837" lon="-77.465863787">
</trkpt>
<trkpt lat="41.405408744" lon="-77.465763961">
</trkpt>
<trkpt lat="41.405059331" lon="-77.465473992">
</trkpt>
<trkpt lat="41.404873927" lon="-77.465321876">
</trkpt>
<trkpt lat="41.404709916" lon="-77.465169762">
</trkpt>
<trkpt lat="41.404572222" lon="-77.465053228">
</trkpt>
<trkpt lat="41.403996819" lon="-77.464423447">
</trkpt>
<trkpt lat="41.403732972" lon="-77.464100202">
</trkpt>
<trkpt lat="41.403643834" lon="-77.46399087">
</trkpt>
<trkpt lat="41.403547564" lon="-77.463853016">
</trkpt>
<trkpt lat="41.403433467" lon="-77.463691394">
</trkpt>
<trkpt lat="41.403315804" lon="-77.463520265">
</trkpt>
<trkpt lat="41.403155355" lon="-77.463258817">
</trkpt>
<trkpt lat="41.40303056" lon="-77.463044905">
</trkpt>
<trkpt lat="41.402909331" lon="-77.462835746">
</trkpt>
<trkpt lat="41.402816626" lon="-77.462664617">
</trkpt>
<trkpt lat="41.402720356" lon="-77.462483981">
</trkpt>
<trkpt lat="41.40262052" lon="-77.462289083">
</trkpt>
<trkpt lat="41.402495725" lon="-77.462032389">
</trkpt>
<trkpt lat="41.402364153" lon="-77.461758492">
</trkpt>
<trkpt lat="41.401909391" lon="-77.460809423">
</trkpt>
<trkpt lat="41.401438258" lon="-77.459813619">
</trkpt>
<trkpt lat="41.401317538" lon="-77.459576012">
</trkpt>
<trkpt lat="41.400841271" lon="-77.45859554">
</trkpt>
<trkpt lat="41.400709341" lon="-77.458319832">
</trkpt>
<trkpt lat="41.40060237" lon="-77.458115428">
</trkpt>
<trkpt lat="41.400420519" lon="-77.457777922">
</trkpt>
<trkpt lat="41.400327812" lon="-77.457625807">
</trkpt>
<trkpt lat="41.400235103" lon="-77.4574832">
</trkpt>
<trkpt lat="41.400153092" lon="-77.457369113">
</trkpt>
<trkpt lat="41.400081777" lon="-77.457278795">
</trkpt>
<trkpt lat="41.399999765" lon="-77.457197984">
</trkpt>
<trkpt lat="41.399917754" lon="-77.457117173">
</trkpt>
<trkpt lat="41.399810782" lon="-77.457031607">
</trkpt>
<trkpt lat="41.399710942" lon="-77.456960304">
</trkpt>
<trkpt lat="41.399579009" lon="-77.456874739">
</trkpt>
<trkpt lat="41.399454208" lon="-77.456798681">
</trkpt>
<trkpt lat="41.399336537" lon="-77.456713117">
</trkpt>
<trkpt lat="41.399215301" lon="-77.456646567">
</trkpt>
<trkpt lat="41.399101197" lon="-77.456599031">
</trkpt>
<trkpt lat="41.398944303" lon="-77.456541988">
</trkpt>
<trkpt lat="41.398823066" lon="-77.456503959">
</trkpt>
<trkpt lat="41.398730355" lon="-77.456484944">
</trkpt>
<trkpt lat="41.398623382" lon="-77.45646593">
</trkpt>
<trkpt lat="41.398502144" lon="-77.456456422">
</trkpt>
<trkpt lat="41.398359512" lon="-77.456451669">
</trkpt>
<trkpt lat="41.398188352" lon="-77.456446916">
</trkpt>
<trkpt lat="41.398038588" lon="-77.456456422">
</trkpt>
<trkpt lat="41.397892389" lon="-77.45646593">
</trkpt>
<trkpt lat="41.39777115" lon="-77.456484944">
</trkpt>
<trkpt lat="41.397671306" lon="-77.456513466">
</trkpt>
<trkpt lat="41.397553633" lon="-77.456541988">
</trkpt>
<trkpt lat="41.39741813" lon="-77.456580016">
</trkpt>
<trkpt lat="41.397300457" lon="-77.456618045">
</trkpt>
<trkpt lat="41.397186349" lon="-77.456660828">
</trkpt>
<trkpt lat="41.39709007" lon="-77.456698856">
</trkpt>
<trkpt lat="41.396986659" lon="-77.456741638">
</trkpt>
<trkpt lat="41.396826194" lon="-77.45682245">
</trkpt>
<trkpt lat="41.396647899" lon="-77.456922275">
</trkpt>
<trkpt lat="41.396473169" lon="-77.457022101">
</trkpt>
<trkpt lat="41.396298439" lon="-77.457140941">
</trkpt>
<trkpt lat="41.396123708" lon="-77.45725978">
</trkpt>
<trkpt lat="41.395820603" lon="-77.45744517">
</trkpt>
<trkpt lat="41.395474704" lon="-77.457654329">
</trkpt>
<trkpt lat="41.395339197" lon="-77.45773514">
</trkpt>
<trkpt lat="41.395217954" lon="-77.457782675">
</trkpt>
<trkpt lat="41.395103843" lon="-77.457825458">
</trkpt>
<trkpt lat="41.39495407" lon="-77.457877748">
</trkpt>
<trkpt lat="41.39477577" lon="-77.457934791">
</trkpt>
<trkpt lat="41.394611733" lon="-77.457972819">
</trkpt>
<trkpt lat="41.394436998" lon="-77.458006094">
</trkpt>
<trkpt lat="41.394240867" lon="-77.45803937">
</trkpt>
<trkpt lat="41.39406613" lon="-77.458072645">
</trkpt>
<trkpt lat="41.393887828" lon="-77.458091659">
</trkpt>
<trkpt lat="41.393684562" lon="-77.458110674">
</trkpt>
<trkpt lat="41.393484861" lon="-77.458134441">
</trkpt>
<trkpt lat="41.393270896" lon="-77.458148703">
</trkpt>
<trkpt lat="41.393035534" lon="-77.458167717">
</trkpt>
<trkpt lat="41.392821567" lon="-77.458186731">
</trkpt>
<trkpt lat="41.392429293" lon="-77.458191485">
</trkpt>
<trkpt lat="41.392176097" lon="-77.458200992">
</trkpt>
<trkpt lat="41.391901502" lon="-77.458196238">
</trkpt>
<trkpt lat="41.391737458" lon="-77.458186731">
</trkpt>
<trkpt lat="41.391619774" lon="-77.458177224">
</trkpt>
<trkpt lat="41.391498524" lon="-77.45815821">
</trkpt>
<trkpt lat="41.391363008" lon="-77.458134441">
</trkpt>
<trkpt lat="41.391206095" lon="-77.458101167">
</trkpt>
<trkpt lat="41.391002822" lon="-77.458058385">
</trkpt>
<trkpt lat="41.390842341" lon="-77.458010848">
</trkpt>
<trkpt lat="41.390674728" lon="-77.457963312">
</trkpt>
<trkpt lat="41.390535645" lon="-77.457906269">
</trkpt>
<trkpt lat="41.390353766" lon="-77.457834965">
</trkpt>
<trkpt lat="41.390170104" lon="-77.457758908">
</trkpt>
<trkpt lat="41.389870537" lon="-77.457602039">
</trkpt>
<trkpt lat="41.389694006" lon="-77.457480823">
</trkpt>
<trkpt lat="41.389544222" lon="-77.457388127">
</trkpt>
<trkpt lat="41.38936769" lon="-77.45726691">
</trkpt>
<trkpt lat="41.389196507" lon="-77.457138564">
</trkpt>
<trkpt lat="41.389052071" lon="-77.457024478">
</trkpt>
<trkpt lat="41.388918334" lon="-77.456910391">
</trkpt>
<trkpt lat="41.388800645" lon="-77.456810565">
</trkpt>
<trkpt lat="41.38864016" lon="-77.456639436">
</trkpt>
<trkpt lat="41.388501072" lon="-77.456503959">
</trkpt>
<trkpt lat="41.388383382" lon="-77.456368481">
</trkpt>
<trkpt lat="41.388244294" lon="-77.456211613">
</trkpt>
<trkpt lat="41.388115904" lon="-77.456040484">
</trkpt>
<trkpt lat="41.387982165" lon="-77.455869354">
</trkpt>
<trkpt lat="41.387853775" lon="-77.455683964">
</trkpt>
<trkpt lat="41.387730735" lon="-77.455498573">
</trkpt>
<trkpt lat="41.387596995" lon="-77.455291792">
</trkpt>
<trkpt lat="41.387473954" lon="-77.455056489">
</trkpt>
<trkpt lat="41.387345563" lon="-77.454806925">
</trkpt>
<trkpt lat="41.38722787" lon="-77.454578753">
</trkpt>
<trkpt lat="41.387099479" lon="-77.454286407">
</trkpt>
<trkpt lat="41.386992487" lon="-77.4539798">
</trkpt>
<trkpt lat="41.386885493" lon="-77.453694584">
</trkpt>
<trkpt lat="41.38660731" lon="-77.452831807">
</trkpt>
<trkpt lat="41.38608014" lon="-77.451114202">
</trkpt>
<trkpt lat="41.385965813" lon="-77.450753821">
</trkpt>
<trkpt lat="41.38566838" lon="-77.449724704">
</trkpt>
<trkpt lat="41.385501818" lon="-77.449153633">
</trkpt>
<trkpt lat="41.385263872" lon="-77.44837436">
</trkpt>
<trkpt lat="41.384805826" lon="-77.446905043">
</trkpt>
<trkpt lat="41.384425112" lon="-77.445655826">
</trkpt>
<trkpt lat="41.384157422" lon="-77.444823014">
</trkpt>
<trkpt lat="41.383967066" lon="-77.444162714">
</trkpt>
<trkpt lat="41.383675582" lon="-77.443395338">
</trkpt>
<trkpt lat="41.383532814" lon="-77.443097905">
</trkpt>
<trkpt lat="41.383425738" lon="-77.442889702">
</trkpt>
<trkpt lat="41.383223484" lon="-77.442580373">
</trkpt>
<trkpt lat="41.383092614" lon="-77.442419759">
</trkpt>
<trkpt lat="41.382830873" lon="-77.442122326">
</trkpt>
<trkpt lat="41.382664311" lon="-77.441937918">
</trkpt>
<trkpt lat="41.382349032" lon="-77.441646434">
</trkpt>
<trkpt lat="41.38174227" lon="-77.441146747">
</trkpt>
<trkpt lat="41.381177148" lon="-77.440700598">
</trkpt>
<trkpt lat="41.380617974" lon="-77.440248501">
</trkpt>
<trkpt lat="41.380058801" lon="-77.439784506">
</trkpt>
<trkpt lat="41.379523422" lon="-77.439356203">
</trkpt>
<trkpt lat="41.379255733" lon="-77.439094462">
</trkpt>
<trkpt lat="41.378988043" lon="-77.438791081">
</trkpt>
<trkpt lat="41.37869656" lon="-77.438410367">
</trkpt>
<trkpt lat="41.378446716" lon="-77.438047499">
</trkpt>
<trkpt lat="41.378202821" lon="-77.437637042">
</trkpt>
<trkpt lat="41.377976773" lon="-77.437202791">
</trkpt>
<trkpt lat="41.377756672" lon="-77.436685258">
</trkpt>
<trkpt lat="41.377607956" lon="-77.436203417">
</trkpt>
<trkpt lat="41.377179653" lon="-77.434829278">
</trkpt>
<trkpt lat="41.376727556" lon="-77.433300475">
</trkpt>
<trkpt lat="41.376412277" lon="-77.43221782">
</trkpt>
<trkpt lat="41.375930436" lon="-77.430587889">
</trkpt>
<trkpt lat="41.375406955" lon="-77.428844934">
</trkpt>
<trkpt lat="41.374948908" lon="-77.427304233">
</trkpt>
<trkpt lat="41.374740706" lon="-77.426584446">
</trkpt>
<trkpt lat="41.374526554" lon="-77.425930094">
</trkpt>
<trkpt lat="41.374336197" lon="-77.425353075">
</trkpt>
<trkpt lat="41.374038765" lon="-77.424680877">
</trkpt>
<trkpt lat="41.373622359" lon="-77.423943245">
</trkpt>
<trkpt lat="41.37339631" lon="-77.423627966">
</trkpt>
<trkpt lat="41.373104826" lon="-77.423241304">
</trkpt>
<trkpt lat="41.372819291" lon="-77.422955768">
</trkpt>
<trkpt lat="41.372527807" lon="-77.422694028">
</trkpt>
<trkpt lat="41.372164939" lon="-77.42242039">
</trkpt>
<trkpt lat="41.371861558" lon="-77.422277622">
</trkpt>
<trkpt lat="41.371570074" lon="-77.422146752">
</trkpt>
<trkpt lat="41.371236949" lon="-77.42206347">
</trkpt>
<trkpt lat="41.370416035" lon="-77.4219326">
</trkpt>
<trkpt lat="41.369357175" lon="-77.421777935">
</trkpt>
<trkpt lat="41.36858385" lon="-77.421647065">
</trkpt>
<trkpt lat="41.368149599" lon="-77.421563784">
</trkpt>
<trkpt lat="41.367685604" lon="-77.421426965">
</trkpt>
<trkpt lat="41.367281096" lon="-77.421290146">
</trkpt>
<trkpt lat="41.366769511" lon="-77.421040302">
</trkpt>
<trkpt lat="41.366370952" lon="-77.420826151">
</trkpt>
<trkpt lat="41.365978341" lon="-77.420528718">
</trkpt>
<trkpt lat="41.365609524" lon="-77.420201542">
</trkpt>
<trkpt lat="41.365205016" lon="-77.419808931">
</trkpt>
<trkpt lat="41.364758867" lon="-77.419321142">
</trkpt>
<trkpt lat="41.364175899" lon="-77.418642995">
</trkpt>
<trkpt lat="41.363902261" lon="-77.418297973">
</trkpt>
<trkpt lat="41.363563188" lon="-77.417845876">
</trkpt>
<trkpt lat="41.36328955" lon="-77.417459213">
</trkpt>
<trkpt lat="41.362992117" lon="-77.417054705">
</trkpt>
<trkpt lat="41.362825555" lon="-77.416763221">
</trkpt>
<trkpt lat="41.362504328" lon="-77.416209996">
</trkpt>
<trkpt lat="41.362135511" lon="-77.41544262">
</trkpt>
<trkpt lat="41.361879719" lon="-77.414788268">
</trkpt>
<trkpt lat="41.361576338" lon="-77.414008995">
</trkpt>
<trkpt lat="41.361320546" lon="-77.413330849">
</trkpt>
<trkpt lat="41.360892243" lon="-77.412188707">
</trkpt>
<trkpt lat="41.360529796" lon="-77.411195702">
</trkpt>
<trkpt lat="41.36014237" lon="-77.410085108">
</trkpt>
<trkpt lat="41.359500143" lon="-77.408323901">
</trkpt>
<trkpt lat="41.359302122" lon="-77.40776773">
</trkpt>
<trkpt lat="41.359136212" lon="-77.407368428">
</trkpt>
<trkpt lat="41.358970301" lon="-77.406969126">
</trkpt>
<trkpt lat="41.358815094" lon="-77.406626868">
</trkpt>
<trkpt lat="41.358665239" lon="-77.406320261">
</trkpt>
<trkpt lat="41.358472567" lon="-77.405970872">
</trkpt>
<trkpt lat="41.358258486" lon="-77.405614352">
</trkpt>
<trkpt lat="41.358071165" lon="-77.405329137">
</trkpt>
<trkpt lat="41.357889196" lon="-77.405086703">
</trkpt>
<trkpt lat="41.357728634" lon="-77.404894182">
</trkpt>
<trkpt lat="41.357568072" lon="-77.404723053">
</trkpt>
<trkpt lat="41.35743427" lon="-77.404608967">
</trkpt>
<trkpt lat="41.357246947" lon="-77.404487751">
</trkpt>
<trkpt lat="41.357082679" lon="-77.404375512">
</trkpt>
<trkpt lat="41.357037516" lon="-77.404342435">
</trkpt>
<trkpt lat="41.356775775" lon="-77.404175873">
</trkpt>
<trkpt lat="41.355883478" lon="-77.403616699">
</trkpt>
<trkpt lat="41.355038769" lon="-77.403063475">
</trkpt>
<trkpt lat="41.354711593" lon="-77.40286122">
</trkpt>
<trkpt lat="41.354443904" lon="-77.40273035">
</trkpt>
<trkpt lat="41.354217855" lon="-77.402658966">
</trkpt>
<trkpt lat="41.353640836" lon="-77.402462661">
</trkpt>
<trkpt lat="41.353087611" lon="-77.402272304">
</trkpt>
<trkpt lat="41.351523115" lon="-77.401778566">
</trkpt>
<trkpt lat="41.350725996" lon="-77.401516825">
</trkpt>
<trkpt lat="41.350345282" lon="-77.401368109">
</trkpt>
<trkpt lat="41.349809903" lon="-77.401112317">
</trkpt>
<trkpt lat="41.349149603" lon="-77.400725654">
</trkpt>
<trkpt lat="41.348185921" lon="-77.400106994">
</trkpt>
<trkpt lat="41.34722224" lon="-77.399446694">
</trkpt>
<trkpt lat="41.346639272" lon="-77.398994596">
</trkpt>
<trkpt lat="41.346329942" lon="-77.39875665">
</trkpt>
<trkpt lat="41.346151482" lon="-77.398584139">
</trkpt>
<trkpt lat="41.34589569" lon="-77.398322399">
</trkpt>
<trkpt lat="41.345580412" lon="-77.397947634">
</trkpt>
<trkpt lat="41.345253236" lon="-77.397513382">
</trkpt>
<trkpt lat="41.345098571" lon="-77.39725759">
</trkpt>
<trkpt lat="41.344807087" lon="-77.396751954">
</trkpt>
<trkpt lat="41.344432322" lon="-77.39602027">
</trkpt>
<trkpt lat="41.344122992" lon="-77.395437302">
</trkpt>
<trkpt lat="41.343950481" lon="-77.395151767">
</trkpt>
<trkpt lat="41.343754175" lon="-77.394866232">
</trkpt>
<trkpt lat="41.343587613" lon="-77.39465208">
</trkpt>
<trkpt lat="41.343308026" lon="-77.39430111">
</trkpt>
<trkpt lat="41.343036757" lon="-77.394039528">
</trkpt>
<trkpt lat="41.342858904" lon="-77.393884858">
</trkpt>
<trkpt lat="41.342195093" lon="-77.393285904">
</trkpt>
<trkpt lat="41.341659757" lon="-77.392793908">
</trkpt>
<trkpt lat="41.341450975" lon="-77.392615648">
</trkpt>
<trkpt lat="41.341252898" lon="-77.392430258">
</trkpt>
<trkpt lat="41.341022701" lon="-77.392223477">
</trkpt>
<trkpt lat="41.340846037" lon="-77.392080868">
</trkpt>
<trkpt lat="41.340642606" lon="-77.39193113">
</trkpt>
<trkpt lat="41.340433821" lon="-77.391817044">
</trkpt>
<trkpt lat="41.340208974" lon="-77.391681566">
</trkpt>
<trkpt lat="41.339994833" lon="-77.391574611">
</trkpt>
<trkpt lat="41.339802106" lon="-77.391489046">
</trkpt>
<trkpt lat="41.339587964" lon="-77.391417742">
</trkpt>
<trkpt lat="41.339293518" lon="-77.391346438">
</trkpt>
<trkpt lat="41.339031192" lon="-77.391289395">
</trkpt>
<trkpt lat="41.338742098" lon="-77.391246613">
</trkpt>
<trkpt lat="41.338485123" lon="-77.391232352">
</trkpt>
<trkpt lat="41.338169257" lon="-77.391210961">
</trkpt>
<trkpt lat="41.337922988" lon="-77.391203831">
</trkpt>
<trkpt lat="41.337280542" lon="-77.39118957">
</trkpt>
<trkpt lat="41.336616674" lon="-77.391203831">
</trkpt>
<trkpt lat="41.33617766" lon="-77.391203831">
</trkpt>
<trkpt lat="41.335776122" lon="-77.391168178">
</trkpt>
<trkpt lat="41.335246087" lon="-77.391125396">
</trkpt>
<trkpt lat="41.334641092" lon="-77.391061222">
</trkpt>
<trkpt lat="41.333891533" lon="-77.390989918">
</trkpt>
<trkpt lat="41.333441794" lon="-77.390947136">
</trkpt>
<trkpt lat="41.333040238" lon="-77.390918615">
</trkpt>
<trkpt lat="41.332890323" lon="-77.390904354">
</trkpt>
<trkpt lat="41.332772532" lon="-77.390890093">
</trkpt>
<trkpt lat="41.332531597" lon="-77.390847311">
</trkpt>
<trkpt lat="41.33232814" lon="-77.390804529">
</trkpt>
<trkpt lat="41.33219964" lon="-77.390776007">
</trkpt>
<trkpt lat="41.332065785" lon="-77.390740355">
</trkpt>
<trkpt lat="41.331782014" lon="-77.390661921">
</trkpt>
<trkpt lat="41.331605325" lon="-77.390619139">
</trkpt>
<trkpt lat="41.331391156" lon="-77.390562095">
</trkpt>
<trkpt lat="41.331209112" lon="-77.390505052">
</trkpt>
<trkpt lat="41.33097888" lon="-77.390433748">
</trkpt>
<trkpt lat="41.330685661" lon="-77.390347125">
</trkpt>
<trkpt lat="41.330310221" lon="-77.390244129">
</trkpt>
<trkpt lat="41.330000891" lon="-77.390125156">
</trkpt>
<trkpt lat="41.329542845" lon="-77.389976439">
</trkpt>
<trkpt lat="41.328977723" lon="-77.389762288">
</trkpt>
<trkpt lat="41.32837096" lon="-77.389494598">
</trkpt>
<trkpt lat="41.327948606" lon="-77.389262601">
</trkpt>
<trkpt lat="41.327419176" lon="-77.388947322">
</trkpt>
<trkpt lat="41.32700277" lon="-77.388685582">
</trkpt>
<trkpt lat="41.326592313" lon="-77.388370303">
</trkpt>
<trkpt lat="41.326169959" lon="-77.388049076">
</trkpt>
<trkpt lat="41.325824937" lon="-77.387745695">
</trkpt>
<trkpt lat="41.325152739" lon="-77.387138932">
</trkpt>
<trkpt lat="41.324438901" lon="-77.386448888">
</trkpt>
<trkpt lat="41.324174601" lon="-77.386172437">
</trkpt>
<trkpt lat="41.324032916" lon="-77.386033999">
</trkpt>
<trkpt lat="41.323897259" lon="-77.385881884">
</trkpt>
<trkpt lat="41.323675925" lon="-77.385651335">
</trkpt>
<trkpt lat="41.323318933" lon="-77.38525441">
</trkpt>
<trkpt lat="41.323077963" lon="-77.384971571">
</trkpt>
<trkpt lat="41.3229191" lon="-77.384812325">
</trkpt>
<trkpt lat="41.322799507" lon="-77.384688732">
</trkpt>
<trkpt lat="41.322706688" lon="-77.384577023">
</trkpt>
<trkpt lat="41.322619224" lon="-77.384458183">
</trkpt>
<trkpt lat="41.322347906" lon="-77.384073141">
</trkpt>
<trkpt lat="41.322142632" lon="-77.383771289">
</trkpt>
<trkpt lat="41.322035532" lon="-77.38362155">
</trkpt>
<trkpt lat="41.321967702" lon="-77.383521725">
</trkpt>
<trkpt lat="41.321890947" lon="-77.383391001">
</trkpt>
<trkpt lat="41.321810622" lon="-77.383260276">
</trkpt>
<trkpt lat="41.321605346" lon="-77.382927525">
</trkpt>
<trkpt lat="41.321476825" lon="-77.382720744">
</trkpt>
<trkpt lat="41.321380434" lon="-77.382563876">
</trkpt>
<trkpt lat="41.321300108" lon="-77.382442659">
</trkpt>
<trkpt lat="41.321214428" lon="-77.382328573">
</trkpt>
<trkpt lat="41.320966309" lon="-77.382014835">
</trkpt>
<trkpt lat="41.320857422" lon="-77.381874604">
</trkpt>
<trkpt lat="41.320782451" lon="-77.381786662">
</trkpt>
<trkpt lat="41.320716405" lon="-77.381722489">
</trkpt>
<trkpt lat="41.320659283" lon="-77.381672576">
</trkpt>
<trkpt lat="41.320584312" lon="-77.381596518">
</trkpt>
<trkpt lat="41.320423658" lon="-77.381458665">
</trkpt>
<trkpt lat="41.320287994" lon="-77.381344578">
</trkpt>
<trkpt lat="41.320163041" lon="-77.381247129">
</trkpt>
<trkpt lat="41.320068433" lon="-77.381173449">
</trkpt>
<trkpt lat="41.319975611" lon="-77.381109275">
</trkpt>
<trkpt lat="41.319893498" lon="-77.381054609">
</trkpt>
<trkpt lat="41.319814955" lon="-77.381007073">
</trkpt>
<trkpt lat="41.319745338" lon="-77.380969044">
</trkpt>
<trkpt lat="41.319675721" lon="-77.380931016">
</trkpt>
<trkpt lat="41.319604318" lon="-77.38089061">
</trkpt>
<trkpt lat="41.31952756" lon="-77.380854958">
</trkpt>
<trkpt lat="41.319449017" lon="-77.380821683">
</trkpt>
<trkpt lat="41.319341913" lon="-77.380778901">
</trkpt>
<trkpt lat="41.319224098" lon="-77.380731364">
</trkpt>
<trkpt lat="41.319127703" lon="-77.380690959">
</trkpt>
<trkpt lat="41.31903488" lon="-77.380655307">
</trkpt>
<trkpt lat="41.31893313" lon="-77.380622032">
</trkpt>
<trkpt lat="41.318815314" lon="-77.380588757">
</trkpt>
<trkpt lat="41.318690358" lon="-77.380553105">
</trkpt>
<trkpt lat="41.318581467" lon="-77.380519829">
</trkpt>
<trkpt lat="41.318469006" lon="-77.380493685">
</trkpt>
<trkpt lat="41.318374396" lon="-77.38046754">
</trkpt>
<trkpt lat="41.318261934" lon="-77.380441395">
</trkpt>
<trkpt lat="41.318131622" lon="-77.380415251">
</trkpt>
<trkpt lat="41.317995954" lon="-77.380396236">
</trkpt>
<trkpt lat="41.317883492" lon="-77.380374845">
</trkpt>
<trkpt lat="41.317671063" lon="-77.380336816">
</trkpt>
<trkpt lat="41.317365807" lon="-77.380291657">
</trkpt>
<trkpt lat="41.317180153" lon="-77.380260759">
</trkpt>
<trkpt lat="41.317017706" lon="-77.380234614">
</trkpt>
<trkpt lat="41.316882036" lon="-77.380213222">
</trkpt>
<trkpt lat="41.31674815" lon="-77.380191832">
</trkpt>
<trkpt lat="41.316657108" lon="-77.380179948">
</trkpt>
<trkpt lat="41.316551784" lon="-77.38017044">
</trkpt>
<trkpt lat="41.31644289" lon="-77.380156179">
</trkpt>
<trkpt lat="41.316287581" lon="-77.380130035">
</trkpt>
<trkpt lat="41.316169761" lon="-77.380108643">
</trkpt>
<trkpt lat="41.316032303" lon="-77.380082499">
</trkpt>
<trkpt lat="41.315905557" lon="-77.380056354">
</trkpt>
<trkpt lat="41.315769884" lon="-77.380020702">
</trkpt>
<trkpt lat="41.315598507" lon="-77.37998505">
</trkpt>
<trkpt lat="41.315494967" lon="-77.379963659">
</trkpt>
<trkpt lat="41.315368219" lon="-77.379928007">
</trkpt>
<trkpt lat="41.315264678" lon="-77.379897109">
</trkpt>
<trkpt lat="41.315150427" lon="-77.37985908">
</trkpt>
<trkpt lat="41.315048671" lon="-77.379825805">
</trkpt>
<trkpt lat="41.314970123" lon="-77.379797284">
</trkpt>
<trkpt lat="41.314884433" lon="-77.379759254">
</trkpt>
<trkpt lat="41.31480767" lon="-77.379721226">
</trkpt>
<trkpt lat="41.314744269" lon="-77.37969293">
</trkpt>
<trkpt lat="41.314463011" lon="-77.3795544">
</trkpt>
<trkpt lat="41.313993067" lon="-77.379304557">
</trkpt>
<trkpt lat="41.313570713" lon="-77.379042816">
</trkpt>
<trkpt lat="41.313500569" lon="-77.378992346">
</trkpt>
<trkpt lat="41.313327725" lon="-77.378882217">
</trkpt>
<trkpt lat="41.313302773" lon="-77.378865469">
</trkpt>
<trkpt lat="41.313064137" lon="-77.37869382">
</trkpt>
<trkpt lat="41.313027796" lon="-77.378664662">
</trkpt>
<trkpt lat="41.312902837" lon="-77.378556595">
</trkpt>
<trkpt lat="41.312706459" lon="-77.378399726">
</trkpt>
<trkpt lat="41.31257792" lon="-77.378297524">
</trkpt>
<trkpt lat="41.312488657" lon="-77.378211959">
</trkpt>
<trkpt lat="41.312417247" lon="-77.378145409">
</trkpt>
<trkpt lat="41.312270855" lon="-77.37798854">
</trkpt>
<trkpt lat="41.312154813" lon="-77.37784831">
</trkpt>
<trkpt lat="41.312026988" lon="-77.377692075">
</trkpt>
<trkpt lat="41.311919157" lon="-77.377548516">
</trkpt>
<trkpt lat="41.311717063" lon="-77.377266153">
</trkpt>
<trkpt lat="41.311624943" lon="-77.377119742">
</trkpt>
<trkpt lat="41.311539249" lon="-77.376973331">
</trkpt>
<trkpt lat="41.311507828" lon="-77.376921042">
</trkpt>
<trkpt lat="41.311492832" lon="-77.376890618">
</trkpt>
<trkpt lat="41.311479263" lon="-77.376863999">
</trkpt>
<trkpt lat="41.311463553" lon="-77.376831674">
</trkpt>
<trkpt lat="41.311450699" lon="-77.37679935">
</trkpt>
<trkpt lat="41.311437845" lon="-77.376758469">
</trkpt>
<trkpt lat="41.311428561" lon="-77.376722341">
</trkpt>
<trkpt lat="41.311420706" lon="-77.376687164">
</trkpt>
<trkpt lat="41.311414279" lon="-77.376649136">
</trkpt>
<trkpt lat="41.31136929" lon="-77.376383885">
</trkpt>
<trkpt lat="41.311355007" lon="-77.376301173">
</trkpt>
<trkpt lat="41.311350009" lon="-77.376277405">
</trkpt>
<trkpt lat="41.31134501" lon="-77.376263144">
</trkpt>
<trkpt lat="41.311338582" lon="-77.376247932">
</trkpt>
<trkpt lat="41.311329299" lon="-77.376234623">
</trkpt>
<trkpt lat="41.311317159" lon="-77.376226066">
</trkpt>
<trkpt lat="41.311302876" lon="-77.376221312">
</trkpt>
<trkpt lat="41.311288595" lon="-77.37621846">
</trkpt>
<trkpt lat="41.311270027" lon="-77.376216558">
</trkpt>
<trkpt lat="41.31124789" lon="-77.376212756">
</trkpt>
<trkpt lat="41.311225038" lon="-77.376208002">
</trkpt>
<trkpt lat="41.311201472" lon="-77.376200397">
</trkpt>
<trkpt lat="41.311182905" lon="-77.376189939">
</trkpt>
<trkpt lat="41.311167908" lon="-77.376175678">
</trkpt>
<trkpt lat="41.311157197" lon="-77.376158565">
</trkpt>
<trkpt lat="41.311147913" lon="-77.376140502">
</trkpt>
<trkpt lat="41.311138629" lon="-77.376117208">
</trkpt>
<trkpt lat="41.311085071" lon="-77.375981732">
</trkpt>
<trkpt lat="41.311029726" lon="-77.3758415">
</trkpt>
<trkpt lat="41.310977953" lon="-77.375691762">
</trkpt>
<trkpt lat="41.310935106" lon="-77.375558661">
</trkpt>
<trkpt lat="41.310885117" lon="-77.375392286">
</trkpt>
<trkpt lat="41.31084941" lon="-77.375263938">
</trkpt>
<trkpt lat="41.31081549" lon="-77.375142722">
</trkpt>
<trkpt lat="41.310786925" lon="-77.375011998">
</trkpt>
<trkpt lat="41.31075836" lon="-77.374876521">
</trkpt>
<trkpt lat="41.310724439" lon="-77.374719652">
</trkpt>
<trkpt lat="41.310694089" lon="-77.37456516">
</trkpt>
<trkpt lat="41.310673403" lon="-77.374452077">
</trkpt>
<trkpt lat="41.310608284" lon="-77.37399241">
</trkpt>
<trkpt lat="41.310435773" lon="-77.372648015">
</trkpt>
<trkpt lat="41.310245416" lon="-77.371273876">
</trkpt>
<trkpt lat="41.310210837" lon="-77.371019552">
</trkpt>
<trkpt lat="41.309954039" lon="-77.369027705">
</trkpt>
<trkpt lat="41.309936094" lon="-77.368883737">
</trkpt>
<trkpt lat="41.309869144" lon="-77.368377479">
</trkpt>
<trkpt lat="41.309835772" lon="-77.368097393">
</trkpt>
<trkpt lat="41.30976738" lon="-77.367593136">
</trkpt>
<trkpt lat="41.309751312" lon="-77.367446963">
</trkpt>
<trkpt lat="41.309723758" lon="-77.36715481">
</trkpt>
<trkpt lat="41.309681684" lon="-77.366855141">
</trkpt>
<trkpt lat="41.309632435" lon="-77.366552354">
</trkpt>
<trkpt lat="41.309543475" lon="-77.365836808">
</trkpt>
<trkpt lat="41.309376913" lon="-77.364611385">
</trkpt>
<trkpt lat="41.309256057" lon="-77.363639047">
</trkpt>
<trkpt lat="41.309123993" lon="-77.362564723">
</trkpt>
<trkpt lat="41.309072217" lon="-77.362155914">
</trkpt>
<trkpt lat="41.308961525" lon="-77.361343049">
</trkpt>
<trkpt lat="41.308922248" lon="-77.361045949">
</trkpt>
<trkpt lat="41.308893682" lon="-77.360879573">
</trkpt>
<trkpt lat="41.308866902" lon="-77.360691806">
</trkpt>
<trkpt lat="41.308831194" lon="-77.360475518">
</trkpt>
<trkpt lat="41.308799058" lon="-77.360294881">
</trkpt>
<trkpt lat="41.30875978" lon="-77.360128505">
</trkpt>
<trkpt lat="41.308722287" lon="-77.359974014">
</trkpt>
<trkpt lat="41.308675868" lon="-77.359762479">
</trkpt>
<trkpt lat="41.308629448" lon="-77.359574712">
</trkpt>
<trkpt lat="41.308579458" lon="-77.35935367">
</trkpt>
<trkpt lat="41.308529467" lon="-77.359139757">
</trkpt>
<trkpt lat="41.308497331" lon="-77.359016164">
</trkpt>
<trkpt lat="41.308452697" lon="-77.358899702">
</trkpt>
<trkpt lat="41.308386638" lon="-77.358749963">
</trkpt>
<trkpt lat="41.308309867" lon="-77.358564572">
</trkpt>
<trkpt lat="41.308247379" lon="-77.358421965">
</trkpt>
<trkpt lat="41.308199173" lon="-77.358334023">
</trkpt>
<trkpt lat="41.308131329" lon="-77.35821756">
</trkpt>
<trkpt lat="41.308031348" lon="-77.358044054">
</trkpt>
<trkpt lat="41.307947435" lon="-77.357896693">
</trkpt>
<trkpt lat="41.30783317" lon="-77.357723187">
</trkpt>
<trkpt lat="41.30771712" lon="-77.357544927">
</trkpt>
<trkpt lat="41.307624279" lon="-77.357421333">
</trkpt>
<trkpt lat="41.307474306" lon="-77.357240696">
</trkpt>
<trkpt lat="41.307210067" lon="-77.356898438">
</trkpt>
<trkpt lat="41.306852985" lon="-77.356423079">
</trkpt>
<trkpt lat="41.306118387" lon="-77.355452182">
</trkpt>
<trkpt lat="41.305474597" lon="-77.354581958">
</trkpt>
<trkpt lat="41.30488568" lon="-77.353838376">
</trkpt>
<trkpt lat="41.304058818" lon="-77.352737875">
</trkpt>
<trkpt lat="41.303535336" lon="-77.35205378">
</trkpt>
<trkpt lat="41.302791755" lon="-77.351060355">
</trkpt>
<trkpt lat="41.301952995" lon="-77.349947957">
</trkpt>
<trkpt lat="41.301334335" lon="-77.349127043">
</trkpt>
<trkpt lat="41.300525318" lon="-77.348097926">
</trkpt>
<trkpt lat="41.299960196" lon="-77.347336499">
</trkpt>
<trkpt lat="41.299335588" lon="-77.346515585">
</trkpt>
<trkpt lat="41.298871593" lon="-77.345908822">
</trkpt>
<trkpt lat="41.298473033" lon="-77.345415084">
</trkpt>
<trkpt lat="41.298139909" lon="-77.344998678">
</trkpt>
<trkpt lat="41.29791386" lon="-77.344730989">
</trkpt>
<trkpt lat="41.297729452" lon="-77.344540632">
</trkpt>
<trkpt lat="41.297348738" lon="-77.344201559">
</trkpt>
<trkpt lat="41.297188124" lon="-77.344070689">
</trkpt>
<trkpt lat="41.296908538" lon="-77.343880332">
</trkpt>
<trkpt lat="41.296593259" lon="-77.343672129">
</trkpt>
<trkpt lat="41.296004342" lon="-77.343333056">
</trkpt>
<trkpt lat="41.295034712" lon="-77.342803626">
</trkpt>
<trkpt lat="41.294576666" lon="-77.34256568">
</trkpt>
<trkpt lat="41.29407103" lon="-77.342339631">
</trkpt>
<trkpt lat="41.293464268" lon="-77.342065993">
</trkpt>
<trkpt lat="41.2926612" lon="-77.341697176">
</trkpt>
<trkpt lat="41.291977105" lon="-77.341393795">
</trkpt>
<trkpt lat="41.291530956" lon="-77.341209387">
</trkpt>
<trkpt lat="41.290947988" lon="-77.340953595">
</trkpt>
<trkpt lat="41.290501839" lon="-77.340787033">
</trkpt>
<trkpt lat="41.290037844" lon="-77.340626419">
</trkpt>
<trkpt lat="41.289502465" lon="-77.340447959">
</trkpt>
<trkpt lat="41.28837817" lon="-77.340031554">
</trkpt>
<trkpt lat="41.287301464" lon="-77.33965084">
</trkpt>
<trkpt lat="41.286861264" lon="-77.339466432">
</trkpt>
<trkpt lat="41.286492447" lon="-77.339258229">
</trkpt>
<trkpt lat="41.286058196" lon="-77.338954848">
</trkpt>
<trkpt lat="41.285713174" lon="-77.338699056">
</trkpt>
<trkpt lat="41.285439536" lon="-77.338449212">
</trkpt>
<trkpt lat="41.285154" lon="-77.338163677">
</trkpt>
<trkpt lat="41.284838722" lon="-77.337830552">
</trkpt>
<trkpt lat="41.284576981" lon="-77.337491479">
</trkpt>
<trkpt lat="41.284379322" lon="-77.337227934">
</trkpt>
<trkpt lat="41.284308672" lon="-77.337112789">
</trkpt>
<trkpt lat="41.284176506" lon="-77.336908385">
</trkpt>
<trkpt lat="41.284012745" lon="-77.336628179">
</trkpt>
<trkpt lat="41.283903241" lon="-77.33641401">
</trkpt>
<trkpt lat="41.283756786" lon="-77.336131172">
</trkpt>
<trkpt lat="41.283644265" lon="-77.335886361">
</trkpt>
<trkpt lat="41.283590683" lon="-77.335772275">
</trkpt>
<trkpt lat="41.283546032" lon="-77.335660566">
</trkpt>
<trkpt lat="41.283519241" lon="-77.335582132">
</trkpt>
<trkpt lat="41.283453157" lon="-77.335413379">
</trkpt>
<trkpt lat="41.28331563" lon="-77.335047352">
</trkpt>
<trkpt lat="41.283251332" lon="-77.334876223">
</trkpt>
<trkpt lat="41.283183462" lon="-77.334633789">
</trkpt>
<trkpt lat="41.283126308" lon="-77.334398486">
</trkpt>
<trkpt lat="41.283087014" lon="-77.334215473">
</trkpt>
<trkpt lat="41.283062009" lon="-77.334077619">
</trkpt>
<trkpt lat="41.283040577" lon="-77.333939764">
</trkpt>
<trkpt lat="41.28302093" lon="-77.333816171">
</trkpt>
<trkpt lat="41.283008427" lon="-77.333706838">
</trkpt>
<trkpt lat="41.282995925" lon="-77.333599882">
</trkpt>
<trkpt lat="41.282983422" lon="-77.333476289">
</trkpt>
<trkpt lat="41.282976278" lon="-77.333350319">
</trkpt>
<trkpt lat="41.282967348" lon="-77.333226726">
</trkpt>
<trkpt lat="41.282960204" lon="-77.333086494">
</trkpt>
<trkpt lat="41.282958418" lon="-77.332965278">
</trkpt>
<trkpt lat="41.282963776" lon="-77.332682439">
</trkpt>
<trkpt lat="41.282969134" lon="-77.332523194">
</trkpt>
<trkpt lat="41.282974492" lon="-77.332411484">
</trkpt>
<trkpt lat="41.282981637" lon="-77.332309282">
</trkpt>
<trkpt lat="41.282988781" lon="-77.332207079">
</trkpt>
<trkpt lat="41.283006641" lon="-77.332085863">
</trkpt>
<trkpt lat="41.283017358" lon="-77.331995544">
</trkpt>
<trkpt lat="41.283035219" lon="-77.331890966">
</trkpt>
<trkpt lat="41.283051293" lon="-77.33178401">
</trkpt>
<trkpt lat="41.28307094" lon="-77.331679431">
</trkpt>
<trkpt lat="41.283094158" lon="-77.331567721">
</trkpt>
<trkpt lat="41.283119164" lon="-77.331460765">
</trkpt>
<trkpt lat="41.283144169" lon="-77.33136094">
</trkpt>
<trkpt lat="41.283174532" lon="-77.331244476">
</trkpt>
<trkpt lat="41.283251332" lon="-77.330959261">
</trkpt>
<trkpt lat="41.283362068" lon="-77.330578974">
</trkpt>
<trkpt lat="41.283504952" lon="-77.330105991">
</trkpt>
<trkpt lat="41.283997902" lon="-77.328473131">
</trkpt>
<trkpt lat="41.28420151" lon="-77.327795744">
</trkpt>
<trkpt lat="41.284272951" lon="-77.327558064">
</trkpt>
<trkpt lat="41.284374755" lon="-77.327199168">
</trkpt>
<trkpt lat="41.28442655" lon="-77.327001893">
</trkpt>
<trkpt lat="41.284458698" lon="-77.326852156">
</trkpt>
<trkpt lat="41.284485489" lon="-77.32670004">
</trkpt>
<trkpt lat="41.284506921" lon="-77.326550302">
</trkpt>
<trkpt lat="41.284522995" lon="-77.326400563">
</trkpt>
<trkpt lat="41.284537284" lon="-77.326246072">
</trkpt>
<trkpt lat="41.284546214" lon="-77.326093957">
</trkpt>
<trkpt lat="41.284551572" lon="-77.325948972">
</trkpt>
<trkpt lat="41.284551572" lon="-77.325820625">
</trkpt>
<trkpt lat="41.284548" lon="-77.325689902">
</trkpt>
<trkpt lat="41.284544427" lon="-77.325556801">
</trkpt>
<trkpt lat="41.284537284" lon="-77.325442714">
</trkpt>
<trkpt lat="41.284528354" lon="-77.325331005">
</trkpt>
<trkpt lat="41.284515851" lon="-77.325233557">
</trkpt>
<trkpt lat="41.284497991" lon="-77.325140861">
</trkpt>
<trkpt lat="41.284469414" lon="-77.325012515">
</trkpt>
<trkpt lat="41.284344393" lon="-77.324432576">
</trkpt>
<trkpt lat="41.284285454" lon="-77.324197273">
</trkpt>
<trkpt lat="41.28424616" lon="-77.324057041">
</trkpt>
<trkpt lat="41.28421044" lon="-77.323940578">
</trkpt>
<trkpt lat="41.284174719" lon="-77.323833623">
</trkpt>
<trkpt lat="41.284138999" lon="-77.323750435">
</trkpt>
<trkpt lat="41.284099706" lon="-77.32366487">
</trkpt>
<trkpt lat="41.284062199" lon="-77.323584059">
</trkpt>
<trkpt lat="41.283987185" lon="-77.323448582">
</trkpt>
<trkpt lat="41.283876451" lon="-77.323258438">
</trkpt>
<trkpt lat="41.283830014" lon="-77.323180003">
</trkpt>
<trkpt lat="41.28376393" lon="-77.323073047">
</trkpt>
<trkpt lat="41.28369606" lon="-77.322975599">
</trkpt>
<trkpt lat="41.283631762" lon="-77.322880527">
</trkpt>
<trkpt lat="41.283578181" lon="-77.322799716">
</trkpt>
<trkpt lat="41.28347098" lon="-77.322655563">
</trkpt>
<trkpt lat="41.28297866" lon="-77.322004677">
</trkpt>
<trkpt lat="41.282621445" lon="-77.321519811">
</trkpt>
<trkpt lat="41.282532141" lon="-77.321410478">
</trkpt>
<trkpt lat="41.282416046" lon="-77.321277377">
</trkpt>
<trkpt lat="41.282269587" lon="-77.321111001">
</trkpt>
<trkpt lat="41.282132058" lon="-77.320958887">
</trkpt>
<trkpt lat="41.282015962" lon="-77.320844801">
</trkpt>
<trkpt lat="41.281890935" lon="-77.320730714">
</trkpt>
<trkpt lat="41.281756977" lon="-77.320633265">
</trkpt>
<trkpt lat="41.281608731" lon="-77.320528686">
</trkpt>
<trkpt lat="41.281501564" lon="-77.320455005">
</trkpt>
<trkpt lat="41.281414045" lon="-77.320397962">
</trkpt>
<trkpt lat="41.281312236" lon="-77.320338542">
</trkpt>
<trkpt lat="41.281231862" lon="-77.320300513">
</trkpt>
<trkpt lat="41.281099689" lon="-77.320248224">
</trkpt>
<trkpt lat="41.28099788" lon="-77.320203065">
</trkpt>
<trkpt lat="41.280894284" lon="-77.320169789">
</trkpt>
<trkpt lat="41.280787117" lon="-77.320136515">
</trkpt>
<trkpt lat="41.280672804" lon="-77.320105616">
</trkpt>
<trkpt lat="41.280567423" lon="-77.320084225">
</trkpt>
<trkpt lat="41.280449538" lon="-77.320062834">
</trkpt>
<trkpt lat="41.280370948" lon="-77.320053326">
</trkpt>
<trkpt lat="41.280238773" lon="-77.320043819">
</trkpt>
<trkpt lat="41.280117315" lon="-77.320039066">
</trkpt>
<trkpt lat="41.280020863" lon="-77.320036689">
</trkpt>
<trkpt lat="41.279894047" lon="-77.320041443">
</trkpt>
<trkpt lat="41.279797594" lon="-77.320043819">
</trkpt>
<trkpt lat="41.279724362" lon="-77.320053326">
</trkpt>
<trkpt lat="41.279643985" lon="-77.320062834">
</trkpt>
<trkpt lat="41.279556463" lon="-77.320077095">
</trkpt>
<trkpt lat="41.279476085" lon="-77.320091356">
</trkpt>
<trkpt lat="41.279395708" lon="-77.320107993">
</trkpt>
<trkpt lat="41.279326048" lon="-77.320131761">
</trkpt>
<trkpt lat="41.279202802" lon="-77.320172166">
</trkpt>
<trkpt lat="41.279111707" lon="-77.320203065">
</trkpt>
<trkpt lat="41.278988461" lon="-77.320245847">
</trkpt>
<trkpt lat="41.278893793" lon="-77.320291006">
</trkpt>
<trkpt lat="41.278781264" lon="-77.320352803">
</trkpt>
<trkpt lat="41.278690168" lon="-77.320400339">
</trkpt>
<trkpt lat="41.278550846" lon="-77.320476397">
</trkpt>
<trkpt lat="41.278415095" lon="-77.320569091">
</trkpt>
<trkpt lat="41.27829542" lon="-77.320654656">
</trkpt>
<trkpt lat="41.27820611" lon="-77.320733091">
</trkpt>
<trkpt lat="41.278122159" lon="-77.320794887">
</trkpt>
<trkpt lat="41.278047138" lon="-77.320866191">
</trkpt>
<trkpt lat="41.277939966" lon="-77.32097077">
</trkpt>
<trkpt lat="41.277832794" lon="-77.321084856">
</trkpt>
<trkpt lat="41.277743483" lon="-77.321182306">
</trkpt>
<trkpt lat="41.277607731" lon="-77.321336797">
</trkpt>
<trkpt lat="41.277500558" lon="-77.321467521">
</trkpt>
<trkpt lat="41.277423751" lon="-77.321581607">
</trkpt>
<trkpt lat="41.277332653" lon="-77.321728968">
</trkpt>
<trkpt lat="41.277220121" lon="-77.321926243">
</trkpt>
<trkpt lat="41.277136168" lon="-77.322080735">
</trkpt>
<trkpt lat="41.27703078" lon="-77.322285139">
</trkpt>
<trkpt lat="41.276892384" lon="-77.322549337">
</trkpt>
<trkpt lat="41.276308354" lon="-77.323690606">
</trkpt>
<trkpt lat="41.275320878" lon="-77.325647712">
</trkpt>
<trkpt lat="41.274896565" lon="-77.326483486">
</trkpt>
<trkpt lat="41.274705066" lon="-77.326842054">
</trkpt>
<trkpt lat="41.274258491" lon="-77.327733353">
</trkpt>
<trkpt lat="41.273615417" lon="-77.329004939">
</trkpt>
<trkpt lat="41.273434998" lon="-77.329361459">
</trkpt>
<trkpt lat="41.273265296" lon="-77.329684704">
</trkpt>
<trkpt lat="41.273138467" lon="-77.32992476">
</trkpt>
<trkpt lat="41.27304915" lon="-77.330086383">
</trkpt>
<trkpt lat="41.272949115" lon="-77.330233744">
</trkpt>
<trkpt lat="41.27286337" lon="-77.330357337">
</trkpt>
<trkpt lat="41.272775839" lon="-77.330483308">
</trkpt>
<trkpt lat="41.272693667" lon="-77.330604524">
</trkpt>
<trkpt lat="41.272622213" lon="-77.330701973">
</trkpt>
<trkpt lat="41.272550759" lon="-77.330792291">
</trkpt>
<trkpt lat="41.272465014" lon="-77.330904">
</trkpt>
<trkpt lat="41.272364978" lon="-77.33102284">
</trkpt>
<trkpt lat="41.272248864" lon="-77.331160695">
</trkpt>
<trkpt lat="41.27209881" lon="-77.331338955">
</trkpt>
<trkpt lat="41.27201485" lon="-77.331434026">
</trkpt>
<trkpt lat="41.271923746" lon="-77.331519591">
</trkpt>
<trkpt lat="41.271802273" lon="-77.331626547">
</trkpt>
<trkpt lat="41.271664721" lon="-77.331747764">
</trkpt>
<trkpt lat="41.27152717" lon="-77.331859473">
</trkpt>
<trkpt lat="41.271380687" lon="-77.331966429">
</trkpt>
<trkpt lat="41.271241348" lon="-77.3320615">
</trkpt>
<trkpt lat="41.271144883" lon="-77.332123297">
</trkpt>
<trkpt lat="41.270985894" lon="-77.332211239">
</trkpt>
<trkpt lat="41.270685779" lon="-77.332368108">
</trkpt>
<trkpt lat="41.270560731" lon="-77.332425151">
</trkpt>
<trkpt lat="41.270360652" lon="-77.332510715">
</trkpt>
<trkpt lat="41.27023739" lon="-77.332560628">
</trkpt>
<trkpt lat="41.270124845" lon="-77.332601034">
</trkpt>
<trkpt lat="41.269978358" lon="-77.332658077">
</trkpt>
<trkpt lat="41.269840804" lon="-77.33271512">
</trkpt>
<trkpt lat="41.269762201" lon="-77.332753148">
</trkpt>
<trkpt lat="41.269669306" lon="-77.332800684">
</trkpt>
<trkpt lat="41.269388836" lon="-77.332943293">
</trkpt>
<trkpt lat="41.268911855" lon="-77.333183349">
</trkpt>
<trkpt lat="41.268522407" lon="-77.333371116">
</trkpt>
<trkpt lat="41.268397354" lon="-77.333440043">
</trkpt>
<trkpt lat="41.268082935" lon="-77.333596911">
</trkpt>
<trkpt lat="41.267639888" lon="-77.333846475">
</trkpt>
<trkpt lat="41.267261151" lon="-77.334062764">
</trkpt>
<trkpt lat="41.267103939" lon="-77.334148329">
</trkpt>
<trkpt lat="41.2670164" lon="-77.334188734">
</trkpt>
<trkpt lat="41.266934221" lon="-77.334224387">
</trkpt>
<trkpt lat="41.266839536" lon="-77.334267169">
</trkpt>
<trkpt lat="41.266712693" lon="-77.334328965">
</trkpt>
<trkpt lat="41.26644293" lon="-77.334457312">
</trkpt>
<trkpt lat="41.266251771" lon="-77.334547631">
</trkpt>
<trkpt lat="41.26609277" lon="-77.334630818">
</trkpt>
<trkpt lat="41.265930196" lon="-77.334706876">
</trkpt>
<trkpt lat="41.265771194" lon="-77.334787687">
</trkpt>
<trkpt lat="41.265574674" lon="-77.334885136">
</trkpt>
<trkpt lat="41.265408525" lon="-77.334965947">
</trkpt>
<trkpt lat="41.265237017" lon="-77.335058642">
</trkpt>
<trkpt lat="41.265086946" lon="-77.335137077">
</trkpt>
<trkpt lat="41.264979752" lon="-77.335189366">
</trkpt>
<trkpt lat="41.264840401" lon="-77.33525354">
</trkpt>
<trkpt lat="41.264718913" lon="-77.335308206">
</trkpt>
<trkpt lat="41.264602787" lon="-77.335358119">
</trkpt>
<trkpt lat="41.2644813" lon="-77.335410408">
</trkpt>
<trkpt lat="41.264370532" lon="-77.335450813">
</trkpt>
<trkpt lat="41.264132917" lon="-77.335534002">
</trkpt>
<trkpt lat="41.263904234" lon="-77.335629073">
</trkpt>
<trkpt lat="41.263755946" lon="-77.335700377">
</trkpt>
<trkpt lat="41.263614805" lon="-77.335757421">
</trkpt>
<trkpt lat="41.263466518" lon="-77.33580971">
</trkpt>
<trkpt lat="41.263312869" lon="-77.335859623">
</trkpt>
<trkpt lat="41.263159221" lon="-77.335904781">
</trkpt>
<trkpt lat="41.263037731" lon="-77.335926173">
</trkpt>
<trkpt lat="41.262894802" lon="-77.335954694">
</trkpt>
<trkpt lat="41.262728646" lon="-77.335983216">
</trkpt>
<trkpt lat="41.262569637" lon="-77.336004608">
</trkpt>
<trkpt lat="41.262394547" lon="-77.336028375">
</trkpt>
<trkpt lat="41.262235537" lon="-77.33604739">
</trkpt>
<trkpt lat="41.26206938" lon="-77.336064028">
</trkpt>
<trkpt lat="41.261931808" lon="-77.336073534">
</trkpt>
<trkpt lat="41.261726344" lon="-77.336087795">
</trkpt>
<trkpt lat="41.261645944" lon="-77.336085418">
</trkpt>
<trkpt lat="41.261503012" lon="-77.336080665">
</trkpt>
<trkpt lat="41.261336853" lon="-77.336066404">
</trkpt>
<trkpt lat="41.261147466" lon="-77.336045013">
</trkpt>
<trkpt lat="41.26095272" lon="-77.336016491">
</trkpt>
<trkpt lat="41.260784772" lon="-77.335980839">
</trkpt>
<trkpt lat="41.260545357" lon="-77.335919043">
</trkpt>
<trkpt lat="41.260307728" lon="-77.335861999">
</trkpt>
<trkpt lat="41.259907508" lon="-77.335731275">
</trkpt>
<trkpt lat="41.259612703" lon="-77.335633827">
</trkpt>
<trkpt lat="41.259480486" lon="-77.335583914">
</trkpt>
<trkpt lat="41.259371496" lon="-77.335531625">
</trkpt>
<trkpt lat="41.259275014" lon="-77.335481712">
</trkpt>
<trkpt lat="41.259176744" lon="-77.335434176">
</trkpt>
<trkpt lat="41.259065967" lon="-77.335379509">
</trkpt>
<trkpt lat="41.258953404" lon="-77.33532009">
</trkpt>
<trkpt lat="41.25882476" lon="-77.33525354">
</trkpt>
<trkpt lat="41.258556749" lon="-77.33508954">
</trkpt>
<trkpt lat="41.258363782" lon="-77.334965947">
</trkpt>
<trkpt lat="41.258219056" lon="-77.334873252">
</trkpt>
<trkpt lat="41.257990351" lon="-77.334716383">
</trkpt>
<trkpt lat="41.257554383" lon="-77.334407399">
</trkpt>
<trkpt lat="41.257045153" lon="-77.33399859">
</trkpt>
<trkpt lat="41.2567414" lon="-77.333760911">
</trkpt>
<trkpt lat="41.256619898" lon="-77.333656331">
</trkpt>
<trkpt lat="41.256544853" lon="-77.333585028">
</trkpt>
<trkpt lat="41.25645194" lon="-77.333499463">
</trkpt>
<trkpt lat="41.2563626" lon="-77.333409145">
</trkpt>
<trkpt lat="41.256296488" lon="-77.333337841">
</trkpt>
<trkpt lat="41.256226804" lon="-77.333268913">
</trkpt>
<trkpt lat="41.255944488" lon="-77.33297419">
</trkpt>
<trkpt lat="41.255753299" lon="-77.332788801">
</trkpt>
<trkpt lat="41.255581765" lon="-77.332605787">
</trkpt>
<trkpt lat="41.255422738" lon="-77.332434658">
</trkpt>
<trkpt lat="41.254968884" lon="-77.331933153">
</trkpt>
<trkpt lat="41.254797347" lon="-77.331740633">
</trkpt>
<trkpt lat="41.254472142" lon="-77.331381737">
</trkpt>
<trkpt lat="41.254020067" lon="-77.330892117">
</trkpt>
<trkpt lat="41.253614448" lon="-77.330450032">
</trkpt>
<trkpt lat="41.25345363" lon="-77.330274149">
</trkpt>
<trkpt lat="41.253274942" lon="-77.330091135">
</trkpt>
<trkpt lat="41.253080172" lon="-77.329898615">
</trkpt>
<trkpt lat="41.252874679" lon="-77.329717979">
</trkpt>
<trkpt lat="41.252726368" lon="-77.329582501">
</trkpt>
<trkpt lat="41.252533382" lon="-77.329406618">
</trkpt>
<trkpt lat="41.252435103" lon="-77.329321054">
</trkpt>
<trkpt lat="41.252310019" lon="-77.329211721">
</trkpt>
<trkpt lat="41.252179575" lon="-77.329097635">
</trkpt>
<trkpt lat="41.252038409" lon="-77.328988302">
</trkpt>
<trkpt lat="41.251770371" lon="-77.328783897">
</trkpt>
<trkpt lat="41.251282539" lon="-77.328429754">
</trkpt>
<trkpt lat="41.251187832" lon="-77.328360828">
</trkpt>
<trkpt lat="41.251069893" lon="-77.328270509">
</trkpt>
<trkpt lat="41.250909069" lon="-77.32816593">
</trkpt>
<trkpt lat="41.250778622" lon="-77.328089872">
</trkpt>
<trkpt lat="41.250649961" lon="-77.328016192">
</trkpt>
<trkpt lat="41.250519513" lon="-77.327947265">
</trkpt>
<trkpt lat="41.250405148" lon="-77.327892598">
</trkpt>
<trkpt lat="41.250322948" lon="-77.327849815">
</trkpt>
<trkpt lat="41.250235387" lon="-77.327814164">
</trkpt>
<trkpt lat="41.250131742" lon="-77.327780889">
</trkpt>
<trkpt lat="41.250029885" lon="-77.327747613">
</trkpt>
<trkpt lat="41.249926241" lon="-77.327723846">
</trkpt>
<trkpt lat="41.249799366" lon="-77.327695324">
</trkpt>
<trkpt lat="41.24965462" lon="-77.327659672">
</trkpt>
<trkpt lat="41.249545615" lon="-77.327638281">
</trkpt>
<trkpt lat="41.249452691" lon="-77.327626397">
</trkpt>
<trkpt lat="41.249365129" lon="-77.327619266">
</trkpt>
<trkpt lat="41.249266845" lon="-77.32760976">
</trkpt>
<trkpt lat="41.249139968" lon="-77.327600252">
</trkpt>
<trkpt lat="41.249027388" lon="-77.327588368">
</trkpt>
<trkpt lat="41.248484138" lon="-77.327552717">
</trkpt>
<trkpt lat="41.247093827" lon="-77.327467151">
</trkpt>
<trkpt lat="41.24693478" lon="-77.327462398">
</trkpt>
<trkpt lat="41.246797176" lon="-77.327462398">
</trkpt>
<trkpt lat="41.246675656" lon="-77.327462398">
</trkpt>
<trkpt lat="41.246593451" lon="-77.327467151">
</trkpt>
<trkpt lat="41.246516608" lon="-77.327476659">
</trkpt>
<trkpt lat="41.24645406" lon="-77.327483789">
</trkpt>
<trkpt lat="41.246389726" lon="-77.327493297">
</trkpt>
<trkpt lat="41.246323604" lon="-77.32750518">
</trkpt>
<trkpt lat="41.246261057" lon="-77.327517064">
</trkpt>
<trkpt lat="41.246196722" lon="-77.327528948">
</trkpt>
<trkpt lat="41.2461306" lon="-77.327543209">
</trkpt>
<trkpt lat="41.24605733" lon="-77.327562223">
</trkpt>
<trkpt lat="41.245971551" lon="-77.327588368">
</trkpt>
<trkpt lat="41.245887557" lon="-77.327612137">
</trkpt>
<trkpt lat="41.245789268" lon="-77.327647788">
</trkpt>
<trkpt lat="41.245692765" lon="-77.327685817">
</trkpt>
<trkpt lat="41.245626643" lon="-77.327709585">
</trkpt>
<trkpt lat="41.245506908" lon="-77.327761874">
</trkpt>
<trkpt lat="41.245367514" lon="-77.327833179">
</trkpt>
<trkpt lat="41.245242417" lon="-77.327909235">
</trkpt>
<trkpt lat="41.245149488" lon="-77.327968655">
</trkpt>
<trkpt lat="41.245060133" lon="-77.328023322">
</trkpt>
<trkpt lat="41.244990435" lon="-77.328070858">
</trkpt>
<trkpt lat="41.244922525" lon="-77.328120771">
</trkpt>
<trkpt lat="41.244854616" lon="-77.32817306">
</trkpt>
<trkpt lat="41.24480815" lon="-77.328208712">
</trkpt>
<trkpt lat="41.244754537" lon="-77.328251494">
</trkpt>
<trkpt lat="41.244709859" lon="-77.328289524">
</trkpt>
<trkpt lat="41.244661607" lon="-77.328327552">
</trkpt>
<trkpt lat="41.244606206" lon="-77.328377465">
</trkpt>
<trkpt lat="41.244543657" lon="-77.328434508">
</trkpt>
<trkpt lat="41.244497192" lon="-77.32848442">
</trkpt>
<trkpt lat="41.24444894" lon="-77.328534334">
</trkpt>
<trkpt lat="41.2443989" lon="-77.32858187">
</trkpt>
<trkpt lat="41.244348861" lon="-77.328636536">
</trkpt>
<trkpt lat="41.244297034" lon="-77.328691202">
</trkpt>
<trkpt lat="41.244257717" lon="-77.328736361">
</trkpt>
<trkpt lat="41.2442184" lon="-77.328783897">
</trkpt>
<trkpt lat="41.244170148" lon="-77.328845694">
</trkpt>
<trkpt lat="41.244114747" lon="-77.328919375">
</trkpt>
<trkpt lat="41.244055772" lon="-77.328995432">
</trkpt>
<trkpt lat="41.244000371" lon="-77.329071489">
</trkpt>
<trkpt lat="41.243943182" lon="-77.329154678">
</trkpt>
<trkpt lat="41.243887781" lon="-77.329235488">
</trkpt>
<trkpt lat="41.243837741" lon="-77.329313923">
</trkpt>
<trkpt lat="41.243787701" lon="-77.329389981">
</trkpt>
<trkpt lat="41.243739448" lon="-77.329470791">
</trkpt>
<trkpt lat="41.243687621" lon="-77.329563487">
</trkpt>
<trkpt lat="41.243623284" lon="-77.32967995">
</trkpt>
<trkpt lat="41.24356967" lon="-77.329772645">
</trkpt>
<trkpt lat="41.243519629" lon="-77.329874847">
</trkpt>
<trkpt lat="41.243466015" lon="-77.329984179">
</trkpt>
<trkpt lat="41.243373083" lon="-77.330167193">
</trkpt>
<trkpt lat="41.243172921" lon="-77.330578379">
</trkpt>
<trkpt lat="41.243024588" lon="-77.330906377">
</trkpt>
<trkpt lat="41.242674302" lon="-77.331600402">
</trkpt>
<trkpt lat="41.242534903" lon="-77.331871357">
</trkpt>
<trkpt lat="41.242459842" lon="-77.332006834">
</trkpt>
<trkpt lat="41.242413375" lon="-77.332082892">
</trkpt>
<trkpt lat="41.242368696" lon="-77.332154196">
</trkpt>
<trkpt lat="41.242304357" lon="-77.332244514">
</trkpt>
<trkpt lat="41.242241806" lon="-77.332334832">
</trkpt>
<trkpt lat="41.242191765" lon="-77.332401382">
</trkpt>
<trkpt lat="41.242136362" lon="-77.33247031">
</trkpt>
<trkpt lat="41.242077385" lon="-77.33253686">
</trkpt>
<trkpt lat="41.242021982" lon="-77.332598657">
</trkpt>
<trkpt lat="41.24194692" lon="-77.332672338">
</trkpt>
<trkpt lat="41.241880794" lon="-77.332738887">
</trkpt>
<trkpt lat="41.24181288" lon="-77.332795931">
</trkpt>
<trkpt lat="41.241752116" lon="-77.332848221">
</trkpt>
<trkpt lat="41.241677053" lon="-77.332905264">
</trkpt>
<trkpt lat="41.241600204" lon="-77.33295993">
</trkpt>
<trkpt lat="41.241514418" lon="-77.333014597">
</trkpt>
<trkpt lat="41.241428633" lon="-77.333062133">
</trkpt>
<trkpt lat="41.241319613" lon="-77.333119176">
</trkpt>
<trkpt lat="41.241221317" lon="-77.333169088">
</trkpt>
<trkpt lat="41.241149828" lon="-77.333197609">
</trkpt>
<trkpt lat="41.241062255" lon="-77.333230885">
</trkpt>
<trkpt lat="41.240883533" lon="-77.333295059">
</trkpt>
<trkpt lat="41.240770938" lon="-77.333321203">
</trkpt>
<trkpt lat="41.240667279" lon="-77.333335464">
</trkpt>
<trkpt lat="41.240568981" lon="-77.333340218">
</trkpt>
<trkpt lat="41.240463535" lon="-77.333354479">
</trkpt>
<trkpt lat="41.24034379" lon="-77.333363986">
</trkpt>
<trkpt lat="41.240206173" lon="-77.333371116">
</trkpt>
<trkpt lat="41.240064981" lon="-77.333380623">
</trkpt>
<trkpt lat="41.239829064" lon="-77.333387753">
</trkpt>
<trkpt lat="41.239151693" lon="-77.333387753">
</trkpt>
<trkpt lat="41.238976541" lon="-77.333378246">
</trkpt>
<trkpt lat="41.238863942" lon="-77.333373492">
</trkpt>
<trkpt lat="41.238724535" lon="-77.333361609">
</trkpt>
<trkpt lat="41.237707565" lon="-77.333359232">
</trkpt>
<trkpt lat="41.237505599" lon="-77.333366362">
</trkpt>
<trkpt lat="41.237271461" lon="-77.333363986">
</trkpt>
<trkpt lat="41.236899698" lon="-77.333359232">
</trkpt>
<trkpt lat="41.236193593" lon="-77.333343973">
</trkpt>
<trkpt lat="41.235786134" lon="-77.333351217">
</trkpt>
<trkpt lat="41.235244807" lon="-77.333327422">
</trkpt>
<trkpt lat="41.234941426" lon="-77.333309577">
</trkpt>
<trkpt lat="41.234649942" lon="-77.333256039">
</trkpt>
<trkpt lat="41.234441739" lon="-77.333214398">
</trkpt>
<trkpt lat="41.234209741" lon="-77.333125168">
</trkpt>
<trkpt lat="41.233930155" lon="-77.332994298">
</trkpt>
<trkpt lat="41.233704106" lon="-77.332869376">
</trkpt>
<trkpt lat="41.233460211" lon="-77.332690917">
</trkpt>
<trkpt lat="41.23324606" lon="-77.332530303">
</trkpt>
<trkpt lat="41.232948627" lon="-77.33228046">
</trkpt>
<trkpt lat="41.232710681" lon="-77.33201277">
</trkpt>
<trkpt lat="41.232532221" lon="-77.331774824">
</trkpt>
<trkpt lat="41.232062278" lon="-77.331126421">
</trkpt>
<trkpt lat="41.231752948" lon="-77.330656478">
</trkpt>
<trkpt lat="41.231501863" lon="-77.330267294">
</trkpt>
<trkpt lat="41.231302259" lon="-77.329956609">
</trkpt>
<trkpt lat="41.231162834" lon="-77.32974032">
</trkpt>
<trkpt lat="41.231023411" lon="-77.329521655">
</trkpt>
<trkpt lat="41.230898286" lon="-77.329326758">
</trkpt>
<trkpt lat="41.230748137" lon="-77.329098585">
</trkpt>
<trkpt lat="41.230605136" lon="-77.328898935">
</trkpt>
<trkpt lat="41.230510399" lon="-77.328780095">
</trkpt>
<trkpt lat="41.230428173" lon="-77.328675515">
</trkpt>
<trkpt lat="41.230349524" lon="-77.328578066">
</trkpt>
<trkpt lat="41.230274448" lon="-77.328487748">
</trkpt>
<trkpt lat="41.23022261" lon="-77.328428329">
</trkpt>
<trkpt lat="41.230142172" lon="-77.32834514">
</trkpt>
<trkpt lat="41.230090334" lon="-77.328288097">
</trkpt>
<trkpt lat="41.230024196" lon="-77.32821917">
</trkpt>
<trkpt lat="41.229952695" lon="-77.328154997">
</trkpt>
<trkpt lat="41.229909795" lon="-77.328112214">
</trkpt>
<trkpt lat="41.229840082" lon="-77.328045664">
</trkpt>
<trkpt lat="41.22980749" lon="-77.328016773">
</trkpt>
<trkpt lat="41.228885887" lon="-77.327247235">
</trkpt>
<trkpt lat="41.228163466" lon="-77.326629951">
</trkpt>
<trkpt lat="41.22778052" lon="-77.326281109">
</trkpt>
<trkpt lat="41.227706401" lon="-77.326217925">
</trkpt>
<trkpt lat="41.227069628" lon="-77.32568144">
</trkpt>
<trkpt lat="41.226657453" lon="-77.325329136">
</trkpt>
<trkpt lat="41.226041171" lon="-77.324795472">
</trkpt>
<trkpt lat="41.225706269" lon="-77.324513116">
</trkpt>
<trkpt lat="41.225330321" lon="-77.324196945">
</trkpt>
<trkpt lat="41.224693922" lon="-77.323648917">
</trkpt>
<trkpt lat="41.223989597" lon="-77.323046636">
</trkpt>
<trkpt lat="41.223585448" lon="-77.322715027">
</trkpt>
<trkpt lat="41.223321259" lon="-77.322480979">
</trkpt>
<trkpt lat="41.222922843" lon="-77.322143344">
</trkpt>
<trkpt lat="41.222700889" lon="-77.321953642">
</trkpt>
<trkpt lat="41.222512907" lon="-77.321788029">
</trkpt>
<trkpt lat="41.222354367" lon="-77.321640483">
</trkpt>
<trkpt lat="41.222195827" lon="-77.32147487">
</trkpt>
<trkpt lat="41.22205314" lon="-77.321312268">
</trkpt>
<trkpt lat="41.22188554" lon="-77.321116544">
</trkpt>
<trkpt lat="41.221736058" lon="-77.320911786">
</trkpt>
<trkpt lat="41.221542277" lon="-77.32061143">
</trkpt>
<trkpt lat="41.221477518" lon="-77.320513593">
</trkpt>
<trkpt lat="41.221302318" lon="-77.320218871">
</trkpt>
<trkpt lat="41.221128906" lon="-77.319888495">
</trkpt>
<trkpt lat="41.220880407" lon="-77.31935847">
</trkpt>
<trkpt lat="41.220649784" lon="-77.318866473">
</trkpt>
<trkpt lat="41.220538942" lon="-77.318624039">
</trkpt>
<trkpt lat="41.220322621" lon="-77.31814868">
</trkpt>
<trkpt lat="41.220208203" lon="-77.317894363">
</trkpt>
<trkpt lat="41.220118814" lon="-77.317701842">
</trkpt>
<trkpt lat="41.220029424" lon="-77.317518829">
</trkpt>
<trkpt lat="41.219934671" lon="-77.317328685">
</trkpt>
<trkpt lat="41.219861372" lon="-77.317178947">
</trkpt>
<trkpt lat="41.21978986" lon="-77.3170506">
</trkpt>
<trkpt lat="41.219691531" lon="-77.316879471">
</trkpt>
<trkpt lat="41.219587839" lon="-77.316696457">
</trkpt>
<trkpt lat="41.219512751" lon="-77.316570487">
</trkpt>
<trkpt lat="41.219431406" lon="-77.316446893">
</trkpt>
<trkpt lat="41.219308047" lon="-77.316259126">
</trkpt>
<trkpt lat="41.21916681" lon="-77.316061852">
</trkpt>
<trkpt lat="41.21898624" lon="-77.315826549">
</trkpt>
<trkpt lat="41.21878958" lon="-77.315584116">
</trkpt>
<trkpt lat="41.218562526" lon="-77.315317915">
</trkpt>
<trkpt lat="41.218219262" lon="-77.314932874">
</trkpt>
<trkpt lat="41.218122718" lon="-77.314835424">
</trkpt>
<trkpt lat="41.217933206" lon="-77.314647658">
</trkpt>
<trkpt lat="41.217732967" lon="-77.314450384">
</trkpt>
<trkpt lat="41.217597091" lon="-77.314317283">
</trkpt>
<trkpt lat="41.217330699" lon="-77.314036821">
</trkpt>
<trkpt lat="41.217189458" lon="-77.313891836">
</trkpt>
<trkpt lat="41.217003519" lon="-77.313696939">
</trkpt>
<trkpt lat="41.216765732" lon="-77.313444998">
</trkpt>
<trkpt lat="41.216520792" lon="-77.31317642">
</trkpt>
<trkpt lat="41.216393851" lon="-77.313033813">
</trkpt>
<trkpt lat="41.216243669" lon="-77.312841292">
</trkpt>
<trkpt lat="41.215996939" lon="-77.312510917">
</trkpt>
<trkpt lat="41.215818148" lon="-77.312254223">
</trkpt>
<trkpt lat="41.215678692" lon="-77.312040311">
</trkpt>
<trkpt lat="41.215573205" lon="-77.311869182">
</trkpt>
<trkpt lat="41.215478446" lon="-77.311709937">
</trkpt>
<trkpt lat="41.215414081" lon="-77.311598227">
</trkpt>
<trkpt lat="41.215340776" lon="-77.311467503">
</trkpt>
<trkpt lat="41.21512265" lon="-77.311070578">
</trkpt>
<trkpt lat="41.214890219" lon="-77.31063087">
</trkpt>
<trkpt lat="41.214530844" lon="-77.309958237">
</trkpt>
<trkpt lat="41.214217954" lon="-77.309368791">
</trkpt>
<trkpt lat="41.214157163" lon="-77.309254704">
</trkpt>
<trkpt lat="41.21399446" lon="-77.308955229">
</trkpt>
<trkpt lat="41.213776329" lon="-77.308548796">
</trkpt>
<trkpt lat="41.213588593" lon="-77.308204161">
</trkpt>
<trkpt lat="41.213427675" lon="-77.30789993">
</trkpt>
<trkpt lat="41.213332913" lon="-77.307709786">
</trkpt>
<trkpt lat="41.213234574" lon="-77.307517266">
</trkpt>
<trkpt lat="41.213143388" lon="-77.307339006">
</trkpt>
<trkpt lat="41.213079021" lon="-77.30721779">
</trkpt>
<trkpt lat="41.213014653" lon="-77.30709895">
</trkpt>
<trkpt lat="41.212946709" lon="-77.306984863">
</trkpt>
<trkpt lat="41.212876978" lon="-77.306870777">
</trkpt>
<trkpt lat="41.212805458" lon="-77.306766198">
</trkpt>
<trkpt lat="41.212723211" lon="-77.306652112">
</trkpt>
<trkpt lat="41.212642752" lon="-77.306557039">
</trkpt>
<trkpt lat="41.212549776" lon="-77.306452461">
</trkpt>
<trkpt lat="41.212472892" lon="-77.306381156">
</trkpt>
<trkpt lat="41.212365612" lon="-77.306274201">
</trkpt>
<trkpt lat="41.2122333" lon="-77.306160114">
</trkpt>
<trkpt lat="41.212120656" lon="-77.30607455">
</trkpt>
<trkpt lat="41.212000859" lon="-77.305986608">
</trkpt>
<trkpt lat="41.21186497" lon="-77.305891537">
</trkpt>
<trkpt lat="41.211723717" lon="-77.305798841">
</trkpt>
<trkpt lat="41.211571736" lon="-77.305725161">
</trkpt>
<trkpt lat="41.211469818" lon="-77.305668118">
</trkpt>
<trkpt lat="41.211351808" lon="-77.305596814">
</trkpt>
<trkpt lat="41.211139033" lon="-77.305458959">
</trkpt>
<trkpt lat="41.211017447" lon="-77.305378149">
</trkpt>
<trkpt lat="41.210870827" lon="-77.305268816">
</trkpt>
<trkpt lat="41.210785002" lon="-77.305197512">
</trkpt>
<trkpt lat="41.210729572" lon="-77.305147599">
</trkpt>
<trkpt lat="41.21067593" lon="-77.305100063">
</trkpt>
<trkpt lat="41.210607985" lon="-77.305021629">
</trkpt>
<trkpt lat="41.210545403" lon="-77.304952701">
</trkpt>
<trkpt lat="41.210473881" lon="-77.304876644">
</trkpt>
<trkpt lat="41.210402359" lon="-77.304800587">
</trkpt>
<trkpt lat="41.210334413" lon="-77.304724529">
</trkpt>
<trkpt lat="41.210270043" lon="-77.304653225">
</trkpt>
<trkpt lat="41.210219978" lon="-77.304589052">
</trkpt>
<trkpt lat="41.210082297" lon="-77.304394154">
</trkpt>
<trkpt lat="41.209731836" lon="-77.303887897">
</trkpt>
<trkpt lat="41.209315213" lon="-77.303271118">
</trkpt>
<trkpt lat="41.209057729" lon="-77.30289083">
</trkpt>
<trkpt lat="41.208787727" lon="-77.302493905">
</trkpt>
<trkpt lat="41.208483749" lon="-77.302085096">
</trkpt>
<trkpt lat="41.208262024" lon="-77.301795127">
</trkpt>
<trkpt lat="41.208090365" lon="-77.301593099">
</trkpt>
<trkpt lat="41.207822147" lon="-77.301272231">
</trkpt>
<trkpt lat="41.207464521" lon="-77.300823017">
</trkpt>
<trkpt lat="41.207190936" lon="-77.300497395">
</trkpt>
<trkpt lat="41.206969206" lon="-77.300233571">
</trkpt>
<trkpt lat="41.206842247" lon="-77.300093339">
</trkpt>
<trkpt lat="41.206745687" lon="-77.299991137">
</trkpt>
<trkpt lat="41.206595483" lon="-77.299841399">
</trkpt>
<trkpt lat="41.206441701" lon="-77.299686907">
</trkpt>
<trkpt lat="41.206295071" lon="-77.299549053">
</trkpt>
<trkpt lat="41.206137713" lon="-77.299396938">
</trkpt>
<trkpt lat="41.20605188" lon="-77.299320881">
</trkpt>
<trkpt lat="41.20594459" lon="-77.299237692">
</trkpt>
<trkpt lat="41.205833723" lon="-77.299152128">
</trkpt>
<trkpt lat="41.205681727" lon="-77.299038042">
</trkpt>
<trkpt lat="41.205517215" lon="-77.298928709">
</trkpt>
<trkpt lat="41.205375948" lon="-77.298843144">
</trkpt>
<trkpt lat="41.205279385" lon="-77.298783724">
</trkpt>
<trkpt lat="41.205181034" lon="-77.298717174">
</trkpt>
<trkpt lat="41.205071954" lon="-77.298636363">
</trkpt>
<trkpt lat="41.205002214" lon="-77.298584073">
</trkpt>
<trkpt lat="41.204923534" lon="-77.2985199">
</trkpt>
<trkpt lat="41.204778689" lon="-77.29839393">
</trkpt>
<trkpt lat="41.204714313" lon="-77.298339263">
</trkpt>
<trkpt lat="41.204657091" lon="-77.298286974">
</trkpt>
<trkpt lat="41.204589139" lon="-77.298220424">
</trkpt>
<trkpt lat="41.204412106" lon="-77.298032656">
</trkpt>
<trkpt lat="41.204086649" lon="-77.297657123">
</trkpt>
<trkpt lat="41.203973991" lon="-77.297533529">
</trkpt>
<trkpt lat="41.203879215" lon="-77.297426573">
</trkpt>
<trkpt lat="41.203796956" lon="-77.297350516">
</trkpt>
<trkpt lat="41.20373258" lon="-77.297288719">
</trkpt>
<trkpt lat="41.203652109" lon="-77.297215038">
</trkpt>
<trkpt lat="41.203575215" lon="-77.297153241">
</trkpt>
<trkpt lat="41.203494744" lon="-77.297096198">
</trkpt>
<trkpt lat="41.203387449" lon="-77.297015387">
</trkpt>
<trkpt lat="41.203262272" lon="-77.296925068">
</trkpt>
<trkpt lat="41.203178224" lon="-77.296865648">
</trkpt>
<trkpt lat="41.203104906" lon="-77.296815736">
</trkpt>
<trkpt lat="41.203015493" lon="-77.296756316">
</trkpt>
<trkpt lat="41.202909986" lon="-77.296692142">
</trkpt>
<trkpt lat="41.202820573" lon="-77.296644607">
</trkpt>
<trkpt lat="41.202595252" lon="-77.296516259">
</trkpt>
<trkpt lat="41.202386025" lon="-77.29640455">
</trkpt>
<trkpt lat="41.202158913" lon="-77.29627858">
</trkpt>
<trkpt lat="41.201835234" lon="-77.296095567">
</trkpt>
<trkpt lat="41.201499035" lon="-77.295917307">
</trkpt>
<trkpt lat="41.201318417" lon="-77.295803221">
</trkpt>
<trkpt lat="41.201134222" lon="-77.295689134">
</trkpt>
<trkpt lat="41.201005463" lon="-77.2956107">
</trkpt>
<trkpt lat="41.200898165" lon="-77.295537019">
</trkpt>
<trkpt lat="41.200810537" lon="-77.295463339">
</trkpt>
<trkpt lat="41.20073364" lon="-77.295399165">
</trkpt>
<trkpt lat="41.200633494" lon="-77.295308846">
</trkpt>
<trkpt lat="41.200538713" lon="-77.295209021">
</trkpt>
<trkpt lat="41.200442143" lon="-77.295113949">
</trkpt>
<trkpt lat="41.200377764" lon="-77.295047399">
</trkpt>
<trkpt lat="41.200318749" lon="-77.294971341">
</trkpt>
<trkpt lat="41.200229332" lon="-77.294850124">
</trkpt>
<trkpt lat="41.200177471" lon="-77.294778821">
</trkpt>
<trkpt lat="41.200109514" lon="-77.294674242">
</trkpt>
<trkpt lat="41.200014732" lon="-77.294514996">
</trkpt>
<trkpt lat="41.19991995" lon="-77.29434862">
</trkpt>
<trkpt lat="41.199843051" lon="-77.294184622">
</trkpt>
<trkpt lat="41.199767941" lon="-77.294015869">
</trkpt>
<trkpt lat="41.19961772" lon="-77.293609437">
</trkpt>
<trkpt lat="41.199535456" lon="-77.293364626">
</trkpt>
<trkpt lat="41.19947644" lon="-77.293179236">
</trkpt>
<trkpt lat="41.19942279" lon="-77.292981962">
</trkpt>
<trkpt lat="41.199374504" lon="-77.292779934">
</trkpt>
<trkpt lat="41.199336949" lon="-77.292608805">
</trkpt>
<trkpt lat="41.199311912" lon="-77.292478081">
</trkpt>
<trkpt lat="41.199290451" lon="-77.292375879">
</trkpt>
<trkpt lat="41.199267203" lon="-77.292233271">
</trkpt>
<trkpt lat="41.199245743" lon="-77.292095416">
</trkpt>
<trkpt lat="41.199227859" lon="-77.291926664">
</trkpt>
<trkpt lat="41.199206014" lon="-77.291570946">
</trkpt>
<trkpt lat="41.199192092" lon="-77.291258784">
</trkpt>
<trkpt lat="41.199184938" lon="-77.291030612">
</trkpt>
<trkpt lat="41.199186726" lon="-77.290880873">
</trkpt>
<trkpt lat="41.199192092" lon="-77.290743019">
</trkpt>
<trkpt lat="41.199197457" lon="-77.290621802">
</trkpt>
<trkpt lat="41.199209975" lon="-77.290505339">
</trkpt>
<trkpt lat="41.199222494" lon="-77.290355602">
</trkpt>
<trkpt lat="41.199247531" lon="-77.29015595">
</trkpt>
<trkpt lat="41.199277933" lon="-77.289949169">
</trkpt>
<trkpt lat="41.19932443" lon="-77.289682967">
</trkpt>
<trkpt lat="41.199392388" lon="-77.289324072">
</trkpt>
<trkpt lat="41.199458557" lon="-77.289024595">
</trkpt>
<trkpt lat="41.199506842" lon="-77.288817813">
</trkpt>
<trkpt lat="41.199528302" lon="-77.288713234">
</trkpt>
<trkpt lat="41.199567646" lon="-77.288573004">
</trkpt>
<trkpt lat="41.199608778" lon="-77.288425642">
</trkpt>
<trkpt lat="41.199637392" lon="-77.288332947">
</trkpt>
<trkpt lat="41.199658852" lon="-77.28827115">
</trkpt>
<trkpt lat="41.199680312" lon="-77.288221237">
</trkpt>
<trkpt lat="41.199699984" lon="-77.288168948">
</trkpt>
<trkpt lat="41.199771517" lon="-77.287943152">
</trkpt>
<trkpt lat="41.199839475" lon="-77.287703096">
</trkpt>
<trkpt lat="41.19991077" lon="-77.287406313">
</trkpt>
<trkpt lat="41.200044895" lon="-77.287075938">
</trkpt>
<trkpt lat="41.200129476" lon="-77.286874778">
</trkpt>
<trkpt lat="41.200210495" lon="-77.286680438">
</trkpt>
<trkpt lat="41.200219079" lon="-77.286661425">
</trkpt>
<trkpt lat="41.200224086" lon="-77.28664336">
</trkpt>
<trkpt lat="41.200226947" lon="-77.286628149">
</trkpt>
<trkpt lat="41.200229093" lon="-77.286614839">
</trkpt>
<trkpt lat="41.200230524" lon="-77.286600578">
</trkpt>
<trkpt lat="41.200230524" lon="-77.286586317">
</trkpt>
<trkpt lat="41.200229809" lon="-77.286573958">
</trkpt>
<trkpt lat="41.200228378" lon="-77.286560648">
</trkpt>
<trkpt lat="41.200224801" lon="-77.286552092">
</trkpt>
<trkpt lat="41.200221225" lon="-77.286543535">
</trkpt>
<trkpt lat="41.200214071" lon="-77.28653688">
</trkpt>
<trkpt lat="41.20020048" lon="-77.286527373">
</trkpt>
<trkpt lat="41.20017902" lon="-77.286512161">
</trkpt>
<trkpt lat="41.200160422" lon="-77.286497901">
</trkpt>
<trkpt lat="41.200151123" lon="-77.286487443">
</trkpt>
<trkpt lat="41.2001454" lon="-77.286475083">
</trkpt>
<trkpt lat="41.200141823" lon="-77.286463675">
</trkpt>
<trkpt lat="41.200139677" lon="-77.286451316">
</trkpt>
<trkpt lat="41.200138962" lon="-77.286441808">
</trkpt>
<trkpt lat="41.200139677" lon="-77.286431351">
</trkpt>
<trkpt lat="41.200140393" lon="-77.286419942">
</trkpt>
<trkpt lat="41.200142539" lon="-77.286407582">
</trkpt>
<trkpt lat="41.200155843" lon="-77.286375516">
</trkpt>
<trkpt lat="41.200170079" lon="-77.286339131">
</trkpt>
<trkpt lat="41.200195115" lon="-77.28626545">
</trkpt>
<trkpt lat="41.200212999" lon="-77.286191769">
</trkpt>
<trkpt lat="41.200227306" lon="-77.286115712">
</trkpt>
<trkpt lat="41.200234459" lon="-77.286039654">
</trkpt>
<trkpt lat="41.200241612" lon="-77.28596835">
</trkpt>
<trkpt lat="41.200245189" lon="-77.285906553">
</trkpt>
<trkpt lat="41.200250553" lon="-77.285837626">
</trkpt>
<trkpt lat="41.200255919" lon="-77.285780583">
</trkpt>
<trkpt lat="41.200259496" lon="-77.285740178">
</trkpt>
<trkpt lat="41.200266649" lon="-77.285690265">
</trkpt>
<trkpt lat="41.200277379" lon="-77.285637976">
</trkpt>
<trkpt lat="41.20029705" lon="-77.285554787">
</trkpt>
<trkpt lat="41.200357854" lon="-77.285314731">
</trkpt>
<trkpt lat="41.200407404" lon="-77.285105955">
</trkpt>
<trkpt lat="41.200926277" lon="-77.282974954">
</trkpt>
<trkpt lat="41.20114011" lon="-77.282070857">
</trkpt>
<trkpt lat="41.201216245" lon="-77.281783048">
</trkpt>
<trkpt lat="41.201284201" lon="-77.281571513">
</trkpt>
<trkpt lat="41.201332485" lon="-77.281419398">
</trkpt>
<trkpt lat="41.201375404" lon="-77.28126966">
</trkpt>
<trkpt lat="41.201420112" lon="-77.281108038">
</trkpt>
<trkpt lat="41.201471972" lon="-77.280875112">
</trkpt>
<trkpt lat="41.201507738" lon="-77.280699229">
</trkpt>
<trkpt lat="41.201538139" lon="-77.280551867">
</trkpt>
<trkpt lat="41.201554234" lon="-77.280473433">
</trkpt>
<trkpt lat="41.201566752" lon="-77.28042352">
</trkpt>
<trkpt lat="41.201584635" lon="-77.280368854">
</trkpt>
<trkpt lat="41.201597153" lon="-77.280335578">
</trkpt>
<trkpt lat="41.201615036" lon="-77.280288042">
</trkpt>
<trkpt lat="41.201634707" lon="-77.280223869">
</trkpt>
<trkpt lat="41.201666897" lon="-77.280105029">
</trkpt>
<trkpt lat="41.20173664" lon="-77.279817436">
</trkpt>
<trkpt lat="41.201818901" lon="-77.279463293">
</trkpt>
<trkpt lat="41.201906353" lon="-77.279088763">
</trkpt>
<trkpt lat="41.201925066" lon="-77.279017902">
</trkpt>
<trkpt lat="41.201935796" lon="-77.278973694">
</trkpt>
<trkpt lat="41.201945452" lon="-77.278935189">
</trkpt>
<trkpt lat="41.201947598" lon="-77.278920928">
</trkpt>
<trkpt lat="41.201948671" lon="-77.27890952">
</trkpt>
<trkpt lat="41.201948671" lon="-77.278893833">
</trkpt>
<trkpt lat="41.201946525" lon="-77.27887672">
</trkpt>
<trkpt lat="41.20194116" lon="-77.278856755">
</trkpt>
<trkpt lat="41.20193043" lon="-77.278823955">
</trkpt>
<trkpt lat="41.201927212" lon="-77.278805416">
</trkpt>
<trkpt lat="41.201923993" lon="-77.278785451">
</trkpt>
<trkpt lat="41.201923993" lon="-77.27877119">
</trkpt>
<trkpt lat="41.201926139" lon="-77.278748373">
</trkpt>
<trkpt lat="41.201931504" lon="-77.278718426">
</trkpt>
<trkpt lat="41.201963566" lon="-77.278577392">
</trkpt>
<trkpt lat="41.201970905" lon="-77.27854585">
</trkpt>
<trkpt lat="41.20197627" lon="-77.278519706">
</trkpt>
<trkpt lat="41.201978059" lon="-77.278498314">
</trkpt>
<trkpt lat="41.201979114" lon="-77.27846508">
</trkpt>
<trkpt lat="41.201979787" lon="-77.278434636">
</trkpt>
<trkpt lat="41.201983006" lon="-77.27839328">
</trkpt>
<trkpt lat="41.201986225" lon="-77.278339089">
</trkpt>
<trkpt lat="41.201993736" lon="-77.278286323">
</trkpt>
<trkpt lat="41.202007684" lon="-77.27821502">
</trkpt>
<trkpt lat="41.202022706" lon="-77.278150846">
</trkpt>
<trkpt lat="41.202039873" lon="-77.27807669">
</trkpt>
<trkpt lat="41.202080647" lon="-77.277914117">
</trkpt>
<trkpt lat="41.202091482" lon="-77.277864">
</trkpt>
<trkpt lat="41.202106815" lon="-77.277794782">
</trkpt>
<trkpt lat="41.202110392" lon="-77.277771014">
</trkpt>
<trkpt lat="41.202112179" lon="-77.277749623">
</trkpt>
<trkpt lat="41.202110392" lon="-77.277725855">
</trkpt>
<trkpt lat="41.202106815" lon="-77.277709218">
</trkpt>
<trkpt lat="41.20210145" lon="-77.277690203">
</trkpt>
<trkpt lat="41.20209072" lon="-77.277678319">
</trkpt>
<trkpt lat="41.202078203" lon="-77.277666435">
</trkpt>
<trkpt lat="41.202065685" lon="-77.277654551">
</trkpt>
<trkpt lat="41.202056743" lon="-77.277642667">
</trkpt>
<trkpt lat="41.202047801" lon="-77.277626029">
</trkpt>
<trkpt lat="41.202242304" lon="-77.276903202">
</trkpt>
<trkpt lat="41.202406685" lon="-77.276386347">
</trkpt>
<trkpt lat="41.202478216" lon="-77.276120146">
</trkpt>
<trkpt lat="41.202642737" lon="-77.275502178">
</trkpt>
<trkpt lat="41.202750032" lon="-77.275036327">
</trkpt>
<trkpt lat="41.203076034" lon="-77.273683992">
</trkpt>
<trkpt lat="41.203204152" lon="-77.273186934">
</trkpt>
<trkpt lat="41.203258685" lon="-77.272989079">
</trkpt>
<trkpt lat="41.203477576" lon="-77.272250306">
</trkpt>
<trkpt lat="41.203582379" lon="-77.271905099">
</trkpt>
<trkpt lat="41.203704152" lon="-77.271537158">
</trkpt>
<trkpt lat="41.203792849" lon="-77.271244336">
</trkpt>
<trkpt lat="41.203995992" lon="-77.270544607">
</trkpt>
<trkpt lat="41.204220593" lon="-77.269858188">
</trkpt>
<trkpt lat="41.204406568" lon="-77.269261137">
</trkpt>
<trkpt lat="41.2045625" lon="-77.26876296">
</trkpt>
<trkpt lat="41.204701265" lon="-77.268354151">
</trkpt>
<trkpt lat="41.204782808" lon="-77.268110767">
</trkpt>
<trkpt lat="41.204905836" lon="-77.267778015">
</trkpt>
<trkpt lat="41.205044601" lon="-77.267414841">
</trkpt>
<trkpt lat="41.205189087" lon="-77.267051666">
</trkpt>
<trkpt lat="41.205400809" lon="-77.266528771">
</trkpt>
<trkpt lat="41.205669776" lon="-77.265857826">
</trkpt>
<trkpt lat="41.205762738" lon="-77.265638898">
</trkpt>
<trkpt lat="41.205965875" lon="-77.265123608">
</trkpt>
<trkpt lat="41.206110359" lon="-77.264781349">
</trkpt>
<trkpt lat="41.206239319" lon="-77.264502029">
</trkpt>
<trkpt lat="41.206312064" lon="-77.26435923">
</trkpt>
<trkpt lat="41.206334953" lon="-77.264309793">
</trkpt>
<trkpt lat="41.206346397" lon="-77.264275567">
</trkpt>
<trkpt lat="41.206350689" lon="-77.264247045">
</trkpt>
<trkpt lat="41.206346397" lon="-77.264216622">
</trkpt>
<trkpt lat="41.206332092" lon="-77.264193805">
</trkpt>
<trkpt lat="41.206320648" lon="-77.264182396">
</trkpt>
<trkpt lat="41.206303481" lon="-77.264174791">
</trkpt>
<trkpt lat="41.206290606" lon="-77.264174791">
</trkpt>
<trkpt lat="41.206277732" lon="-77.264178593">
</trkpt>
<trkpt lat="41.206266287" lon="-77.264191903">
</trkpt>
<trkpt lat="41.206255452" lon="-77.264211036">
</trkpt>
<trkpt lat="41.206226817" lon="-77.264280723">
</trkpt>
<trkpt lat="41.206186177" lon="-77.264391554">
</trkpt>
<trkpt lat="41.206084609" lon="-77.264642544">
</trkpt>
<trkpt lat="41.205973027" lon="-77.264897337">
</trkpt>
<trkpt lat="41.205694072" lon="-77.265553333">
</trkpt>
<trkpt lat="41.205675474" lon="-77.265570446">
</trkpt>
<trkpt lat="41.205659738" lon="-77.26556284">
</trkpt>
<trkpt lat="41.205655447" lon="-77.265553333">
</trkpt>
<trkpt lat="41.205554276" lon="-77.265008941">
</trkpt>
</trkseg></trk></gpx>