<?xml version="1.0" encoding="UTF-8"?>
<gpx xmlns:gpxdata="http://www.cluetrust.com/XML/GPXDATA/1/0" xmlns:xsi="http://www.w3.org/2001/XMLSchema-instance" xmlns="http://www.topografix.com/GPX/1/1" version="1.1" creator="http://ridewithgps.com/" xsi:schemaLocation="http://www.topografix.com/GPX/1/1 http://www.topografix.com/GPX/1/1/gpx.xsd http://www.cluetrust.com/XML/GPXDATA/1/0 http://www.cluetrust.com/Schemas/gpxdata10.xsd">
  <metadata>
    <name>TransAm2024</name>
    <link href="https://ridewithgps.com/routes/54979733">
      <text>TransAm2024</text>
    </link>
    <time>2026-05-05T09:29:40Z</time>
  </metadata>
  <trk>
    <name>TransAm2024</name>
    <trkseg>
      <trkpt lat="37.233141" lon="-76.505354">
        <ele>19.2</ele>
      </trkpt>
      <trkpt lat="37.232643" lon="-76.505167">
        <ele>19.8</ele>
      </trkpt>
      <trkpt lat="37.230031" lon="-76.50753">
        <ele>16.4</ele>
      </trkpt>
      <trkpt lat="37.230118" lon="-76.511158">
        <ele>9.3</ele>
      </trkpt>
      <trkpt lat="37.228798" lon="-76.516088">
        <ele>17.8</ele>
      </trkpt>
      <trkpt lat="37.228959" lon="-76.517829">
        <ele>19.8</ele>
      </trkpt>
      <trkpt lat="37.229762" lon="-76.519497">
        <ele>19.7</ele>
      </trkpt>
      <trkpt lat="37.231643" lon="-76.520957">
        <ele>18.6</ele>
      </trkpt>
      <trkpt lat="37.238956" lon="-76.523303">
        <ele>8.3</ele>
      </trkpt>
      <trkpt lat="37.244523" lon="-76.527618">
        <ele>8.0</ele>
      </trkpt>
      <trkpt lat="37.249163" lon="-76.532682">
        <ele>9.6</ele>
      </trkpt>
      <trkpt lat="37.252408" lon="-76.539209">
        <ele>4.2</ele>
      </trkpt>
      <trkpt lat="37.257624" lon="-76.543144">
        <ele>3.3</ele>
      </trkpt>
      <trkpt lat="37.26119" lon="-76.548552">
        <ele>4.9</ele>
      </trkpt>
      <trkpt lat="37.267557" lon="-76.554656">
        <ele>2.8</ele>
      </trkpt>
      <trkpt lat="37.268914" lon="-76.556969">
        <ele>3.0</ele>
      </trkpt>
      <trkpt lat="37.271121" lon="-76.57408">
        <ele>8.5</ele>
      </trkpt>
      <trkpt lat="37.274283" lon="-76.587289">
        <ele>5.4</ele>
      </trkpt>
      <trkpt lat="37.273791" lon="-76.590044">
        <ele>8.1</ele>
      </trkpt>
      <trkpt lat="37.272174" lon="-76.592417">
        <ele>7.5</ele>
      </trkpt>
      <trkpt lat="37.271339" lon="-76.594803">
        <ele>5.7</ele>
      </trkpt>
      <trkpt lat="37.27151" lon="-76.600011">
        <ele>10.9</ele>
      </trkpt>
      <trkpt lat="37.274363" lon="-76.609174">
        <ele>11.4</ele>
      </trkpt>
      <trkpt lat="37.274807" lon="-76.613357">
        <ele>16.2</ele>
      </trkpt>
      <trkpt lat="37.278008" lon="-76.61849">
        <ele>18.6</ele>
      </trkpt>
      <trkpt lat="37.280949" lon="-76.625103">
        <ele>22.2</ele>
      </trkpt>
      <trkpt lat="37.282935" lon="-76.636645">
        <ele>23.0</ele>
      </trkpt>
      <trkpt lat="37.28357" lon="-76.644813">
        <ele>17.5</ele>
      </trkpt>
      <trkpt lat="37.281282" lon="-76.651388">
        <ele>26.8</ele>
      </trkpt>
      <trkpt lat="37.281151" lon="-76.658324">
        <ele>21.8</ele>
      </trkpt>
      <trkpt lat="37.280452" lon="-76.659667">
        <ele>19.2</ele>
      </trkpt>
      <trkpt lat="37.278406" lon="-76.661559">
        <ele>20.0</ele>
      </trkpt>
      <trkpt lat="37.277665" lon="-76.663476">
        <ele>22.3</ele>
      </trkpt>
      <trkpt lat="37.277673" lon="-76.665435">
        <ele>21.0</ele>
      </trkpt>
      <trkpt lat="37.278835" lon="-76.669933">
        <ele>12.0</ele>
      </trkpt>
      <trkpt lat="37.278909" lon="-76.673963">
        <ele>15.3</ele>
      </trkpt>
      <trkpt lat="37.27856" lon="-76.677538">
        <ele>10.1</ele>
      </trkpt>
      <trkpt lat="37.277112" lon="-76.68136">
        <ele>14.6</ele>
      </trkpt>
      <trkpt lat="37.276812" lon="-76.683593">
        <ele>19.1</ele>
      </trkpt>
      <trkpt lat="37.278361" lon="-76.690414">
        <ele>19.5</ele>
      </trkpt>
      <trkpt lat="37.278367" lon="-76.693035">
        <ele>22.3</ele>
      </trkpt>
      <trkpt lat="37.27695" lon="-76.698459">
        <ele>12.9</ele>
      </trkpt>
      <trkpt lat="37.274195" lon="-76.699156">
        <ele>17.2</ele>
      </trkpt>
      <trkpt lat="37.273642" lon="-76.702228">
        <ele>23.4</ele>
      </trkpt>
      <trkpt lat="37.272381" lon="-76.702329">
        <ele>24.6</ele>
      </trkpt>
      <trkpt lat="37.272231" lon="-76.705891">
        <ele>23.8</ele>
      </trkpt>
      <trkpt lat="37.266973" lon="-76.705807">
        <ele>24.4</ele>
      </trkpt>
      <trkpt lat="37.266839" lon="-76.703588">
        <ele>18.2</ele>
      </trkpt>
      <trkpt lat="37.265718" lon="-76.702541">
        <ele>10.8</ele>
      </trkpt>
      <trkpt lat="37.259447" lon="-76.701907">
        <ele>9.7</ele>
      </trkpt>
      <trkpt lat="37.255856" lon="-76.70347">
        <ele>3.5</ele>
      </trkpt>
      <trkpt lat="37.254269" lon="-76.703545">
        <ele>3.4</ele>
      </trkpt>
      <trkpt lat="37.248739" lon="-76.700265">
        <ele>18.3</ele>
      </trkpt>
      <trkpt lat="37.243408" lon="-76.699454">
        <ele>20.0</ele>
      </trkpt>
      <trkpt lat="37.2386" lon="-76.697847">
        <ele>15.7</ele>
      </trkpt>
      <trkpt lat="37.233291" lon="-76.696943">
        <ele>10.0</ele>
      </trkpt>
      <trkpt lat="37.228602" lon="-76.694642">
        <ele>4.2</ele>
      </trkpt>
      <trkpt lat="37.226268" lon="-76.694709">
        <ele>3.7</ele>
      </trkpt>
      <trkpt lat="37.223417" lon="-76.695831">
        <ele>2.7</ele>
      </trkpt>
      <trkpt lat="37.219684" lon="-76.699279">
        <ele>3.8</ele>
      </trkpt>
      <trkpt lat="37.218275" lon="-76.701593">
        <ele>5.8</ele>
      </trkpt>
      <trkpt lat="37.217273" lon="-76.704583">
        <ele>4.2</ele>
      </trkpt>
      <trkpt lat="37.213677" lon="-76.72789">
        <ele>3.4</ele>
      </trkpt>
      <trkpt lat="37.213431" lon="-76.733476">
        <ele>2.7</ele>
      </trkpt>
      <trkpt lat="37.21392" lon="-76.739301">
        <ele>2.4</ele>
      </trkpt>
      <trkpt lat="37.216427" lon="-76.749594">
        <ele>4.3</ele>
      </trkpt>
      <trkpt lat="37.217179" lon="-76.757611">
        <ele>5.4</ele>
      </trkpt>
      <trkpt lat="37.219711" lon="-76.765204">
        <ele>4.7</ele>
      </trkpt>
      <trkpt lat="37.221053" lon="-76.77197">
        <ele>4.7</ele>
      </trkpt>
      <trkpt lat="37.224163" lon="-76.779251">
        <ele>2.9</ele>
      </trkpt>
      <trkpt lat="37.224476" lon="-76.780788">
        <ele>2.9</ele>
      </trkpt>
      <trkpt lat="37.224117" lon="-76.782846">
        <ele>2.8</ele>
      </trkpt>
      <trkpt lat="37.225065" lon="-76.78281">
        <ele>4.7</ele>
      </trkpt>
      <trkpt lat="37.225703" lon="-76.78167">
        <ele>3.7</ele>
      </trkpt>
      <trkpt lat="37.226469" lon="-76.781309">
        <ele>4.1</ele>
      </trkpt>
      <trkpt lat="37.22759" lon="-76.782488">
        <ele>7.1</ele>
      </trkpt>
      <trkpt lat="37.229383" lon="-76.780655">
        <ele>6.0</ele>
      </trkpt>
      <trkpt lat="37.233038" lon="-76.783967">
        <ele>8.2</ele>
      </trkpt>
      <trkpt lat="37.237813" lon="-76.786558">
        <ele>8.2</ele>
      </trkpt>
      <trkpt lat="37.239542" lon="-76.786425">
        <ele>8.4</ele>
      </trkpt>
      <trkpt lat="37.243487" lon="-76.790366">
        <ele>8.5</ele>
      </trkpt>
      <trkpt lat="37.245158" lon="-76.790578">
        <ele>7.6</ele>
      </trkpt>
      <trkpt lat="37.24914" lon="-76.794098">
        <ele>6.7</ele>
      </trkpt>
      <trkpt lat="37.253856" lon="-76.795179">
        <ele>5.7</ele>
      </trkpt>
      <trkpt lat="37.253743" lon="-76.798534">
        <ele>6.9</ele>
      </trkpt>
      <trkpt lat="37.251786" lon="-76.804126">
        <ele>8.8</ele>
      </trkpt>
      <trkpt lat="37.252034" lon="-76.806066">
        <ele>7.7</ele>
      </trkpt>
      <trkpt lat="37.255163" lon="-76.813079">
        <ele>10.5</ele>
      </trkpt>
      <trkpt lat="37.253534" lon="-76.834077">
        <ele>9.4</ele>
      </trkpt>
      <trkpt lat="37.261257" lon="-76.861579">
        <ele>9.8</ele>
      </trkpt>
      <trkpt lat="37.264864" lon="-76.869778">
        <ele>3.8</ele>
      </trkpt>
      <trkpt lat="37.264699" lon="-76.873068">
        <ele>8.7</ele>
      </trkpt>
      <trkpt lat="37.262024" lon="-76.884869">
        <ele>9.1</ele>
      </trkpt>
      <trkpt lat="37.263158" lon="-76.890355">
        <ele>9.3</ele>
      </trkpt>
      <trkpt lat="37.289855" lon="-76.930054">
        <ele>9.4</ele>
      </trkpt>
      <trkpt lat="37.297451" lon="-76.942676">
        <ele>10.7</ele>
      </trkpt>
      <trkpt lat="37.301186" lon="-76.950564">
        <ele>11.5</ele>
      </trkpt>
      <trkpt lat="37.306484" lon="-76.959374">
        <ele>11.6</ele>
      </trkpt>
      <trkpt lat="37.313518" lon="-76.966582">
        <ele>9.7</ele>
      </trkpt>
      <trkpt lat="37.317067" lon="-76.968893">
        <ele>11.4</ele>
      </trkpt>
      <trkpt lat="37.322871" lon="-76.975944">
        <ele>10.5</ele>
      </trkpt>
      <trkpt lat="37.326464" lon="-76.98404">
        <ele>11.8</ele>
      </trkpt>
      <trkpt lat="37.326869" lon="-76.986287">
        <ele>12.5</ele>
      </trkpt>
      <trkpt lat="37.325369" lon="-77.001406">
        <ele>12.2</ele>
      </trkpt>
      <trkpt lat="37.325655" lon="-77.005104">
        <ele>12.0</ele>
      </trkpt>
      <trkpt lat="37.326261" lon="-77.006217">
        <ele>11.7</ele>
      </trkpt>
      <trkpt lat="37.332283" lon="-77.012023">
        <ele>12.7</ele>
      </trkpt>
      <trkpt lat="37.335712" lon="-77.017774">
        <ele>18.6</ele>
      </trkpt>
      <trkpt lat="37.338529" lon="-77.019583">
        <ele>21.0</ele>
      </trkpt>
      <trkpt lat="37.339678" lon="-77.021317">
        <ele>19.4</ele>
      </trkpt>
      <trkpt lat="37.339574" lon="-77.02917">
        <ele>19.6</ele>
      </trkpt>
      <trkpt lat="37.338022" lon="-77.034945">
        <ele>17.9</ele>
      </trkpt>
      <trkpt lat="37.335362" lon="-77.049327">
        <ele>17.3</ele>
      </trkpt>
      <trkpt lat="37.336131" lon="-77.051347">
        <ele>20.0</ele>
      </trkpt>
      <trkpt lat="37.339195" lon="-77.053777">
        <ele>20.5</ele>
      </trkpt>
      <trkpt lat="37.340098" lon="-77.05537">
        <ele>19.6</ele>
      </trkpt>
      <trkpt lat="37.341195" lon="-77.061667">
        <ele>8.3</ele>
      </trkpt>
      <trkpt lat="37.343739" lon="-77.06857">
        <ele>4.6</ele>
      </trkpt>
      <trkpt lat="37.343835" lon="-77.070845">
        <ele>2.5</ele>
      </trkpt>
      <trkpt lat="37.341588" lon="-77.07288">
        <ele>13.2</ele>
      </trkpt>
      <trkpt lat="37.33942" lon="-77.08132">
        <ele>12.2</ele>
      </trkpt>
      <trkpt lat="37.338883" lon="-77.089595">
        <ele>7.7</ele>
      </trkpt>
      <trkpt lat="37.333815" lon="-77.094962">
        <ele>10.0</ele>
      </trkpt>
      <trkpt lat="37.332626" lon="-77.097141">
        <ele>10.9</ele>
      </trkpt>
      <trkpt lat="37.331611" lon="-77.105306">
        <ele>21.3</ele>
      </trkpt>
      <trkpt lat="37.332294" lon="-77.109631">
        <ele>20.4</ele>
      </trkpt>
      <trkpt lat="37.33406" lon="-77.115383">
        <ele>15.8</ele>
      </trkpt>
      <trkpt lat="37.333374" lon="-77.130327">
        <ele>12.1</ele>
      </trkpt>
      <trkpt lat="37.329531" lon="-77.142731">
        <ele>13.4</ele>
      </trkpt>
      <trkpt lat="37.330943" lon="-77.147645">
        <ele>11.6</ele>
      </trkpt>
      <trkpt lat="37.333046" lon="-77.150238">
        <ele>15.6</ele>
      </trkpt>
      <trkpt lat="37.334159" lon="-77.152896">
        <ele>16.2</ele>
      </trkpt>
      <trkpt lat="37.337025" lon="-77.167049">
        <ele>18.2</ele>
      </trkpt>
      <trkpt lat="37.338102" lon="-77.16988">
        <ele>19.4</ele>
      </trkpt>
      <trkpt lat="37.338185" lon="-77.172828">
        <ele>16.3</ele>
      </trkpt>
      <trkpt lat="37.336601" lon="-77.17894">
        <ele>7.8</ele>
      </trkpt>
      <trkpt lat="37.331626" lon="-77.181797">
        <ele>3.4</ele>
      </trkpt>
      <trkpt lat="37.330174" lon="-77.181987">
        <ele>2.5</ele>
      </trkpt>
      <trkpt lat="37.329727" lon="-77.184664">
        <ele>3.7</ele>
      </trkpt>
      <trkpt lat="37.331311" lon="-77.192321">
        <ele>13.4</ele>
      </trkpt>
      <trkpt lat="37.333237" lon="-77.196168">
        <ele>13.5</ele>
      </trkpt>
      <trkpt lat="37.335227" lon="-77.198684">
        <ele>8.5</ele>
      </trkpt>
      <trkpt lat="37.336828" lon="-77.204445">
        <ele>11.4</ele>
      </trkpt>
      <trkpt lat="37.338898" lon="-77.206386">
        <ele>9.6</ele>
      </trkpt>
      <trkpt lat="37.340211" lon="-77.206692">
        <ele>12.7</ele>
      </trkpt>
      <trkpt lat="37.340918" lon="-77.207808">
        <ele>13.4</ele>
      </trkpt>
      <trkpt lat="37.341347" lon="-77.218542">
        <ele>14.7</ele>
      </trkpt>
      <trkpt lat="37.347522" lon="-77.23018">
        <ele>10.7</ele>
      </trkpt>
      <trkpt lat="37.348468" lon="-77.230871">
        <ele>9.0</ele>
      </trkpt>
      <trkpt lat="37.3508" lon="-77.2307">
        <ele>9.1</ele>
      </trkpt>
      <trkpt lat="37.355849" lon="-77.227802">
        <ele>14.7</ele>
      </trkpt>
      <trkpt lat="37.358634" lon="-77.227744">
        <ele>17.4</ele>
      </trkpt>
      <trkpt lat="37.36143" lon="-77.226536">
        <ele>18.6</ele>
      </trkpt>
      <trkpt lat="37.363948" lon="-77.226344">
        <ele>23.0</ele>
      </trkpt>
      <trkpt lat="37.366477" lon="-77.224935">
        <ele>23.9</ele>
      </trkpt>
      <trkpt lat="37.373924" lon="-77.22365">
        <ele>25.7</ele>
      </trkpt>
      <trkpt lat="37.37544" lon="-77.224159">
        <ele>21.2</ele>
      </trkpt>
      <trkpt lat="37.376824" lon="-77.225784">
        <ele>14.7</ele>
      </trkpt>
      <trkpt lat="37.378183" lon="-77.232448">
        <ele>15.5</ele>
      </trkpt>
      <trkpt lat="37.38012" lon="-77.23952">
        <ele>14.0</ele>
      </trkpt>
      <trkpt lat="37.380876" lon="-77.240834">
        <ele>14.2</ele>
      </trkpt>
      <trkpt lat="37.38491" lon="-77.242711">
        <ele>13.4</ele>
      </trkpt>
      <trkpt lat="37.387298" lon="-77.2446">
        <ele>15.6</ele>
      </trkpt>
      <trkpt lat="37.391477" lon="-77.244115">
        <ele>1.4</ele>
      </trkpt>
      <trkpt lat="37.394673" lon="-77.246167">
        <ele>2.3</ele>
      </trkpt>
      <trkpt lat="37.395218" lon="-77.248004">
        <ele>2.0</ele>
      </trkpt>
      <trkpt lat="37.394975" lon="-77.251865">
        <ele>2.1</ele>
      </trkpt>
      <trkpt lat="37.395663" lon="-77.253647">
        <ele>1.8</ele>
      </trkpt>
      <trkpt lat="37.403295" lon="-77.26027">
        <ele>14.4</ele>
      </trkpt>
      <trkpt lat="37.40572" lon="-77.265419">
        <ele>14.6</ele>
      </trkpt>
      <trkpt lat="37.407608" lon="-77.258131">
        <ele>14.7</ele>
      </trkpt>
      <trkpt lat="37.410425" lon="-77.253221">
        <ele>18.9</ele>
      </trkpt>
      <trkpt lat="37.410521" lon="-77.248913">
        <ele>34.0</ele>
      </trkpt>
      <trkpt lat="37.416667" lon="-77.248885">
        <ele>30.6</ele>
      </trkpt>
      <trkpt lat="37.419477" lon="-77.245321">
        <ele>21.5</ele>
      </trkpt>
      <trkpt lat="37.421284" lon="-77.244451">
        <ele>25.6</ele>
      </trkpt>
      <trkpt lat="37.429997" lon="-77.236998">
        <ele>44.1</ele>
      </trkpt>
      <trkpt lat="37.437066" lon="-77.235077">
        <ele>43.9</ele>
      </trkpt>
      <trkpt lat="37.441783" lon="-77.234866">
        <ele>43.7</ele>
      </trkpt>
      <trkpt lat="37.445886" lon="-77.233388">
        <ele>45.0</ele>
      </trkpt>
      <trkpt lat="37.446103" lon="-77.228791">
        <ele>45.5</ele>
      </trkpt>
      <trkpt lat="37.450765" lon="-77.216576">
        <ele>45.2</ele>
      </trkpt>
      <trkpt lat="37.451461" lon="-77.213258">
        <ele>46.0</ele>
      </trkpt>
      <trkpt lat="37.456294" lon="-77.210105">
        <ele>43.2</ele>
      </trkpt>
      <trkpt lat="37.462411" lon="-77.210636">
        <ele>34.7</ele>
      </trkpt>
      <trkpt lat="37.46605" lon="-77.208616">
        <ele>26.1</ele>
      </trkpt>
      <trkpt lat="37.467601" lon="-77.208337">
        <ele>21.6</ele>
      </trkpt>
      <trkpt lat="37.471317" lon="-77.210629">
        <ele>20.6</ele>
      </trkpt>
      <trkpt lat="37.472689" lon="-77.212104">
        <ele>23.2</ele>
      </trkpt>
      <trkpt lat="37.475216" lon="-77.213222">
        <ele>32.7</ele>
      </trkpt>
      <trkpt lat="37.480546" lon="-77.213459">
        <ele>40.1</ele>
      </trkpt>
      <trkpt lat="37.484617" lon="-77.212838">
        <ele>38.9</ele>
      </trkpt>
      <trkpt lat="37.486797" lon="-77.214143">
        <ele>40.2</ele>
      </trkpt>
      <trkpt lat="37.48946" lon="-77.219751">
        <ele>41.6</ele>
      </trkpt>
      <trkpt lat="37.495783" lon="-77.226053">
        <ele>40.9</ele>
      </trkpt>
      <trkpt lat="37.500207" lon="-77.233286">
        <ele>41.8</ele>
      </trkpt>
      <trkpt lat="37.501631" lon="-77.237088">
        <ele>46.6</ele>
      </trkpt>
      <trkpt lat="37.50348" lon="-77.239148">
        <ele>47.2</ele>
      </trkpt>
      <trkpt lat="37.505403" lon="-77.239959">
        <ele>48.0</ele>
      </trkpt>
      <trkpt lat="37.51092" lon="-77.240621">
        <ele>45.7</ele>
      </trkpt>
      <trkpt lat="37.514572" lon="-77.240304">
        <ele>41.2</ele>
      </trkpt>
      <trkpt lat="37.519152" lon="-77.238366">
        <ele>24.3</ele>
      </trkpt>
      <trkpt lat="37.520599" lon="-77.238866">
        <ele>28.4</ele>
      </trkpt>
      <trkpt lat="37.523537" lon="-77.243704">
        <ele>35.4</ele>
      </trkpt>
      <trkpt lat="37.525993" lon="-77.250314">
        <ele>40.9</ele>
      </trkpt>
      <trkpt lat="37.527396" lon="-77.256854">
        <ele>41.6</ele>
      </trkpt>
      <trkpt lat="37.528091" lon="-77.267946">
        <ele>47.1</ele>
      </trkpt>
      <trkpt lat="37.528909" lon="-77.270493">
        <ele>50.0</ele>
      </trkpt>
      <trkpt lat="37.530636" lon="-77.270334">
        <ele>46.9</ele>
      </trkpt>
      <trkpt lat="37.53349" lon="-77.273068">
        <ele>46.1</ele>
      </trkpt>
      <trkpt lat="37.539666" lon="-77.275672">
        <ele>44.5</ele>
      </trkpt>
      <trkpt lat="37.548051" lon="-77.277415">
        <ele>24.5</ele>
      </trkpt>
      <trkpt lat="37.548694" lon="-77.276283">
        <ele>21.6</ele>
      </trkpt>
      <trkpt lat="37.549562" lon="-77.276168">
        <ele>21.5</ele>
      </trkpt>
      <trkpt lat="37.550245" lon="-77.273708">
        <ele>20.5</ele>
      </trkpt>
      <trkpt lat="37.557095" lon="-77.262884">
        <ele>23.9</ele>
      </trkpt>
      <trkpt lat="37.56237" lon="-77.260853">
        <ele>39.3</ele>
      </trkpt>
      <trkpt lat="37.564512" lon="-77.262656">
        <ele>41.6</ele>
      </trkpt>
      <trkpt lat="37.566523" lon="-77.267736">
        <ele>43.0</ele>
      </trkpt>
      <trkpt lat="37.567858" lon="-77.269986">
        <ele>41.8</ele>
      </trkpt>
      <trkpt lat="37.569099" lon="-77.270809">
        <ele>44.0</ele>
      </trkpt>
      <trkpt lat="37.575055" lon="-77.272008">
        <ele>52.2</ele>
      </trkpt>
      <trkpt lat="37.576842" lon="-77.273147">
        <ele>51.9</ele>
      </trkpt>
      <trkpt lat="37.5806" lon="-77.27111">
        <ele>53.6</ele>
      </trkpt>
      <trkpt lat="37.583607" lon="-77.270573">
        <ele>52.0</ele>
      </trkpt>
      <trkpt lat="37.591297" lon="-77.270949">
        <ele>58.4</ele>
      </trkpt>
      <trkpt lat="37.587793" lon="-77.28376">
        <ele>55.9</ele>
      </trkpt>
      <trkpt lat="37.585736" lon="-77.285613">
        <ele>52.3</ele>
      </trkpt>
      <trkpt lat="37.58434" lon="-77.28786">
        <ele>53.0</ele>
      </trkpt>
      <trkpt lat="37.583169" lon="-77.291608">
        <ele>48.0</ele>
      </trkpt>
      <trkpt lat="37.586651" lon="-77.294405">
        <ele>47.8</ele>
      </trkpt>
      <trkpt lat="37.58727" lon="-77.295538">
        <ele>50.7</ele>
      </trkpt>
      <trkpt lat="37.586498" lon="-77.307626">
        <ele>50.2</ele>
      </trkpt>
      <trkpt lat="37.587625" lon="-77.311804">
        <ele>50.4</ele>
      </trkpt>
      <trkpt lat="37.593451" lon="-77.32317">
        <ele>57.3</ele>
      </trkpt>
      <trkpt lat="37.593833" lon="-77.326199">
        <ele>55.5</ele>
      </trkpt>
      <trkpt lat="37.59746" lon="-77.331695">
        <ele>53.1</ele>
      </trkpt>
      <trkpt lat="37.599143" lon="-77.332025">
        <ele>51.2</ele>
      </trkpt>
      <trkpt lat="37.60145" lon="-77.331618">
        <ele>53.1</ele>
      </trkpt>
      <trkpt lat="37.600146" lon="-77.33651">
        <ele>47.0</ele>
      </trkpt>
      <trkpt lat="37.600049" lon="-77.342071">
        <ele>49.5</ele>
      </trkpt>
      <trkpt lat="37.598511" lon="-77.355665">
        <ele>47.1</ele>
      </trkpt>
      <trkpt lat="37.598878" lon="-77.361802">
        <ele>44.1</ele>
      </trkpt>
      <trkpt lat="37.601648" lon="-77.369466">
        <ele>51.3</ele>
      </trkpt>
      <trkpt lat="37.604679" lon="-77.372605">
        <ele>54.1</ele>
      </trkpt>
      <trkpt lat="37.608119" lon="-77.374286">
        <ele>53.0</ele>
      </trkpt>
      <trkpt lat="37.617432" lon="-77.382738">
        <ele>59.0</ele>
      </trkpt>
      <trkpt lat="37.62282" lon="-77.388837">
        <ele>57.5</ele>
      </trkpt>
      <trkpt lat="37.625698" lon="-77.389272">
        <ele>57.5</ele>
      </trkpt>
      <trkpt lat="37.630116" lon="-77.387907">
        <ele>57.1</ele>
      </trkpt>
      <trkpt lat="37.635403" lon="-77.387277">
        <ele>62.4</ele>
      </trkpt>
      <trkpt lat="37.637508" lon="-77.387584">
        <ele>60.0</ele>
      </trkpt>
      <trkpt lat="37.640427" lon="-77.386445">
        <ele>59.8</ele>
      </trkpt>
      <trkpt lat="37.641748" lon="-77.386601">
        <ele>59.0</ele>
      </trkpt>
      <trkpt lat="37.643494" lon="-77.389102">
        <ele>58.6</ele>
      </trkpt>
      <trkpt lat="37.644645" lon="-77.392782">
        <ele>59.1</ele>
      </trkpt>
      <trkpt lat="37.647203" lon="-77.397489">
        <ele>62.0</ele>
      </trkpt>
      <trkpt lat="37.650963" lon="-77.3994">
        <ele>57.6</ele>
      </trkpt>
      <trkpt lat="37.649486" lon="-77.403137">
        <ele>51.0</ele>
      </trkpt>
      <trkpt lat="37.652632" lon="-77.404051">
        <ele>61.2</ele>
      </trkpt>
      <trkpt lat="37.665139" lon="-77.412553">
        <ele>59.0</ele>
      </trkpt>
      <trkpt lat="37.666429" lon="-77.413708">
        <ele>59.1</ele>
      </trkpt>
      <trkpt lat="37.667271" lon="-77.416252">
        <ele>59.9</ele>
      </trkpt>
      <trkpt lat="37.669639" lon="-77.419126">
        <ele>59.4</ele>
      </trkpt>
      <trkpt lat="37.675892" lon="-77.419721">
        <ele>59.2</ele>
      </trkpt>
      <trkpt lat="37.677354" lon="-77.422116">
        <ele>60.2</ele>
      </trkpt>
      <trkpt lat="37.679399" lon="-77.429551">
        <ele>55.9</ele>
      </trkpt>
      <trkpt lat="37.681521" lon="-77.431185">
        <ele>56.8</ele>
      </trkpt>
      <trkpt lat="37.683503" lon="-77.431778">
        <ele>60.2</ele>
      </trkpt>
      <trkpt lat="37.687174" lon="-77.436385">
        <ele>59.1</ele>
      </trkpt>
      <trkpt lat="37.691388" lon="-77.440093">
        <ele>61.3</ele>
      </trkpt>
      <trkpt lat="37.695671" lon="-77.435931">
        <ele>61.2</ele>
      </trkpt>
      <trkpt lat="37.703055" lon="-77.425295">
        <ele>53.7</ele>
      </trkpt>
      <trkpt lat="37.705952" lon="-77.423881">
        <ele>60.3</ele>
      </trkpt>
      <trkpt lat="37.707644" lon="-77.422184">
        <ele>60.8</ele>
      </trkpt>
      <trkpt lat="37.709751" lon="-77.419259">
        <ele>61.1</ele>
      </trkpt>
      <trkpt lat="37.710279" lon="-77.417124">
        <ele>60.3</ele>
      </trkpt>
      <trkpt lat="37.712816" lon="-77.416006">
        <ele>60.8</ele>
      </trkpt>
      <trkpt lat="37.714762" lon="-77.413487">
        <ele>60.7</ele>
      </trkpt>
      <trkpt lat="37.715504" lon="-77.413235">
        <ele>60.5</ele>
      </trkpt>
      <trkpt lat="37.716118" lon="-77.426972">
        <ele>62.1</ele>
      </trkpt>
      <trkpt lat="37.717552" lon="-77.429296">
        <ele>62.1</ele>
      </trkpt>
      <trkpt lat="37.719269" lon="-77.435204">
        <ele>61.7</ele>
      </trkpt>
      <trkpt lat="37.723353" lon="-77.441326">
        <ele>62.2</ele>
      </trkpt>
      <trkpt lat="37.725561" lon="-77.443261">
        <ele>61.4</ele>
      </trkpt>
      <trkpt lat="37.727131" lon="-77.446377">
        <ele>61.8</ele>
      </trkpt>
      <trkpt lat="37.731391" lon="-77.448702">
        <ele>63.1</ele>
      </trkpt>
      <trkpt lat="37.733335" lon="-77.44924">
        <ele>62.3</ele>
      </trkpt>
      <trkpt lat="37.735564" lon="-77.45151">
        <ele>66.8</ele>
      </trkpt>
      <trkpt lat="37.736906" lon="-77.455257">
        <ele>64.7</ele>
      </trkpt>
      <trkpt lat="37.739419" lon="-77.458767">
        <ele>64.4</ele>
      </trkpt>
      <trkpt lat="37.743114" lon="-77.467042">
        <ele>64.4</ele>
      </trkpt>
      <trkpt lat="37.745933" lon="-77.470745">
        <ele>64.9</ele>
      </trkpt>
      <trkpt lat="37.746971" lon="-77.475655">
        <ele>66.3</ele>
      </trkpt>
      <trkpt lat="37.746552" lon="-77.484965">
        <ele>64.0</ele>
      </trkpt>
      <trkpt lat="37.764845" lon="-77.479394">
        <ele>66.7</ele>
      </trkpt>
      <trkpt lat="37.765247" lon="-77.480929">
        <ele>67.2</ele>
      </trkpt>
      <trkpt lat="37.766898" lon="-77.482673">
        <ele>67.1</ele>
      </trkpt>
      <trkpt lat="37.780124" lon="-77.483413">
        <ele>65.1</ele>
      </trkpt>
      <trkpt lat="37.783136" lon="-77.48417">
        <ele>58.9</ele>
      </trkpt>
      <trkpt lat="37.784673" lon="-77.483858">
        <ele>54.8</ele>
      </trkpt>
      <trkpt lat="37.786395" lon="-77.485086">
        <ele>48.6</ele>
      </trkpt>
      <trkpt lat="37.788923" lon="-77.485903">
        <ele>44.1</ele>
      </trkpt>
      <trkpt lat="37.789906" lon="-77.487187">
        <ele>37.5</ele>
      </trkpt>
      <trkpt lat="37.792033" lon="-77.495111">
        <ele>60.2</ele>
      </trkpt>
      <trkpt lat="37.795626" lon="-77.505417">
        <ele>59.6</ele>
      </trkpt>
      <trkpt lat="37.79955" lon="-77.50691">
        <ele>50.5</ele>
      </trkpt>
      <trkpt lat="37.80205" lon="-77.509001">
        <ele>28.8</ele>
      </trkpt>
      <trkpt lat="37.804827" lon="-77.507816">
        <ele>45.0</ele>
      </trkpt>
      <trkpt lat="37.806691" lon="-77.508625">
        <ele>54.3</ele>
      </trkpt>
      <trkpt lat="37.808939" lon="-77.510898">
        <ele>53.3</ele>
      </trkpt>
      <trkpt lat="37.817447" lon="-77.511507">
        <ele>42.6</ele>
      </trkpt>
      <trkpt lat="37.821188" lon="-77.512405">
        <ele>32.8</ele>
      </trkpt>
      <trkpt lat="37.822941" lon="-77.513363">
        <ele>30.8</ele>
      </trkpt>
      <trkpt lat="37.825727" lon="-77.512373">
        <ele>55.2</ele>
      </trkpt>
      <trkpt lat="37.830274" lon="-77.51267">
        <ele>58.2</ele>
      </trkpt>
      <trkpt lat="37.834032" lon="-77.510098">
        <ele>67.1</ele>
      </trkpt>
      <trkpt lat="37.83555" lon="-77.513078">
        <ele>68.1</ele>
      </trkpt>
      <trkpt lat="37.837171" lon="-77.514922">
        <ele>70.1</ele>
      </trkpt>
      <trkpt lat="37.839229" lon="-77.516306">
        <ele>64.3</ele>
      </trkpt>
      <trkpt lat="37.839306" lon="-77.518732">
        <ele>70.7</ele>
      </trkpt>
      <trkpt lat="37.841887" lon="-77.521055">
        <ele>75.5</ele>
      </trkpt>
      <trkpt lat="37.843107" lon="-77.521503">
        <ele>72.1</ele>
      </trkpt>
      <trkpt lat="37.849109" lon="-77.525951">
        <ele>72.9</ele>
      </trkpt>
      <trkpt lat="37.851131" lon="-77.529659">
        <ele>69.6</ele>
      </trkpt>
      <trkpt lat="37.853424" lon="-77.531621">
        <ele>74.8</ele>
      </trkpt>
      <trkpt lat="37.850431" lon="-77.533337">
        <ele>75.8</ele>
      </trkpt>
      <trkpt lat="37.844638" lon="-77.539917">
        <ele>47.5</ele>
      </trkpt>
      <trkpt lat="37.838667" lon="-77.544696">
        <ele>56.8</ele>
      </trkpt>
      <trkpt lat="37.839083" lon="-77.54663">
        <ele>58.8</ele>
      </trkpt>
      <trkpt lat="37.842885" lon="-77.555304">
        <ele>72.7</ele>
      </trkpt>
      <trkpt lat="37.844323" lon="-77.563046">
        <ele>80.8</ele>
      </trkpt>
      <trkpt lat="37.845574" lon="-77.566331">
        <ele>80.6</ele>
      </trkpt>
      <trkpt lat="37.845764" lon="-77.571413">
        <ele>77.7</ele>
      </trkpt>
      <trkpt lat="37.844507" lon="-77.580453">
        <ele>81.8</ele>
      </trkpt>
      <trkpt lat="37.843376" lon="-77.584031">
        <ele>86.9</ele>
      </trkpt>
      <trkpt lat="37.838828" lon="-77.590125">
        <ele>85.2</ele>
      </trkpt>
      <trkpt lat="37.83831" lon="-77.590662">
        <ele>87.8</ele>
      </trkpt>
      <trkpt lat="37.834481" lon="-77.591114">
        <ele>89.1</ele>
      </trkpt>
      <trkpt lat="37.83241" lon="-77.595275">
        <ele>90.0</ele>
      </trkpt>
      <trkpt lat="37.829583" lon="-77.596996">
        <ele>92.5</ele>
      </trkpt>
      <trkpt lat="37.830406" lon="-77.59864">
        <ele>92.2</ele>
      </trkpt>
      <trkpt lat="37.836164" lon="-77.60472">
        <ele>88.4</ele>
      </trkpt>
      <trkpt lat="37.83948" lon="-77.610489">
        <ele>87.2</ele>
      </trkpt>
      <trkpt lat="37.854287" lon="-77.609186">
        <ele>67.1</ele>
      </trkpt>
      <trkpt lat="37.857823" lon="-77.605993">
        <ele>71.8</ele>
      </trkpt>
      <trkpt lat="37.868978" lon="-77.603771">
        <ele>83.4</ele>
      </trkpt>
      <trkpt lat="37.873956" lon="-77.606322">
        <ele>86.9</ele>
      </trkpt>
      <trkpt lat="37.875141" lon="-77.606427">
        <ele>85.2</ele>
      </trkpt>
      <trkpt lat="37.888749" lon="-77.621414">
        <ele>56.7</ele>
      </trkpt>
      <trkpt lat="37.897149" lon="-77.626177">
        <ele>70.6</ele>
      </trkpt>
      <trkpt lat="37.90431" lon="-77.633609">
        <ele>83.2</ele>
      </trkpt>
      <trkpt lat="37.909232" lon="-77.635927">
        <ele>79.3</ele>
      </trkpt>
      <trkpt lat="37.913811" lon="-77.643519">
        <ele>81.7</ele>
      </trkpt>
      <trkpt lat="37.919967" lon="-77.649609">
        <ele>87.2</ele>
      </trkpt>
      <trkpt lat="37.923264" lon="-77.657579">
        <ele>88.4</ele>
      </trkpt>
      <trkpt lat="37.924225" lon="-77.662257">
        <ele>89.4</ele>
      </trkpt>
      <trkpt lat="37.929405" lon="-77.673293">
        <ele>91.5</ele>
      </trkpt>
      <trkpt lat="37.931297" lon="-77.680798">
        <ele>89.0</ele>
      </trkpt>
      <trkpt lat="37.92878" lon="-77.685998">
        <ele>83.3</ele>
      </trkpt>
      <trkpt lat="37.926425" lon="-77.688264">
        <ele>80.6</ele>
      </trkpt>
      <trkpt lat="37.92528" lon="-77.691052">
        <ele>68.2</ele>
      </trkpt>
      <trkpt lat="37.92278" lon="-77.694302">
        <ele>76.6</ele>
      </trkpt>
      <trkpt lat="37.922969" lon="-77.696683">
        <ele>81.5</ele>
      </trkpt>
      <trkpt lat="37.921646" lon="-77.698146">
        <ele>80.7</ele>
      </trkpt>
      <trkpt lat="37.923408" lon="-77.702523">
        <ele>82.8</ele>
      </trkpt>
      <trkpt lat="37.926742" lon="-77.706965">
        <ele>86.8</ele>
      </trkpt>
      <trkpt lat="37.930858" lon="-77.715891">
        <ele>88.1</ele>
      </trkpt>
      <trkpt lat="37.93177" lon="-77.720403">
        <ele>88.4</ele>
      </trkpt>
      <trkpt lat="37.936713" lon="-77.725957">
        <ele>83.3</ele>
      </trkpt>
      <trkpt lat="37.94442" lon="-77.74493">
        <ele>92.9</ele>
      </trkpt>
      <trkpt lat="37.946236" lon="-77.746724">
        <ele>95.1</ele>
      </trkpt>
      <trkpt lat="37.951866" lon="-77.749684">
        <ele>96.7</ele>
      </trkpt>
      <trkpt lat="37.959417" lon="-77.757925">
        <ele>98.2</ele>
      </trkpt>
      <trkpt lat="37.960342" lon="-77.760947">
        <ele>103.4</ele>
      </trkpt>
      <trkpt lat="37.959667" lon="-77.765525">
        <ele>105.4</ele>
      </trkpt>
      <trkpt lat="37.960141" lon="-77.773584">
        <ele>101.8</ele>
      </trkpt>
      <trkpt lat="37.96484" lon="-77.771846">
        <ele>100.1</ele>
      </trkpt>
      <trkpt lat="37.96796" lon="-77.7731">
        <ele>100.6</ele>
      </trkpt>
      <trkpt lat="37.980748" lon="-77.763779">
        <ele>90.9</ele>
      </trkpt>
      <trkpt lat="37.983462" lon="-77.76043">
        <ele>89.8</ele>
      </trkpt>
      <trkpt lat="37.98594" lon="-77.763198">
        <ele>80.6</ele>
      </trkpt>
      <trkpt lat="37.997467" lon="-77.773299">
        <ele>90.9</ele>
      </trkpt>
      <trkpt lat="38.00306" lon="-77.774761">
        <ele>93.5</ele>
      </trkpt>
      <trkpt lat="38.012246" lon="-77.771714">
        <ele>96.2</ele>
      </trkpt>
      <trkpt lat="38.023959" lon="-77.775727">
        <ele>83.3</ele>
      </trkpt>
      <trkpt lat="38.028001" lon="-77.775692">
        <ele>82.3</ele>
      </trkpt>
      <trkpt lat="38.040877" lon="-77.790317">
        <ele>94.5</ele>
      </trkpt>
      <trkpt lat="38.041268" lon="-77.795955">
        <ele>94.1</ele>
      </trkpt>
      <trkpt lat="38.040884" lon="-77.801026">
        <ele>95.4</ele>
      </trkpt>
      <trkpt lat="38.041495" lon="-77.806957">
        <ele>97.9</ele>
      </trkpt>
      <trkpt lat="38.043634" lon="-77.812428">
        <ele>104.2</ele>
      </trkpt>
      <trkpt lat="38.047583" lon="-77.816834">
        <ele>110.0</ele>
      </trkpt>
      <trkpt lat="38.0449" lon="-77.823884">
        <ele>116.9</ele>
      </trkpt>
      <trkpt lat="38.045414" lon="-77.826605">
        <ele>117.4</ele>
      </trkpt>
      <trkpt lat="38.044834" lon="-77.831659">
        <ele>119.8</ele>
      </trkpt>
      <trkpt lat="38.037979" lon="-77.836006">
        <ele>122.7</ele>
      </trkpt>
      <trkpt lat="38.033299" lon="-77.836802">
        <ele>116.5</ele>
      </trkpt>
      <trkpt lat="38.03035" lon="-77.839327">
        <ele>118.5</ele>
      </trkpt>
      <trkpt lat="38.025753" lon="-77.845836">
        <ele>123.3</ele>
      </trkpt>
      <trkpt lat="38.024861" lon="-77.849116">
        <ele>122.9</ele>
      </trkpt>
      <trkpt lat="38.024834" lon="-77.853103">
        <ele>125.3</ele>
      </trkpt>
      <trkpt lat="38.023941" lon="-77.855764">
        <ele>130.2</ele>
      </trkpt>
      <trkpt lat="38.016246" lon="-77.86545">
        <ele>136.1</ele>
      </trkpt>
      <trkpt lat="38.009912" lon="-77.86855">
        <ele>141.6</ele>
      </trkpt>
      <trkpt lat="38.004673" lon="-77.869274">
        <ele>138.9</ele>
      </trkpt>
      <trkpt lat="38.004496" lon="-77.87134">
        <ele>132.7</ele>
      </trkpt>
      <trkpt lat="38.005238" lon="-77.875444">
        <ele>137.9</ele>
      </trkpt>
      <trkpt lat="38.006171" lon="-77.878921">
        <ele>130.4</ele>
      </trkpt>
      <trkpt lat="38.00817" lon="-77.883389">
        <ele>110.2</ele>
      </trkpt>
      <trkpt lat="38.008277" lon="-77.890767">
        <ele>135.6</ele>
      </trkpt>
      <trkpt lat="38.010686" lon="-77.897276">
        <ele>114.4</ele>
      </trkpt>
      <trkpt lat="38.010744" lon="-77.908806">
        <ele>140.7</ele>
      </trkpt>
      <trkpt lat="38.001148" lon="-77.908729">
        <ele>143.7</ele>
      </trkpt>
      <trkpt lat="38.000326" lon="-77.906442">
        <ele>142.2</ele>
      </trkpt>
      <trkpt lat="37.996012" lon="-77.900135">
        <ele>146.6</ele>
      </trkpt>
      <trkpt lat="37.993774" lon="-77.898096">
        <ele>142.8</ele>
      </trkpt>
      <trkpt lat="37.992219" lon="-77.897508">
        <ele>138.7</ele>
      </trkpt>
      <trkpt lat="37.991031" lon="-77.897429">
        <ele>140.2</ele>
      </trkpt>
      <trkpt lat="37.984824" lon="-77.900065">
        <ele>141.1</ele>
      </trkpt>
      <trkpt lat="37.982997" lon="-77.900287">
        <ele>139.3</ele>
      </trkpt>
      <trkpt lat="37.980952" lon="-77.902036">
        <ele>141.5</ele>
      </trkpt>
      <trkpt lat="37.975106" lon="-77.908773">
        <ele>139.0</ele>
      </trkpt>
      <trkpt lat="37.972329" lon="-77.922838">
        <ele>136.5</ele>
      </trkpt>
      <trkpt lat="37.966718" lon="-77.928693">
        <ele>137.2</ele>
      </trkpt>
      <trkpt lat="37.965058" lon="-77.929218">
        <ele>137.6</ele>
      </trkpt>
      <trkpt lat="37.957756" lon="-77.929393">
        <ele>132.8</ele>
      </trkpt>
      <trkpt lat="37.952518" lon="-77.933404">
        <ele>131.5</ele>
      </trkpt>
      <trkpt lat="37.946672" lon="-77.9468">
        <ele>127.6</ele>
      </trkpt>
      <trkpt lat="37.93765" lon="-77.956124">
        <ele>110.5</ele>
      </trkpt>
      <trkpt lat="37.935607" lon="-77.961601">
        <ele>97.9</ele>
      </trkpt>
      <trkpt lat="37.931452" lon="-77.962186">
        <ele>87.6</ele>
      </trkpt>
      <trkpt lat="37.929159" lon="-77.964852">
        <ele>106.6</ele>
      </trkpt>
      <trkpt lat="37.924844" lon="-77.979057">
        <ele>128.5</ele>
      </trkpt>
      <trkpt lat="37.91911" lon="-77.985597">
        <ele>132.7</ele>
      </trkpt>
      <trkpt lat="37.916988" lon="-77.986671">
        <ele>128.6</ele>
      </trkpt>
      <trkpt lat="37.914896" lon="-77.986911">
        <ele>127.0</ele>
      </trkpt>
      <trkpt lat="37.914097" lon="-77.987703">
        <ele>126.3</ele>
      </trkpt>
      <trkpt lat="37.911989" lon="-77.997509">
        <ele>94.4</ele>
      </trkpt>
      <trkpt lat="37.910052" lon="-78.002667">
        <ele>124.3</ele>
      </trkpt>
      <trkpt lat="37.908653" lon="-78.004261">
        <ele>127.8</ele>
      </trkpt>
      <trkpt lat="37.905248" lon="-78.005651">
        <ele>129.1</ele>
      </trkpt>
      <trkpt lat="37.902116" lon="-78.010516">
        <ele>133.6</ele>
      </trkpt>
      <trkpt lat="37.894346" lon="-78.015992">
        <ele>146.1</ele>
      </trkpt>
      <trkpt lat="37.889702" lon="-78.021838">
        <ele>150.7</ele>
      </trkpt>
      <trkpt lat="37.887138" lon="-78.026516">
        <ele>155.7</ele>
      </trkpt>
      <trkpt lat="37.883382" lon="-78.03583">
        <ele>156.7</ele>
      </trkpt>
      <trkpt lat="37.878551" lon="-78.042511">
        <ele>154.8</ele>
      </trkpt>
      <trkpt lat="37.877264" lon="-78.045245">
        <ele>151.7</ele>
      </trkpt>
      <trkpt lat="37.87223" lon="-78.050325">
        <ele>153.4</ele>
      </trkpt>
      <trkpt lat="37.869953" lon="-78.054191">
        <ele>146.9</ele>
      </trkpt>
      <trkpt lat="37.866678" lon="-78.056324">
        <ele>147.4</ele>
      </trkpt>
      <trkpt lat="37.86487" lon="-78.06003">
        <ele>146.5</ele>
      </trkpt>
      <trkpt lat="37.861364" lon="-78.06437">
        <ele>150.5</ele>
      </trkpt>
      <trkpt lat="37.861946" lon="-78.066833">
        <ele>145.9</ele>
      </trkpt>
      <trkpt lat="37.864671" lon="-78.07236">
        <ele>131.9</ele>
      </trkpt>
      <trkpt lat="37.868957" lon="-78.07779">
        <ele>138.8</ele>
      </trkpt>
      <trkpt lat="37.870757" lon="-78.082673">
        <ele>134.8</ele>
      </trkpt>
      <trkpt lat="37.873197" lon="-78.086521">
        <ele>133.2</ele>
      </trkpt>
      <trkpt lat="37.875889" lon="-78.088667">
        <ele>124.2</ele>
      </trkpt>
      <trkpt lat="37.879016" lon="-78.090111">
        <ele>111.8</ele>
      </trkpt>
      <trkpt lat="37.880331" lon="-78.092094">
        <ele>102.1</ele>
      </trkpt>
      <trkpt lat="37.88035" lon="-78.093748">
        <ele>103.1</ele>
      </trkpt>
      <trkpt lat="37.887717" lon="-78.102123">
        <ele>139.8</ele>
      </trkpt>
      <trkpt lat="37.885696" lon="-78.1045">
        <ele>135.3</ele>
      </trkpt>
      <trkpt lat="37.884602" lon="-78.106911">
        <ele>134.1</ele>
      </trkpt>
      <trkpt lat="37.882109" lon="-78.109065">
        <ele>132.0</ele>
      </trkpt>
      <trkpt lat="37.879088" lon="-78.113998">
        <ele>137.7</ele>
      </trkpt>
      <trkpt lat="37.878749" lon="-78.118228">
        <ele>131.2</ele>
      </trkpt>
      <trkpt lat="37.879267" lon="-78.120103">
        <ele>129.4</ele>
      </trkpt>
      <trkpt lat="37.87763" lon="-78.127287">
        <ele>128.0</ele>
      </trkpt>
      <trkpt lat="37.877686" lon="-78.128398">
        <ele>127.8</ele>
      </trkpt>
      <trkpt lat="37.878775" lon="-78.130519">
        <ele>121.9</ele>
      </trkpt>
      <trkpt lat="37.880804" lon="-78.141601">
        <ele>101.2</ele>
      </trkpt>
      <trkpt lat="37.882683" lon="-78.147273">
        <ele>119.8</ele>
      </trkpt>
      <trkpt lat="37.88386" lon="-78.14931">
        <ele>121.6</ele>
      </trkpt>
      <trkpt lat="37.883683" lon="-78.152872">
        <ele>117.4</ele>
      </trkpt>
      <trkpt lat="37.87951" lon="-78.163426">
        <ele>126.8</ele>
      </trkpt>
      <trkpt lat="37.876531" lon="-78.167791">
        <ele>112.2</ele>
      </trkpt>
      <trkpt lat="37.872729" lon="-78.170916">
        <ele>90.7</ele>
      </trkpt>
      <trkpt lat="37.870104" lon="-78.174714">
        <ele>100.6</ele>
      </trkpt>
      <trkpt lat="37.865784" lon="-78.184536">
        <ele>101.2</ele>
      </trkpt>
      <trkpt lat="37.863476" lon="-78.186081">
        <ele>93.5</ele>
      </trkpt>
      <trkpt lat="37.862718" lon="-78.189352">
        <ele>108.7</ele>
      </trkpt>
      <trkpt lat="37.860346" lon="-78.191381">
        <ele>118.2</ele>
      </trkpt>
      <trkpt lat="37.857112" lon="-78.195483">
        <ele>121.2</ele>
      </trkpt>
      <trkpt lat="37.85325" lon="-78.199358">
        <ele>117.7</ele>
      </trkpt>
      <trkpt lat="37.848748" lon="-78.202211">
        <ele>124.2</ele>
      </trkpt>
      <trkpt lat="37.847161" lon="-78.211474">
        <ele>119.9</ele>
      </trkpt>
      <trkpt lat="37.84729" lon="-78.216296">
        <ele>113.5</ele>
      </trkpt>
      <trkpt lat="37.84563" lon="-78.223031">
        <ele>114.8</ele>
      </trkpt>
      <trkpt lat="37.844507" lon="-78.232275">
        <ele>90.9</ele>
      </trkpt>
      <trkpt lat="37.844891" lon="-78.233289">
        <ele>90.0</ele>
      </trkpt>
      <trkpt lat="37.850769" lon="-78.23972">
        <ele>80.7</ele>
      </trkpt>
      <trkpt lat="37.852737" lon="-78.241217">
        <ele>94.6</ele>
      </trkpt>
      <trkpt lat="37.853059" lon="-78.243578">
        <ele>107.9</ele>
      </trkpt>
      <trkpt lat="37.855575" lon="-78.248957">
        <ele>122.1</ele>
      </trkpt>
      <trkpt lat="37.858967" lon="-78.250851">
        <ele>114.2</ele>
      </trkpt>
      <trkpt lat="37.860763" lon="-78.253791">
        <ele>122.0</ele>
      </trkpt>
      <trkpt lat="37.861552" lon="-78.256132">
        <ele>114.6</ele>
      </trkpt>
      <trkpt lat="37.862114" lon="-78.259288">
        <ele>94.7</ele>
      </trkpt>
      <trkpt lat="37.860771" lon="-78.26179">
        <ele>84.7</ele>
      </trkpt>
      <trkpt lat="37.861053" lon="-78.263653">
        <ele>93.0</ele>
      </trkpt>
      <trkpt lat="37.857498" lon="-78.2645">
        <ele>80.0</ele>
      </trkpt>
      <trkpt lat="37.856235" lon="-78.267568">
        <ele>79.4</ele>
      </trkpt>
      <trkpt lat="37.859834" lon="-78.272003">
        <ele>88.6</ele>
      </trkpt>
      <trkpt lat="37.863764" lon="-78.279585">
        <ele>102.3</ele>
      </trkpt>
      <trkpt lat="37.865123" lon="-78.28543">
        <ele>109.0</ele>
      </trkpt>
      <trkpt lat="37.866654" lon="-78.289438">
        <ele>115.0</ele>
      </trkpt>
      <trkpt lat="37.868194" lon="-78.291882">
        <ele>121.0</ele>
      </trkpt>
      <trkpt lat="37.870744" lon="-78.298944">
        <ele>119.2</ele>
      </trkpt>
      <trkpt lat="37.8704" lon="-78.302978">
        <ele>120.4</ele>
      </trkpt>
      <trkpt lat="37.869171" lon="-78.305116">
        <ele>121.5</ele>
      </trkpt>
      <trkpt lat="37.868925" lon="-78.308364">
        <ele>117.2</ele>
      </trkpt>
      <trkpt lat="37.869917" lon="-78.31292">
        <ele>116.8</ele>
      </trkpt>
      <trkpt lat="37.873949" lon="-78.320276">
        <ele>126.2</ele>
      </trkpt>
      <trkpt lat="37.87258" lon="-78.322417">
        <ele>123.6</ele>
      </trkpt>
      <trkpt lat="37.874581" lon="-78.32765">
        <ele>107.2</ele>
      </trkpt>
      <trkpt lat="37.874388" lon="-78.332279">
        <ele>87.9</ele>
      </trkpt>
      <trkpt lat="37.875726" lon="-78.344485">
        <ele>120.3</ele>
      </trkpt>
      <trkpt lat="37.879496" lon="-78.354544">
        <ele>123.1</ele>
      </trkpt>
      <trkpt lat="37.879858" lon="-78.36049">
        <ele>127.9</ele>
      </trkpt>
      <trkpt lat="37.881489" lon="-78.364369">
        <ele>126.9</ele>
      </trkpt>
      <trkpt lat="37.883866" lon="-78.366949">
        <ele>126.2</ele>
      </trkpt>
      <trkpt lat="37.885659" lon="-78.371498">
        <ele>133.7</ele>
      </trkpt>
      <trkpt lat="37.886105" lon="-78.375087">
        <ele>133.6</ele>
      </trkpt>
      <trkpt lat="37.885479" lon="-78.380249">
        <ele>146.4</ele>
      </trkpt>
      <trkpt lat="37.887506" lon="-78.386585">
        <ele>144.8</ele>
      </trkpt>
      <trkpt lat="37.887632" lon="-78.392047">
        <ele>150.4</ele>
      </trkpt>
      <trkpt lat="37.888366" lon="-78.394521">
        <ele>149.0</ele>
      </trkpt>
      <trkpt lat="37.885098" lon="-78.404238">
        <ele>154.8</ele>
      </trkpt>
      <trkpt lat="37.883344" lon="-78.414122">
        <ele>161.2</ele>
      </trkpt>
      <trkpt lat="37.880622" lon="-78.418469">
        <ele>166.8</ele>
      </trkpt>
      <trkpt lat="37.888326" lon="-78.42143">
        <ele>165.7</ele>
      </trkpt>
      <trkpt lat="37.891565" lon="-78.428387">
        <ele>169.0</ele>
      </trkpt>
      <trkpt lat="37.89374" lon="-78.430849">
        <ele>175.9</ele>
      </trkpt>
      <trkpt lat="37.896689" lon="-78.4327">
        <ele>172.8</ele>
      </trkpt>
      <trkpt lat="37.898374" lon="-78.436635">
        <ele>172.4</ele>
      </trkpt>
      <trkpt lat="37.90059" lon="-78.43612">
        <ele>166.0</ele>
      </trkpt>
      <trkpt lat="37.902201" lon="-78.436724">
        <ele>167.1</ele>
      </trkpt>
      <trkpt lat="37.903677" lon="-78.436554">
        <ele>161.4</ele>
      </trkpt>
      <trkpt lat="37.905526" lon="-78.438059">
        <ele>154.1</ele>
      </trkpt>
      <trkpt lat="37.907195" lon="-78.437731">
        <ele>149.0</ele>
      </trkpt>
      <trkpt lat="37.9117" lon="-78.438809">
        <ele>152.1</ele>
      </trkpt>
      <trkpt lat="37.91439" lon="-78.444467">
        <ele>128.3</ele>
      </trkpt>
      <trkpt lat="37.915414" lon="-78.445078">
        <ele>127.6</ele>
      </trkpt>
      <trkpt lat="37.918023" lon="-78.444957">
        <ele>136.4</ele>
      </trkpt>
      <trkpt lat="37.919412" lon="-78.44393">
        <ele>134.3</ele>
      </trkpt>
      <trkpt lat="37.919989" lon="-78.444098">
        <ele>127.7</ele>
      </trkpt>
      <trkpt lat="37.92169" lon="-78.448128">
        <ele>104.5</ele>
      </trkpt>
      <trkpt lat="37.924047" lon="-78.447916">
        <ele>101.7</ele>
      </trkpt>
      <trkpt lat="37.924847" lon="-78.44827">
        <ele>105.8</ele>
      </trkpt>
      <trkpt lat="37.926168" lon="-78.449356">
        <ele>104.5</ele>
      </trkpt>
      <trkpt lat="37.927914" lon="-78.452406">
        <ele>106.5</ele>
      </trkpt>
      <trkpt lat="37.929587" lon="-78.454237">
        <ele>107.1</ele>
      </trkpt>
      <trkpt lat="37.931968" lon="-78.454809">
        <ele>122.4</ele>
      </trkpt>
      <trkpt lat="37.935815" lon="-78.454316">
        <ele>131.1</ele>
      </trkpt>
      <trkpt lat="37.938869" lon="-78.456465">
        <ele>133.5</ele>
      </trkpt>
      <trkpt lat="37.94169" lon="-78.456136">
        <ele>134.0</ele>
      </trkpt>
      <trkpt lat="37.945093" lon="-78.456651">
        <ele>137.2</ele>
      </trkpt>
      <trkpt lat="37.947011" lon="-78.460712">
        <ele>144.7</ele>
      </trkpt>
      <trkpt lat="37.953441" lon="-78.463895">
        <ele>154.6</ele>
      </trkpt>
      <trkpt lat="37.954929" lon="-78.463423">
        <ele>161.0</ele>
      </trkpt>
      <trkpt lat="37.956232" lon="-78.463995">
        <ele>155.6</ele>
      </trkpt>
      <trkpt lat="37.957094" lon="-78.464837">
        <ele>159.6</ele>
      </trkpt>
      <trkpt lat="37.958294" lon="-78.467851">
        <ele>150.7</ele>
      </trkpt>
      <trkpt lat="37.965582" lon="-78.460992">
        <ele>143.9</ele>
      </trkpt>
      <trkpt lat="37.96846" lon="-78.460228">
        <ele>139.8</ele>
      </trkpt>
      <trkpt lat="37.971819" lon="-78.455434">
        <ele>152.0</ele>
      </trkpt>
      <trkpt lat="37.975351" lon="-78.453363">
        <ele>140.0</ele>
      </trkpt>
      <trkpt lat="37.976811" lon="-78.451779">
        <ele>147.4</ele>
      </trkpt>
      <trkpt lat="37.980937" lon="-78.44948">
        <ele>141.6</ele>
      </trkpt>
      <trkpt lat="37.985143" lon="-78.44529">
        <ele>135.4</ele>
      </trkpt>
      <trkpt lat="37.986729" lon="-78.444998">
        <ele>145.1</ele>
      </trkpt>
      <trkpt lat="37.989489" lon="-78.443068">
        <ele>158.5</ele>
      </trkpt>
      <trkpt lat="37.992754" lon="-78.444617">
        <ele>164.9</ele>
      </trkpt>
      <trkpt lat="37.993119" lon="-78.446871">
        <ele>158.9</ele>
      </trkpt>
      <trkpt lat="37.994625" lon="-78.449909">
        <ele>160.0</ele>
      </trkpt>
      <trkpt lat="37.998114" lon="-78.451736">
        <ele>150.6</ele>
      </trkpt>
      <trkpt lat="38.00116" lon="-78.450736">
        <ele>158.1</ele>
      </trkpt>
      <trkpt lat="38.002753" lon="-78.454753">
        <ele>166.6</ele>
      </trkpt>
      <trkpt lat="38.004304" lon="-78.455126">
        <ele>181.8</ele>
      </trkpt>
      <trkpt lat="38.005663" lon="-78.456391">
        <ele>194.6</ele>
      </trkpt>
      <trkpt lat="38.006148" lon="-78.45797">
        <ele>189.6</ele>
      </trkpt>
      <trkpt lat="38.008671" lon="-78.460679">
        <ele>178.4</ele>
      </trkpt>
      <trkpt lat="38.008411" lon="-78.462727">
        <ele>172.1</ele>
      </trkpt>
      <trkpt lat="38.009299" lon="-78.463469">
        <ele>163.6</ele>
      </trkpt>
      <trkpt lat="38.00938" lon="-78.46423">
        <ele>159.6</ele>
      </trkpt>
      <trkpt lat="38.006778" lon="-78.470205">
        <ele>152.9</ele>
      </trkpt>
      <trkpt lat="38.003135" lon="-78.476333">
        <ele>130.9</ele>
      </trkpt>
      <trkpt lat="38.00304" lon="-78.478482">
        <ele>121.5</ele>
      </trkpt>
      <trkpt lat="38.003829" lon="-78.480964">
        <ele>113.9</ele>
      </trkpt>
      <trkpt lat="38.014782" lon="-78.474737">
        <ele>111.1</ele>
      </trkpt>
      <trkpt lat="38.014301" lon="-78.473644">
        <ele>104.4</ele>
      </trkpt>
      <trkpt lat="38.015015" lon="-78.47321">
        <ele>110.4</ele>
      </trkpt>
      <trkpt lat="38.021758" lon="-78.472939">
        <ele>146.4</ele>
      </trkpt>
      <trkpt lat="38.023635" lon="-78.473632">
        <ele>144.7</ele>
      </trkpt>
      <trkpt lat="38.024689" lon="-78.475363">
        <ele>141.2</ele>
      </trkpt>
      <trkpt lat="38.026225" lon="-78.476495">
        <ele>143.6</ele>
      </trkpt>
      <trkpt lat="38.027955" lon="-78.480289">
        <ele>134.2</ele>
      </trkpt>
      <trkpt lat="38.029343" lon="-78.479613">
        <ele>137.8</ele>
      </trkpt>
      <trkpt lat="38.030793" lon="-78.484126">
        <ele>145.7</ele>
      </trkpt>
      <trkpt lat="38.030494" lon="-78.485988">
        <ele>148.4</ele>
      </trkpt>
      <trkpt lat="38.03388" lon="-78.499331">
        <ele>153.4</ele>
      </trkpt>
      <trkpt lat="38.036089" lon="-78.501456">
        <ele>165.0</ele>
      </trkpt>
      <trkpt lat="38.037224" lon="-78.504677">
        <ele>162.8</ele>
      </trkpt>
      <trkpt lat="38.039453" lon="-78.50613">
        <ele>151.7</ele>
      </trkpt>
      <trkpt lat="38.044023" lon="-78.513771">
        <ele>163.6</ele>
      </trkpt>
      <trkpt lat="38.046386" lon="-78.516536">
        <ele>176.7</ele>
      </trkpt>
      <trkpt lat="38.047009" lon="-78.519193">
        <ele>176.8</ele>
      </trkpt>
      <trkpt lat="38.049053" lon="-78.522264">
        <ele>174.2</ele>
      </trkpt>
      <trkpt lat="38.050068" lon="-78.526019">
        <ele>165.3</ele>
      </trkpt>
      <trkpt lat="38.053592" lon="-78.529961">
        <ele>177.6</ele>
      </trkpt>
      <trkpt lat="38.054553" lon="-78.53062">
        <ele>174.1</ele>
      </trkpt>
      <trkpt lat="38.056539" lon="-78.530712">
        <ele>165.0</ele>
      </trkpt>
      <trkpt lat="38.059245" lon="-78.533693">
        <ele>155.5</ele>
      </trkpt>
      <trkpt lat="38.061666" lon="-78.532352">
        <ele>152.4</ele>
      </trkpt>
      <trkpt lat="38.062845" lon="-78.533309">
        <ele>150.7</ele>
      </trkpt>
      <trkpt lat="38.066531" lon="-78.532924">
        <ele>144.3</ele>
      </trkpt>
      <trkpt lat="38.068155" lon="-78.533457">
        <ele>141.0</ele>
      </trkpt>
      <trkpt lat="38.069856" lon="-78.531161">
        <ele>141.5</ele>
      </trkpt>
      <trkpt lat="38.073217" lon="-78.531908">
        <ele>131.6</ele>
      </trkpt>
      <trkpt lat="38.074456" lon="-78.531258">
        <ele>133.8</ele>
      </trkpt>
      <trkpt lat="38.078467" lon="-78.536">
        <ele>172.2</ele>
      </trkpt>
      <trkpt lat="38.082939" lon="-78.543535">
        <ele>173.6</ele>
      </trkpt>
      <trkpt lat="38.085742" lon="-78.543681">
        <ele>176.6</ele>
      </trkpt>
      <trkpt lat="38.090914" lon="-78.542533">
        <ele>176.3</ele>
      </trkpt>
      <trkpt lat="38.09217" lon="-78.54307">
        <ele>174.4</ele>
      </trkpt>
      <trkpt lat="38.095193" lon="-78.542928">
        <ele>170.1</ele>
      </trkpt>
      <trkpt lat="38.099098" lon="-78.54529">
        <ele>184.0</ele>
      </trkpt>
      <trkpt lat="38.100858" lon="-78.547652">
        <ele>188.0</ele>
      </trkpt>
      <trkpt lat="38.104167" lon="-78.560095">
        <ele>192.8</ele>
      </trkpt>
      <trkpt lat="38.101437" lon="-78.574929">
        <ele>194.5</ele>
      </trkpt>
      <trkpt lat="38.102422" lon="-78.577595">
        <ele>188.0</ele>
      </trkpt>
      <trkpt lat="38.103889" lon="-78.579142">
        <ele>191.0</ele>
      </trkpt>
      <trkpt lat="38.104516" lon="-78.58109">
        <ele>191.5</ele>
      </trkpt>
      <trkpt lat="38.104264" lon="-78.585171">
        <ele>180.9</ele>
      </trkpt>
      <trkpt lat="38.102647" lon="-78.589632">
        <ele>159.5</ele>
      </trkpt>
      <trkpt lat="38.101976" lon="-78.597747">
        <ele>162.3</ele>
      </trkpt>
      <trkpt lat="38.105495" lon="-78.605939">
        <ele>197.3</ele>
      </trkpt>
      <trkpt lat="38.106481" lon="-78.613458">
        <ele>194.9</ele>
      </trkpt>
      <trkpt lat="38.114308" lon="-78.629738">
        <ele>194.2</ele>
      </trkpt>
      <trkpt lat="38.115793" lon="-78.637893">
        <ele>201.0</ele>
      </trkpt>
      <trkpt lat="38.116917" lon="-78.640344">
        <ele>203.2</ele>
      </trkpt>
      <trkpt lat="38.116872" lon="-78.643679">
        <ele>211.7</ele>
      </trkpt>
      <trkpt lat="38.118876" lon="-78.649632">
        <ele>209.3</ele>
      </trkpt>
      <trkpt lat="38.118583" lon="-78.653973">
        <ele>217.1</ele>
      </trkpt>
      <trkpt lat="38.117496" lon="-78.656168">
        <ele>213.2</ele>
      </trkpt>
      <trkpt lat="38.117919" lon="-78.661419">
        <ele>218.6</ele>
      </trkpt>
      <trkpt lat="38.114093" lon="-78.665248">
        <ele>219.2</ele>
      </trkpt>
      <trkpt lat="38.113987" lon="-78.668208">
        <ele>217.3</ele>
      </trkpt>
      <trkpt lat="38.113295" lon="-78.670298">
        <ele>208.6</ele>
      </trkpt>
      <trkpt lat="38.111744" lon="-78.671208">
        <ele>208.4</ele>
      </trkpt>
      <trkpt lat="38.108828" lon="-78.675278">
        <ele>216.3</ele>
      </trkpt>
      <trkpt lat="38.104991" lon="-78.677325">
        <ele>222.3</ele>
      </trkpt>
      <trkpt lat="38.103392" lon="-78.678829">
        <ele>216.2</ele>
      </trkpt>
      <trkpt lat="38.10262" lon="-78.682156">
        <ele>218.9</ele>
      </trkpt>
      <trkpt lat="38.101125" lon="-78.685524">
        <ele>220.2</ele>
      </trkpt>
      <trkpt lat="38.096387" lon="-78.69082">
        <ele>230.7</ele>
      </trkpt>
      <trkpt lat="38.095096" lon="-78.693254">
        <ele>225.0</ele>
      </trkpt>
      <trkpt lat="38.094139" lon="-78.693867">
        <ele>233.9</ele>
      </trkpt>
      <trkpt lat="38.092113" lon="-78.693811">
        <ele>226.6</ele>
      </trkpt>
      <trkpt lat="38.090338" lon="-78.695709">
        <ele>223.9</ele>
      </trkpt>
      <trkpt lat="38.084304" lon="-78.699347">
        <ele>223.1</ele>
      </trkpt>
      <trkpt lat="38.08285" lon="-78.700926">
        <ele>221.9</ele>
      </trkpt>
      <trkpt lat="38.081169" lon="-78.70164">
        <ele>221.4</ele>
      </trkpt>
      <trkpt lat="38.079141" lon="-78.703999">
        <ele>226.6</ele>
      </trkpt>
      <trkpt lat="38.077443" lon="-78.708936">
        <ele>237.0</ele>
      </trkpt>
      <trkpt lat="38.076377" lon="-78.709974">
        <ele>239.6</ele>
      </trkpt>
      <trkpt lat="38.077642" lon="-78.714779">
        <ele>238.9</ele>
      </trkpt>
      <trkpt lat="38.077432" lon="-78.71663">
        <ele>246.2</ele>
      </trkpt>
      <trkpt lat="38.076692" lon="-78.717535">
        <ele>239.7</ele>
      </trkpt>
      <trkpt lat="38.075729" lon="-78.72129">
        <ele>242.6</ele>
      </trkpt>
      <trkpt lat="38.072101" lon="-78.725403">
        <ele>246.9</ele>
      </trkpt>
      <trkpt lat="38.068048" lon="-78.728108">
        <ele>232.0</ele>
      </trkpt>
      <trkpt lat="38.066852" lon="-78.727407">
        <ele>228.8</ele>
      </trkpt>
      <trkpt lat="38.066362" lon="-78.728718">
        <ele>232.2</ele>
      </trkpt>
      <trkpt lat="38.066639" lon="-78.733596">
        <ele>242.7</ele>
      </trkpt>
      <trkpt lat="38.068263" lon="-78.736626">
        <ele>246.9</ele>
      </trkpt>
      <trkpt lat="38.070493" lon="-78.742998">
        <ele>262.2</ele>
      </trkpt>
      <trkpt lat="38.070089" lon="-78.746165">
        <ele>271.1</ele>
      </trkpt>
      <trkpt lat="38.064065" lon="-78.748253">
        <ele>271.8</ele>
      </trkpt>
      <trkpt lat="38.062145" lon="-78.750031">
        <ele>258.1</ele>
      </trkpt>
      <trkpt lat="38.059874" lon="-78.751015">
        <ele>257.2</ele>
      </trkpt>
      <trkpt lat="38.056349" lon="-78.755341">
        <ele>263.2</ele>
      </trkpt>
      <trkpt lat="38.052575" lon="-78.757174">
        <ele>257.7</ele>
      </trkpt>
      <trkpt lat="38.05355" lon="-78.758446">
        <ele>268.7</ele>
      </trkpt>
      <trkpt lat="38.054565" lon="-78.770524">
        <ele>326.7</ele>
      </trkpt>
      <trkpt lat="38.053714" lon="-78.770459">
        <ele>337.6</ele>
      </trkpt>
      <trkpt lat="38.05182" lon="-78.771977">
        <ele>340.6</ele>
      </trkpt>
      <trkpt lat="38.051702" lon="-78.772814">
        <ele>345.3</ele>
      </trkpt>
      <trkpt lat="38.052842" lon="-78.774382">
        <ele>330.6</ele>
      </trkpt>
      <trkpt lat="38.049321" lon="-78.780144">
        <ele>324.3</ele>
      </trkpt>
      <trkpt lat="38.048406" lon="-78.780634">
        <ele>322.7</ele>
      </trkpt>
      <trkpt lat="38.04785" lon="-78.785318">
        <ele>316.5</ele>
      </trkpt>
      <trkpt lat="38.047159" lon="-78.786748">
        <ele>315.9</ele>
      </trkpt>
      <trkpt lat="38.043792" lon="-78.789754">
        <ele>278.8</ele>
      </trkpt>
      <trkpt lat="38.042277" lon="-78.789319">
        <ele>285.3</ele>
      </trkpt>
      <trkpt lat="38.040856" lon="-78.791381">
        <ele>276.7</ele>
      </trkpt>
      <trkpt lat="38.034315" lon="-78.791609">
        <ele>251.0</ele>
      </trkpt>
      <trkpt lat="38.031422" lon="-78.792424">
        <ele>237.7</ele>
      </trkpt>
      <trkpt lat="38.030212" lon="-78.791985">
        <ele>230.2</ele>
      </trkpt>
      <trkpt lat="38.029262" lon="-78.798187">
        <ele>242.1</ele>
      </trkpt>
      <trkpt lat="38.028453" lon="-78.79937">
        <ele>241.8</ele>
      </trkpt>
      <trkpt lat="38.029812" lon="-78.806922">
        <ele>256.8</ele>
      </trkpt>
      <trkpt lat="38.030851" lon="-78.809338">
        <ele>263.7</ele>
      </trkpt>
      <trkpt lat="38.031612" lon="-78.814727">
        <ele>277.1</ele>
      </trkpt>
      <trkpt lat="38.031574" lon="-78.818391">
        <ele>285.8</ele>
      </trkpt>
      <trkpt lat="38.030735" lon="-78.820081">
        <ele>291.0</ele>
      </trkpt>
      <trkpt lat="38.030226" lon="-78.823438">
        <ele>300.2</ele>
      </trkpt>
      <trkpt lat="38.032683" lon="-78.827422">
        <ele>319.7</ele>
      </trkpt>
      <trkpt lat="38.033899" lon="-78.830983">
        <ele>347.1</ele>
      </trkpt>
      <trkpt lat="38.033781" lon="-78.834427">
        <ele>365.0</ele>
      </trkpt>
      <trkpt lat="38.034474" lon="-78.834776">
        <ele>375.2</ele>
      </trkpt>
      <trkpt lat="38.033872" lon="-78.836567">
        <ele>387.8</ele>
      </trkpt>
      <trkpt lat="38.033207" lon="-78.836424">
        <ele>392.4</ele>
      </trkpt>
      <trkpt lat="38.032466" lon="-78.83754">
        <ele>399.3</ele>
      </trkpt>
      <trkpt lat="38.031981" lon="-78.839142">
        <ele>412.9</ele>
      </trkpt>
      <trkpt lat="38.034088" lon="-78.839368">
        <ele>435.5</ele>
      </trkpt>
      <trkpt lat="38.034477" lon="-78.84005">
        <ele>443.2</ele>
      </trkpt>
      <trkpt lat="38.034682" lon="-78.838726">
        <ele>451.7</ele>
      </trkpt>
      <trkpt lat="38.036424" lon="-78.838983">
        <ele>466.1</ele>
      </trkpt>
      <trkpt lat="38.037929" lon="-78.836726">
        <ele>472.9</ele>
      </trkpt>
      <trkpt lat="38.034117" lon="-78.846872">
        <ele>525.6</ele>
      </trkpt>
      <trkpt lat="38.032703" lon="-78.854155">
        <ele>558.8</ele>
      </trkpt>
      <trkpt lat="38.031646" lon="-78.856395">
        <ele>570.8</ele>
      </trkpt>
      <trkpt lat="38.03155" lon="-78.858374">
        <ele>582.4</ele>
      </trkpt>
      <trkpt lat="38.02981" lon="-78.857303">
        <ele>578.6</ele>
      </trkpt>
      <trkpt lat="38.028117" lon="-78.857795">
        <ele>578.8</ele>
      </trkpt>
      <trkpt lat="38.026363" lon="-78.86184">
        <ele>585.1</ele>
      </trkpt>
      <trkpt lat="38.024424" lon="-78.863257">
        <ele>591.0</ele>
      </trkpt>
      <trkpt lat="38.025064" lon="-78.866314">
        <ele>594.6</ele>
      </trkpt>
      <trkpt lat="38.024458" lon="-78.868502">
        <ele>598.0</ele>
      </trkpt>
      <trkpt lat="38.023112" lon="-78.869478">
        <ele>607.5</ele>
      </trkpt>
      <trkpt lat="38.020995" lon="-78.868525">
        <ele>625.4</ele>
      </trkpt>
      <trkpt lat="38.019931" lon="-78.869047">
        <ele>634.6</ele>
      </trkpt>
      <trkpt lat="38.01847" lon="-78.871517">
        <ele>652.9</ele>
      </trkpt>
      <trkpt lat="38.016512" lon="-78.877826">
        <ele>671.2</ele>
      </trkpt>
      <trkpt lat="38.013062" lon="-78.883542">
        <ele>694.0</ele>
      </trkpt>
      <trkpt lat="38.010594" lon="-78.884843">
        <ele>712.8</ele>
      </trkpt>
      <trkpt lat="38.007472" lon="-78.884899">
        <ele>712.1</ele>
      </trkpt>
      <trkpt lat="38.005004" lon="-78.887471">
        <ele>716.1</ele>
      </trkpt>
      <trkpt lat="38.003118" lon="-78.888261">
        <ele>718.0</ele>
      </trkpt>
      <trkpt lat="37.999979" lon="-78.891807">
        <ele>725.2</ele>
      </trkpt>
      <trkpt lat="37.996316" lon="-78.892472">
        <ele>701.1</ele>
      </trkpt>
      <trkpt lat="37.995724" lon="-78.893338">
        <ele>694.2</ele>
      </trkpt>
      <trkpt lat="37.994712" lon="-78.897932">
        <ele>675.7</ele>
      </trkpt>
      <trkpt lat="37.988445" lon="-78.904766">
        <ele>662.3</ele>
      </trkpt>
      <trkpt lat="37.984586" lon="-78.905949">
        <ele>637.6</ele>
      </trkpt>
      <trkpt lat="37.982453" lon="-78.907362">
        <ele>644.3</ele>
      </trkpt>
      <trkpt lat="37.981513" lon="-78.907356">
        <ele>651.6</ele>
      </trkpt>
      <trkpt lat="37.97762" lon="-78.904467">
        <ele>691.4</ele>
      </trkpt>
      <trkpt lat="37.974418" lon="-78.899414">
        <ele>714.3</ele>
      </trkpt>
      <trkpt lat="37.969356" lon="-78.897547">
        <ele>716.3</ele>
      </trkpt>
      <trkpt lat="37.968437" lon="-78.898167">
        <ele>721.0</ele>
      </trkpt>
      <trkpt lat="37.967094" lon="-78.901141">
        <ele>741.5</ele>
      </trkpt>
      <trkpt lat="37.962401" lon="-78.906484">
        <ele>774.8</ele>
      </trkpt>
      <trkpt lat="37.962275" lon="-78.909841">
        <ele>790.8</ele>
      </trkpt>
      <trkpt lat="37.961158" lon="-78.911487">
        <ele>794.5</ele>
      </trkpt>
      <trkpt lat="37.959834" lon="-78.911977">
        <ele>810.7</ele>
      </trkpt>
      <trkpt lat="37.955922" lon="-78.91067">
        <ele>834.5</ele>
      </trkpt>
      <trkpt lat="37.953913" lon="-78.91103">
        <ele>848.2</ele>
      </trkpt>
      <trkpt lat="37.951937" lon="-78.910711">
        <ele>860.9</ele>
      </trkpt>
      <trkpt lat="37.948858" lon="-78.916499">
        <ele>894.6</ele>
      </trkpt>
      <trkpt lat="37.948888" lon="-78.920249">
        <ele>911.6</ele>
      </trkpt>
      <trkpt lat="37.947666" lon="-78.922518">
        <ele>925.9</ele>
      </trkpt>
      <trkpt lat="37.948537" lon="-78.924999">
        <ele>930.0</ele>
      </trkpt>
      <trkpt lat="37.948165" lon="-78.926608">
        <ele>922.8</ele>
      </trkpt>
      <trkpt lat="37.945596" lon="-78.928217">
        <ele>909.8</ele>
      </trkpt>
      <trkpt lat="37.944033" lon="-78.931041">
        <ele>894.8</ele>
      </trkpt>
      <trkpt lat="37.942616" lon="-78.931705">
        <ele>884.5</ele>
      </trkpt>
      <trkpt lat="37.941067" lon="-78.931626">
        <ele>877.4</ele>
      </trkpt>
      <trkpt lat="37.940392" lon="-78.932324">
        <ele>874.8</ele>
      </trkpt>
      <trkpt lat="37.940316" lon="-78.933363">
        <ele>877.7</ele>
      </trkpt>
      <trkpt lat="37.941404" lon="-78.9354">
        <ele>889.2</ele>
      </trkpt>
      <trkpt lat="37.941345" lon="-78.937596">
        <ele>902.2</ele>
      </trkpt>
      <trkpt lat="37.942238" lon="-78.939632">
        <ele>913.6</ele>
      </trkpt>
      <trkpt lat="37.941463" lon="-78.942915">
        <ele>924.7</ele>
      </trkpt>
      <trkpt lat="37.937379" lon="-78.948617">
        <ele>949.5</ele>
      </trkpt>
      <trkpt lat="37.934853" lon="-78.950429">
        <ele>963.5</ele>
      </trkpt>
      <trkpt lat="37.932226" lon="-78.953649">
        <ele>970.6</ele>
      </trkpt>
      <trkpt lat="37.928657" lon="-78.959457">
        <ele>935.4</ele>
      </trkpt>
      <trkpt lat="37.927962" lon="-78.961545">
        <ele>924.6</ele>
      </trkpt>
      <trkpt lat="37.925597" lon="-78.964719">
        <ele>905.7</ele>
      </trkpt>
      <trkpt lat="37.92359" lon="-78.966296">
        <ele>892.4</ele>
      </trkpt>
      <trkpt lat="37.919115" lon="-78.968456">
        <ele>866.8</ele>
      </trkpt>
      <trkpt lat="37.917156" lon="-78.970077">
        <ele>860.3</ele>
      </trkpt>
      <trkpt lat="37.914357" lon="-78.970653">
        <ele>855.2</ele>
      </trkpt>
      <trkpt lat="37.913148" lon="-78.972461">
        <ele>853.4</ele>
      </trkpt>
      <trkpt lat="37.910391" lon="-78.974894">
        <ele>843.0</ele>
      </trkpt>
      <trkpt lat="37.905031" lon="-78.983206">
        <ele>810.4</ele>
      </trkpt>
      <trkpt lat="37.900387" lon="-78.986598">
        <ele>815.8</ele>
      </trkpt>
      <trkpt lat="37.898002" lon="-78.987698">
        <ele>818.7</ele>
      </trkpt>
      <trkpt lat="37.895724" lon="-78.993872">
        <ele>797.7</ele>
      </trkpt>
      <trkpt lat="37.892622" lon="-78.996311">
        <ele>792.8</ele>
      </trkpt>
      <trkpt lat="37.889902" lon="-79.001416">
        <ele>815.4</ele>
      </trkpt>
      <trkpt lat="37.886676" lon="-79.004338">
        <ele>816.4</ele>
      </trkpt>
      <trkpt lat="37.881617" lon="-79.014001">
        <ele>806.1</ele>
      </trkpt>
      <trkpt lat="37.881274" lon="-79.015318">
        <ele>815.1</ele>
      </trkpt>
      <trkpt lat="37.882068" lon="-79.016833">
        <ele>820.7</ele>
      </trkpt>
      <trkpt lat="37.884254" lon="-79.018364">
        <ele>817.4</ele>
      </trkpt>
      <trkpt lat="37.886152" lon="-79.018661">
        <ele>813.0</ele>
      </trkpt>
      <trkpt lat="37.887243" lon="-79.020564">
        <ele>809.0</ele>
      </trkpt>
      <trkpt lat="37.88794" lon="-79.020501">
        <ele>806.8</ele>
      </trkpt>
      <trkpt lat="37.890911" lon="-79.018169">
        <ele>799.9</ele>
      </trkpt>
      <trkpt lat="37.891897" lon="-79.018404">
        <ele>797.7</ele>
      </trkpt>
      <trkpt lat="37.892564" lon="-79.019298">
        <ele>795.5</ele>
      </trkpt>
      <trkpt lat="37.891974" lon="-79.031133">
        <ele>819.3</ele>
      </trkpt>
      <trkpt lat="37.892969" lon="-79.034292">
        <ele>823.2</ele>
      </trkpt>
      <trkpt lat="37.894526" lon="-79.036293">
        <ele>828.3</ele>
      </trkpt>
      <trkpt lat="37.894961" lon="-79.042596">
        <ele>789.7</ele>
      </trkpt>
      <trkpt lat="37.896646" lon="-79.046976">
        <ele>780.3</ele>
      </trkpt>
      <trkpt lat="37.895434" lon="-79.051613">
        <ele>806.4</ele>
      </trkpt>
      <trkpt lat="37.895614" lon="-79.052979">
        <ele>812.9</ele>
      </trkpt>
      <trkpt lat="37.899444" lon="-79.054367">
        <ele>841.9</ele>
      </trkpt>
      <trkpt lat="37.901327" lon="-79.052926">
        <ele>848.6</ele>
      </trkpt>
      <trkpt lat="37.902023" lon="-79.050615">
        <ele>852.4</ele>
      </trkpt>
      <trkpt lat="37.903998" lon="-79.052297">
        <ele>854.2</ele>
      </trkpt>
      <trkpt lat="37.9081" lon="-79.051569">
        <ele>853.2</ele>
      </trkpt>
      <trkpt lat="37.908586" lon="-79.052654">
        <ele>856.2</ele>
      </trkpt>
      <trkpt lat="37.908108" lon="-79.054452">
        <ele>864.4</ele>
      </trkpt>
      <trkpt lat="37.908773" lon="-79.061034">
        <ele>901.6</ele>
      </trkpt>
      <trkpt lat="37.909584" lon="-79.061383">
        <ele>907.3</ele>
      </trkpt>
      <trkpt lat="37.912923" lon="-79.060894">
        <ele>930.0</ele>
      </trkpt>
      <trkpt lat="37.914188" lon="-79.062442">
        <ele>940.0</ele>
      </trkpt>
      <trkpt lat="37.913868" lon="-79.063263">
        <ele>944.1</ele>
      </trkpt>
      <trkpt lat="37.911914" lon="-79.064225">
        <ele>952.9</ele>
      </trkpt>
      <trkpt lat="37.911868" lon="-79.066336">
        <ele>960.0</ele>
      </trkpt>
      <trkpt lat="37.909591" lon="-79.067044">
        <ele>971.8</ele>
      </trkpt>
      <trkpt lat="37.909388" lon="-79.069762">
        <ele>983.0</ele>
      </trkpt>
      <trkpt lat="37.908043" lon="-79.072396">
        <ele>992.5</ele>
      </trkpt>
      <trkpt lat="37.908626" lon="-79.073614">
        <ele>993.1</ele>
      </trkpt>
      <trkpt lat="37.909671" lon="-79.073714">
        <ele>989.9</ele>
      </trkpt>
      <trkpt lat="37.910575" lon="-79.073332">
        <ele>991.2</ele>
      </trkpt>
      <trkpt lat="37.911551" lon="-79.071555">
        <ele>990.7</ele>
      </trkpt>
      <trkpt lat="37.912583" lon="-79.071613">
        <ele>991.2</ele>
      </trkpt>
      <trkpt lat="37.914677" lon="-79.074993">
        <ele>988.3</ele>
      </trkpt>
      <trkpt lat="37.914683" lon="-79.078782">
        <ele>978.6</ele>
      </trkpt>
      <trkpt lat="37.911447" lon="-79.08429">
        <ele>1002.3</ele>
      </trkpt>
      <trkpt lat="37.910919" lon="-79.089781">
        <ele>1012.9</ele>
      </trkpt>
      <trkpt lat="37.908728" lon="-79.096387">
        <ele>999.7</ele>
      </trkpt>
      <trkpt lat="37.904235" lon="-79.103598">
        <ele>1003.1</ele>
      </trkpt>
      <trkpt lat="37.901133" lon="-79.117691">
        <ele>995.8</ele>
      </trkpt>
      <trkpt lat="37.896011" lon="-79.127154">
        <ele>929.8</ele>
      </trkpt>
      <trkpt lat="37.89393" lon="-79.134202">
        <ele>954.0</ele>
      </trkpt>
      <trkpt lat="37.891126" lon="-79.137049">
        <ele>966.0</ele>
      </trkpt>
      <trkpt lat="37.890611" lon="-79.141445">
        <ele>963.9</ele>
      </trkpt>
      <trkpt lat="37.88931" lon="-79.144827">
        <ele>943.3</ele>
      </trkpt>
      <trkpt lat="37.887835" lon="-79.146895">
        <ele>924.0</ele>
      </trkpt>
      <trkpt lat="37.887896" lon="-79.150399">
        <ele>905.6</ele>
      </trkpt>
      <trkpt lat="37.885817" lon="-79.151413">
        <ele>903.7</ele>
      </trkpt>
      <trkpt lat="37.885412" lon="-79.154189">
        <ele>894.0</ele>
      </trkpt>
      <trkpt lat="37.885814" lon="-79.15532">
        <ele>882.3</ele>
      </trkpt>
      <trkpt lat="37.885216" lon="-79.157074">
        <ele>871.2</ele>
      </trkpt>
      <trkpt lat="37.885347" lon="-79.160054">
        <ele>846.1</ele>
      </trkpt>
      <trkpt lat="37.887393" lon="-79.160747">
        <ele>829.4</ele>
      </trkpt>
      <trkpt lat="37.88821" lon="-79.161806">
        <ele>810.3</ele>
      </trkpt>
      <trkpt lat="37.889208" lon="-79.16186">
        <ele>807.3</ele>
      </trkpt>
      <trkpt lat="37.889103" lon="-79.163096">
        <ele>798.7</ele>
      </trkpt>
      <trkpt lat="37.889991" lon="-79.163735">
        <ele>781.5</ele>
      </trkpt>
      <trkpt lat="37.889769" lon="-79.166186">
        <ele>758.6</ele>
      </trkpt>
      <trkpt lat="37.890622" lon="-79.168079">
        <ele>743.0</ele>
      </trkpt>
      <trkpt lat="37.888696" lon="-79.168808">
        <ele>716.2</ele>
      </trkpt>
      <trkpt lat="37.888051" lon="-79.172316">
        <ele>674.9</ele>
      </trkpt>
      <trkpt lat="37.888766" lon="-79.174626">
        <ele>660.2</ele>
      </trkpt>
      <trkpt lat="37.889919" lon="-79.175302">
        <ele>636.0</ele>
      </trkpt>
      <trkpt lat="37.890573" lon="-79.176722">
        <ele>622.5</ele>
      </trkpt>
      <trkpt lat="37.892187" lon="-79.176853">
        <ele>599.0</ele>
      </trkpt>
      <trkpt lat="37.890868" lon="-79.179526">
        <ele>565.9</ele>
      </trkpt>
      <trkpt lat="37.891572" lon="-79.181016">
        <ele>550.2</ele>
      </trkpt>
      <trkpt lat="37.892513" lon="-79.182493">
        <ele>527.5</ele>
      </trkpt>
      <trkpt lat="37.894976" lon="-79.184138">
        <ele>491.7</ele>
      </trkpt>
      <trkpt lat="37.895638" lon="-79.185254">
        <ele>489.8</ele>
      </trkpt>
      <trkpt lat="37.897434" lon="-79.18632">
        <ele>475.2</ele>
      </trkpt>
      <trkpt lat="37.899556" lon="-79.186422">
        <ele>467.4</ele>
      </trkpt>
      <trkpt lat="37.90133" lon="-79.187341">
        <ele>459.3</ele>
      </trkpt>
      <trkpt lat="37.904877" lon="-79.195717">
        <ele>446.6</ele>
      </trkpt>
      <trkpt lat="37.905791" lon="-79.197341">
        <ele>435.6</ele>
      </trkpt>
      <trkpt lat="37.906407" lon="-79.197461">
        <ele>433.7</ele>
      </trkpt>
      <trkpt lat="37.899216" lon="-79.203551">
        <ele>421.6</ele>
      </trkpt>
      <trkpt lat="37.892671" lon="-79.212932">
        <ele>407.5</ele>
      </trkpt>
      <trkpt lat="37.890334" lon="-79.217645">
        <ele>404.3</ele>
      </trkpt>
      <trkpt lat="37.888142" lon="-79.219967">
        <ele>400.2</ele>
      </trkpt>
      <trkpt lat="37.886126" lon="-79.220546">
        <ele>408.7</ele>
      </trkpt>
      <trkpt lat="37.8829" lon="-79.223609">
        <ele>424.5</ele>
      </trkpt>
      <trkpt lat="37.882479" lon="-79.225767">
        <ele>427.9</ele>
      </trkpt>
      <trkpt lat="37.88166" lon="-79.227132">
        <ele>408.6</ele>
      </trkpt>
      <trkpt lat="37.880905" lon="-79.227093">
        <ele>407.9</ele>
      </trkpt>
      <trkpt lat="37.879641" lon="-79.226005">
        <ele>402.8</ele>
      </trkpt>
      <trkpt lat="37.88005" lon="-79.2281">
        <ele>415.8</ele>
      </trkpt>
      <trkpt lat="37.878815" lon="-79.230885">
        <ele>436.3</ele>
      </trkpt>
      <trkpt lat="37.873176" lon="-79.236747">
        <ele>401.4</ele>
      </trkpt>
      <trkpt lat="37.871294" lon="-79.240762">
        <ele>375.7</ele>
      </trkpt>
      <trkpt lat="37.868444" lon="-79.243194">
        <ele>375.3</ele>
      </trkpt>
      <trkpt lat="37.867373" lon="-79.245308">
        <ele>375.6</ele>
      </trkpt>
      <trkpt lat="37.864595" lon="-79.248396">
        <ele>366.1</ele>
      </trkpt>
      <trkpt lat="37.863489" lon="-79.250306">
        <ele>366.4</ele>
      </trkpt>
      <trkpt lat="37.862314" lon="-79.254248">
        <ele>363.2</ele>
      </trkpt>
      <trkpt lat="37.858434" lon="-79.257581">
        <ele>359.5</ele>
      </trkpt>
      <trkpt lat="37.854024" lon="-79.262642">
        <ele>352.8</ele>
      </trkpt>
      <trkpt lat="37.852445" lon="-79.263704">
        <ele>351.3</ele>
      </trkpt>
      <trkpt lat="37.848679" lon="-79.267688">
        <ele>345.5</ele>
      </trkpt>
      <trkpt lat="37.847294" lon="-79.276173">
        <ele>341.7</ele>
      </trkpt>
      <trkpt lat="37.84336" lon="-79.279354">
        <ele>339.2</ele>
      </trkpt>
      <trkpt lat="37.839928" lon="-79.280567">
        <ele>335.1</ele>
      </trkpt>
      <trkpt lat="37.838383" lon="-79.283043">
        <ele>335.1</ele>
      </trkpt>
      <trkpt lat="37.836346" lon="-79.284961">
        <ele>333.2</ele>
      </trkpt>
      <trkpt lat="37.834257" lon="-79.28602">
        <ele>329.4</ele>
      </trkpt>
      <trkpt lat="37.829069" lon="-79.29068">
        <ele>327.3</ele>
      </trkpt>
      <trkpt lat="37.826434" lon="-79.292247">
        <ele>327.6</ele>
      </trkpt>
      <trkpt lat="37.823474" lon="-79.295594">
        <ele>322.9</ele>
      </trkpt>
      <trkpt lat="37.820701" lon="-79.297181">
        <ele>320.6</ele>
      </trkpt>
      <trkpt lat="37.819172" lon="-79.301668">
        <ele>319.5</ele>
      </trkpt>
      <trkpt lat="37.816092" lon="-79.307195">
        <ele>314.8</ele>
      </trkpt>
      <trkpt lat="37.814111" lon="-79.309523">
        <ele>311.9</ele>
      </trkpt>
      <trkpt lat="37.811322" lon="-79.316612">
        <ele>305.9</ele>
      </trkpt>
      <trkpt lat="37.810103" lon="-79.316914">
        <ele>304.2</ele>
      </trkpt>
      <trkpt lat="37.806224" lon="-79.314338">
        <ele>304.2</ele>
      </trkpt>
      <trkpt lat="37.805074" lon="-79.315056">
        <ele>304.2</ele>
      </trkpt>
      <trkpt lat="37.804752" lon="-79.323162">
        <ele>304.2</ele>
      </trkpt>
      <trkpt lat="37.803425" lon="-79.328988">
        <ele>298.3</ele>
      </trkpt>
      <trkpt lat="37.799974" lon="-79.334001">
        <ele>292.6</ele>
      </trkpt>
      <trkpt lat="37.797376" lon="-79.335057">
        <ele>293.1</ele>
      </trkpt>
      <trkpt lat="37.793032" lon="-79.335082">
        <ele>292.3</ele>
      </trkpt>
      <trkpt lat="37.790886" lon="-79.337275">
        <ele>289.5</ele>
      </trkpt>
      <trkpt lat="37.789344" lon="-79.34197">
        <ele>286.8</ele>
      </trkpt>
      <trkpt lat="37.789071" lon="-79.345924">
        <ele>284.1</ele>
      </trkpt>
      <trkpt lat="37.786392" lon="-79.349864">
        <ele>282.7</ele>
      </trkpt>
      <trkpt lat="37.785856" lon="-79.35318">
        <ele>280.5</ele>
      </trkpt>
      <trkpt lat="37.78405" lon="-79.355954">
        <ele>279.7</ele>
      </trkpt>
      <trkpt lat="37.783218" lon="-79.358478">
        <ele>280.6</ele>
      </trkpt>
      <trkpt lat="37.784466" lon="-79.359957">
        <ele>285.2</ele>
      </trkpt>
      <trkpt lat="37.785004" lon="-79.363234">
        <ele>306.2</ele>
      </trkpt>
      <trkpt lat="37.785892" lon="-79.363879">
        <ele>311.6</ele>
      </trkpt>
      <trkpt lat="37.787174" lon="-79.363864">
        <ele>327.9</ele>
      </trkpt>
      <trkpt lat="37.787507" lon="-79.366822">
        <ele>344.1</ele>
      </trkpt>
      <trkpt lat="37.789377" lon="-79.369644">
        <ele>351.1</ele>
      </trkpt>
      <trkpt lat="37.788643" lon="-79.372657">
        <ele>358.9</ele>
      </trkpt>
      <trkpt lat="37.789643" lon="-79.378501">
        <ele>383.2</ele>
      </trkpt>
      <trkpt lat="37.789225" lon="-79.379346">
        <ele>380.7</ele>
      </trkpt>
      <trkpt lat="37.787909" lon="-79.380064">
        <ele>368.1</ele>
      </trkpt>
      <trkpt lat="37.786826" lon="-79.382123">
        <ele>352.9</ele>
      </trkpt>
      <trkpt lat="37.785119" lon="-79.391257">
        <ele>310.7</ele>
      </trkpt>
      <trkpt lat="37.786275" lon="-79.394714">
        <ele>320.5</ele>
      </trkpt>
      <trkpt lat="37.789616" lon="-79.399238">
        <ele>286.9</ele>
      </trkpt>
      <trkpt lat="37.789659" lon="-79.400118">
        <ele>284.4</ele>
      </trkpt>
      <trkpt lat="37.788476" lon="-79.402446">
        <ele>296.6</ele>
      </trkpt>
      <trkpt lat="37.789252" lon="-79.405262">
        <ele>314.3</ele>
      </trkpt>
      <trkpt lat="37.789538" lon="-79.408942">
        <ele>313.9</ele>
      </trkpt>
      <trkpt lat="37.788934" lon="-79.413176">
        <ele>289.4</ele>
      </trkpt>
      <trkpt lat="37.790422" lon="-79.415792">
        <ele>276.6</ele>
      </trkpt>
      <trkpt lat="37.79298" lon="-79.426088">
        <ele>287.8</ele>
      </trkpt>
      <trkpt lat="37.789497" lon="-79.430374">
        <ele>286.8</ele>
      </trkpt>
      <trkpt lat="37.789568" lon="-79.435022">
        <ele>302.0</ele>
      </trkpt>
      <trkpt lat="37.786925" lon="-79.441264">
        <ele>304.2</ele>
      </trkpt>
      <trkpt lat="37.781478" lon="-79.447312">
        <ele>333.3</ele>
      </trkpt>
      <trkpt lat="37.780936" lon="-79.446556">
        <ele>336.4</ele>
      </trkpt>
      <trkpt lat="37.774791" lon="-79.450214">
        <ele>330.2</ele>
      </trkpt>
      <trkpt lat="37.773553" lon="-79.449977">
        <ele>324.3</ele>
      </trkpt>
      <trkpt lat="37.771315" lon="-79.448136">
        <ele>336.2</ele>
      </trkpt>
      <trkpt lat="37.769274" lon="-79.447658">
        <ele>338.7</ele>
      </trkpt>
      <trkpt lat="37.76885" lon="-79.449406">
        <ele>328.9</ele>
      </trkpt>
      <trkpt lat="37.769313" lon="-79.451646">
        <ele>334.3</ele>
      </trkpt>
      <trkpt lat="37.76822" lon="-79.454656">
        <ele>346.0</ele>
      </trkpt>
      <trkpt lat="37.766977" lon="-79.456662">
        <ele>339.2</ele>
      </trkpt>
      <trkpt lat="37.764043" lon="-79.459546">
        <ele>338.6</ele>
      </trkpt>
      <trkpt lat="37.755668" lon="-79.471354">
        <ele>354.9</ele>
      </trkpt>
      <trkpt lat="37.753772" lon="-79.471423">
        <ele>348.2</ele>
      </trkpt>
      <trkpt lat="37.751843" lon="-79.470791">
        <ele>340.4</ele>
      </trkpt>
      <trkpt lat="37.74801" lon="-79.472676">
        <ele>327.3</ele>
      </trkpt>
      <trkpt lat="37.744857" lon="-79.472773">
        <ele>322.3</ele>
      </trkpt>
      <trkpt lat="37.740829" lon="-79.475084">
        <ele>314.9</ele>
      </trkpt>
      <trkpt lat="37.737473" lon="-79.479904">
        <ele>303.3</ele>
      </trkpt>
      <trkpt lat="37.7345" lon="-79.482929">
        <ele>296.8</ele>
      </trkpt>
      <trkpt lat="37.733006" lon="-79.48336">
        <ele>295.8</ele>
      </trkpt>
      <trkpt lat="37.730216" lon="-79.483184">
        <ele>287.7</ele>
      </trkpt>
      <trkpt lat="37.729164" lon="-79.481214">
        <ele>284.9</ele>
      </trkpt>
      <trkpt lat="37.726607" lon="-79.481246">
        <ele>284.4</ele>
      </trkpt>
      <trkpt lat="37.724907" lon="-79.484821">
        <ele>279.0</ele>
      </trkpt>
      <trkpt lat="37.723746" lon="-79.492177">
        <ele>296.1</ele>
      </trkpt>
      <trkpt lat="37.721283" lon="-79.492263">
        <ele>284.8</ele>
      </trkpt>
      <trkpt lat="37.719667" lon="-79.493868">
        <ele>278.8</ele>
      </trkpt>
      <trkpt lat="37.719605" lon="-79.495023">
        <ele>280.2</ele>
      </trkpt>
      <trkpt lat="37.72099" lon="-79.499337">
        <ele>293.6</ele>
      </trkpt>
      <trkpt lat="37.72064" lon="-79.499886">
        <ele>303.2</ele>
      </trkpt>
      <trkpt lat="37.71956" lon="-79.499968">
        <ele>303.3</ele>
      </trkpt>
      <trkpt lat="37.719102" lon="-79.500714">
        <ele>300.8</ele>
      </trkpt>
      <trkpt lat="37.719939" lon="-79.503606">
        <ele>292.7</ele>
      </trkpt>
      <trkpt lat="37.7198" lon="-79.506159">
        <ele>292.0</ele>
      </trkpt>
      <trkpt lat="37.716358" lon="-79.506342">
        <ele>302.5</ele>
      </trkpt>
      <trkpt lat="37.714732" lon="-79.505754">
        <ele>302.7</ele>
      </trkpt>
      <trkpt lat="37.714012" lon="-79.506662">
        <ele>302.7</ele>
      </trkpt>
      <trkpt lat="37.711721" lon="-79.507624">
        <ele>303.0</ele>
      </trkpt>
      <trkpt lat="37.709281" lon="-79.507845">
        <ele>308.7</ele>
      </trkpt>
      <trkpt lat="37.708515" lon="-79.509298">
        <ele>314.9</ele>
      </trkpt>
      <trkpt lat="37.70808" lon="-79.51186">
        <ele>315.8</ele>
      </trkpt>
      <trkpt lat="37.704988" lon="-79.516248">
        <ele>315.7</ele>
      </trkpt>
      <trkpt lat="37.704172" lon="-79.518851">
        <ele>319.5</ele>
      </trkpt>
      <trkpt lat="37.702664" lon="-79.520062">
        <ele>324.0</ele>
      </trkpt>
      <trkpt lat="37.701456" lon="-79.522887">
        <ele>328.5</ele>
      </trkpt>
      <trkpt lat="37.701356" lon="-79.529623">
        <ele>331.9</ele>
      </trkpt>
      <trkpt lat="37.69978" lon="-79.539799">
        <ele>340.3</ele>
      </trkpt>
      <trkpt lat="37.697236" lon="-79.54209">
        <ele>345.2</ele>
      </trkpt>
      <trkpt lat="37.693904" lon="-79.543938">
        <ele>351.3</ele>
      </trkpt>
      <trkpt lat="37.693145" lon="-79.545192">
        <ele>351.7</ele>
      </trkpt>
      <trkpt lat="37.692232" lon="-79.544765">
        <ele>351.4</ele>
      </trkpt>
      <trkpt lat="37.689431" lon="-79.545828">
        <ele>357.4</ele>
      </trkpt>
      <trkpt lat="37.68831" lon="-79.548115">
        <ele>361.9</ele>
      </trkpt>
      <trkpt lat="37.686207" lon="-79.54993">
        <ele>363.3</ele>
      </trkpt>
      <trkpt lat="37.68143" lon="-79.556735">
        <ele>375.7</ele>
      </trkpt>
      <trkpt lat="37.675606" lon="-79.558299">
        <ele>387.9</ele>
      </trkpt>
      <trkpt lat="37.674265" lon="-79.562952">
        <ele>398.3</ele>
      </trkpt>
      <trkpt lat="37.671909" lon="-79.565084">
        <ele>401.0</ele>
      </trkpt>
      <trkpt lat="37.668604" lon="-79.567117">
        <ele>412.1</ele>
      </trkpt>
      <trkpt lat="37.666258" lon="-79.575977">
        <ele>437.5</ele>
      </trkpt>
      <trkpt lat="37.665095" lon="-79.578299">
        <ele>439.8</ele>
      </trkpt>
      <trkpt lat="37.657541" lon="-79.580951">
        <ele>410.6</ele>
      </trkpt>
      <trkpt lat="37.653974" lon="-79.582797">
        <ele>399.7</ele>
      </trkpt>
      <trkpt lat="37.650288" lon="-79.583369">
        <ele>385.7</ele>
      </trkpt>
      <trkpt lat="37.647641" lon="-79.580854">
        <ele>387.5</ele>
      </trkpt>
      <trkpt lat="37.643573" lon="-79.575591">
        <ele>380.6</ele>
      </trkpt>
      <trkpt lat="37.641736" lon="-79.574322">
        <ele>377.3</ele>
      </trkpt>
      <trkpt lat="37.641341" lon="-79.570735">
        <ele>369.2</ele>
      </trkpt>
      <trkpt lat="37.641709" lon="-79.567964">
        <ele>365.5</ele>
      </trkpt>
      <trkpt lat="37.640402" lon="-79.561352">
        <ele>361.2</ele>
      </trkpt>
      <trkpt lat="37.636587" lon="-79.563014">
        <ele>363.3</ele>
      </trkpt>
      <trkpt lat="37.635403" lon="-79.564358">
        <ele>365.9</ele>
      </trkpt>
      <trkpt lat="37.634543" lon="-79.566513">
        <ele>367.0</ele>
      </trkpt>
      <trkpt lat="37.630405" lon="-79.56975">
        <ele>385.2</ele>
      </trkpt>
      <trkpt lat="37.629604" lon="-79.570088">
        <ele>394.7</ele>
      </trkpt>
      <trkpt lat="37.628454" lon="-79.569791">
        <ele>405.3</ele>
      </trkpt>
      <trkpt lat="37.626232" lon="-79.579828">
        <ele>419.8</ele>
      </trkpt>
      <trkpt lat="37.624607" lon="-79.583136">
        <ele>439.9</ele>
      </trkpt>
      <trkpt lat="37.612555" lon="-79.591038">
        <ele>390.5</ele>
      </trkpt>
      <trkpt lat="37.610632" lon="-79.593356">
        <ele>388.3</ele>
      </trkpt>
      <trkpt lat="37.608555" lon="-79.599513">
        <ele>392.6</ele>
      </trkpt>
      <trkpt lat="37.610105" lon="-79.604576">
        <ele>417.0</ele>
      </trkpt>
      <trkpt lat="37.60955" lon="-79.611587">
        <ele>404.5</ele>
      </trkpt>
      <trkpt lat="37.608786" lon="-79.614097">
        <ele>416.7</ele>
      </trkpt>
      <trkpt lat="37.607478" lon="-79.615652">
        <ele>411.9</ele>
      </trkpt>
      <trkpt lat="37.602882" lon="-79.618911">
        <ele>399.1</ele>
      </trkpt>
      <trkpt lat="37.594502" lon="-79.627418">
        <ele>401.0</ele>
      </trkpt>
      <trkpt lat="37.593898" lon="-79.628148">
        <ele>404.2</ele>
      </trkpt>
      <trkpt lat="37.594803" lon="-79.629146">
        <ele>405.4</ele>
      </trkpt>
      <trkpt lat="37.594634" lon="-79.629505">
        <ele>406.0</ele>
      </trkpt>
      <trkpt lat="37.590913" lon="-79.634668">
        <ele>392.8</ele>
      </trkpt>
      <trkpt lat="37.58434" lon="-79.641146">
        <ele>380.0</ele>
      </trkpt>
      <trkpt lat="37.576555" lon="-79.646647">
        <ele>375.0</ele>
      </trkpt>
      <trkpt lat="37.572054" lon="-79.648778">
        <ele>353.3</ele>
      </trkpt>
      <trkpt lat="37.564141" lon="-79.654236">
        <ele>333.3</ele>
      </trkpt>
      <trkpt lat="37.557206" lon="-79.660759">
        <ele>317.7</ele>
      </trkpt>
      <trkpt lat="37.554145" lon="-79.662384">
        <ele>304.4</ele>
      </trkpt>
      <trkpt lat="37.551092" lon="-79.665487">
        <ele>292.9</ele>
      </trkpt>
      <trkpt lat="37.548653" lon="-79.666472">
        <ele>290.9</ele>
      </trkpt>
      <trkpt lat="37.546717" lon="-79.668">
        <ele>291.5</ele>
      </trkpt>
      <trkpt lat="37.544442" lon="-79.667698">
        <ele>278.1</ele>
      </trkpt>
      <trkpt lat="37.542081" lon="-79.671886">
        <ele>278.3</ele>
      </trkpt>
      <trkpt lat="37.540452" lon="-79.673628">
        <ele>279.3</ele>
      </trkpt>
      <trkpt lat="37.537572" lon="-79.674114">
        <ele>277.7</ele>
      </trkpt>
      <trkpt lat="37.534912" lon="-79.676344">
        <ele>276.5</ele>
      </trkpt>
      <trkpt lat="37.532091" lon="-79.676063">
        <ele>261.4</ele>
      </trkpt>
      <trkpt lat="37.529363" lon="-79.678193">
        <ele>257.6</ele>
      </trkpt>
      <trkpt lat="37.524121" lon="-79.683591">
        <ele>262.9</ele>
      </trkpt>
      <trkpt lat="37.520478" lon="-79.689693">
        <ele>255.8</ele>
      </trkpt>
      <trkpt lat="37.519079" lon="-79.693094">
        <ele>254.9</ele>
      </trkpt>
      <trkpt lat="37.518006" lon="-79.699065">
        <ele>260.9</ele>
      </trkpt>
      <trkpt lat="37.514737" lon="-79.702494">
        <ele>255.5</ele>
      </trkpt>
      <trkpt lat="37.513046" lon="-79.708938">
        <ele>276.6</ele>
      </trkpt>
      <trkpt lat="37.508563" lon="-79.713852">
        <ele>261.1</ele>
      </trkpt>
      <trkpt lat="37.504403" lon="-79.714393">
        <ele>265.7</ele>
      </trkpt>
      <trkpt lat="37.503419" lon="-79.714083">
        <ele>266.9</ele>
      </trkpt>
      <trkpt lat="37.501154" lon="-79.718316">
        <ele>268.2</ele>
      </trkpt>
      <trkpt lat="37.500453" lon="-79.718932">
        <ele>268.3</ele>
      </trkpt>
      <trkpt lat="37.497774" lon="-79.719588">
        <ele>268.4</ele>
      </trkpt>
      <trkpt lat="37.496439" lon="-79.72084">
        <ele>269.2</ele>
      </trkpt>
      <trkpt lat="37.49582" lon="-79.722404">
        <ele>272.0</ele>
      </trkpt>
      <trkpt lat="37.495342" lon="-79.727797">
        <ele>276.2</ele>
      </trkpt>
      <trkpt lat="37.493566" lon="-79.732481">
        <ele>279.0</ele>
      </trkpt>
      <trkpt lat="37.487923" lon="-79.742249">
        <ele>280.4</ele>
      </trkpt>
      <trkpt lat="37.486775" lon="-79.743012">
        <ele>284.4</ele>
      </trkpt>
      <trkpt lat="37.483835" lon="-79.743557">
        <ele>286.9</ele>
      </trkpt>
      <trkpt lat="37.482628" lon="-79.744559">
        <ele>290.5</ele>
      </trkpt>
      <trkpt lat="37.475443" lon="-79.754298">
        <ele>303.0</ele>
      </trkpt>
      <trkpt lat="37.474627" lon="-79.756461">
        <ele>304.0</ele>
      </trkpt>
      <trkpt lat="37.471627" lon="-79.756154">
        <ele>305.2</ele>
      </trkpt>
      <trkpt lat="37.470749" lon="-79.758034">
        <ele>308.4</ele>
      </trkpt>
      <trkpt lat="37.469417" lon="-79.757395">
        <ele>309.4</ele>
      </trkpt>
      <trkpt lat="37.467376" lon="-79.757847">
        <ele>317.2</ele>
      </trkpt>
      <trkpt lat="37.465703" lon="-79.757042">
        <ele>314.5</ele>
      </trkpt>
      <trkpt lat="37.463367" lon="-79.759666">
        <ele>315.1</ele>
      </trkpt>
      <trkpt lat="37.460007" lon="-79.76197">
        <ele>320.4</ele>
      </trkpt>
      <trkpt lat="37.458306" lon="-79.763956">
        <ele>321.8</ele>
      </trkpt>
      <trkpt lat="37.45776" lon="-79.768493">
        <ele>329.8</ele>
      </trkpt>
      <trkpt lat="37.454631" lon="-79.773442">
        <ele>334.0</ele>
      </trkpt>
      <trkpt lat="37.454645" lon="-79.776224">
        <ele>336.2</ele>
      </trkpt>
      <trkpt lat="37.452946" lon="-79.781636">
        <ele>343.3</ele>
      </trkpt>
      <trkpt lat="37.451767" lon="-79.782576">
        <ele>345.1</ele>
      </trkpt>
      <trkpt lat="37.451655" lon="-79.784612">
        <ele>351.5</ele>
      </trkpt>
      <trkpt lat="37.450055" lon="-79.786722">
        <ele>353.1</ele>
      </trkpt>
      <trkpt lat="37.44746" lon="-79.792367">
        <ele>358.9</ele>
      </trkpt>
      <trkpt lat="37.44506" lon="-79.7993">
        <ele>369.2</ele>
      </trkpt>
      <trkpt lat="37.444806" lon="-79.805682">
        <ele>375.2</ele>
      </trkpt>
      <trkpt lat="37.443185" lon="-79.809573">
        <ele>381.7</ele>
      </trkpt>
      <trkpt lat="37.44363" lon="-79.813331">
        <ele>388.2</ele>
      </trkpt>
      <trkpt lat="37.442702" lon="-79.819055">
        <ele>402.2</ele>
      </trkpt>
      <trkpt lat="37.441822" lon="-79.821176">
        <ele>406.5</ele>
      </trkpt>
      <trkpt lat="37.439721" lon="-79.824513">
        <ele>414.3</ele>
      </trkpt>
      <trkpt lat="37.439307" lon="-79.824456">
        <ele>415.3</ele>
      </trkpt>
      <trkpt lat="37.437638" lon="-79.828914">
        <ele>423.7</ele>
      </trkpt>
      <trkpt lat="37.43831" lon="-79.832882">
        <ele>398.6</ele>
      </trkpt>
      <trkpt lat="37.440724" lon="-79.83299">
        <ele>391.6</ele>
      </trkpt>
      <trkpt lat="37.443743" lon="-79.83535">
        <ele>383.5</ele>
      </trkpt>
      <trkpt lat="37.447179" lon="-79.835754">
        <ele>375.2</ele>
      </trkpt>
      <trkpt lat="37.449917" lon="-79.837714">
        <ele>365.6</ele>
      </trkpt>
      <trkpt lat="37.445889" lon="-79.846559">
        <ele>378.2</ele>
      </trkpt>
      <trkpt lat="37.44386" lon="-79.845624">
        <ele>382.2</ele>
      </trkpt>
      <trkpt lat="37.441658" lon="-79.845906">
        <ele>389.1</ele>
      </trkpt>
      <trkpt lat="37.440392" lon="-79.845124">
        <ele>389.4</ele>
      </trkpt>
      <trkpt lat="37.438646" lon="-79.845108">
        <ele>395.6</ele>
      </trkpt>
      <trkpt lat="37.435448" lon="-79.843677">
        <ele>400.0</ele>
      </trkpt>
      <trkpt lat="37.432313" lon="-79.845248">
        <ele>414.4</ele>
      </trkpt>
      <trkpt lat="37.430965" lon="-79.84534">
        <ele>416.3</ele>
      </trkpt>
      <trkpt lat="37.428228" lon="-79.848092">
        <ele>429.1</ele>
      </trkpt>
      <trkpt lat="37.426459" lon="-79.847691">
        <ele>437.2</ele>
      </trkpt>
      <trkpt lat="37.424629" lon="-79.848204">
        <ele>447.5</ele>
      </trkpt>
      <trkpt lat="37.419424" lon="-79.854117">
        <ele>486.5</ele>
      </trkpt>
      <trkpt lat="37.417648" lon="-79.857995">
        <ele>483.8</ele>
      </trkpt>
      <trkpt lat="37.415126" lon="-79.861907">
        <ele>473.2</ele>
      </trkpt>
      <trkpt lat="37.414513" lon="-79.867039">
        <ele>449.4</ele>
      </trkpt>
      <trkpt lat="37.415259" lon="-79.870396">
        <ele>440.0</ele>
      </trkpt>
      <trkpt lat="37.417023" lon="-79.872195">
        <ele>430.2</ele>
      </trkpt>
      <trkpt lat="37.418166" lon="-79.87525">
        <ele>424.7</ele>
      </trkpt>
      <trkpt lat="37.412214" lon="-79.881753">
        <ele>411.7</ele>
      </trkpt>
      <trkpt lat="37.40886" lon="-79.88621">
        <ele>405.8</ele>
      </trkpt>
      <trkpt lat="37.406424" lon="-79.888013">
        <ele>399.5</ele>
      </trkpt>
      <trkpt lat="37.407388" lon="-79.89014">
        <ele>405.9</ele>
      </trkpt>
      <trkpt lat="37.404802" lon="-79.894246">
        <ele>410.9</ele>
      </trkpt>
      <trkpt lat="37.404316" lon="-79.900097">
        <ele>412.3</ele>
      </trkpt>
      <trkpt lat="37.405398" lon="-79.902062">
        <ele>404.7</ele>
      </trkpt>
      <trkpt lat="37.406879" lon="-79.909059">
        <ele>395.3</ele>
      </trkpt>
      <trkpt lat="37.408685" lon="-79.910825">
        <ele>397.5</ele>
      </trkpt>
      <trkpt lat="37.408561" lon="-79.913571">
        <ele>387.0</ele>
      </trkpt>
      <trkpt lat="37.409833" lon="-79.912864">
        <ele>393.3</ele>
      </trkpt>
      <trkpt lat="37.410528" lon="-79.914106">
        <ele>388.5</ele>
      </trkpt>
      <trkpt lat="37.411479" lon="-79.919529">
        <ele>386.3</ele>
      </trkpt>
      <trkpt lat="37.411111" lon="-79.922849">
        <ele>388.0</ele>
      </trkpt>
      <trkpt lat="37.41244" lon="-79.926649">
        <ele>383.6</ele>
      </trkpt>
      <trkpt lat="37.417236" lon="-79.930702">
        <ele>385.4</ele>
      </trkpt>
      <trkpt lat="37.424084" lon="-79.93202">
        <ele>382.9</ele>
      </trkpt>
      <trkpt lat="37.425504" lon="-79.93295">
        <ele>389.6</ele>
      </trkpt>
      <trkpt lat="37.426933" lon="-79.937264">
        <ele>393.1</ele>
      </trkpt>
      <trkpt lat="37.429587" lon="-79.940476">
        <ele>380.7</ele>
      </trkpt>
      <trkpt lat="37.432389" lon="-79.947189">
        <ele>403.0</ele>
      </trkpt>
      <trkpt lat="37.436914" lon="-79.955465">
        <ele>404.0</ele>
      </trkpt>
      <trkpt lat="37.440346" lon="-79.959895">
        <ele>421.2</ele>
      </trkpt>
      <trkpt lat="37.442304" lon="-79.964384">
        <ele>421.0</ele>
      </trkpt>
      <trkpt lat="37.445782" lon="-79.967638">
        <ele>430.9</ele>
      </trkpt>
      <trkpt lat="37.447983" lon="-79.968981">
        <ele>437.1</ele>
      </trkpt>
      <trkpt lat="37.451117" lon="-79.97052">
        <ele>431.9</ele>
      </trkpt>
      <trkpt lat="37.455593" lon="-79.971149">
        <ele>419.4</ele>
      </trkpt>
      <trkpt lat="37.457107" lon="-79.97222">
        <ele>408.9</ele>
      </trkpt>
      <trkpt lat="37.457473" lon="-79.973914">
        <ele>414.7</ele>
      </trkpt>
      <trkpt lat="37.456621" lon="-79.978564">
        <ele>439.5</ele>
      </trkpt>
      <trkpt lat="37.457001" lon="-79.980328">
        <ele>424.8</ele>
      </trkpt>
      <trkpt lat="37.461479" lon="-79.989145">
        <ele>436.4</ele>
      </trkpt>
      <trkpt lat="37.469083" lon="-79.997013">
        <ele>446.4</ele>
      </trkpt>
      <trkpt lat="37.470652" lon="-80.00125">
        <ele>424.0</ele>
      </trkpt>
      <trkpt lat="37.470176" lon="-80.004117">
        <ele>404.1</ele>
      </trkpt>
      <trkpt lat="37.466239" lon="-80.007652">
        <ele>399.5</ele>
      </trkpt>
      <trkpt lat="37.464567" lon="-80.007618">
        <ele>402.3</ele>
      </trkpt>
      <trkpt lat="37.46323" lon="-80.009536">
        <ele>423.5</ele>
      </trkpt>
      <trkpt lat="37.461389" lon="-80.010809">
        <ele>426.7</ele>
      </trkpt>
      <trkpt lat="37.459188" lon="-80.01553">
        <ele>447.5</ele>
      </trkpt>
      <trkpt lat="37.457461" lon="-80.017577">
        <ele>449.2</ele>
      </trkpt>
      <trkpt lat="37.455116" lon="-80.017738">
        <ele>433.3</ele>
      </trkpt>
      <trkpt lat="37.454564" lon="-80.01476">
        <ele>422.9</ele>
      </trkpt>
      <trkpt lat="37.45331" lon="-80.013945">
        <ele>436.4</ele>
      </trkpt>
      <trkpt lat="37.450418" lon="-80.015634">
        <ele>442.0</ele>
      </trkpt>
      <trkpt lat="37.447121" lon="-80.015593">
        <ele>436.4</ele>
      </trkpt>
      <trkpt lat="37.443665" lon="-80.018198">
        <ele>435.7</ele>
      </trkpt>
      <trkpt lat="37.44078" lon="-80.017908">
        <ele>435.3</ele>
      </trkpt>
      <trkpt lat="37.436527" lon="-80.020349">
        <ele>449.7</ele>
      </trkpt>
      <trkpt lat="37.429084" lon="-80.021584">
        <ele>457.4</ele>
      </trkpt>
      <trkpt lat="37.418915" lon="-80.027725">
        <ele>454.2</ele>
      </trkpt>
      <trkpt lat="37.414988" lon="-80.033194">
        <ele>475.8</ele>
      </trkpt>
      <trkpt lat="37.411621" lon="-80.035935">
        <ele>463.8</ele>
      </trkpt>
      <trkpt lat="37.406498" lon="-80.042969">
        <ele>476.6</ele>
      </trkpt>
      <trkpt lat="37.40493" lon="-80.048041">
        <ele>499.7</ele>
      </trkpt>
      <trkpt lat="37.404803" lon="-80.050138">
        <ele>484.9</ele>
      </trkpt>
      <trkpt lat="37.402147" lon="-80.057157">
        <ele>485.5</ele>
      </trkpt>
      <trkpt lat="37.398484" lon="-80.072896">
        <ele>510.3</ele>
      </trkpt>
      <trkpt lat="37.396814" lon="-80.075761">
        <ele>516.9</ele>
      </trkpt>
      <trkpt lat="37.393214" lon="-80.086214">
        <ele>528.6</ele>
      </trkpt>
      <trkpt lat="37.38884" lon="-80.093638">
        <ele>517.4</ele>
      </trkpt>
      <trkpt lat="37.388228" lon="-80.095718">
        <ele>522.8</ele>
      </trkpt>
      <trkpt lat="37.388297" lon="-80.097998">
        <ele>518.8</ele>
      </trkpt>
      <trkpt lat="37.38546" lon="-80.104407">
        <ele>529.9</ele>
      </trkpt>
      <trkpt lat="37.382476" lon="-80.109342">
        <ele>529.9</ele>
      </trkpt>
      <trkpt lat="37.38222" lon="-80.111748">
        <ele>531.4</ele>
      </trkpt>
      <trkpt lat="37.379969" lon="-80.115696">
        <ele>537.8</ele>
      </trkpt>
      <trkpt lat="37.379764" lon="-80.117548">
        <ele>535.3</ele>
      </trkpt>
      <trkpt lat="37.379136" lon="-80.118045">
        <ele>530.4</ele>
      </trkpt>
      <trkpt lat="37.372079" lon="-80.132054">
        <ele>551.4</ele>
      </trkpt>
      <trkpt lat="37.366195" lon="-80.137645">
        <ele>558.9</ele>
      </trkpt>
      <trkpt lat="37.360372" lon="-80.140791">
        <ele>546.1</ele>
      </trkpt>
      <trkpt lat="37.357348" lon="-80.143223">
        <ele>541.6</ele>
      </trkpt>
      <trkpt lat="37.351103" lon="-80.152795">
        <ele>542.0</ele>
      </trkpt>
      <trkpt lat="37.348394" lon="-80.155728">
        <ele>544.3</ele>
      </trkpt>
      <trkpt lat="37.347122" lon="-80.159174">
        <ele>546.3</ele>
      </trkpt>
      <trkpt lat="37.3453" lon="-80.161127">
        <ele>552.1</ele>
      </trkpt>
      <trkpt lat="37.343642" lon="-80.164539">
        <ele>565.6</ele>
      </trkpt>
      <trkpt lat="37.342588" lon="-80.169095">
        <ele>573.4</ele>
      </trkpt>
      <trkpt lat="37.340923" lon="-80.171882">
        <ele>566.8</ele>
      </trkpt>
      <trkpt lat="37.33872" lon="-80.178431">
        <ele>577.1</ele>
      </trkpt>
      <trkpt lat="37.336781" lon="-80.181376">
        <ele>590.0</ele>
      </trkpt>
      <trkpt lat="37.335051" lon="-80.186071">
        <ele>583.7</ele>
      </trkpt>
      <trkpt lat="37.333591" lon="-80.187546">
        <ele>578.1</ele>
      </trkpt>
      <trkpt lat="37.330191" lon="-80.201135">
        <ele>584.3</ele>
      </trkpt>
      <trkpt lat="37.328003" lon="-80.213015">
        <ele>602.2</ele>
      </trkpt>
      <trkpt lat="37.326146" lon="-80.226872">
        <ele>585.6</ele>
      </trkpt>
      <trkpt lat="37.322967" lon="-80.235385">
        <ele>569.6</ele>
      </trkpt>
      <trkpt lat="37.319794" lon="-80.239781">
        <ele>569.4</ele>
      </trkpt>
      <trkpt lat="37.316809" lon="-80.245688">
        <ele>558.5</ele>
      </trkpt>
      <trkpt lat="37.311327" lon="-80.251837">
        <ele>556.2</ele>
      </trkpt>
      <trkpt lat="37.309393" lon="-80.254797">
        <ele>563.4</ele>
      </trkpt>
      <trkpt lat="37.308248" lon="-80.257079">
        <ele>548.5</ele>
      </trkpt>
      <trkpt lat="37.308816" lon="-80.259725">
        <ele>543.8</ele>
      </trkpt>
      <trkpt lat="37.307986" lon="-80.262194">
        <ele>545.5</ele>
      </trkpt>
      <trkpt lat="37.301826" lon="-80.27206">
        <ele>528.4</ele>
      </trkpt>
      <trkpt lat="37.298" lon="-80.28023">
        <ele>521.6</ele>
      </trkpt>
      <trkpt lat="37.293289" lon="-80.28479">
        <ele>518.4</ele>
      </trkpt>
      <trkpt lat="37.293187" lon="-80.28714">
        <ele>514.1</ele>
      </trkpt>
      <trkpt lat="37.29114" lon="-80.290498">
        <ele>510.9</ele>
      </trkpt>
      <trkpt lat="37.290182" lon="-80.293158">
        <ele>506.4</ele>
      </trkpt>
      <trkpt lat="37.282507" lon="-80.300528">
        <ele>518.3</ele>
      </trkpt>
      <trkpt lat="37.281337" lon="-80.302816">
        <ele>518.8</ele>
      </trkpt>
      <trkpt lat="37.279553" lon="-80.303729">
        <ele>508.6</ele>
      </trkpt>
      <trkpt lat="37.275566" lon="-80.307383">
        <ele>491.6</ele>
      </trkpt>
      <trkpt lat="37.273599" lon="-80.311921">
        <ele>494.4</ele>
      </trkpt>
      <trkpt lat="37.267989" lon="-80.319943">
        <ele>495.1</ele>
      </trkpt>
      <trkpt lat="37.266363" lon="-80.324188">
        <ele>483.2</ele>
      </trkpt>
      <trkpt lat="37.266295" lon="-80.327591">
        <ele>479.6</ele>
      </trkpt>
      <trkpt lat="37.264169" lon="-80.329637">
        <ele>477.3</ele>
      </trkpt>
      <trkpt lat="37.26197" lon="-80.333516">
        <ele>483.6</ele>
      </trkpt>
      <trkpt lat="37.261165" lon="-80.336772">
        <ele>490.2</ele>
      </trkpt>
      <trkpt lat="37.261875" lon="-80.339441">
        <ele>471.8</ele>
      </trkpt>
      <trkpt lat="37.258604" lon="-80.345034">
        <ele>471.0</ele>
      </trkpt>
      <trkpt lat="37.257322" lon="-80.346449">
        <ele>476.9</ele>
      </trkpt>
      <trkpt lat="37.254988" lon="-80.347862">
        <ele>470.9</ele>
      </trkpt>
      <trkpt lat="37.254183" lon="-80.35086">
        <ele>479.4</ele>
      </trkpt>
      <trkpt lat="37.252067" lon="-80.35315">
        <ele>476.8</ele>
      </trkpt>
      <trkpt lat="37.24951" lon="-80.353363">
        <ele>470.9</ele>
      </trkpt>
      <trkpt lat="37.248833" lon="-80.355296">
        <ele>467.4</ele>
      </trkpt>
      <trkpt lat="37.244252" lon="-80.358897">
        <ele>466.7</ele>
      </trkpt>
      <trkpt lat="37.244452" lon="-80.361595">
        <ele>469.9</ele>
      </trkpt>
      <trkpt lat="37.242532" lon="-80.36394">
        <ele>488.2</ele>
      </trkpt>
      <trkpt lat="37.237584" lon="-80.36466">
        <ele>471.2</ele>
      </trkpt>
      <trkpt lat="37.235191" lon="-80.363398">
        <ele>468.7</ele>
      </trkpt>
      <trkpt lat="37.233096" lon="-80.36333">
        <ele>465.1</ele>
      </trkpt>
      <trkpt lat="37.230462" lon="-80.363969">
        <ele>464.9</ele>
      </trkpt>
      <trkpt lat="37.229191" lon="-80.365142">
        <ele>461.5</ele>
      </trkpt>
      <trkpt lat="37.220112" lon="-80.365887">
        <ele>454.1</ele>
      </trkpt>
      <trkpt lat="37.21947" lon="-80.364567">
        <ele>456.5</ele>
      </trkpt>
      <trkpt lat="37.217834" lon="-80.363756">
        <ele>461.7</ele>
      </trkpt>
      <trkpt lat="37.216876" lon="-80.364263">
        <ele>460.9</ele>
      </trkpt>
      <trkpt lat="37.215978" lon="-80.36635">
        <ele>461.3</ele>
      </trkpt>
      <trkpt lat="37.214152" lon="-80.366757">
        <ele>467.3</ele>
      </trkpt>
      <trkpt lat="37.209334" lon="-80.362512">
        <ele>459.0</ele>
      </trkpt>
      <trkpt lat="37.207467" lon="-80.363779">
        <ele>461.8</ele>
      </trkpt>
      <trkpt lat="37.200612" lon="-80.363522">
        <ele>468.7</ele>
      </trkpt>
      <trkpt lat="37.194324" lon="-80.366488">
        <ele>454.9</ele>
      </trkpt>
      <trkpt lat="37.191648" lon="-80.366738">
        <ele>463.4</ele>
      </trkpt>
      <trkpt lat="37.190738" lon="-80.368186">
        <ele>472.3</ele>
      </trkpt>
      <trkpt lat="37.186579" lon="-80.369504">
        <ele>479.6</ele>
      </trkpt>
      <trkpt lat="37.182556" lon="-80.372136">
        <ele>473.9</ele>
      </trkpt>
      <trkpt lat="37.178334" lon="-80.373447">
        <ele>468.2</ele>
      </trkpt>
      <trkpt lat="37.173136" lon="-80.376321">
        <ele>472.8</ele>
      </trkpt>
      <trkpt lat="37.171917" lon="-80.37777">
        <ele>483.3</ele>
      </trkpt>
      <trkpt lat="37.168866" lon="-80.379658">
        <ele>484.5</ele>
      </trkpt>
      <trkpt lat="37.165639" lon="-80.381204">
        <ele>479.0</ele>
      </trkpt>
      <trkpt lat="37.164111" lon="-80.383995">
        <ele>507.9</ele>
      </trkpt>
      <trkpt lat="37.163344" lon="-80.386606">
        <ele>529.9</ele>
      </trkpt>
      <trkpt lat="37.160461" lon="-80.387225">
        <ele>529.9</ele>
      </trkpt>
      <trkpt lat="37.159327" lon="-80.384475">
        <ele>554.0</ele>
      </trkpt>
      <trkpt lat="37.156987" lon="-80.385711">
        <ele>562.5</ele>
      </trkpt>
      <trkpt lat="37.155699" lon="-80.389855">
        <ele>579.5</ele>
      </trkpt>
      <trkpt lat="37.152905" lon="-80.390901">
        <ele>586.8</ele>
      </trkpt>
      <trkpt lat="37.150667" lon="-80.394314">
        <ele>598.9</ele>
      </trkpt>
      <trkpt lat="37.149579" lon="-80.398619">
        <ele>630.8</ele>
      </trkpt>
      <trkpt lat="37.147603" lon="-80.400964">
        <ele>638.5</ele>
      </trkpt>
      <trkpt lat="37.146879" lon="-80.404713">
        <ele>632.5</ele>
      </trkpt>
      <trkpt lat="37.143768" lon="-80.405532">
        <ele>626.6</ele>
      </trkpt>
      <trkpt lat="37.141359" lon="-80.404755">
        <ele>616.6</ele>
      </trkpt>
      <trkpt lat="37.140777" lon="-80.407906">
        <ele>632.3</ele>
      </trkpt>
      <trkpt lat="37.13936" lon="-80.409821">
        <ele>641.9</ele>
      </trkpt>
      <trkpt lat="37.13757" lon="-80.408404">
        <ele>631.9</ele>
      </trkpt>
      <trkpt lat="37.1325" lon="-80.41253">
        <ele>627.3</ele>
      </trkpt>
      <trkpt lat="37.129599" lon="-80.41626">
        <ele>638.2</ele>
      </trkpt>
      <trkpt lat="37.125513" lon="-80.416351">
        <ele>643.9</ele>
      </trkpt>
      <trkpt lat="37.122359" lon="-80.420127">
        <ele>655.1</ele>
      </trkpt>
      <trkpt lat="37.119621" lon="-80.422023">
        <ele>665.0</ele>
      </trkpt>
      <trkpt lat="37.118602" lon="-80.421676">
        <ele>666.4</ele>
      </trkpt>
      <trkpt lat="37.118067" lon="-80.422353">
        <ele>669.2</ele>
      </trkpt>
      <trkpt lat="37.114527" lon="-80.441903">
        <ele>652.5</ele>
      </trkpt>
      <trkpt lat="37.114527" lon="-80.444923">
        <ele>662.8</ele>
      </trkpt>
      <trkpt lat="37.112698" lon="-80.45261">
        <ele>667.5</ele>
      </trkpt>
      <trkpt lat="37.113083" lon="-80.460126">
        <ele>659.3</ele>
      </trkpt>
      <trkpt lat="37.112032" lon="-80.463197">
        <ele>667.6</ele>
      </trkpt>
      <trkpt lat="37.110926" lon="-80.471403">
        <ele>648.9</ele>
      </trkpt>
      <trkpt lat="37.110238" lon="-80.473508">
        <ele>644.4</ele>
      </trkpt>
      <trkpt lat="37.10673" lon="-80.47984">
        <ele>636.1</ele>
      </trkpt>
      <trkpt lat="37.099462" lon="-80.490317">
        <ele>631.3</ele>
      </trkpt>
      <trkpt lat="37.096659" lon="-80.498087">
        <ele>614.0</ele>
      </trkpt>
      <trkpt lat="37.098074" lon="-80.501867">
        <ele>639.2</ele>
      </trkpt>
      <trkpt lat="37.100361" lon="-80.505067">
        <ele>635.2</ele>
      </trkpt>
      <trkpt lat="37.10109" lon="-80.50743">
        <ele>638.4</ele>
      </trkpt>
      <trkpt lat="37.100087" lon="-80.511759">
        <ele>646.5</ele>
      </trkpt>
      <trkpt lat="37.101392" lon="-80.515993">
        <ele>630.2</ele>
      </trkpt>
      <trkpt lat="37.099627" lon="-80.524383">
        <ele>637.2</ele>
      </trkpt>
      <trkpt lat="37.099077" lon="-80.535143">
        <ele>627.3</ele>
      </trkpt>
      <trkpt lat="37.099457" lon="-80.536523">
        <ele>617.1</ele>
      </trkpt>
      <trkpt lat="37.105197" lon="-80.534697">
        <ele>608.0</ele>
      </trkpt>
      <trkpt lat="37.108276" lon="-80.535011">
        <ele>607.5</ele>
      </trkpt>
      <trkpt lat="37.110873" lon="-80.531456">
        <ele>630.9</ele>
      </trkpt>
      <trkpt lat="37.112882" lon="-80.532464">
        <ele>622.1</ele>
      </trkpt>
      <trkpt lat="37.11464" lon="-80.536872">
        <ele>596.8</ele>
      </trkpt>
      <trkpt lat="37.117516" lon="-80.53816">
        <ele>563.0</ele>
      </trkpt>
      <trkpt lat="37.117607" lon="-80.544643">
        <ele>558.9</ele>
      </trkpt>
      <trkpt lat="37.118657" lon="-80.55093">
        <ele>563.8</ele>
      </trkpt>
      <trkpt lat="37.117722" lon="-80.55543">
        <ele>571.6</ele>
      </trkpt>
      <trkpt lat="37.117696" lon="-80.558124">
        <ele>584.6</ele>
      </trkpt>
      <trkpt lat="37.116339" lon="-80.562399">
        <ele>590.4</ele>
      </trkpt>
      <trkpt lat="37.131886" lon="-80.578498">
        <ele>559.2</ele>
      </trkpt>
      <trkpt lat="37.136311" lon="-80.57129">
        <ele>553.5</ele>
      </trkpt>
      <trkpt lat="37.140097" lon="-80.576203">
        <ele>551.6</ele>
      </trkpt>
      <trkpt lat="37.135919" lon="-80.582861">
        <ele>537.1</ele>
      </trkpt>
      <trkpt lat="37.134405" lon="-80.58407">
        <ele>524.4</ele>
      </trkpt>
      <trkpt lat="37.130774" lon="-80.590556">
        <ele>533.1</ele>
      </trkpt>
      <trkpt lat="37.12825" lon="-80.593571">
        <ele>531.9</ele>
      </trkpt>
      <trkpt lat="37.124589" lon="-80.596624">
        <ele>536.1</ele>
      </trkpt>
      <trkpt lat="37.120133" lon="-80.597635">
        <ele>532.8</ele>
      </trkpt>
      <trkpt lat="37.116106" lon="-80.597711">
        <ele>531.3</ele>
      </trkpt>
      <trkpt lat="37.110517" lon="-80.598673">
        <ele>531.7</ele>
      </trkpt>
      <trkpt lat="37.107954" lon="-80.601788">
        <ele>544.3</ele>
      </trkpt>
      <trkpt lat="37.107712" lon="-80.604012">
        <ele>552.0</ele>
      </trkpt>
      <trkpt lat="37.105035" lon="-80.605371">
        <ele>552.6</ele>
      </trkpt>
      <trkpt lat="37.102751" lon="-80.605043">
        <ele>561.2</ele>
      </trkpt>
      <trkpt lat="37.100928" lon="-80.603719">
        <ele>568.1</ele>
      </trkpt>
      <trkpt lat="37.098287" lon="-80.603043">
        <ele>578.3</ele>
      </trkpt>
      <trkpt lat="37.091927" lon="-80.603993">
        <ele>601.9</ele>
      </trkpt>
      <trkpt lat="37.090367" lon="-80.606733">
        <ele>605.6</ele>
      </trkpt>
      <trkpt lat="37.088807" lon="-80.607613">
        <ele>604.5</ele>
      </trkpt>
      <trkpt lat="37.088297" lon="-80.611023">
        <ele>598.7</ele>
      </trkpt>
      <trkpt lat="37.088677" lon="-80.613603">
        <ele>587.3</ele>
      </trkpt>
      <trkpt lat="37.088027" lon="-80.615403">
        <ele>599.0</ele>
      </trkpt>
      <trkpt lat="37.089117" lon="-80.618253">
        <ele>610.9</ele>
      </trkpt>
      <trkpt lat="37.088437" lon="-80.619473">
        <ele>616.7</ele>
      </trkpt>
      <trkpt lat="37.088227" lon="-80.622963">
        <ele>606.7</ele>
      </trkpt>
      <trkpt lat="37.089317" lon="-80.628473">
        <ele>598.0</ele>
      </trkpt>
      <trkpt lat="37.088837" lon="-80.629383">
        <ele>598.4</ele>
      </trkpt>
      <trkpt lat="37.089217" lon="-80.630353">
        <ele>597.2</ele>
      </trkpt>
      <trkpt lat="37.088837" lon="-80.631353">
        <ele>593.0</ele>
      </trkpt>
      <trkpt lat="37.088987" lon="-80.636463">
        <ele>579.0</ele>
      </trkpt>
      <trkpt lat="37.091287" lon="-80.640473">
        <ele>587.1</ele>
      </trkpt>
      <trkpt lat="37.091387" lon="-80.643303">
        <ele>589.1</ele>
      </trkpt>
      <trkpt lat="37.089817" lon="-80.646743">
        <ele>601.1</ele>
      </trkpt>
      <trkpt lat="37.089387" lon="-80.653723">
        <ele>620.8</ele>
      </trkpt>
      <trkpt lat="37.088337" lon="-80.659463">
        <ele>621.6</ele>
      </trkpt>
      <trkpt lat="37.085547" lon="-80.665843">
        <ele>634.2</ele>
      </trkpt>
      <trkpt lat="37.082547" lon="-80.668113">
        <ele>627.6</ele>
      </trkpt>
      <trkpt lat="37.080117" lon="-80.671473">
        <ele>632.1</ele>
      </trkpt>
      <trkpt lat="37.080627" lon="-80.683313">
        <ele>635.7</ele>
      </trkpt>
      <trkpt lat="37.078227" lon="-80.684013">
        <ele>639.5</ele>
      </trkpt>
      <trkpt lat="37.076967" lon="-80.685013">
        <ele>651.4</ele>
      </trkpt>
      <trkpt lat="37.071487" lon="-80.694856">
        <ele>642.7</ele>
      </trkpt>
      <trkpt lat="37.069317" lon="-80.697353">
        <ele>630.2</ele>
      </trkpt>
      <trkpt lat="37.068875" lon="-80.699194">
        <ele>622.4</ele>
      </trkpt>
      <trkpt lat="37.069162" lon="-80.700218">
        <ele>623.4</ele>
      </trkpt>
      <trkpt lat="37.065567" lon="-80.703843">
        <ele>592.5</ele>
      </trkpt>
      <trkpt lat="37.064617" lon="-80.704553">
        <ele>589.7</ele>
      </trkpt>
      <trkpt lat="37.059367" lon="-80.706013">
        <ele>581.3</ele>
      </trkpt>
      <trkpt lat="37.056737" lon="-80.710023">
        <ele>572.8</ele>
      </trkpt>
      <trkpt lat="37.053967" lon="-80.711653">
        <ele>573.6</ele>
      </trkpt>
      <trkpt lat="37.049797" lon="-80.711913">
        <ele>568.0</ele>
      </trkpt>
      <trkpt lat="37.047457" lon="-80.710893">
        <ele>580.3</ele>
      </trkpt>
      <trkpt lat="37.046048" lon="-80.711067">
        <ele>577.4</ele>
      </trkpt>
      <trkpt lat="37.044867" lon="-80.712193">
        <ele>575.9</ele>
      </trkpt>
      <trkpt lat="37.041427" lon="-80.718263">
        <ele>570.4</ele>
      </trkpt>
      <trkpt lat="37.037247" lon="-80.722963">
        <ele>580.8</ele>
      </trkpt>
      <trkpt lat="37.032357" lon="-80.725523">
        <ele>594.3</ele>
      </trkpt>
      <trkpt lat="37.029915" lon="-80.725048">
        <ele>598.8</ele>
      </trkpt>
      <trkpt lat="37.028079" lon="-80.725268">
        <ele>603.9</ele>
      </trkpt>
      <trkpt lat="37.023867" lon="-80.727121">
        <ele>621.8</ele>
      </trkpt>
      <trkpt lat="37.021537" lon="-80.729253">
        <ele>638.4</ele>
      </trkpt>
      <trkpt lat="37.016997" lon="-80.734833">
        <ele>663.4</ele>
      </trkpt>
      <trkpt lat="37.016147" lon="-80.735403">
        <ele>663.2</ele>
      </trkpt>
      <trkpt lat="37.014257" lon="-80.735583">
        <ele>660.1</ele>
      </trkpt>
      <trkpt lat="37.014127" lon="-80.737043">
        <ele>655.1</ele>
      </trkpt>
      <trkpt lat="37.012737" lon="-80.739043">
        <ele>645.0</ele>
      </trkpt>
      <trkpt lat="37.011297" lon="-80.742853">
        <ele>658.9</ele>
      </trkpt>
      <trkpt lat="37.009917" lon="-80.743813">
        <ele>650.5</ele>
      </trkpt>
      <trkpt lat="37.007897" lon="-80.743523">
        <ele>655.6</ele>
      </trkpt>
      <trkpt lat="37.005847" lon="-80.747443">
        <ele>655.5</ele>
      </trkpt>
      <trkpt lat="37.004286" lon="-80.746607">
        <ele>646.9</ele>
      </trkpt>
      <trkpt lat="37.000863" lon="-80.741966">
        <ele>622.9</ele>
      </trkpt>
      <trkpt lat="36.997731" lon="-80.743064">
        <ele>614.0</ele>
      </trkpt>
      <trkpt lat="36.994043" lon="-80.746369">
        <ele>599.0</ele>
      </trkpt>
      <trkpt lat="36.991983" lon="-80.748654">
        <ele>612.8</ele>
      </trkpt>
      <trkpt lat="36.989593" lon="-80.753823">
        <ele>609.3</ele>
      </trkpt>
      <trkpt lat="36.98832" lon="-80.757366">
        <ele>602.4</ele>
      </trkpt>
      <trkpt lat="36.987677" lon="-80.762792">
        <ele>614.4</ele>
      </trkpt>
      <trkpt lat="36.982766" lon="-80.772324">
        <ele>626.1</ele>
      </trkpt>
      <trkpt lat="36.981657" lon="-80.779742">
        <ele>633.1</ele>
      </trkpt>
      <trkpt lat="36.98045" lon="-80.782282">
        <ele>632.7</ele>
      </trkpt>
      <trkpt lat="36.977916" lon="-80.784644">
        <ele>632.5</ele>
      </trkpt>
      <trkpt lat="36.975827" lon="-80.789723">
        <ele>616.9</ele>
      </trkpt>
      <trkpt lat="36.974747" lon="-80.791013">
        <ele>623.0</ele>
      </trkpt>
      <trkpt lat="36.973327" lon="-80.795783">
        <ele>643.7</ele>
      </trkpt>
      <trkpt lat="36.973117" lon="-80.799293">
        <ele>639.1</ele>
      </trkpt>
      <trkpt lat="36.9706" lon="-80.809979">
        <ele>631.4</ele>
      </trkpt>
      <trkpt lat="36.97077" lon="-80.812836">
        <ele>625.0</ele>
      </trkpt>
      <trkpt lat="36.971585" lon="-80.816367">
        <ele>647.5</ele>
      </trkpt>
      <trkpt lat="36.972692" lon="-80.818125">
        <ele>656.7</ele>
      </trkpt>
      <trkpt lat="36.975091" lon="-80.819717">
        <ele>676.7</ele>
      </trkpt>
      <trkpt lat="36.975383" lon="-80.821617">
        <ele>693.4</ele>
      </trkpt>
      <trkpt lat="36.979677" lon="-80.827113">
        <ele>675.7</ele>
      </trkpt>
      <trkpt lat="36.982017" lon="-80.826553">
        <ele>662.9</ele>
      </trkpt>
      <trkpt lat="36.981547" lon="-80.828493">
        <ele>670.3</ele>
      </trkpt>
      <trkpt lat="36.982457" lon="-80.829443">
        <ele>671.1</ele>
      </trkpt>
      <trkpt lat="36.977317" lon="-80.839383">
        <ele>659.4</ele>
      </trkpt>
      <trkpt lat="36.974287" lon="-80.844143">
        <ele>664.9</ele>
      </trkpt>
      <trkpt lat="36.967247" lon="-80.850923">
        <ele>660.6</ele>
      </trkpt>
      <trkpt lat="36.965897" lon="-80.852783">
        <ele>661.8</ele>
      </trkpt>
      <trkpt lat="36.961697" lon="-80.856113">
        <ele>676.9</ele>
      </trkpt>
      <trkpt lat="36.958957" lon="-80.859703">
        <ele>673.3</ele>
      </trkpt>
      <trkpt lat="36.957687" lon="-80.862543">
        <ele>674.4</ele>
      </trkpt>
      <trkpt lat="36.955106" lon="-80.876266">
        <ele>669.0</ele>
      </trkpt>
      <trkpt lat="36.949397" lon="-80.892823">
        <ele>643.1</ele>
      </trkpt>
      <trkpt lat="36.950057" lon="-80.906143">
        <ele>618.9</ele>
      </trkpt>
      <trkpt lat="36.948647" lon="-80.918533">
        <ele>620.7</ele>
      </trkpt>
      <trkpt lat="36.949137" lon="-80.920343">
        <ele>638.6</ele>
      </trkpt>
      <trkpt lat="36.951267" lon="-80.923643">
        <ele>659.8</ele>
      </trkpt>
      <trkpt lat="36.951587" lon="-80.926213">
        <ele>652.5</ele>
      </trkpt>
      <trkpt lat="36.951137" lon="-80.928173">
        <ele>654.0</ele>
      </trkpt>
      <trkpt lat="36.947587" lon="-80.935453">
        <ele>618.1</ele>
      </trkpt>
      <trkpt lat="36.946507" lon="-80.946403">
        <ele>622.8</ele>
      </trkpt>
      <trkpt lat="36.946639" lon="-80.9496">
        <ele>628.6</ele>
      </trkpt>
      <trkpt lat="36.947108" lon="-80.949916">
        <ele>636.6</ele>
      </trkpt>
      <trkpt lat="36.948785" lon="-80.950328">
        <ele>654.9</ele>
      </trkpt>
      <trkpt lat="36.95085" lon="-80.949566">
        <ele>673.2</ele>
      </trkpt>
      <trkpt lat="36.952499" lon="-80.949612">
        <ele>677.9</ele>
      </trkpt>
      <trkpt lat="36.95658" lon="-80.95086">
        <ele>657.0</ele>
      </trkpt>
      <trkpt lat="36.958907" lon="-80.953123">
        <ele>634.2</ele>
      </trkpt>
      <trkpt lat="36.960719" lon="-80.953751">
        <ele>624.6</ele>
      </trkpt>
      <trkpt lat="36.962175" lon="-80.953425">
        <ele>620.5</ele>
      </trkpt>
      <trkpt lat="36.965365" lon="-80.951326">
        <ele>612.5</ele>
      </trkpt>
      <trkpt lat="36.969811" lon="-80.950181">
        <ele>617.4</ele>
      </trkpt>
      <trkpt lat="36.971707" lon="-80.950203">
        <ele>624.2</ele>
      </trkpt>
      <trkpt lat="36.971626" lon="-80.954114">
        <ele>618.2</ele>
      </trkpt>
      <trkpt lat="36.974622" lon="-80.958943">
        <ele>624.7</ele>
      </trkpt>
      <trkpt lat="36.977653" lon="-80.967814">
        <ele>627.0</ele>
      </trkpt>
      <trkpt lat="36.979468" lon="-80.970452">
        <ele>632.3</ele>
      </trkpt>
      <trkpt lat="36.979731" lon="-80.971973">
        <ele>638.2</ele>
      </trkpt>
      <trkpt lat="36.978734" lon="-80.980771">
        <ele>643.0</ele>
      </trkpt>
      <trkpt lat="36.981104" lon="-80.984588">
        <ele>661.5</ele>
      </trkpt>
      <trkpt lat="36.979215" lon="-80.988931">
        <ele>659.2</ele>
      </trkpt>
      <trkpt lat="36.97884" lon="-80.993146">
        <ele>628.8</ele>
      </trkpt>
      <trkpt lat="36.977214" lon="-80.995611">
        <ele>621.2</ele>
      </trkpt>
      <trkpt lat="36.97654" lon="-81.000398">
        <ele>644.4</ele>
      </trkpt>
      <trkpt lat="36.975502" lon="-81.00181">
        <ele>658.4</ele>
      </trkpt>
      <trkpt lat="36.974396" lon="-81.005718">
        <ele>663.5</ele>
      </trkpt>
      <trkpt lat="36.974718" lon="-81.008184">
        <ele>672.0</ele>
      </trkpt>
      <trkpt lat="36.977036" lon="-81.011283">
        <ele>683.3</ele>
      </trkpt>
      <trkpt lat="36.978348" lon="-81.019519">
        <ele>679.4</ele>
      </trkpt>
      <trkpt lat="36.97879" lon="-81.027161">
        <ele>695.5</ele>
      </trkpt>
      <trkpt lat="36.97521" lon="-81.042043">
        <ele>707.5</ele>
      </trkpt>
      <trkpt lat="36.9746" lon="-81.048078">
        <ele>708.2</ele>
      </trkpt>
      <trkpt lat="36.972288" lon="-81.056784">
        <ele>703.8</ele>
      </trkpt>
      <trkpt lat="36.970847" lon="-81.059793">
        <ele>710.3</ele>
      </trkpt>
      <trkpt lat="36.968059" lon="-81.062271">
        <ele>728.6</ele>
      </trkpt>
      <trkpt lat="36.967657" lon="-81.064523">
        <ele>734.0</ele>
      </trkpt>
      <trkpt lat="36.964957" lon="-81.071363">
        <ele>733.6</ele>
      </trkpt>
      <trkpt lat="36.960694" lon="-81.075679">
        <ele>742.7</ele>
      </trkpt>
      <trkpt lat="36.954833" lon="-81.07861">
        <ele>721.0</ele>
      </trkpt>
      <trkpt lat="36.949247" lon="-81.085965">
        <ele>700.4</ele>
      </trkpt>
      <trkpt lat="36.948581" lon="-81.085166">
        <ele>698.2</ele>
      </trkpt>
      <trkpt lat="36.945584" lon="-81.089109">
        <ele>711.3</ele>
      </trkpt>
      <trkpt lat="36.947689" lon="-81.094102">
        <ele>730.8</ele>
      </trkpt>
      <trkpt lat="36.942667" lon="-81.116709">
        <ele>729.3</ele>
      </trkpt>
      <trkpt lat="36.942487" lon="-81.125183">
        <ele>702.7</ele>
      </trkpt>
      <trkpt lat="36.941582" lon="-81.129964">
        <ele>682.8</ele>
      </trkpt>
      <trkpt lat="36.943363" lon="-81.142487">
        <ele>693.8</ele>
      </trkpt>
      <trkpt lat="36.941639" lon="-81.148125">
        <ele>707.8</ele>
      </trkpt>
      <trkpt lat="36.938856" lon="-81.152493">
        <ele>711.5</ele>
      </trkpt>
      <trkpt lat="36.934014" lon="-81.165193">
        <ele>733.4</ele>
      </trkpt>
      <trkpt lat="36.931147" lon="-81.178803">
        <ele>725.5</ele>
      </trkpt>
      <trkpt lat="36.928167" lon="-81.189723">
        <ele>722.9</ele>
      </trkpt>
      <trkpt lat="36.920987" lon="-81.223343">
        <ele>738.4</ele>
      </trkpt>
      <trkpt lat="36.917211" lon="-81.234796">
        <ele>738.4</ele>
      </trkpt>
      <trkpt lat="36.91464" lon="-81.257798">
        <ele>758.2</ele>
      </trkpt>
      <trkpt lat="36.911173" lon="-81.266527">
        <ele>770.4</ele>
      </trkpt>
      <trkpt lat="36.909937" lon="-81.273623">
        <ele>751.8</ele>
      </trkpt>
      <trkpt lat="36.906273" lon="-81.271721">
        <ele>766.7</ele>
      </trkpt>
      <trkpt lat="36.905134" lon="-81.27158">
        <ele>778.9</ele>
      </trkpt>
      <trkpt lat="36.898647" lon="-81.275644">
        <ele>773.1</ele>
      </trkpt>
      <trkpt lat="36.895757" lon="-81.275267">
        <ele>775.1</ele>
      </trkpt>
      <trkpt lat="36.894659" lon="-81.275855">
        <ele>772.8</ele>
      </trkpt>
      <trkpt lat="36.891485" lon="-81.275819">
        <ele>773.8</ele>
      </trkpt>
      <trkpt lat="36.890045" lon="-81.276397">
        <ele>782.8</ele>
      </trkpt>
      <trkpt lat="36.886305" lon="-81.274227">
        <ele>801.8</ele>
      </trkpt>
      <trkpt lat="36.883578" lon="-81.274336">
        <ele>784.7</ele>
      </trkpt>
      <trkpt lat="36.879953" lon="-81.273047">
        <ele>765.3</ele>
      </trkpt>
      <trkpt lat="36.873443" lon="-81.271944">
        <ele>759.6</ele>
      </trkpt>
      <trkpt lat="36.871164" lon="-81.272259">
        <ele>756.7</ele>
      </trkpt>
      <trkpt lat="36.866912" lon="-81.271105">
        <ele>757.6</ele>
      </trkpt>
      <trkpt lat="36.863144" lon="-81.272407">
        <ele>758.6</ele>
      </trkpt>
      <trkpt lat="36.857385" lon="-81.276149">
        <ele>765.2</ele>
      </trkpt>
      <trkpt lat="36.853327" lon="-81.276624">
        <ele>767.3</ele>
      </trkpt>
      <trkpt lat="36.849083" lon="-81.281265">
        <ele>776.4</ele>
      </trkpt>
      <trkpt lat="36.842517" lon="-81.283984">
        <ele>788.1</ele>
      </trkpt>
      <trkpt lat="36.840524" lon="-81.286631">
        <ele>794.4</ele>
      </trkpt>
      <trkpt lat="36.832789" lon="-81.291815">
        <ele>770.4</ele>
      </trkpt>
      <trkpt lat="36.831178" lon="-81.292242">
        <ele>769.7</ele>
      </trkpt>
      <trkpt lat="36.82831" lon="-81.290775">
        <ele>764.5</ele>
      </trkpt>
      <trkpt lat="36.827224" lon="-81.294193">
        <ele>766.2</ele>
      </trkpt>
      <trkpt lat="36.824227" lon="-81.299393">
        <ele>775.5</ele>
      </trkpt>
      <trkpt lat="36.821207" lon="-81.301054">
        <ele>789.3</ele>
      </trkpt>
      <trkpt lat="36.819612" lon="-81.303224">
        <ele>789.4</ele>
      </trkpt>
      <trkpt lat="36.814638" lon="-81.317445">
        <ele>801.7</ele>
      </trkpt>
      <trkpt lat="36.811105" lon="-81.321799">
        <ele>800.2</ele>
      </trkpt>
      <trkpt lat="36.81006" lon="-81.321743">
        <ele>797.3</ele>
      </trkpt>
      <trkpt lat="36.808407" lon="-81.320644">
        <ele>790.5</ele>
      </trkpt>
      <trkpt lat="36.806457" lon="-81.320503">
        <ele>783.8</ele>
      </trkpt>
      <trkpt lat="36.805348" lon="-81.321363">
        <ele>776.2</ele>
      </trkpt>
      <trkpt lat="36.802556" lon="-81.333365">
        <ele>811.4</ele>
      </trkpt>
      <trkpt lat="36.800605" lon="-81.336734">
        <ele>801.1</ele>
      </trkpt>
      <trkpt lat="36.799277" lon="-81.345014">
        <ele>803.3</ele>
      </trkpt>
      <trkpt lat="36.795498" lon="-81.345324">
        <ele>794.3</ele>
      </trkpt>
      <trkpt lat="36.794223" lon="-81.345978">
        <ele>793.8</ele>
      </trkpt>
      <trkpt lat="36.794977" lon="-81.349853">
        <ele>797.2</ele>
      </trkpt>
      <trkpt lat="36.79373" lon="-81.356778">
        <ele>803.5</ele>
      </trkpt>
      <trkpt lat="36.791723" lon="-81.363227">
        <ele>816.4</ele>
      </trkpt>
      <trkpt lat="36.792372" lon="-81.365744">
        <ele>822.9</ele>
      </trkpt>
      <trkpt lat="36.795017" lon="-81.369784">
        <ele>846.0</ele>
      </trkpt>
      <trkpt lat="36.795317" lon="-81.371913">
        <ele>849.0</ele>
      </trkpt>
      <trkpt lat="36.786465" lon="-81.393753">
        <ele>818.1</ele>
      </trkpt>
      <trkpt lat="36.784707" lon="-81.396183">
        <ele>818.2</ele>
      </trkpt>
      <trkpt lat="36.783872" lon="-81.399965">
        <ele>812.6</ele>
      </trkpt>
      <trkpt lat="36.782796" lon="-81.400153">
        <ele>810.0</ele>
      </trkpt>
      <trkpt lat="36.781677" lon="-81.403193">
        <ele>804.7</ele>
      </trkpt>
      <trkpt lat="36.779761" lon="-81.404524">
        <ele>801.0</ele>
      </trkpt>
      <trkpt lat="36.777926" lon="-81.409033">
        <ele>792.9</ele>
      </trkpt>
      <trkpt lat="36.775542" lon="-81.412585">
        <ele>787.9</ele>
      </trkpt>
      <trkpt lat="36.760279" lon="-81.423168">
        <ele>806.7</ele>
      </trkpt>
      <trkpt lat="36.758753" lon="-81.423003">
        <ele>808.8</ele>
      </trkpt>
      <trkpt lat="36.756366" lon="-81.421806">
        <ele>813.9</ele>
      </trkpt>
      <trkpt lat="36.754984" lon="-81.423694">
        <ele>818.3</ele>
      </trkpt>
      <trkpt lat="36.749196" lon="-81.424138">
        <ele>832.8</ele>
      </trkpt>
      <trkpt lat="36.744398" lon="-81.423341">
        <ele>847.9</ele>
      </trkpt>
      <trkpt lat="36.7421" lon="-81.424414">
        <ele>850.6</ele>
      </trkpt>
      <trkpt lat="36.740218" lon="-81.428106">
        <ele>869.4</ele>
      </trkpt>
      <trkpt lat="36.737856" lon="-81.430072">
        <ele>882.5</ele>
      </trkpt>
      <trkpt lat="36.736381" lon="-81.433753">
        <ele>885.7</ele>
      </trkpt>
      <trkpt lat="36.735087" lon="-81.43547">
        <ele>888.0</ele>
      </trkpt>
      <trkpt lat="36.733739" lon="-81.436656">
        <ele>895.3</ele>
      </trkpt>
      <trkpt lat="36.730191" lon="-81.438143">
        <ele>908.7</ele>
      </trkpt>
      <trkpt lat="36.729367" lon="-81.438933">
        <ele>916.1</ele>
      </trkpt>
      <trkpt lat="36.727279" lon="-81.445781">
        <ele>930.6</ele>
      </trkpt>
      <trkpt lat="36.725552" lon="-81.449352">
        <ele>947.9</ele>
      </trkpt>
      <trkpt lat="36.724702" lon="-81.453261">
        <ele>961.7</ele>
      </trkpt>
      <trkpt lat="36.722978" lon="-81.455215">
        <ele>967.6</ele>
      </trkpt>
      <trkpt lat="36.720634" lon="-81.4605">
        <ele>998.8</ele>
      </trkpt>
      <trkpt lat="36.718302" lon="-81.463186">
        <ele>1015.2</ele>
      </trkpt>
      <trkpt lat="36.717771" lon="-81.466032">
        <ele>1027.1</ele>
      </trkpt>
      <trkpt lat="36.715741" lon="-81.468811">
        <ele>1039.8</ele>
      </trkpt>
      <trkpt lat="36.7151" lon="-81.468284">
        <ele>1047.3</ele>
      </trkpt>
      <trkpt lat="36.713038" lon="-81.458479">
        <ele>1018.4</ele>
      </trkpt>
      <trkpt lat="36.712782" lon="-81.455197">
        <ele>995.5</ele>
      </trkpt>
      <trkpt lat="36.711889" lon="-81.454839">
        <ele>985.1</ele>
      </trkpt>
      <trkpt lat="36.709514" lon="-81.455772">
        <ele>967.3</ele>
      </trkpt>
      <trkpt lat="36.708748" lon="-81.455503">
        <ele>963.5</ele>
      </trkpt>
      <trkpt lat="36.707419" lon="-81.450362">
        <ele>945.9</ele>
      </trkpt>
      <trkpt lat="36.704235" lon="-81.444981">
        <ele>942.8</ele>
      </trkpt>
      <trkpt lat="36.702102" lon="-81.444304">
        <ele>929.8</ele>
      </trkpt>
      <trkpt lat="36.699191" lon="-81.445514">
        <ele>932.8</ele>
      </trkpt>
      <trkpt lat="36.698974" lon="-81.446688">
        <ele>933.8</ele>
      </trkpt>
      <trkpt lat="36.700023" lon="-81.447635">
        <ele>941.3</ele>
      </trkpt>
      <trkpt lat="36.700214" lon="-81.44852">
        <ele>941.9</ele>
      </trkpt>
      <trkpt lat="36.699631" lon="-81.451745">
        <ele>948.8</ele>
      </trkpt>
      <trkpt lat="36.700787" lon="-81.453944">
        <ele>947.9</ele>
      </trkpt>
      <trkpt lat="36.699899" lon="-81.455736">
        <ele>955.2</ele>
      </trkpt>
      <trkpt lat="36.698922" lon="-81.460177">
        <ele>967.0</ele>
      </trkpt>
      <trkpt lat="36.698607" lon="-81.464234">
        <ele>970.9</ele>
      </trkpt>
      <trkpt lat="36.696552" lon="-81.466992">
        <ele>983.1</ele>
      </trkpt>
      <trkpt lat="36.696035" lon="-81.468979">
        <ele>991.9</ele>
      </trkpt>
      <trkpt lat="36.696527" lon="-81.473233">
        <ele>1005.3</ele>
      </trkpt>
      <trkpt lat="36.69852" lon="-81.481429">
        <ele>1017.1</ele>
      </trkpt>
      <trkpt lat="36.699756" lon="-81.483602">
        <ele>1017.5</ele>
      </trkpt>
      <trkpt lat="36.700628" lon="-81.486925">
        <ele>1021.5</ele>
      </trkpt>
      <trkpt lat="36.698492" lon="-81.493515">
        <ele>1032.9</ele>
      </trkpt>
      <trkpt lat="36.698747" lon="-81.499834">
        <ele>1043.4</ele>
      </trkpt>
      <trkpt lat="36.698047" lon="-81.503003">
        <ele>1047.0</ele>
      </trkpt>
      <trkpt lat="36.696101" lon="-81.507745">
        <ele>1057.4</ele>
      </trkpt>
      <trkpt lat="36.696395" lon="-81.509807">
        <ele>1061.6</ele>
      </trkpt>
      <trkpt lat="36.694908" lon="-81.513968">
        <ele>1074.1</ele>
      </trkpt>
      <trkpt lat="36.692532" lon="-81.517389">
        <ele>1091.1</ele>
      </trkpt>
      <trkpt lat="36.692009" lon="-81.52074">
        <ele>1104.7</ele>
      </trkpt>
      <trkpt lat="36.692389" lon="-81.523318">
        <ele>1114.8</ele>
      </trkpt>
      <trkpt lat="36.689583" lon="-81.529817">
        <ele>1139.1</ele>
      </trkpt>
      <trkpt lat="36.688337" lon="-81.540121">
        <ele>1122.5</ele>
      </trkpt>
      <trkpt lat="36.688995" lon="-81.543067">
        <ele>1115.9</ele>
      </trkpt>
      <trkpt lat="36.687075" lon="-81.545764">
        <ele>1107.1</ele>
      </trkpt>
      <trkpt lat="36.686115" lon="-81.546138">
        <ele>1100.5</ele>
      </trkpt>
      <trkpt lat="36.684686" lon="-81.550317">
        <ele>1093.0</ele>
      </trkpt>
      <trkpt lat="36.685803" lon="-81.553887">
        <ele>1074.7</ele>
      </trkpt>
      <trkpt lat="36.685217" lon="-81.557653">
        <ele>1061.9</ele>
      </trkpt>
      <trkpt lat="36.683672" lon="-81.559268">
        <ele>1054.2</ele>
      </trkpt>
      <trkpt lat="36.683068" lon="-81.562707">
        <ele>1040.7</ele>
      </trkpt>
      <trkpt lat="36.682075" lon="-81.564202">
        <ele>1037.6</ele>
      </trkpt>
      <trkpt lat="36.682015" lon="-81.565752">
        <ele>1029.0</ele>
      </trkpt>
      <trkpt lat="36.680402" lon="-81.569183">
        <ele>1010.7</ele>
      </trkpt>
      <trkpt lat="36.680717" lon="-81.572751">
        <ele>1002.7</ele>
      </trkpt>
      <trkpt lat="36.678952" lon="-81.575881">
        <ele>988.4</ele>
      </trkpt>
      <trkpt lat="36.678117" lon="-81.580959">
        <ele>976.4</ele>
      </trkpt>
      <trkpt lat="36.678303" lon="-81.584207">
        <ele>971.8</ele>
      </trkpt>
      <trkpt lat="36.676662" lon="-81.588331">
        <ele>959.0</ele>
      </trkpt>
      <trkpt lat="36.675378" lon="-81.600251">
        <ele>940.2</ele>
      </trkpt>
      <trkpt lat="36.675393" lon="-81.604519">
        <ele>933.9</ele>
      </trkpt>
      <trkpt lat="36.673941" lon="-81.611405">
        <ele>926.9</ele>
      </trkpt>
      <trkpt lat="36.673126" lon="-81.611264">
        <ele>923.9</ele>
      </trkpt>
      <trkpt lat="36.671876" lon="-81.612523">
        <ele>918.9</ele>
      </trkpt>
      <trkpt lat="36.669501" lon="-81.619105">
        <ele>908.9</ele>
      </trkpt>
      <trkpt lat="36.669668" lon="-81.623262">
        <ele>907.5</ele>
      </trkpt>
      <trkpt lat="36.671619" lon="-81.626129">
        <ele>908.4</ele>
      </trkpt>
      <trkpt lat="36.671967" lon="-81.627934">
        <ele>907.9</ele>
      </trkpt>
      <trkpt lat="36.669302" lon="-81.631561">
        <ele>900.8</ele>
      </trkpt>
      <trkpt lat="36.668632" lon="-81.63387">
        <ele>900.3</ele>
      </trkpt>
      <trkpt lat="36.666396" lon="-81.636575">
        <ele>890.0</ele>
      </trkpt>
      <trkpt lat="36.664744" lon="-81.644691">
        <ele>885.9</ele>
      </trkpt>
      <trkpt lat="36.661791" lon="-81.648084">
        <ele>881.8</ele>
      </trkpt>
      <trkpt lat="36.658839" lon="-81.661167">
        <ele>878.8</ele>
      </trkpt>
      <trkpt lat="36.656363" lon="-81.663478">
        <ele>868.6</ele>
      </trkpt>
      <trkpt lat="36.654367" lon="-81.666443">
        <ele>876.4</ele>
      </trkpt>
      <trkpt lat="36.654979" lon="-81.667054">
        <ele>868.7</ele>
      </trkpt>
      <trkpt lat="36.655552" lon="-81.670553">
        <ele>873.0</ele>
      </trkpt>
      <trkpt lat="36.656296" lon="-81.671016">
        <ele>883.7</ele>
      </trkpt>
      <trkpt lat="36.656498" lon="-81.672344">
        <ele>881.1</ele>
      </trkpt>
      <trkpt lat="36.655426" lon="-81.675979">
        <ele>887.1</ele>
      </trkpt>
      <trkpt lat="36.656588" lon="-81.67664">
        <ele>892.9</ele>
      </trkpt>
      <trkpt lat="36.654988" lon="-81.678093">
        <ele>894.4</ele>
      </trkpt>
      <trkpt lat="36.655054" lon="-81.678878">
        <ele>895.8</ele>
      </trkpt>
      <trkpt lat="36.655874" lon="-81.679037">
        <ele>906.0</ele>
      </trkpt>
      <trkpt lat="36.655706" lon="-81.679897">
        <ele>904.6</ele>
      </trkpt>
      <trkpt lat="36.656146" lon="-81.680454">
        <ele>906.1</ele>
      </trkpt>
      <trkpt lat="36.655008" lon="-81.680522">
        <ele>909.1</ele>
      </trkpt>
      <trkpt lat="36.655207" lon="-81.682299">
        <ele>911.5</ele>
      </trkpt>
      <trkpt lat="36.654604" lon="-81.682372">
        <ele>916.4</ele>
      </trkpt>
      <trkpt lat="36.653991" lon="-81.683549">
        <ele>917.8</ele>
      </trkpt>
      <trkpt lat="36.654122" lon="-81.684246">
        <ele>916.9</ele>
      </trkpt>
      <trkpt lat="36.655435" lon="-81.685148">
        <ele>917.7</ele>
      </trkpt>
      <trkpt lat="36.65427" lon="-81.686994">
        <ele>929.6</ele>
      </trkpt>
      <trkpt lat="36.654474" lon="-81.688662">
        <ele>922.6</ele>
      </trkpt>
      <trkpt lat="36.652822" lon="-81.700044">
        <ele>894.3</ele>
      </trkpt>
      <trkpt lat="36.651559" lon="-81.701209">
        <ele>893.4</ele>
      </trkpt>
      <trkpt lat="36.651511" lon="-81.70267">
        <ele>890.8</ele>
      </trkpt>
      <trkpt lat="36.65019" lon="-81.702884">
        <ele>893.8</ele>
      </trkpt>
      <trkpt lat="36.650274" lon="-81.70487">
        <ele>883.9</ele>
      </trkpt>
      <trkpt lat="36.649326" lon="-81.707386">
        <ele>875.4</ele>
      </trkpt>
      <trkpt lat="36.648159" lon="-81.707033">
        <ele>874.9</ele>
      </trkpt>
      <trkpt lat="36.64672" lon="-81.707611">
        <ele>872.6</ele>
      </trkpt>
      <trkpt lat="36.646122" lon="-81.709661">
        <ele>867.0</ele>
      </trkpt>
      <trkpt lat="36.645009" lon="-81.709882">
        <ele>863.5</ele>
      </trkpt>
      <trkpt lat="36.64347" lon="-81.711156">
        <ele>857.0</ele>
      </trkpt>
      <trkpt lat="36.64172" lon="-81.714067">
        <ele>834.8</ele>
      </trkpt>
      <trkpt lat="36.642368" lon="-81.715914">
        <ele>811.8</ele>
      </trkpt>
      <trkpt lat="36.643095" lon="-81.71612">
        <ele>810.6</ele>
      </trkpt>
      <trkpt lat="36.644367" lon="-81.715399">
        <ele>807.7</ele>
      </trkpt>
      <trkpt lat="36.646123" lon="-81.718001">
        <ele>775.2</ele>
      </trkpt>
      <trkpt lat="36.644832" lon="-81.721011">
        <ele>753.4</ele>
      </trkpt>
      <trkpt lat="36.646642" lon="-81.723893">
        <ele>732.4</ele>
      </trkpt>
      <trkpt lat="36.646432" lon="-81.725139">
        <ele>727.7</ele>
      </trkpt>
      <trkpt lat="36.646943" lon="-81.727186">
        <ele>723.6</ele>
      </trkpt>
      <trkpt lat="36.646032" lon="-81.729354">
        <ele>714.8</ele>
      </trkpt>
      <trkpt lat="36.645832" lon="-81.731621">
        <ele>705.3</ele>
      </trkpt>
      <trkpt lat="36.644493" lon="-81.732411">
        <ele>700.3</ele>
      </trkpt>
      <trkpt lat="36.645893" lon="-81.73464">
        <ele>688.3</ele>
      </trkpt>
      <trkpt lat="36.644376" lon="-81.738753">
        <ele>671.9</ele>
      </trkpt>
      <trkpt lat="36.644313" lon="-81.741885">
        <ele>677.7</ele>
      </trkpt>
      <trkpt lat="36.643098" lon="-81.743252">
        <ele>674.7</ele>
      </trkpt>
      <trkpt lat="36.640901" lon="-81.744343">
        <ele>672.2</ele>
      </trkpt>
      <trkpt lat="36.6398" lon="-81.745974">
        <ele>668.9</ele>
      </trkpt>
      <trkpt lat="36.636984" lon="-81.746756">
        <ele>675.4</ele>
      </trkpt>
      <trkpt lat="36.636486" lon="-81.7481">
        <ele>665.5</ele>
      </trkpt>
      <trkpt lat="36.63719" lon="-81.751364">
        <ele>651.9</ele>
      </trkpt>
      <trkpt lat="36.635876" lon="-81.753014">
        <ele>642.9</ele>
      </trkpt>
      <trkpt lat="36.632956" lon="-81.754358">
        <ele>641.6</ele>
      </trkpt>
      <trkpt lat="36.630313" lon="-81.7522">
        <ele>633.9</ele>
      </trkpt>
      <trkpt lat="36.629528" lon="-81.753053">
        <ele>634.4</ele>
      </trkpt>
      <trkpt lat="36.631059" lon="-81.754166">
        <ele>636.3</ele>
      </trkpt>
      <trkpt lat="36.630998" lon="-81.755254">
        <ele>635.5</ele>
      </trkpt>
      <trkpt lat="36.628236" lon="-81.756908">
        <ele>622.0</ele>
      </trkpt>
      <trkpt lat="36.625826" lon="-81.755919">
        <ele>622.7</ele>
      </trkpt>
      <trkpt lat="36.6246" lon="-81.761467">
        <ele>620.7</ele>
      </trkpt>
      <trkpt lat="36.626304" lon="-81.767157">
        <ele>619.9</ele>
      </trkpt>
      <trkpt lat="36.625959" lon="-81.770769">
        <ele>614.3</ele>
      </trkpt>
      <trkpt lat="36.626508" lon="-81.773264">
        <ele>605.3</ele>
      </trkpt>
      <trkpt lat="36.627315" lon="-81.775396">
        <ele>606.3</ele>
      </trkpt>
      <trkpt lat="36.629439" lon="-81.777756">
        <ele>600.0</ele>
      </trkpt>
      <trkpt lat="36.630544" lon="-81.783011">
        <ele>595.9</ele>
      </trkpt>
      <trkpt lat="36.636688" lon="-81.784132">
        <ele>606.2</ele>
      </trkpt>
      <trkpt lat="36.637139" lon="-81.786031">
        <ele>603.3</ele>
      </trkpt>
      <trkpt lat="36.636993" lon="-81.788814">
        <ele>599.6</ele>
      </trkpt>
      <trkpt lat="36.63777" lon="-81.791058">
        <ele>609.9</ele>
      </trkpt>
      <trkpt lat="36.638744" lon="-81.791173">
        <ele>601.2</ele>
      </trkpt>
      <trkpt lat="36.642356" lon="-81.79">
        <ele>595.1</ele>
      </trkpt>
      <trkpt lat="36.646807" lon="-81.784444">
        <ele>605.8</ele>
      </trkpt>
      <trkpt lat="36.647937" lon="-81.784184">
        <ele>615.7</ele>
      </trkpt>
      <trkpt lat="36.648577" lon="-81.784754">
        <ele>620.0</ele>
      </trkpt>
      <trkpt lat="36.649576" lon="-81.787727">
        <ele>609.0</ele>
      </trkpt>
      <trkpt lat="36.652029" lon="-81.790414">
        <ele>613.9</ele>
      </trkpt>
      <trkpt lat="36.654032" lon="-81.791411">
        <ele>610.8</ele>
      </trkpt>
      <trkpt lat="36.655927" lon="-81.796464">
        <ele>585.2</ele>
      </trkpt>
      <trkpt lat="36.655997" lon="-81.799172">
        <ele>575.9</ele>
      </trkpt>
      <trkpt lat="36.657013" lon="-81.802733">
        <ele>567.5</ele>
      </trkpt>
      <trkpt lat="36.658008" lon="-81.804729">
        <ele>566.0</ele>
      </trkpt>
      <trkpt lat="36.660227" lon="-81.806124">
        <ele>566.7</ele>
      </trkpt>
      <trkpt lat="36.662547" lon="-81.806544">
        <ele>567.5</ele>
      </trkpt>
      <trkpt lat="36.664217" lon="-81.805814">
        <ele>571.6</ele>
      </trkpt>
      <trkpt lat="36.667546" lon="-81.803154">
        <ele>571.3</ele>
      </trkpt>
      <trkpt lat="36.669994" lon="-81.802955">
        <ele>586.6</ele>
      </trkpt>
      <trkpt lat="36.671628" lon="-81.804135">
        <ele>590.7</ele>
      </trkpt>
      <trkpt lat="36.673763" lon="-81.807214">
        <ele>595.8</ele>
      </trkpt>
      <trkpt lat="36.676398" lon="-81.809162">
        <ele>601.6</ele>
      </trkpt>
      <trkpt lat="36.680528" lon="-81.81433">
        <ele>629.8</ele>
      </trkpt>
      <trkpt lat="36.682419" lon="-81.814987">
        <ele>630.3</ele>
      </trkpt>
      <trkpt lat="36.683917" lon="-81.814936">
        <ele>626.4</ele>
      </trkpt>
      <trkpt lat="36.685068" lon="-81.814089">
        <ele>620.8</ele>
      </trkpt>
      <trkpt lat="36.689057" lon="-81.807785">
        <ele>628.8</ele>
      </trkpt>
      <trkpt lat="36.693842" lon="-81.802462">
        <ele>639.3</ele>
      </trkpt>
      <trkpt lat="36.700644" lon="-81.808903">
        <ele>635.6</ele>
      </trkpt>
      <trkpt lat="36.699338" lon="-81.813012">
        <ele>626.4</ele>
      </trkpt>
      <trkpt lat="36.701123" lon="-81.816016">
        <ele>613.2</ele>
      </trkpt>
      <trkpt lat="36.704384" lon="-81.816379">
        <ele>601.4</ele>
      </trkpt>
      <trkpt lat="36.706147" lon="-81.817092">
        <ele>594.3</ele>
      </trkpt>
      <trkpt lat="36.711226" lon="-81.816703">
        <ele>563.2</ele>
      </trkpt>
      <trkpt lat="36.713192" lon="-81.817821">
        <ele>565.4</ele>
      </trkpt>
      <trkpt lat="36.714731" lon="-81.820244">
        <ele>565.7</ele>
      </trkpt>
      <trkpt lat="36.714746" lon="-81.829813">
        <ele>562.8</ele>
      </trkpt>
      <trkpt lat="36.715578" lon="-81.830574">
        <ele>562.9</ele>
      </trkpt>
      <trkpt lat="36.715998" lon="-81.831851">
        <ele>568.4</ele>
      </trkpt>
      <trkpt lat="36.716806" lon="-81.831988">
        <ele>574.0</ele>
      </trkpt>
      <trkpt lat="36.720977" lon="-81.829641">
        <ele>583.8</ele>
      </trkpt>
      <trkpt lat="36.721621" lon="-81.830937">
        <ele>591.5</ele>
      </trkpt>
      <trkpt lat="36.72477" lon="-81.832083">
        <ele>589.7</ele>
      </trkpt>
      <trkpt lat="36.726352" lon="-81.836768">
        <ele>598.1</ele>
      </trkpt>
      <trkpt lat="36.727896" lon="-81.839116">
        <ele>600.9</ele>
      </trkpt>
      <trkpt lat="36.7299" lon="-81.839575">
        <ele>596.9</ele>
      </trkpt>
      <trkpt lat="36.732836" lon="-81.841887">
        <ele>601.1</ele>
      </trkpt>
      <trkpt lat="36.736816" lon="-81.842814">
        <ele>604.9</ele>
      </trkpt>
      <trkpt lat="36.741526" lon="-81.84635">
        <ele>612.6</ele>
      </trkpt>
      <trkpt lat="36.741183" lon="-81.849366">
        <ele>614.0</ele>
      </trkpt>
      <trkpt lat="36.741998" lon="-81.850286">
        <ele>617.1</ele>
      </trkpt>
      <trkpt lat="36.743001" lon="-81.850373">
        <ele>620.1</ele>
      </trkpt>
      <trkpt lat="36.744842" lon="-81.85253">
        <ele>611.4</ele>
      </trkpt>
      <trkpt lat="36.745054" lon="-81.855638">
        <ele>618.4</ele>
      </trkpt>
      <trkpt lat="36.746586" lon="-81.855361">
        <ele>618.2</ele>
      </trkpt>
      <trkpt lat="36.750001" lon="-81.857371">
        <ele>623.5</ele>
      </trkpt>
      <trkpt lat="36.759177" lon="-81.856894">
        <ele>656.7</ele>
      </trkpt>
      <trkpt lat="36.761413" lon="-81.859369">
        <ele>649.8</ele>
      </trkpt>
      <trkpt lat="36.760283" lon="-81.86319">
        <ele>643.5</ele>
      </trkpt>
      <trkpt lat="36.763033" lon="-81.864221">
        <ele>653.0</ele>
      </trkpt>
      <trkpt lat="36.764925" lon="-81.862124">
        <ele>657.7</ele>
      </trkpt>
      <trkpt lat="36.766947" lon="-81.863794">
        <ele>663.8</ele>
      </trkpt>
      <trkpt lat="36.77079" lon="-81.865471">
        <ele>664.6</ele>
      </trkpt>
      <trkpt lat="36.772464" lon="-81.868684">
        <ele>655.1</ele>
      </trkpt>
      <trkpt lat="36.771197" lon="-81.872856">
        <ele>641.7</ele>
      </trkpt>
      <trkpt lat="36.771666" lon="-81.874649">
        <ele>636.5</ele>
      </trkpt>
      <trkpt lat="36.773543" lon="-81.875975">
        <ele>637.1</ele>
      </trkpt>
      <trkpt lat="36.77542" lon="-81.876021">
        <ele>634.5</ele>
      </trkpt>
      <trkpt lat="36.776248" lon="-81.877506">
        <ele>637.0</ele>
      </trkpt>
      <trkpt lat="36.776476" lon="-81.880387">
        <ele>627.2</ele>
      </trkpt>
      <trkpt lat="36.777535" lon="-81.88119">
        <ele>632.4</ele>
      </trkpt>
      <trkpt lat="36.781516" lon="-81.881803">
        <ele>625.2</ele>
      </trkpt>
      <trkpt lat="36.783512" lon="-81.880129">
        <ele>624.8</ele>
      </trkpt>
      <trkpt lat="36.786377" lon="-81.876204">
        <ele>620.0</ele>
      </trkpt>
      <trkpt lat="36.787986" lon="-81.877006">
        <ele>615.5</ele>
      </trkpt>
      <trkpt lat="36.788383" lon="-81.87822">
        <ele>612.5</ele>
      </trkpt>
      <trkpt lat="36.792663" lon="-81.882065">
        <ele>599.1</ele>
      </trkpt>
      <trkpt lat="36.793419" lon="-81.886882">
        <ele>602.8</ele>
      </trkpt>
      <trkpt lat="36.798032" lon="-81.891704">
        <ele>595.0</ele>
      </trkpt>
      <trkpt lat="36.800864" lon="-81.893343">
        <ele>588.8</ele>
      </trkpt>
      <trkpt lat="36.801809" lon="-81.8957">
        <ele>582.5</ele>
      </trkpt>
      <trkpt lat="36.801609" lon="-81.897">
        <ele>581.5</ele>
      </trkpt>
      <trkpt lat="36.804345" lon="-81.901103">
        <ele>580.4</ele>
      </trkpt>
      <trkpt lat="36.803763" lon="-81.902414">
        <ele>582.6</ele>
      </trkpt>
      <trkpt lat="36.804287" lon="-81.904234">
        <ele>597.7</ele>
      </trkpt>
      <trkpt lat="36.806026" lon="-81.906466">
        <ele>593.0</ele>
      </trkpt>
      <trkpt lat="36.806318" lon="-81.907702">
        <ele>577.3</ele>
      </trkpt>
      <trkpt lat="36.809727" lon="-81.907964">
        <ele>568.6</ele>
      </trkpt>
      <trkpt lat="36.814038" lon="-81.910828">
        <ele>524.3</ele>
      </trkpt>
      <trkpt lat="36.814092" lon="-81.912459">
        <ele>516.9</ele>
      </trkpt>
      <trkpt lat="36.814878" lon="-81.914299">
        <ele>509.8</ele>
      </trkpt>
      <trkpt lat="36.814396" lon="-81.915302">
        <ele>516.6</ele>
      </trkpt>
      <trkpt lat="36.814604" lon="-81.916517">
        <ele>505.7</ele>
      </trkpt>
      <trkpt lat="36.818701" lon="-81.922884">
        <ele>470.7</ele>
      </trkpt>
      <trkpt lat="36.819826" lon="-81.923066">
        <ele>472.0</ele>
      </trkpt>
      <trkpt lat="36.821796" lon="-81.921828">
        <ele>468.4</ele>
      </trkpt>
      <trkpt lat="36.823931" lon="-81.921775">
        <ele>466.7</ele>
      </trkpt>
      <trkpt lat="36.832023" lon="-81.927458">
        <ele>480.0</ele>
      </trkpt>
      <trkpt lat="36.833379" lon="-81.92726">
        <ele>475.1</ele>
      </trkpt>
      <trkpt lat="36.834773" lon="-81.929083">
        <ele>474.8</ele>
      </trkpt>
      <trkpt lat="36.836299" lon="-81.930105">
        <ele>475.4</ele>
      </trkpt>
      <trkpt lat="36.83779" lon="-81.93049">
        <ele>478.5</ele>
      </trkpt>
      <trkpt lat="36.840569" lon="-81.929815">
        <ele>478.0</ele>
      </trkpt>
      <trkpt lat="36.843439" lon="-81.926568">
        <ele>488.4</ele>
      </trkpt>
      <trkpt lat="36.844831" lon="-81.92585">
        <ele>498.2</ele>
      </trkpt>
      <trkpt lat="36.844472" lon="-81.92285">
        <ele>493.0</ele>
      </trkpt>
      <trkpt lat="36.846762" lon="-81.919699">
        <ele>498.0</ele>
      </trkpt>
      <trkpt lat="36.84838" lon="-81.915247">
        <ele>495.4</ele>
      </trkpt>
      <trkpt lat="36.851698" lon="-81.911132">
        <ele>501.7</ele>
      </trkpt>
      <trkpt lat="36.853779" lon="-81.906997">
        <ele>503.4</ele>
      </trkpt>
      <trkpt lat="36.85785" lon="-81.909696">
        <ele>529.1</ele>
      </trkpt>
      <trkpt lat="36.858937" lon="-81.911594">
        <ele>543.7</ele>
      </trkpt>
      <trkpt lat="36.858625" lon="-81.912935">
        <ele>555.9</ele>
      </trkpt>
      <trkpt lat="36.859185" lon="-81.915124">
        <ele>573.6</ele>
      </trkpt>
      <trkpt lat="36.861284" lon="-81.916839">
        <ele>593.6</ele>
      </trkpt>
      <trkpt lat="36.860647" lon="-81.917282">
        <ele>599.4</ele>
      </trkpt>
      <trkpt lat="36.86083" lon="-81.917958">
        <ele>606.7</ele>
      </trkpt>
      <trkpt lat="36.861887" lon="-81.918889">
        <ele>612.1</ele>
      </trkpt>
      <trkpt lat="36.861976" lon="-81.919881">
        <ele>624.9</ele>
      </trkpt>
      <trkpt lat="36.862947" lon="-81.919928">
        <ele>634.6</ele>
      </trkpt>
      <trkpt lat="36.862472" lon="-81.921879">
        <ele>647.2</ele>
      </trkpt>
      <trkpt lat="36.863163" lon="-81.922087">
        <ele>656.2</ele>
      </trkpt>
      <trkpt lat="36.863155" lon="-81.923072">
        <ele>661.1</ele>
      </trkpt>
      <trkpt lat="36.864377" lon="-81.923668">
        <ele>678.6</ele>
      </trkpt>
      <trkpt lat="36.863942" lon="-81.924402">
        <ele>678.8</ele>
      </trkpt>
      <trkpt lat="36.862431" lon="-81.92447">
        <ele>689.3</ele>
      </trkpt>
      <trkpt lat="36.862124" lon="-81.925098">
        <ele>691.5</ele>
      </trkpt>
      <trkpt lat="36.862609" lon="-81.925588">
        <ele>700.0</ele>
      </trkpt>
      <trkpt lat="36.863494" lon="-81.925356">
        <ele>704.5</ele>
      </trkpt>
      <trkpt lat="36.863131" lon="-81.92736">
        <ele>722.3</ele>
      </trkpt>
      <trkpt lat="36.864246" lon="-81.927013">
        <ele>738.1</ele>
      </trkpt>
      <trkpt lat="36.86434" lon="-81.928843">
        <ele>749.1</ele>
      </trkpt>
      <trkpt lat="36.865907" lon="-81.931074">
        <ele>762.4</ele>
      </trkpt>
      <trkpt lat="36.863366" lon="-81.931501">
        <ele>785.6</ele>
      </trkpt>
      <trkpt lat="36.862577" lon="-81.933574">
        <ele>799.0</ele>
      </trkpt>
      <trkpt lat="36.863665" lon="-81.933838">
        <ele>813.5</ele>
      </trkpt>
      <trkpt lat="36.863925" lon="-81.934879">
        <ele>820.5</ele>
      </trkpt>
      <trkpt lat="36.864607" lon="-81.935244">
        <ele>820.9</ele>
      </trkpt>
      <trkpt lat="36.863584" lon="-81.938389">
        <ele>847.1</ele>
      </trkpt>
      <trkpt lat="36.864203" lon="-81.939861">
        <ele>858.2</ele>
      </trkpt>
      <trkpt lat="36.862603" lon="-81.940917">
        <ele>865.8</ele>
      </trkpt>
      <trkpt lat="36.862439" lon="-81.94427">
        <ele>895.2</ele>
      </trkpt>
      <trkpt lat="36.863632" lon="-81.945235">
        <ele>905.6</ele>
      </trkpt>
      <trkpt lat="36.864648" lon="-81.946987">
        <ele>916.9</ele>
      </trkpt>
      <trkpt lat="36.867345" lon="-81.946876">
        <ele>910.5</ele>
      </trkpt>
      <trkpt lat="36.868049" lon="-81.946264">
        <ele>892.6</ele>
      </trkpt>
      <trkpt lat="36.868586" lon="-81.946981">
        <ele>878.9</ele>
      </trkpt>
      <trkpt lat="36.869545" lon="-81.946911">
        <ele>886.5</ele>
      </trkpt>
      <trkpt lat="36.87055" lon="-81.947538">
        <ele>870.9</ele>
      </trkpt>
      <trkpt lat="36.871221" lon="-81.94646">
        <ele>856.7</ele>
      </trkpt>
      <trkpt lat="36.872223" lon="-81.946606">
        <ele>845.0</ele>
      </trkpt>
      <trkpt lat="36.872601" lon="-81.94578">
        <ele>833.2</ele>
      </trkpt>
      <trkpt lat="36.873403" lon="-81.946367">
        <ele>830.4</ele>
      </trkpt>
      <trkpt lat="36.87386" lon="-81.946137">
        <ele>822.0</ele>
      </trkpt>
      <trkpt lat="36.874942" lon="-81.947204">
        <ele>812.6</ele>
      </trkpt>
      <trkpt lat="36.87618" lon="-81.949326">
        <ele>797.0</ele>
      </trkpt>
      <trkpt lat="36.876642" lon="-81.949484">
        <ele>792.4</ele>
      </trkpt>
      <trkpt lat="36.877545" lon="-81.948608">
        <ele>787.9</ele>
      </trkpt>
      <trkpt lat="36.878796" lon="-81.950294">
        <ele>758.1</ele>
      </trkpt>
      <trkpt lat="36.881344" lon="-81.950323">
        <ele>748.5</ele>
      </trkpt>
      <trkpt lat="36.885563" lon="-81.951305">
        <ele>712.7</ele>
      </trkpt>
      <trkpt lat="36.884366" lon="-81.951893">
        <ele>699.9</ele>
      </trkpt>
      <trkpt lat="36.885387" lon="-81.952744">
        <ele>689.3</ele>
      </trkpt>
      <trkpt lat="36.890319" lon="-81.953381">
        <ele>669.0</ele>
      </trkpt>
      <trkpt lat="36.896342" lon="-81.961626">
        <ele>665.9</ele>
      </trkpt>
      <trkpt lat="36.899706" lon="-81.963364">
        <ele>661.6</ele>
      </trkpt>
      <trkpt lat="36.901252" lon="-81.966479">
        <ele>674.3</ele>
      </trkpt>
      <trkpt lat="36.902716" lon="-81.966103">
        <ele>661.3</ele>
      </trkpt>
      <trkpt lat="36.903842" lon="-81.966952">
        <ele>652.6</ele>
      </trkpt>
      <trkpt lat="36.907696" lon="-81.967274">
        <ele>651.3</ele>
      </trkpt>
      <trkpt lat="36.911073" lon="-81.970906">
        <ele>665.6</ele>
      </trkpt>
      <trkpt lat="36.913879" lon="-81.971641">
        <ele>663.8</ele>
      </trkpt>
      <trkpt lat="36.915877" lon="-81.970854">
        <ele>672.7</ele>
      </trkpt>
      <trkpt lat="36.918132" lon="-81.970779">
        <ele>675.5</ele>
      </trkpt>
      <trkpt lat="36.919709" lon="-81.9683">
        <ele>668.8</ele>
      </trkpt>
      <trkpt lat="36.922454" lon="-81.966901">
        <ele>660.1</ele>
      </trkpt>
      <trkpt lat="36.927947" lon="-81.962874">
        <ele>660.4</ele>
      </trkpt>
      <trkpt lat="36.929896" lon="-81.962811">
        <ele>665.3</ele>
      </trkpt>
      <trkpt lat="36.934058" lon="-81.966457">
        <ele>662.7</ele>
      </trkpt>
      <trkpt lat="36.93661" lon="-81.966944">
        <ele>677.8</ele>
      </trkpt>
      <trkpt lat="36.938966" lon="-81.963955">
        <ele>667.6</ele>
      </trkpt>
      <trkpt lat="36.944595" lon="-81.959262">
        <ele>670.4</ele>
      </trkpt>
      <trkpt lat="36.952564" lon="-81.947633">
        <ele>692.2</ele>
      </trkpt>
      <trkpt lat="36.955567" lon="-81.942054">
        <ele>690.7</ele>
      </trkpt>
      <trkpt lat="36.957939" lon="-81.934166">
        <ele>688.4</ele>
      </trkpt>
      <trkpt lat="36.959337" lon="-81.931334">
        <ele>690.9</ele>
      </trkpt>
      <trkpt lat="36.963537" lon="-81.935557">
        <ele>707.5</ele>
      </trkpt>
      <trkpt lat="36.970526" lon="-81.941338">
        <ele>685.9</ele>
      </trkpt>
      <trkpt lat="36.972207" lon="-81.941678">
        <ele>662.3</ele>
      </trkpt>
      <trkpt lat="36.978389" lon="-81.940731">
        <ele>616.8</ele>
      </trkpt>
      <trkpt lat="36.982588" lon="-81.939291">
        <ele>600.3</ele>
      </trkpt>
      <trkpt lat="36.991392" lon="-81.942049">
        <ele>579.6</ele>
      </trkpt>
      <trkpt lat="36.994001" lon="-81.942166">
        <ele>576.0</ele>
      </trkpt>
      <trkpt lat="36.995653" lon="-81.943499">
        <ele>563.7</ele>
      </trkpt>
      <trkpt lat="36.997153" lon="-81.949043">
        <ele>581.3</ele>
      </trkpt>
      <trkpt lat="36.998495" lon="-81.951514">
        <ele>590.0</ele>
      </trkpt>
      <trkpt lat="36.999538" lon="-81.95243">
        <ele>608.0</ele>
      </trkpt>
      <trkpt lat="37.003086" lon="-81.95391">
        <ele>624.7</ele>
      </trkpt>
      <trkpt lat="37.00534" lon="-81.954166">
        <ele>639.8</ele>
      </trkpt>
      <trkpt lat="37.010109" lon="-81.952577">
        <ele>656.6</ele>
      </trkpt>
      <trkpt lat="37.015306" lon="-81.955839">
        <ele>610.9</ele>
      </trkpt>
      <trkpt lat="37.015949" lon="-81.957853">
        <ele>595.9</ele>
      </trkpt>
      <trkpt lat="37.013536" lon="-81.968254">
        <ele>559.1</ele>
      </trkpt>
      <trkpt lat="37.01416" lon="-81.969731">
        <ele>560.0</ele>
      </trkpt>
      <trkpt lat="37.016202" lon="-81.970788">
        <ele>560.3</ele>
      </trkpt>
      <trkpt lat="37.016302" lon="-81.974416">
        <ele>565.2</ele>
      </trkpt>
      <trkpt lat="37.020019" lon="-81.976125">
        <ele>576.0</ele>
      </trkpt>
      <trkpt lat="37.021607" lon="-81.978129">
        <ele>588.1</ele>
      </trkpt>
      <trkpt lat="37.02563" lon="-81.980896">
        <ele>600.9</ele>
      </trkpt>
      <trkpt lat="37.028031" lon="-81.980982">
        <ele>580.6</ele>
      </trkpt>
      <trkpt lat="37.029227" lon="-81.982546">
        <ele>590.8</ele>
      </trkpt>
      <trkpt lat="37.033974" lon="-81.985988">
        <ele>636.1</ele>
      </trkpt>
      <trkpt lat="37.035082" lon="-81.98817">
        <ele>649.6</ele>
      </trkpt>
      <trkpt lat="37.037449" lon="-81.989191">
        <ele>666.7</ele>
      </trkpt>
      <trkpt lat="37.041244" lon="-81.995683">
        <ele>659.3</ele>
      </trkpt>
      <trkpt lat="37.040568" lon="-82.000214">
        <ele>639.4</ele>
      </trkpt>
      <trkpt lat="37.040984" lon="-82.002271">
        <ele>649.1</ele>
      </trkpt>
      <trkpt lat="37.040628" lon="-82.004531">
        <ele>652.3</ele>
      </trkpt>
      <trkpt lat="37.042301" lon="-82.009433">
        <ele>663.2</ele>
      </trkpt>
      <trkpt lat="37.042776" lon="-82.016561">
        <ele>668.7</ele>
      </trkpt>
      <trkpt lat="37.041884" lon="-82.022502">
        <ele>688.3</ele>
      </trkpt>
      <trkpt lat="37.042999" lon="-82.024727">
        <ele>690.0</ele>
      </trkpt>
      <trkpt lat="37.043961" lon="-82.025203">
        <ele>702.6</ele>
      </trkpt>
      <trkpt lat="37.047645" lon="-82.023668">
        <ele>721.0</ele>
      </trkpt>
      <trkpt lat="37.048747" lon="-82.024333">
        <ele>722.8</ele>
      </trkpt>
      <trkpt lat="37.049758" lon="-82.024278">
        <ele>725.1</ele>
      </trkpt>
      <trkpt lat="37.050563" lon="-82.025134">
        <ele>717.9</ele>
      </trkpt>
      <trkpt lat="37.052344" lon="-82.024549">
        <ele>734.9</ele>
      </trkpt>
      <trkpt lat="37.054017" lon="-82.025104">
        <ele>740.3</ele>
      </trkpt>
      <trkpt lat="37.055943" lon="-82.026212">
        <ele>747.7</ele>
      </trkpt>
      <trkpt lat="37.056547" lon="-82.027433">
        <ele>759.0</ele>
      </trkpt>
      <trkpt lat="37.057884" lon="-82.026808">
        <ele>761.1</ele>
      </trkpt>
      <trkpt lat="37.059969" lon="-82.027706">
        <ele>783.2</ele>
      </trkpt>
      <trkpt lat="37.06157" lon="-82.026474">
        <ele>795.6</ele>
      </trkpt>
      <trkpt lat="37.063991" lon="-82.027825">
        <ele>825.0</ele>
      </trkpt>
      <trkpt lat="37.064816" lon="-82.026805">
        <ele>824.5</ele>
      </trkpt>
      <trkpt lat="37.066039" lon="-82.027231">
        <ele>834.5</ele>
      </trkpt>
      <trkpt lat="37.066894" lon="-82.028712">
        <ele>835.3</ele>
      </trkpt>
      <trkpt lat="37.067962" lon="-82.029332">
        <ele>830.1</ele>
      </trkpt>
      <trkpt lat="37.068849" lon="-82.032854">
        <ele>787.6</ele>
      </trkpt>
      <trkpt lat="37.070295" lon="-82.035082">
        <ele>782.0</ele>
      </trkpt>
      <trkpt lat="37.069431" lon="-82.035651">
        <ele>768.9</ele>
      </trkpt>
      <trkpt lat="37.069354" lon="-82.036905">
        <ele>754.2</ele>
      </trkpt>
      <trkpt lat="37.071267" lon="-82.040674">
        <ele>716.7</ele>
      </trkpt>
      <trkpt lat="37.070683" lon="-82.041455">
        <ele>713.2</ele>
      </trkpt>
      <trkpt lat="37.070145" lon="-82.04128">
        <ele>708.2</ele>
      </trkpt>
      <trkpt lat="37.069628" lon="-82.039773">
        <ele>694.3</ele>
      </trkpt>
      <trkpt lat="37.068997" lon="-82.040094">
        <ele>684.0</ele>
      </trkpt>
      <trkpt lat="37.068646" lon="-82.04194">
        <ele>666.4</ele>
      </trkpt>
      <trkpt lat="37.068907" lon="-82.044303">
        <ele>651.6</ele>
      </trkpt>
      <trkpt lat="37.066873" lon="-82.04652">
        <ele>621.9</ele>
      </trkpt>
      <trkpt lat="37.068937" lon="-82.046029">
        <ele>614.0</ele>
      </trkpt>
      <trkpt lat="37.071339" lon="-82.047712">
        <ele>594.0</ele>
      </trkpt>
      <trkpt lat="37.072287" lon="-82.052924">
        <ele>573.7</ele>
      </trkpt>
      <trkpt lat="37.074118" lon="-82.057289">
        <ele>548.5</ele>
      </trkpt>
      <trkpt lat="37.078014" lon="-82.063477">
        <ele>513.6</ele>
      </trkpt>
      <trkpt lat="37.077717" lon="-82.067519">
        <ele>519.2</ele>
      </trkpt>
      <trkpt lat="37.080262" lon="-82.071157">
        <ele>521.4</ele>
      </trkpt>
      <trkpt lat="37.081415" lon="-82.070822">
        <ele>507.4</ele>
      </trkpt>
      <trkpt lat="37.081285" lon="-82.072052">
        <ele>509.6</ele>
      </trkpt>
      <trkpt lat="37.082158" lon="-82.073565">
        <ele>518.0</ele>
      </trkpt>
      <trkpt lat="37.082101" lon="-82.077888">
        <ele>501.8</ele>
      </trkpt>
      <trkpt lat="37.084637" lon="-82.082724">
        <ele>495.2</ele>
      </trkpt>
      <trkpt lat="37.085448" lon="-82.085934">
        <ele>492.5</ele>
      </trkpt>
      <trkpt lat="37.0853" lon="-82.089642">
        <ele>494.9</ele>
      </trkpt>
      <trkpt lat="37.088441" lon="-82.094169">
        <ele>485.1</ele>
      </trkpt>
      <trkpt lat="37.088579" lon="-82.099542">
        <ele>482.0</ele>
      </trkpt>
      <trkpt lat="37.091342" lon="-82.104192">
        <ele>482.2</ele>
      </trkpt>
      <trkpt lat="37.092326" lon="-82.1081">
        <ele>480.4</ele>
      </trkpt>
      <trkpt lat="37.092621" lon="-82.112237">
        <ele>473.2</ele>
      </trkpt>
      <trkpt lat="37.093753" lon="-82.115034">
        <ele>473.6</ele>
      </trkpt>
      <trkpt lat="37.093718" lon="-82.119811">
        <ele>468.0</ele>
      </trkpt>
      <trkpt lat="37.092057" lon="-82.124307">
        <ele>481.0</ele>
      </trkpt>
      <trkpt lat="37.09343" lon="-82.125565">
        <ele>487.3</ele>
      </trkpt>
      <trkpt lat="37.093086" lon="-82.128009">
        <ele>482.9</ele>
      </trkpt>
      <trkpt lat="37.094759" lon="-82.132027">
        <ele>470.4</ele>
      </trkpt>
      <trkpt lat="37.09853" lon="-82.133622">
        <ele>469.2</ele>
      </trkpt>
      <trkpt lat="37.100069" lon="-82.136397">
        <ele>440.0</ele>
      </trkpt>
      <trkpt lat="37.100838" lon="-82.136717">
        <ele>440.6</ele>
      </trkpt>
      <trkpt lat="37.103077" lon="-82.136114">
        <ele>448.6</ele>
      </trkpt>
      <trkpt lat="37.103997" lon="-82.136404">
        <ele>448.7</ele>
      </trkpt>
      <trkpt lat="37.103854" lon="-82.142335">
        <ele>439.8</ele>
      </trkpt>
      <trkpt lat="37.104587" lon="-82.14367">
        <ele>441.2</ele>
      </trkpt>
      <trkpt lat="37.106619" lon="-82.145467">
        <ele>439.9</ele>
      </trkpt>
      <trkpt lat="37.106448" lon="-82.148068">
        <ele>439.9</ele>
      </trkpt>
      <trkpt lat="37.110036" lon="-82.156721">
        <ele>439.9</ele>
      </trkpt>
      <trkpt lat="37.110339" lon="-82.158507">
        <ele>442.0</ele>
      </trkpt>
      <trkpt lat="37.113019" lon="-82.162896">
        <ele>439.9</ele>
      </trkpt>
      <trkpt lat="37.113447" lon="-82.168669">
        <ele>439.9</ele>
      </trkpt>
      <trkpt lat="37.116179" lon="-82.174634">
        <ele>439.9</ele>
      </trkpt>
      <trkpt lat="37.116398" lon="-82.178843">
        <ele>455.6</ele>
      </trkpt>
      <trkpt lat="37.11756" lon="-82.183403">
        <ele>457.1</ele>
      </trkpt>
      <trkpt lat="37.121288" lon="-82.192557">
        <ele>458.0</ele>
      </trkpt>
      <trkpt lat="37.120691" lon="-82.197676">
        <ele>477.5</ele>
      </trkpt>
      <trkpt lat="37.121677" lon="-82.201734">
        <ele>483.3</ele>
      </trkpt>
      <trkpt lat="37.120589" lon="-82.204928">
        <ele>458.9</ele>
      </trkpt>
      <trkpt lat="37.120759" lon="-82.20823">
        <ele>445.6</ele>
      </trkpt>
      <trkpt lat="37.121871" lon="-82.210222">
        <ele>442.5</ele>
      </trkpt>
      <trkpt lat="37.124176" lon="-82.211765">
        <ele>426.5</ele>
      </trkpt>
      <trkpt lat="37.12601" lon="-82.213858">
        <ele>421.8</ele>
      </trkpt>
      <trkpt lat="37.128108" lon="-82.217181">
        <ele>411.7</ele>
      </trkpt>
      <trkpt lat="37.128954" lon="-82.221726">
        <ele>411.4</ele>
      </trkpt>
      <trkpt lat="37.131198" lon="-82.224786">
        <ele>400.9</ele>
      </trkpt>
      <trkpt lat="37.132937" lon="-82.225504">
        <ele>407.4</ele>
      </trkpt>
      <trkpt lat="37.134024" lon="-82.22699">
        <ele>401.1</ele>
      </trkpt>
      <trkpt lat="37.139084" lon="-82.230631">
        <ele>401.8</ele>
      </trkpt>
      <trkpt lat="37.141929" lon="-82.23306">
        <ele>399.2</ele>
      </trkpt>
      <trkpt lat="37.144136" lon="-82.235776">
        <ele>407.3</ele>
      </trkpt>
      <trkpt lat="37.147397" lon="-82.238324">
        <ele>399.5</ele>
      </trkpt>
      <trkpt lat="37.153168" lon="-82.244828">
        <ele>396.2</ele>
      </trkpt>
      <trkpt lat="37.154725" lon="-82.2458">
        <ele>398.1</ele>
      </trkpt>
      <trkpt lat="37.155501" lon="-82.247339">
        <ele>395.1</ele>
      </trkpt>
      <trkpt lat="37.15958" lon="-82.252125">
        <ele>393.3</ele>
      </trkpt>
      <trkpt lat="37.163557" lon="-82.255533">
        <ele>394.0</ele>
      </trkpt>
      <trkpt lat="37.164691" lon="-82.257578">
        <ele>398.1</ele>
      </trkpt>
      <trkpt lat="37.167487" lon="-82.259773">
        <ele>393.2</ele>
      </trkpt>
      <trkpt lat="37.170947" lon="-82.264201">
        <ele>398.6</ele>
      </trkpt>
      <trkpt lat="37.174282" lon="-82.266678">
        <ele>394.1</ele>
      </trkpt>
      <trkpt lat="37.176751" lon="-82.271696">
        <ele>393.1</ele>
      </trkpt>
      <trkpt lat="37.180734" lon="-82.274088">
        <ele>393.6</ele>
      </trkpt>
      <trkpt lat="37.183243" lon="-82.276432">
        <ele>388.8</ele>
      </trkpt>
      <trkpt lat="37.184863" lon="-82.282357">
        <ele>391.9</ele>
      </trkpt>
      <trkpt lat="37.188827" lon="-82.282613">
        <ele>397.0</ele>
      </trkpt>
      <trkpt lat="37.189618" lon="-82.283086">
        <ele>394.0</ele>
      </trkpt>
      <trkpt lat="37.190887" lon="-82.284127">
        <ele>390.0</ele>
      </trkpt>
      <trkpt lat="37.19243" lon="-82.287245">
        <ele>390.3</ele>
      </trkpt>
      <trkpt lat="37.197293" lon="-82.291007">
        <ele>389.9</ele>
      </trkpt>
      <trkpt lat="37.199713" lon="-82.294121">
        <ele>386.7</ele>
      </trkpt>
      <trkpt lat="37.20061" lon="-82.293864">
        <ele>389.4</ele>
      </trkpt>
      <trkpt lat="37.200393" lon="-82.291879">
        <ele>400.4</ele>
      </trkpt>
      <trkpt lat="37.201857" lon="-82.290373">
        <ele>395.3</ele>
      </trkpt>
      <trkpt lat="37.203843" lon="-82.290958">
        <ele>392.8</ele>
      </trkpt>
      <trkpt lat="37.205074" lon="-82.292134">
        <ele>385.4</ele>
      </trkpt>
      <trkpt lat="37.206714" lon="-82.287557">
        <ele>393.6</ele>
      </trkpt>
      <trkpt lat="37.209032" lon="-82.287575">
        <ele>390.4</ele>
      </trkpt>
      <trkpt lat="37.209339" lon="-82.284197">
        <ele>396.8</ele>
      </trkpt>
      <trkpt lat="37.212346" lon="-82.283934">
        <ele>400.3</ele>
      </trkpt>
      <trkpt lat="37.212725" lon="-82.282769">
        <ele>402.7</ele>
      </trkpt>
      <trkpt lat="37.211919" lon="-82.281236">
        <ele>406.8</ele>
      </trkpt>
      <trkpt lat="37.215448" lon="-82.278779">
        <ele>439.2</ele>
      </trkpt>
      <trkpt lat="37.215776" lon="-82.277819">
        <ele>445.8</ele>
      </trkpt>
      <trkpt lat="37.218204" lon="-82.275728">
        <ele>473.6</ele>
      </trkpt>
      <trkpt lat="37.218852" lon="-82.276094">
        <ele>479.1</ele>
      </trkpt>
      <trkpt lat="37.220507" lon="-82.275814">
        <ele>490.2</ele>
      </trkpt>
      <trkpt lat="37.222273" lon="-82.274113">
        <ele>505.1</ele>
      </trkpt>
      <trkpt lat="37.223267" lon="-82.274524">
        <ele>508.8</ele>
      </trkpt>
      <trkpt lat="37.223937" lon="-82.275628">
        <ele>518.7</ele>
      </trkpt>
      <trkpt lat="37.224951" lon="-82.275787">
        <ele>527.4</ele>
      </trkpt>
      <trkpt lat="37.22652" lon="-82.274704">
        <ele>519.1</ele>
      </trkpt>
      <trkpt lat="37.228601" lon="-82.275577">
        <ele>492.6</ele>
      </trkpt>
      <trkpt lat="37.229158" lon="-82.275415">
        <ele>491.8</ele>
      </trkpt>
      <trkpt lat="37.228953" lon="-82.273815">
        <ele>467.5</ele>
      </trkpt>
      <trkpt lat="37.230216" lon="-82.275103">
        <ele>447.8</ele>
      </trkpt>
      <trkpt lat="37.230497" lon="-82.276739">
        <ele>445.2</ele>
      </trkpt>
      <trkpt lat="37.231594" lon="-82.278348">
        <ele>441.4</ele>
      </trkpt>
      <trkpt lat="37.233342" lon="-82.28482">
        <ele>442.9</ele>
      </trkpt>
      <trkpt lat="37.23468" lon="-82.283117">
        <ele>431.1</ele>
      </trkpt>
      <trkpt lat="37.237129" lon="-82.283216">
        <ele>423.5</ele>
      </trkpt>
      <trkpt lat="37.238891" lon="-82.284037">
        <ele>423.1</ele>
      </trkpt>
      <trkpt lat="37.24013" lon="-82.283702">
        <ele>422.7</ele>
      </trkpt>
      <trkpt lat="37.240757" lon="-82.283241">
        <ele>432.0</ele>
      </trkpt>
      <trkpt lat="37.240946" lon="-82.281427">
        <ele>428.4</ele>
      </trkpt>
      <trkpt lat="37.242994" lon="-82.281493">
        <ele>436.4</ele>
      </trkpt>
      <trkpt lat="37.244004" lon="-82.280165">
        <ele>425.8</ele>
      </trkpt>
      <trkpt lat="37.247091" lon="-82.277833">
        <ele>426.7</ele>
      </trkpt>
      <trkpt lat="37.251847" lon="-82.278404">
        <ele>458.9</ele>
      </trkpt>
      <trkpt lat="37.254465" lon="-82.276457">
        <ele>479.4</ele>
      </trkpt>
      <trkpt lat="37.256312" lon="-82.275824">
        <ele>489.3</ele>
      </trkpt>
      <trkpt lat="37.259099" lon="-82.275809">
        <ele>490.6</ele>
      </trkpt>
      <trkpt lat="37.259817" lon="-82.276344">
        <ele>500.4</ele>
      </trkpt>
      <trkpt lat="37.260912" lon="-82.275715">
        <ele>500.3</ele>
      </trkpt>
      <trkpt lat="37.261866" lon="-82.27858">
        <ele>533.3</ele>
      </trkpt>
      <trkpt lat="37.263408" lon="-82.278672">
        <ele>513.3</ele>
      </trkpt>
      <trkpt lat="37.264175" lon="-82.27956">
        <ele>522.8</ele>
      </trkpt>
      <trkpt lat="37.265205" lon="-82.279538">
        <ele>502.8</ele>
      </trkpt>
      <trkpt lat="37.265828" lon="-82.278759">
        <ele>491.9</ele>
      </trkpt>
      <trkpt lat="37.266126" lon="-82.27614">
        <ele>486.7</ele>
      </trkpt>
      <trkpt lat="37.266758" lon="-82.275518">
        <ele>436.0</ele>
      </trkpt>
      <trkpt lat="37.267493" lon="-82.276484">
        <ele>462.9</ele>
      </trkpt>
      <trkpt lat="37.266854" lon="-82.281731">
        <ele>431.6</ele>
      </trkpt>
      <trkpt lat="37.267512" lon="-82.284114">
        <ele>415.1</ele>
      </trkpt>
      <trkpt lat="37.270595" lon="-82.289542">
        <ele>401.8</ele>
      </trkpt>
      <trkpt lat="37.271306" lon="-82.289663">
        <ele>398.6</ele>
      </trkpt>
      <trkpt lat="37.273798" lon="-82.287714">
        <ele>423.6</ele>
      </trkpt>
      <trkpt lat="37.276385" lon="-82.287303">
        <ele>439.1</ele>
      </trkpt>
      <trkpt lat="37.278922" lon="-82.288391">
        <ele>472.5</ele>
      </trkpt>
      <trkpt lat="37.280917" lon="-82.287706">
        <ele>492.4</ele>
      </trkpt>
      <trkpt lat="37.283053" lon="-82.288372">
        <ele>498.3</ele>
      </trkpt>
      <trkpt lat="37.286832" lon="-82.287103">
        <ele>521.6</ele>
      </trkpt>
      <trkpt lat="37.288727" lon="-82.285464">
        <ele>498.0</ele>
      </trkpt>
      <trkpt lat="37.292061" lon="-82.280809">
        <ele>484.2</ele>
      </trkpt>
      <trkpt lat="37.293354" lon="-82.280494">
        <ele>476.8</ele>
      </trkpt>
      <trkpt lat="37.299688" lon="-82.284195">
        <ele>439.4</ele>
      </trkpt>
      <trkpt lat="37.300962" lon="-82.287308">
        <ele>422.5</ele>
      </trkpt>
      <trkpt lat="37.306686" lon="-82.292402">
        <ele>357.2</ele>
      </trkpt>
      <trkpt lat="37.306837" lon="-82.294317">
        <ele>329.8</ele>
      </trkpt>
      <trkpt lat="37.304869" lon="-82.297335">
        <ele>325.8</ele>
      </trkpt>
      <trkpt lat="37.304617" lon="-82.300244">
        <ele>316.8</ele>
      </trkpt>
      <trkpt lat="37.30352" lon="-82.3014">
        <ele>314.6</ele>
      </trkpt>
      <trkpt lat="37.300079" lon="-82.308226">
        <ele>323.1</ele>
      </trkpt>
      <trkpt lat="37.301989" lon="-82.310556">
        <ele>309.5</ele>
      </trkpt>
      <trkpt lat="37.301917" lon="-82.311034">
        <ele>306.2</ele>
      </trkpt>
      <trkpt lat="37.301445" lon="-82.311194">
        <ele>311.2</ele>
      </trkpt>
      <trkpt lat="37.299432" lon="-82.310004">
        <ele>332.6</ele>
      </trkpt>
      <trkpt lat="37.29715" lon="-82.31311">
        <ele>339.8</ele>
      </trkpt>
      <trkpt lat="37.30118" lon="-82.317564">
        <ele>312.8</ele>
      </trkpt>
      <trkpt lat="37.301485" lon="-82.320153">
        <ele>306.4</ele>
      </trkpt>
      <trkpt lat="37.300433" lon="-82.322076">
        <ele>303.8</ele>
      </trkpt>
      <trkpt lat="37.299742" lon="-82.322481">
        <ele>300.2</ele>
      </trkpt>
      <trkpt lat="37.299275" lon="-82.325121">
        <ele>305.7</ele>
      </trkpt>
      <trkpt lat="37.298132" lon="-82.326515">
        <ele>309.8</ele>
      </trkpt>
      <trkpt lat="37.296587" lon="-82.327214">
        <ele>309.8</ele>
      </trkpt>
      <trkpt lat="37.29563" lon="-82.327031">
        <ele>316.9</ele>
      </trkpt>
      <trkpt lat="37.294687" lon="-82.325898">
        <ele>328.4</ele>
      </trkpt>
      <trkpt lat="37.29426" lon="-82.328618">
        <ele>323.6</ele>
      </trkpt>
      <trkpt lat="37.295461" lon="-82.334214">
        <ele>295.4</ele>
      </trkpt>
      <trkpt lat="37.297127" lon="-82.336694">
        <ele>280.3</ele>
      </trkpt>
      <trkpt lat="37.302217" lon="-82.339134">
        <ele>270.2</ele>
      </trkpt>
      <trkpt lat="37.304813" lon="-82.339637">
        <ele>268.5</ele>
      </trkpt>
      <trkpt lat="37.305369" lon="-82.34022">
        <ele>267.2</ele>
      </trkpt>
      <trkpt lat="37.303571" lon="-82.3498">
        <ele>246.7</ele>
      </trkpt>
      <trkpt lat="37.303981" lon="-82.351303">
        <ele>240.0</ele>
      </trkpt>
      <trkpt lat="37.301357" lon="-82.353124">
        <ele>237.3</ele>
      </trkpt>
      <trkpt lat="37.30011" lon="-82.354722">
        <ele>242.7</ele>
      </trkpt>
      <trkpt lat="37.297998" lon="-82.35464">
        <ele>245.4</ele>
      </trkpt>
      <trkpt lat="37.297297" lon="-82.355256">
        <ele>246.3</ele>
      </trkpt>
      <trkpt lat="37.296196" lon="-82.35874">
        <ele>245.0</ele>
      </trkpt>
      <trkpt lat="37.296271" lon="-82.361293">
        <ele>244.8</ele>
      </trkpt>
      <trkpt lat="37.294022" lon="-82.366056">
        <ele>246.4</ele>
      </trkpt>
      <trkpt lat="37.292177" lon="-82.366794">
        <ele>249.0</ele>
      </trkpt>
      <trkpt lat="37.287919" lon="-82.367011">
        <ele>254.3</ele>
      </trkpt>
      <trkpt lat="37.285036" lon="-82.368373">
        <ele>262.2</ele>
      </trkpt>
      <trkpt lat="37.282318" lon="-82.368752">
        <ele>262.9</ele>
      </trkpt>
      <trkpt lat="37.279433" lon="-82.374013">
        <ele>263.4</ele>
      </trkpt>
      <trkpt lat="37.277379" lon="-82.375231">
        <ele>275.2</ele>
      </trkpt>
      <trkpt lat="37.27661" lon="-82.376276">
        <ele>273.7</ele>
      </trkpt>
      <trkpt lat="37.276528" lon="-82.381182">
        <ele>285.1</ele>
      </trkpt>
      <trkpt lat="37.278027" lon="-82.382254">
        <ele>285.3</ele>
      </trkpt>
      <trkpt lat="37.278355" lon="-82.383455">
        <ele>282.3</ele>
      </trkpt>
      <trkpt lat="37.276758" lon="-82.387021">
        <ele>289.2</ele>
      </trkpt>
      <trkpt lat="37.276603" lon="-82.390437">
        <ele>290.1</ele>
      </trkpt>
      <trkpt lat="37.278692" lon="-82.393464">
        <ele>289.7</ele>
      </trkpt>
      <trkpt lat="37.278893" lon="-82.396165">
        <ele>288.8</ele>
      </trkpt>
      <trkpt lat="37.277667" lon="-82.397754">
        <ele>290.5</ele>
      </trkpt>
      <trkpt lat="37.275387" lon="-82.398773">
        <ele>291.8</ele>
      </trkpt>
      <trkpt lat="37.272443" lon="-82.404533">
        <ele>302.0</ele>
      </trkpt>
      <trkpt lat="37.272367" lon="-82.40548">
        <ele>298.9</ele>
      </trkpt>
      <trkpt lat="37.273423" lon="-82.407323">
        <ele>299.7</ele>
      </trkpt>
      <trkpt lat="37.2733" lon="-82.408591">
        <ele>300.8</ele>
      </trkpt>
      <trkpt lat="37.272229" lon="-82.40935">
        <ele>302.8</ele>
      </trkpt>
      <trkpt lat="37.270125" lon="-82.40916">
        <ele>307.1</ele>
      </trkpt>
      <trkpt lat="37.269558" lon="-82.409894">
        <ele>302.6</ele>
      </trkpt>
      <trkpt lat="37.270177" lon="-82.414759">
        <ele>312.4</ele>
      </trkpt>
      <trkpt lat="37.272338" lon="-82.416899">
        <ele>314.6</ele>
      </trkpt>
      <trkpt lat="37.272506" lon="-82.418633">
        <ele>313.6</ele>
      </trkpt>
      <trkpt lat="37.270235" lon="-82.418924">
        <ele>310.4</ele>
      </trkpt>
      <trkpt lat="37.268523" lon="-82.425142">
        <ele>316.6</ele>
      </trkpt>
      <trkpt lat="37.265432" lon="-82.426784">
        <ele>319.7</ele>
      </trkpt>
      <trkpt lat="37.265781" lon="-82.429289">
        <ele>320.6</ele>
      </trkpt>
      <trkpt lat="37.265351" lon="-82.431955">
        <ele>322.7</ele>
      </trkpt>
      <trkpt lat="37.265912" lon="-82.434132">
        <ele>321.4</ele>
      </trkpt>
      <trkpt lat="37.270061" lon="-82.435736">
        <ele>335.3</ele>
      </trkpt>
      <trkpt lat="37.272519" lon="-82.437972">
        <ele>350.2</ele>
      </trkpt>
      <trkpt lat="37.274204" lon="-82.443454">
        <ele>361.6</ele>
      </trkpt>
      <trkpt lat="37.275773" lon="-82.446645">
        <ele>371.9</ele>
      </trkpt>
      <trkpt lat="37.276047" lon="-82.449954">
        <ele>386.8</ele>
      </trkpt>
      <trkpt lat="37.27912" lon="-82.454411">
        <ele>401.0</ele>
      </trkpt>
      <trkpt lat="37.281967" lon="-82.455495">
        <ele>416.3</ele>
      </trkpt>
      <trkpt lat="37.285673" lon="-82.453865">
        <ele>457.3</ele>
      </trkpt>
      <trkpt lat="37.286294" lon="-82.455143">
        <ele>472.4</ele>
      </trkpt>
      <trkpt lat="37.288474" lon="-82.455538">
        <ele>449.7</ele>
      </trkpt>
      <trkpt lat="37.290094" lon="-82.457447">
        <ele>416.9</ele>
      </trkpt>
      <trkpt lat="37.289117" lon="-82.461891">
        <ele>390.3</ele>
      </trkpt>
      <trkpt lat="37.290808" lon="-82.467418">
        <ele>380.9</ele>
      </trkpt>
      <trkpt lat="37.291052" lon="-82.469771">
        <ele>352.3</ele>
      </trkpt>
      <trkpt lat="37.294624" lon="-82.472703">
        <ele>340.7</ele>
      </trkpt>
      <trkpt lat="37.295809" lon="-82.472333">
        <ele>340.0</ele>
      </trkpt>
      <trkpt lat="37.297028" lon="-82.473093">
        <ele>336.1</ele>
      </trkpt>
      <trkpt lat="37.299212" lon="-82.47269">
        <ele>334.5</ele>
      </trkpt>
      <trkpt lat="37.30173" lon="-82.472951">
        <ele>336.5</ele>
      </trkpt>
      <trkpt lat="37.305407" lon="-82.475508">
        <ele>319.9</ele>
      </trkpt>
      <trkpt lat="37.31037" lon="-82.478094">
        <ele>312.5</ele>
      </trkpt>
      <trkpt lat="37.31401" lon="-82.473847">
        <ele>303.2</ele>
      </trkpt>
      <trkpt lat="37.313078" lon="-82.470333">
        <ele>298.8</ele>
      </trkpt>
      <trkpt lat="37.313636" lon="-82.468015">
        <ele>295.9</ele>
      </trkpt>
      <trkpt lat="37.314663" lon="-82.467491">
        <ele>298.8</ele>
      </trkpt>
      <trkpt lat="37.316742" lon="-82.469225">
        <ele>304.0</ele>
      </trkpt>
      <trkpt lat="37.318195" lon="-82.471366">
        <ele>323.2</ele>
      </trkpt>
      <trkpt lat="37.319732" lon="-82.47547">
        <ele>323.4</ele>
      </trkpt>
      <trkpt lat="37.325017" lon="-82.48384">
        <ele>354.2</ele>
      </trkpt>
      <trkpt lat="37.325439" lon="-82.487026">
        <ele>361.0</ele>
      </trkpt>
      <trkpt lat="37.327612" lon="-82.491473">
        <ele>387.1</ele>
      </trkpt>
      <trkpt lat="37.327337" lon="-82.498436">
        <ele>412.7</ele>
      </trkpt>
      <trkpt lat="37.325687" lon="-82.500584">
        <ele>423.4</ele>
      </trkpt>
      <trkpt lat="37.322685" lon="-82.500561">
        <ele>445.1</ele>
      </trkpt>
      <trkpt lat="37.321915" lon="-82.499715">
        <ele>456.4</ele>
      </trkpt>
      <trkpt lat="37.321169" lon="-82.500932">
        <ele>467.6</ele>
      </trkpt>
      <trkpt lat="37.318857" lon="-82.501762">
        <ele>488.4</ele>
      </trkpt>
      <trkpt lat="37.317673" lon="-82.500994">
        <ele>510.5</ele>
      </trkpt>
      <trkpt lat="37.316459" lon="-82.501089">
        <ele>520.4</ele>
      </trkpt>
      <trkpt lat="37.317445" lon="-82.502862">
        <ele>534.6</ele>
      </trkpt>
      <trkpt lat="37.316735" lon="-82.505238">
        <ele>563.6</ele>
      </trkpt>
      <trkpt lat="37.318209" lon="-82.508601">
        <ele>525.3</ele>
      </trkpt>
      <trkpt lat="37.317907" lon="-82.510734">
        <ele>499.7</ele>
      </trkpt>
      <trkpt lat="37.318617" lon="-82.511775">
        <ele>478.8</ele>
      </trkpt>
      <trkpt lat="37.31762" lon="-82.513299">
        <ele>459.5</ele>
      </trkpt>
      <trkpt lat="37.317439" lon="-82.51566">
        <ele>435.6</ele>
      </trkpt>
      <trkpt lat="37.31786" lon="-82.516703">
        <ele>421.8</ele>
      </trkpt>
      <trkpt lat="37.316371" lon="-82.517924">
        <ele>395.8</ele>
      </trkpt>
      <trkpt lat="37.316092" lon="-82.520676">
        <ele>376.6</ele>
      </trkpt>
      <trkpt lat="37.317863" lon="-82.531013">
        <ele>348.5</ele>
      </trkpt>
      <trkpt lat="37.318908" lon="-82.533828">
        <ele>338.3</ele>
      </trkpt>
      <trkpt lat="37.317271" lon="-82.540862">
        <ele>325.4</ele>
      </trkpt>
      <trkpt lat="37.315358" lon="-82.545337">
        <ele>320.6</ele>
      </trkpt>
      <trkpt lat="37.314714" lon="-82.549283">
        <ele>322.4</ele>
      </trkpt>
      <trkpt lat="37.31806" lon="-82.550291">
        <ele>316.7</ele>
      </trkpt>
      <trkpt lat="37.319716" lon="-82.551393">
        <ele>316.7</ele>
      </trkpt>
      <trkpt lat="37.322044" lon="-82.553934">
        <ele>314.0</ele>
      </trkpt>
      <trkpt lat="37.324112" lon="-82.558303">
        <ele>291.1</ele>
      </trkpt>
      <trkpt lat="37.325119" lon="-82.559256">
        <ele>288.9</ele>
      </trkpt>
      <trkpt lat="37.326547" lon="-82.559504">
        <ele>288.1</ele>
      </trkpt>
      <trkpt lat="37.333486" lon="-82.558288">
        <ele>273.9</ele>
      </trkpt>
      <trkpt lat="37.339596" lon="-82.556438">
        <ele>261.5</ele>
      </trkpt>
      <trkpt lat="37.340704" lon="-82.554919">
        <ele>263.0</ele>
      </trkpt>
      <trkpt lat="37.342811" lon="-82.548966">
        <ele>261.6</ele>
      </trkpt>
      <trkpt lat="37.344197" lon="-82.547734">
        <ele>258.6</ele>
      </trkpt>
      <trkpt lat="37.345338" lon="-82.547422">
        <ele>257.7</ele>
      </trkpt>
      <trkpt lat="37.347579" lon="-82.548224">
        <ele>261.7</ele>
      </trkpt>
      <trkpt lat="37.351489" lon="-82.552684">
        <ele>251.2</ele>
      </trkpt>
      <trkpt lat="37.354143" lon="-82.554538">
        <ele>251.8</ele>
      </trkpt>
      <trkpt lat="37.360261" lon="-82.554909">
        <ele>242.5</ele>
      </trkpt>
      <trkpt lat="37.358127" lon="-82.5628">
        <ele>269.8</ele>
      </trkpt>
      <trkpt lat="37.359244" lon="-82.569179">
        <ele>261.7</ele>
      </trkpt>
      <trkpt lat="37.357136" lon="-82.575126">
        <ele>263.5</ele>
      </trkpt>
      <trkpt lat="37.352365" lon="-82.578421">
        <ele>250.2</ele>
      </trkpt>
      <trkpt lat="37.351584" lon="-82.579615">
        <ele>253.6</ele>
      </trkpt>
      <trkpt lat="37.350787" lon="-82.582784">
        <ele>252.9</ele>
      </trkpt>
      <trkpt lat="37.349546" lon="-82.584356">
        <ele>241.7</ele>
      </trkpt>
      <trkpt lat="37.345877" lon="-82.583923">
        <ele>298.5</ele>
      </trkpt>
      <trkpt lat="37.342602" lon="-82.586643">
        <ele>252.6</ele>
      </trkpt>
      <trkpt lat="37.338155" lon="-82.586716">
        <ele>252.8</ele>
      </trkpt>
      <trkpt lat="37.339261" lon="-82.588905">
        <ele>249.8</ele>
      </trkpt>
      <trkpt lat="37.342886" lon="-82.59299">
        <ele>253.8</ele>
      </trkpt>
      <trkpt lat="37.344284" lon="-82.593342">
        <ele>250.5</ele>
      </trkpt>
      <trkpt lat="37.346654" lon="-82.592202">
        <ele>258.1</ele>
      </trkpt>
      <trkpt lat="37.349746" lon="-82.592578">
        <ele>265.4</ele>
      </trkpt>
      <trkpt lat="37.350157" lon="-82.595987">
        <ele>263.5</ele>
      </trkpt>
      <trkpt lat="37.34942" lon="-82.597571">
        <ele>264.4</ele>
      </trkpt>
      <trkpt lat="37.34674" lon="-82.598904">
        <ele>266.1</ele>
      </trkpt>
      <trkpt lat="37.344182" lon="-82.606005">
        <ele>281.4</ele>
      </trkpt>
      <trkpt lat="37.343676" lon="-82.606425">
        <ele>278.0</ele>
      </trkpt>
      <trkpt lat="37.340704" lon="-82.605978">
        <ele>277.7</ele>
      </trkpt>
      <trkpt lat="37.339075" lon="-82.609393">
        <ele>288.0</ele>
      </trkpt>
      <trkpt lat="37.33854" lon="-82.612659">
        <ele>286.4</ele>
      </trkpt>
      <trkpt lat="37.339915" lon="-82.614622">
        <ele>290.1</ele>
      </trkpt>
      <trkpt lat="37.340747" lon="-82.618084">
        <ele>296.5</ele>
      </trkpt>
      <trkpt lat="37.340267" lon="-82.619834">
        <ele>299.7</ele>
      </trkpt>
      <trkpt lat="37.339039" lon="-82.621502">
        <ele>301.5</ele>
      </trkpt>
      <trkpt lat="37.337224" lon="-82.630807">
        <ele>308.2</ele>
      </trkpt>
      <trkpt lat="37.335948" lon="-82.634763">
        <ele>315.2</ele>
      </trkpt>
      <trkpt lat="37.336231" lon="-82.640096">
        <ele>325.2</ele>
      </trkpt>
      <trkpt lat="37.337389" lon="-82.643635">
        <ele>334.6</ele>
      </trkpt>
      <trkpt lat="37.341095" lon="-82.6461">
        <ele>362.4</ele>
      </trkpt>
      <trkpt lat="37.34175" lon="-82.644695">
        <ele>385.5</ele>
      </trkpt>
      <trkpt lat="37.342475" lon="-82.644616">
        <ele>388.5</ele>
      </trkpt>
      <trkpt lat="37.343178" lon="-82.645642">
        <ele>398.3</ele>
      </trkpt>
      <trkpt lat="37.342973" lon="-82.646658">
        <ele>393.8</ele>
      </trkpt>
      <trkpt lat="37.344577" lon="-82.647364">
        <ele>410.8</ele>
      </trkpt>
      <trkpt lat="37.344835" lon="-82.648596">
        <ele>426.7</ele>
      </trkpt>
      <trkpt lat="37.343965" lon="-82.649382">
        <ele>427.5</ele>
      </trkpt>
      <trkpt lat="37.34432" lon="-82.649953">
        <ele>429.0</ele>
      </trkpt>
      <trkpt lat="37.347364" lon="-82.649712">
        <ele>455.2</ele>
      </trkpt>
      <trkpt lat="37.34855" lon="-82.648721">
        <ele>477.2</ele>
      </trkpt>
      <trkpt lat="37.349407" lon="-82.649224">
        <ele>475.2</ele>
      </trkpt>
      <trkpt lat="37.350945" lon="-82.648912">
        <ele>500.3</ele>
      </trkpt>
      <trkpt lat="37.350949" lon="-82.65153">
        <ele>523.0</ele>
      </trkpt>
      <trkpt lat="37.349072" lon="-82.653745">
        <ele>543.2</ele>
      </trkpt>
      <trkpt lat="37.348947" lon="-82.654646">
        <ele>543.7</ele>
      </trkpt>
      <trkpt lat="37.353401" lon="-82.651843">
        <ele>504.8</ele>
      </trkpt>
      <trkpt lat="37.351638" lon="-82.658631">
        <ele>444.5</ele>
      </trkpt>
      <trkpt lat="37.353259" lon="-82.660673">
        <ele>428.6</ele>
      </trkpt>
      <trkpt lat="37.354873" lon="-82.660622">
        <ele>420.7</ele>
      </trkpt>
      <trkpt lat="37.354516" lon="-82.66224">
        <ele>406.0</ele>
      </trkpt>
      <trkpt lat="37.355206" lon="-82.665405">
        <ele>399.4</ele>
      </trkpt>
      <trkpt lat="37.350758" lon="-82.677671">
        <ele>339.0</ele>
      </trkpt>
      <trkpt lat="37.351568" lon="-82.690913">
        <ele>314.0</ele>
      </trkpt>
      <trkpt lat="37.350734" lon="-82.695081">
        <ele>306.4</ele>
      </trkpt>
      <trkpt lat="37.352707" lon="-82.696184">
        <ele>300.9</ele>
      </trkpt>
      <trkpt lat="37.354291" lon="-82.698409">
        <ele>303.9</ele>
      </trkpt>
      <trkpt lat="37.35684" lon="-82.707973">
        <ele>305.6</ele>
      </trkpt>
      <trkpt lat="37.356922" lon="-82.709708">
        <ele>298.3</ele>
      </trkpt>
      <trkpt lat="37.355877" lon="-82.713076">
        <ele>302.5</ele>
      </trkpt>
      <trkpt lat="37.35424" lon="-82.715044">
        <ele>288.9</ele>
      </trkpt>
      <trkpt lat="37.354147" lon="-82.716094">
        <ele>289.2</ele>
      </trkpt>
      <trkpt lat="37.357714" lon="-82.718539">
        <ele>286.2</ele>
      </trkpt>
      <trkpt lat="37.360052" lon="-82.722245">
        <ele>286.0</ele>
      </trkpt>
      <trkpt lat="37.360068" lon="-82.725819">
        <ele>285.0</ele>
      </trkpt>
      <trkpt lat="37.362443" lon="-82.728583">
        <ele>287.4</ele>
      </trkpt>
      <trkpt lat="37.363648" lon="-82.730982">
        <ele>275.8</ele>
      </trkpt>
      <trkpt lat="37.365214" lon="-82.732144">
        <ele>273.3</ele>
      </trkpt>
      <trkpt lat="37.368346" lon="-82.737123">
        <ele>266.7</ele>
      </trkpt>
      <trkpt lat="37.368924" lon="-82.74383">
        <ele>263.7</ele>
      </trkpt>
      <trkpt lat="37.367231" lon="-82.745626">
        <ele>281.9</ele>
      </trkpt>
      <trkpt lat="37.366056" lon="-82.74803">
        <ele>313.7</ele>
      </trkpt>
      <trkpt lat="37.366192" lon="-82.748887">
        <ele>316.0</ele>
      </trkpt>
      <trkpt lat="37.367091" lon="-82.749291">
        <ele>329.4</ele>
      </trkpt>
      <trkpt lat="37.366716" lon="-82.750984">
        <ele>349.5</ele>
      </trkpt>
      <trkpt lat="37.367279" lon="-82.752165">
        <ele>364.6</ele>
      </trkpt>
      <trkpt lat="37.366102" lon="-82.752516">
        <ele>374.4</ele>
      </trkpt>
      <trkpt lat="37.365914" lon="-82.753252">
        <ele>371.2</ele>
      </trkpt>
      <trkpt lat="37.367299" lon="-82.755113">
        <ele>402.6</ele>
      </trkpt>
      <trkpt lat="37.36731" lon="-82.756658">
        <ele>430.7</ele>
      </trkpt>
      <trkpt lat="37.366571" lon="-82.757727">
        <ele>436.4</ele>
      </trkpt>
      <trkpt lat="37.365124" lon="-82.75743">
        <ele>450.3</ele>
      </trkpt>
      <trkpt lat="37.364791" lon="-82.75826">
        <ele>433.7</ele>
      </trkpt>
      <trkpt lat="37.365885" lon="-82.75897">
        <ele>431.5</ele>
      </trkpt>
      <trkpt lat="37.367282" lon="-82.761384">
        <ele>407.0</ele>
      </trkpt>
      <trkpt lat="37.36895" lon="-82.762137">
        <ele>376.8</ele>
      </trkpt>
      <trkpt lat="37.369581" lon="-82.761975">
        <ele>359.5</ele>
      </trkpt>
      <trkpt lat="37.369699" lon="-82.760365">
        <ele>362.0</ele>
      </trkpt>
      <trkpt lat="37.371022" lon="-82.759575">
        <ele>357.3</ele>
      </trkpt>
      <trkpt lat="37.371356" lon="-82.75986">
        <ele>362.2</ele>
      </trkpt>
      <trkpt lat="37.370497" lon="-82.764724">
        <ele>323.8</ele>
      </trkpt>
      <trkpt lat="37.37203" lon="-82.768131">
        <ele>288.2</ele>
      </trkpt>
      <trkpt lat="37.373873" lon="-82.776892">
        <ele>258.6</ele>
      </trkpt>
      <trkpt lat="37.376319" lon="-82.781433">
        <ele>251.7</ele>
      </trkpt>
      <trkpt lat="37.375027" lon="-82.784858">
        <ele>243.5</ele>
      </trkpt>
      <trkpt lat="37.376783" lon="-82.785894">
        <ele>243.6</ele>
      </trkpt>
      <trkpt lat="37.379698" lon="-82.784444">
        <ele>243.2</ele>
      </trkpt>
      <trkpt lat="37.384071" lon="-82.787258">
        <ele>243.2</ele>
      </trkpt>
      <trkpt lat="37.39018" lon="-82.784329">
        <ele>233.2</ele>
      </trkpt>
      <trkpt lat="37.392827" lon="-82.783874">
        <ele>231.4</ele>
      </trkpt>
      <trkpt lat="37.396946" lon="-82.785231">
        <ele>231.6</ele>
      </trkpt>
      <trkpt lat="37.399762" lon="-82.787602">
        <ele>233.8</ele>
      </trkpt>
      <trkpt lat="37.40111" lon="-82.787844">
        <ele>237.8</ele>
      </trkpt>
      <trkpt lat="37.402793" lon="-82.786827">
        <ele>238.3</ele>
      </trkpt>
      <trkpt lat="37.40548" lon="-82.783163">
        <ele>241.2</ele>
      </trkpt>
      <trkpt lat="37.407453" lon="-82.776911">
        <ele>237.8</ele>
      </trkpt>
      <trkpt lat="37.408372" lon="-82.776063">
        <ele>235.7</ele>
      </trkpt>
      <trkpt lat="37.40941" lon="-82.776075">
        <ele>232.4</ele>
      </trkpt>
      <trkpt lat="37.410293" lon="-82.777481">
        <ele>230.7</ele>
      </trkpt>
      <trkpt lat="37.409879" lon="-82.780126">
        <ele>231.3</ele>
      </trkpt>
      <trkpt lat="37.410343" lon="-82.781307">
        <ele>231.0</ele>
      </trkpt>
      <trkpt lat="37.411296" lon="-82.781764">
        <ele>231.0</ele>
      </trkpt>
      <trkpt lat="37.412841" lon="-82.781513">
        <ele>231.0</ele>
      </trkpt>
      <trkpt lat="37.415222" lon="-82.783846">
        <ele>239.7</ele>
      </trkpt>
      <trkpt lat="37.417683" lon="-82.78516">
        <ele>234.0</ele>
      </trkpt>
      <trkpt lat="37.416201" lon="-82.789257">
        <ele>228.4</ele>
      </trkpt>
      <trkpt lat="37.417404" lon="-82.792315">
        <ele>224.6</ele>
      </trkpt>
      <trkpt lat="37.417226" lon="-82.794682">
        <ele>221.8</ele>
      </trkpt>
      <trkpt lat="37.417661" lon="-82.795932">
        <ele>224.8</ele>
      </trkpt>
      <trkpt lat="37.415543" lon="-82.798604">
        <ele>231.4</ele>
      </trkpt>
      <trkpt lat="37.411883" lon="-82.79863">
        <ele>221.9</ele>
      </trkpt>
      <trkpt lat="37.410917" lon="-82.799454">
        <ele>221.7</ele>
      </trkpt>
      <trkpt lat="37.409391" lon="-82.802203">
        <ele>224.5</ele>
      </trkpt>
      <trkpt lat="37.403127" lon="-82.805986">
        <ele>230.8</ele>
      </trkpt>
      <trkpt lat="37.401608" lon="-82.807558">
        <ele>230.7</ele>
      </trkpt>
      <trkpt lat="37.401893" lon="-82.810474">
        <ele>231.1</ele>
      </trkpt>
      <trkpt lat="37.401537" lon="-82.812123">
        <ele>230.7</ele>
      </trkpt>
      <trkpt lat="37.399726" lon="-82.817759">
        <ele>235.9</ele>
      </trkpt>
      <trkpt lat="37.398207" lon="-82.819118">
        <ele>241.3</ele>
      </trkpt>
      <trkpt lat="37.399039" lon="-82.824368">
        <ele>235.1</ele>
      </trkpt>
      <trkpt lat="37.400271" lon="-82.825652">
        <ele>239.0</ele>
      </trkpt>
      <trkpt lat="37.400481" lon="-82.826967">
        <ele>240.9</ele>
      </trkpt>
      <trkpt lat="37.39754" lon="-82.832109">
        <ele>243.2</ele>
      </trkpt>
      <trkpt lat="37.396121" lon="-82.832334">
        <ele>243.2</ele>
      </trkpt>
      <trkpt lat="37.391372" lon="-82.8297">
        <ele>242.9</ele>
      </trkpt>
      <trkpt lat="37.390057" lon="-82.828448">
        <ele>242.9</ele>
      </trkpt>
      <trkpt lat="37.389054" lon="-82.828559">
        <ele>243.2</ele>
      </trkpt>
      <trkpt lat="37.386643" lon="-82.832459">
        <ele>244.8</ele>
      </trkpt>
      <trkpt lat="37.384183" lon="-82.834133">
        <ele>246.9</ele>
      </trkpt>
      <trkpt lat="37.379734" lon="-82.838554">
        <ele>255.8</ele>
      </trkpt>
      <trkpt lat="37.377823" lon="-82.839444">
        <ele>255.2</ele>
      </trkpt>
      <trkpt lat="37.374968" lon="-82.844552">
        <ele>267.4</ele>
      </trkpt>
      <trkpt lat="37.374093" lon="-82.847473">
        <ele>285.4</ele>
      </trkpt>
      <trkpt lat="37.370527" lon="-82.848894">
        <ele>258.6</ele>
      </trkpt>
      <trkpt lat="37.367515" lon="-82.849136">
        <ele>254.7</ele>
      </trkpt>
      <trkpt lat="37.36336" lon="-82.851323">
        <ele>292.3</ele>
      </trkpt>
      <trkpt lat="37.361583" lon="-82.85415">
        <ele>282.6</ele>
      </trkpt>
      <trkpt lat="37.359629" lon="-82.854035">
        <ele>265.9</ele>
      </trkpt>
      <trkpt lat="37.356869" lon="-82.856727">
        <ele>276.1</ele>
      </trkpt>
      <trkpt lat="37.353361" lon="-82.857464">
        <ele>276.5</ele>
      </trkpt>
      <trkpt lat="37.351298" lon="-82.863437">
        <ele>278.9</ele>
      </trkpt>
      <trkpt lat="37.348501" lon="-82.867641">
        <ele>279.0</ele>
      </trkpt>
      <trkpt lat="37.346024" lon="-82.868364">
        <ele>279.2</ele>
      </trkpt>
      <trkpt lat="37.343792" lon="-82.866491">
        <ele>291.1</ele>
      </trkpt>
      <trkpt lat="37.342426" lon="-82.866365">
        <ele>290.0</ele>
      </trkpt>
      <trkpt lat="37.340539" lon="-82.867867">
        <ele>290.4</ele>
      </trkpt>
      <trkpt lat="37.33899" lon="-82.870576">
        <ele>292.7</ele>
      </trkpt>
      <trkpt lat="37.337303" lon="-82.870779">
        <ele>305.2</ele>
      </trkpt>
      <trkpt lat="37.335548" lon="-82.871904">
        <ele>334.4</ele>
      </trkpt>
      <trkpt lat="37.334219" lon="-82.873541">
        <ele>325.7</ele>
      </trkpt>
      <trkpt lat="37.332795" lon="-82.880347">
        <ele>312.5</ele>
      </trkpt>
      <trkpt lat="37.33085" lon="-82.881133">
        <ele>311.4</ele>
      </trkpt>
      <trkpt lat="37.330107" lon="-82.8821">
        <ele>322.7</ele>
      </trkpt>
      <trkpt lat="37.327934" lon="-82.882661">
        <ele>316.7</ele>
      </trkpt>
      <trkpt lat="37.327173" lon="-82.885243">
        <ele>319.7</ele>
      </trkpt>
      <trkpt lat="37.323808" lon="-82.891383">
        <ele>329.9</ele>
      </trkpt>
      <trkpt lat="37.321074" lon="-82.892127">
        <ele>339.9</ele>
      </trkpt>
      <trkpt lat="37.314595" lon="-82.902225">
        <ele>396.4</ele>
      </trkpt>
      <trkpt lat="37.310688" lon="-82.906959">
        <ele>373.1</ele>
      </trkpt>
      <trkpt lat="37.308988" lon="-82.912101">
        <ele>369.6</ele>
      </trkpt>
      <trkpt lat="37.305847" lon="-82.915784">
        <ele>351.6</ele>
      </trkpt>
      <trkpt lat="37.303007" lon="-82.917164">
        <ele>349.1</ele>
      </trkpt>
      <trkpt lat="37.301574" lon="-82.922953">
        <ele>343.3</ele>
      </trkpt>
      <trkpt lat="37.302194" lon="-82.925056">
        <ele>346.5</ele>
      </trkpt>
      <trkpt lat="37.303991" lon="-82.927335">
        <ele>349.5</ele>
      </trkpt>
      <trkpt lat="37.306924" lon="-82.929215">
        <ele>336.0</ele>
      </trkpt>
      <trkpt lat="37.310589" lon="-82.933901">
        <ele>332.2</ele>
      </trkpt>
      <trkpt lat="37.313815" lon="-82.936162">
        <ele>332.4</ele>
      </trkpt>
      <trkpt lat="37.31512" lon="-82.939822">
        <ele>327.4</ele>
      </trkpt>
      <trkpt lat="37.315545" lon="-82.945902">
        <ele>329.0</ele>
      </trkpt>
      <trkpt lat="37.315222" lon="-82.947141">
        <ele>325.5</ele>
      </trkpt>
      <trkpt lat="37.317324" lon="-82.949854">
        <ele>331.2</ele>
      </trkpt>
      <trkpt lat="37.31816" lon="-82.955766">
        <ele>329.9</ele>
      </trkpt>
      <trkpt lat="37.321141" lon="-82.960798">
        <ele>328.1</ele>
      </trkpt>
      <trkpt lat="37.323585" lon="-82.967785">
        <ele>328.3</ele>
      </trkpt>
      <trkpt lat="37.328015" lon="-82.968837">
        <ele>329.1</ele>
      </trkpt>
      <trkpt lat="37.330648" lon="-82.967692">
        <ele>324.2</ele>
      </trkpt>
      <trkpt lat="37.331638" lon="-82.9694">
        <ele>321.2</ele>
      </trkpt>
      <trkpt lat="37.331831" lon="-82.971053">
        <ele>324.1</ele>
      </trkpt>
      <trkpt lat="37.334472" lon="-82.972104">
        <ele>320.9</ele>
      </trkpt>
      <trkpt lat="37.334925" lon="-82.972759">
        <ele>320.0</ele>
      </trkpt>
      <trkpt lat="37.335912" lon="-82.980883">
        <ele>314.2</ele>
      </trkpt>
      <trkpt lat="37.333798" lon="-82.983819">
        <ele>313.5</ele>
      </trkpt>
      <trkpt lat="37.331633" lon="-82.985568">
        <ele>310.9</ele>
      </trkpt>
      <trkpt lat="37.331022" lon="-82.986804">
        <ele>310.4</ele>
      </trkpt>
      <trkpt lat="37.329934" lon="-82.993316">
        <ele>310.4</ele>
      </trkpt>
      <trkpt lat="37.33192" lon="-82.995656">
        <ele>313.6</ele>
      </trkpt>
      <trkpt lat="37.332683" lon="-82.997604">
        <ele>312.3</ele>
      </trkpt>
      <trkpt lat="37.329669" lon="-83.002929">
        <ele>307.3</ele>
      </trkpt>
      <trkpt lat="37.330051" lon="-83.003549">
        <ele>307.4</ele>
      </trkpt>
      <trkpt lat="37.332364" lon="-83.004542">
        <ele>307.7</ele>
      </trkpt>
      <trkpt lat="37.333771" lon="-83.007683">
        <ele>308.7</ele>
      </trkpt>
      <trkpt lat="37.336678" lon="-83.006293">
        <ele>306.3</ele>
      </trkpt>
      <trkpt lat="37.337253" lon="-83.006382">
        <ele>306.3</ele>
      </trkpt>
      <trkpt lat="37.337427" lon="-83.007024">
        <ele>306.6</ele>
      </trkpt>
      <trkpt lat="37.333918" lon="-83.013066">
        <ele>311.7</ele>
      </trkpt>
      <trkpt lat="37.332688" lon="-83.013557">
        <ele>313.3</ele>
      </trkpt>
      <trkpt lat="37.329899" lon="-83.013291">
        <ele>305.7</ele>
      </trkpt>
      <trkpt lat="37.328508" lon="-83.013998">
        <ele>306.1</ele>
      </trkpt>
      <trkpt lat="37.327331" lon="-83.01799">
        <ele>303.5</ele>
      </trkpt>
      <trkpt lat="37.329081" lon="-83.020012">
        <ele>305.6</ele>
      </trkpt>
      <trkpt lat="37.329689" lon="-83.022133">
        <ele>305.4</ele>
      </trkpt>
      <trkpt lat="37.333055" lon="-83.02452">
        <ele>303.3</ele>
      </trkpt>
      <trkpt lat="37.333572" lon="-83.02542">
        <ele>304.2</ele>
      </trkpt>
      <trkpt lat="37.333269" lon="-83.027546">
        <ele>303.0</ele>
      </trkpt>
      <trkpt lat="37.331427" lon="-83.031677">
        <ele>301.7</ele>
      </trkpt>
      <trkpt lat="37.331436" lon="-83.035086">
        <ele>305.0</ele>
      </trkpt>
      <trkpt lat="37.330877" lon="-83.035878">
        <ele>311.3</ele>
      </trkpt>
      <trkpt lat="37.329408" lon="-83.036154">
        <ele>310.0</ele>
      </trkpt>
      <trkpt lat="37.329254" lon="-83.036968">
        <ele>305.7</ele>
      </trkpt>
      <trkpt lat="37.332427" lon="-83.041814">
        <ele>304.6</ele>
      </trkpt>
      <trkpt lat="37.33608" lon="-83.042271">
        <ele>297.7</ele>
      </trkpt>
      <trkpt lat="37.335202" lon="-83.045859">
        <ele>297.0</ele>
      </trkpt>
      <trkpt lat="37.335331" lon="-83.047302">
        <ele>299.8</ele>
      </trkpt>
      <trkpt lat="37.340489" lon="-83.045817">
        <ele>296.2</ele>
      </trkpt>
      <trkpt lat="37.341881" lon="-83.046351">
        <ele>295.0</ele>
      </trkpt>
      <trkpt lat="37.342753" lon="-83.048062">
        <ele>294.1</ele>
      </trkpt>
      <trkpt lat="37.340895" lon="-83.053052">
        <ele>296.8</ele>
      </trkpt>
      <trkpt lat="37.337658" lon="-83.054459">
        <ele>292.8</ele>
      </trkpt>
      <trkpt lat="37.333084" lon="-83.057494">
        <ele>294.3</ele>
      </trkpt>
      <trkpt lat="37.33193" lon="-83.058389">
        <ele>292.2</ele>
      </trkpt>
      <trkpt lat="37.331479" lon="-83.059493">
        <ele>294.5</ele>
      </trkpt>
      <trkpt lat="37.331756" lon="-83.060094">
        <ele>293.0</ele>
      </trkpt>
      <trkpt lat="37.334937" lon="-83.061692">
        <ele>292.5</ele>
      </trkpt>
      <trkpt lat="37.336332" lon="-83.063903">
        <ele>291.4</ele>
      </trkpt>
      <trkpt lat="37.337768" lon="-83.070408">
        <ele>288.7</ele>
      </trkpt>
      <trkpt lat="37.337394" lon="-83.072396">
        <ele>289.2</ele>
      </trkpt>
      <trkpt lat="37.336277" lon="-83.074477">
        <ele>293.0</ele>
      </trkpt>
      <trkpt lat="37.336631" lon="-83.077693">
        <ele>302.1</ele>
      </trkpt>
      <trkpt lat="37.335597" lon="-83.080024">
        <ele>312.1</ele>
      </trkpt>
      <trkpt lat="37.336068" lon="-83.080471">
        <ele>309.5</ele>
      </trkpt>
      <trkpt lat="37.339062" lon="-83.079379">
        <ele>290.7</ele>
      </trkpt>
      <trkpt lat="37.341089" lon="-83.0804">
        <ele>287.4</ele>
      </trkpt>
      <trkpt lat="37.341246" lon="-83.082578">
        <ele>285.2</ele>
      </trkpt>
      <trkpt lat="37.33958" lon="-83.08629">
        <ele>283.9</ele>
      </trkpt>
      <trkpt lat="37.339349" lon="-83.087859">
        <ele>285.5</ele>
      </trkpt>
      <trkpt lat="37.342466" lon="-83.093164">
        <ele>283.9</ele>
      </trkpt>
      <trkpt lat="37.342221" lon="-83.094169">
        <ele>285.0</ele>
      </trkpt>
      <trkpt lat="37.34148" lon="-83.094786">
        <ele>284.0</ele>
      </trkpt>
      <trkpt lat="37.338227" lon="-83.095537">
        <ele>283.5</ele>
      </trkpt>
      <trkpt lat="37.337964" lon="-83.099391">
        <ele>285.7</ele>
      </trkpt>
      <trkpt lat="37.335338" lon="-83.101582">
        <ele>281.3</ele>
      </trkpt>
      <trkpt lat="37.334744" lon="-83.103012">
        <ele>279.8</ele>
      </trkpt>
      <trkpt lat="37.339265" lon="-83.10656">
        <ele>278.1</ele>
      </trkpt>
      <trkpt lat="37.339746" lon="-83.108052">
        <ele>283.3</ele>
      </trkpt>
      <trkpt lat="37.339592" lon="-83.110031">
        <ele>282.3</ele>
      </trkpt>
      <trkpt lat="37.340262" lon="-83.111051">
        <ele>280.7</ele>
      </trkpt>
      <trkpt lat="37.344877" lon="-83.111704">
        <ele>277.6</ele>
      </trkpt>
      <trkpt lat="37.345567" lon="-83.112764">
        <ele>287.5</ele>
      </trkpt>
      <trkpt lat="37.344366" lon="-83.114803">
        <ele>279.5</ele>
      </trkpt>
      <trkpt lat="37.342413" lon="-83.116362">
        <ele>277.5</ele>
      </trkpt>
      <trkpt lat="37.341441" lon="-83.119181">
        <ele>277.2</ele>
      </trkpt>
      <trkpt lat="37.339238" lon="-83.120882">
        <ele>277.1</ele>
      </trkpt>
      <trkpt lat="37.337312" lon="-83.128202">
        <ele>276.9</ele>
      </trkpt>
      <trkpt lat="37.335997" lon="-83.128629">
        <ele>277.9</ele>
      </trkpt>
      <trkpt lat="37.335035" lon="-83.130292">
        <ele>285.4</ele>
      </trkpt>
      <trkpt lat="37.335027" lon="-83.132086">
        <ele>297.6</ele>
      </trkpt>
      <trkpt lat="37.333123" lon="-83.138744">
        <ele>312.9</ele>
      </trkpt>
      <trkpt lat="37.331575" lon="-83.140676">
        <ele>308.8</ele>
      </trkpt>
      <trkpt lat="37.329023" lon="-83.142522">
        <ele>319.2</ele>
      </trkpt>
      <trkpt lat="37.328469" lon="-83.145091">
        <ele>335.2</ele>
      </trkpt>
      <trkpt lat="37.326031" lon="-83.146628">
        <ele>355.1</ele>
      </trkpt>
      <trkpt lat="37.324947" lon="-83.148335">
        <ele>363.4</ele>
      </trkpt>
      <trkpt lat="37.322881" lon="-83.149898">
        <ele>386.0</ele>
      </trkpt>
      <trkpt lat="37.321734" lon="-83.151867">
        <ele>402.1</ele>
      </trkpt>
      <trkpt lat="37.318766" lon="-83.154192">
        <ele>387.2</ele>
      </trkpt>
      <trkpt lat="37.318605" lon="-83.154777">
        <ele>383.5</ele>
      </trkpt>
      <trkpt lat="37.315893" lon="-83.153605">
        <ele>366.0</ele>
      </trkpt>
      <trkpt lat="37.31492" lon="-83.154558">
        <ele>359.9</ele>
      </trkpt>
      <trkpt lat="37.312248" lon="-83.155797">
        <ele>341.5</ele>
      </trkpt>
      <trkpt lat="37.311741" lon="-83.157044">
        <ele>334.6</ele>
      </trkpt>
      <trkpt lat="37.305927" lon="-83.160595">
        <ele>309.1</ele>
      </trkpt>
      <trkpt lat="37.302487" lon="-83.16566">
        <ele>275.5</ele>
      </trkpt>
      <trkpt lat="37.299514" lon="-83.16673">
        <ele>273.7</ele>
      </trkpt>
      <trkpt lat="37.298569" lon="-83.167696">
        <ele>269.3</ele>
      </trkpt>
      <trkpt lat="37.297854" lon="-83.168684">
        <ele>270.9</ele>
      </trkpt>
      <trkpt lat="37.297478" lon="-83.171106">
        <ele>267.8</ele>
      </trkpt>
      <trkpt lat="37.296568" lon="-83.173041">
        <ele>265.2</ele>
      </trkpt>
      <trkpt lat="37.294696" lon="-83.175199">
        <ele>263.5</ele>
      </trkpt>
      <trkpt lat="37.291933" lon="-83.177372">
        <ele>263.6</ele>
      </trkpt>
      <trkpt lat="37.288404" lon="-83.178716">
        <ele>261.6</ele>
      </trkpt>
      <trkpt lat="37.287806" lon="-83.180867">
        <ele>260.6</ele>
      </trkpt>
      <trkpt lat="37.287733" lon="-83.184572">
        <ele>273.1</ele>
      </trkpt>
      <trkpt lat="37.286427" lon="-83.186005">
        <ele>270.8</ele>
      </trkpt>
      <trkpt lat="37.284176" lon="-83.18695">
        <ele>260.7</ele>
      </trkpt>
      <trkpt lat="37.283215" lon="-83.188522">
        <ele>260.8</ele>
      </trkpt>
      <trkpt lat="37.282777" lon="-83.191737">
        <ele>262.6</ele>
      </trkpt>
      <trkpt lat="37.284148" lon="-83.193359">
        <ele>261.1</ele>
      </trkpt>
      <trkpt lat="37.283341" lon="-83.196816">
        <ele>266.3</ele>
      </trkpt>
      <trkpt lat="37.283637" lon="-83.201486">
        <ele>261.7</ele>
      </trkpt>
      <trkpt lat="37.287367" lon="-83.208791">
        <ele>259.9</ele>
      </trkpt>
      <trkpt lat="37.287535" lon="-83.211363">
        <ele>260.0</ele>
      </trkpt>
      <trkpt lat="37.284858" lon="-83.212572">
        <ele>259.6</ele>
      </trkpt>
      <trkpt lat="37.283024" lon="-83.212577">
        <ele>260.2</ele>
      </trkpt>
      <trkpt lat="37.278294" lon="-83.209495">
        <ele>259.7</ele>
      </trkpt>
      <trkpt lat="37.270239" lon="-83.207654">
        <ele>258.7</ele>
      </trkpt>
      <trkpt lat="37.267339" lon="-83.208563">
        <ele>259.6</ele>
      </trkpt>
      <trkpt lat="37.265151" lon="-83.210078">
        <ele>262.9</ele>
      </trkpt>
      <trkpt lat="37.26486" lon="-83.21147">
        <ele>265.9</ele>
      </trkpt>
      <trkpt lat="37.266417" lon="-83.215508">
        <ele>269.3</ele>
      </trkpt>
      <trkpt lat="37.266769" lon="-83.219005">
        <ele>264.7</ele>
      </trkpt>
      <trkpt lat="37.264456" lon="-83.222386">
        <ele>258.8</ele>
      </trkpt>
      <trkpt lat="37.264146" lon="-83.225418">
        <ele>257.9</ele>
      </trkpt>
      <trkpt lat="37.26668" lon="-83.230459">
        <ele>267.6</ele>
      </trkpt>
      <trkpt lat="37.264469" lon="-83.235786">
        <ele>264.4</ele>
      </trkpt>
      <trkpt lat="37.264086" lon="-83.237958">
        <ele>257.7</ele>
      </trkpt>
      <trkpt lat="37.265103" lon="-83.240085">
        <ele>262.0</ele>
      </trkpt>
      <trkpt lat="37.267882" lon="-83.242509">
        <ele>256.9</ele>
      </trkpt>
      <trkpt lat="37.268044" lon="-83.244708">
        <ele>256.7</ele>
      </trkpt>
      <trkpt lat="37.266972" lon="-83.247187">
        <ele>259.2</ele>
      </trkpt>
      <trkpt lat="37.265063" lon="-83.249273">
        <ele>258.6</ele>
      </trkpt>
      <trkpt lat="37.262688" lon="-83.25002">
        <ele>264.5</ele>
      </trkpt>
      <trkpt lat="37.260155" lon="-83.248964">
        <ele>257.8</ele>
      </trkpt>
      <trkpt lat="37.259276" lon="-83.24974">
        <ele>258.4</ele>
      </trkpt>
      <trkpt lat="37.258947" lon="-83.251026">
        <ele>258.9</ele>
      </trkpt>
      <trkpt lat="37.259546" lon="-83.253576">
        <ele>268.0</ele>
      </trkpt>
      <trkpt lat="37.258282" lon="-83.25616">
        <ele>291.5</ele>
      </trkpt>
      <trkpt lat="37.258446" lon="-83.260478">
        <ele>325.3</ele>
      </trkpt>
      <trkpt lat="37.257415" lon="-83.261904">
        <ele>341.1</ele>
      </trkpt>
      <trkpt lat="37.257956" lon="-83.263641">
        <ele>347.9</ele>
      </trkpt>
      <trkpt lat="37.257173" lon="-83.264925">
        <ele>360.2</ele>
      </trkpt>
      <trkpt lat="37.257847" lon="-83.267028">
        <ele>366.8</ele>
      </trkpt>
      <trkpt lat="37.256812" lon="-83.268171">
        <ele>352.2</ele>
      </trkpt>
      <trkpt lat="37.259791" lon="-83.267062">
        <ele>329.9</ele>
      </trkpt>
      <trkpt lat="37.261" lon="-83.2673">
        <ele>330.4</ele>
      </trkpt>
      <trkpt lat="37.267004" lon="-83.276827">
        <ele>311.2</ele>
      </trkpt>
      <trkpt lat="37.268154" lon="-83.277505">
        <ele>307.8</ele>
      </trkpt>
      <trkpt lat="37.270361" lon="-83.277121">
        <ele>306.8</ele>
      </trkpt>
      <trkpt lat="37.272925" lon="-83.278208">
        <ele>297.5</ele>
      </trkpt>
      <trkpt lat="37.275737" lon="-83.280276">
        <ele>274.6</ele>
      </trkpt>
      <trkpt lat="37.276268" lon="-83.281369">
        <ele>276.3</ele>
      </trkpt>
      <trkpt lat="37.276219" lon="-83.287871">
        <ele>248.3</ele>
      </trkpt>
      <trkpt lat="37.277854" lon="-83.291655">
        <ele>251.1</ele>
      </trkpt>
      <trkpt lat="37.276394" lon="-83.293012">
        <ele>250.2</ele>
      </trkpt>
      <trkpt lat="37.276302" lon="-83.294522">
        <ele>252.6</ele>
      </trkpt>
      <trkpt lat="37.278598" lon="-83.29962">
        <ele>250.9</ele>
      </trkpt>
      <trkpt lat="37.277876" lon="-83.3038">
        <ele>249.5</ele>
      </trkpt>
      <trkpt lat="37.279728" lon="-83.306261">
        <ele>250.7</ele>
      </trkpt>
      <trkpt lat="37.280376" lon="-83.308944">
        <ele>248.2</ele>
      </trkpt>
      <trkpt lat="37.279267" lon="-83.313508">
        <ele>276.4</ele>
      </trkpt>
      <trkpt lat="37.281031" lon="-83.320228">
        <ele>299.4</ele>
      </trkpt>
      <trkpt lat="37.280881" lon="-83.322565">
        <ele>313.0</ele>
      </trkpt>
      <trkpt lat="37.282277" lon="-83.326473">
        <ele>333.4</ele>
      </trkpt>
      <trkpt lat="37.283483" lon="-83.327529">
        <ele>347.3</ele>
      </trkpt>
      <trkpt lat="37.285529" lon="-83.328087">
        <ele>367.1</ele>
      </trkpt>
      <trkpt lat="37.286106" lon="-83.328887">
        <ele>376.1</ele>
      </trkpt>
      <trkpt lat="37.28605" lon="-83.331293">
        <ele>385.8</ele>
      </trkpt>
      <trkpt lat="37.284892" lon="-83.332054">
        <ele>385.0</ele>
      </trkpt>
      <trkpt lat="37.284402" lon="-83.333879">
        <ele>384.9</ele>
      </trkpt>
      <trkpt lat="37.285809" lon="-83.33578">
        <ele>383.1</ele>
      </trkpt>
      <trkpt lat="37.288077" lon="-83.336202">
        <ele>374.4</ele>
      </trkpt>
      <trkpt lat="37.288496" lon="-83.340229">
        <ele>336.1</ele>
      </trkpt>
      <trkpt lat="37.289487" lon="-83.340533">
        <ele>326.5</ele>
      </trkpt>
      <trkpt lat="37.291371" lon="-83.339688">
        <ele>299.7</ele>
      </trkpt>
      <trkpt lat="37.296591" lon="-83.342322">
        <ele>271.4</ele>
      </trkpt>
      <trkpt lat="37.298004" lon="-83.341331">
        <ele>268.8</ele>
      </trkpt>
      <trkpt lat="37.298857" lon="-83.339988">
        <ele>262.3</ele>
      </trkpt>
      <trkpt lat="37.301444" lon="-83.339151">
        <ele>258.0</ele>
      </trkpt>
      <trkpt lat="37.304495" lon="-83.335578">
        <ele>248.1</ele>
      </trkpt>
      <trkpt lat="37.306114" lon="-83.337059">
        <ele>247.0</ele>
      </trkpt>
      <trkpt lat="37.309653" lon="-83.338959">
        <ele>244.2</ele>
      </trkpt>
      <trkpt lat="37.310295" lon="-83.341003">
        <ele>244.2</ele>
      </trkpt>
      <trkpt lat="37.310307" lon="-83.343485">
        <ele>251.9</ele>
      </trkpt>
      <trkpt lat="37.313603" lon="-83.353144">
        <ele>248.3</ele>
      </trkpt>
      <trkpt lat="37.314888" lon="-83.355559">
        <ele>247.3</ele>
      </trkpt>
      <trkpt lat="37.316847" lon="-83.356663">
        <ele>247.2</ele>
      </trkpt>
      <trkpt lat="37.318543" lon="-83.355728">
        <ele>256.8</ele>
      </trkpt>
      <trkpt lat="37.32086" lon="-83.350215">
        <ele>252.7</ele>
      </trkpt>
      <trkpt lat="37.322791" lon="-83.348232">
        <ele>248.5</ele>
      </trkpt>
      <trkpt lat="37.323501" lon="-83.348588">
        <ele>248.8</ele>
      </trkpt>
      <trkpt lat="37.325897" lon="-83.352059">
        <ele>249.0</ele>
      </trkpt>
      <trkpt lat="37.327544" lon="-83.352614">
        <ele>258.7</ele>
      </trkpt>
      <trkpt lat="37.32853" lon="-83.353909">
        <ele>258.7</ele>
      </trkpt>
      <trkpt lat="37.331274" lon="-83.35573">
        <ele>257.2</ele>
      </trkpt>
      <trkpt lat="37.331708" lon="-83.356734">
        <ele>254.0</ele>
      </trkpt>
      <trkpt lat="37.331362" lon="-83.359562">
        <ele>250.5</ele>
      </trkpt>
      <trkpt lat="37.332879" lon="-83.357266">
        <ele>265.8</ele>
      </trkpt>
      <trkpt lat="37.336368" lon="-83.356756">
        <ele>247.5</ele>
      </trkpt>
      <trkpt lat="37.340586" lon="-83.353236">
        <ele>243.5</ele>
      </trkpt>
      <trkpt lat="37.343006" lon="-83.353737">
        <ele>242.4</ele>
      </trkpt>
      <trkpt lat="37.344752" lon="-83.360751">
        <ele>245.1</ele>
      </trkpt>
      <trkpt lat="37.344545" lon="-83.363094">
        <ele>247.9</ele>
      </trkpt>
      <trkpt lat="37.343285" lon="-83.366452">
        <ele>254.7</ele>
      </trkpt>
      <trkpt lat="37.341987" lon="-83.368584">
        <ele>259.3</ele>
      </trkpt>
      <trkpt lat="37.339393" lon="-83.370068">
        <ele>277.4</ele>
      </trkpt>
      <trkpt lat="37.336921" lon="-83.373906">
        <ele>287.7</ele>
      </trkpt>
      <trkpt lat="37.33576" lon="-83.376673">
        <ele>283.2</ele>
      </trkpt>
      <trkpt lat="37.334559" lon="-83.38269">
        <ele>323.1</ele>
      </trkpt>
      <trkpt lat="37.331979" lon="-83.384508">
        <ele>343.5</ele>
      </trkpt>
      <trkpt lat="37.329631" lon="-83.383934">
        <ele>361.1</ele>
      </trkpt>
      <trkpt lat="37.326684" lon="-83.386572">
        <ele>386.2</ele>
      </trkpt>
      <trkpt lat="37.32698" lon="-83.387251">
        <ele>391.4</ele>
      </trkpt>
      <trkpt lat="37.328338" lon="-83.387971">
        <ele>402.4</ele>
      </trkpt>
      <trkpt lat="37.330577" lon="-83.387783">
        <ele>414.8</ele>
      </trkpt>
      <trkpt lat="37.328947" lon="-83.390112">
        <ele>438.4</ele>
      </trkpt>
      <trkpt lat="37.331462" lon="-83.393132">
        <ele>439.4</ele>
      </trkpt>
      <trkpt lat="37.33213" lon="-83.395831">
        <ele>425.2</ele>
      </trkpt>
      <trkpt lat="37.330324" lon="-83.399007">
        <ele>397.0</ele>
      </trkpt>
      <trkpt lat="37.330373" lon="-83.403665">
        <ele>368.3</ele>
      </trkpt>
      <trkpt lat="37.330964" lon="-83.403457">
        <ele>364.7</ele>
      </trkpt>
      <trkpt lat="37.331784" lon="-83.401949">
        <ele>354.1</ele>
      </trkpt>
      <trkpt lat="37.33273" lon="-83.403166">
        <ele>356.4</ele>
      </trkpt>
      <trkpt lat="37.334416" lon="-83.402892">
        <ele>356.0</ele>
      </trkpt>
      <trkpt lat="37.334702" lon="-83.401986">
        <ele>361.3</ele>
      </trkpt>
      <trkpt lat="37.334097" lon="-83.400144">
        <ele>370.5</ele>
      </trkpt>
      <trkpt lat="37.334823" lon="-83.399161">
        <ele>378.9</ele>
      </trkpt>
      <trkpt lat="37.335924" lon="-83.400977">
        <ele>390.2</ele>
      </trkpt>
      <trkpt lat="37.337549" lon="-83.399949">
        <ele>409.0</ele>
      </trkpt>
      <trkpt lat="37.338184" lon="-83.400582">
        <ele>417.9</ele>
      </trkpt>
      <trkpt lat="37.337847" lon="-83.40287">
        <ele>434.0</ele>
      </trkpt>
      <trkpt lat="37.336284" lon="-83.406059">
        <ele>452.5</ele>
      </trkpt>
      <trkpt lat="37.336582" lon="-83.406754">
        <ele>452.3</ele>
      </trkpt>
      <trkpt lat="37.338456" lon="-83.405217">
        <ele>449.6</ele>
      </trkpt>
      <trkpt lat="37.340949" lon="-83.4078">
        <ele>448.4</ele>
      </trkpt>
      <trkpt lat="37.343856" lon="-83.408766">
        <ele>460.9</ele>
      </trkpt>
      <trkpt lat="37.349727" lon="-83.407684">
        <ele>453.3</ele>
      </trkpt>
      <trkpt lat="37.352566" lon="-83.407717">
        <ele>446.1</ele>
      </trkpt>
      <trkpt lat="37.35369" lon="-83.406714">
        <ele>439.3</ele>
      </trkpt>
      <trkpt lat="37.354402" lon="-83.407488">
        <ele>432.6</ele>
      </trkpt>
      <trkpt lat="37.351655" lon="-83.409444">
        <ele>409.7</ele>
      </trkpt>
      <trkpt lat="37.348136" lon="-83.409129">
        <ele>397.4</ele>
      </trkpt>
      <trkpt lat="37.34672" lon="-83.410289">
        <ele>392.9</ele>
      </trkpt>
      <trkpt lat="37.346842" lon="-83.411079">
        <ele>390.3</ele>
      </trkpt>
      <trkpt lat="37.348876" lon="-83.411747">
        <ele>377.1</ele>
      </trkpt>
      <trkpt lat="37.350166" lon="-83.413598">
        <ele>361.4</ele>
      </trkpt>
      <trkpt lat="37.350103" lon="-83.415874">
        <ele>345.8</ele>
      </trkpt>
      <trkpt lat="37.349054" lon="-83.420092">
        <ele>359.6</ele>
      </trkpt>
      <trkpt lat="37.34975" lon="-83.423127">
        <ele>385.9</ele>
      </trkpt>
      <trkpt lat="37.351727" lon="-83.423284">
        <ele>406.8</ele>
      </trkpt>
      <trkpt lat="37.352407" lon="-83.423794">
        <ele>420.7</ele>
      </trkpt>
      <trkpt lat="37.352207" lon="-83.426314">
        <ele>429.0</ele>
      </trkpt>
      <trkpt lat="37.351085" lon="-83.431722">
        <ele>400.2</ele>
      </trkpt>
      <trkpt lat="37.348692" lon="-83.434301">
        <ele>372.3</ele>
      </trkpt>
      <trkpt lat="37.350457" lon="-83.43567">
        <ele>356.2</ele>
      </trkpt>
      <trkpt lat="37.350453" lon="-83.436932">
        <ele>350.5</ele>
      </trkpt>
      <trkpt lat="37.348695" lon="-83.438089">
        <ele>339.1</ele>
      </trkpt>
      <trkpt lat="37.346503" lon="-83.437517">
        <ele>316.9</ele>
      </trkpt>
      <trkpt lat="37.345066" lon="-83.439301">
        <ele>293.7</ele>
      </trkpt>
      <trkpt lat="37.342683" lon="-83.443963">
        <ele>242.4</ele>
      </trkpt>
      <trkpt lat="37.343187" lon="-83.449904">
        <ele>241.6</ele>
      </trkpt>
      <trkpt lat="37.340237" lon="-83.455034">
        <ele>243.4</ele>
      </trkpt>
      <trkpt lat="37.340167" lon="-83.457154">
        <ele>239.6</ele>
      </trkpt>
      <trkpt lat="37.340896" lon="-83.458835">
        <ele>237.9</ele>
      </trkpt>
      <trkpt lat="37.344097" lon="-83.461141">
        <ele>228.5</ele>
      </trkpt>
      <trkpt lat="37.348135" lon="-83.462044">
        <ele>227.1</ele>
      </trkpt>
      <trkpt lat="37.349785" lon="-83.464486">
        <ele>229.1</ele>
      </trkpt>
      <trkpt lat="37.350113" lon="-83.466252">
        <ele>229.7</ele>
      </trkpt>
      <trkpt lat="37.349812" lon="-83.468056">
        <ele>228.8</ele>
      </trkpt>
      <trkpt lat="37.346681" lon="-83.470933">
        <ele>228.5</ele>
      </trkpt>
      <trkpt lat="37.346852" lon="-83.471767">
        <ele>226.2</ele>
      </trkpt>
      <trkpt lat="37.34826" lon="-83.47257">
        <ele>227.1</ele>
      </trkpt>
      <trkpt lat="37.346806" lon="-83.476692">
        <ele>230.5</ele>
      </trkpt>
      <trkpt lat="37.34921" lon="-83.477347">
        <ele>237.8</ele>
      </trkpt>
      <trkpt lat="37.352602" lon="-83.485416">
        <ele>296.7</ele>
      </trkpt>
      <trkpt lat="37.35446" lon="-83.487842">
        <ele>319.3</ele>
      </trkpt>
      <trkpt lat="37.355894" lon="-83.487824">
        <ele>330.7</ele>
      </trkpt>
      <trkpt lat="37.35745" lon="-83.489094">
        <ele>349.5</ele>
      </trkpt>
      <trkpt lat="37.359434" lon="-83.488208">
        <ele>342.1</ele>
      </trkpt>
      <trkpt lat="37.362366" lon="-83.48889">
        <ele>316.1</ele>
      </trkpt>
      <trkpt lat="37.363735" lon="-83.490233">
        <ele>301.0</ele>
      </trkpt>
      <trkpt lat="37.365253" lon="-83.490871">
        <ele>286.9</ele>
      </trkpt>
      <trkpt lat="37.366133" lon="-83.492114">
        <ele>277.4</ele>
      </trkpt>
      <trkpt lat="37.368331" lon="-83.492757">
        <ele>261.4</ele>
      </trkpt>
      <trkpt lat="37.369788" lon="-83.492506">
        <ele>250.1</ele>
      </trkpt>
      <trkpt lat="37.371604" lon="-83.492916">
        <ele>245.1</ele>
      </trkpt>
      <trkpt lat="37.373407" lon="-83.49201">
        <ele>246.8</ele>
      </trkpt>
      <trkpt lat="37.375226" lon="-83.493539">
        <ele>242.3</ele>
      </trkpt>
      <trkpt lat="37.376794" lon="-83.493579">
        <ele>238.5</ele>
      </trkpt>
      <trkpt lat="37.378666" lon="-83.492592">
        <ele>236.8</ele>
      </trkpt>
      <trkpt lat="37.380743" lon="-83.493897">
        <ele>235.6</ele>
      </trkpt>
      <trkpt lat="37.388253" lon="-83.49459">
        <ele>232.5</ele>
      </trkpt>
      <trkpt lat="37.389504" lon="-83.499314">
        <ele>233.2</ele>
      </trkpt>
      <trkpt lat="37.388391" lon="-83.50533">
        <ele>237.4</ele>
      </trkpt>
      <trkpt lat="37.390623" lon="-83.511396">
        <ele>239.2</ele>
      </trkpt>
      <trkpt lat="37.393694" lon="-83.517423">
        <ele>251.1</ele>
      </trkpt>
      <trkpt lat="37.393956" lon="-83.519109">
        <ele>250.8</ele>
      </trkpt>
      <trkpt lat="37.393294" lon="-83.522255">
        <ele>256.0</ele>
      </trkpt>
      <trkpt lat="37.394178" lon="-83.524498">
        <ele>257.5</ele>
      </trkpt>
      <trkpt lat="37.396007" lon="-83.526044">
        <ele>260.6</ele>
      </trkpt>
      <trkpt lat="37.397616" lon="-83.525799">
        <ele>265.1</ele>
      </trkpt>
      <trkpt lat="37.400406" lon="-83.526379">
        <ele>276.4</ele>
      </trkpt>
      <trkpt lat="37.401946" lon="-83.527718">
        <ele>282.2</ele>
      </trkpt>
      <trkpt lat="37.402909" lon="-83.529836">
        <ele>298.7</ele>
      </trkpt>
      <trkpt lat="37.404554" lon="-83.531816">
        <ele>295.9</ele>
      </trkpt>
      <trkpt lat="37.407904" lon="-83.532663">
        <ele>304.5</ele>
      </trkpt>
      <trkpt lat="37.408344" lon="-83.534214">
        <ele>317.9</ele>
      </trkpt>
      <trkpt lat="37.409946" lon="-83.535585">
        <ele>334.3</ele>
      </trkpt>
      <trkpt lat="37.409695" lon="-83.538128">
        <ele>354.1</ele>
      </trkpt>
      <trkpt lat="37.411425" lon="-83.537979">
        <ele>367.8</ele>
      </trkpt>
      <trkpt lat="37.413366" lon="-83.53675">
        <ele>379.1</ele>
      </trkpt>
      <trkpt lat="37.41452" lon="-83.537021">
        <ele>370.3</ele>
      </trkpt>
      <trkpt lat="37.416654" lon="-83.536276">
        <ele>356.6</ele>
      </trkpt>
      <trkpt lat="37.416684" lon="-83.536896">
        <ele>346.8</ele>
      </trkpt>
      <trkpt lat="37.414652" lon="-83.53893">
        <ele>322.4</ele>
      </trkpt>
      <trkpt lat="37.414227" lon="-83.54416">
        <ele>298.3</ele>
      </trkpt>
      <trkpt lat="37.411952" lon="-83.549074">
        <ele>280.4</ele>
      </trkpt>
      <trkpt lat="37.412244" lon="-83.554488">
        <ele>271.8</ele>
      </trkpt>
      <trkpt lat="37.410534" lon="-83.568351">
        <ele>250.5</ele>
      </trkpt>
      <trkpt lat="37.413393" lon="-83.572116">
        <ele>249.0</ele>
      </trkpt>
      <trkpt lat="37.420217" lon="-83.584734">
        <ele>242.9</ele>
      </trkpt>
      <trkpt lat="37.425737" lon="-83.601182">
        <ele>227.9</ele>
      </trkpt>
      <trkpt lat="37.426001" lon="-83.607664">
        <ele>227.0</ele>
      </trkpt>
      <trkpt lat="37.427003" lon="-83.60891">
        <ele>224.0</ele>
      </trkpt>
      <trkpt lat="37.428934" lon="-83.60953">
        <ele>222.8</ele>
      </trkpt>
      <trkpt lat="37.431175" lon="-83.611243">
        <ele>228.2</ele>
      </trkpt>
      <trkpt lat="37.433507" lon="-83.611424">
        <ele>223.7</ele>
      </trkpt>
      <trkpt lat="37.437538" lon="-83.610242">
        <ele>227.0</ele>
      </trkpt>
      <trkpt lat="37.440072" lon="-83.61148">
        <ele>217.6</ele>
      </trkpt>
      <trkpt lat="37.440929" lon="-83.612886">
        <ele>221.5</ele>
      </trkpt>
      <trkpt lat="37.441697" lon="-83.61643">
        <ele>220.3</ele>
      </trkpt>
      <trkpt lat="37.445179" lon="-83.621319">
        <ele>220.6</ele>
      </trkpt>
      <trkpt lat="37.447227" lon="-83.626474">
        <ele>220.7</ele>
      </trkpt>
      <trkpt lat="37.446999" lon="-83.628004">
        <ele>221.8</ele>
      </trkpt>
      <trkpt lat="37.444079" lon="-83.632366">
        <ele>238.9</ele>
      </trkpt>
      <trkpt lat="37.443984" lon="-83.639647">
        <ele>224.9</ele>
      </trkpt>
      <trkpt lat="37.447241" lon="-83.642508">
        <ele>214.2</ele>
      </trkpt>
      <trkpt lat="37.449261" lon="-83.642134">
        <ele>216.0</ele>
      </trkpt>
      <trkpt lat="37.451423" lon="-83.642445">
        <ele>214.2</ele>
      </trkpt>
      <trkpt lat="37.458582" lon="-83.647031">
        <ele>217.3</ele>
      </trkpt>
      <trkpt lat="37.459847" lon="-83.648844">
        <ele>218.8</ele>
      </trkpt>
      <trkpt lat="37.461257" lon="-83.652783">
        <ele>247.1</ele>
      </trkpt>
      <trkpt lat="37.462987" lon="-83.65389">
        <ele>267.9</ele>
      </trkpt>
      <trkpt lat="37.466319" lon="-83.658266">
        <ele>240.1</ele>
      </trkpt>
      <trkpt lat="37.468134" lon="-83.661737">
        <ele>227.9</ele>
      </trkpt>
      <trkpt lat="37.472347" lon="-83.665091">
        <ele>216.7</ele>
      </trkpt>
      <trkpt lat="37.474042" lon="-83.665901">
        <ele>206.9</ele>
      </trkpt>
      <trkpt lat="37.475152" lon="-83.668323">
        <ele>208.4</ele>
      </trkpt>
      <trkpt lat="37.475212" lon="-83.671694">
        <ele>211.3</ele>
      </trkpt>
      <trkpt lat="37.475757" lon="-83.67487">
        <ele>215.4</ele>
      </trkpt>
      <trkpt lat="37.476222" lon="-83.674777">
        <ele>216.7</ele>
      </trkpt>
      <trkpt lat="37.476338" lon="-83.67552">
        <ele>214.2</ele>
      </trkpt>
      <trkpt lat="37.475883" lon="-83.675594">
        <ele>214.8</ele>
      </trkpt>
      <trkpt lat="37.476385" lon="-83.679428">
        <ele>210.9</ele>
      </trkpt>
      <trkpt lat="37.47992" lon="-83.697664">
        <ele>274.6</ele>
      </trkpt>
      <trkpt lat="37.47964" lon="-83.705374">
        <ele>279.1</ele>
      </trkpt>
      <trkpt lat="37.481927" lon="-83.710309">
        <ele>274.0</ele>
      </trkpt>
      <trkpt lat="37.48316" lon="-83.714343">
        <ele>279.4</ele>
      </trkpt>
      <trkpt lat="37.480279" lon="-83.719634">
        <ele>257.2</ele>
      </trkpt>
      <trkpt lat="37.481649" lon="-83.724824">
        <ele>262.4</ele>
      </trkpt>
      <trkpt lat="37.48152" lon="-83.727564">
        <ele>264.2</ele>
      </trkpt>
      <trkpt lat="37.478562" lon="-83.732938">
        <ele>266.0</ele>
      </trkpt>
      <trkpt lat="37.473159" lon="-83.734972">
        <ele>275.2</ele>
      </trkpt>
      <trkpt lat="37.471269" lon="-83.734968">
        <ele>278.2</ele>
      </trkpt>
      <trkpt lat="37.470067" lon="-83.73588">
        <ele>272.1</ele>
      </trkpt>
      <trkpt lat="37.469144" lon="-83.735426">
        <ele>273.4</ele>
      </trkpt>
      <trkpt lat="37.466125" lon="-83.735433">
        <ele>281.0</ele>
      </trkpt>
      <trkpt lat="37.463009" lon="-83.739228">
        <ele>282.8</ele>
      </trkpt>
      <trkpt lat="37.46341" lon="-83.744436">
        <ele>287.1</ele>
      </trkpt>
      <trkpt lat="37.464662" lon="-83.748479">
        <ele>293.5</ele>
      </trkpt>
      <trkpt lat="37.465129" lon="-83.755454">
        <ele>318.5</ele>
      </trkpt>
      <trkpt lat="37.466103" lon="-83.756359">
        <ele>322.4</ele>
      </trkpt>
      <trkpt lat="37.467866" lon="-83.76073">
        <ele>329.7</ele>
      </trkpt>
      <trkpt lat="37.467356" lon="-83.763264">
        <ele>318.8</ele>
      </trkpt>
      <trkpt lat="37.468349" lon="-83.766931">
        <ele>313.0</ele>
      </trkpt>
      <trkpt lat="37.467869" lon="-83.768772">
        <ele>311.2</ele>
      </trkpt>
      <trkpt lat="37.468709" lon="-83.770793">
        <ele>310.5</ele>
      </trkpt>
      <trkpt lat="37.468378" lon="-83.773911">
        <ele>308.7</ele>
      </trkpt>
      <trkpt lat="37.465964" lon="-83.773048">
        <ele>321.8</ele>
      </trkpt>
      <trkpt lat="37.464653" lon="-83.773795">
        <ele>330.0</ele>
      </trkpt>
      <trkpt lat="37.463408" lon="-83.77566">
        <ele>323.7</ele>
      </trkpt>
      <trkpt lat="37.462476" lon="-83.775332">
        <ele>326.1</ele>
      </trkpt>
      <trkpt lat="37.458844" lon="-83.77874">
        <ele>312.1</ele>
      </trkpt>
      <trkpt lat="37.455308" lon="-83.78297">
        <ele>285.2</ele>
      </trkpt>
      <trkpt lat="37.452296" lon="-83.784619">
        <ele>271.8</ele>
      </trkpt>
      <trkpt lat="37.44908" lon="-83.787296">
        <ele>259.9</ele>
      </trkpt>
      <trkpt lat="37.448732" lon="-83.78773">
        <ele>256.9</ele>
      </trkpt>
      <trkpt lat="37.449807" lon="-83.788163">
        <ele>259.6</ele>
      </trkpt>
      <trkpt lat="37.447265" lon="-83.790599">
        <ele>261.8</ele>
      </trkpt>
      <trkpt lat="37.444479" lon="-83.789538">
        <ele>260.9</ele>
      </trkpt>
      <trkpt lat="37.442607" lon="-83.790618">
        <ele>263.0</ele>
      </trkpt>
      <trkpt lat="37.439722" lon="-83.78983">
        <ele>269.7</ele>
      </trkpt>
      <trkpt lat="37.438272" lon="-83.790746">
        <ele>275.5</ele>
      </trkpt>
      <trkpt lat="37.436465" lon="-83.790694">
        <ele>282.2</ele>
      </trkpt>
      <trkpt lat="37.433715" lon="-83.789934">
        <ele>275.5</ele>
      </trkpt>
      <trkpt lat="37.432378" lon="-83.787395">
        <ele>274.3</ele>
      </trkpt>
      <trkpt lat="37.428491" lon="-83.786791">
        <ele>271.5</ele>
      </trkpt>
      <trkpt lat="37.426673" lon="-83.787887">
        <ele>270.4</ele>
      </trkpt>
      <trkpt lat="37.426421" lon="-83.789428">
        <ele>278.5</ele>
      </trkpt>
      <trkpt lat="37.427737" lon="-83.792616">
        <ele>289.2</ele>
      </trkpt>
      <trkpt lat="37.427732" lon="-83.794794">
        <ele>291.6</ele>
      </trkpt>
      <trkpt lat="37.425735" lon="-83.799403">
        <ele>304.1</ele>
      </trkpt>
      <trkpt lat="37.42386" lon="-83.805702">
        <ele>313.9</ele>
      </trkpt>
      <trkpt lat="37.422567" lon="-83.808013">
        <ele>316.6</ele>
      </trkpt>
      <trkpt lat="37.420479" lon="-83.808602">
        <ele>331.0</ele>
      </trkpt>
      <trkpt lat="37.419065" lon="-83.808449">
        <ele>327.6</ele>
      </trkpt>
      <trkpt lat="37.417693" lon="-83.809314">
        <ele>324.9</ele>
      </trkpt>
      <trkpt lat="37.418066" lon="-83.813269">
        <ele>322.4</ele>
      </trkpt>
      <trkpt lat="37.41735" lon="-83.816764">
        <ele>331.6</ele>
      </trkpt>
      <trkpt lat="37.417401" lon="-83.821577">
        <ele>324.3</ele>
      </trkpt>
      <trkpt lat="37.417049" lon="-83.822207">
        <ele>321.5</ele>
      </trkpt>
      <trkpt lat="37.413262" lon="-83.823634">
        <ele>310.2</ele>
      </trkpt>
      <trkpt lat="37.412294" lon="-83.825314">
        <ele>304.4</ele>
      </trkpt>
      <trkpt lat="37.411948" lon="-83.827109">
        <ele>300.5</ele>
      </trkpt>
      <trkpt lat="37.411859" lon="-83.828675">
        <ele>291.9</ele>
      </trkpt>
      <trkpt lat="37.41238" lon="-83.829567">
        <ele>295.0</ele>
      </trkpt>
      <trkpt lat="37.416572" lon="-83.832781">
        <ele>285.9</ele>
      </trkpt>
      <trkpt lat="37.420659" lon="-83.836777">
        <ele>272.3</ele>
      </trkpt>
      <trkpt lat="37.420924" lon="-83.840111">
        <ele>284.6</ele>
      </trkpt>
      <trkpt lat="37.418707" lon="-83.846524">
        <ele>294.7</ele>
      </trkpt>
      <trkpt lat="37.418586" lon="-83.84818">
        <ele>291.0</ele>
      </trkpt>
      <trkpt lat="37.416467" lon="-83.850804">
        <ele>300.2</ele>
      </trkpt>
      <trkpt lat="37.418087" lon="-83.854184">
        <ele>292.6</ele>
      </trkpt>
      <trkpt lat="37.418102" lon="-83.857695">
        <ele>285.9</ele>
      </trkpt>
      <trkpt lat="37.417587" lon="-83.859034">
        <ele>284.9</ele>
      </trkpt>
      <trkpt lat="37.418317" lon="-83.862164">
        <ele>284.3</ele>
      </trkpt>
      <trkpt lat="37.416391" lon="-83.865341">
        <ele>283.1</ele>
      </trkpt>
      <trkpt lat="37.415152" lon="-83.866097">
        <ele>282.8</ele>
      </trkpt>
      <trkpt lat="37.414418" lon="-83.86973">
        <ele>286.5</ele>
      </trkpt>
      <trkpt lat="37.408566" lon="-83.878554">
        <ele>300.2</ele>
      </trkpt>
      <trkpt lat="37.404944" lon="-83.886158">
        <ele>324.3</ele>
      </trkpt>
      <trkpt lat="37.401999" lon="-83.888899">
        <ele>341.6</ele>
      </trkpt>
      <trkpt lat="37.401457" lon="-83.891174">
        <ele>352.0</ele>
      </trkpt>
      <trkpt lat="37.401894" lon="-83.893227">
        <ele>363.0</ele>
      </trkpt>
      <trkpt lat="37.400411" lon="-83.893992">
        <ele>375.2</ele>
      </trkpt>
      <trkpt lat="37.39921" lon="-83.896485">
        <ele>376.7</ele>
      </trkpt>
      <trkpt lat="37.401487" lon="-83.899714">
        <ele>388.0</ele>
      </trkpt>
      <trkpt lat="37.400588" lon="-83.906176">
        <ele>373.6</ele>
      </trkpt>
      <trkpt lat="37.401581" lon="-83.907512">
        <ele>363.0</ele>
      </trkpt>
      <trkpt lat="37.403517" lon="-83.907944">
        <ele>352.9</ele>
      </trkpt>
      <trkpt lat="37.405305" lon="-83.909711">
        <ele>349.6</ele>
      </trkpt>
      <trkpt lat="37.406687" lon="-83.912361">
        <ele>351.1</ele>
      </trkpt>
      <trkpt lat="37.405892" lon="-83.915919">
        <ele>350.8</ele>
      </trkpt>
      <trkpt lat="37.404173" lon="-83.917909">
        <ele>359.3</ele>
      </trkpt>
      <trkpt lat="37.404571" lon="-83.922916">
        <ele>400.2</ele>
      </trkpt>
      <trkpt lat="37.406637" lon="-83.925354">
        <ele>396.5</ele>
      </trkpt>
      <trkpt lat="37.408307" lon="-83.928704">
        <ele>408.7</ele>
      </trkpt>
      <trkpt lat="37.409591" lon="-83.933696">
        <ele>402.0</ele>
      </trkpt>
      <trkpt lat="37.412683" lon="-83.938197">
        <ele>394.1</ele>
      </trkpt>
      <trkpt lat="37.413438" lon="-83.942646">
        <ele>371.2</ele>
      </trkpt>
      <trkpt lat="37.41394" lon="-83.943103">
        <ele>374.2</ele>
      </trkpt>
      <trkpt lat="37.417247" lon="-83.940754">
        <ele>378.5</ele>
      </trkpt>
      <trkpt lat="37.418417" lon="-83.940614">
        <ele>383.7</ele>
      </trkpt>
      <trkpt lat="37.418868" lon="-83.941166">
        <ele>387.1</ele>
      </trkpt>
      <trkpt lat="37.419147" lon="-83.943054">
        <ele>392.8</ele>
      </trkpt>
      <trkpt lat="37.42033" lon="-83.944706">
        <ele>400.8</ele>
      </trkpt>
      <trkpt lat="37.420481" lon="-83.946502">
        <ele>408.4</ele>
      </trkpt>
      <trkpt lat="37.421658" lon="-83.947744">
        <ele>413.3</ele>
      </trkpt>
      <trkpt lat="37.420986" lon="-83.949248">
        <ele>416.6</ele>
      </trkpt>
      <trkpt lat="37.421112" lon="-83.950754">
        <ele>419.7</ele>
      </trkpt>
      <trkpt lat="37.422655" lon="-83.953035">
        <ele>416.9</ele>
      </trkpt>
      <trkpt lat="37.422612" lon="-83.955134">
        <ele>411.1</ele>
      </trkpt>
      <trkpt lat="37.421334" lon="-83.957194">
        <ele>401.4</ele>
      </trkpt>
      <trkpt lat="37.420966" lon="-83.95904">
        <ele>397.1</ele>
      </trkpt>
      <trkpt lat="37.422152" lon="-83.962917">
        <ele>387.0</ele>
      </trkpt>
      <trkpt lat="37.422984" lon="-83.963894">
        <ele>380.6</ele>
      </trkpt>
      <trkpt lat="37.424332" lon="-83.963714">
        <ele>377.9</ele>
      </trkpt>
      <trkpt lat="37.425883" lon="-83.967216">
        <ele>382.8</ele>
      </trkpt>
      <trkpt lat="37.427968" lon="-83.967177">
        <ele>379.1</ele>
      </trkpt>
      <trkpt lat="37.430641" lon="-83.969099">
        <ele>352.0</ele>
      </trkpt>
      <trkpt lat="37.4325" lon="-83.97305">
        <ele>334.6</ele>
      </trkpt>
      <trkpt lat="37.432321" lon="-83.98196">
        <ele>324.6</ele>
      </trkpt>
      <trkpt lat="37.43029" lon="-83.986612">
        <ele>322.7</ele>
      </trkpt>
      <trkpt lat="37.430978" lon="-83.993033">
        <ele>315.4</ele>
      </trkpt>
      <trkpt lat="37.430076" lon="-83.996729">
        <ele>316.6</ele>
      </trkpt>
      <trkpt lat="37.43" lon="-84.009254">
        <ele>314.8</ele>
      </trkpt>
      <trkpt lat="37.430974" lon="-84.010038">
        <ele>309.9</ele>
      </trkpt>
      <trkpt lat="37.435036" lon="-84.009178">
        <ele>308.7</ele>
      </trkpt>
      <trkpt lat="37.438077" lon="-84.010304">
        <ele>310.5</ele>
      </trkpt>
      <trkpt lat="37.440494" lon="-84.012873">
        <ele>309.3</ele>
      </trkpt>
      <trkpt lat="37.444987" lon="-84.013254">
        <ele>309.9</ele>
      </trkpt>
      <trkpt lat="37.446427" lon="-84.014804">
        <ele>309.9</ele>
      </trkpt>
      <trkpt lat="37.448683" lon="-84.018662">
        <ele>314.2</ele>
      </trkpt>
      <trkpt lat="37.452242" lon="-84.019064">
        <ele>316.3</ele>
      </trkpt>
      <trkpt lat="37.455885" lon="-84.020548">
        <ele>316.0</ele>
      </trkpt>
      <trkpt lat="37.456915" lon="-84.024444">
        <ele>315.4</ele>
      </trkpt>
      <trkpt lat="37.456582" lon="-84.029815">
        <ele>316.9</ele>
      </trkpt>
      <trkpt lat="37.45791" lon="-84.032416">
        <ele>316.3</ele>
      </trkpt>
      <trkpt lat="37.464366" lon="-84.033747">
        <ele>319.7</ele>
      </trkpt>
      <trkpt lat="37.467409" lon="-84.0376">
        <ele>322.7</ele>
      </trkpt>
      <trkpt lat="37.471856" lon="-84.039093">
        <ele>325.2</ele>
      </trkpt>
      <trkpt lat="37.475697" lon="-84.043314">
        <ele>325.8</ele>
      </trkpt>
      <trkpt lat="37.479061" lon="-84.049544">
        <ele>334.6</ele>
      </trkpt>
      <trkpt lat="37.482473" lon="-84.052543">
        <ele>348.7</ele>
      </trkpt>
      <trkpt lat="37.484323" lon="-84.057052">
        <ele>377.3</ele>
      </trkpt>
      <trkpt lat="37.485083" lon="-84.061806">
        <ele>404.2</ele>
      </trkpt>
      <trkpt lat="37.486691" lon="-84.06303">
        <ele>414.2</ele>
      </trkpt>
      <trkpt lat="37.487886" lon="-84.067193">
        <ele>438.6</ele>
      </trkpt>
      <trkpt lat="37.486834" lon="-84.072572">
        <ele>452.9</ele>
      </trkpt>
      <trkpt lat="37.483547" lon="-84.078164">
        <ele>444.4</ele>
      </trkpt>
      <trkpt lat="37.483817" lon="-84.082494">
        <ele>437.0</ele>
      </trkpt>
      <trkpt lat="37.485007" lon="-84.086224">
        <ele>438.2</ele>
      </trkpt>
      <trkpt lat="37.485031" lon="-84.088834">
        <ele>446.8</ele>
      </trkpt>
      <trkpt lat="37.485943" lon="-84.092182">
        <ele>452.6</ele>
      </trkpt>
      <trkpt lat="37.48416" lon="-84.094965">
        <ele>447.1</ele>
      </trkpt>
      <trkpt lat="37.482572" lon="-84.095971">
        <ele>435.5</ele>
      </trkpt>
      <trkpt lat="37.482292" lon="-84.097189">
        <ele>429.4</ele>
      </trkpt>
      <trkpt lat="37.484252" lon="-84.103863">
        <ele>384.0</ele>
      </trkpt>
      <trkpt lat="37.482874" lon="-84.109768">
        <ele>373.0</ele>
      </trkpt>
      <trkpt lat="37.482818" lon="-84.112654">
        <ele>359.0</ele>
      </trkpt>
      <trkpt lat="37.483329" lon="-84.113813">
        <ele>352.9</ele>
      </trkpt>
      <trkpt lat="37.485452" lon="-84.114917">
        <ele>352.6</ele>
      </trkpt>
      <trkpt lat="37.486119" lon="-84.120386">
        <ele>356.9</ele>
      </trkpt>
      <trkpt lat="37.484328" lon="-84.127821">
        <ele>366.6</ele>
      </trkpt>
      <trkpt lat="37.484445" lon="-84.132761">
        <ele>376.1</ele>
      </trkpt>
      <trkpt lat="37.485877" lon="-84.135612">
        <ele>379.1</ele>
      </trkpt>
      <trkpt lat="37.493004" lon="-84.139932">
        <ele>398.0</ele>
      </trkpt>
      <trkpt lat="37.496032" lon="-84.14273">
        <ele>407.8</ele>
      </trkpt>
      <trkpt lat="37.496634" lon="-84.147001">
        <ele>422.7</ele>
      </trkpt>
      <trkpt lat="37.495322" lon="-84.149697">
        <ele>441.0</ele>
      </trkpt>
      <trkpt lat="37.495827" lon="-84.154354">
        <ele>432.2</ele>
      </trkpt>
      <trkpt lat="37.496326" lon="-84.155312">
        <ele>426.7</ele>
      </trkpt>
      <trkpt lat="37.500341" lon="-84.158629">
        <ele>393.6</ele>
      </trkpt>
      <trkpt lat="37.499564" lon="-84.164957">
        <ele>376.0</ele>
      </trkpt>
      <trkpt lat="37.501526" lon="-84.166509">
        <ele>380.1</ele>
      </trkpt>
      <trkpt lat="37.502795" lon="-84.168802">
        <ele>382.8</ele>
      </trkpt>
      <trkpt lat="37.503107" lon="-84.172654">
        <ele>385.8</ele>
      </trkpt>
      <trkpt lat="37.504751" lon="-84.175872">
        <ele>389.8</ele>
      </trkpt>
      <trkpt lat="37.505192" lon="-84.178303">
        <ele>391.6</ele>
      </trkpt>
      <trkpt lat="37.510244" lon="-84.185677">
        <ele>396.5</ele>
      </trkpt>
      <trkpt lat="37.514125" lon="-84.187629">
        <ele>408.1</ele>
      </trkpt>
      <trkpt lat="37.516406" lon="-84.190493">
        <ele>427.6</ele>
      </trkpt>
      <trkpt lat="37.518195" lon="-84.196699">
        <ele>447.7</ele>
      </trkpt>
      <trkpt lat="37.521613" lon="-84.20088">
        <ele>460.2</ele>
      </trkpt>
      <trkpt lat="37.523217" lon="-84.2066">
        <ele>445.9</ele>
      </trkpt>
      <trkpt lat="37.524531" lon="-84.208846">
        <ele>449.5</ele>
      </trkpt>
      <trkpt lat="37.528839" lon="-84.211196">
        <ele>416.0</ele>
      </trkpt>
      <trkpt lat="37.530319" lon="-84.214904">
        <ele>334.3</ele>
      </trkpt>
      <trkpt lat="37.532311" lon="-84.216334">
        <ele>304.7</ele>
      </trkpt>
      <trkpt lat="37.536934" lon="-84.214656">
        <ele>297.4</ele>
      </trkpt>
      <trkpt lat="37.539399" lon="-84.211399">
        <ele>285.5</ele>
      </trkpt>
      <trkpt lat="37.540496" lon="-84.210635">
        <ele>277.3</ele>
      </trkpt>
      <trkpt lat="37.550647" lon="-84.208394">
        <ele>247.4</ele>
      </trkpt>
      <trkpt lat="37.554657" lon="-84.208504">
        <ele>244.1</ele>
      </trkpt>
      <trkpt lat="37.554887" lon="-84.217124">
        <ele>258.1</ele>
      </trkpt>
      <trkpt lat="37.552677" lon="-84.222874">
        <ele>268.8</ele>
      </trkpt>
      <trkpt lat="37.553357" lon="-84.228184">
        <ele>280.4</ele>
      </trkpt>
      <trkpt lat="37.554697" lon="-84.231854">
        <ele>289.5</ele>
      </trkpt>
      <trkpt lat="37.554097" lon="-84.234187">
        <ele>306.3</ele>
      </trkpt>
      <trkpt lat="37.552567" lon="-84.236564">
        <ele>311.2</ele>
      </trkpt>
      <trkpt lat="37.552157" lon="-84.239364">
        <ele>302.3</ele>
      </trkpt>
      <trkpt lat="37.552827" lon="-84.240894">
        <ele>301.7</ele>
      </trkpt>
      <trkpt lat="37.559417" lon="-84.249204">
        <ele>298.8</ele>
      </trkpt>
      <trkpt lat="37.562947" lon="-84.252374">
        <ele>291.3</ele>
      </trkpt>
      <trkpt lat="37.566117" lon="-84.276134">
        <ele>295.9</ele>
      </trkpt>
      <trkpt lat="37.568447" lon="-84.278084">
        <ele>287.4</ele>
      </trkpt>
      <trkpt lat="37.570587" lon="-84.282334">
        <ele>285.5</ele>
      </trkpt>
      <trkpt lat="37.571596" lon="-84.288798">
        <ele>310.2</ele>
      </trkpt>
      <trkpt lat="37.57545" lon="-84.289145">
        <ele>299.3</ele>
      </trkpt>
      <trkpt lat="37.591109" lon="-84.302967">
        <ele>297.4</ele>
      </trkpt>
      <trkpt lat="37.595002" lon="-84.305791">
        <ele>298.7</ele>
      </trkpt>
      <trkpt lat="37.596439" lon="-84.307861">
        <ele>297.7</ele>
      </trkpt>
      <trkpt lat="37.597855" lon="-84.308441">
        <ele>292.3</ele>
      </trkpt>
      <trkpt lat="37.595745" lon="-84.324169">
        <ele>274.0</ele>
      </trkpt>
      <trkpt lat="37.593388" lon="-84.337356">
        <ele>275.5</ele>
      </trkpt>
      <trkpt lat="37.593511" lon="-84.340536">
        <ele>275.5</ele>
      </trkpt>
      <trkpt lat="37.595546" lon="-84.348207">
        <ele>271.5</ele>
      </trkpt>
      <trkpt lat="37.596065" lon="-84.348649">
        <ele>271.5</ele>
      </trkpt>
      <trkpt lat="37.597208" lon="-84.348552">
        <ele>267.9</ele>
      </trkpt>
      <trkpt lat="37.601516" lon="-84.347105">
        <ele>279.1</ele>
      </trkpt>
      <trkpt lat="37.605169" lon="-84.347366">
        <ele>278.8</ele>
      </trkpt>
      <trkpt lat="37.606735" lon="-84.34903">
        <ele>280.7</ele>
      </trkpt>
      <trkpt lat="37.608935" lon="-84.355503">
        <ele>303.8</ele>
      </trkpt>
      <trkpt lat="37.610092" lon="-84.35594">
        <ele>308.7</ele>
      </trkpt>
      <trkpt lat="37.617035" lon="-84.361265">
        <ele>297.7</ele>
      </trkpt>
      <trkpt lat="37.620401" lon="-84.365342">
        <ele>293.8</ele>
      </trkpt>
      <trkpt lat="37.623141" lon="-84.367383">
        <ele>292.6</ele>
      </trkpt>
      <trkpt lat="37.624069" lon="-84.382242">
        <ele>292.7</ele>
      </trkpt>
      <trkpt lat="37.617503" lon="-84.393849">
        <ele>261.5</ele>
      </trkpt>
      <trkpt lat="37.619137" lon="-84.396678">
        <ele>254.8</ele>
      </trkpt>
      <trkpt lat="37.62006" lon="-84.401006">
        <ele>247.4</ele>
      </trkpt>
      <trkpt lat="37.619426" lon="-84.404681">
        <ele>254.5</ele>
      </trkpt>
      <trkpt lat="37.61832" lon="-84.407923">
        <ele>247.1</ele>
      </trkpt>
      <trkpt lat="37.616947" lon="-84.408269">
        <ele>247.1</ele>
      </trkpt>
      <trkpt lat="37.616696" lon="-84.414707">
        <ele>251.4</ele>
      </trkpt>
      <trkpt lat="37.615942" lon="-84.417268">
        <ele>252.3</ele>
      </trkpt>
      <trkpt lat="37.613429" lon="-84.421254">
        <ele>250.5</ele>
      </trkpt>
      <trkpt lat="37.609128" lon="-84.425868">
        <ele>253.5</ele>
      </trkpt>
      <trkpt lat="37.60827" lon="-84.434339">
        <ele>259.3</ele>
      </trkpt>
      <trkpt lat="37.609514" lon="-84.425794">
        <ele>255.4</ele>
      </trkpt>
      <trkpt lat="37.611353" lon="-84.423597">
        <ele>254.8</ele>
      </trkpt>
      <trkpt lat="37.612878" lon="-84.422824">
        <ele>253.6</ele>
      </trkpt>
      <trkpt lat="37.615054" lon="-84.424217">
        <ele>249.6</ele>
      </trkpt>
      <trkpt lat="37.615669" lon="-84.425227">
        <ele>248.4</ele>
      </trkpt>
      <trkpt lat="37.614803" lon="-84.427496">
        <ele>248.7</ele>
      </trkpt>
      <trkpt lat="37.614575" lon="-84.432788">
        <ele>255.4</ele>
      </trkpt>
      <trkpt lat="37.615207" lon="-84.438153">
        <ele>262.1</ele>
      </trkpt>
      <trkpt lat="37.62041" lon="-84.438454">
        <ele>290.4</ele>
      </trkpt>
      <trkpt lat="37.623617" lon="-84.438027">
        <ele>296.5</ele>
      </trkpt>
      <trkpt lat="37.625586" lon="-84.434596">
        <ele>283.6</ele>
      </trkpt>
      <trkpt lat="37.626637" lon="-84.429107">
        <ele>275.4</ele>
      </trkpt>
      <trkpt lat="37.629575" lon="-84.428071">
        <ele>276.7</ele>
      </trkpt>
      <trkpt lat="37.632934" lon="-84.42519">
        <ele>249.9</ele>
      </trkpt>
      <trkpt lat="37.634532" lon="-84.4256">
        <ele>244.7</ele>
      </trkpt>
      <trkpt lat="37.639805" lon="-84.429163">
        <ele>254.2</ele>
      </trkpt>
      <trkpt lat="37.638495" lon="-84.432371">
        <ele>244.7</ele>
      </trkpt>
      <trkpt lat="37.638834" lon="-84.434202">
        <ele>238.3</ele>
      </trkpt>
      <trkpt lat="37.636271" lon="-84.440272">
        <ele>243.5</ele>
      </trkpt>
      <trkpt lat="37.635243" lon="-84.441185">
        <ele>243.5</ele>
      </trkpt>
      <trkpt lat="37.635089" lon="-84.443192">
        <ele>243.5</ele>
      </trkpt>
      <trkpt lat="37.635675" lon="-84.444789">
        <ele>246.5</ele>
      </trkpt>
      <trkpt lat="37.634961" lon="-84.447645">
        <ele>249.3</ele>
      </trkpt>
      <trkpt lat="37.635264" lon="-84.450919">
        <ele>250.5</ele>
      </trkpt>
      <trkpt lat="37.634725" lon="-84.453763">
        <ele>257.5</ele>
      </trkpt>
      <trkpt lat="37.635731" lon="-84.458136">
        <ele>257.5</ele>
      </trkpt>
      <trkpt lat="37.640049" lon="-84.460148">
        <ele>265.7</ele>
      </trkpt>
      <trkpt lat="37.642399" lon="-84.462788">
        <ele>272.7</ele>
      </trkpt>
      <trkpt lat="37.641885" lon="-84.466353">
        <ele>300.2</ele>
      </trkpt>
      <trkpt lat="37.647348" lon="-84.467334">
        <ele>305.4</ele>
      </trkpt>
      <trkpt lat="37.65063" lon="-84.466998">
        <ele>295.0</ele>
      </trkpt>
      <trkpt lat="37.650696" lon="-84.46786">
        <ele>302.3</ele>
      </trkpt>
      <trkpt lat="37.649994" lon="-84.469052">
        <ele>294.7</ele>
      </trkpt>
      <trkpt lat="37.650013" lon="-84.471176">
        <ele>293.2</ele>
      </trkpt>
      <trkpt lat="37.650742" lon="-84.472831">
        <ele>295.9</ele>
      </trkpt>
      <trkpt lat="37.653719" lon="-84.476375">
        <ele>277.0</ele>
      </trkpt>
      <trkpt lat="37.655822" lon="-84.477757">
        <ele>260.9</ele>
      </trkpt>
      <trkpt lat="37.658236" lon="-84.477297">
        <ele>245.9</ele>
      </trkpt>
      <trkpt lat="37.660516" lon="-84.478772">
        <ele>239.2</ele>
      </trkpt>
      <trkpt lat="37.661891" lon="-84.478974">
        <ele>235.9</ele>
      </trkpt>
      <trkpt lat="37.662995" lon="-84.479947">
        <ele>235.6</ele>
      </trkpt>
      <trkpt lat="37.66364" lon="-84.481216">
        <ele>230.7</ele>
      </trkpt>
      <trkpt lat="37.661043" lon="-84.487194">
        <ele>238.0</ele>
      </trkpt>
      <trkpt lat="37.661618" lon="-84.490825">
        <ele>246.5</ele>
      </trkpt>
      <trkpt lat="37.663239" lon="-84.492192">
        <ele>253.5</ele>
      </trkpt>
      <trkpt lat="37.664954" lon="-84.492766">
        <ele>263.6</ele>
      </trkpt>
      <trkpt lat="37.666493" lon="-84.492614">
        <ele>284.9</ele>
      </trkpt>
      <trkpt lat="37.666604" lon="-84.494427">
        <ele>289.2</ele>
      </trkpt>
      <trkpt lat="37.667492" lon="-84.496419">
        <ele>293.2</ele>
      </trkpt>
      <trkpt lat="37.665774" lon="-84.500735">
        <ele>252.0</ele>
      </trkpt>
      <trkpt lat="37.666739" lon="-84.503237">
        <ele>236.8</ele>
      </trkpt>
      <trkpt lat="37.664374" lon="-84.508105">
        <ele>248.4</ele>
      </trkpt>
      <trkpt lat="37.665723" lon="-84.50975">
        <ele>265.4</ele>
      </trkpt>
      <trkpt lat="37.667533" lon="-84.510313">
        <ele>285.2</ele>
      </trkpt>
      <trkpt lat="37.668154" lon="-84.513747">
        <ele>293.2</ele>
      </trkpt>
      <trkpt lat="37.669409" lon="-84.515166">
        <ele>295.9</ele>
      </trkpt>
      <trkpt lat="37.671213" lon="-84.51548">
        <ele>294.4</ele>
      </trkpt>
      <trkpt lat="37.671242" lon="-84.517298">
        <ele>289.5</ele>
      </trkpt>
      <trkpt lat="37.668862" lon="-84.52066">
        <ele>270.9</ele>
      </trkpt>
      <trkpt lat="37.665729" lon="-84.522305">
        <ele>297.1</ele>
      </trkpt>
      <trkpt lat="37.664521" lon="-84.530655">
        <ele>276.7</ele>
      </trkpt>
      <trkpt lat="37.668139" lon="-84.530521">
        <ele>277.6</ele>
      </trkpt>
      <trkpt lat="37.672222" lon="-84.531488">
        <ele>283.4</ele>
      </trkpt>
      <trkpt lat="37.673309" lon="-84.530361">
        <ele>283.4</ele>
      </trkpt>
      <trkpt lat="37.676256" lon="-84.529071">
        <ele>281.9</ele>
      </trkpt>
      <trkpt lat="37.678725" lon="-84.52951">
        <ele>282.2</ele>
      </trkpt>
      <trkpt lat="37.681252" lon="-84.529392">
        <ele>283.7</ele>
      </trkpt>
      <trkpt lat="37.682565" lon="-84.528765">
        <ele>284.0</ele>
      </trkpt>
      <trkpt lat="37.684545" lon="-84.529042">
        <ele>282.5</ele>
      </trkpt>
      <trkpt lat="37.685857" lon="-84.530344">
        <ele>284.9</ele>
      </trkpt>
      <trkpt lat="37.689188" lon="-84.532042">
        <ele>282.8</ele>
      </trkpt>
      <trkpt lat="37.689901" lon="-84.533651">
        <ele>282.5</ele>
      </trkpt>
      <trkpt lat="37.689815" lon="-84.535402">
        <ele>283.1</ele>
      </trkpt>
      <trkpt lat="37.691944" lon="-84.539812">
        <ele>280.4</ele>
      </trkpt>
      <trkpt lat="37.694155" lon="-84.542617">
        <ele>287.4</ele>
      </trkpt>
      <trkpt lat="37.695583" lon="-84.543647">
        <ele>289.2</ele>
      </trkpt>
      <trkpt lat="37.697336" lon="-84.547382">
        <ele>294.7</ele>
      </trkpt>
      <trkpt lat="37.7" lon="-84.548185">
        <ele>284.0</ele>
      </trkpt>
      <trkpt lat="37.695986" lon="-84.554744">
        <ele>255.4</ele>
      </trkpt>
      <trkpt lat="37.695908" lon="-84.557297">
        <ele>250.5</ele>
      </trkpt>
      <trkpt lat="37.694943" lon="-84.560249">
        <ele>238.0</ele>
      </trkpt>
      <trkpt lat="37.693407" lon="-84.562269">
        <ele>235.9</ele>
      </trkpt>
      <trkpt lat="37.691346" lon="-84.56299">
        <ele>227.0</ele>
      </trkpt>
      <trkpt lat="37.687536" lon="-84.566192">
        <ele>210.3</ele>
      </trkpt>
      <trkpt lat="37.68619" lon="-84.568773">
        <ele>201.1</ele>
      </trkpt>
      <trkpt lat="37.688094" lon="-84.57238">
        <ele>197.8</ele>
      </trkpt>
      <trkpt lat="37.690896" lon="-84.574085">
        <ele>195.3</ele>
      </trkpt>
      <trkpt lat="37.690573" lon="-84.577276">
        <ele>202.9</ele>
      </trkpt>
      <trkpt lat="37.692248" lon="-84.579944">
        <ele>224.6</ele>
      </trkpt>
      <trkpt lat="37.698405" lon="-84.579654">
        <ele>264.5</ele>
      </trkpt>
      <trkpt lat="37.708247" lon="-84.580953">
        <ele>274.6</ele>
      </trkpt>
      <trkpt lat="37.711532" lon="-84.583951">
        <ele>277.9</ele>
      </trkpt>
      <trkpt lat="37.712841" lon="-84.589412">
        <ele>272.1</ele>
      </trkpt>
      <trkpt lat="37.714439" lon="-84.591494">
        <ele>280.1</ele>
      </trkpt>
      <trkpt lat="37.71267" lon="-84.597519">
        <ele>265.1</ele>
      </trkpt>
      <trkpt lat="37.711281" lon="-84.59833">
        <ele>271.8</ele>
      </trkpt>
      <trkpt lat="37.711035" lon="-84.599019">
        <ele>268.8</ele>
      </trkpt>
      <trkpt lat="37.712434" lon="-84.604722">
        <ele>279.4</ele>
      </trkpt>
      <trkpt lat="37.714537" lon="-84.6073">
        <ele>275.5</ele>
      </trkpt>
      <trkpt lat="37.715245" lon="-84.609046">
        <ele>281.6</ele>
      </trkpt>
      <trkpt lat="37.713431" lon="-84.610253">
        <ele>275.5</ele>
      </trkpt>
      <trkpt lat="37.71071" lon="-84.610642">
        <ele>276.1</ele>
      </trkpt>
      <trkpt lat="37.710126" lon="-84.611368">
        <ele>282.2</ele>
      </trkpt>
      <trkpt lat="37.709893" lon="-84.615287">
        <ele>284.9</ele>
      </trkpt>
      <trkpt lat="37.710669" lon="-84.621613">
        <ele>283.7</ele>
      </trkpt>
      <trkpt lat="37.709912" lon="-84.623699">
        <ele>284.9</ele>
      </trkpt>
      <trkpt lat="37.706808" lon="-84.627856">
        <ele>284.9</ele>
      </trkpt>
      <trkpt lat="37.708135" lon="-84.634327">
        <ele>291.6</ele>
      </trkpt>
      <trkpt lat="37.706279" lon="-84.638022">
        <ele>297.4</ele>
      </trkpt>
      <trkpt lat="37.706573" lon="-84.646151">
        <ele>291.3</ele>
      </trkpt>
      <trkpt lat="37.708094" lon="-84.653028">
        <ele>298.7</ele>
      </trkpt>
      <trkpt lat="37.706268" lon="-84.656427">
        <ele>285.2</ele>
      </trkpt>
      <trkpt lat="37.706793" lon="-84.656934">
        <ele>275.8</ele>
      </trkpt>
      <trkpt lat="37.711577" lon="-84.651698">
        <ele>298.0</ele>
      </trkpt>
      <trkpt lat="37.715002" lon="-84.650126">
        <ele>287.4</ele>
      </trkpt>
      <trkpt lat="37.716241" lon="-84.652331">
        <ele>280.1</ele>
      </trkpt>
      <trkpt lat="37.719318" lon="-84.65412">
        <ele>272.1</ele>
      </trkpt>
      <trkpt lat="37.720718" lon="-84.657384">
        <ele>275.8</ele>
      </trkpt>
      <trkpt lat="37.723043" lon="-84.66011">
        <ele>272.4</ele>
      </trkpt>
      <trkpt lat="37.724391" lon="-84.66054">
        <ele>280.7</ele>
      </trkpt>
      <trkpt lat="37.731137" lon="-84.66013">
        <ele>285.9</ele>
      </trkpt>
      <trkpt lat="37.735508" lon="-84.665312">
        <ele>302.9</ele>
      </trkpt>
      <trkpt lat="37.737265" lon="-84.666549">
        <ele>302.0</ele>
      </trkpt>
      <trkpt lat="37.739081" lon="-84.666753">
        <ele>301.7</ele>
      </trkpt>
      <trkpt lat="37.749925" lon="-84.665462">
        <ele>264.6</ele>
      </trkpt>
      <trkpt lat="37.748334" lon="-84.670874">
        <ele>271.5</ele>
      </trkpt>
      <trkpt lat="37.748929" lon="-84.67357">
        <ele>284.1</ele>
      </trkpt>
      <trkpt lat="37.747837" lon="-84.675444">
        <ele>297.1</ele>
      </trkpt>
      <trkpt lat="37.748118" lon="-84.679347">
        <ele>297.7</ele>
      </trkpt>
      <trkpt lat="37.749957" lon="-84.684909">
        <ele>283.3</ele>
      </trkpt>
      <trkpt lat="37.75001" lon="-84.691011">
        <ele>276.8</ele>
      </trkpt>
      <trkpt lat="37.749396" lon="-84.693442">
        <ele>266.8</ele>
      </trkpt>
      <trkpt lat="37.750337" lon="-84.696908">
        <ele>249.7</ele>
      </trkpt>
      <trkpt lat="37.750061" lon="-84.701689">
        <ele>238.1</ele>
      </trkpt>
      <trkpt lat="37.749257" lon="-84.702612">
        <ele>238.9</ele>
      </trkpt>
      <trkpt lat="37.746956" lon="-84.702983">
        <ele>236.0</ele>
      </trkpt>
      <trkpt lat="37.745222" lon="-84.704909">
        <ele>241.0</ele>
      </trkpt>
      <trkpt lat="37.746622" lon="-84.707041">
        <ele>252.6</ele>
      </trkpt>
      <trkpt lat="37.750994" lon="-84.711453">
        <ele>241.8</ele>
      </trkpt>
      <trkpt lat="37.750106" lon="-84.714264">
        <ele>244.0</ele>
      </trkpt>
      <trkpt lat="37.747903" lon="-84.717446">
        <ele>253.6</ele>
      </trkpt>
      <trkpt lat="37.741566" lon="-84.718397">
        <ele>252.3</ele>
      </trkpt>
      <trkpt lat="37.739687" lon="-84.717751">
        <ele>265.7</ele>
      </trkpt>
      <trkpt lat="37.737599" lon="-84.718687">
        <ele>268.5</ele>
      </trkpt>
      <trkpt lat="37.738071" lon="-84.721379">
        <ele>269.7</ele>
      </trkpt>
      <trkpt lat="37.737336" lon="-84.723756">
        <ele>270.9</ele>
      </trkpt>
      <trkpt lat="37.740372" lon="-84.737232">
        <ele>279.8</ele>
      </trkpt>
      <trkpt lat="37.744287" lon="-84.739207">
        <ele>284.9</ele>
      </trkpt>
      <trkpt lat="37.745852" lon="-84.741863">
        <ele>277.0</ele>
      </trkpt>
      <trkpt lat="37.749856" lon="-84.755357">
        <ele>256.0</ele>
      </trkpt>
      <trkpt lat="37.753512" lon="-84.764469">
        <ele>268.2</ele>
      </trkpt>
      <trkpt lat="37.753917" lon="-84.782726">
        <ele>278.8</ele>
      </trkpt>
      <trkpt lat="37.756449" lon="-84.792034">
        <ele>287.7</ele>
      </trkpt>
      <trkpt lat="37.757964" lon="-84.804607">
        <ele>286.8</ele>
      </trkpt>
      <trkpt lat="37.757579" lon="-84.808269">
        <ele>294.7</ele>
      </trkpt>
      <trkpt lat="37.759022" lon="-84.814008">
        <ele>286.5</ele>
      </trkpt>
      <trkpt lat="37.762038" lon="-84.838168">
        <ele>267.3</ele>
      </trkpt>
      <trkpt lat="37.762476" lon="-84.845668">
        <ele>258.4</ele>
      </trkpt>
      <trkpt lat="37.75848" lon="-84.846">
        <ele>264.5</ele>
      </trkpt>
      <trkpt lat="37.757592" lon="-84.871721">
        <ele>250.5</ele>
      </trkpt>
      <trkpt lat="37.756934" lon="-84.876176">
        <ele>250.1</ele>
      </trkpt>
      <trkpt lat="37.754748" lon="-84.883137">
        <ele>268.2</ele>
      </trkpt>
      <trkpt lat="37.755218" lon="-84.888897">
        <ele>277.6</ele>
      </trkpt>
      <trkpt lat="37.75191" lon="-84.894757">
        <ele>276.0</ele>
      </trkpt>
      <trkpt lat="37.751517" lon="-84.901169">
        <ele>268.9</ele>
      </trkpt>
      <trkpt lat="37.748543" lon="-84.908504">
        <ele>287.3</ele>
      </trkpt>
      <trkpt lat="37.748078" lon="-84.911109">
        <ele>295.1</ele>
      </trkpt>
      <trkpt lat="37.747668" lon="-84.915902">
        <ele>286.8</ele>
      </trkpt>
      <trkpt lat="37.748247" lon="-84.919801">
        <ele>287.7</ele>
      </trkpt>
      <trkpt lat="37.749698" lon="-84.922504">
        <ele>290.0</ele>
      </trkpt>
      <trkpt lat="37.749641" lon="-84.926086">
        <ele>282.5</ele>
      </trkpt>
      <trkpt lat="37.749209" lon="-84.929236">
        <ele>277.1</ele>
      </trkpt>
      <trkpt lat="37.747304" lon="-84.933557">
        <ele>276.4</ele>
      </trkpt>
      <trkpt lat="37.747658" lon="-84.939349">
        <ele>277.9</ele>
      </trkpt>
      <trkpt lat="37.744826" lon="-84.94621">
        <ele>275.5</ele>
      </trkpt>
      <trkpt lat="37.743849" lon="-84.954037">
        <ele>264.2</ele>
      </trkpt>
      <trkpt lat="37.742286" lon="-84.956474">
        <ele>262.1</ele>
      </trkpt>
      <trkpt lat="37.74352" lon="-84.960878">
        <ele>260.9</ele>
      </trkpt>
      <trkpt lat="37.74451" lon="-84.967373">
        <ele>244.7</ele>
      </trkpt>
      <trkpt lat="37.745874" lon="-84.970165">
        <ele>232.4</ele>
      </trkpt>
      <trkpt lat="37.746011" lon="-84.971578">
        <ele>231.3</ele>
      </trkpt>
      <trkpt lat="37.745637" lon="-84.972859">
        <ele>233.4</ele>
      </trkpt>
      <trkpt lat="37.741944" lon="-84.977627">
        <ele>232.2</ele>
      </trkpt>
      <trkpt lat="37.743864" lon="-84.984161">
        <ele>269.7</ele>
      </trkpt>
      <trkpt lat="37.743234" lon="-84.985815">
        <ele>273.7</ele>
      </trkpt>
      <trkpt lat="37.741722" lon="-84.986875">
        <ele>265.7</ele>
      </trkpt>
      <trkpt lat="37.741076" lon="-84.990158">
        <ele>244.4</ele>
      </trkpt>
      <trkpt lat="37.740654" lon="-84.9964">
        <ele>239.5</ele>
      </trkpt>
      <trkpt lat="37.742712" lon="-84.999439">
        <ele>259.4</ele>
      </trkpt>
      <trkpt lat="37.740543" lon="-85.005004">
        <ele>270.2</ele>
      </trkpt>
      <trkpt lat="37.740469" lon="-85.009017">
        <ele>272.7</ele>
      </trkpt>
      <trkpt lat="37.739796" lon="-85.011501">
        <ele>278.2</ele>
      </trkpt>
      <trkpt lat="37.740642" lon="-85.015466">
        <ele>278.9</ele>
      </trkpt>
      <trkpt lat="37.740191" lon="-85.01599">
        <ele>277.8</ele>
      </trkpt>
      <trkpt lat="37.736559" lon="-85.016152">
        <ele>277.6</ele>
      </trkpt>
      <trkpt lat="37.736139" lon="-85.016546">
        <ele>278.2</ele>
      </trkpt>
      <trkpt lat="37.734803" lon="-85.023907">
        <ele>277.7</ele>
      </trkpt>
      <trkpt lat="37.734874" lon="-85.026377">
        <ele>273.8</ele>
      </trkpt>
      <trkpt lat="37.736272" lon="-85.027582">
        <ele>275.3</ele>
      </trkpt>
      <trkpt lat="37.735691" lon="-85.030962">
        <ele>274.4</ele>
      </trkpt>
      <trkpt lat="37.734345" lon="-85.032819">
        <ele>254.5</ele>
      </trkpt>
      <trkpt lat="37.731362" lon="-85.034094">
        <ele>237.5</ele>
      </trkpt>
      <trkpt lat="37.731385" lon="-85.037528">
        <ele>235.7</ele>
      </trkpt>
      <trkpt lat="37.732108" lon="-85.04068">
        <ele>236.6</ele>
      </trkpt>
      <trkpt lat="37.731931" lon="-85.045052">
        <ele>240.6</ele>
      </trkpt>
      <trkpt lat="37.731227" lon="-85.047557">
        <ele>247.3</ele>
      </trkpt>
      <trkpt lat="37.732165" lon="-85.057878">
        <ele>265.8</ele>
      </trkpt>
      <trkpt lat="37.734345" lon="-85.061214">
        <ele>270.7</ele>
      </trkpt>
      <trkpt lat="37.735946" lon="-85.066097">
        <ele>275.6</ele>
      </trkpt>
      <trkpt lat="37.736777" lon="-85.066452">
        <ele>276.4</ele>
      </trkpt>
      <trkpt lat="37.733571" lon="-85.080535">
        <ele>261.8</ele>
      </trkpt>
      <trkpt lat="37.731633" lon="-85.084183">
        <ele>242.7</ele>
      </trkpt>
      <trkpt lat="37.731319" lon="-85.085709">
        <ele>234.2</ele>
      </trkpt>
      <trkpt lat="37.732095" lon="-85.088758">
        <ele>230.2</ele>
      </trkpt>
      <trkpt lat="37.733282" lon="-85.089932">
        <ele>228.9</ele>
      </trkpt>
      <trkpt lat="37.734785" lon="-85.090883">
        <ele>227.3</ele>
      </trkpt>
      <trkpt lat="37.736142" lon="-85.090057">
        <ele>227.6</ele>
      </trkpt>
      <trkpt lat="37.73805" lon="-85.090262">
        <ele>228.2</ele>
      </trkpt>
      <trkpt lat="37.741965" lon="-85.093843">
        <ele>229.5</ele>
      </trkpt>
      <trkpt lat="37.74124" lon="-85.098371">
        <ele>241.6</ele>
      </trkpt>
      <trkpt lat="37.74154" lon="-85.102204">
        <ele>261.9</ele>
      </trkpt>
      <trkpt lat="37.74121" lon="-85.10812">
        <ele>251.3</ele>
      </trkpt>
      <trkpt lat="37.74038" lon="-85.110005">
        <ele>243.4</ele>
      </trkpt>
      <trkpt lat="37.741414" lon="-85.113501">
        <ele>241.7</ele>
      </trkpt>
      <trkpt lat="37.748814" lon="-85.119126">
        <ele>227.5</ele>
      </trkpt>
      <trkpt lat="37.753454" lon="-85.121729">
        <ele>223.6</ele>
      </trkpt>
      <trkpt lat="37.75531" lon="-85.124441">
        <ele>218.0</ele>
      </trkpt>
      <trkpt lat="37.755731" lon="-85.126336">
        <ele>218.7</ele>
      </trkpt>
      <trkpt lat="37.759073" lon="-85.133033">
        <ele>217.6</ele>
      </trkpt>
      <trkpt lat="37.760956" lon="-85.13431">
        <ele>217.2</ele>
      </trkpt>
      <trkpt lat="37.762913" lon="-85.134856">
        <ele>220.6</ele>
      </trkpt>
      <trkpt lat="37.765124" lon="-85.13735">
        <ele>219.0</ele>
      </trkpt>
      <trkpt lat="37.765936" lon="-85.139611">
        <ele>218.3</ele>
      </trkpt>
      <trkpt lat="37.768057" lon="-85.140909">
        <ele>211.6</ele>
      </trkpt>
      <trkpt lat="37.770111" lon="-85.144934">
        <ele>212.0</ele>
      </trkpt>
      <trkpt lat="37.771375" lon="-85.149247">
        <ele>208.5</ele>
      </trkpt>
      <trkpt lat="37.77163" lon="-85.152007">
        <ele>208.4</ele>
      </trkpt>
      <trkpt lat="37.770341" lon="-85.158078">
        <ele>208.4</ele>
      </trkpt>
      <trkpt lat="37.771295" lon="-85.159955">
        <ele>208.4</ele>
      </trkpt>
      <trkpt lat="37.771299" lon="-85.162216">
        <ele>208.4</ele>
      </trkpt>
      <trkpt lat="37.772911" lon="-85.16673">
        <ele>212.5</ele>
      </trkpt>
      <trkpt lat="37.76031" lon="-85.168351">
        <ele>250.1</ele>
      </trkpt>
      <trkpt lat="37.760426" lon="-85.169769">
        <ele>250.7</ele>
      </trkpt>
      <trkpt lat="37.76586" lon="-85.182679">
        <ele>247.9</ele>
      </trkpt>
      <trkpt lat="37.766217" lon="-85.185774">
        <ele>230.5</ele>
      </trkpt>
      <trkpt lat="37.765666" lon="-85.189594">
        <ele>219.7</ele>
      </trkpt>
      <trkpt lat="37.765977" lon="-85.190944">
        <ele>217.3</ele>
      </trkpt>
      <trkpt lat="37.766532" lon="-85.19168">
        <ele>215.5</ele>
      </trkpt>
      <trkpt lat="37.770543" lon="-85.19336">
        <ele>196.9</ele>
      </trkpt>
      <trkpt lat="37.772426" lon="-85.195395">
        <ele>203.2</ele>
      </trkpt>
      <trkpt lat="37.775687" lon="-85.19771">
        <ele>224.4</ele>
      </trkpt>
      <trkpt lat="37.776139" lon="-85.198789">
        <ele>230.7</ele>
      </trkpt>
      <trkpt lat="37.77517" lon="-85.201057">
        <ele>228.0</ele>
      </trkpt>
      <trkpt lat="37.773417" lon="-85.202825">
        <ele>227.5</ele>
      </trkpt>
      <trkpt lat="37.770514" lon="-85.207182">
        <ele>228.8</ele>
      </trkpt>
      <trkpt lat="37.768587" lon="-85.208582">
        <ele>231.7</ele>
      </trkpt>
      <trkpt lat="37.766669" lon="-85.208611">
        <ele>226.5</ele>
      </trkpt>
      <trkpt lat="37.764131" lon="-85.210226">
        <ele>232.2</ele>
      </trkpt>
      <trkpt lat="37.760056" lon="-85.214563">
        <ele>226.8</ele>
      </trkpt>
      <trkpt lat="37.756431" lon="-85.214665">
        <ele>238.9</ele>
      </trkpt>
      <trkpt lat="37.753837" lon="-85.212205">
        <ele>245.2</ele>
      </trkpt>
      <trkpt lat="37.748164" lon="-85.210131">
        <ele>248.9</ele>
      </trkpt>
      <trkpt lat="37.746438" lon="-85.211283">
        <ele>241.6</ele>
      </trkpt>
      <trkpt lat="37.742177" lon="-85.212515">
        <ele>243.6</ele>
      </trkpt>
      <trkpt lat="37.738799" lon="-85.214798">
        <ele>235.0</ele>
      </trkpt>
      <trkpt lat="37.734656" lon="-85.213863">
        <ele>234.7</ele>
      </trkpt>
      <trkpt lat="37.733431" lon="-85.216004">
        <ele>228.6</ele>
      </trkpt>
      <trkpt lat="37.729357" lon="-85.217578">
        <ele>237.2</ele>
      </trkpt>
      <trkpt lat="37.727365" lon="-85.21771">
        <ele>221.8</ele>
      </trkpt>
      <trkpt lat="37.718973" lon="-85.220348">
        <ele>232.4</ele>
      </trkpt>
      <trkpt lat="37.709968" lon="-85.22365">
        <ele>233.7</ele>
      </trkpt>
      <trkpt lat="37.707565" lon="-85.225483">
        <ele>223.9</ele>
      </trkpt>
      <trkpt lat="37.705638" lon="-85.225301">
        <ele>219.3</ele>
      </trkpt>
      <trkpt lat="37.698995" lon="-85.221653">
        <ele>232.1</ele>
      </trkpt>
      <trkpt lat="37.696222" lon="-85.227992">
        <ele>240.7</ele>
      </trkpt>
      <trkpt lat="37.690674" lon="-85.232427">
        <ele>224.2</ele>
      </trkpt>
      <trkpt lat="37.691551" lon="-85.234721">
        <ele>224.9</ele>
      </trkpt>
      <trkpt lat="37.691799" lon="-85.238688">
        <ele>230.1</ele>
      </trkpt>
      <trkpt lat="37.692425" lon="-85.240881">
        <ele>237.0</ele>
      </trkpt>
      <trkpt lat="37.698195" lon="-85.248157">
        <ele>240.3</ele>
      </trkpt>
      <trkpt lat="37.694504" lon="-85.252371">
        <ele>213.9</ele>
      </trkpt>
      <trkpt lat="37.693906" lon="-85.25379">
        <ele>208.3</ele>
      </trkpt>
      <trkpt lat="37.69324" lon="-85.259729">
        <ele>207.8</ele>
      </trkpt>
      <trkpt lat="37.691735" lon="-85.265657">
        <ele>211.1</ele>
      </trkpt>
      <trkpt lat="37.693447" lon="-85.27028">
        <ele>221.3</ele>
      </trkpt>
      <trkpt lat="37.693735" lon="-85.275643">
        <ele>241.5</ele>
      </trkpt>
      <trkpt lat="37.692222" lon="-85.280229">
        <ele>245.1</ele>
      </trkpt>
      <trkpt lat="37.688145" lon="-85.288597">
        <ele>261.5</ele>
      </trkpt>
      <trkpt lat="37.688666" lon="-85.294857">
        <ele>264.2</ele>
      </trkpt>
      <trkpt lat="37.686212" lon="-85.298319">
        <ele>241.3</ele>
      </trkpt>
      <trkpt lat="37.685633" lon="-85.299931">
        <ele>242.0</ele>
      </trkpt>
      <trkpt lat="37.686279" lon="-85.303949">
        <ele>245.7</ele>
      </trkpt>
      <trkpt lat="37.686301" lon="-85.309364">
        <ele>255.0</ele>
      </trkpt>
      <trkpt lat="37.682884" lon="-85.316199">
        <ele>239.7</ele>
      </trkpt>
      <trkpt lat="37.682356" lon="-85.320957">
        <ele>228.4</ele>
      </trkpt>
      <trkpt lat="37.680811" lon="-85.325314">
        <ele>224.4</ele>
      </trkpt>
      <trkpt lat="37.678057" lon="-85.337324">
        <ele>218.3</ele>
      </trkpt>
      <trkpt lat="37.678349" lon="-85.346706">
        <ele>197.3</ele>
      </trkpt>
      <trkpt lat="37.679259" lon="-85.351733">
        <ele>193.9</ele>
      </trkpt>
      <trkpt lat="37.684053" lon="-85.362014">
        <ele>179.6</ele>
      </trkpt>
      <trkpt lat="37.684763" lon="-85.366158">
        <ele>175.1</ele>
      </trkpt>
      <trkpt lat="37.68441" lon="-85.368577">
        <ele>178.3</ele>
      </trkpt>
      <trkpt lat="37.682599" lon="-85.370497">
        <ele>173.1</ele>
      </trkpt>
      <trkpt lat="37.675634" lon="-85.372347">
        <ele>172.5</ele>
      </trkpt>
      <trkpt lat="37.67402" lon="-85.373495">
        <ele>170.2</ele>
      </trkpt>
      <trkpt lat="37.670357" lon="-85.378719">
        <ele>177.5</ele>
      </trkpt>
      <trkpt lat="37.66781" lon="-85.383521">
        <ele>183.8</ele>
      </trkpt>
      <trkpt lat="37.667085" lon="-85.385942">
        <ele>184.2</ele>
      </trkpt>
      <trkpt lat="37.664564" lon="-85.389063">
        <ele>187.2</ele>
      </trkpt>
      <trkpt lat="37.662393" lon="-85.38926">
        <ele>188.3</ele>
      </trkpt>
      <trkpt lat="37.661445" lon="-85.390018">
        <ele>187.8</ele>
      </trkpt>
      <trkpt lat="37.659638" lon="-85.393803">
        <ele>190.9</ele>
      </trkpt>
      <trkpt lat="37.659412" lon="-85.395502">
        <ele>190.0</ele>
      </trkpt>
      <trkpt lat="37.657747" lon="-85.397296">
        <ele>194.0</ele>
      </trkpt>
      <trkpt lat="37.655845" lon="-85.397617">
        <ele>204.6</ele>
      </trkpt>
      <trkpt lat="37.651462" lon="-85.400505">
        <ele>222.2</ele>
      </trkpt>
      <trkpt lat="37.647743" lon="-85.400549">
        <ele>225.8</ele>
      </trkpt>
      <trkpt lat="37.645928" lon="-85.401734">
        <ele>224.4</ele>
      </trkpt>
      <trkpt lat="37.642398" lon="-85.401716">
        <ele>227.0</ele>
      </trkpt>
      <trkpt lat="37.639654" lon="-85.400702">
        <ele>226.1</ele>
      </trkpt>
      <trkpt lat="37.637428" lon="-85.401416">
        <ele>230.7</ele>
      </trkpt>
      <trkpt lat="37.635495" lon="-85.401176">
        <ele>226.2</ele>
      </trkpt>
      <trkpt lat="37.635593" lon="-85.403506">
        <ele>224.9</ele>
      </trkpt>
      <trkpt lat="37.632755" lon="-85.412032">
        <ele>222.5</ele>
      </trkpt>
      <trkpt lat="37.630082" lon="-85.415852">
        <ele>221.9</ele>
      </trkpt>
      <trkpt lat="37.62695" lon="-85.418397">
        <ele>223.6</ele>
      </trkpt>
      <trkpt lat="37.625856" lon="-85.421065">
        <ele>222.6</ele>
      </trkpt>
      <trkpt lat="37.626842" lon="-85.429995">
        <ele>211.3</ele>
      </trkpt>
      <trkpt lat="37.628118" lon="-85.433576">
        <ele>212.0</ele>
      </trkpt>
      <trkpt lat="37.629787" lon="-85.436145">
        <ele>211.2</ele>
      </trkpt>
      <trkpt lat="37.631938" lon="-85.442786">
        <ele>209.9</ele>
      </trkpt>
      <trkpt lat="37.63414" lon="-85.447232">
        <ele>209.3</ele>
      </trkpt>
      <trkpt lat="37.635131" lon="-85.448413">
        <ele>202.0</ele>
      </trkpt>
      <trkpt lat="37.6366" lon="-85.449022">
        <ele>196.2</ele>
      </trkpt>
      <trkpt lat="37.636975" lon="-85.449817">
        <ele>196.4</ele>
      </trkpt>
      <trkpt lat="37.636307" lon="-85.455558">
        <ele>196.1</ele>
      </trkpt>
      <trkpt lat="37.638263" lon="-85.475145">
        <ele>174.1</ele>
      </trkpt>
      <trkpt lat="37.639484" lon="-85.480489">
        <ele>175.7</ele>
      </trkpt>
      <trkpt lat="37.640269" lon="-85.489031">
        <ele>160.9</ele>
      </trkpt>
      <trkpt lat="37.638657" lon="-85.491822">
        <ele>162.3</ele>
      </trkpt>
      <trkpt lat="37.635863" lon="-85.492691">
        <ele>152.4</ele>
      </trkpt>
      <trkpt lat="37.634399" lon="-85.494329">
        <ele>158.6</ele>
      </trkpt>
      <trkpt lat="37.634122" lon="-85.503757">
        <ele>160.3</ele>
      </trkpt>
      <trkpt lat="37.635635" lon="-85.506638">
        <ele>152.4</ele>
      </trkpt>
      <trkpt lat="37.638965" lon="-85.508763">
        <ele>153.3</ele>
      </trkpt>
      <trkpt lat="37.648122" lon="-85.508742">
        <ele>163.1</ele>
      </trkpt>
      <trkpt lat="37.650251" lon="-85.518361">
        <ele>163.0</ele>
      </trkpt>
      <trkpt lat="37.649309" lon="-85.53399">
        <ele>159.1</ele>
      </trkpt>
      <trkpt lat="37.653655" lon="-85.534817">
        <ele>160.3</ele>
      </trkpt>
      <trkpt lat="37.654329" lon="-85.535542">
        <ele>162.2</ele>
      </trkpt>
      <trkpt lat="37.654178" lon="-85.546654">
        <ele>157.9</ele>
      </trkpt>
      <trkpt lat="37.653474" lon="-85.551657">
        <ele>163.4</ele>
      </trkpt>
      <trkpt lat="37.652265" lon="-85.555248">
        <ele>156.3</ele>
      </trkpt>
      <trkpt lat="37.652353" lon="-85.559535">
        <ele>150.9</ele>
      </trkpt>
      <trkpt lat="37.653575" lon="-85.565532">
        <ele>152.0</ele>
      </trkpt>
      <trkpt lat="37.652518" lon="-85.56905">
        <ele>159.8</ele>
      </trkpt>
      <trkpt lat="37.652665" lon="-85.5719">
        <ele>154.0</ele>
      </trkpt>
      <trkpt lat="37.650881" lon="-85.574082">
        <ele>150.1</ele>
      </trkpt>
      <trkpt lat="37.647129" lon="-85.572884">
        <ele>141.1</ele>
      </trkpt>
      <trkpt lat="37.644278" lon="-85.569732">
        <ele>140.4</ele>
      </trkpt>
      <trkpt lat="37.642255" lon="-85.566204">
        <ele>146.6</ele>
      </trkpt>
      <trkpt lat="37.640695" lon="-85.565366">
        <ele>153.5</ele>
      </trkpt>
      <trkpt lat="37.626899" lon="-85.567953">
        <ele>160.8</ele>
      </trkpt>
      <trkpt lat="37.622269" lon="-85.566373">
        <ele>155.5</ele>
      </trkpt>
      <trkpt lat="37.617954" lon="-85.565883">
        <ele>153.7</ele>
      </trkpt>
      <trkpt lat="37.615786" lon="-85.567958">
        <ele>142.2</ele>
      </trkpt>
      <trkpt lat="37.616448" lon="-85.57276">
        <ele>147.8</ele>
      </trkpt>
      <trkpt lat="37.61637" lon="-85.576063">
        <ele>150.0</ele>
      </trkpt>
      <trkpt lat="37.613265" lon="-85.581866">
        <ele>153.9</ele>
      </trkpt>
      <trkpt lat="37.611315" lon="-85.583202">
        <ele>155.3</ele>
      </trkpt>
      <trkpt lat="37.596387" lon="-85.585379">
        <ele>151.7</ele>
      </trkpt>
      <trkpt lat="37.595365" lon="-85.585897">
        <ele>154.5</ele>
      </trkpt>
      <trkpt lat="37.594566" lon="-85.587408">
        <ele>154.7</ele>
      </trkpt>
      <trkpt lat="37.593381" lon="-85.593429">
        <ele>151.9</ele>
      </trkpt>
      <trkpt lat="37.589321" lon="-85.602239">
        <ele>155.6</ele>
      </trkpt>
      <trkpt lat="37.58806" lon="-85.602313">
        <ele>162.1</ele>
      </trkpt>
      <trkpt lat="37.586641" lon="-85.601378">
        <ele>150.4</ele>
      </trkpt>
      <trkpt lat="37.58348" lon="-85.590103">
        <ele>157.3</ele>
      </trkpt>
      <trkpt lat="37.58234" lon="-85.588717">
        <ele>155.8</ele>
      </trkpt>
      <trkpt lat="37.580956" lon="-85.588713">
        <ele>155.6</ele>
      </trkpt>
      <trkpt lat="37.577812" lon="-85.591116">
        <ele>157.2</ele>
      </trkpt>
      <trkpt lat="37.574538" lon="-85.590886">
        <ele>155.4</ele>
      </trkpt>
      <trkpt lat="37.570978" lon="-85.592518">
        <ele>156.7</ele>
      </trkpt>
      <trkpt lat="37.570569" lon="-85.593268">
        <ele>156.9</ele>
      </trkpt>
      <trkpt lat="37.572281" lon="-85.59633">
        <ele>152.4</ele>
      </trkpt>
      <trkpt lat="37.573083" lon="-85.599165">
        <ele>152.3</ele>
      </trkpt>
      <trkpt lat="37.573991" lon="-85.609435">
        <ele>154.4</ele>
      </trkpt>
      <trkpt lat="37.572523" lon="-85.616457">
        <ele>166.7</ele>
      </trkpt>
      <trkpt lat="37.5737" lon="-85.618508">
        <ele>170.9</ele>
      </trkpt>
      <trkpt lat="37.5767" lon="-85.621553">
        <ele>192.4</ele>
      </trkpt>
      <trkpt lat="37.578164" lon="-85.626433">
        <ele>220.7</ele>
      </trkpt>
      <trkpt lat="37.580984" lon="-85.628783">
        <ele>245.3</ele>
      </trkpt>
      <trkpt lat="37.581823" lon="-85.630458">
        <ele>256.2</ele>
      </trkpt>
      <trkpt lat="37.582546" lon="-85.633145">
        <ele>265.2</ele>
      </trkpt>
      <trkpt lat="37.581876" lon="-85.63604">
        <ele>270.6</ele>
      </trkpt>
      <trkpt lat="37.581719" lon="-85.648107">
        <ele>288.9</ele>
      </trkpt>
      <trkpt lat="37.58885" lon="-85.664774">
        <ele>254.5</ele>
      </trkpt>
      <trkpt lat="37.587838" lon="-85.666214">
        <ele>250.2</ele>
      </trkpt>
      <trkpt lat="37.585212" lon="-85.667956">
        <ele>251.4</ele>
      </trkpt>
      <trkpt lat="37.582159" lon="-85.668728">
        <ele>244.6</ele>
      </trkpt>
      <trkpt lat="37.57943" lon="-85.667192">
        <ele>243.6</ele>
      </trkpt>
      <trkpt lat="37.573858" lon="-85.662312">
        <ele>246.9</ele>
      </trkpt>
      <trkpt lat="37.569182" lon="-85.660041">
        <ele>253.8</ele>
      </trkpt>
      <trkpt lat="37.568191" lon="-85.660083">
        <ele>258.1</ele>
      </trkpt>
      <trkpt lat="37.564508" lon="-85.664525">
        <ele>283.4</ele>
      </trkpt>
      <trkpt lat="37.561643" lon="-85.664727">
        <ele>275.0</ele>
      </trkpt>
      <trkpt lat="37.558948" lon="-85.66645">
        <ele>274.3</ele>
      </trkpt>
      <trkpt lat="37.554952" lon="-85.671901">
        <ele>269.2</ele>
      </trkpt>
      <trkpt lat="37.548463" lon="-85.672599">
        <ele>246.4</ele>
      </trkpt>
      <trkpt lat="37.547308" lon="-85.676324">
        <ele>236.7</ele>
      </trkpt>
      <trkpt lat="37.543574" lon="-85.679904">
        <ele>251.6</ele>
      </trkpt>
      <trkpt lat="37.535333" lon="-85.683767">
        <ele>256.1</ele>
      </trkpt>
      <trkpt lat="37.528862" lon="-85.688427">
        <ele>256.1</ele>
      </trkpt>
      <trkpt lat="37.527019" lon="-85.688588">
        <ele>247.2</ele>
      </trkpt>
      <trkpt lat="37.524272" lon="-85.691466">
        <ele>237.9</ele>
      </trkpt>
      <trkpt lat="37.522035" lon="-85.691036">
        <ele>244.0</ele>
      </trkpt>
      <trkpt lat="37.520654" lon="-85.691517">
        <ele>248.3</ele>
      </trkpt>
      <trkpt lat="37.517193" lon="-85.691568">
        <ele>247.5</ele>
      </trkpt>
      <trkpt lat="37.515237" lon="-85.694097">
        <ele>237.1</ele>
      </trkpt>
      <trkpt lat="37.513834" lon="-85.694878">
        <ele>231.7</ele>
      </trkpt>
      <trkpt lat="37.511878" lon="-85.699282">
        <ele>225.6</ele>
      </trkpt>
      <trkpt lat="37.50694" lon="-85.702324">
        <ele>232.1</ele>
      </trkpt>
      <trkpt lat="37.506918" lon="-85.704062">
        <ele>234.3</ele>
      </trkpt>
      <trkpt lat="37.508526" lon="-85.708567">
        <ele>225.6</ele>
      </trkpt>
      <trkpt lat="37.507753" lon="-85.712509">
        <ele>224.2</ele>
      </trkpt>
      <trkpt lat="37.508543" lon="-85.717446">
        <ele>221.2</ele>
      </trkpt>
      <trkpt lat="37.508286" lon="-85.718532">
        <ele>220.7</ele>
      </trkpt>
      <trkpt lat="37.50717" lon="-85.719077">
        <ele>222.4</ele>
      </trkpt>
      <trkpt lat="37.505519" lon="-85.721765">
        <ele>223.2</ele>
      </trkpt>
      <trkpt lat="37.503428" lon="-85.729974">
        <ele>226.1</ele>
      </trkpt>
      <trkpt lat="37.504762" lon="-85.730811">
        <ele>222.8</ele>
      </trkpt>
      <trkpt lat="37.504281" lon="-85.736009">
        <ele>226.0</ele>
      </trkpt>
      <trkpt lat="37.504919" lon="-85.737251">
        <ele>226.7</ele>
      </trkpt>
      <trkpt lat="37.503516" lon="-85.737754">
        <ele>228.2</ele>
      </trkpt>
      <trkpt lat="37.504224" lon="-85.739972">
        <ele>225.9</ele>
      </trkpt>
      <trkpt lat="37.505255" lon="-85.740251">
        <ele>230.4</ele>
      </trkpt>
      <trkpt lat="37.507936" lon="-85.746023">
        <ele>222.2</ele>
      </trkpt>
      <trkpt lat="37.506432" lon="-85.746454">
        <ele>219.5</ele>
      </trkpt>
      <trkpt lat="37.506302" lon="-85.750723">
        <ele>236.8</ele>
      </trkpt>
      <trkpt lat="37.513427" lon="-85.832468">
        <ele>238.6</ele>
      </trkpt>
      <trkpt lat="37.515332" lon="-85.835957">
        <ele>240.7</ele>
      </trkpt>
      <trkpt lat="37.515937" lon="-85.844896">
        <ele>250.5</ele>
      </trkpt>
      <trkpt lat="37.519573" lon="-85.844651">
        <ele>241.6</ele>
      </trkpt>
      <trkpt lat="37.520674" lon="-85.854249">
        <ele>228.5</ele>
      </trkpt>
      <trkpt lat="37.519311" lon="-85.867644">
        <ele>229.1</ele>
      </trkpt>
      <trkpt lat="37.520057" lon="-85.880062">
        <ele>233.8</ele>
      </trkpt>
      <trkpt lat="37.523824" lon="-85.890846">
        <ele>221.9</ele>
      </trkpt>
      <trkpt lat="37.523946" lon="-85.893818">
        <ele>219.1</ele>
      </trkpt>
      <trkpt lat="37.531389" lon="-85.895587">
        <ele>221.9</ele>
      </trkpt>
      <trkpt lat="37.532162" lon="-85.906202">
        <ele>215.4</ele>
      </trkpt>
      <trkpt lat="37.532691" lon="-85.90677">
        <ele>216.4</ele>
      </trkpt>
      <trkpt lat="37.534596" lon="-85.906527">
        <ele>216.1</ele>
      </trkpt>
      <trkpt lat="37.535295" lon="-85.907078">
        <ele>215.9</ele>
      </trkpt>
      <trkpt lat="37.536181" lon="-85.918624">
        <ele>212.7</ele>
      </trkpt>
      <trkpt lat="37.5367" lon="-85.91905">
        <ele>211.7</ele>
      </trkpt>
      <trkpt lat="37.538697" lon="-85.918804">
        <ele>212.4</ele>
      </trkpt>
      <trkpt lat="37.539273" lon="-85.919459">
        <ele>211.3</ele>
      </trkpt>
      <trkpt lat="37.541039" lon="-85.941678">
        <ele>216.2</ele>
      </trkpt>
      <trkpt lat="37.543144" lon="-85.94288">
        <ele>210.6</ele>
      </trkpt>
      <trkpt lat="37.543714" lon="-85.950402">
        <ele>207.2</ele>
      </trkpt>
      <trkpt lat="37.544657" lon="-85.95187">
        <ele>208.4</ele>
      </trkpt>
      <trkpt lat="37.546025" lon="-85.952802">
        <ele>207.2</ele>
      </trkpt>
      <trkpt lat="37.547377" lon="-85.960067">
        <ele>207.2</ele>
      </trkpt>
      <trkpt lat="37.548373" lon="-85.96237">
        <ele>204.5</ele>
      </trkpt>
      <trkpt lat="37.549666" lon="-85.963929">
        <ele>202.2</ele>
      </trkpt>
      <trkpt lat="37.551646" lon="-85.969764">
        <ele>206.2</ele>
      </trkpt>
      <trkpt lat="37.550969" lon="-85.97487">
        <ele>213.3</ele>
      </trkpt>
      <trkpt lat="37.552054" lon="-85.978595">
        <ele>214.4</ele>
      </trkpt>
      <trkpt lat="37.552985" lon="-85.993802">
        <ele>202.7</ele>
      </trkpt>
      <trkpt lat="37.552518" lon="-85.99432">
        <ele>200.9</ele>
      </trkpt>
      <trkpt lat="37.551247" lon="-85.994456">
        <ele>198.7</ele>
      </trkpt>
      <trkpt lat="37.550727" lon="-85.995296">
        <ele>198.6</ele>
      </trkpt>
      <trkpt lat="37.551796" lon="-86.011383">
        <ele>193.1</ele>
      </trkpt>
      <trkpt lat="37.549828" lon="-86.016542">
        <ele>200.4</ele>
      </trkpt>
      <trkpt lat="37.549227" lon="-86.020927">
        <ele>189.7</ele>
      </trkpt>
      <trkpt lat="37.549869" lon="-86.030324">
        <ele>193.6</ele>
      </trkpt>
      <trkpt lat="37.551377" lon="-86.033249">
        <ele>192.9</ele>
      </trkpt>
      <trkpt lat="37.553566" lon="-86.034984">
        <ele>191.5</ele>
      </trkpt>
      <trkpt lat="37.559727" lon="-86.036038">
        <ele>190.4</ele>
      </trkpt>
      <trkpt lat="37.563759" lon="-86.037323">
        <ele>188.9</ele>
      </trkpt>
      <trkpt lat="37.572543" lon="-86.037434">
        <ele>195.0</ele>
      </trkpt>
      <trkpt lat="37.57771" lon="-86.035859">
        <ele>194.4</ele>
      </trkpt>
      <trkpt lat="37.579987" lon="-86.042915">
        <ele>216.8</ele>
      </trkpt>
      <trkpt lat="37.581437" lon="-86.045103">
        <ele>224.3</ele>
      </trkpt>
      <trkpt lat="37.582388" lon="-86.049589">
        <ele>230.3</ele>
      </trkpt>
      <trkpt lat="37.582435" lon="-86.050727">
        <ele>228.6</ele>
      </trkpt>
      <trkpt lat="37.581514" lon="-86.052659">
        <ele>239.6</ele>
      </trkpt>
      <trkpt lat="37.581801" lon="-86.056371">
        <ele>247.6</ele>
      </trkpt>
      <trkpt lat="37.584314" lon="-86.0575">
        <ele>250.6</ele>
      </trkpt>
      <trkpt lat="37.586179" lon="-86.056874">
        <ele>253.2</ele>
      </trkpt>
      <trkpt lat="37.589312" lon="-86.057695">
        <ele>246.3</ele>
      </trkpt>
      <trkpt lat="37.590256" lon="-86.064373">
        <ele>258.0</ele>
      </trkpt>
      <trkpt lat="37.591345" lon="-86.080018">
        <ele>242.5</ele>
      </trkpt>
      <trkpt lat="37.592041" lon="-86.082707">
        <ele>240.5</ele>
      </trkpt>
      <trkpt lat="37.596125" lon="-86.089502">
        <ele>226.9</ele>
      </trkpt>
      <trkpt lat="37.597429" lon="-86.093078">
        <ele>226.7</ele>
      </trkpt>
      <trkpt lat="37.602916" lon="-86.100826">
        <ele>243.4</ele>
      </trkpt>
      <trkpt lat="37.611068" lon="-86.119756">
        <ele>256.2</ele>
      </trkpt>
      <trkpt lat="37.619551" lon="-86.13442">
        <ele>238.6</ele>
      </trkpt>
      <trkpt lat="37.62071" lon="-86.137355">
        <ele>243.4</ele>
      </trkpt>
      <trkpt lat="37.620808" lon="-86.144748">
        <ele>256.9</ele>
      </trkpt>
      <trkpt lat="37.617905" lon="-86.159438">
        <ele>239.4</ele>
      </trkpt>
      <trkpt lat="37.619029" lon="-86.170117">
        <ele>239.8</ele>
      </trkpt>
      <trkpt lat="37.620958" lon="-86.177193">
        <ele>237.7</ele>
      </trkpt>
      <trkpt lat="37.621019" lon="-86.183712">
        <ele>232.5</ele>
      </trkpt>
      <trkpt lat="37.61652" lon="-86.19555">
        <ele>234.5</ele>
      </trkpt>
      <trkpt lat="37.614615" lon="-86.197523">
        <ele>237.7</ele>
      </trkpt>
      <trkpt lat="37.61291" lon="-86.202987">
        <ele>235.7</ele>
      </trkpt>
      <trkpt lat="37.61311" lon="-86.206704">
        <ele>239.2</ele>
      </trkpt>
      <trkpt lat="37.610698" lon="-86.213154">
        <ele>224.5</ele>
      </trkpt>
      <trkpt lat="37.609376" lon="-86.218809">
        <ele>226.9</ele>
      </trkpt>
      <trkpt lat="37.608833" lon="-86.226869">
        <ele>227.6</ele>
      </trkpt>
      <trkpt lat="37.604793" lon="-86.238778">
        <ele>220.8</ele>
      </trkpt>
      <trkpt lat="37.603849" lon="-86.244663">
        <ele>223.0</ele>
      </trkpt>
      <trkpt lat="37.6044" lon="-86.249842">
        <ele>220.6</ele>
      </trkpt>
      <trkpt lat="37.607475" lon="-86.255164">
        <ele>179.1</ele>
      </trkpt>
      <trkpt lat="37.609705" lon="-86.256561">
        <ele>164.0</ele>
      </trkpt>
      <trkpt lat="37.610731" lon="-86.258256">
        <ele>160.7</ele>
      </trkpt>
      <trkpt lat="37.613682" lon="-86.260562">
        <ele>171.9</ele>
      </trkpt>
      <trkpt lat="37.614784" lon="-86.259797">
        <ele>192.7</ele>
      </trkpt>
      <trkpt lat="37.616743" lon="-86.263463">
        <ele>218.3</ele>
      </trkpt>
      <trkpt lat="37.619432" lon="-86.265087">
        <ele>223.0</ele>
      </trkpt>
      <trkpt lat="37.615367" lon="-86.274392">
        <ele>228.8</ele>
      </trkpt>
      <trkpt lat="37.616389" lon="-86.276773">
        <ele>222.5</ele>
      </trkpt>
      <trkpt lat="37.619091" lon="-86.278692">
        <ele>216.7</ele>
      </trkpt>
      <trkpt lat="37.619699" lon="-86.279656">
        <ele>213.3</ele>
      </trkpt>
      <trkpt lat="37.620602" lon="-86.285053">
        <ele>221.4</ele>
      </trkpt>
      <trkpt lat="37.621172" lon="-86.285188">
        <ele>216.5</ele>
      </trkpt>
      <trkpt lat="37.622449" lon="-86.283544">
        <ele>207.8</ele>
      </trkpt>
      <trkpt lat="37.624363" lon="-86.284192">
        <ele>217.5</ele>
      </trkpt>
      <trkpt lat="37.62702" lon="-86.283911">
        <ele>222.9</ele>
      </trkpt>
      <trkpt lat="37.629903" lon="-86.284957">
        <ele>237.2</ele>
      </trkpt>
      <trkpt lat="37.631767" lon="-86.283849">
        <ele>237.0</ele>
      </trkpt>
      <trkpt lat="37.636666" lon="-86.282684">
        <ele>232.2</ele>
      </trkpt>
      <trkpt lat="37.639921" lon="-86.282659">
        <ele>233.5</ele>
      </trkpt>
      <trkpt lat="37.642447" lon="-86.281854">
        <ele>245.5</ele>
      </trkpt>
      <trkpt lat="37.643178" lon="-86.28284">
        <ele>253.6</ele>
      </trkpt>
      <trkpt lat="37.642617" lon="-86.28448">
        <ele>254.5</ele>
      </trkpt>
      <trkpt lat="37.64293" lon="-86.288351">
        <ele>257.2</ele>
      </trkpt>
      <trkpt lat="37.641725" lon="-86.290717">
        <ele>255.9</ele>
      </trkpt>
      <trkpt lat="37.638979" lon="-86.292344">
        <ele>252.6</ele>
      </trkpt>
      <trkpt lat="37.632434" lon="-86.298064">
        <ele>242.4</ele>
      </trkpt>
      <trkpt lat="37.631521" lon="-86.301439">
        <ele>241.3</ele>
      </trkpt>
      <trkpt lat="37.630108" lon="-86.303824">
        <ele>247.4</ele>
      </trkpt>
      <trkpt lat="37.631015" lon="-86.308268">
        <ele>250.9</ele>
      </trkpt>
      <trkpt lat="37.630663" lon="-86.310807">
        <ele>248.5</ele>
      </trkpt>
      <trkpt lat="37.628351" lon="-86.313636">
        <ele>246.0</ele>
      </trkpt>
      <trkpt lat="37.622434" lon="-86.324632">
        <ele>230.0</ele>
      </trkpt>
      <trkpt lat="37.622156" lon="-86.32751">
        <ele>236.5</ele>
      </trkpt>
      <trkpt lat="37.619991" lon="-86.333772">
        <ele>239.7</ele>
      </trkpt>
      <trkpt lat="37.618343" lon="-86.336144">
        <ele>239.6</ele>
      </trkpt>
      <trkpt lat="37.615392" lon="-86.336589">
        <ele>227.1</ele>
      </trkpt>
      <trkpt lat="37.611931" lon="-86.34001">
        <ele>226.1</ele>
      </trkpt>
      <trkpt lat="37.610809" lon="-86.342869">
        <ele>235.9</ele>
      </trkpt>
      <trkpt lat="37.608504" lon="-86.357354">
        <ele>223.3</ele>
      </trkpt>
      <trkpt lat="37.601984" lon="-86.368215">
        <ele>225.2</ele>
      </trkpt>
      <trkpt lat="37.597945" lon="-86.373757">
        <ele>223.0</ele>
      </trkpt>
      <trkpt lat="37.596358" lon="-86.389153">
        <ele>215.9</ele>
      </trkpt>
      <trkpt lat="37.596788" lon="-86.392903">
        <ele>216.1</ele>
      </trkpt>
      <trkpt lat="37.605073" lon="-86.423944">
        <ele>208.1</ele>
      </trkpt>
      <trkpt lat="37.610582" lon="-86.42847">
        <ele>210.3</ele>
      </trkpt>
      <trkpt lat="37.617111" lon="-86.439639">
        <ele>190.1</ele>
      </trkpt>
      <trkpt lat="37.61974" lon="-86.441277">
        <ele>187.1</ele>
      </trkpt>
      <trkpt lat="37.621944" lon="-86.441362">
        <ele>180.7</ele>
      </trkpt>
      <trkpt lat="37.622716" lon="-86.444174">
        <ele>179.9</ele>
      </trkpt>
      <trkpt lat="37.623492" lon="-86.453417">
        <ele>161.7</ele>
      </trkpt>
      <trkpt lat="37.6266" lon="-86.457602">
        <ele>164.1</ele>
      </trkpt>
      <trkpt lat="37.627453" lon="-86.460902">
        <ele>178.4</ele>
      </trkpt>
      <trkpt lat="37.629192" lon="-86.462072">
        <ele>190.2</ele>
      </trkpt>
      <trkpt lat="37.634327" lon="-86.462586">
        <ele>203.9</ele>
      </trkpt>
      <trkpt lat="37.641968" lon="-86.469013">
        <ele>196.0</ele>
      </trkpt>
      <trkpt lat="37.642944" lon="-86.470798">
        <ele>204.2</ele>
      </trkpt>
      <trkpt lat="37.643779" lon="-86.477459">
        <ele>176.8</ele>
      </trkpt>
      <trkpt lat="37.64147" lon="-86.485346">
        <ele>161.9</ele>
      </trkpt>
      <trkpt lat="37.641439" lon="-86.488013">
        <ele>165.5</ele>
      </trkpt>
      <trkpt lat="37.637157" lon="-86.487742">
        <ele>182.1</ele>
      </trkpt>
      <trkpt lat="37.628006" lon="-86.489968">
        <ele>191.7</ele>
      </trkpt>
      <trkpt lat="37.625788" lon="-86.491774">
        <ele>177.1</ele>
      </trkpt>
      <trkpt lat="37.622802" lon="-86.495908">
        <ele>183.0</ele>
      </trkpt>
      <trkpt lat="37.620893" lon="-86.497312">
        <ele>174.8</ele>
      </trkpt>
      <trkpt lat="37.620767" lon="-86.499906">
        <ele>170.8</ele>
      </trkpt>
      <trkpt lat="37.614116" lon="-86.506934">
        <ele>176.4</ele>
      </trkpt>
      <trkpt lat="37.611759" lon="-86.508263">
        <ele>174.7</ele>
      </trkpt>
      <trkpt lat="37.595392" lon="-86.513348">
        <ele>167.7</ele>
      </trkpt>
      <trkpt lat="37.590706" lon="-86.527608">
        <ele>172.7</ele>
      </trkpt>
      <trkpt lat="37.586742" lon="-86.534952">
        <ele>156.4</ele>
      </trkpt>
      <trkpt lat="37.587427" lon="-86.542714">
        <ele>143.9</ele>
      </trkpt>
      <trkpt lat="37.588929" lon="-86.545713">
        <ele>137.8</ele>
      </trkpt>
      <trkpt lat="37.591077" lon="-86.546961">
        <ele>162.6</ele>
      </trkpt>
      <trkpt lat="37.593646" lon="-86.5475">
        <ele>175.3</ele>
      </trkpt>
      <trkpt lat="37.597141" lon="-86.551376">
        <ele>162.2</ele>
      </trkpt>
      <trkpt lat="37.598691" lon="-86.558193">
        <ele>135.4</ele>
      </trkpt>
      <trkpt lat="37.602728" lon="-86.564209">
        <ele>140.7</ele>
      </trkpt>
      <trkpt lat="37.604603" lon="-86.572929">
        <ele>137.7</ele>
      </trkpt>
      <trkpt lat="37.604119" lon="-86.574434">
        <ele>144.0</ele>
      </trkpt>
      <trkpt lat="37.602544" lon="-86.576153">
        <ele>160.5</ele>
      </trkpt>
      <trkpt lat="37.602073" lon="-86.578603">
        <ele>176.5</ele>
      </trkpt>
      <trkpt lat="37.600929" lon="-86.580349">
        <ele>191.1</ele>
      </trkpt>
      <trkpt lat="37.601032" lon="-86.58486">
        <ele>174.5</ele>
      </trkpt>
      <trkpt lat="37.59809" lon="-86.590109">
        <ele>146.4</ele>
      </trkpt>
      <trkpt lat="37.598088" lon="-86.591802">
        <ele>155.8</ele>
      </trkpt>
      <trkpt lat="37.599289" lon="-86.594508">
        <ele>144.8</ele>
      </trkpt>
      <trkpt lat="37.599565" lon="-86.596386">
        <ele>136.5</ele>
      </trkpt>
      <trkpt lat="37.598149" lon="-86.606872">
        <ele>168.3</ele>
      </trkpt>
      <trkpt lat="37.594546" lon="-86.610348">
        <ele>200.6</ele>
      </trkpt>
      <trkpt lat="37.590042" lon="-86.611296">
        <ele>175.8</ele>
      </trkpt>
      <trkpt lat="37.587812" lon="-86.612428">
        <ele>162.6</ele>
      </trkpt>
      <trkpt lat="37.584454" lon="-86.620427">
        <ele>140.4</ele>
      </trkpt>
      <trkpt lat="37.584116" lon="-86.624496">
        <ele>162.4</ele>
      </trkpt>
      <trkpt lat="37.582122" lon="-86.630302">
        <ele>186.6</ele>
      </trkpt>
      <trkpt lat="37.580876" lon="-86.630727">
        <ele>193.0</ele>
      </trkpt>
      <trkpt lat="37.578096" lon="-86.628851">
        <ele>192.2</ele>
      </trkpt>
      <trkpt lat="37.579776" lon="-86.639159">
        <ele>181.1</ele>
      </trkpt>
      <trkpt lat="37.581826" lon="-86.645357">
        <ele>148.1</ele>
      </trkpt>
      <trkpt lat="37.585016" lon="-86.65073">
        <ele>177.3</ele>
      </trkpt>
      <trkpt lat="37.58684" lon="-86.656704">
        <ele>176.1</ele>
      </trkpt>
      <trkpt lat="37.588023" lon="-86.671673">
        <ele>198.5</ele>
      </trkpt>
      <trkpt lat="37.587492" lon="-86.677038">
        <ele>182.1</ele>
      </trkpt>
      <trkpt lat="37.588081" lon="-86.678163">
        <ele>177.3</ele>
      </trkpt>
      <trkpt lat="37.591" lon="-86.680809">
        <ele>161.2</ele>
      </trkpt>
      <trkpt lat="37.594454" lon="-86.688432">
        <ele>151.0</ele>
      </trkpt>
      <trkpt lat="37.596572" lon="-86.690761">
        <ele>142.2</ele>
      </trkpt>
      <trkpt lat="37.601893" lon="-86.694433">
        <ele>139.9</ele>
      </trkpt>
      <trkpt lat="37.60671" lon="-86.696379">
        <ele>132.5</ele>
      </trkpt>
      <trkpt lat="37.610877" lon="-86.697357">
        <ele>132.7</ele>
      </trkpt>
      <trkpt lat="37.612694" lon="-86.69712">
        <ele>133.3</ele>
      </trkpt>
      <trkpt lat="37.620451" lon="-86.694057">
        <ele>134.2</ele>
      </trkpt>
      <trkpt lat="37.626826" lon="-86.694003">
        <ele>134.0</ele>
      </trkpt>
      <trkpt lat="37.628137" lon="-86.695448">
        <ele>135.0</ele>
      </trkpt>
      <trkpt lat="37.631316" lon="-86.704831">
        <ele>145.7</ele>
      </trkpt>
      <trkpt lat="37.633452" lon="-86.706953">
        <ele>159.6</ele>
      </trkpt>
      <trkpt lat="37.634516" lon="-86.711998">
        <ele>152.8</ele>
      </trkpt>
      <trkpt lat="37.63373" lon="-86.713452">
        <ele>150.4</ele>
      </trkpt>
      <trkpt lat="37.637247" lon="-86.719838">
        <ele>146.8</ele>
      </trkpt>
      <trkpt lat="37.638254" lon="-86.724809">
        <ele>140.5</ele>
      </trkpt>
      <trkpt lat="37.637366" lon="-86.728388">
        <ele>136.6</ele>
      </trkpt>
      <trkpt lat="37.634884" lon="-86.730811">
        <ele>141.0</ele>
      </trkpt>
      <trkpt lat="37.635359" lon="-86.736801">
        <ele>150.5</ele>
      </trkpt>
      <trkpt lat="37.635105" lon="-86.741666">
        <ele>165.8</ele>
      </trkpt>
      <trkpt lat="37.635836" lon="-86.745668">
        <ele>155.9</ele>
      </trkpt>
      <trkpt lat="37.634097" lon="-86.754396">
        <ele>141.1</ele>
      </trkpt>
      <trkpt lat="37.63734" lon="-86.757815">
        <ele>138.2</ele>
      </trkpt>
      <trkpt lat="37.640462" lon="-86.7671">
        <ele>149.2</ele>
      </trkpt>
      <trkpt lat="37.642879" lon="-86.770777">
        <ele>165.4</ele>
      </trkpt>
      <trkpt lat="37.643689" lon="-86.772856">
        <ele>171.3</ele>
      </trkpt>
      <trkpt lat="37.641606" lon="-86.774404">
        <ele>182.9</ele>
      </trkpt>
      <trkpt lat="37.640259" lon="-86.777327">
        <ele>183.9</ele>
      </trkpt>
      <trkpt lat="37.636551" lon="-86.778248">
        <ele>190.3</ele>
      </trkpt>
      <trkpt lat="37.634367" lon="-86.777289">
        <ele>192.1</ele>
      </trkpt>
      <trkpt lat="37.633045" lon="-86.777376">
        <ele>193.0</ele>
      </trkpt>
      <trkpt lat="37.629602" lon="-86.779451">
        <ele>192.8</ele>
      </trkpt>
      <trkpt lat="37.628705" lon="-86.781031">
        <ele>196.5</ele>
      </trkpt>
      <trkpt lat="37.625668" lon="-86.781918">
        <ele>195.8</ele>
      </trkpt>
      <trkpt lat="37.620184" lon="-86.786956">
        <ele>176.9</ele>
      </trkpt>
      <trkpt lat="37.618989" lon="-86.788637">
        <ele>177.9</ele>
      </trkpt>
      <trkpt lat="37.616608" lon="-86.790292">
        <ele>178.0</ele>
      </trkpt>
      <trkpt lat="37.618383" lon="-86.791476">
        <ele>171.6</ele>
      </trkpt>
      <trkpt lat="37.625202" lon="-86.800767">
        <ele>141.3</ele>
      </trkpt>
      <trkpt lat="37.625709" lon="-86.802162">
        <ele>142.6</ele>
      </trkpt>
      <trkpt lat="37.625577" lon="-86.805786">
        <ele>144.3</ele>
      </trkpt>
      <trkpt lat="37.626055" lon="-86.806732">
        <ele>139.9</ele>
      </trkpt>
      <trkpt lat="37.626839" lon="-86.808237">
        <ele>144.9</ele>
      </trkpt>
      <trkpt lat="37.631487" lon="-86.813131">
        <ele>132.5</ele>
      </trkpt>
      <trkpt lat="37.619945" lon="-86.819194">
        <ele>134.1</ele>
      </trkpt>
      <trkpt lat="37.617869" lon="-86.833252">
        <ele>130.9</ele>
      </trkpt>
      <trkpt lat="37.61811" lon="-86.836455">
        <ele>130.7</ele>
      </trkpt>
      <trkpt lat="37.616906" lon="-86.840184">
        <ele>130.5</ele>
      </trkpt>
      <trkpt lat="37.613866" lon="-86.847031">
        <ele>130.3</ele>
      </trkpt>
      <trkpt lat="37.613332" lon="-86.847549">
        <ele>130.3</ele>
      </trkpt>
      <trkpt lat="37.608856" lon="-86.84824">
        <ele>132.0</ele>
      </trkpt>
      <trkpt lat="37.609432" lon="-86.855926">
        <ele>143.6</ele>
      </trkpt>
      <trkpt lat="37.608452" lon="-86.861668">
        <ele>155.9</ele>
      </trkpt>
      <trkpt lat="37.610128" lon="-86.863824">
        <ele>160.0</ele>
      </trkpt>
      <trkpt lat="37.609362" lon="-86.871061">
        <ele>130.2</ele>
      </trkpt>
      <trkpt lat="37.611027" lon="-86.874068">
        <ele>128.5</ele>
      </trkpt>
      <trkpt lat="37.609409" lon="-86.879021">
        <ele>150.3</ele>
      </trkpt>
      <trkpt lat="37.609868" lon="-86.888067">
        <ele>142.2</ele>
      </trkpt>
      <trkpt lat="37.610566" lon="-86.889026">
        <ele>148.0</ele>
      </trkpt>
      <trkpt lat="37.612848" lon="-86.889734">
        <ele>134.1</ele>
      </trkpt>
      <trkpt lat="37.609566" lon="-86.892724">
        <ele>136.7</ele>
      </trkpt>
      <trkpt lat="37.608948" lon="-86.898169">
        <ele>137.9</ele>
      </trkpt>
      <trkpt lat="37.607243" lon="-86.901894">
        <ele>154.5</ele>
      </trkpt>
      <trkpt lat="37.601137" lon="-86.908415">
        <ele>131.6</ele>
      </trkpt>
      <trkpt lat="37.600445" lon="-86.911198">
        <ele>131.5</ele>
      </trkpt>
      <trkpt lat="37.601029" lon="-86.918761">
        <ele>128.1</ele>
      </trkpt>
      <trkpt lat="37.598984" lon="-86.923321">
        <ele>131.8</ele>
      </trkpt>
      <trkpt lat="37.596651" lon="-86.925385">
        <ele>131.4</ele>
      </trkpt>
      <trkpt lat="37.595846" lon="-86.926813">
        <ele>134.1</ele>
      </trkpt>
      <trkpt lat="37.593256" lon="-86.935917">
        <ele>141.7</ele>
      </trkpt>
      <trkpt lat="37.591649" lon="-86.970633">
        <ele>143.3</ele>
      </trkpt>
      <trkpt lat="37.593414" lon="-86.974244">
        <ele>147.0</ele>
      </trkpt>
      <trkpt lat="37.592757" lon="-86.979074">
        <ele>150.3</ele>
      </trkpt>
      <trkpt lat="37.597752" lon="-86.987078">
        <ele>157.7</ele>
      </trkpt>
      <trkpt lat="37.598873" lon="-86.987847">
        <ele>158.6</ele>
      </trkpt>
      <trkpt lat="37.600832" lon="-86.991589">
        <ele>156.5</ele>
      </trkpt>
      <trkpt lat="37.605209" lon="-86.991011">
        <ele>155.6</ele>
      </trkpt>
      <trkpt lat="37.60828" lon="-86.994352">
        <ele>138.6</ele>
      </trkpt>
      <trkpt lat="37.610255" lon="-86.995253">
        <ele>133.0</ele>
      </trkpt>
      <trkpt lat="37.612706" lon="-86.995164">
        <ele>131.6</ele>
      </trkpt>
      <trkpt lat="37.61138" lon="-87.012778">
        <ele>131.6</ele>
      </trkpt>
      <trkpt lat="37.608103" lon="-87.01853">
        <ele>148.7</ele>
      </trkpt>
      <trkpt lat="37.610744" lon="-87.029218">
        <ele>126.3</ele>
      </trkpt>
      <trkpt lat="37.610144" lon="-87.046236">
        <ele>135.9</ele>
      </trkpt>
      <trkpt lat="37.611369" lon="-87.053398">
        <ele>125.5</ele>
      </trkpt>
      <trkpt lat="37.6128" lon="-87.054869">
        <ele>125.5</ele>
      </trkpt>
      <trkpt lat="37.613291" lon="-87.058098">
        <ele>123.9</ele>
      </trkpt>
      <trkpt lat="37.612957" lon="-87.058965">
        <ele>123.5</ele>
      </trkpt>
      <trkpt lat="37.611135" lon="-87.059502">
        <ele>127.3</ele>
      </trkpt>
      <trkpt lat="37.61072" lon="-87.060384">
        <ele>133.6</ele>
      </trkpt>
      <trkpt lat="37.61277" lon="-87.076701">
        <ele>135.5</ele>
      </trkpt>
      <trkpt lat="37.609916" lon="-87.083564">
        <ele>152.3</ele>
      </trkpt>
      <trkpt lat="37.609947" lon="-87.089037">
        <ele>151.3</ele>
      </trkpt>
      <trkpt lat="37.606234" lon="-87.096892">
        <ele>150.6</ele>
      </trkpt>
      <trkpt lat="37.606368" lon="-87.105416">
        <ele>132.5</ele>
      </trkpt>
      <trkpt lat="37.603443" lon="-87.11507">
        <ele>128.8</ele>
      </trkpt>
      <trkpt lat="37.60152" lon="-87.118924">
        <ele>150.0</ele>
      </trkpt>
      <trkpt lat="37.600417" lon="-87.123786">
        <ele>138.2</ele>
      </trkpt>
      <trkpt lat="37.600816" lon="-87.130827">
        <ele>131.6</ele>
      </trkpt>
      <trkpt lat="37.596728" lon="-87.130582">
        <ele>122.9</ele>
      </trkpt>
      <trkpt lat="37.596358" lon="-87.130904">
        <ele>123.0</ele>
      </trkpt>
      <trkpt lat="37.595584" lon="-87.133468">
        <ele>123.0</ele>
      </trkpt>
      <trkpt lat="37.595537" lon="-87.138118">
        <ele>128.8</ele>
      </trkpt>
      <trkpt lat="37.588256" lon="-87.156981">
        <ele>126.3</ele>
      </trkpt>
      <trkpt lat="37.588246" lon="-87.158697">
        <ele>129.8</ele>
      </trkpt>
      <trkpt lat="37.58411" lon="-87.162531">
        <ele>141.4</ele>
      </trkpt>
      <trkpt lat="37.589012" lon="-87.168596">
        <ele>140.3</ele>
      </trkpt>
      <trkpt lat="37.58918" lon="-87.170341">
        <ele>141.6</ele>
      </trkpt>
      <trkpt lat="37.587383" lon="-87.17608">
        <ele>148.8</ele>
      </trkpt>
      <trkpt lat="37.587848" lon="-87.181217">
        <ele>130.1</ele>
      </trkpt>
      <trkpt lat="37.59094" lon="-87.190884">
        <ele>126.7</ele>
      </trkpt>
      <trkpt lat="37.593066" lon="-87.191354">
        <ele>133.4</ele>
      </trkpt>
      <trkpt lat="37.594316" lon="-87.192363">
        <ele>134.1</ele>
      </trkpt>
      <trkpt lat="37.5959" lon="-87.199379">
        <ele>123.6</ele>
      </trkpt>
      <trkpt lat="37.595957" lon="-87.205573">
        <ele>124.6</ele>
      </trkpt>
      <trkpt lat="37.598017" lon="-87.210311">
        <ele>126.6</ele>
      </trkpt>
      <trkpt lat="37.602973" lon="-87.213582">
        <ele>119.5</ele>
      </trkpt>
      <trkpt lat="37.604814" lon="-87.22196">
        <ele>130.9</ele>
      </trkpt>
      <trkpt lat="37.604248" lon="-87.227524">
        <ele>125.2</ele>
      </trkpt>
      <trkpt lat="37.604818" lon="-87.240631">
        <ele>133.6</ele>
      </trkpt>
      <trkpt lat="37.604113" lon="-87.252887">
        <ele>133.7</ele>
      </trkpt>
      <trkpt lat="37.604954" lon="-87.27198">
        <ele>132.7</ele>
      </trkpt>
      <trkpt lat="37.605873" lon="-87.279789">
        <ele>122.4</ele>
      </trkpt>
      <trkpt lat="37.60866" lon="-87.288422">
        <ele>127.4</ele>
      </trkpt>
      <trkpt lat="37.611832" lon="-87.293612">
        <ele>125.2</ele>
      </trkpt>
      <trkpt lat="37.612794" lon="-87.296633">
        <ele>121.1</ele>
      </trkpt>
      <trkpt lat="37.613457" lon="-87.305572">
        <ele>121.0</ele>
      </trkpt>
      <trkpt lat="37.611292" lon="-87.311704">
        <ele>120.4</ele>
      </trkpt>
      <trkpt lat="37.606322" lon="-87.314612">
        <ele>125.3</ele>
      </trkpt>
      <trkpt lat="37.604772" lon="-87.317631">
        <ele>118.9</ele>
      </trkpt>
      <trkpt lat="37.603778" lon="-87.322051">
        <ele>119.6</ele>
      </trkpt>
      <trkpt lat="37.601345" lon="-87.323937">
        <ele>124.6</ele>
      </trkpt>
      <trkpt lat="37.611699" lon="-87.351045">
        <ele>136.3</ele>
      </trkpt>
      <trkpt lat="37.618268" lon="-87.375475">
        <ele>144.1</ele>
      </trkpt>
      <trkpt lat="37.618675" lon="-87.380834">
        <ele>143.0</ele>
      </trkpt>
      <trkpt lat="37.617378" lon="-87.388448">
        <ele>138.3</ele>
      </trkpt>
      <trkpt lat="37.615947" lon="-87.392804">
        <ele>128.7</ele>
      </trkpt>
      <trkpt lat="37.615264" lon="-87.400026">
        <ele>120.4</ele>
      </trkpt>
      <trkpt lat="37.620366" lon="-87.406131">
        <ele>124.0</ele>
      </trkpt>
      <trkpt lat="37.624527" lon="-87.414424">
        <ele>130.2</ele>
      </trkpt>
      <trkpt lat="37.625391" lon="-87.417439">
        <ele>130.8</ele>
      </trkpt>
      <trkpt lat="37.625752" lon="-87.423327">
        <ele>139.7</ele>
      </trkpt>
      <trkpt lat="37.624199" lon="-87.431733">
        <ele>132.3</ele>
      </trkpt>
      <trkpt lat="37.625614" lon="-87.441367">
        <ele>125.9</ele>
      </trkpt>
      <trkpt lat="37.624985" lon="-87.450043">
        <ele>123.3</ele>
      </trkpt>
      <trkpt lat="37.623" lon="-87.460761">
        <ele>122.3</ele>
      </trkpt>
      <trkpt lat="37.610486" lon="-87.495945">
        <ele>127.3</ele>
      </trkpt>
      <trkpt lat="37.610129" lon="-87.500646">
        <ele>126.4</ele>
      </trkpt>
      <trkpt lat="37.611404" lon="-87.508613">
        <ele>125.5</ele>
      </trkpt>
      <trkpt lat="37.611021" lon="-87.512189">
        <ele>123.9</ele>
      </trkpt>
      <trkpt lat="37.609101" lon="-87.518826">
        <ele>121.0</ele>
      </trkpt>
      <trkpt lat="37.609622" lon="-87.528387">
        <ele>117.9</ele>
      </trkpt>
      <trkpt lat="37.606546" lon="-87.528886">
        <ele>118.1</ele>
      </trkpt>
      <trkpt lat="37.606921" lon="-87.532731">
        <ele>123.2</ele>
      </trkpt>
      <trkpt lat="37.604804" lon="-87.532673">
        <ele>124.0</ele>
      </trkpt>
      <trkpt lat="37.602603" lon="-87.534099">
        <ele>123.9</ele>
      </trkpt>
      <trkpt lat="37.603195" lon="-87.535778">
        <ele>130.8</ele>
      </trkpt>
      <trkpt lat="37.602079" lon="-87.545561">
        <ele>128.0</ele>
      </trkpt>
      <trkpt lat="37.595482" lon="-87.550739">
        <ele>123.5</ele>
      </trkpt>
      <trkpt lat="37.594498" lon="-87.551228">
        <ele>124.7</ele>
      </trkpt>
      <trkpt lat="37.588708" lon="-87.551038">
        <ele>130.9</ele>
      </trkpt>
      <trkpt lat="37.580991" lon="-87.556523">
        <ele>118.4</ele>
      </trkpt>
      <trkpt lat="37.575427" lon="-87.561844">
        <ele>117.4</ele>
      </trkpt>
      <trkpt lat="37.569116" lon="-87.569586">
        <ele>129.2</ele>
      </trkpt>
      <trkpt lat="37.56806" lon="-87.572898">
        <ele>137.4</ele>
      </trkpt>
      <trkpt lat="37.56491" lon="-87.577357">
        <ele>140.3</ele>
      </trkpt>
      <trkpt lat="37.563524" lon="-87.581381">
        <ele>141.9</ele>
      </trkpt>
      <trkpt lat="37.561378" lon="-87.58461">
        <ele>137.0</ele>
      </trkpt>
      <trkpt lat="37.560965" lon="-87.587375">
        <ele>144.1</ele>
      </trkpt>
      <trkpt lat="37.561919" lon="-87.592021">
        <ele>158.3</ele>
      </trkpt>
      <trkpt lat="37.55756" lon="-87.60488">
        <ele>157.5</ele>
      </trkpt>
      <trkpt lat="37.552572" lon="-87.617429">
        <ele>138.9</ele>
      </trkpt>
      <trkpt lat="37.551973" lon="-87.631273">
        <ele>130.9</ele>
      </trkpt>
      <trkpt lat="37.541255" lon="-87.654237">
        <ele>138.3</ele>
      </trkpt>
      <trkpt lat="37.538886" lon="-87.658285">
        <ele>136.7</ele>
      </trkpt>
      <trkpt lat="37.537977" lon="-87.658889">
        <ele>139.5</ele>
      </trkpt>
      <trkpt lat="37.534624" lon="-87.659179">
        <ele>149.6</ele>
      </trkpt>
      <trkpt lat="37.530213" lon="-87.657971">
        <ele>138.7</ele>
      </trkpt>
      <trkpt lat="37.528013" lon="-87.65863">
        <ele>140.4</ele>
      </trkpt>
      <trkpt lat="37.526614" lon="-87.660547">
        <ele>138.2</ele>
      </trkpt>
      <trkpt lat="37.523783" lon="-87.667252">
        <ele>157.9</ele>
      </trkpt>
      <trkpt lat="37.515811" lon="-87.676329">
        <ele>150.3</ele>
      </trkpt>
      <trkpt lat="37.515801" lon="-87.680935">
        <ele>138.4</ele>
      </trkpt>
      <trkpt lat="37.514696" lon="-87.683928">
        <ele>134.8</ele>
      </trkpt>
      <trkpt lat="37.51636" lon="-87.686877">
        <ele>144.6</ele>
      </trkpt>
      <trkpt lat="37.520292" lon="-87.697141">
        <ele>151.3</ele>
      </trkpt>
      <trkpt lat="37.520526" lon="-87.700387">
        <ele>135.2</ele>
      </trkpt>
      <trkpt lat="37.522408" lon="-87.706221">
        <ele>142.7</ele>
      </trkpt>
      <trkpt lat="37.522396" lon="-87.716359">
        <ele>146.5</ele>
      </trkpt>
      <trkpt lat="37.526122" lon="-87.725284">
        <ele>136.6</ele>
      </trkpt>
      <trkpt lat="37.527044" lon="-87.729507">
        <ele>117.8</ele>
      </trkpt>
      <trkpt lat="37.52679" lon="-87.737384">
        <ele>119.1</ele>
      </trkpt>
      <trkpt lat="37.524476" lon="-87.747597">
        <ele>120.0</ele>
      </trkpt>
      <trkpt lat="37.525175" lon="-87.75578">
        <ele>116.4</ele>
      </trkpt>
      <trkpt lat="37.523946" lon="-87.761986">
        <ele>117.6</ele>
      </trkpt>
      <trkpt lat="37.519175" lon="-87.765055">
        <ele>116.7</ele>
      </trkpt>
      <trkpt lat="37.514281" lon="-87.770125">
        <ele>114.5</ele>
      </trkpt>
      <trkpt lat="37.508611" lon="-87.773345">
        <ele>119.8</ele>
      </trkpt>
      <trkpt lat="37.499437" lon="-87.783184">
        <ele>124.6</ele>
      </trkpt>
      <trkpt lat="37.489088" lon="-87.795909">
        <ele>113.7</ele>
      </trkpt>
      <trkpt lat="37.488672" lon="-87.797458">
        <ele>113.1</ele>
      </trkpt>
      <trkpt lat="37.489097" lon="-87.801668">
        <ele>109.7</ele>
      </trkpt>
      <trkpt lat="37.488759" lon="-87.803611">
        <ele>112.2</ele>
      </trkpt>
      <trkpt lat="37.480053" lon="-87.814097">
        <ele>117.4</ele>
      </trkpt>
      <trkpt lat="37.480914" lon="-87.815842">
        <ele>119.6</ele>
      </trkpt>
      <trkpt lat="37.479232" lon="-87.818597">
        <ele>117.3</ele>
      </trkpt>
      <trkpt lat="37.475589" lon="-87.820696">
        <ele>118.2</ele>
      </trkpt>
      <trkpt lat="37.475967" lon="-87.821965">
        <ele>121.4</ele>
      </trkpt>
      <trkpt lat="37.472543" lon="-87.825672">
        <ele>122.6</ele>
      </trkpt>
      <trkpt lat="37.470848" lon="-87.828429">
        <ele>126.3</ele>
      </trkpt>
      <trkpt lat="37.46859" lon="-87.83724">
        <ele>118.3</ele>
      </trkpt>
      <trkpt lat="37.467779" lon="-87.838797">
        <ele>114.9</ele>
      </trkpt>
      <trkpt lat="37.465936" lon="-87.841562">
        <ele>109.7</ele>
      </trkpt>
      <trkpt lat="37.462333" lon="-87.843881">
        <ele>111.0</ele>
      </trkpt>
      <trkpt lat="37.459752" lon="-87.850524">
        <ele>107.0</ele>
      </trkpt>
      <trkpt lat="37.456688" lon="-87.85265">
        <ele>109.3</ele>
      </trkpt>
      <trkpt lat="37.455743" lon="-87.8539">
        <ele>109.7</ele>
      </trkpt>
      <trkpt lat="37.453464" lon="-87.86053">
        <ele>112.6</ele>
      </trkpt>
      <trkpt lat="37.450943" lon="-87.865324">
        <ele>116.6</ele>
      </trkpt>
      <trkpt lat="37.448924" lon="-87.867796">
        <ele>117.1</ele>
      </trkpt>
      <trkpt lat="37.443774" lon="-87.871895">
        <ele>107.0</ele>
      </trkpt>
      <trkpt lat="37.432914" lon="-87.89077">
        <ele>134.9</ele>
      </trkpt>
      <trkpt lat="37.425145" lon="-87.895022">
        <ele>115.6</ele>
      </trkpt>
      <trkpt lat="37.423146" lon="-87.89916">
        <ele>110.4</ele>
      </trkpt>
      <trkpt lat="37.416676" lon="-87.903305">
        <ele>120.5</ele>
      </trkpt>
      <trkpt lat="37.413164" lon="-87.904865">
        <ele>111.6</ele>
      </trkpt>
      <trkpt lat="37.411529" lon="-87.904944">
        <ele>113.1</ele>
      </trkpt>
      <trkpt lat="37.406315" lon="-87.903294">
        <ele>107.2</ele>
      </trkpt>
      <trkpt lat="37.399987" lon="-87.904193">
        <ele>107.0</ele>
      </trkpt>
      <trkpt lat="37.398181" lon="-87.904913">
        <ele>106.6</ele>
      </trkpt>
      <trkpt lat="37.394371" lon="-87.903578">
        <ele>126.2</ele>
      </trkpt>
      <trkpt lat="37.388672" lon="-87.903453">
        <ele>138.0</ele>
      </trkpt>
      <trkpt lat="37.380922" lon="-87.900026">
        <ele>137.4</ele>
      </trkpt>
      <trkpt lat="37.377348" lon="-87.899564">
        <ele>156.1</ele>
      </trkpt>
      <trkpt lat="37.371766" lon="-87.89727">
        <ele>170.5</ele>
      </trkpt>
      <trkpt lat="37.367025" lon="-87.900919">
        <ele>162.1</ele>
      </trkpt>
      <trkpt lat="37.361443" lon="-87.902736">
        <ele>162.7</ele>
      </trkpt>
      <trkpt lat="37.350384" lon="-87.904012">
        <ele>149.5</ele>
      </trkpt>
      <trkpt lat="37.352709" lon="-87.909625">
        <ele>157.0</ele>
      </trkpt>
      <trkpt lat="37.352852" lon="-87.912153">
        <ele>155.8</ele>
      </trkpt>
      <trkpt lat="37.352056" lon="-87.916739">
        <ele>123.3</ele>
      </trkpt>
      <trkpt lat="37.353295" lon="-87.922162">
        <ele>117.4</ele>
      </trkpt>
      <trkpt lat="37.354681" lon="-87.923617">
        <ele>123.3</ele>
      </trkpt>
      <trkpt lat="37.358375" lon="-87.92404">
        <ele>112.1</ele>
      </trkpt>
      <trkpt lat="37.361656" lon="-87.926593">
        <ele>113.7</ele>
      </trkpt>
      <trkpt lat="37.362582" lon="-87.94253">
        <ele>131.6</ele>
      </trkpt>
      <trkpt lat="37.359199" lon="-87.95619">
        <ele>164.8</ele>
      </trkpt>
      <trkpt lat="37.353721" lon="-87.967831">
        <ele>190.3</ele>
      </trkpt>
      <trkpt lat="37.35463" lon="-87.97206">
        <ele>186.6</ele>
      </trkpt>
      <trkpt lat="37.353734" lon="-87.977132">
        <ele>181.8</ele>
      </trkpt>
      <trkpt lat="37.351438" lon="-87.981174">
        <ele>150.7</ele>
      </trkpt>
      <trkpt lat="37.34778" lon="-87.991927">
        <ele>131.5</ele>
      </trkpt>
      <trkpt lat="37.345329" lon="-87.996749">
        <ele>144.6</ele>
      </trkpt>
      <trkpt lat="37.340373" lon="-88.011572">
        <ele>182.3</ele>
      </trkpt>
      <trkpt lat="37.337454" lon="-88.038739">
        <ele>199.8</ele>
      </trkpt>
      <trkpt lat="37.336605" lon="-88.054754">
        <ele>188.8</ele>
      </trkpt>
      <trkpt lat="37.333798" lon="-88.062994">
        <ele>187.9</ele>
      </trkpt>
      <trkpt lat="37.33202" lon="-88.070879">
        <ele>184.8</ele>
      </trkpt>
      <trkpt lat="37.333904" lon="-88.091249">
        <ele>170.2</ele>
      </trkpt>
      <trkpt lat="37.335761" lon="-88.093763">
        <ele>161.5</ele>
      </trkpt>
      <trkpt lat="37.342524" lon="-88.100739">
        <ele>178.7</ele>
      </trkpt>
      <trkpt lat="37.344816" lon="-88.105023">
        <ele>158.5</ele>
      </trkpt>
      <trkpt lat="37.347329" lon="-88.107223">
        <ele>160.9</ele>
      </trkpt>
      <trkpt lat="37.359996" lon="-88.114747">
        <ele>165.6</ele>
      </trkpt>
      <trkpt lat="37.36311" lon="-88.115002">
        <ele>151.4</ele>
      </trkpt>
      <trkpt lat="37.365946" lon="-88.113198">
        <ele>147.8</ele>
      </trkpt>
      <trkpt lat="37.368032" lon="-88.11324">
        <ele>142.3</ele>
      </trkpt>
      <trkpt lat="37.375809" lon="-88.119321">
        <ele>133.6</ele>
      </trkpt>
      <trkpt lat="37.383193" lon="-88.12086">
        <ele>141.8</ele>
      </trkpt>
      <trkpt lat="37.386734" lon="-88.122767">
        <ele>148.0</ele>
      </trkpt>
      <trkpt lat="37.404836" lon="-88.118982">
        <ele>159.2</ele>
      </trkpt>
      <trkpt lat="37.405527" lon="-88.11954">
        <ele>164.6</ele>
      </trkpt>
      <trkpt lat="37.406011" lon="-88.122259">
        <ele>181.3</ele>
      </trkpt>
      <trkpt lat="37.407452" lon="-88.123074">
        <ele>188.8</ele>
      </trkpt>
      <trkpt lat="37.411777" lon="-88.12228">
        <ele>185.5</ele>
      </trkpt>
      <trkpt lat="37.414345" lon="-88.122752">
        <ele>189.3</ele>
      </trkpt>
      <trkpt lat="37.417191" lon="-88.122389">
        <ele>173.5</ele>
      </trkpt>
      <trkpt lat="37.425733" lon="-88.125309">
        <ele>154.1</ele>
      </trkpt>
      <trkpt lat="37.429774" lon="-88.127381">
        <ele>145.7</ele>
      </trkpt>
      <trkpt lat="37.43162" lon="-88.129689">
        <ele>145.9</ele>
      </trkpt>
      <trkpt lat="37.436397" lon="-88.140019">
        <ele>133.7</ele>
      </trkpt>
      <trkpt lat="37.437316" lon="-88.150414">
        <ele>131.1</ele>
      </trkpt>
      <trkpt lat="37.443188" lon="-88.159847">
        <ele>118.6</ele>
      </trkpt>
      <trkpt lat="37.444938" lon="-88.160886">
        <ele>109.8</ele>
      </trkpt>
      <trkpt lat="37.460626" lon="-88.165782">
        <ele>99.6</ele>
      </trkpt>
      <trkpt lat="37.469279" lon="-88.166189">
        <ele>112.0</ele>
      </trkpt>
      <trkpt lat="37.469416" lon="-88.170412">
        <ele>107.5</ele>
      </trkpt>
      <trkpt lat="37.468055" lon="-88.181074">
        <ele>117.4</ele>
      </trkpt>
      <trkpt lat="37.466243" lon="-88.183596">
        <ele>132.7</ele>
      </trkpt>
      <trkpt lat="37.465697" lon="-88.18801">
        <ele>138.9</ele>
      </trkpt>
      <trkpt lat="37.467152" lon="-88.191533">
        <ele>140.6</ele>
      </trkpt>
      <trkpt lat="37.466279" lon="-88.195198">
        <ele>132.7</ele>
      </trkpt>
      <trkpt lat="37.466219" lon="-88.206433">
        <ele>107.1</ele>
      </trkpt>
      <trkpt lat="37.46635" lon="-88.211132">
        <ele>112.9</ele>
      </trkpt>
      <trkpt lat="37.46744" lon="-88.214457">
        <ele>136.5</ele>
      </trkpt>
      <trkpt lat="37.467479" lon="-88.217213">
        <ele>137.3</ele>
      </trkpt>
      <trkpt lat="37.467056" lon="-88.21798">
        <ele>131.7</ele>
      </trkpt>
      <trkpt lat="37.465644" lon="-88.218454">
        <ele>120.7</ele>
      </trkpt>
      <trkpt lat="37.46536" lon="-88.220977">
        <ele>110.7</ele>
      </trkpt>
      <trkpt lat="37.465907" lon="-88.222181">
        <ele>111.7</ele>
      </trkpt>
      <trkpt lat="37.467765" lon="-88.224014">
        <ele>108.9</ele>
      </trkpt>
      <trkpt lat="37.46816" lon="-88.227432">
        <ele>112.2</ele>
      </trkpt>
      <trkpt lat="37.467888" lon="-88.230415">
        <ele>122.5</ele>
      </trkpt>
      <trkpt lat="37.465952" lon="-88.234019">
        <ele>133.9</ele>
      </trkpt>
      <trkpt lat="37.463742" lon="-88.241602">
        <ele>128.9</ele>
      </trkpt>
      <trkpt lat="37.464869" lon="-88.246421">
        <ele>113.2</ele>
      </trkpt>
      <trkpt lat="37.467095" lon="-88.251069">
        <ele>107.6</ele>
      </trkpt>
      <trkpt lat="37.466016" lon="-88.254046">
        <ele>114.1</ele>
      </trkpt>
      <trkpt lat="37.465387" lon="-88.259871">
        <ele>106.7</ele>
      </trkpt>
      <trkpt lat="37.46681" lon="-88.26323">
        <ele>110.2</ele>
      </trkpt>
      <trkpt lat="37.465978" lon="-88.272141">
        <ele>118.4</ele>
      </trkpt>
      <trkpt lat="37.466447" lon="-88.274017">
        <ele>108.2</ele>
      </trkpt>
      <trkpt lat="37.466556" lon="-88.281878">
        <ele>116.9</ele>
      </trkpt>
      <trkpt lat="37.467644" lon="-88.285358">
        <ele>130.7</ele>
      </trkpt>
      <trkpt lat="37.471182" lon="-88.286004">
        <ele>122.8</ele>
      </trkpt>
      <trkpt lat="37.468369" lon="-88.289699">
        <ele>110.8</ele>
      </trkpt>
      <trkpt lat="37.459566" lon="-88.29608">
        <ele>138.7</ele>
      </trkpt>
      <trkpt lat="37.45002" lon="-88.302246">
        <ele>123.8</ele>
      </trkpt>
      <trkpt lat="37.446889" lon="-88.302">
        <ele>113.7</ele>
      </trkpt>
      <trkpt lat="37.446442" lon="-88.302334">
        <ele>111.3</ele>
      </trkpt>
      <trkpt lat="37.444171" lon="-88.323903">
        <ele>113.0</ele>
      </trkpt>
      <trkpt lat="37.444201" lon="-88.33376">
        <ele>122.8</ele>
      </trkpt>
      <trkpt lat="37.444616" lon="-88.335558">
        <ele>122.3</ele>
      </trkpt>
      <trkpt lat="37.445744" lon="-88.336845">
        <ele>127.1</ele>
      </trkpt>
      <trkpt lat="37.449961" lon="-88.338721">
        <ele>128.2</ele>
      </trkpt>
      <trkpt lat="37.451419" lon="-88.340013">
        <ele>122.6</ele>
      </trkpt>
      <trkpt lat="37.458848" lon="-88.356843">
        <ele>126.1</ele>
      </trkpt>
      <trkpt lat="37.459166" lon="-88.372714">
        <ele>124.0</ele>
      </trkpt>
      <trkpt lat="37.459898" lon="-88.378984">
        <ele>120.3</ele>
      </trkpt>
      <trkpt lat="37.459856" lon="-88.396589">
        <ele>120.9</ele>
      </trkpt>
      <trkpt lat="37.46081" lon="-88.401909">
        <ele>148.1</ele>
      </trkpt>
      <trkpt lat="37.459476" lon="-88.415493">
        <ele>126.7</ele>
      </trkpt>
      <trkpt lat="37.459729" lon="-88.41986">
        <ele>115.6</ele>
      </trkpt>
      <trkpt lat="37.459212" lon="-88.428794">
        <ele>109.2</ele>
      </trkpt>
      <trkpt lat="37.457574" lon="-88.434671">
        <ele>107.9</ele>
      </trkpt>
      <trkpt lat="37.45057" lon="-88.444263">
        <ele>156.9</ele>
      </trkpt>
      <trkpt lat="37.446601" lon="-88.461535">
        <ele>127.9</ele>
      </trkpt>
      <trkpt lat="37.443928" lon="-88.467919">
        <ele>128.6</ele>
      </trkpt>
      <trkpt lat="37.424855" lon="-88.486044">
        <ele>118.7</ele>
      </trkpt>
      <trkpt lat="37.42248" lon="-88.487611">
        <ele>124.7</ele>
      </trkpt>
      <trkpt lat="37.418516" lon="-88.489382">
        <ele>148.0</ele>
      </trkpt>
      <trkpt lat="37.402323" lon="-88.489628">
        <ele>149.6</ele>
      </trkpt>
      <trkpt lat="37.402217" lon="-88.508526">
        <ele>129.8</ele>
      </trkpt>
      <trkpt lat="37.403372" lon="-88.509597">
        <ele>122.5</ele>
      </trkpt>
      <trkpt lat="37.413058" lon="-88.509534">
        <ele>133.5</ele>
      </trkpt>
      <trkpt lat="37.420186" lon="-88.512659">
        <ele>140.6</ele>
      </trkpt>
      <trkpt lat="37.432776" lon="-88.515661">
        <ele>187.0</ele>
      </trkpt>
      <trkpt lat="37.433284" lon="-88.516078">
        <ele>194.4</ele>
      </trkpt>
      <trkpt lat="37.433936" lon="-88.518576">
        <ele>217.7</ele>
      </trkpt>
      <trkpt lat="37.435081" lon="-88.519433">
        <ele>226.1</ele>
      </trkpt>
      <trkpt lat="37.442362" lon="-88.519702">
        <ele>227.2</ele>
      </trkpt>
      <trkpt lat="37.445319" lon="-88.520824">
        <ele>223.3</ele>
      </trkpt>
      <trkpt lat="37.448356" lon="-88.520923">
        <ele>222.4</ele>
      </trkpt>
      <trkpt lat="37.449697" lon="-88.52159">
        <ele>218.0</ele>
      </trkpt>
      <trkpt lat="37.455299" lon="-88.53127">
        <ele>210.7</ele>
      </trkpt>
      <trkpt lat="37.459262" lon="-88.534078">
        <ele>199.2</ele>
      </trkpt>
      <trkpt lat="37.463084" lon="-88.534761">
        <ele>197.2</ele>
      </trkpt>
      <trkpt lat="37.464762" lon="-88.535699">
        <ele>197.4</ele>
      </trkpt>
      <trkpt lat="37.472952" lon="-88.548243">
        <ele>118.4</ele>
      </trkpt>
      <trkpt lat="37.476806" lon="-88.551505">
        <ele>144.1</ele>
      </trkpt>
      <trkpt lat="37.477542" lon="-88.553843">
        <ele>151.4</ele>
      </trkpt>
      <trkpt lat="37.477361" lon="-88.560374">
        <ele>166.9</ele>
      </trkpt>
      <trkpt lat="37.478322" lon="-88.563485">
        <ele>164.1</ele>
      </trkpt>
      <trkpt lat="37.479213" lon="-88.564747">
        <ele>155.7</ele>
      </trkpt>
      <trkpt lat="37.489442" lon="-88.573397">
        <ele>198.2</ele>
      </trkpt>
      <trkpt lat="37.495257" lon="-88.580461">
        <ele>193.2</ele>
      </trkpt>
      <trkpt lat="37.497084" lon="-88.586055">
        <ele>200.1</ele>
      </trkpt>
      <trkpt lat="37.482146" lon="-88.597299">
        <ele>191.8</ele>
      </trkpt>
      <trkpt lat="37.480443" lon="-88.599118">
        <ele>198.4</ele>
      </trkpt>
      <trkpt lat="37.478999" lon="-88.602186">
        <ele>200.6</ele>
      </trkpt>
      <trkpt lat="37.477412" lon="-88.609603">
        <ele>191.5</ele>
      </trkpt>
      <trkpt lat="37.474295" lon="-88.616658">
        <ele>191.7</ele>
      </trkpt>
      <trkpt lat="37.472642" lon="-88.618796">
        <ele>184.7</ele>
      </trkpt>
      <trkpt lat="37.469248" lon="-88.620477">
        <ele>165.1</ele>
      </trkpt>
      <trkpt lat="37.467835" lon="-88.621794">
        <ele>155.7</ele>
      </trkpt>
      <trkpt lat="37.462182" lon="-88.633975">
        <ele>135.9</ele>
      </trkpt>
      <trkpt lat="37.461668" lon="-88.638318">
        <ele>140.3</ele>
      </trkpt>
      <trkpt lat="37.462791" lon="-88.673916">
        <ele>129.9</ele>
      </trkpt>
      <trkpt lat="37.460488" lon="-88.715008">
        <ele>128.1</ele>
      </trkpt>
      <trkpt lat="37.460866" lon="-88.719868">
        <ele>133.0</ele>
      </trkpt>
      <trkpt lat="37.459808" lon="-88.729161">
        <ele>137.0</ele>
      </trkpt>
      <trkpt lat="37.460057" lon="-88.733842">
        <ele>143.2</ele>
      </trkpt>
      <trkpt lat="37.460697" lon="-88.737001">
        <ele>141.8</ele>
      </trkpt>
      <trkpt lat="37.462572" lon="-88.741941">
        <ele>141.7</ele>
      </trkpt>
      <trkpt lat="37.465496" lon="-88.746716">
        <ele>121.9</ele>
      </trkpt>
      <trkpt lat="37.465649" lon="-88.75102">
        <ele>115.8</ele>
      </trkpt>
      <trkpt lat="37.467134" lon="-88.755608">
        <ele>117.4</ele>
      </trkpt>
      <trkpt lat="37.467386" lon="-88.776926">
        <ele>130.9</ele>
      </trkpt>
      <trkpt lat="37.470676" lon="-88.775934">
        <ele>123.5</ele>
      </trkpt>
      <trkpt lat="37.472806" lon="-88.774244">
        <ele>123.8</ele>
      </trkpt>
      <trkpt lat="37.478679" lon="-88.774196">
        <ele>127.1</ele>
      </trkpt>
      <trkpt lat="37.482346" lon="-88.772513">
        <ele>154.3</ele>
      </trkpt>
      <trkpt lat="37.484742" lon="-88.773136">
        <ele>163.7</ele>
      </trkpt>
      <trkpt lat="37.485128" lon="-88.774117">
        <ele>173.7</ele>
      </trkpt>
      <trkpt lat="37.485008" lon="-88.782365">
        <ele>204.0</ele>
      </trkpt>
      <trkpt lat="37.487452" lon="-88.786778">
        <ele>212.9</ele>
      </trkpt>
      <trkpt lat="37.488919" lon="-88.787796">
        <ele>209.6</ele>
      </trkpt>
      <trkpt lat="37.492016" lon="-88.788084">
        <ele>205.5</ele>
      </trkpt>
      <trkpt lat="37.495286" lon="-88.791958">
        <ele>194.6</ele>
      </trkpt>
      <trkpt lat="37.499101" lon="-88.792123">
        <ele>187.4</ele>
      </trkpt>
      <trkpt lat="37.500246" lon="-88.793284">
        <ele>183.5</ele>
      </trkpt>
      <trkpt lat="37.501214" lon="-88.816939">
        <ele>197.7</ele>
      </trkpt>
      <trkpt lat="37.501765" lon="-88.818569">
        <ele>203.9</ele>
      </trkpt>
      <trkpt lat="37.503677" lon="-88.819629">
        <ele>211.3</ele>
      </trkpt>
      <trkpt lat="37.506432" lon="-88.822579">
        <ele>224.8</ele>
      </trkpt>
      <trkpt lat="37.514593" lon="-88.832272">
        <ele>229.3</ele>
      </trkpt>
      <trkpt lat="37.518724" lon="-88.838529">
        <ele>218.0</ele>
      </trkpt>
      <trkpt lat="37.520001" lon="-88.839024">
        <ele>212.2</ele>
      </trkpt>
      <trkpt lat="37.52497" lon="-88.838784">
        <ele>192.1</ele>
      </trkpt>
      <trkpt lat="37.526039" lon="-88.839324">
        <ele>192.9</ele>
      </trkpt>
      <trkpt lat="37.526737" lon="-88.840872">
        <ele>202.8</ele>
      </trkpt>
      <trkpt lat="37.526542" lon="-88.848146">
        <ele>224.7</ele>
      </trkpt>
      <trkpt lat="37.527031" lon="-88.849672">
        <ele>224.0</ele>
      </trkpt>
      <trkpt lat="37.532692" lon="-88.850732">
        <ele>227.4</ele>
      </trkpt>
      <trkpt lat="37.533359" lon="-88.851608">
        <ele>228.8</ele>
      </trkpt>
      <trkpt lat="37.534434" lon="-88.855483">
        <ele>232.6</ele>
      </trkpt>
      <trkpt lat="37.537656" lon="-88.856066">
        <ele>230.5</ele>
      </trkpt>
      <trkpt lat="37.538384" lon="-88.857024">
        <ele>227.6</ele>
      </trkpt>
      <trkpt lat="37.538944" lon="-88.859262">
        <ele>223.1</ele>
      </trkpt>
      <trkpt lat="37.540672" lon="-88.859672">
        <ele>223.7</ele>
      </trkpt>
      <trkpt lat="37.541331" lon="-88.860453">
        <ele>219.8</ele>
      </trkpt>
      <trkpt lat="37.541355" lon="-88.874808">
        <ele>223.7</ele>
      </trkpt>
      <trkpt lat="37.539666" lon="-88.880233">
        <ele>222.4</ele>
      </trkpt>
      <trkpt lat="37.538895" lon="-88.893191">
        <ele>221.0</ele>
      </trkpt>
      <trkpt lat="37.539468" lon="-88.898246">
        <ele>215.4</ele>
      </trkpt>
      <trkpt lat="37.533935" lon="-88.913491">
        <ele>222.8</ele>
      </trkpt>
      <trkpt lat="37.533431" lon="-88.926452">
        <ele>233.0</ele>
      </trkpt>
      <trkpt lat="37.540206" lon="-88.946568">
        <ele>235.8</ele>
      </trkpt>
      <trkpt lat="37.543066" lon="-88.957237">
        <ele>232.8</ele>
      </trkpt>
      <trkpt lat="37.543054" lon="-88.960417">
        <ele>221.7</ele>
      </trkpt>
      <trkpt lat="37.541402" lon="-88.965184">
        <ele>213.7</ele>
      </trkpt>
      <trkpt lat="37.541166" lon="-88.968573">
        <ele>215.0</ele>
      </trkpt>
      <trkpt lat="37.547127" lon="-88.972097">
        <ele>235.2</ele>
      </trkpt>
      <trkpt lat="37.550101" lon="-88.972651">
        <ele>229.4</ele>
      </trkpt>
      <trkpt lat="37.550764" lon="-88.972329">
        <ele>228.1</ele>
      </trkpt>
      <trkpt lat="37.550843" lon="-88.973016">
        <ele>230.3</ele>
      </trkpt>
      <trkpt lat="37.555601" lon="-88.973271">
        <ele>223.8</ele>
      </trkpt>
      <trkpt lat="37.55558" lon="-88.976944">
        <ele>220.5</ele>
      </trkpt>
      <trkpt lat="37.557167" lon="-88.981514">
        <ele>215.0</ele>
      </trkpt>
      <trkpt lat="37.556397" lon="-89.023078">
        <ele>251.4</ele>
      </trkpt>
      <trkpt lat="37.55518" lon="-89.028892">
        <ele>254.6</ele>
      </trkpt>
      <trkpt lat="37.556412" lon="-89.035123">
        <ele>247.0</ele>
      </trkpt>
      <trkpt lat="37.556252" lon="-89.036315">
        <ele>249.9</ele>
      </trkpt>
      <trkpt lat="37.55421" lon="-89.040396">
        <ele>250.8</ele>
      </trkpt>
      <trkpt lat="37.553951" lon="-89.046907">
        <ele>240.8</ele>
      </trkpt>
      <trkpt lat="37.554619" lon="-89.049847">
        <ele>244.7</ele>
      </trkpt>
      <trkpt lat="37.566224" lon="-89.048674">
        <ele>227.8</ele>
      </trkpt>
      <trkpt lat="37.570564" lon="-89.046728">
        <ele>231.6</ele>
      </trkpt>
      <trkpt lat="37.573331" lon="-89.046662">
        <ele>228.0</ele>
      </trkpt>
      <trkpt lat="37.575648" lon="-89.047948">
        <ele>229.5</ele>
      </trkpt>
      <trkpt lat="37.583468" lon="-89.047732">
        <ele>223.2</ele>
      </trkpt>
      <trkpt lat="37.59319" lon="-89.051082">
        <ele>218.2</ele>
      </trkpt>
      <trkpt lat="37.622802" lon="-89.050437">
        <ele>181.4</ele>
      </trkpt>
      <trkpt lat="37.626394" lon="-89.052791">
        <ele>184.2</ele>
      </trkpt>
      <trkpt lat="37.626517" lon="-89.063862">
        <ele>177.7</ele>
      </trkpt>
      <trkpt lat="37.624648" lon="-89.065334">
        <ele>178.5</ele>
      </trkpt>
      <trkpt lat="37.624178" lon="-89.069197">
        <ele>175.6</ele>
      </trkpt>
      <trkpt lat="37.622408" lon="-89.074103">
        <ele>178.4</ele>
      </trkpt>
      <trkpt lat="37.622338" lon="-89.076636">
        <ele>175.5</ele>
      </trkpt>
      <trkpt lat="37.623397" lon="-89.078615">
        <ele>173.2</ele>
      </trkpt>
      <trkpt lat="37.625009" lon="-89.079549">
        <ele>176.6</ele>
      </trkpt>
      <trkpt lat="37.627113" lon="-89.084464">
        <ele>175.7</ele>
      </trkpt>
      <trkpt lat="37.629423" lon="-89.087335">
        <ele>170.4</ele>
      </trkpt>
      <trkpt lat="37.630826" lon="-89.090568">
        <ele>181.2</ele>
      </trkpt>
      <trkpt lat="37.635292" lon="-89.096876">
        <ele>167.9</ele>
      </trkpt>
      <trkpt lat="37.639178" lon="-89.100355">
        <ele>181.3</ele>
      </trkpt>
      <trkpt lat="37.641758" lon="-89.097822">
        <ele>156.2</ele>
      </trkpt>
      <trkpt lat="37.644155" lon="-89.09774">
        <ele>141.7</ele>
      </trkpt>
      <trkpt lat="37.644537" lon="-89.098579">
        <ele>139.4</ele>
      </trkpt>
      <trkpt lat="37.644021" lon="-89.101535">
        <ele>154.1</ele>
      </trkpt>
      <trkpt lat="37.644755" lon="-89.104257">
        <ele>155.2</ele>
      </trkpt>
      <trkpt lat="37.647358" lon="-89.105146">
        <ele>175.2</ele>
      </trkpt>
      <trkpt lat="37.646015" lon="-89.109263">
        <ele>178.6</ele>
      </trkpt>
      <trkpt lat="37.643365" lon="-89.111853">
        <ele>179.7</ele>
      </trkpt>
      <trkpt lat="37.642734" lon="-89.113157">
        <ele>182.5</ele>
      </trkpt>
      <trkpt lat="37.643622" lon="-89.1323">
        <ele>148.2</ele>
      </trkpt>
      <trkpt lat="37.644045" lon="-89.133836">
        <ele>153.9</ele>
      </trkpt>
      <trkpt lat="37.645667" lon="-89.135583">
        <ele>154.7</ele>
      </trkpt>
      <trkpt lat="37.647402" lon="-89.138783">
        <ele>154.6</ele>
      </trkpt>
      <trkpt lat="37.648003" lon="-89.142677">
        <ele>154.9</ele>
      </trkpt>
      <trkpt lat="37.649596" lon="-89.146803">
        <ele>165.9</ele>
      </trkpt>
      <trkpt lat="37.6489" lon="-89.148509">
        <ele>170.2</ele>
      </trkpt>
      <trkpt lat="37.643917" lon="-89.152794">
        <ele>173.5</ele>
      </trkpt>
      <trkpt lat="37.64388" lon="-89.162503">
        <ele>177.5</ele>
      </trkpt>
      <trkpt lat="37.647864" lon="-89.162614">
        <ele>175.0</ele>
      </trkpt>
      <trkpt lat="37.651197" lon="-89.164412">
        <ele>171.5</ele>
      </trkpt>
      <trkpt lat="37.652484" lon="-89.166223">
        <ele>165.6</ele>
      </trkpt>
      <trkpt lat="37.653507" lon="-89.170146">
        <ele>159.1</ele>
      </trkpt>
      <trkpt lat="37.654815" lon="-89.171533">
        <ele>159.1</ele>
      </trkpt>
      <trkpt lat="37.673" lon="-89.171343">
        <ele>148.2</ele>
      </trkpt>
      <trkpt lat="37.672877" lon="-89.207136">
        <ele>138.3</ele>
      </trkpt>
      <trkpt lat="37.673493" lon="-89.209128">
        <ele>133.0</ele>
      </trkpt>
      <trkpt lat="37.684239" lon="-89.208959">
        <ele>138.0</ele>
      </trkpt>
      <trkpt lat="37.685402" lon="-89.210444">
        <ele>127.9</ele>
      </trkpt>
      <trkpt lat="37.687073" lon="-89.210873">
        <ele>134.5</ele>
      </trkpt>
      <trkpt lat="37.698546" lon="-89.212174">
        <ele>142.2</ele>
      </trkpt>
      <trkpt lat="37.700394" lon="-89.211872">
        <ele>140.4</ele>
      </trkpt>
      <trkpt lat="37.700878" lon="-89.237605">
        <ele>134.7</ele>
      </trkpt>
      <trkpt lat="37.715646" lon="-89.237573">
        <ele>144.3</ele>
      </trkpt>
      <trkpt lat="37.71606" lon="-89.267289">
        <ele>144.3</ele>
      </trkpt>
      <trkpt lat="37.716971" lon="-89.286161">
        <ele>143.9</ele>
      </trkpt>
      <trkpt lat="37.716416" lon="-89.300234">
        <ele>141.2</ele>
      </trkpt>
      <trkpt lat="37.709586" lon="-89.300516">
        <ele>135.8</ele>
      </trkpt>
      <trkpt lat="37.709029" lon="-89.301105">
        <ele>140.3</ele>
      </trkpt>
      <trkpt lat="37.709056" lon="-89.314467">
        <ele>150.5</ele>
      </trkpt>
      <trkpt lat="37.710479" lon="-89.314721">
        <ele>153.0</ele>
      </trkpt>
      <trkpt lat="37.710684" lon="-89.319673">
        <ele>156.2</ele>
      </trkpt>
      <trkpt lat="37.718096" lon="-89.320863">
        <ele>143.1</ele>
      </trkpt>
      <trkpt lat="37.727293" lon="-89.323743">
        <ele>153.4</ele>
      </trkpt>
      <trkpt lat="37.73015" lon="-89.324184">
        <ele>154.1</ele>
      </trkpt>
      <trkpt lat="37.746907" lon="-89.324125">
        <ele>143.1</ele>
      </trkpt>
      <trkpt lat="37.751953" lon="-89.321496">
        <ele>148.0</ele>
      </trkpt>
      <trkpt lat="37.756766" lon="-89.325562">
        <ele>119.2</ele>
      </trkpt>
      <trkpt lat="37.759573" lon="-89.330222">
        <ele>113.3</ele>
      </trkpt>
      <trkpt lat="37.758446" lon="-89.332106">
        <ele>113.2</ele>
      </trkpt>
      <trkpt lat="37.758574" lon="-89.336489">
        <ele>117.6</ele>
      </trkpt>
      <trkpt lat="37.756461" lon="-89.342884">
        <ele>116.8</ele>
      </trkpt>
      <trkpt lat="37.756728" lon="-89.3522">
        <ele>117.6</ele>
      </trkpt>
      <trkpt lat="37.761541" lon="-89.352148">
        <ele>125.5</ele>
      </trkpt>
      <trkpt lat="37.761731" lon="-89.350057">
        <ele>127.8</ele>
      </trkpt>
      <trkpt lat="37.774174" lon="-89.350122">
        <ele>124.5</ele>
      </trkpt>
      <trkpt lat="37.774179" lon="-89.351136">
        <ele>124.8</ele>
      </trkpt>
      <trkpt lat="37.790102" lon="-89.350851">
        <ele>124.3</ele>
      </trkpt>
      <trkpt lat="37.807909" lon="-89.351279">
        <ele>124.2</ele>
      </trkpt>
      <trkpt lat="37.809553" lon="-89.365914">
        <ele>127.1</ele>
      </trkpt>
      <trkpt lat="37.814915" lon="-89.377867">
        <ele>140.2</ele>
      </trkpt>
      <trkpt lat="37.815886" lon="-89.394764">
        <ele>139.6</ele>
      </trkpt>
      <trkpt lat="37.81638" lon="-89.397146">
        <ele>137.9</ele>
      </trkpt>
      <trkpt lat="37.818796" lon="-89.402856">
        <ele>132.1</ele>
      </trkpt>
      <trkpt lat="37.820546" lon="-89.404934">
        <ele>135.1</ele>
      </trkpt>
      <trkpt lat="37.822111" lon="-89.405491">
        <ele>134.4</ele>
      </trkpt>
      <trkpt lat="37.827746" lon="-89.405384">
        <ele>143.8</ele>
      </trkpt>
      <trkpt lat="37.829982" lon="-89.406809">
        <ele>143.9</ele>
      </trkpt>
      <trkpt lat="37.83092" lon="-89.408742">
        <ele>147.3</ele>
      </trkpt>
      <trkpt lat="37.831276" lon="-89.412776">
        <ele>158.4</ele>
      </trkpt>
      <trkpt lat="37.832058" lon="-89.41475">
        <ele>165.6</ele>
      </trkpt>
      <trkpt lat="37.834482" lon="-89.417612">
        <ele>184.0</ele>
      </trkpt>
      <trkpt lat="37.838996" lon="-89.420095">
        <ele>197.1</ele>
      </trkpt>
      <trkpt lat="37.842908" lon="-89.426884">
        <ele>209.9</ele>
      </trkpt>
      <trkpt lat="37.847857" lon="-89.436982">
        <ele>202.4</ele>
      </trkpt>
      <trkpt lat="37.848718" lon="-89.455051">
        <ele>195.0</ele>
      </trkpt>
      <trkpt lat="37.85263" lon="-89.465877">
        <ele>195.0</ele>
      </trkpt>
      <trkpt lat="37.85406" lon="-89.467726">
        <ele>196.8</ele>
      </trkpt>
      <trkpt lat="37.859947" lon="-89.472957">
        <ele>195.4</ele>
      </trkpt>
      <trkpt lat="37.864195" lon="-89.482016">
        <ele>196.7</ele>
      </trkpt>
      <trkpt lat="37.872075" lon="-89.489978">
        <ele>188.4</ele>
      </trkpt>
      <trkpt lat="37.874194" lon="-89.491256">
        <ele>193.8</ele>
      </trkpt>
      <trkpt lat="37.881171" lon="-89.491701">
        <ele>179.9</ele>
      </trkpt>
      <trkpt lat="37.883899" lon="-89.493249">
        <ele>183.6</ele>
      </trkpt>
      <trkpt lat="37.889339" lon="-89.492207">
        <ele>179.6</ele>
      </trkpt>
      <trkpt lat="37.89058" lon="-89.500031">
        <ele>177.0</ele>
      </trkpt>
      <trkpt lat="37.892059" lon="-89.503277">
        <ele>183.9</ele>
      </trkpt>
      <trkpt lat="37.907919" lon="-89.523208">
        <ele>186.3</ele>
      </trkpt>
      <trkpt lat="37.916906" lon="-89.529993">
        <ele>200.3</ele>
      </trkpt>
      <trkpt lat="37.929302" lon="-89.547681">
        <ele>172.9</ele>
      </trkpt>
      <trkpt lat="37.933883" lon="-89.5552">
        <ele>163.6</ele>
      </trkpt>
      <trkpt lat="37.934099" lon="-89.590752">
        <ele>142.4</ele>
      </trkpt>
      <trkpt lat="37.933379" lon="-89.598696">
        <ele>151.5</ele>
      </trkpt>
      <trkpt lat="37.934444" lon="-89.62695">
        <ele>156.6</ele>
      </trkpt>
      <trkpt lat="37.941933" lon="-89.646767">
        <ele>151.5</ele>
      </trkpt>
      <trkpt lat="37.946263" lon="-89.655927">
        <ele>161.4</ele>
      </trkpt>
      <trkpt lat="37.94805" lon="-89.665244">
        <ele>158.8</ele>
      </trkpt>
      <trkpt lat="37.948781" lon="-89.674553">
        <ele>175.3</ele>
      </trkpt>
      <trkpt lat="37.944947" lon="-89.674231">
        <ele>164.8</ele>
      </trkpt>
      <trkpt lat="37.940603" lon="-89.669851">
        <ele>154.8</ele>
      </trkpt>
      <trkpt lat="37.939112" lon="-89.669392">
        <ele>158.8</ele>
      </trkpt>
      <trkpt lat="37.934568" lon="-89.671659">
        <ele>161.6</ele>
      </trkpt>
      <trkpt lat="37.921032" lon="-89.672617">
        <ele>161.9</ele>
      </trkpt>
      <trkpt lat="37.916236" lon="-89.676144">
        <ele>167.6</ele>
      </trkpt>
      <trkpt lat="37.918618" lon="-89.6859">
        <ele>166.4</ele>
      </trkpt>
      <trkpt lat="37.917594" lon="-89.690963">
        <ele>166.7</ele>
      </trkpt>
      <trkpt lat="37.920272" lon="-89.694069">
        <ele>161.6</ele>
      </trkpt>
      <trkpt lat="37.921663" lon="-89.699075">
        <ele>155.5</ele>
      </trkpt>
      <trkpt lat="37.921049" lon="-89.702396">
        <ele>150.6</ele>
      </trkpt>
      <trkpt lat="37.919768" lon="-89.70471">
        <ele>154.5</ele>
      </trkpt>
      <trkpt lat="37.919658" lon="-89.706456">
        <ele>154.4</ele>
      </trkpt>
      <trkpt lat="37.916652" lon="-89.7081">
        <ele>163.1</ele>
      </trkpt>
      <trkpt lat="37.916221" lon="-89.70883">
        <ele>160.8</ele>
      </trkpt>
      <trkpt lat="37.916979" lon="-89.713451">
        <ele>157.4</ele>
      </trkpt>
      <trkpt lat="37.918972" lon="-89.716441">
        <ele>134.5</ele>
      </trkpt>
      <trkpt lat="37.919868" lon="-89.721914">
        <ele>125.8</ele>
      </trkpt>
      <trkpt lat="37.918434" lon="-89.727314">
        <ele>130.0</ele>
      </trkpt>
      <trkpt lat="37.917355" lon="-89.728821">
        <ele>124.9</ele>
      </trkpt>
      <trkpt lat="37.919112" lon="-89.733336">
        <ele>117.1</ele>
      </trkpt>
      <trkpt lat="37.919027" lon="-89.737156">
        <ele>120.0</ele>
      </trkpt>
      <trkpt lat="37.916985" lon="-89.740369">
        <ele>144.0</ele>
      </trkpt>
      <trkpt lat="37.916304" lon="-89.744092">
        <ele>159.4</ele>
      </trkpt>
      <trkpt lat="37.916525" lon="-89.756235">
        <ele>131.8</ele>
      </trkpt>
      <trkpt lat="37.919078" lon="-89.772551">
        <ele>124.6</ele>
      </trkpt>
      <trkpt lat="37.920893" lon="-89.780195">
        <ele>123.5</ele>
      </trkpt>
      <trkpt lat="37.922829" lon="-89.781824">
        <ele>125.7</ele>
      </trkpt>
      <trkpt lat="37.923748" lon="-89.783321">
        <ele>123.4</ele>
      </trkpt>
      <trkpt lat="37.923908" lon="-89.785112">
        <ele>123.2</ele>
      </trkpt>
      <trkpt lat="37.921837" lon="-89.793112">
        <ele>149.0</ele>
      </trkpt>
      <trkpt lat="37.920735" lon="-89.794811">
        <ele>163.8</ele>
      </trkpt>
      <trkpt lat="37.920808" lon="-89.810272">
        <ele>182.1</ele>
      </trkpt>
      <trkpt lat="37.91899" lon="-89.811997">
        <ele>184.2</ele>
      </trkpt>
      <trkpt lat="37.916344" lon="-89.818001">
        <ele>191.4</ele>
      </trkpt>
      <trkpt lat="37.911727" lon="-89.824016">
        <ele>203.3</ele>
      </trkpt>
      <trkpt lat="37.908522" lon="-89.825727">
        <ele>196.6</ele>
      </trkpt>
      <trkpt lat="37.905105" lon="-89.826644">
        <ele>196.1</ele>
      </trkpt>
      <trkpt lat="37.903972" lon="-89.827973">
        <ele>190.8</ele>
      </trkpt>
      <trkpt lat="37.904907" lon="-89.829143">
        <ele>182.5</ele>
      </trkpt>
      <trkpt lat="37.907612" lon="-89.830281">
        <ele>156.2</ele>
      </trkpt>
      <trkpt lat="37.908653" lon="-89.83163">
        <ele>142.3</ele>
      </trkpt>
      <trkpt lat="37.904887" lon="-89.834427">
        <ele>134.8</ele>
      </trkpt>
      <trkpt lat="37.897757" lon="-89.841694">
        <ele>118.1</ele>
      </trkpt>
      <trkpt lat="37.895173" lon="-89.842608">
        <ele>117.7</ele>
      </trkpt>
      <trkpt lat="37.892916" lon="-89.841992">
        <ele>113.9</ele>
      </trkpt>
      <trkpt lat="37.876046" lon="-89.833521">
        <ele>111.1</ele>
      </trkpt>
      <trkpt lat="37.868774" lon="-89.830833">
        <ele>112.1</ele>
      </trkpt>
      <trkpt lat="37.865935" lon="-89.83045">
        <ele>112.1</ele>
      </trkpt>
      <trkpt lat="37.860264" lon="-89.83063">
        <ele>112.4</ele>
      </trkpt>
      <trkpt lat="37.854482" lon="-89.832385">
        <ele>112.6</ele>
      </trkpt>
      <trkpt lat="37.857438" lon="-89.857209">
        <ele>112.6</ele>
      </trkpt>
      <trkpt lat="37.858757" lon="-89.891713">
        <ele>113.4</ele>
      </trkpt>
      <trkpt lat="37.856134" lon="-89.899259">
        <ele>114.1</ele>
      </trkpt>
      <trkpt lat="37.856547" lon="-89.90828">
        <ele>136.1</ele>
      </trkpt>
      <trkpt lat="37.855779" lon="-89.917782">
        <ele>166.0</ele>
      </trkpt>
      <trkpt lat="37.857254" lon="-89.921574">
        <ele>170.4</ele>
      </trkpt>
      <trkpt lat="37.857394" lon="-89.923178">
        <ele>168.1</ele>
      </trkpt>
      <trkpt lat="37.856006" lon="-89.930714">
        <ele>126.4</ele>
      </trkpt>
      <trkpt lat="37.858098" lon="-89.935185">
        <ele>124.8</ele>
      </trkpt>
      <trkpt lat="37.862754" lon="-89.941229">
        <ele>126.6</ele>
      </trkpt>
      <trkpt lat="37.869823" lon="-89.94777">
        <ele>122.0</ele>
      </trkpt>
      <trkpt lat="37.866319" lon="-89.952478">
        <ele>148.0</ele>
      </trkpt>
      <trkpt lat="37.864549" lon="-89.956349">
        <ele>143.8</ele>
      </trkpt>
      <trkpt lat="37.859181" lon="-89.959543">
        <ele>170.4</ele>
      </trkpt>
      <trkpt lat="37.860296" lon="-89.962599">
        <ele>175.8</ele>
      </trkpt>
      <trkpt lat="37.857995" lon="-89.966161">
        <ele>181.6</ele>
      </trkpt>
      <trkpt lat="37.853985" lon="-89.968508">
        <ele>190.7</ele>
      </trkpt>
      <trkpt lat="37.848643" lon="-89.96941">
        <ele>196.2</ele>
      </trkpt>
      <trkpt lat="37.847576" lon="-89.970352">
        <ele>194.4</ele>
      </trkpt>
      <trkpt lat="37.847427" lon="-89.97196">
        <ele>194.9</ele>
      </trkpt>
      <trkpt lat="37.849475" lon="-89.978524">
        <ele>177.2</ele>
      </trkpt>
      <trkpt lat="37.849437" lon="-89.98209">
        <ele>168.2</ele>
      </trkpt>
      <trkpt lat="37.85048" lon="-89.985938">
        <ele>143.4</ele>
      </trkpt>
      <trkpt lat="37.851874" lon="-89.98864">
        <ele>137.4</ele>
      </trkpt>
      <trkpt lat="37.851773" lon="-89.992017">
        <ele>125.8</ele>
      </trkpt>
      <trkpt lat="37.851247" lon="-89.993102">
        <ele>124.9</ele>
      </trkpt>
      <trkpt lat="37.84945" lon="-89.994387">
        <ele>118.7</ele>
      </trkpt>
      <trkpt lat="37.849023" lon="-89.998239">
        <ele>126.2</ele>
      </trkpt>
      <trkpt lat="37.84758" lon="-90.001346">
        <ele>134.9</ele>
      </trkpt>
      <trkpt lat="37.845892" lon="-90.003542">
        <ele>144.2</ele>
      </trkpt>
      <trkpt lat="37.844186" lon="-90.004175">
        <ele>150.5</ele>
      </trkpt>
      <trkpt lat="37.843032" lon="-90.005269">
        <ele>150.6</ele>
      </trkpt>
      <trkpt lat="37.841216" lon="-90.010669">
        <ele>143.8</ele>
      </trkpt>
      <trkpt lat="37.837348" lon="-90.01863">
        <ele>128.3</ele>
      </trkpt>
      <trkpt lat="37.840184" lon="-90.024874">
        <ele>141.4</ele>
      </trkpt>
      <trkpt lat="37.843761" lon="-90.030924">
        <ele>129.9</ele>
      </trkpt>
      <trkpt lat="37.844673" lon="-90.031748">
        <ele>128.1</ele>
      </trkpt>
      <trkpt lat="37.852097" lon="-90.031135">
        <ele>165.5</ele>
      </trkpt>
      <trkpt lat="37.854754" lon="-90.032456">
        <ele>168.9</ele>
      </trkpt>
      <trkpt lat="37.858104" lon="-90.031924">
        <ele>142.9</ele>
      </trkpt>
      <trkpt lat="37.861104" lon="-90.034328">
        <ele>143.6</ele>
      </trkpt>
      <trkpt lat="37.858823" lon="-90.039233">
        <ele>161.5</ele>
      </trkpt>
      <trkpt lat="37.856431" lon="-90.041763">
        <ele>177.9</ele>
      </trkpt>
      <trkpt lat="37.855706" lon="-90.043259">
        <ele>179.3</ele>
      </trkpt>
      <trkpt lat="37.857192" lon="-90.048147">
        <ele>173.8</ele>
      </trkpt>
      <trkpt lat="37.856866" lon="-90.055736">
        <ele>151.2</ele>
      </trkpt>
      <trkpt lat="37.855934" lon="-90.056932">
        <ele>147.9</ele>
      </trkpt>
      <trkpt lat="37.85237" lon="-90.058631">
        <ele>141.9</ele>
      </trkpt>
      <trkpt lat="37.849204" lon="-90.064409">
        <ele>158.4</ele>
      </trkpt>
      <trkpt lat="37.845942" lon="-90.071619">
        <ele>154.5</ele>
      </trkpt>
      <trkpt lat="37.843255" lon="-90.082774">
        <ele>177.8</ele>
      </trkpt>
      <trkpt lat="37.843474" lon="-90.084038">
        <ele>180.5</ele>
      </trkpt>
      <trkpt lat="37.844836" lon="-90.08557">
        <ele>187.1</ele>
      </trkpt>
      <trkpt lat="37.846916" lon="-90.090882">
        <ele>178.1</ele>
      </trkpt>
      <trkpt lat="37.849925" lon="-90.094756">
        <ele>169.6</ele>
      </trkpt>
      <trkpt lat="37.850826" lon="-90.098233">
        <ele>156.4</ele>
      </trkpt>
      <trkpt lat="37.856922" lon="-90.103447">
        <ele>168.8</ele>
      </trkpt>
      <trkpt lat="37.858032" lon="-90.108048">
        <ele>163.5</ele>
      </trkpt>
      <trkpt lat="37.860659" lon="-90.112303">
        <ele>140.9</ele>
      </trkpt>
      <trkpt lat="37.8612" lon="-90.116308">
        <ele>136.9</ele>
      </trkpt>
      <trkpt lat="37.858157" lon="-90.115739">
        <ele>140.6</ele>
      </trkpt>
      <trkpt lat="37.854656" lon="-90.116511">
        <ele>137.0</ele>
      </trkpt>
      <trkpt lat="37.853616" lon="-90.117522">
        <ele>142.0</ele>
      </trkpt>
      <trkpt lat="37.853076" lon="-90.120089">
        <ele>158.0</ele>
      </trkpt>
      <trkpt lat="37.852365" lon="-90.120947">
        <ele>168.2</ele>
      </trkpt>
      <trkpt lat="37.839415" lon="-90.125597">
        <ele>223.6</ele>
      </trkpt>
      <trkpt lat="37.837948" lon="-90.129326">
        <ele>240.9</ele>
      </trkpt>
      <trkpt lat="37.837383" lon="-90.132957">
        <ele>262.3</ele>
      </trkpt>
      <trkpt lat="37.834619" lon="-90.135378">
        <ele>260.6</ele>
      </trkpt>
      <trkpt lat="37.832365" lon="-90.139288">
        <ele>268.6</ele>
      </trkpt>
      <trkpt lat="37.830672" lon="-90.13906">
        <ele>264.4</ele>
      </trkpt>
      <trkpt lat="37.828125" lon="-90.135775">
        <ele>262.9</ele>
      </trkpt>
      <trkpt lat="37.826814" lon="-90.135949">
        <ele>253.4</ele>
      </trkpt>
      <trkpt lat="37.823301" lon="-90.139853">
        <ele>247.4</ele>
      </trkpt>
      <trkpt lat="37.821184" lon="-90.145075">
        <ele>242.4</ele>
      </trkpt>
      <trkpt lat="37.818051" lon="-90.147998">
        <ele>247.6</ele>
      </trkpt>
      <trkpt lat="37.815596" lon="-90.154121">
        <ele>271.3</ele>
      </trkpt>
      <trkpt lat="37.814673" lon="-90.154696">
        <ele>282.9</ele>
      </trkpt>
      <trkpt lat="37.812501" lon="-90.154208">
        <ele>282.5</ele>
      </trkpt>
      <trkpt lat="37.811195" lon="-90.154749">
        <ele>275.4</ele>
      </trkpt>
      <trkpt lat="37.810657" lon="-90.158319">
        <ele>259.3</ele>
      </trkpt>
      <trkpt lat="37.807344" lon="-90.16097">
        <ele>222.7</ele>
      </trkpt>
      <trkpt lat="37.805964" lon="-90.16308">
        <ele>219.3</ele>
      </trkpt>
      <trkpt lat="37.805059" lon="-90.165797">
        <ele>212.5</ele>
      </trkpt>
      <trkpt lat="37.802417" lon="-90.169873">
        <ele>206.5</ele>
      </trkpt>
      <trkpt lat="37.791432" lon="-90.181563">
        <ele>214.5</ele>
      </trkpt>
      <trkpt lat="37.788437" lon="-90.186976">
        <ele>216.8</ele>
      </trkpt>
      <trkpt lat="37.785809" lon="-90.193666">
        <ele>228.3</ele>
      </trkpt>
      <trkpt lat="37.783775" lon="-90.194653">
        <ele>240.4</ele>
      </trkpt>
      <trkpt lat="37.783276" lon="-90.195365">
        <ele>243.2</ele>
      </trkpt>
      <trkpt lat="37.779716" lon="-90.20469">
        <ele>254.5</ele>
      </trkpt>
      <trkpt lat="37.779196" lon="-90.210179">
        <ele>249.2</ele>
      </trkpt>
      <trkpt lat="37.773775" lon="-90.22096">
        <ele>269.9</ele>
      </trkpt>
      <trkpt lat="37.773026" lon="-90.225893">
        <ele>266.0</ele>
      </trkpt>
      <trkpt lat="37.77175" lon="-90.227514">
        <ele>268.1</ele>
      </trkpt>
      <trkpt lat="37.767765" lon="-90.229813">
        <ele>275.3</ele>
      </trkpt>
      <trkpt lat="37.766139" lon="-90.232591">
        <ele>281.7</ele>
      </trkpt>
      <trkpt lat="37.765806" lon="-90.242618">
        <ele>299.0</ele>
      </trkpt>
      <trkpt lat="37.767363" lon="-90.247375">
        <ele>316.0</ele>
      </trkpt>
      <trkpt lat="37.766651" lon="-90.253377">
        <ele>316.6</ele>
      </trkpt>
      <trkpt lat="37.765047" lon="-90.255074">
        <ele>328.9</ele>
      </trkpt>
      <trkpt lat="37.760099" lon="-90.256931">
        <ele>326.0</ele>
      </trkpt>
      <trkpt lat="37.758762" lon="-90.259589">
        <ele>323.2</ele>
      </trkpt>
      <trkpt lat="37.759153" lon="-90.269929">
        <ele>324.7</ele>
      </trkpt>
      <trkpt lat="37.761114" lon="-90.274584">
        <ele>315.3</ele>
      </trkpt>
      <trkpt lat="37.759173" lon="-90.292584">
        <ele>317.2</ele>
      </trkpt>
      <trkpt lat="37.761001" lon="-90.298384">
        <ele>306.5</ele>
      </trkpt>
      <trkpt lat="37.767821" lon="-90.312503">
        <ele>292.2</ele>
      </trkpt>
      <trkpt lat="37.768227" lon="-90.314416">
        <ele>290.0</ele>
      </trkpt>
      <trkpt lat="37.768353" lon="-90.322206">
        <ele>286.1</ele>
      </trkpt>
      <trkpt lat="37.766465" lon="-90.330214">
        <ele>275.4</ele>
      </trkpt>
      <trkpt lat="37.766598" lon="-90.39337">
        <ele>262.8</ele>
      </trkpt>
      <trkpt lat="37.769757" lon="-90.397098">
        <ele>267.5</ele>
      </trkpt>
      <trkpt lat="37.777329" lon="-90.403221">
        <ele>268.9</ele>
      </trkpt>
      <trkpt lat="37.778493" lon="-90.414376">
        <ele>275.0</ele>
      </trkpt>
      <trkpt lat="37.780143" lon="-90.41732">
        <ele>271.7</ele>
      </trkpt>
      <trkpt lat="37.78082" lon="-90.417249">
        <ele>272.6</ele>
      </trkpt>
      <trkpt lat="37.781354" lon="-90.422702">
        <ele>279.3</ele>
      </trkpt>
      <trkpt lat="37.780676" lon="-90.422824">
        <ele>280.6</ele>
      </trkpt>
      <trkpt lat="37.780791" lon="-90.426149">
        <ele>287.6</ele>
      </trkpt>
      <trkpt lat="37.776217" lon="-90.432815">
        <ele>284.8</ele>
      </trkpt>
      <trkpt lat="37.76896" lon="-90.453154">
        <ele>274.3</ele>
      </trkpt>
      <trkpt lat="37.772536" lon="-90.452604">
        <ele>283.1</ele>
      </trkpt>
      <trkpt lat="37.775883" lon="-90.482365">
        <ele>283.0</ele>
      </trkpt>
      <trkpt lat="37.775687" lon="-90.484975">
        <ele>271.3</ele>
      </trkpt>
      <trkpt lat="37.776322" lon="-90.490926">
        <ele>278.6</ele>
      </trkpt>
      <trkpt lat="37.775253" lon="-90.494978">
        <ele>270.6</ele>
      </trkpt>
      <trkpt lat="37.772354" lon="-90.50028">
        <ele>271.6</ele>
      </trkpt>
      <trkpt lat="37.773966" lon="-90.506236">
        <ele>282.2</ele>
      </trkpt>
      <trkpt lat="37.776267" lon="-90.511549">
        <ele>274.5</ele>
      </trkpt>
      <trkpt lat="37.776866" lon="-90.51611">
        <ele>272.8</ele>
      </trkpt>
      <trkpt lat="37.778265" lon="-90.519594">
        <ele>280.1</ele>
      </trkpt>
      <trkpt lat="37.778559" lon="-90.522432">
        <ele>284.1</ele>
      </trkpt>
      <trkpt lat="37.776688" lon="-90.524458">
        <ele>287.5</ele>
      </trkpt>
      <trkpt lat="37.776752" lon="-90.526334">
        <ele>294.9</ele>
      </trkpt>
      <trkpt lat="37.779058" lon="-90.530482">
        <ele>322.5</ele>
      </trkpt>
      <trkpt lat="37.7812" lon="-90.533209">
        <ele>330.2</ele>
      </trkpt>
      <trkpt lat="37.78035" lon="-90.537649">
        <ele>308.3</ele>
      </trkpt>
      <trkpt lat="37.778252" lon="-90.539298">
        <ele>291.0</ele>
      </trkpt>
      <trkpt lat="37.777991" lon="-90.540948">
        <ele>289.5</ele>
      </trkpt>
      <trkpt lat="37.775632" lon="-90.544238">
        <ele>289.3</ele>
      </trkpt>
      <trkpt lat="37.775239" lon="-90.546815">
        <ele>293.6</ele>
      </trkpt>
      <trkpt lat="37.772084" lon="-90.548864">
        <ele>286.4</ele>
      </trkpt>
      <trkpt lat="37.772623" lon="-90.550649">
        <ele>304.9</ele>
      </trkpt>
      <trkpt lat="37.772053" lon="-90.554469">
        <ele>334.4</ele>
      </trkpt>
      <trkpt lat="37.770054" lon="-90.561531">
        <ele>358.0</ele>
      </trkpt>
      <trkpt lat="37.768196" lon="-90.562424">
        <ele>359.5</ele>
      </trkpt>
      <trkpt lat="37.766118" lon="-90.566459">
        <ele>367.2</ele>
      </trkpt>
      <trkpt lat="37.764855" lon="-90.567497">
        <ele>369.0</ele>
      </trkpt>
      <trkpt lat="37.764408" lon="-90.568582">
        <ele>374.6</ele>
      </trkpt>
      <trkpt lat="37.764237" lon="-90.601762">
        <ele>308.4</ele>
      </trkpt>
      <trkpt lat="37.764522" lon="-90.602266">
        <ele>308.5</ele>
      </trkpt>
      <trkpt lat="37.766026" lon="-90.602504">
        <ele>307.3</ele>
      </trkpt>
      <trkpt lat="37.766616" lon="-90.606654">
        <ele>305.7</ele>
      </trkpt>
      <trkpt lat="37.767944" lon="-90.607249">
        <ele>300.7</ele>
      </trkpt>
      <trkpt lat="37.768157" lon="-90.621022">
        <ele>313.2</ele>
      </trkpt>
      <trkpt lat="37.77026" lon="-90.622647">
        <ele>308.7</ele>
      </trkpt>
      <trkpt lat="37.768316" lon="-90.626695">
        <ele>314.2</ele>
      </trkpt>
      <trkpt lat="37.765653" lon="-90.624998">
        <ele>312.8</ele>
      </trkpt>
      <trkpt lat="37.748331" lon="-90.624925">
        <ele>307.0</ele>
      </trkpt>
      <trkpt lat="37.749013" lon="-90.632553">
        <ele>307.2</ele>
      </trkpt>
      <trkpt lat="37.74657" lon="-90.6446">
        <ele>332.3</ele>
      </trkpt>
      <trkpt lat="37.746608" lon="-90.647485">
        <ele>336.8</ele>
      </trkpt>
      <trkpt lat="37.745675" lon="-90.65291">
        <ele>350.0</ele>
      </trkpt>
      <trkpt lat="37.746359" lon="-90.65817">
        <ele>345.0</ele>
      </trkpt>
      <trkpt lat="37.743111" lon="-90.658526">
        <ele>348.3</ele>
      </trkpt>
      <trkpt lat="37.740719" lon="-90.661999">
        <ele>333.9</ele>
      </trkpt>
      <trkpt lat="37.735069" lon="-90.662293">
        <ele>328.6</ele>
      </trkpt>
      <trkpt lat="37.733465" lon="-90.662817">
        <ele>325.8</ele>
      </trkpt>
      <trkpt lat="37.689838" lon="-90.664274">
        <ele>324.0</ele>
      </trkpt>
      <trkpt lat="37.684997" lon="-90.678154">
        <ele>331.0</ele>
      </trkpt>
      <trkpt lat="37.682171" lon="-90.683287">
        <ele>333.5</ele>
      </trkpt>
      <trkpt lat="37.679132" lon="-90.70067">
        <ele>338.4</ele>
      </trkpt>
      <trkpt lat="37.673169" lon="-90.690875">
        <ele>336.6</ele>
      </trkpt>
      <trkpt lat="37.667761" lon="-90.690624">
        <ele>342.9</ele>
      </trkpt>
      <trkpt lat="37.663774" lon="-90.687071">
        <ele>350.1</ele>
      </trkpt>
      <trkpt lat="37.659842" lon="-90.686638">
        <ele>354.5</ele>
      </trkpt>
      <trkpt lat="37.65751" lon="-90.684184">
        <ele>370.4</ele>
      </trkpt>
      <trkpt lat="37.65621" lon="-90.681904">
        <ele>373.0</ele>
      </trkpt>
      <trkpt lat="37.653969" lon="-90.681223">
        <ele>372.3</ele>
      </trkpt>
      <trkpt lat="37.65013" lon="-90.678346">
        <ele>366.7</ele>
      </trkpt>
      <trkpt lat="37.649906" lon="-90.6693">
        <ele>358.5</ele>
      </trkpt>
      <trkpt lat="37.649272" lon="-90.669654">
        <ele>360.4</ele>
      </trkpt>
      <trkpt lat="37.647282" lon="-90.673094">
        <ele>367.6</ele>
      </trkpt>
      <trkpt lat="37.644488" lon="-90.676564">
        <ele>378.5</ele>
      </trkpt>
      <trkpt lat="37.643886" lon="-90.682793">
        <ele>374.3</ele>
      </trkpt>
      <trkpt lat="37.642199" lon="-90.685475">
        <ele>381.8</ele>
      </trkpt>
      <trkpt lat="37.639512" lon="-90.688159">
        <ele>379.7</ele>
      </trkpt>
      <trkpt lat="37.638938" lon="-90.692172">
        <ele>384.6</ele>
      </trkpt>
      <trkpt lat="37.639061" lon="-90.695256">
        <ele>387.9</ele>
      </trkpt>
      <trkpt lat="37.636047" lon="-90.700828">
        <ele>403.1</ele>
      </trkpt>
      <trkpt lat="37.63534" lon="-90.706833">
        <ele>414.4</ele>
      </trkpt>
      <trkpt lat="37.635832" lon="-90.711986">
        <ele>401.0</ele>
      </trkpt>
      <trkpt lat="37.63413" lon="-90.718413">
        <ele>388.4</ele>
      </trkpt>
      <trkpt lat="37.63397" lon="-90.719765">
        <ele>385.6</ele>
      </trkpt>
      <trkpt lat="37.634644" lon="-90.722804">
        <ele>381.5</ele>
      </trkpt>
      <trkpt lat="37.633962" lon="-90.725964">
        <ele>368.7</ele>
      </trkpt>
      <trkpt lat="37.628344" lon="-90.733947">
        <ele>363.5</ele>
      </trkpt>
      <trkpt lat="37.624168" lon="-90.737016">
        <ele>352.5</ele>
      </trkpt>
      <trkpt lat="37.621717" lon="-90.745491">
        <ele>344.8</ele>
      </trkpt>
      <trkpt lat="37.617368" lon="-90.753184">
        <ele>330.1</ele>
      </trkpt>
      <trkpt lat="37.616884" lon="-90.757613">
        <ele>330.0</ele>
      </trkpt>
      <trkpt lat="37.61426" lon="-90.76821">
        <ele>316.3</ele>
      </trkpt>
      <trkpt lat="37.612783" lon="-90.770633">
        <ele>313.6</ele>
      </trkpt>
      <trkpt lat="37.611712" lon="-90.774076">
        <ele>311.4</ele>
      </trkpt>
      <trkpt lat="37.60771" lon="-90.779659">
        <ele>307.8</ele>
      </trkpt>
      <trkpt lat="37.603223" lon="-90.790118">
        <ele>302.7</ele>
      </trkpt>
      <trkpt lat="37.600733" lon="-90.792058">
        <ele>297.0</ele>
      </trkpt>
      <trkpt lat="37.597506" lon="-90.796704">
        <ele>293.4</ele>
      </trkpt>
      <trkpt lat="37.59449" lon="-90.797544">
        <ele>292.0</ele>
      </trkpt>
      <trkpt lat="37.593277" lon="-90.800197">
        <ele>291.2</ele>
      </trkpt>
      <trkpt lat="37.590903" lon="-90.801405">
        <ele>288.5</ele>
      </trkpt>
      <trkpt lat="37.588454" lon="-90.804909">
        <ele>288.2</ele>
      </trkpt>
      <trkpt lat="37.583549" lon="-90.805523">
        <ele>291.9</ele>
      </trkpt>
      <trkpt lat="37.582245" lon="-90.806125">
        <ele>291.6</ele>
      </trkpt>
      <trkpt lat="37.581307" lon="-90.807592">
        <ele>291.3</ele>
      </trkpt>
      <trkpt lat="37.578432" lon="-90.816018">
        <ele>283.9</ele>
      </trkpt>
      <trkpt lat="37.570287" lon="-90.825636">
        <ele>282.6</ele>
      </trkpt>
      <trkpt lat="37.566819" lon="-90.828488">
        <ele>274.9</ele>
      </trkpt>
      <trkpt lat="37.561762" lon="-90.83559">
        <ele>262.4</ele>
      </trkpt>
      <trkpt lat="37.560023" lon="-90.837317">
        <ele>260.7</ele>
      </trkpt>
      <trkpt lat="37.553717" lon="-90.841469">
        <ele>263.4</ele>
      </trkpt>
      <trkpt lat="37.551814" lon="-90.843346">
        <ele>253.7</ele>
      </trkpt>
      <trkpt lat="37.550108" lon="-90.846423">
        <ele>255.4</ele>
      </trkpt>
      <trkpt lat="37.547622" lon="-90.853659">
        <ele>264.4</ele>
      </trkpt>
      <trkpt lat="37.544607" lon="-90.857368">
        <ele>281.5</ele>
      </trkpt>
      <trkpt lat="37.53735" lon="-90.861723">
        <ele>306.2</ele>
      </trkpt>
      <trkpt lat="37.535503" lon="-90.862206">
        <ele>291.3</ele>
      </trkpt>
      <trkpt lat="37.525126" lon="-90.857195">
        <ele>252.0</ele>
      </trkpt>
      <trkpt lat="37.523569" lon="-90.856663">
        <ele>253.8</ele>
      </trkpt>
      <trkpt lat="37.522369" lon="-90.856816">
        <ele>265.0</ele>
      </trkpt>
      <trkpt lat="37.519403" lon="-90.858983">
        <ele>252.2</ele>
      </trkpt>
      <trkpt lat="37.517162" lon="-90.864127">
        <ele>258.4</ele>
      </trkpt>
      <trkpt lat="37.511609" lon="-90.871228">
        <ele>270.1</ele>
      </trkpt>
      <trkpt lat="37.503166" lon="-90.87715">
        <ele>271.0</ele>
      </trkpt>
      <trkpt lat="37.498607" lon="-90.877609">
        <ele>256.6</ele>
      </trkpt>
      <trkpt lat="37.495957" lon="-90.878601">
        <ele>262.4</ele>
      </trkpt>
      <trkpt lat="37.493268" lon="-90.882177">
        <ele>245.8</ele>
      </trkpt>
      <trkpt lat="37.48934" lon="-90.88325">
        <ele>235.8</ele>
      </trkpt>
      <trkpt lat="37.486235" lon="-90.886487">
        <ele>240.5</ele>
      </trkpt>
      <trkpt lat="37.479117" lon="-90.889382">
        <ele>228.5</ele>
      </trkpt>
      <trkpt lat="37.478673" lon="-90.891909">
        <ele>218.7</ele>
      </trkpt>
      <trkpt lat="37.481183" lon="-90.8956">
        <ele>218.5</ele>
      </trkpt>
      <trkpt lat="37.481656" lon="-90.897619">
        <ele>217.3</ele>
      </trkpt>
      <trkpt lat="37.481391" lon="-90.899347">
        <ele>216.2</ele>
      </trkpt>
      <trkpt lat="37.471336" lon="-90.91714">
        <ele>242.0</ele>
      </trkpt>
      <trkpt lat="37.468268" lon="-90.925227">
        <ele>252.4</ele>
      </trkpt>
      <trkpt lat="37.46613" lon="-90.927983">
        <ele>258.9</ele>
      </trkpt>
      <trkpt lat="37.460924" lon="-90.93673">
        <ele>291.2</ele>
      </trkpt>
      <trkpt lat="37.459529" lon="-90.941812">
        <ele>288.6</ele>
      </trkpt>
      <trkpt lat="37.453308" lon="-90.953213">
        <ele>247.7</ele>
      </trkpt>
      <trkpt lat="37.451288" lon="-90.95788">
        <ele>236.8</ele>
      </trkpt>
      <trkpt lat="37.450006" lon="-90.959577">
        <ele>228.9</ele>
      </trkpt>
      <trkpt lat="37.447058" lon="-90.961787">
        <ele>225.6</ele>
      </trkpt>
      <trkpt lat="37.44409" lon="-90.962626">
        <ele>227.5</ele>
      </trkpt>
      <trkpt lat="37.437275" lon="-90.962047">
        <ele>231.0</ele>
      </trkpt>
      <trkpt lat="37.436005" lon="-90.960834">
        <ele>227.7</ele>
      </trkpt>
      <trkpt lat="37.435453" lon="-90.957427">
        <ele>225.6</ele>
      </trkpt>
      <trkpt lat="37.431164" lon="-90.957551">
        <ele>233.3</ele>
      </trkpt>
      <trkpt lat="37.427932" lon="-90.958792">
        <ele>241.7</ele>
      </trkpt>
      <trkpt lat="37.425983" lon="-90.960266">
        <ele>246.5</ele>
      </trkpt>
      <trkpt lat="37.421558" lon="-90.96153">
        <ele>254.9</ele>
      </trkpt>
      <trkpt lat="37.414037" lon="-90.961773">
        <ele>266.4</ele>
      </trkpt>
      <trkpt lat="37.40749" lon="-90.964402">
        <ele>295.8</ele>
      </trkpt>
      <trkpt lat="37.398642" lon="-90.964733">
        <ele>332.4</ele>
      </trkpt>
      <trkpt lat="37.393147" lon="-90.965728">
        <ele>285.0</ele>
      </trkpt>
      <trkpt lat="37.384931" lon="-90.970619">
        <ele>275.2</ele>
      </trkpt>
      <trkpt lat="37.382836" lon="-90.97123">
        <ele>273.9</ele>
      </trkpt>
      <trkpt lat="37.369045" lon="-90.971571">
        <ele>321.4</ele>
      </trkpt>
      <trkpt lat="37.36235" lon="-90.967964">
        <ele>278.8</ele>
      </trkpt>
      <trkpt lat="37.361034" lon="-90.967707">
        <ele>261.0</ele>
      </trkpt>
      <trkpt lat="37.350201" lon="-90.970308">
        <ele>256.6</ele>
      </trkpt>
      <trkpt lat="37.344237" lon="-90.9707">
        <ele>280.0</ele>
      </trkpt>
      <trkpt lat="37.34282" lon="-90.971382">
        <ele>289.5</ele>
      </trkpt>
      <trkpt lat="37.339348" lon="-90.974901">
        <ele>317.9</ele>
      </trkpt>
      <trkpt lat="37.338741" lon="-90.980732">
        <ele>325.1</ele>
      </trkpt>
      <trkpt lat="37.338145" lon="-90.981621">
        <ele>328.2</ele>
      </trkpt>
      <trkpt lat="37.336619" lon="-90.982489">
        <ele>327.5</ele>
      </trkpt>
      <trkpt lat="37.327906" lon="-90.98413">
        <ele>313.9</ele>
      </trkpt>
      <trkpt lat="37.325352" lon="-90.983651">
        <ele>312.1</ele>
      </trkpt>
      <trkpt lat="37.3237" lon="-90.982702">
        <ele>313.1</ele>
      </trkpt>
      <trkpt lat="37.317696" lon="-90.976549">
        <ele>320.2</ele>
      </trkpt>
      <trkpt lat="37.313155" lon="-90.974672">
        <ele>315.7</ele>
      </trkpt>
      <trkpt lat="37.30386" lon="-90.972174">
        <ele>322.0</ele>
      </trkpt>
      <trkpt lat="37.292771" lon="-90.963245">
        <ele>305.3</ele>
      </trkpt>
      <trkpt lat="37.287182" lon="-90.960683">
        <ele>296.1</ele>
      </trkpt>
      <trkpt lat="37.284167" lon="-90.95742">
        <ele>277.2</ele>
      </trkpt>
      <trkpt lat="37.279529" lon="-90.956057">
        <ele>277.1</ele>
      </trkpt>
      <trkpt lat="37.27747" lon="-90.956065">
        <ele>275.1</ele>
      </trkpt>
      <trkpt lat="37.276479" lon="-90.956539">
        <ele>282.5</ele>
      </trkpt>
      <trkpt lat="37.271665" lon="-90.961505">
        <ele>289.9</ele>
      </trkpt>
      <trkpt lat="37.269723" lon="-90.962863">
        <ele>294.6</ele>
      </trkpt>
      <trkpt lat="37.26186" lon="-90.961586">
        <ele>270.1</ele>
      </trkpt>
      <trkpt lat="37.255964" lon="-90.9659">
        <ele>250.6</ele>
      </trkpt>
      <trkpt lat="37.251515" lon="-90.966347">
        <ele>216.9</ele>
      </trkpt>
      <trkpt lat="37.248538" lon="-90.965203">
        <ele>201.1</ele>
      </trkpt>
      <trkpt lat="37.245512" lon="-90.966019">
        <ele>195.9</ele>
      </trkpt>
      <trkpt lat="37.243437" lon="-90.965374">
        <ele>196.8</ele>
      </trkpt>
      <trkpt lat="37.241651" lon="-90.968775">
        <ele>202.2</ele>
      </trkpt>
      <trkpt lat="37.241018" lon="-90.980385">
        <ele>206.7</ele>
      </trkpt>
      <trkpt lat="37.239167" lon="-90.991586">
        <ele>203.8</ele>
      </trkpt>
      <trkpt lat="37.236163" lon="-90.995959">
        <ele>213.5</ele>
      </trkpt>
      <trkpt lat="37.233965" lon="-91.004711">
        <ele>212.7</ele>
      </trkpt>
      <trkpt lat="37.225733" lon="-91.01998">
        <ele>216.2</ele>
      </trkpt>
      <trkpt lat="37.224165" lon="-91.02558">
        <ele>219.3</ele>
      </trkpt>
      <trkpt lat="37.224629" lon="-91.029901">
        <ele>232.0</ele>
      </trkpt>
      <trkpt lat="37.224253" lon="-91.034949">
        <ele>229.1</ele>
      </trkpt>
      <trkpt lat="37.224974" lon="-91.036007">
        <ele>234.5</ele>
      </trkpt>
      <trkpt lat="37.227203" lon="-91.036894">
        <ele>223.3</ele>
      </trkpt>
      <trkpt lat="37.22864" lon="-91.038405">
        <ele>219.1</ele>
      </trkpt>
      <trkpt lat="37.229487" lon="-91.040529">
        <ele>219.1</ele>
      </trkpt>
      <trkpt lat="37.229906" lon="-91.045223">
        <ele>225.4</ele>
      </trkpt>
      <trkpt lat="37.229519" lon="-91.049883">
        <ele>224.2</ele>
      </trkpt>
      <trkpt lat="37.227389" lon="-91.053925">
        <ele>224.0</ele>
      </trkpt>
      <trkpt lat="37.225653" lon="-91.064561">
        <ele>244.4</ele>
      </trkpt>
      <trkpt lat="37.224244" lon="-91.067714">
        <ele>251.9</ele>
      </trkpt>
      <trkpt lat="37.225673" lon="-91.07404">
        <ele>288.0</ele>
      </trkpt>
      <trkpt lat="37.22553" lon="-91.076877">
        <ele>288.2</ele>
      </trkpt>
      <trkpt lat="37.224298" lon="-91.078323">
        <ele>288.4</ele>
      </trkpt>
      <trkpt lat="37.216565" lon="-91.081991">
        <ele>303.6</ele>
      </trkpt>
      <trkpt lat="37.215487" lon="-91.084033">
        <ele>297.9</ele>
      </trkpt>
      <trkpt lat="37.207865" lon="-91.089313">
        <ele>274.0</ele>
      </trkpt>
      <trkpt lat="37.203766" lon="-91.095303">
        <ele>248.1</ele>
      </trkpt>
      <trkpt lat="37.199142" lon="-91.098535">
        <ele>239.7</ele>
      </trkpt>
      <trkpt lat="37.195164" lon="-91.105424">
        <ele>232.5</ele>
      </trkpt>
      <trkpt lat="37.193895" lon="-91.113067">
        <ele>263.7</ele>
      </trkpt>
      <trkpt lat="37.194122" lon="-91.117416">
        <ele>286.9</ele>
      </trkpt>
      <trkpt lat="37.191259" lon="-91.12242">
        <ele>300.2</ele>
      </trkpt>
      <trkpt lat="37.188351" lon="-91.131816">
        <ele>305.8</ele>
      </trkpt>
      <trkpt lat="37.188044" lon="-91.133754">
        <ele>309.9</ele>
      </trkpt>
      <trkpt lat="37.191043" lon="-91.141248">
        <ele>327.6</ele>
      </trkpt>
      <trkpt lat="37.193908" lon="-91.143929">
        <ele>331.2</ele>
      </trkpt>
      <trkpt lat="37.195254" lon="-91.147862">
        <ele>299.8</ele>
      </trkpt>
      <trkpt lat="37.195364" lon="-91.151952">
        <ele>295.6</ele>
      </trkpt>
      <trkpt lat="37.193801" lon="-91.158166">
        <ele>276.6</ele>
      </trkpt>
      <trkpt lat="37.193005" lon="-91.169919">
        <ele>190.0</ele>
      </trkpt>
      <trkpt lat="37.192233" lon="-91.171008">
        <ele>190.6</ele>
      </trkpt>
      <trkpt lat="37.186461" lon="-91.175213">
        <ele>197.9</ele>
      </trkpt>
      <trkpt lat="37.18489" lon="-91.181937">
        <ele>179.7</ele>
      </trkpt>
      <trkpt lat="37.183813" lon="-91.183399">
        <ele>194.8</ele>
      </trkpt>
      <trkpt lat="37.176269" lon="-91.184837">
        <ele>195.9</ele>
      </trkpt>
      <trkpt lat="37.167879" lon="-91.189068">
        <ele>261.4</ele>
      </trkpt>
      <trkpt lat="37.166499" lon="-91.191058">
        <ele>275.2</ele>
      </trkpt>
      <trkpt lat="37.163948" lon="-91.197231">
        <ele>310.2</ele>
      </trkpt>
      <trkpt lat="37.156546" lon="-91.20799">
        <ele>287.2</ele>
      </trkpt>
      <trkpt lat="37.152841" lon="-91.208254">
        <ele>309.7</ele>
      </trkpt>
      <trkpt lat="37.148943" lon="-91.213143">
        <ele>307.6</ele>
      </trkpt>
      <trkpt lat="37.14933" lon="-91.216973">
        <ele>299.8</ele>
      </trkpt>
      <trkpt lat="37.147786" lon="-91.219548">
        <ele>287.5</ele>
      </trkpt>
      <trkpt lat="37.147307" lon="-91.221524">
        <ele>293.3</ele>
      </trkpt>
      <trkpt lat="37.147758" lon="-91.22566">
        <ele>297.8</ele>
      </trkpt>
      <trkpt lat="37.14863" lon="-91.227984">
        <ele>324.7</ele>
      </trkpt>
      <trkpt lat="37.148589" lon="-91.230378">
        <ele>320.8</ele>
      </trkpt>
      <trkpt lat="37.147691" lon="-91.231806">
        <ele>317.2</ele>
      </trkpt>
      <trkpt lat="37.145177" lon="-91.233098">
        <ele>321.4</ele>
      </trkpt>
      <trkpt lat="37.145148" lon="-91.236268">
        <ele>305.9</ele>
      </trkpt>
      <trkpt lat="37.14341" lon="-91.239427">
        <ele>315.3</ele>
      </trkpt>
      <trkpt lat="37.143102" lon="-91.242729">
        <ele>310.5</ele>
      </trkpt>
      <trkpt lat="37.143719" lon="-91.244673">
        <ele>319.9</ele>
      </trkpt>
      <trkpt lat="37.145184" lon="-91.245986">
        <ele>313.9</ele>
      </trkpt>
      <trkpt lat="37.146905" lon="-91.247191">
        <ele>323.7</ele>
      </trkpt>
      <trkpt lat="37.14985" lon="-91.247304">
        <ele>324.6</ele>
      </trkpt>
      <trkpt lat="37.150956" lon="-91.248558">
        <ele>330.7</ele>
      </trkpt>
      <trkpt lat="37.150251" lon="-91.254486">
        <ele>315.9</ele>
      </trkpt>
      <trkpt lat="37.151753" lon="-91.258531">
        <ele>302.9</ele>
      </trkpt>
      <trkpt lat="37.150953" lon="-91.262988">
        <ele>305.3</ele>
      </trkpt>
      <trkpt lat="37.155713" lon="-91.272978">
        <ele>290.9</ele>
      </trkpt>
      <trkpt lat="37.155162" lon="-91.276934">
        <ele>307.4</ele>
      </trkpt>
      <trkpt lat="37.153987" lon="-91.278527">
        <ele>302.4</ele>
      </trkpt>
      <trkpt lat="37.151536" lon="-91.280147">
        <ele>277.8</ele>
      </trkpt>
      <trkpt lat="37.150921" lon="-91.282164">
        <ele>259.4</ele>
      </trkpt>
      <trkpt lat="37.151582" lon="-91.28706">
        <ele>215.6</ele>
      </trkpt>
      <trkpt lat="37.151177" lon="-91.291811">
        <ele>197.7</ele>
      </trkpt>
      <trkpt lat="37.151619" lon="-91.294007">
        <ele>196.0</ele>
      </trkpt>
      <trkpt lat="37.151102" lon="-91.297904">
        <ele>215.3</ele>
      </trkpt>
      <trkpt lat="37.152828" lon="-91.302498">
        <ele>246.2</ele>
      </trkpt>
      <trkpt lat="37.154406" lon="-91.305081">
        <ele>249.2</ele>
      </trkpt>
      <trkpt lat="37.153888" lon="-91.311774">
        <ele>199.6</ele>
      </trkpt>
      <trkpt lat="37.152689" lon="-91.313339">
        <ele>196.8</ele>
      </trkpt>
      <trkpt lat="37.151034" lon="-91.313871">
        <ele>205.8</ele>
      </trkpt>
      <trkpt lat="37.14789" lon="-91.31715">
        <ele>220.4</ele>
      </trkpt>
      <trkpt lat="37.148642" lon="-91.3262">
        <ele>264.4</ele>
      </trkpt>
      <trkpt lat="37.145874" lon="-91.331077">
        <ele>260.7</ele>
      </trkpt>
      <trkpt lat="37.146117" lon="-91.332969">
        <ele>246.0</ele>
      </trkpt>
      <trkpt lat="37.147905" lon="-91.334396">
        <ele>251.0</ele>
      </trkpt>
      <trkpt lat="37.148476" lon="-91.335774">
        <ele>241.9</ele>
      </trkpt>
      <trkpt lat="37.148111" lon="-91.338876">
        <ele>227.0</ele>
      </trkpt>
      <trkpt lat="37.148399" lon="-91.342045">
        <ele>212.9</ele>
      </trkpt>
      <trkpt lat="37.147584" lon="-91.345987">
        <ele>189.0</ele>
      </trkpt>
      <trkpt lat="37.150513" lon="-91.354368">
        <ele>196.9</ele>
      </trkpt>
      <trkpt lat="37.150465" lon="-91.364145">
        <ele>220.2</ele>
      </trkpt>
      <trkpt lat="37.148914" lon="-91.368596">
        <ele>232.6</ele>
      </trkpt>
      <trkpt lat="37.146419" lon="-91.370856">
        <ele>229.3</ele>
      </trkpt>
      <trkpt lat="37.145734" lon="-91.372199">
        <ele>219.4</ele>
      </trkpt>
      <trkpt lat="37.145757" lon="-91.376821">
        <ele>200.3</ele>
      </trkpt>
      <trkpt lat="37.146948" lon="-91.383094">
        <ele>212.7</ele>
      </trkpt>
      <trkpt lat="37.146671" lon="-91.388543">
        <ele>236.7</ele>
      </trkpt>
      <trkpt lat="37.145742" lon="-91.392729">
        <ele>241.9</ele>
      </trkpt>
      <trkpt lat="37.146035" lon="-91.396502">
        <ele>267.4</ele>
      </trkpt>
      <trkpt lat="37.145505" lon="-91.39767">
        <ele>284.0</ele>
      </trkpt>
      <trkpt lat="37.143082" lon="-91.398904">
        <ele>297.8</ele>
      </trkpt>
      <trkpt lat="37.142449" lon="-91.400028">
        <ele>305.5</ele>
      </trkpt>
      <trkpt lat="37.141368" lon="-91.407459">
        <ele>298.4</ele>
      </trkpt>
      <trkpt lat="37.142356" lon="-91.411177">
        <ele>315.0</ele>
      </trkpt>
      <trkpt lat="37.140981" lon="-91.413817">
        <ele>311.2</ele>
      </trkpt>
      <trkpt lat="37.140469" lon="-91.416688">
        <ele>308.9</ele>
      </trkpt>
      <trkpt lat="37.139253" lon="-91.419449">
        <ele>302.0</ele>
      </trkpt>
      <trkpt lat="37.138448" lon="-91.426643">
        <ele>244.3</ele>
      </trkpt>
      <trkpt lat="37.140364" lon="-91.432635">
        <ele>224.2</ele>
      </trkpt>
      <trkpt lat="37.142384" lon="-91.435985">
        <ele>225.1</ele>
      </trkpt>
      <trkpt lat="37.142636" lon="-91.441124">
        <ele>209.3</ele>
      </trkpt>
      <trkpt lat="37.143406" lon="-91.443029">
        <ele>207.3</ele>
      </trkpt>
      <trkpt lat="37.144462" lon="-91.443948">
        <ele>207.3</ele>
      </trkpt>
      <trkpt lat="37.145851" lon="-91.444341">
        <ele>207.0</ele>
      </trkpt>
      <trkpt lat="37.149419" lon="-91.442472">
        <ele>209.8</ele>
      </trkpt>
      <trkpt lat="37.150368" lon="-91.442414">
        <ele>208.5</ele>
      </trkpt>
      <trkpt lat="37.151558" lon="-91.442728">
        <ele>208.1</ele>
      </trkpt>
      <trkpt lat="37.152848" lon="-91.444609">
        <ele>222.5</ele>
      </trkpt>
      <trkpt lat="37.151927" lon="-91.44818">
        <ele>262.2</ele>
      </trkpt>
      <trkpt lat="37.153502" lon="-91.452106">
        <ele>288.0</ele>
      </trkpt>
      <trkpt lat="37.15308" lon="-91.453962">
        <ele>282.9</ele>
      </trkpt>
      <trkpt lat="37.152027" lon="-91.455137">
        <ele>275.9</ele>
      </trkpt>
      <trkpt lat="37.151656" lon="-91.457694">
        <ele>283.2</ele>
      </trkpt>
      <trkpt lat="37.152058" lon="-91.46102">
        <ele>305.6</ele>
      </trkpt>
      <trkpt lat="37.151869" lon="-91.466221">
        <ele>299.1</ele>
      </trkpt>
      <trkpt lat="37.149537" lon="-91.471988">
        <ele>312.5</ele>
      </trkpt>
      <trkpt lat="37.145932" lon="-91.4759">
        <ele>329.3</ele>
      </trkpt>
      <trkpt lat="37.145402" lon="-91.477414">
        <ele>329.4</ele>
      </trkpt>
      <trkpt lat="37.145707" lon="-91.478691">
        <ele>328.8</ele>
      </trkpt>
      <trkpt lat="37.147306" lon="-91.480421">
        <ele>319.5</ele>
      </trkpt>
      <trkpt lat="37.147984" lon="-91.481928">
        <ele>323.4</ele>
      </trkpt>
      <trkpt lat="37.150204" lon="-91.496336">
        <ele>330.4</ele>
      </trkpt>
      <trkpt lat="37.148198" lon="-91.503746">
        <ele>329.1</ele>
      </trkpt>
      <trkpt lat="37.148492" lon="-91.517809">
        <ele>330.9</ele>
      </trkpt>
      <trkpt lat="37.149196" lon="-91.519703">
        <ele>330.5</ele>
      </trkpt>
      <trkpt lat="37.15375" lon="-91.526045">
        <ele>342.2</ele>
      </trkpt>
      <trkpt lat="37.158054" lon="-91.533526">
        <ele>343.4</ele>
      </trkpt>
      <trkpt lat="37.159359" lon="-91.534727">
        <ele>342.4</ele>
      </trkpt>
      <trkpt lat="37.167132" lon="-91.538117">
        <ele>353.1</ele>
      </trkpt>
      <trkpt lat="37.170065" lon="-91.540989">
        <ele>375.0</ele>
      </trkpt>
      <trkpt lat="37.170946" lon="-91.542628">
        <ele>373.4</ele>
      </trkpt>
      <trkpt lat="37.171049" lon="-91.544079">
        <ele>372.6</ele>
      </trkpt>
      <trkpt lat="37.168236" lon="-91.561326">
        <ele>346.7</ele>
      </trkpt>
      <trkpt lat="37.169647" lon="-91.615441">
        <ele>347.4</ele>
      </trkpt>
      <trkpt lat="37.170455" lon="-91.617893">
        <ele>341.4</ele>
      </trkpt>
      <trkpt lat="37.176378" lon="-91.626322">
        <ele>364.1</ele>
      </trkpt>
      <trkpt lat="37.177271" lon="-91.628768">
        <ele>364.5</ele>
      </trkpt>
      <trkpt lat="37.177668" lon="-91.645619">
        <ele>363.9</ele>
      </trkpt>
      <trkpt lat="37.179606" lon="-91.652515">
        <ele>374.1</ele>
      </trkpt>
      <trkpt lat="37.179685" lon="-91.662699">
        <ele>374.2</ele>
      </trkpt>
      <trkpt lat="37.182806" lon="-91.665212">
        <ele>375.9</ele>
      </trkpt>
      <trkpt lat="37.186018" lon="-91.669216">
        <ele>374.7</ele>
      </trkpt>
      <trkpt lat="37.191582" lon="-91.683062">
        <ele>396.7</ele>
      </trkpt>
      <trkpt lat="37.192693" lon="-91.704499">
        <ele>398.5</ele>
      </trkpt>
      <trkpt lat="37.193997" lon="-91.709908">
        <ele>389.8</ele>
      </trkpt>
      <trkpt lat="37.196416" lon="-91.714321">
        <ele>396.5</ele>
      </trkpt>
      <trkpt lat="37.198254" lon="-91.716405">
        <ele>403.7</ele>
      </trkpt>
      <trkpt lat="37.234289" lon="-91.753897">
        <ele>405.1</ele>
      </trkpt>
      <trkpt lat="37.237371" lon="-91.758324">
        <ele>418.6</ele>
      </trkpt>
      <trkpt lat="37.245662" lon="-91.780146">
        <ele>413.4</ele>
      </trkpt>
      <trkpt lat="37.246079" lon="-91.799819">
        <ele>397.2</ele>
      </trkpt>
      <trkpt lat="37.247627" lon="-91.804438">
        <ele>393.8</ele>
      </trkpt>
      <trkpt lat="37.247225" lon="-91.806176">
        <ele>392.0</ele>
      </trkpt>
      <trkpt lat="37.244808" lon="-91.810892">
        <ele>371.0</ele>
      </trkpt>
      <trkpt lat="37.244766" lon="-91.812606">
        <ele>363.7</ele>
      </trkpt>
      <trkpt lat="37.245633" lon="-91.814087">
        <ele>363.1</ele>
      </trkpt>
      <trkpt lat="37.24689" lon="-91.814546">
        <ele>354.0</ele>
      </trkpt>
      <trkpt lat="37.249832" lon="-91.812833">
        <ele>357.1</ele>
      </trkpt>
      <trkpt lat="37.251002" lon="-91.812703">
        <ele>359.5</ele>
      </trkpt>
      <trkpt lat="37.252252" lon="-91.81354">
        <ele>365.4</ele>
      </trkpt>
      <trkpt lat="37.252803" lon="-91.815006">
        <ele>372.3</ele>
      </trkpt>
      <trkpt lat="37.249618" lon="-91.828569">
        <ele>390.5</ele>
      </trkpt>
      <trkpt lat="37.249993" lon="-91.831839">
        <ele>395.5</ele>
      </trkpt>
      <trkpt lat="37.251225" lon="-91.833646">
        <ele>392.6</ele>
      </trkpt>
      <trkpt lat="37.258896" lon="-91.840967">
        <ele>409.8</ele>
      </trkpt>
      <trkpt lat="37.260364" lon="-91.846647">
        <ele>416.7</ele>
      </trkpt>
      <trkpt lat="37.261691" lon="-91.848343">
        <ele>415.8</ele>
      </trkpt>
      <trkpt lat="37.262754" lon="-91.848789">
        <ele>411.7</ele>
      </trkpt>
      <trkpt lat="37.273282" lon="-91.848456">
        <ele>402.9</ele>
      </trkpt>
      <trkpt lat="37.273817" lon="-91.885431">
        <ele>419.0</ele>
      </trkpt>
      <trkpt lat="37.275009" lon="-91.889068">
        <ele>418.7</ele>
      </trkpt>
      <trkpt lat="37.275541" lon="-91.893836">
        <ele>409.3</ele>
      </trkpt>
      <trkpt lat="37.277584" lon="-91.896772">
        <ele>399.3</ele>
      </trkpt>
      <trkpt lat="37.278218" lon="-91.92057">
        <ele>359.8</ele>
      </trkpt>
      <trkpt lat="37.279479" lon="-91.921566">
        <ele>362.9</ele>
      </trkpt>
      <trkpt lat="37.287045" lon="-91.921311">
        <ele>379.6</ele>
      </trkpt>
      <trkpt lat="37.288808" lon="-91.922843">
        <ele>381.4</ele>
      </trkpt>
      <trkpt lat="37.289259" lon="-91.94668">
        <ele>374.0</ele>
      </trkpt>
      <trkpt lat="37.290116" lon="-91.94862">
        <ele>366.6</ele>
      </trkpt>
      <trkpt lat="37.291326" lon="-91.948964">
        <ele>357.2</ele>
      </trkpt>
      <trkpt lat="37.30915" lon="-91.948258">
        <ele>360.5</ele>
      </trkpt>
      <trkpt lat="37.312152" lon="-91.949692">
        <ele>352.9</ele>
      </trkpt>
      <trkpt lat="37.315926" lon="-91.953463">
        <ele>343.9</ele>
      </trkpt>
      <trkpt lat="37.316684" lon="-91.955799">
        <ele>361.5</ele>
      </trkpt>
      <trkpt lat="37.31674" lon="-91.959353">
        <ele>370.5</ele>
      </trkpt>
      <trkpt lat="37.319545" lon="-91.958827">
        <ele>358.6</ele>
      </trkpt>
      <trkpt lat="37.319678" lon="-91.976154">
        <ele>358.6</ele>
      </trkpt>
      <trkpt lat="37.317551" lon="-91.990305">
        <ele>339.5</ele>
      </trkpt>
      <trkpt lat="37.319466" lon="-92.001369">
        <ele>326.0</ele>
      </trkpt>
      <trkpt lat="37.321091" lon="-92.003588">
        <ele>318.9</ele>
      </trkpt>
      <trkpt lat="37.323195" lon="-92.004318">
        <ele>315.7</ele>
      </trkpt>
      <trkpt lat="37.328522" lon="-92.002163">
        <ele>317.4</ele>
      </trkpt>
      <trkpt lat="37.330378" lon="-92.002357">
        <ele>338.7</ele>
      </trkpt>
      <trkpt lat="37.334211" lon="-92.005341">
        <ele>364.1</ele>
      </trkpt>
      <trkpt lat="37.336549" lon="-92.007933">
        <ele>370.7</ele>
      </trkpt>
      <trkpt lat="37.342928" lon="-92.011791">
        <ele>384.1</ele>
      </trkpt>
      <trkpt lat="37.344276" lon="-92.015145">
        <ele>378.1</ele>
      </trkpt>
      <trkpt lat="37.344467" lon="-92.033207">
        <ele>388.5</ele>
      </trkpt>
      <trkpt lat="37.344904" lon="-92.035286">
        <ele>384.6</ele>
      </trkpt>
      <trkpt lat="37.347256" lon="-92.040949">
        <ele>392.2</ele>
      </trkpt>
      <trkpt lat="37.348541" lon="-92.042005">
        <ele>396.5</ele>
      </trkpt>
      <trkpt lat="37.3518" lon="-92.042859">
        <ele>404.5</ele>
      </trkpt>
      <trkpt lat="37.352729" lon="-92.044636">
        <ele>407.0</ele>
      </trkpt>
      <trkpt lat="37.35103" lon="-92.063301">
        <ele>421.8</ele>
      </trkpt>
      <trkpt lat="37.351685" lon="-92.068265">
        <ele>449.3</ele>
      </trkpt>
      <trkpt lat="37.345431" lon="-92.073536">
        <ele>436.6</ele>
      </trkpt>
      <trkpt lat="37.341616" lon="-92.08676">
        <ele>450.1</ele>
      </trkpt>
      <trkpt lat="37.335478" lon="-92.094913">
        <ele>447.4</ele>
      </trkpt>
      <trkpt lat="37.334539" lon="-92.096805">
        <ele>448.8</ele>
      </trkpt>
      <trkpt lat="37.33441" lon="-92.116648">
        <ele>446.7</ele>
      </trkpt>
      <trkpt lat="37.331437" lon="-92.129173">
        <ele>439.9</ele>
      </trkpt>
      <trkpt lat="37.330721" lon="-92.148901">
        <ele>456.2</ele>
      </trkpt>
      <trkpt lat="37.330326" lon="-92.150356">
        <ele>456.6</ele>
      </trkpt>
      <trkpt lat="37.329336" lon="-92.151664">
        <ele>447.3</ele>
      </trkpt>
      <trkpt lat="37.323109" lon="-92.156424">
        <ele>426.8</ele>
      </trkpt>
      <trkpt lat="37.322001" lon="-92.158189">
        <ele>426.6</ele>
      </trkpt>
      <trkpt lat="37.320575" lon="-92.162234">
        <ele>427.6</ele>
      </trkpt>
      <trkpt lat="37.318012" lon="-92.164671">
        <ele>427.8</ele>
      </trkpt>
      <trkpt lat="37.315523" lon="-92.165336">
        <ele>427.6</ele>
      </trkpt>
      <trkpt lat="37.307158" lon="-92.163951">
        <ele>440.3</ele>
      </trkpt>
      <trkpt lat="37.298506" lon="-92.16361">
        <ele>449.8</ele>
      </trkpt>
      <trkpt lat="37.298212" lon="-92.164065">
        <ele>450.5</ele>
      </trkpt>
      <trkpt lat="37.298542" lon="-92.210057">
        <ele>459.8</ele>
      </trkpt>
      <trkpt lat="37.29972" lon="-92.211332">
        <ele>461.2</ele>
      </trkpt>
      <trkpt lat="37.304413" lon="-92.211448">
        <ele>461.4</ele>
      </trkpt>
      <trkpt lat="37.305443" lon="-92.212194">
        <ele>461.8</ele>
      </trkpt>
      <trkpt lat="37.306327" lon="-92.225909">
        <ele>465.1</ele>
      </trkpt>
      <trkpt lat="37.307042" lon="-92.22747">
        <ele>469.0</ele>
      </trkpt>
      <trkpt lat="37.31289" lon="-92.234435">
        <ele>470.9</ele>
      </trkpt>
      <trkpt lat="37.315531" lon="-92.240316">
        <ele>464.8</ele>
      </trkpt>
      <trkpt lat="37.315644" lon="-92.242323">
        <ele>459.7</ele>
      </trkpt>
      <trkpt lat="37.314834" lon="-92.247133">
        <ele>458.4</ele>
      </trkpt>
      <trkpt lat="37.316301" lon="-92.253457">
        <ele>440.2</ele>
      </trkpt>
      <trkpt lat="37.317226" lon="-92.263905">
        <ele>430.5</ele>
      </trkpt>
      <trkpt lat="37.319026" lon="-92.268169">
        <ele>422.2</ele>
      </trkpt>
      <trkpt lat="37.319398" lon="-92.270224">
        <ele>422.3</ele>
      </trkpt>
      <trkpt lat="37.31741" lon="-92.283977">
        <ele>398.7</ele>
      </trkpt>
      <trkpt lat="37.312929" lon="-92.292523">
        <ele>404.8</ele>
      </trkpt>
      <trkpt lat="37.309614" lon="-92.297042">
        <ele>381.9</ele>
      </trkpt>
      <trkpt lat="37.306643" lon="-92.303362">
        <ele>360.2</ele>
      </trkpt>
      <trkpt lat="37.300972" lon="-92.311306">
        <ele>418.5</ele>
      </trkpt>
      <trkpt lat="37.297466" lon="-92.324523">
        <ele>406.2</ele>
      </trkpt>
      <trkpt lat="37.298184" lon="-92.331314">
        <ele>393.4</ele>
      </trkpt>
      <trkpt lat="37.30119" lon="-92.335242">
        <ele>357.4</ele>
      </trkpt>
      <trkpt lat="37.303726" lon="-92.342193">
        <ele>356.9</ele>
      </trkpt>
      <trkpt lat="37.303495" lon="-92.346482">
        <ele>350.9</ele>
      </trkpt>
      <trkpt lat="37.30397" lon="-92.349701">
        <ele>363.1</ele>
      </trkpt>
      <trkpt lat="37.30348" lon="-92.353288">
        <ele>351.4</ele>
      </trkpt>
      <trkpt lat="37.304768" lon="-92.359663">
        <ele>345.8</ele>
      </trkpt>
      <trkpt lat="37.304528" lon="-92.360656">
        <ele>342.9</ele>
      </trkpt>
      <trkpt lat="37.302443" lon="-92.363181">
        <ele>342.5</ele>
      </trkpt>
      <trkpt lat="37.301473" lon="-92.366829">
        <ele>343.2</ele>
      </trkpt>
      <trkpt lat="37.301156" lon="-92.374827">
        <ele>338.5</ele>
      </trkpt>
      <trkpt lat="37.299984" lon="-92.382259">
        <ele>345.0</ele>
      </trkpt>
      <trkpt lat="37.299696" lon="-92.393348">
        <ele>332.2</ele>
      </trkpt>
      <trkpt lat="37.295847" lon="-92.4032">
        <ele>343.8</ele>
      </trkpt>
      <trkpt lat="37.291186" lon="-92.41057">
        <ele>355.5</ele>
      </trkpt>
      <trkpt lat="37.289562" lon="-92.411254">
        <ele>365.5</ele>
      </trkpt>
      <trkpt lat="37.279437" lon="-92.411531">
        <ele>398.0</ele>
      </trkpt>
      <trkpt lat="37.275491" lon="-92.412162">
        <ele>379.7</ele>
      </trkpt>
      <trkpt lat="37.274254" lon="-92.412888">
        <ele>372.0</ele>
      </trkpt>
      <trkpt lat="37.273206" lon="-92.414478">
        <ele>363.0</ele>
      </trkpt>
      <trkpt lat="37.272504" lon="-92.4201">
        <ele>347.5</ele>
      </trkpt>
      <trkpt lat="37.273137" lon="-92.429999">
        <ele>365.3</ele>
      </trkpt>
      <trkpt lat="37.275041" lon="-92.437993">
        <ele>354.8</ele>
      </trkpt>
      <trkpt lat="37.274502" lon="-92.443079">
        <ele>361.1</ele>
      </trkpt>
      <trkpt lat="37.26885" lon="-92.453796">
        <ele>353.0</ele>
      </trkpt>
      <trkpt lat="37.258682" lon="-92.469601">
        <ele>347.3</ele>
      </trkpt>
      <trkpt lat="37.258096" lon="-92.477679">
        <ele>356.6</ele>
      </trkpt>
      <trkpt lat="37.257018" lon="-92.481718">
        <ele>369.7</ele>
      </trkpt>
      <trkpt lat="37.256983" lon="-92.492313">
        <ele>357.5</ele>
      </trkpt>
      <trkpt lat="37.255513" lon="-92.496208">
        <ele>347.8</ele>
      </trkpt>
      <trkpt lat="37.253206" lon="-92.500167">
        <ele>351.8</ele>
      </trkpt>
      <trkpt lat="37.250882" lon="-92.507577">
        <ele>355.0</ele>
      </trkpt>
      <trkpt lat="37.251007" lon="-92.516775">
        <ele>382.9</ele>
      </trkpt>
      <trkpt lat="37.250219" lon="-92.523949">
        <ele>419.9</ele>
      </trkpt>
      <trkpt lat="37.249046" lon="-92.525714">
        <ele>426.0</ele>
      </trkpt>
      <trkpt lat="37.243436" lon="-92.529573">
        <ele>417.6</ele>
      </trkpt>
      <trkpt lat="37.241166" lon="-92.532321">
        <ele>408.9</ele>
      </trkpt>
      <trkpt lat="37.237237" lon="-92.53338">
        <ele>366.9</ele>
      </trkpt>
      <trkpt lat="37.235952" lon="-92.539022">
        <ele>364.4</ele>
      </trkpt>
      <trkpt lat="37.235675" lon="-92.544227">
        <ele>367.8</ele>
      </trkpt>
      <trkpt lat="37.23645" lon="-92.551242">
        <ele>365.0</ele>
      </trkpt>
      <trkpt lat="37.238168" lon="-92.556081">
        <ele>369.9</ele>
      </trkpt>
      <trkpt lat="37.243293" lon="-92.561277">
        <ele>378.5</ele>
      </trkpt>
      <trkpt lat="37.247618" lon="-92.563438">
        <ele>375.2</ele>
      </trkpt>
      <trkpt lat="37.254823" lon="-92.572636">
        <ele>376.1</ele>
      </trkpt>
      <trkpt lat="37.255419" lon="-92.574442">
        <ele>373.1</ele>
      </trkpt>
      <trkpt lat="37.258364" lon="-92.578869">
        <ele>368.6</ele>
      </trkpt>
      <trkpt lat="37.262508" lon="-92.583254">
        <ele>369.1</ele>
      </trkpt>
      <trkpt lat="37.265457" lon="-92.588737">
        <ele>372.0</ele>
      </trkpt>
      <trkpt lat="37.26697" lon="-92.597608">
        <ele>373.5</ele>
      </trkpt>
      <trkpt lat="37.270884" lon="-92.606146">
        <ele>384.6</ele>
      </trkpt>
      <trkpt lat="37.271231" lon="-92.607934">
        <ele>387.0</ele>
      </trkpt>
      <trkpt lat="37.270885" lon="-92.614894">
        <ele>384.0</ele>
      </trkpt>
      <trkpt lat="37.270171" lon="-92.616709">
        <ele>388.7</ele>
      </trkpt>
      <trkpt lat="37.266869" lon="-92.621026">
        <ele>387.3</ele>
      </trkpt>
      <trkpt lat="37.265975" lon="-92.623872">
        <ele>399.0</ele>
      </trkpt>
      <trkpt lat="37.264573" lon="-92.647526">
        <ele>436.9</ele>
      </trkpt>
      <trkpt lat="37.265076" lon="-92.648724">
        <ele>433.8</ele>
      </trkpt>
      <trkpt lat="37.280094" lon="-92.665985">
        <ele>464.8</ele>
      </trkpt>
      <trkpt lat="37.281293" lon="-92.667905">
        <ele>464.4</ele>
      </trkpt>
      <trkpt lat="37.281837" lon="-92.694066">
        <ele>441.8</ele>
      </trkpt>
      <trkpt lat="37.287943" lon="-92.70419">
        <ele>416.9</ele>
      </trkpt>
      <trkpt lat="37.288981" lon="-92.707957">
        <ele>427.7</ele>
      </trkpt>
      <trkpt lat="37.291259" lon="-92.711748">
        <ele>447.4</ele>
      </trkpt>
      <trkpt lat="37.289721" lon="-92.71887">
        <ele>465.6</ele>
      </trkpt>
      <trkpt lat="37.287036" lon="-92.726279">
        <ele>472.8</ele>
      </trkpt>
      <trkpt lat="37.287979" lon="-92.730389">
        <ele>473.0</ele>
      </trkpt>
      <trkpt lat="37.287712" lon="-92.736949">
        <ele>445.3</ele>
      </trkpt>
      <trkpt lat="37.288394" lon="-92.738718">
        <ele>454.6</ele>
      </trkpt>
      <trkpt lat="37.292262" lon="-92.741496">
        <ele>447.1</ele>
      </trkpt>
      <trkpt lat="37.293477" lon="-92.744923">
        <ele>434.8</ele>
      </trkpt>
      <trkpt lat="37.29389" lon="-92.761287">
        <ele>449.3</ele>
      </trkpt>
      <trkpt lat="37.295006" lon="-92.76494">
        <ele>441.7</ele>
      </trkpt>
      <trkpt lat="37.295281" lon="-92.768764">
        <ele>438.1</ele>
      </trkpt>
      <trkpt lat="37.296501" lon="-92.76979">
        <ele>439.0</ele>
      </trkpt>
      <trkpt lat="37.307732" lon="-92.76966">
        <ele>444.1</ele>
      </trkpt>
      <trkpt lat="37.308496" lon="-92.770614">
        <ele>445.4</ele>
      </trkpt>
      <trkpt lat="37.30879" lon="-92.792935">
        <ele>432.4</ele>
      </trkpt>
      <trkpt lat="37.307977" lon="-92.799902">
        <ele>414.0</ele>
      </trkpt>
      <trkpt lat="37.306058" lon="-92.804297">
        <ele>420.2</ele>
      </trkpt>
      <trkpt lat="37.307554" lon="-92.808097">
        <ele>437.0</ele>
      </trkpt>
      <trkpt lat="37.308309" lon="-92.81433">
        <ele>425.6</ele>
      </trkpt>
      <trkpt lat="37.306504" lon="-92.821368">
        <ele>432.2</ele>
      </trkpt>
      <trkpt lat="37.306844" lon="-92.826637">
        <ele>407.3</ele>
      </trkpt>
      <trkpt lat="37.306178" lon="-92.832578">
        <ele>407.8</ele>
      </trkpt>
      <trkpt lat="37.306438" lon="-92.838708">
        <ele>419.5</ele>
      </trkpt>
      <trkpt lat="37.310035" lon="-92.845228">
        <ele>430.7</ele>
      </trkpt>
      <trkpt lat="37.313129" lon="-92.848173">
        <ele>413.5</ele>
      </trkpt>
      <trkpt lat="37.320491" lon="-92.863068">
        <ele>449.5</ele>
      </trkpt>
      <trkpt lat="37.321604" lon="-92.866308">
        <ele>454.8</ele>
      </trkpt>
      <trkpt lat="37.324047" lon="-92.870231">
        <ele>458.7</ele>
      </trkpt>
      <trkpt lat="37.324812" lon="-92.878409">
        <ele>459.7</ele>
      </trkpt>
      <trkpt lat="37.327641" lon="-92.880915">
        <ele>460.2</ele>
      </trkpt>
      <trkpt lat="37.33385" lon="-92.890226">
        <ele>459.9</ele>
      </trkpt>
      <trkpt lat="37.335455" lon="-92.894514">
        <ele>454.8</ele>
      </trkpt>
      <trkpt lat="37.335903" lon="-92.906291">
        <ele>453.3</ele>
      </trkpt>
      <trkpt lat="37.337308" lon="-92.90627">
        <ele>454.7</ele>
      </trkpt>
      <trkpt lat="37.337389" lon="-92.918">
        <ele>448.2</ele>
      </trkpt>
      <trkpt lat="37.336351" lon="-92.921448">
        <ele>449.7</ele>
      </trkpt>
      <trkpt lat="37.343788" lon="-92.931937">
        <ele>451.2</ele>
      </trkpt>
      <trkpt lat="37.340952" lon="-92.933096">
        <ele>445.2</ele>
      </trkpt>
      <trkpt lat="37.339879" lon="-92.934734">
        <ele>443.1</ele>
      </trkpt>
      <trkpt lat="37.340324" lon="-92.950043">
        <ele>442.8</ele>
      </trkpt>
      <trkpt lat="37.341083" lon="-92.950752">
        <ele>445.0</ele>
      </trkpt>
      <trkpt lat="37.345222" lon="-92.950713">
        <ele>442.9</ele>
      </trkpt>
      <trkpt lat="37.346105" lon="-92.951248">
        <ele>442.6</ele>
      </trkpt>
      <trkpt lat="37.354639" lon="-92.968344">
        <ele>426.2</ele>
      </trkpt>
      <trkpt lat="37.355218" lon="-92.970542">
        <ele>428.0</ele>
      </trkpt>
      <trkpt lat="37.355697" lon="-92.982969">
        <ele>440.4</ele>
      </trkpt>
      <trkpt lat="37.360695" lon="-92.983412">
        <ele>437.3</ele>
      </trkpt>
      <trkpt lat="37.361889" lon="-92.984293">
        <ele>439.9</ele>
      </trkpt>
      <trkpt lat="37.362762" lon="-92.986106">
        <ele>440.6</ele>
      </trkpt>
      <trkpt lat="37.363552" lon="-93.019229">
        <ele>413.3</ele>
      </trkpt>
      <trkpt lat="37.366086" lon="-93.025007">
        <ele>424.4</ele>
      </trkpt>
      <trkpt lat="37.36742" lon="-93.026932">
        <ele>423.4</ele>
      </trkpt>
      <trkpt lat="37.368279" lon="-93.027629">
        <ele>421.0</ele>
      </trkpt>
      <trkpt lat="37.370261" lon="-93.027746">
        <ele>416.0</ele>
      </trkpt>
      <trkpt lat="37.370963" lon="-93.028738">
        <ele>415.6</ele>
      </trkpt>
      <trkpt lat="37.371329" lon="-93.071662">
        <ele>405.0</ele>
      </trkpt>
      <trkpt lat="37.37186" lon="-93.073464">
        <ele>406.9</ele>
      </trkpt>
      <trkpt lat="37.374404" lon="-93.075431">
        <ele>406.3</ele>
      </trkpt>
      <trkpt lat="37.375048" lon="-93.076651">
        <ele>401.0</ele>
      </trkpt>
      <trkpt lat="37.375513" lon="-93.100128">
        <ele>363.3</ele>
      </trkpt>
      <trkpt lat="37.376901" lon="-93.104">
        <ele>356.0</ele>
      </trkpt>
      <trkpt lat="37.382256" lon="-93.11166">
        <ele>347.4</ele>
      </trkpt>
      <trkpt lat="37.382832" lon="-93.113411">
        <ele>344.3</ele>
      </trkpt>
      <trkpt lat="37.381473" lon="-93.119904">
        <ele>343.4</ele>
      </trkpt>
      <trkpt lat="37.381052" lon="-93.125986">
        <ele>361.4</ele>
      </trkpt>
      <trkpt lat="37.379833" lon="-93.129406">
        <ele>361.6</ele>
      </trkpt>
      <trkpt lat="37.379931" lon="-93.136369">
        <ele>371.9</ele>
      </trkpt>
      <trkpt lat="37.380571" lon="-93.13789">
        <ele>379.4</ele>
      </trkpt>
      <trkpt lat="37.382939" lon="-93.137848">
        <ele>381.4</ele>
      </trkpt>
      <trkpt lat="37.383567" lon="-93.138532">
        <ele>378.6</ele>
      </trkpt>
      <trkpt lat="37.384116" lon="-93.155106">
        <ele>364.7</ele>
      </trkpt>
      <trkpt lat="37.387844" lon="-93.165285">
        <ele>364.4</ele>
      </trkpt>
      <trkpt lat="37.388125" lon="-93.179128">
        <ele>351.8</ele>
      </trkpt>
      <trkpt lat="37.387629" lon="-93.181476">
        <ele>345.3</ele>
      </trkpt>
      <trkpt lat="37.388246" lon="-93.184041">
        <ele>339.4</ele>
      </trkpt>
      <trkpt lat="37.389498" lon="-93.235094">
        <ele>366.2</ele>
      </trkpt>
      <trkpt lat="37.393188" lon="-93.241508">
        <ele>353.5</ele>
      </trkpt>
      <trkpt lat="37.393701" lon="-93.254741">
        <ele>353.0</ele>
      </trkpt>
      <trkpt lat="37.396859" lon="-93.25803">
        <ele>337.9</ele>
      </trkpt>
      <trkpt lat="37.397344" lon="-93.259233">
        <ele>329.2</ele>
      </trkpt>
      <trkpt lat="37.397887" lon="-93.28828">
        <ele>332.2</ele>
      </trkpt>
      <trkpt lat="37.397209" lon="-93.290362">
        <ele>347.0</ele>
      </trkpt>
      <trkpt lat="37.397938" lon="-93.292856">
        <ele>332.7</ele>
      </trkpt>
      <trkpt lat="37.398153" lon="-93.30605">
        <ele>327.0</ele>
      </trkpt>
      <trkpt lat="37.397694" lon="-93.307363">
        <ele>336.1</ele>
      </trkpt>
      <trkpt lat="37.395162" lon="-93.309164">
        <ele>324.7</ele>
      </trkpt>
      <trkpt lat="37.394699" lon="-93.310134">
        <ele>322.2</ele>
      </trkpt>
      <trkpt lat="37.394996" lon="-93.328539">
        <ele>322.1</ele>
      </trkpt>
      <trkpt lat="37.395616" lon="-93.33486">
        <ele>323.9</ele>
      </trkpt>
      <trkpt lat="37.400288" lon="-93.34695">
        <ele>343.8</ele>
      </trkpt>
      <trkpt lat="37.401884" lon="-93.349446">
        <ele>340.3</ele>
      </trkpt>
      <trkpt lat="37.402057" lon="-93.351536">
        <ele>332.6</ele>
      </trkpt>
      <trkpt lat="37.403209" lon="-93.354927">
        <ele>317.6</ele>
      </trkpt>
      <trkpt lat="37.40408" lon="-93.389124">
        <ele>323.2</ele>
      </trkpt>
      <trkpt lat="37.403104" lon="-93.395069">
        <ele>332.6</ele>
      </trkpt>
      <trkpt lat="37.398432" lon="-93.405775">
        <ele>307.9</ele>
      </trkpt>
      <trkpt lat="37.398772" lon="-93.412357">
        <ele>307.1</ele>
      </trkpt>
      <trkpt lat="37.397588" lon="-93.41728">
        <ele>316.4</ele>
      </trkpt>
      <trkpt lat="37.397802" lon="-93.428992">
        <ele>347.8</ele>
      </trkpt>
      <trkpt lat="37.408741" lon="-93.428532">
        <ele>347.2</ele>
      </trkpt>
      <trkpt lat="37.409197" lon="-93.445814">
        <ele>316.2</ele>
      </trkpt>
      <trkpt lat="37.40583" lon="-93.450677">
        <ele>306.0</ele>
      </trkpt>
      <trkpt lat="37.405725" lon="-93.455758">
        <ele>303.3</ele>
      </trkpt>
      <trkpt lat="37.408277" lon="-93.465285">
        <ele>296.4</ele>
      </trkpt>
      <trkpt lat="37.408446" lon="-93.469563">
        <ele>325.4</ele>
      </trkpt>
      <trkpt lat="37.410046" lon="-93.47242">
        <ele>327.1</ele>
      </trkpt>
      <trkpt lat="37.410248" lon="-93.48142">
        <ele>319.6</ele>
      </trkpt>
      <trkpt lat="37.411007" lon="-93.487464">
        <ele>319.4</ele>
      </trkpt>
      <trkpt lat="37.410326" lon="-93.49217">
        <ele>325.4</ele>
      </trkpt>
      <trkpt lat="37.411825" lon="-93.575423">
        <ele>336.2</ele>
      </trkpt>
      <trkpt lat="37.411186" lon="-93.576158">
        <ele>333.8</ele>
      </trkpt>
      <trkpt lat="37.390866" lon="-93.576713">
        <ele>344.3</ele>
      </trkpt>
      <trkpt lat="37.389783" lon="-93.57735">
        <ele>342.5</ele>
      </trkpt>
      <trkpt lat="37.388046" lon="-93.580796">
        <ele>342.3</ele>
      </trkpt>
      <trkpt lat="37.386842" lon="-93.581402">
        <ele>342.6</ele>
      </trkpt>
      <trkpt lat="37.31801" lon="-93.583598">
        <ele>313.2</ele>
      </trkpt>
      <trkpt lat="37.31801" lon="-93.589667">
        <ele>311.4</ele>
      </trkpt>
      <trkpt lat="37.319631" lon="-93.592788">
        <ele>312.3</ele>
      </trkpt>
      <trkpt lat="37.323879" lon="-93.596029">
        <ele>304.7</ele>
      </trkpt>
      <trkpt lat="37.326524" lon="-93.601097">
        <ele>301.0</ele>
      </trkpt>
      <trkpt lat="37.327621" lon="-93.602333">
        <ele>305.2</ele>
      </trkpt>
      <trkpt lat="37.328233" lon="-93.60964">
        <ele>300.6</ele>
      </trkpt>
      <trkpt lat="37.328672" lon="-93.610503">
        <ele>299.5</ele>
      </trkpt>
      <trkpt lat="37.330783" lon="-93.612082">
        <ele>294.2</ele>
      </trkpt>
      <trkpt lat="37.332393" lon="-93.615911">
        <ele>292.6</ele>
      </trkpt>
      <trkpt lat="37.332087" lon="-93.619779">
        <ele>300.1</ele>
      </trkpt>
      <trkpt lat="37.329552" lon="-93.631412">
        <ele>326.5</ele>
      </trkpt>
      <trkpt lat="37.32995" lon="-93.642321">
        <ele>333.0</ele>
      </trkpt>
      <trkpt lat="37.332629" lon="-93.649506">
        <ele>347.2</ele>
      </trkpt>
      <trkpt lat="37.341852" lon="-93.669995">
        <ele>355.7</ele>
      </trkpt>
      <trkpt lat="37.342436" lon="-93.704539">
        <ele>324.8</ele>
      </trkpt>
      <trkpt lat="37.341188" lon="-93.704707">
        <ele>322.8</ele>
      </trkpt>
      <trkpt lat="37.339062" lon="-93.706531">
        <ele>321.0</ele>
      </trkpt>
      <trkpt lat="37.335194" lon="-93.707086">
        <ele>330.4</ele>
      </trkpt>
      <trkpt lat="37.335256" lon="-93.735789">
        <ele>331.8</ele>
      </trkpt>
      <trkpt lat="37.333544" lon="-93.739909">
        <ele>308.8</ele>
      </trkpt>
      <trkpt lat="37.327569" lon="-93.74731">
        <ele>312.6</ele>
      </trkpt>
      <trkpt lat="37.325121" lon="-93.754342">
        <ele>330.4</ele>
      </trkpt>
      <trkpt lat="37.325397" lon="-93.77474">
        <ele>285.5</ele>
      </trkpt>
      <trkpt lat="37.32603" lon="-93.782619">
        <ele>308.0</ele>
      </trkpt>
      <trkpt lat="37.329251" lon="-93.787647">
        <ele>317.8</ele>
      </trkpt>
      <trkpt lat="37.33001" lon="-93.831562">
        <ele>321.2</ele>
      </trkpt>
      <trkpt lat="37.330764" lon="-93.83317">
        <ele>325.5</ele>
      </trkpt>
      <trkpt lat="37.32962" lon="-93.833868">
        <ele>322.3</ele>
      </trkpt>
      <trkpt lat="37.327011" lon="-93.833989">
        <ele>322.3</ele>
      </trkpt>
      <trkpt lat="37.326917" lon="-93.862401">
        <ele>301.7</ele>
      </trkpt>
      <trkpt lat="37.327262" lon="-93.863352">
        <ele>305.9</ele>
      </trkpt>
      <trkpt lat="37.330557" lon="-93.866741">
        <ele>339.2</ele>
      </trkpt>
      <trkpt lat="37.330801" lon="-93.875888">
        <ele>315.2</ele>
      </trkpt>
      <trkpt lat="37.330494" lon="-93.877239">
        <ele>313.3</ele>
      </trkpt>
      <trkpt lat="37.328967" lon="-93.879547">
        <ele>317.3</ele>
      </trkpt>
      <trkpt lat="37.329241" lon="-93.883241">
        <ele>312.1</ele>
      </trkpt>
      <trkpt lat="37.328842" lon="-93.884794">
        <ele>313.2</ele>
      </trkpt>
      <trkpt lat="37.323882" lon="-93.888496">
        <ele>319.3</ele>
      </trkpt>
      <trkpt lat="37.323752" lon="-93.893071">
        <ele>327.8</ele>
      </trkpt>
      <trkpt lat="37.324483" lon="-93.894713">
        <ele>334.9</ele>
      </trkpt>
      <trkpt lat="37.326406" lon="-93.895341">
        <ele>348.8</ele>
      </trkpt>
      <trkpt lat="37.328717" lon="-93.897784">
        <ele>341.9</ele>
      </trkpt>
      <trkpt lat="37.330617" lon="-93.898078">
        <ele>338.5</ele>
      </trkpt>
      <trkpt lat="37.331174" lon="-93.899325">
        <ele>331.5</ele>
      </trkpt>
      <trkpt lat="37.332247" lon="-93.991064">
        <ele>347.0</ele>
      </trkpt>
      <trkpt lat="37.335018" lon="-94.100966">
        <ele>328.6</ele>
      </trkpt>
      <trkpt lat="37.393195" lon="-94.098783">
        <ele>317.7</ele>
      </trkpt>
      <trkpt lat="37.400464" lon="-94.373082">
        <ele>300.3</ele>
      </trkpt>
      <trkpt lat="37.400515" lon="-94.389988">
        <ele>298.7</ele>
      </trkpt>
      <trkpt lat="37.404463" lon="-94.518819">
        <ele>282.7</ele>
      </trkpt>
      <trkpt lat="37.406096" lon="-94.618164">
        <ele>284.0</ele>
      </trkpt>
      <trkpt lat="37.407002" lon="-94.621642">
        <ele>283.0</ele>
      </trkpt>
      <trkpt lat="37.409659" lon="-94.626167">
        <ele>281.1</ele>
      </trkpt>
      <trkpt lat="37.410862" lon="-94.630166">
        <ele>280.8</ele>
      </trkpt>
      <trkpt lat="37.411116" lon="-94.704813">
        <ele>287.7</ele>
      </trkpt>
      <trkpt lat="37.42576" lon="-94.704919">
        <ele>285.6</ele>
      </trkpt>
      <trkpt lat="37.425832" lon="-94.741654">
        <ele>287.6</ele>
      </trkpt>
      <trkpt lat="37.469458" lon="-94.741841">
        <ele>286.4</ele>
      </trkpt>
      <trkpt lat="37.46956" lon="-94.834159">
        <ele>297.0</ele>
      </trkpt>
      <trkpt lat="37.472206" lon="-94.835788">
        <ele>295.5</ele>
      </trkpt>
      <trkpt lat="37.476553" lon="-94.839834">
        <ele>290.3</ele>
      </trkpt>
      <trkpt lat="37.48138" lon="-94.841684">
        <ele>291.3</ele>
      </trkpt>
      <trkpt lat="37.497807" lon="-94.842648">
        <ele>298.3</ele>
      </trkpt>
      <trkpt lat="37.502925" lon="-94.843417">
        <ele>298.6</ele>
      </trkpt>
      <trkpt lat="37.517384" lon="-94.843402">
        <ele>301.4</ele>
      </trkpt>
      <trkpt lat="37.524442" lon="-94.842554">
        <ele>302.1</ele>
      </trkpt>
      <trkpt lat="37.584488" lon="-94.841931">
        <ele>303.6</ele>
      </trkpt>
      <trkpt lat="37.585932" lon="-94.841469">
        <ele>305.9</ele>
      </trkpt>
      <trkpt lat="37.586558" lon="-94.840399">
        <ele>306.5</ele>
      </trkpt>
      <trkpt lat="37.586598" lon="-94.834836">
        <ele>301.6</ele>
      </trkpt>
      <trkpt lat="37.587168" lon="-94.833396">
        <ele>302.0</ele>
      </trkpt>
      <trkpt lat="37.58801" lon="-94.832717">
        <ele>302.7</ele>
      </trkpt>
      <trkpt lat="37.601211" lon="-94.832554">
        <ele>307.9</ele>
      </trkpt>
      <trkpt lat="37.601972" lon="-94.960214">
        <ele>292.9</ele>
      </trkpt>
      <trkpt lat="37.601508" lon="-94.961169">
        <ele>293.8</ele>
      </trkpt>
      <trkpt lat="37.601918" lon="-94.962549">
        <ele>293.7</ele>
      </trkpt>
      <trkpt lat="37.601993" lon="-94.977421">
        <ele>283.4</ele>
      </trkpt>
      <trkpt lat="37.60201" lon="-95.16046">
        <ele>298.1</ele>
      </trkpt>
      <trkpt lat="37.601529" lon="-95.27032">
        <ele>299.5</ele>
      </trkpt>
      <trkpt lat="37.600986" lon="-95.288313">
        <ele>277.0</ele>
      </trkpt>
      <trkpt lat="37.60117" lon="-95.319345">
        <ele>277.3</ele>
      </trkpt>
      <trkpt lat="37.601978" lon="-95.336334">
        <ele>277.4</ele>
      </trkpt>
      <trkpt lat="37.601652" lon="-95.452561">
        <ele>291.3</ele>
      </trkpt>
      <trkpt lat="37.660062" lon="-95.452649">
        <ele>284.7</ele>
      </trkpt>
      <trkpt lat="37.660181" lon="-95.616606">
        <ele>314.5</ele>
      </trkpt>
      <trkpt lat="37.661066" lon="-95.732718">
        <ele>264.7</ele>
      </trkpt>
      <trkpt lat="37.648936" lon="-95.732672">
        <ele>268.3</ele>
      </trkpt>
      <trkpt lat="37.646397" lon="-95.733246">
        <ele>266.2</ele>
      </trkpt>
      <trkpt lat="37.635606" lon="-95.739495">
        <ele>266.4</ele>
      </trkpt>
      <trkpt lat="37.633725" lon="-95.741284">
        <ele>266.6</ele>
      </trkpt>
      <trkpt lat="37.632506" lon="-95.743318">
        <ele>260.2</ele>
      </trkpt>
      <trkpt lat="37.618118" lon="-95.796734">
        <ele>266.1</ele>
      </trkpt>
      <trkpt lat="37.617652" lon="-95.801643">
        <ele>266.5</ele>
      </trkpt>
      <trkpt lat="37.617721" lon="-95.832933">
        <ele>279.8</ele>
      </trkpt>
      <trkpt lat="37.647114" lon="-95.832582">
        <ele>261.7</ele>
      </trkpt>
      <trkpt lat="37.668" lon="-95.832878">
        <ele>262.4</ele>
      </trkpt>
      <trkpt lat="37.667912" lon="-95.836127">
        <ele>262.3</ele>
      </trkpt>
      <trkpt lat="37.668701" lon="-95.838517">
        <ele>262.7</ele>
      </trkpt>
      <trkpt lat="37.668781" lon="-95.867764">
        <ele>264.5</ele>
      </trkpt>
      <trkpt lat="37.673665" lon="-95.874934">
        <ele>266.5</ele>
      </trkpt>
      <trkpt lat="37.68669" lon="-95.890809">
        <ele>266.2</ele>
      </trkpt>
      <trkpt lat="37.687077" lon="-95.897454">
        <ele>269.0</ele>
      </trkpt>
      <trkpt lat="37.691368" lon="-95.897123">
        <ele>268.3</ele>
      </trkpt>
      <trkpt lat="37.698897" lon="-95.906109">
        <ele>275.1</ele>
      </trkpt>
      <trkpt lat="37.78038" lon="-95.907148">
        <ele>291.5</ele>
      </trkpt>
      <trkpt lat="37.782476" lon="-95.908282">
        <ele>289.1</ele>
      </trkpt>
      <trkpt lat="37.793524" lon="-95.920702">
        <ele>289.2</ele>
      </trkpt>
      <trkpt lat="37.797799" lon="-95.928973">
        <ele>303.0</ele>
      </trkpt>
      <trkpt lat="37.798234" lon="-95.930415">
        <ele>304.5</ele>
      </trkpt>
      <trkpt lat="37.798232" lon="-95.952436">
        <ele>287.9</ele>
      </trkpt>
      <trkpt lat="37.823407" lon="-95.952327">
        <ele>291.7</ele>
      </trkpt>
      <trkpt lat="37.824569" lon="-95.952112">
        <ele>292.3</ele>
      </trkpt>
      <trkpt lat="37.829661" lon="-95.949245">
        <ele>298.0</ele>
      </trkpt>
      <trkpt lat="37.836295" lon="-95.94919">
        <ele>305.5</ele>
      </trkpt>
      <trkpt lat="37.837076" lon="-96.000269">
        <ele>292.4</ele>
      </trkpt>
      <trkpt lat="37.837168" lon="-96.07505">
        <ele>297.3</ele>
      </trkpt>
      <trkpt lat="37.837619" lon="-96.08625">
        <ele>294.1</ele>
      </trkpt>
      <trkpt lat="37.839199" lon="-96.104121">
        <ele>297.2</ele>
      </trkpt>
      <trkpt lat="37.837835" lon="-96.116081">
        <ele>311.6</ele>
      </trkpt>
      <trkpt lat="37.838116" lon="-96.15045">
        <ele>319.9</ele>
      </trkpt>
      <trkpt lat="37.838897" lon="-96.164209">
        <ele>317.8</ele>
      </trkpt>
      <trkpt lat="37.838939" lon="-96.174853">
        <ele>317.3</ele>
      </trkpt>
      <trkpt lat="37.838557" lon="-96.182815">
        <ele>319.8</ele>
      </trkpt>
      <trkpt lat="37.837821" lon="-96.185501">
        <ele>316.1</ele>
      </trkpt>
      <trkpt lat="37.817847" lon="-96.228843">
        <ele>336.7</ele>
      </trkpt>
      <trkpt lat="37.817846" lon="-96.298194">
        <ele>322.9</ele>
      </trkpt>
      <trkpt lat="37.81489" lon="-96.304364">
        <ele>321.0</ele>
      </trkpt>
      <trkpt lat="37.813917" lon="-96.316302">
        <ele>331.9</ele>
      </trkpt>
      <trkpt lat="37.810262" lon="-96.329586">
        <ele>352.8</ele>
      </trkpt>
      <trkpt lat="37.810208" lon="-96.450273">
        <ele>374.1</ele>
      </trkpt>
      <trkpt lat="37.810751" lon="-96.454957">
        <ele>375.9</ele>
      </trkpt>
      <trkpt lat="37.814965" lon="-96.470591">
        <ele>395.1</ele>
      </trkpt>
      <trkpt lat="37.815412" lon="-96.475811">
        <ele>409.9</ele>
      </trkpt>
      <trkpt lat="37.812379" lon="-96.493427">
        <ele>417.7</ele>
      </trkpt>
      <trkpt lat="37.812112" lon="-96.521256">
        <ele>434.4</ele>
      </trkpt>
      <trkpt lat="37.809688" lon="-96.542636">
        <ele>479.2</ele>
      </trkpt>
      <trkpt lat="37.810221" lon="-96.551228">
        <ele>489.7</ele>
      </trkpt>
      <trkpt lat="37.810325" lon="-96.620015">
        <ele>462.0</ele>
      </trkpt>
      <trkpt lat="37.827277" lon="-96.620565">
        <ele>461.3</ele>
      </trkpt>
      <trkpt lat="37.899125" lon="-96.620241">
        <ele>452.1</ele>
      </trkpt>
      <trkpt lat="37.969941" lon="-96.62074">
        <ele>451.9</ele>
      </trkpt>
      <trkpt lat="37.970283" lon="-96.621094">
        <ele>451.3</ele>
      </trkpt>
      <trkpt lat="37.97057" lon="-96.639124">
        <ele>444.5</ele>
      </trkpt>
      <trkpt lat="38.042887" lon="-96.639263">
        <ele>443.5</ele>
      </trkpt>
      <trkpt lat="38.042903" lon="-96.717053">
        <ele>443.2</ele>
      </trkpt>
      <trkpt lat="38.041969" lon="-96.881701">
        <ele>451.4</ele>
      </trkpt>
      <trkpt lat="38.042848" lon="-96.972667">
        <ele>434.3</ele>
      </trkpt>
      <trkpt lat="38.042553" lon="-97.006062">
        <ele>421.4</ele>
      </trkpt>
      <trkpt lat="38.044046" lon="-97.151218">
        <ele>438.8</ele>
      </trkpt>
      <trkpt lat="38.043464" lon="-97.17277">
        <ele>429.8</ele>
      </trkpt>
      <trkpt lat="38.0435" lon="-97.24413">
        <ele>455.0</ele>
      </trkpt>
      <trkpt lat="38.042518" lon="-97.32246">
        <ele>447.4</ele>
      </trkpt>
      <trkpt lat="38.042767" lon="-97.345116">
        <ele>441.6</ele>
      </trkpt>
      <trkpt lat="38.057029" lon="-97.345158">
        <ele>434.2</ele>
      </trkpt>
      <trkpt lat="38.057546" lon="-97.427297">
        <ele>434.2</ele>
      </trkpt>
      <trkpt lat="38.135605" lon="-97.426977">
        <ele>449.9</ele>
      </trkpt>
      <trkpt lat="38.139659" lon="-97.433488">
        <ele>451.0</ele>
      </trkpt>
      <trkpt lat="38.144821" lon="-97.437871">
        <ele>452.1</ele>
      </trkpt>
      <trkpt lat="38.1451" lon="-97.538449">
        <ele>439.9</ele>
      </trkpt>
      <trkpt lat="38.144608" lon="-97.82787">
        <ele>449.3</ele>
      </trkpt>
      <trkpt lat="38.145636" lon="-97.829313">
        <ele>449.5</ele>
      </trkpt>
      <trkpt lat="38.147783" lon="-97.830341">
        <ele>449.7</ele>
      </trkpt>
      <trkpt lat="38.148444" lon="-97.831538">
        <ele>450.6</ele>
      </trkpt>
      <trkpt lat="38.148475" lon="-97.841306">
        <ele>450.8</ele>
      </trkpt>
      <trkpt lat="38.150802" lon="-97.846212">
        <ele>452.7</ele>
      </trkpt>
      <trkpt lat="38.153569" lon="-97.848343">
        <ele>451.6</ele>
      </trkpt>
      <trkpt lat="38.159296" lon="-97.84876">
        <ele>451.6</ele>
      </trkpt>
      <trkpt lat="38.159344" lon="-97.877316">
        <ele>464.3</ele>
      </trkpt>
      <trkpt lat="38.159149" lon="-97.922136">
        <ele>498.5</ele>
      </trkpt>
      <trkpt lat="38.144627" lon="-97.922153">
        <ele>502.1</ele>
      </trkpt>
      <trkpt lat="38.143876" lon="-97.940845">
        <ele>506.7</ele>
      </trkpt>
      <trkpt lat="38.144521" lon="-97.959248">
        <ele>507.1</ele>
      </trkpt>
      <trkpt lat="38.14385" lon="-97.986206">
        <ele>481.0</ele>
      </trkpt>
      <trkpt lat="38.14465" lon="-98.050523">
        <ele>483.8</ele>
      </trkpt>
      <trkpt lat="38.144483" lon="-98.079589">
        <ele>485.3</ele>
      </trkpt>
      <trkpt lat="38.146349" lon="-98.082387">
        <ele>485.7</ele>
      </trkpt>
      <trkpt lat="38.143414" lon="-98.085594">
        <ele>485.7</ele>
      </trkpt>
      <trkpt lat="38.144697" lon="-98.087559">
        <ele>485.5</ele>
      </trkpt>
      <trkpt lat="38.144742" lon="-98.08898">
        <ele>485.6</ele>
      </trkpt>
      <trkpt lat="38.144917" lon="-98.160699">
        <ele>509.1</ele>
      </trkpt>
      <trkpt lat="38.144491" lon="-98.197841">
        <ele>514.6</ele>
      </trkpt>
      <trkpt lat="38.145271" lon="-98.201313">
        <ele>512.7</ele>
      </trkpt>
      <trkpt lat="38.147129" lon="-98.203122">
        <ele>511.2</ele>
      </trkpt>
      <trkpt lat="38.157234" lon="-98.206628">
        <ele>511.7</ele>
      </trkpt>
      <trkpt lat="38.166254" lon="-98.206756">
        <ele>499.4</ele>
      </trkpt>
      <trkpt lat="38.165873" lon="-98.233381">
        <ele>506.6</ele>
      </trkpt>
      <trkpt lat="38.164751" lon="-98.234589">
        <ele>507.0</ele>
      </trkpt>
      <trkpt lat="38.159357" lon="-98.234664">
        <ele>514.8</ele>
      </trkpt>
      <trkpt lat="38.15862" lon="-98.235686">
        <ele>516.6</ele>
      </trkpt>
      <trkpt lat="38.15857" lon="-98.236792">
        <ele>517.7</ele>
      </trkpt>
      <trkpt lat="38.15897" lon="-98.252202">
        <ele>510.7</ele>
      </trkpt>
      <trkpt lat="38.159121" lon="-98.362553">
        <ele>532.5</ele>
      </trkpt>
      <trkpt lat="38.158118" lon="-98.491342">
        <ele>536.9</ele>
      </trkpt>
      <trkpt lat="38.159139" lon="-98.748144">
        <ele>577.1</ele>
      </trkpt>
      <trkpt lat="38.255802" lon="-98.747909">
        <ele>574.6</ele>
      </trkpt>
      <trkpt lat="38.257955" lon="-98.748662">
        <ele>574.7</ele>
      </trkpt>
      <trkpt lat="38.263235" lon="-98.754813">
        <ele>575.2</ele>
      </trkpt>
      <trkpt lat="38.265635" lon="-98.756013">
        <ele>575.2</ele>
      </trkpt>
      <trkpt lat="38.324434" lon="-98.756182">
        <ele>566.9</ele>
      </trkpt>
      <trkpt lat="38.32729" lon="-98.757593">
        <ele>566.1</ele>
      </trkpt>
      <trkpt lat="38.332862" lon="-98.76441">
        <ele>566.4</ele>
      </trkpt>
      <trkpt lat="38.334205" lon="-98.765223">
        <ele>566.2</ele>
      </trkpt>
      <trkpt lat="38.366575" lon="-98.76508">
        <ele>564.8</ele>
      </trkpt>
      <trkpt lat="38.366256" lon="-98.811419">
        <ele>567.9</ele>
      </trkpt>
      <trkpt lat="38.373555" lon="-98.811405">
        <ele>567.9</ele>
      </trkpt>
      <trkpt lat="38.374453" lon="-98.810976">
        <ele>568.8</ele>
      </trkpt>
      <trkpt lat="38.383198" lon="-98.820246">
        <ele>569.9</ele>
      </trkpt>
      <trkpt lat="38.386835" lon="-98.825978">
        <ele>570.7</ele>
      </trkpt>
      <trkpt lat="38.411519" lon="-98.866842">
        <ele>575.4</ele>
      </trkpt>
      <trkpt lat="38.439337" lon="-98.931589">
        <ele>580.9</ele>
      </trkpt>
      <trkpt lat="38.440649" lon="-98.936596">
        <ele>583.2</ele>
      </trkpt>
      <trkpt lat="38.446295" lon="-98.973572">
        <ele>584.2</ele>
      </trkpt>
      <trkpt lat="38.462497" lon="-99.042071">
        <ele>587.5</ele>
      </trkpt>
      <trkpt lat="38.4641" lon="-99.051128">
        <ele>588.9</ele>
      </trkpt>
      <trkpt lat="38.464556" lon="-99.162731">
        <ele>629.3</ele>
      </trkpt>
      <trkpt lat="38.466121" lon="-99.344842">
        <ele>613.8</ele>
      </trkpt>
      <trkpt lat="38.466998" lon="-99.349527">
        <ele>614.1</ele>
      </trkpt>
      <trkpt lat="38.473263" lon="-99.433283">
        <ele>621.9</ele>
      </trkpt>
      <trkpt lat="38.467976" lon="-99.478307">
        <ele>625.8</ele>
      </trkpt>
      <trkpt lat="38.470086" lon="-99.500806">
        <ele>629.1</ele>
      </trkpt>
      <trkpt lat="38.468517" lon="-99.524924">
        <ele>634.5</ele>
      </trkpt>
      <trkpt lat="38.469071" lon="-99.537694">
        <ele>634.9</ele>
      </trkpt>
      <trkpt lat="38.46703" lon="-99.55254">
        <ele>634.0</ele>
      </trkpt>
      <trkpt lat="38.462619" lon="-99.593674">
        <ele>638.3</ele>
      </trkpt>
      <trkpt lat="38.455159" lon="-99.635277">
        <ele>643.5</ele>
      </trkpt>
      <trkpt lat="38.452757" lon="-99.641326">
        <ele>644.6</ele>
      </trkpt>
      <trkpt lat="38.453568" lon="-99.652542">
        <ele>644.7</ele>
      </trkpt>
      <trkpt lat="38.451265" lon="-99.672236">
        <ele>647.8</ele>
      </trkpt>
      <trkpt lat="38.450518" lon="-99.88272">
        <ele>684.1</ele>
      </trkpt>
      <trkpt lat="38.452627" lon="-99.894494">
        <ele>690.7</ele>
      </trkpt>
      <trkpt lat="38.452914" lon="-99.916957">
        <ele>684.3</ele>
      </trkpt>
      <trkpt lat="38.452219" lon="-99.921479">
        <ele>684.9</ele>
      </trkpt>
      <trkpt lat="38.451792" lon="-99.961402">
        <ele>700.8</ele>
      </trkpt>
      <trkpt lat="38.450229" lon="-99.982917">
        <ele>709.0</ele>
      </trkpt>
      <trkpt lat="38.449521" lon="-100.031144">
        <ele>722.2</ele>
      </trkpt>
      <trkpt lat="38.450264" lon="-100.103039">
        <ele>734.3</ele>
      </trkpt>
      <trkpt lat="38.450307" lon="-100.178961">
        <ele>758.4</ele>
      </trkpt>
      <trkpt lat="38.450914" lon="-100.221962">
        <ele>786.8</ele>
      </trkpt>
      <trkpt lat="38.451427" lon="-100.225205">
        <ele>789.4</ele>
      </trkpt>
      <trkpt lat="38.452977" lon="-100.228417">
        <ele>791.4</ele>
      </trkpt>
      <trkpt lat="38.477936" lon="-100.261396">
        <ele>813.9</ele>
      </trkpt>
      <trkpt lat="38.479372" lon="-100.264534">
        <ele>814.7</ele>
      </trkpt>
      <trkpt lat="38.479839" lon="-100.26765">
        <ele>815.0</ele>
      </trkpt>
      <trkpt lat="38.480192" lon="-100.329573">
        <ele>825.1</ele>
      </trkpt>
      <trkpt lat="38.482053" lon="-100.457708">
        <ele>841.5</ele>
      </trkpt>
      <trkpt lat="38.48181" lon="-100.585994">
        <ele>867.4</ele>
      </trkpt>
      <trkpt lat="38.483151" lon="-100.778206">
        <ele>901.6</ele>
      </trkpt>
      <trkpt lat="38.482148" lon="-100.962389">
        <ele>906.5</ele>
      </trkpt>
      <trkpt lat="38.482609" lon="-101.035741">
        <ele>945.0</ele>
      </trkpt>
      <trkpt lat="38.481031" lon="-101.497833">
        <ele>1031.5</ele>
      </trkpt>
      <trkpt lat="38.480549" lon="-101.501729">
        <ele>1030.7</ele>
      </trkpt>
      <trkpt lat="38.47536" lon="-101.524141">
        <ele>1043.9</ele>
      </trkpt>
      <trkpt lat="38.472121" lon="-101.5436">
        <ele>1050.0</ele>
      </trkpt>
      <trkpt lat="38.471595" lon="-101.550396">
        <ele>1051.9</ele>
      </trkpt>
      <trkpt lat="38.453808" lon="-101.673833">
        <ele>1080.5</ele>
      </trkpt>
      <trkpt lat="38.454108" lon="-101.678217">
        <ele>1080.5</ele>
      </trkpt>
      <trkpt lat="38.455487" lon="-101.684461">
        <ele>1082.0</ele>
      </trkpt>
      <trkpt lat="38.465706" lon="-101.74645">
        <ele>1097.1</ele>
      </trkpt>
      <trkpt lat="38.465517" lon="-102.036686">
        <ele>1183.9</ele>
      </trkpt>
      <trkpt lat="38.4664" lon="-102.040865">
        <ele>1185.8</ele>
      </trkpt>
      <trkpt lat="38.47024" lon="-102.048788">
        <ele>1187.9</ele>
      </trkpt>
      <trkpt lat="38.471086" lon="-102.051494">
        <ele>1188.9</ele>
      </trkpt>
      <trkpt lat="38.471895" lon="-102.057106">
        <ele>1191.1</ele>
      </trkpt>
      <trkpt lat="38.470803" lon="-102.255784">
        <ele>1248.1</ele>
      </trkpt>
      <trkpt lat="38.467833" lon="-102.280839">
        <ele>1241.1</ele>
      </trkpt>
      <trkpt lat="38.466077" lon="-102.289367">
        <ele>1238.8</ele>
      </trkpt>
      <trkpt lat="38.465185" lon="-102.302843">
        <ele>1239.4</ele>
      </trkpt>
      <trkpt lat="38.44529" lon="-102.464567">
        <ele>1183.1</ele>
      </trkpt>
      <trkpt lat="38.43766" lon="-102.503722">
        <ele>1180.8</ele>
      </trkpt>
      <trkpt lat="38.437988" lon="-102.509667">
        <ele>1180.1</ele>
      </trkpt>
      <trkpt lat="38.439444" lon="-102.516148">
        <ele>1183.7</ele>
      </trkpt>
      <trkpt lat="38.43964" lon="-102.520103">
        <ele>1183.3</ele>
      </trkpt>
      <trkpt lat="38.436435" lon="-102.541796">
        <ele>1186.4</ele>
      </trkpt>
      <trkpt lat="38.432949" lon="-102.560233">
        <ele>1182.8</ele>
      </trkpt>
      <trkpt lat="38.432829" lon="-102.569454">
        <ele>1198.5</ele>
      </trkpt>
      <trkpt lat="38.433163" lon="-102.57234">
        <ele>1203.5</ele>
      </trkpt>
      <trkpt lat="38.434401" lon="-102.575492">
        <ele>1205.0</ele>
      </trkpt>
      <trkpt lat="38.441581" lon="-102.58653">
        <ele>1211.0</ele>
      </trkpt>
      <trkpt lat="38.443617" lon="-102.588196">
        <ele>1214.6</ele>
      </trkpt>
      <trkpt lat="38.452486" lon="-102.591775">
        <ele>1220.3</ele>
      </trkpt>
      <trkpt lat="38.454695" lon="-102.594624">
        <ele>1222.0</ele>
      </trkpt>
      <trkpt lat="38.455304" lon="-102.597156">
        <ele>1223.1</ele>
      </trkpt>
      <trkpt lat="38.45772" lon="-102.622706">
        <ele>1245.9</ele>
      </trkpt>
      <trkpt lat="38.463896" lon="-102.644351">
        <ele>1253.3</ele>
      </trkpt>
      <trkpt lat="38.477222" lon="-102.771369">
        <ele>1281.1</ele>
      </trkpt>
      <trkpt lat="38.477956" lon="-102.783066">
        <ele>1284.3</ele>
      </trkpt>
      <trkpt lat="38.477862" lon="-102.789065">
        <ele>1274.7</ele>
      </trkpt>
      <trkpt lat="38.479854" lon="-102.798208">
        <ele>1290.0</ele>
      </trkpt>
      <trkpt lat="38.491895" lon="-102.914754">
        <ele>1320.4</ele>
      </trkpt>
      <trkpt lat="38.492713" lon="-102.928426">
        <ele>1323.4</ele>
      </trkpt>
      <trkpt lat="38.49459" lon="-102.941354">
        <ele>1332.5</ele>
      </trkpt>
      <trkpt lat="38.50046" lon="-102.998343">
        <ele>1335.4</ele>
      </trkpt>
      <trkpt lat="38.502584" lon="-103.02472">
        <ele>1334.1</ele>
      </trkpt>
      <trkpt lat="38.503416" lon="-103.028234">
        <ele>1334.1</ele>
      </trkpt>
      <trkpt lat="38.504704" lon="-103.040708">
        <ele>1338.4</ele>
      </trkpt>
      <trkpt lat="38.504751" lon="-103.045514">
        <ele>1339.8</ele>
      </trkpt>
      <trkpt lat="38.503962" lon="-103.050089">
        <ele>1344.3</ele>
      </trkpt>
      <trkpt lat="38.501536" lon="-103.055736">
        <ele>1347.8</ele>
      </trkpt>
      <trkpt lat="38.500004" lon="-103.057801">
        <ele>1350.5</ele>
      </trkpt>
      <trkpt lat="38.487521" lon="-103.070462">
        <ele>1363.0</ele>
      </trkpt>
      <trkpt lat="38.485187" lon="-103.074188">
        <ele>1366.2</ele>
      </trkpt>
      <trkpt lat="38.456833" lon="-103.154594">
        <ele>1381.5</ele>
      </trkpt>
      <trkpt lat="38.453416" lon="-103.160818">
        <ele>1384.2</ele>
      </trkpt>
      <trkpt lat="38.453033" lon="-103.165751">
        <ele>1383.9</ele>
      </trkpt>
      <trkpt lat="38.447817" lon="-103.180128">
        <ele>1375.7</ele>
      </trkpt>
      <trkpt lat="38.447314" lon="-103.183184">
        <ele>1376.2</ele>
      </trkpt>
      <trkpt lat="38.448022" lon="-103.194473">
        <ele>1370.4</ele>
      </trkpt>
      <trkpt lat="38.44986" lon="-103.205031">
        <ele>1363.8</ele>
      </trkpt>
      <trkpt lat="38.449441" lon="-103.209885">
        <ele>1362.2</ele>
      </trkpt>
      <trkpt lat="38.405812" lon="-103.29563">
        <ele>1330.8</ele>
      </trkpt>
      <trkpt lat="38.40347" lon="-103.298273">
        <ele>1329.5</ele>
      </trkpt>
      <trkpt lat="38.363418" lon="-103.330734">
        <ele>1297.6</ele>
      </trkpt>
      <trkpt lat="38.33882" lon="-103.342324">
        <ele>1286.9</ele>
      </trkpt>
      <trkpt lat="38.333817" lon="-103.34415">
        <ele>1286.9</ele>
      </trkpt>
      <trkpt lat="38.323754" lon="-103.346048">
        <ele>1291.0</ele>
      </trkpt>
      <trkpt lat="38.317437" lon="-103.347904">
        <ele>1298.9</ele>
      </trkpt>
      <trkpt lat="38.300243" lon="-103.364422">
        <ele>1315.6</ele>
      </trkpt>
      <trkpt lat="38.291187" lon="-103.378882">
        <ele>1319.7</ele>
      </trkpt>
      <trkpt lat="38.290276" lon="-103.382132">
        <ele>1319.5</ele>
      </trkpt>
      <trkpt lat="38.281147" lon="-103.446593">
        <ele>1310.2</ele>
      </trkpt>
      <trkpt lat="38.279998" lon="-103.449781">
        <ele>1311.3</ele>
      </trkpt>
      <trkpt lat="38.274047" lon="-103.460668">
        <ele>1321.3</ele>
      </trkpt>
      <trkpt lat="38.235651" lon="-103.653875">
        <ele>1308.2</ele>
      </trkpt>
      <trkpt lat="38.233511" lon="-103.658681">
        <ele>1310.1</ele>
      </trkpt>
      <trkpt lat="38.233363" lon="-103.662934">
        <ele>1312.1</ele>
      </trkpt>
      <trkpt lat="38.234601" lon="-103.663016">
        <ele>1312.9</ele>
      </trkpt>
      <trkpt lat="38.219325" lon="-103.738456">
        <ele>1315.0</ele>
      </trkpt>
      <trkpt lat="38.217329" lon="-103.74794">
        <ele>1311.5</ele>
      </trkpt>
      <trkpt lat="38.214379" lon="-103.747968">
        <ele>1309.0</ele>
      </trkpt>
      <trkpt lat="38.214427" lon="-103.759829">
        <ele>1312.3</ele>
      </trkpt>
      <trkpt lat="38.211393" lon="-103.771915">
        <ele>1311.3</ele>
      </trkpt>
      <trkpt lat="38.210241" lon="-103.780789">
        <ele>1313.1</ele>
      </trkpt>
      <trkpt lat="38.201461" lon="-103.824233">
        <ele>1323.2</ele>
      </trkpt>
      <trkpt lat="38.194224" lon="-103.847638">
        <ele>1325.9</ele>
      </trkpt>
      <trkpt lat="38.191137" lon="-103.859789">
        <ele>1326.5</ele>
      </trkpt>
      <trkpt lat="38.167539" lon="-103.940042">
        <ele>1332.4</ele>
      </trkpt>
      <trkpt lat="38.166163" lon="-103.943563">
        <ele>1334.7</ele>
      </trkpt>
      <trkpt lat="38.154345" lon="-103.985438">
        <ele>1339.3</ele>
      </trkpt>
      <trkpt lat="38.154917" lon="-104.020432">
        <ele>1332.7</ele>
      </trkpt>
      <trkpt lat="38.156271" lon="-104.028954">
        <ele>1330.2</ele>
      </trkpt>
      <trkpt lat="38.17097" lon="-104.081084">
        <ele>1340.1</ele>
      </trkpt>
      <trkpt lat="38.173865" lon="-104.096316">
        <ele>1337.8</ele>
      </trkpt>
      <trkpt lat="38.174321" lon="-104.100984">
        <ele>1335.8</ele>
      </trkpt>
      <trkpt lat="38.176023" lon="-104.103242">
        <ele>1337.0</ele>
      </trkpt>
      <trkpt lat="38.177266" lon="-104.107808">
        <ele>1334.7</ele>
      </trkpt>
      <trkpt lat="38.189443" lon="-104.136364">
        <ele>1338.8</ele>
      </trkpt>
      <trkpt lat="38.193419" lon="-104.154288">
        <ele>1338.8</ele>
      </trkpt>
      <trkpt lat="38.204213" lon="-104.173402">
        <ele>1343.6</ele>
      </trkpt>
      <trkpt lat="38.221529" lon="-104.200608">
        <ele>1351.4</ele>
      </trkpt>
      <trkpt lat="38.238699" lon="-104.223121">
        <ele>1357.4</ele>
      </trkpt>
      <trkpt lat="38.240963" lon="-104.229679">
        <ele>1354.1</ele>
      </trkpt>
      <trkpt lat="38.246325" lon="-104.238884">
        <ele>1359.5</ele>
      </trkpt>
      <trkpt lat="38.248581" lon="-104.260773">
        <ele>1361.0</ele>
      </trkpt>
      <trkpt lat="38.25105" lon="-104.274735">
        <ele>1363.6</ele>
      </trkpt>
      <trkpt lat="38.255703" lon="-104.312124">
        <ele>1365.9</ele>
      </trkpt>
      <trkpt lat="38.259814" lon="-104.339988">
        <ele>1374.1</ele>
      </trkpt>
      <trkpt lat="38.264324" lon="-104.361215">
        <ele>1381.5</ele>
      </trkpt>
      <trkpt lat="38.263847" lon="-104.363414">
        <ele>1381.5</ele>
      </trkpt>
      <trkpt lat="38.261036" lon="-104.366894">
        <ele>1381.5</ele>
      </trkpt>
      <trkpt lat="38.266249" lon="-104.373809">
        <ele>1384.6</ele>
      </trkpt>
      <trkpt lat="38.267174" lon="-104.376197">
        <ele>1384.6</ele>
      </trkpt>
      <trkpt lat="38.271462" lon="-104.422956">
        <ele>1387.8</ele>
      </trkpt>
      <trkpt lat="38.275757" lon="-104.472394">
        <ele>1397.0</ele>
      </trkpt>
      <trkpt lat="38.274108" lon="-104.53592">
        <ele>1413.2</ele>
      </trkpt>
      <trkpt lat="38.272833" lon="-104.543925">
        <ele>1415.7</ele>
      </trkpt>
      <trkpt lat="38.271061" lon="-104.549654">
        <ele>1413.1</ele>
      </trkpt>
      <trkpt lat="38.271628" lon="-104.552005">
        <ele>1412.0</ele>
      </trkpt>
      <trkpt lat="38.27498" lon="-104.558198">
        <ele>1419.3</ele>
      </trkpt>
      <trkpt lat="38.272162" lon="-104.562718">
        <ele>1421.0</ele>
      </trkpt>
      <trkpt lat="38.271821" lon="-104.564302">
        <ele>1421.4</ele>
      </trkpt>
      <trkpt lat="38.270662" lon="-104.608588">
        <ele>1423.2</ele>
      </trkpt>
      <trkpt lat="38.267902" lon="-104.608579">
        <ele>1420.7</ele>
      </trkpt>
      <trkpt lat="38.267894" lon="-104.609679">
        <ele>1420.9</ele>
      </trkpt>
      <trkpt lat="38.266859" lon="-104.610324">
        <ele>1421.0</ele>
      </trkpt>
      <trkpt lat="38.260313" lon="-104.618688">
        <ele>1433.8</ele>
      </trkpt>
      <trkpt lat="38.259899" lon="-104.62116">
        <ele>1444.8</ele>
      </trkpt>
      <trkpt lat="38.26933" lon="-104.633778">
        <ele>1445.8</ele>
      </trkpt>
      <trkpt lat="38.26499" lon="-104.639222">
        <ele>1449.0</ele>
      </trkpt>
      <trkpt lat="38.264785" lon="-104.650411">
        <ele>1452.0</ele>
      </trkpt>
      <trkpt lat="38.26397" lon="-104.651172">
        <ele>1452.4</ele>
      </trkpt>
      <trkpt lat="38.2639" lon="-104.655683">
        <ele>1451.5</ele>
      </trkpt>
      <trkpt lat="38.263246" lon="-104.656989">
        <ele>1452.6</ele>
      </trkpt>
      <trkpt lat="38.26325" lon="-104.659962">
        <ele>1452.9</ele>
      </trkpt>
      <trkpt lat="38.263868" lon="-104.660612">
        <ele>1452.2</ele>
      </trkpt>
      <trkpt lat="38.263748" lon="-104.679377">
        <ele>1454.9</ele>
      </trkpt>
      <trkpt lat="38.262414" lon="-104.68063">
        <ele>1455.3</ele>
      </trkpt>
      <trkpt lat="38.258846" lon="-104.680398">
        <ele>1455.3</ele>
      </trkpt>
      <trkpt lat="38.25856" lon="-104.685482">
        <ele>1444.4</ele>
      </trkpt>
      <trkpt lat="38.257082" lon="-104.690112">
        <ele>1445.0</ele>
      </trkpt>
      <trkpt lat="38.25664" lon="-104.697922">
        <ele>1444.0</ele>
      </trkpt>
      <trkpt lat="38.259331" lon="-104.706808">
        <ele>1446.2</ele>
      </trkpt>
      <trkpt lat="38.259554" lon="-104.71057">
        <ele>1467.1</ele>
      </trkpt>
      <trkpt lat="38.25764" lon="-104.715482">
        <ele>1482.2</ele>
      </trkpt>
      <trkpt lat="38.25412" lon="-104.719412">
        <ele>1483.8</ele>
      </trkpt>
      <trkpt lat="38.25141" lon="-104.721272">
        <ele>1492.1</ele>
      </trkpt>
      <trkpt lat="38.24419" lon="-104.724772">
        <ele>1517.6</ele>
      </trkpt>
      <trkpt lat="38.2336" lon="-104.732492">
        <ele>1550.8</ele>
      </trkpt>
      <trkpt lat="38.23079" lon="-104.737012">
        <ele>1535.5</ele>
      </trkpt>
      <trkpt lat="38.22931" lon="-104.742722">
        <ele>1515.7</ele>
      </trkpt>
      <trkpt lat="38.229423" lon="-104.77075">
        <ele>1530.3</ele>
      </trkpt>
      <trkpt lat="38.230858" lon="-104.777553">
        <ele>1529.0</ele>
      </trkpt>
      <trkpt lat="38.23222" lon="-104.780234">
        <ele>1532.2</ele>
      </trkpt>
      <trkpt lat="38.243236" lon="-104.796245">
        <ele>1529.9</ele>
      </trkpt>
      <trkpt lat="38.255732" lon="-104.812497">
        <ele>1530.7</ele>
      </trkpt>
      <trkpt lat="38.25817" lon="-104.819477">
        <ele>1530.0</ele>
      </trkpt>
      <trkpt lat="38.25827" lon="-104.87261">
        <ele>1599.2</ele>
      </trkpt>
      <trkpt lat="38.25938" lon="-104.88619">
        <ele>1589.3</ele>
      </trkpt>
      <trkpt lat="38.25842" lon="-104.900642">
        <ele>1585.2</ele>
      </trkpt>
      <trkpt lat="38.25822" lon="-104.92903">
        <ele>1627.3</ele>
      </trkpt>
      <trkpt lat="38.257242" lon="-104.932671">
        <ele>1624.5</ele>
      </trkpt>
      <trkpt lat="38.25337" lon="-104.93816">
        <ele>1634.7</ele>
      </trkpt>
      <trkpt lat="38.25222" lon="-104.9419">
        <ele>1636.8</ele>
      </trkpt>
      <trkpt lat="38.2516" lon="-104.97587">
        <ele>1660.6</ele>
      </trkpt>
      <trkpt lat="38.251518" lon="-105.028356">
        <ele>1700.6</ele>
      </trkpt>
      <trkpt lat="38.250179" lon="-105.031778">
        <ele>1701.8</ele>
      </trkpt>
      <trkpt lat="38.247065" lon="-105.03421">
        <ele>1705.6</ele>
      </trkpt>
      <trkpt lat="38.23784" lon="-105.050031">
        <ele>1756.1</ele>
      </trkpt>
      <trkpt lat="38.237698" lon="-105.051256">
        <ele>1758.2</ele>
      </trkpt>
      <trkpt lat="38.238946" lon="-105.053535">
        <ele>1799.0</ele>
      </trkpt>
      <trkpt lat="38.242013" lon="-105.054866">
        <ele>1844.2</ele>
      </trkpt>
      <trkpt lat="38.243149" lon="-105.056434">
        <ele>1839.8</ele>
      </trkpt>
      <trkpt lat="38.243413" lon="-105.057674">
        <ele>1829.9</ele>
      </trkpt>
      <trkpt lat="38.243217" lon="-105.079644">
        <ele>1845.9</ele>
      </trkpt>
      <trkpt lat="38.242634" lon="-105.080578">
        <ele>1843.5</ele>
      </trkpt>
      <trkpt lat="38.24019" lon="-105.08133">
        <ele>1856.0</ele>
      </trkpt>
      <trkpt lat="38.238061" lon="-105.083376">
        <ele>1860.5</ele>
      </trkpt>
      <trkpt lat="38.23834" lon="-105.08568">
        <ele>1857.3</ele>
      </trkpt>
      <trkpt lat="38.2379" lon="-105.08684">
        <ele>1864.7</ele>
      </trkpt>
      <trkpt lat="38.233293" lon="-105.088848">
        <ele>1880.8</ele>
      </trkpt>
      <trkpt lat="38.230845" lon="-105.090514">
        <ele>1890.2</ele>
      </trkpt>
      <trkpt lat="38.214049" lon="-105.093878">
        <ele>1946.1</ele>
      </trkpt>
      <trkpt lat="38.20995" lon="-105.09554">
        <ele>1971.1</ele>
      </trkpt>
      <trkpt lat="38.20835" lon="-105.09699">
        <ele>1979.0</ele>
      </trkpt>
      <trkpt lat="38.203767" lon="-105.098874">
        <ele>1996.6</ele>
      </trkpt>
      <trkpt lat="38.198036" lon="-105.10238">
        <ele>2037.0</ele>
      </trkpt>
      <trkpt lat="38.1922" lon="-105.1047">
        <ele>2032.7</ele>
      </trkpt>
      <trkpt lat="38.18857" lon="-105.10499">
        <ele>2053.7</ele>
      </trkpt>
      <trkpt lat="38.185875" lon="-105.104587">
        <ele>2062.0</ele>
      </trkpt>
      <trkpt lat="38.18463" lon="-105.10498">
        <ele>2063.2</ele>
      </trkpt>
      <trkpt lat="38.18234" lon="-105.10687">
        <ele>2071.0</ele>
      </trkpt>
      <trkpt lat="38.181605" lon="-105.108997">
        <ele>2080.5</ele>
      </trkpt>
      <trkpt lat="38.17929" lon="-105.11183">
        <ele>2083.9</ele>
      </trkpt>
      <trkpt lat="38.17819" lon="-105.11481">
        <ele>2098.6</ele>
      </trkpt>
      <trkpt lat="38.17769" lon="-105.11716">
        <ele>2101.6</ele>
      </trkpt>
      <trkpt lat="38.17764" lon="-105.12168">
        <ele>2121.8</ele>
      </trkpt>
      <trkpt lat="38.17629" lon="-105.12444">
        <ele>2133.9</ele>
      </trkpt>
      <trkpt lat="38.175691" lon="-105.128598">
        <ele>2151.7</ele>
      </trkpt>
      <trkpt lat="38.175642" lon="-105.130931">
        <ele>2165.6</ele>
      </trkpt>
      <trkpt lat="38.17629" lon="-105.13266">
        <ele>2172.8</ele>
      </trkpt>
      <trkpt lat="38.17648" lon="-105.14031">
        <ele>2203.4</ele>
      </trkpt>
      <trkpt lat="38.175614" lon="-105.142029">
        <ele>2216.1</ele>
      </trkpt>
      <trkpt lat="38.173514" lon="-105.143721">
        <ele>2226.3</ele>
      </trkpt>
      <trkpt lat="38.173242" lon="-105.14468">
        <ele>2233.8</ele>
      </trkpt>
      <trkpt lat="38.17504" lon="-105.14777">
        <ele>2254.5</ele>
      </trkpt>
      <trkpt lat="38.174654" lon="-105.149753">
        <ele>2263.0</ele>
      </trkpt>
      <trkpt lat="38.175077" lon="-105.151891">
        <ele>2269.8</ele>
      </trkpt>
      <trkpt lat="38.174675" lon="-105.153213">
        <ele>2281.0</ele>
      </trkpt>
      <trkpt lat="38.171277" lon="-105.158207">
        <ele>2308.7</ele>
      </trkpt>
      <trkpt lat="38.17101" lon="-105.159773">
        <ele>2315.8</ele>
      </trkpt>
      <trkpt lat="38.171553" lon="-105.162413">
        <ele>2330.4</ele>
      </trkpt>
      <trkpt lat="38.174659" lon="-105.167536">
        <ele>2387.3</ele>
      </trkpt>
      <trkpt lat="38.173952" lon="-105.169393">
        <ele>2397.1</ele>
      </trkpt>
      <trkpt lat="38.17523" lon="-105.17187">
        <ele>2422.4</ele>
      </trkpt>
      <trkpt lat="38.174967" lon="-105.172748">
        <ele>2425.3</ele>
      </trkpt>
      <trkpt lat="38.173673" lon="-105.173295">
        <ele>2432.8</ele>
      </trkpt>
      <trkpt lat="38.1736" lon="-105.17427">
        <ele>2445.0</ele>
      </trkpt>
      <trkpt lat="38.172699" lon="-105.174965">
        <ele>2457.5</ele>
      </trkpt>
      <trkpt lat="38.17328" lon="-105.17674">
        <ele>2469.5</ele>
      </trkpt>
      <trkpt lat="38.17296" lon="-105.1777">
        <ele>2474.2</ele>
      </trkpt>
      <trkpt lat="38.17177" lon="-105.17819">
        <ele>2489.1</ele>
      </trkpt>
      <trkpt lat="38.171095" lon="-105.179152">
        <ele>2492.5</ele>
      </trkpt>
      <trkpt lat="38.17129" lon="-105.181661">
        <ele>2504.6</ele>
      </trkpt>
      <trkpt lat="38.17069" lon="-105.18454">
        <ele>2515.7</ele>
      </trkpt>
      <trkpt lat="38.16931" lon="-105.185565">
        <ele>2524.2</ele>
      </trkpt>
      <trkpt lat="38.168403" lon="-105.188309">
        <ele>2530.0</ele>
      </trkpt>
      <trkpt lat="38.164899" lon="-105.189942">
        <ele>2545.6</ele>
      </trkpt>
      <trkpt lat="38.164258" lon="-105.19126">
        <ele>2548.2</ele>
      </trkpt>
      <trkpt lat="38.166591" lon="-105.201396">
        <ele>2596.7</ele>
      </trkpt>
      <trkpt lat="38.16586" lon="-105.2075">
        <ele>2615.2</ele>
      </trkpt>
      <trkpt lat="38.16731" lon="-105.218348">
        <ele>2644.9</ele>
      </trkpt>
      <trkpt lat="38.164646" lon="-105.224334">
        <ele>2660.7</ele>
      </trkpt>
      <trkpt lat="38.16312" lon="-105.24343">
        <ele>2704.5</ele>
      </trkpt>
      <trkpt lat="38.159908" lon="-105.259578">
        <ele>2741.8</ele>
      </trkpt>
      <trkpt lat="38.16185" lon="-105.26684">
        <ele>2763.6</ele>
      </trkpt>
      <trkpt lat="38.164583" lon="-105.273359">
        <ele>2749.2</ele>
      </trkpt>
      <trkpt lat="38.164649" lon="-105.286391">
        <ele>2770.4</ele>
      </trkpt>
      <trkpt lat="38.156947" lon="-105.30738">
        <ele>2753.8</ele>
      </trkpt>
      <trkpt lat="38.152601" lon="-105.315115">
        <ele>2724.9</ele>
      </trkpt>
      <trkpt lat="38.147724" lon="-105.320106">
        <ele>2699.2</ele>
      </trkpt>
      <trkpt lat="38.145372" lon="-105.324184">
        <ele>2679.4</ele>
      </trkpt>
      <trkpt lat="38.143892" lon="-105.328879">
        <ele>2662.7</ele>
      </trkpt>
      <trkpt lat="38.144087" lon="-105.331218">
        <ele>2661.3</ele>
      </trkpt>
      <trkpt lat="38.14355" lon="-105.334096">
        <ele>2685.3</ele>
      </trkpt>
      <trkpt lat="38.144721" lon="-105.336881">
        <ele>2706.7</ele>
      </trkpt>
      <trkpt lat="38.144607" lon="-105.337881">
        <ele>2704.5</ele>
      </trkpt>
      <trkpt lat="38.141023" lon="-105.342726">
        <ele>2668.3</ele>
      </trkpt>
      <trkpt lat="38.141611" lon="-105.346591">
        <ele>2649.4</ele>
      </trkpt>
      <trkpt lat="38.144817" lon="-105.351362">
        <ele>2637.7</ele>
      </trkpt>
      <trkpt lat="38.14997" lon="-105.3508">
        <ele>2631.4</ele>
      </trkpt>
      <trkpt lat="38.15061" lon="-105.35117">
        <ele>2629.5</ele>
      </trkpt>
      <trkpt lat="38.152" lon="-105.35454">
        <ele>2606.4</ele>
      </trkpt>
      <trkpt lat="38.1521" lon="-105.35693">
        <ele>2594.6</ele>
      </trkpt>
      <trkpt lat="38.151644" lon="-105.359586">
        <ele>2584.3</ele>
      </trkpt>
      <trkpt lat="38.14832" lon="-105.363577">
        <ele>2580.4</ele>
      </trkpt>
      <trkpt lat="38.141329" lon="-105.377605">
        <ele>2556.6</ele>
      </trkpt>
      <trkpt lat="38.138328" lon="-105.38482">
        <ele>2545.6</ele>
      </trkpt>
      <trkpt lat="38.13735" lon="-105.39029">
        <ele>2534.1</ele>
      </trkpt>
      <trkpt lat="38.134977" lon="-105.417341">
        <ele>2484.4</ele>
      </trkpt>
      <trkpt lat="38.13595" lon="-105.42804">
        <ele>2460.3</ele>
      </trkpt>
      <trkpt lat="38.136381" lon="-105.446812">
        <ele>2434.1</ele>
      </trkpt>
      <trkpt lat="38.135736" lon="-105.452679">
        <ele>2420.5</ele>
      </trkpt>
      <trkpt lat="38.136054" lon="-105.467388">
        <ele>2396.9</ele>
      </trkpt>
      <trkpt lat="38.137998" lon="-105.467545">
        <ele>2394.1</ele>
      </trkpt>
      <trkpt lat="38.138911" lon="-105.468259">
        <ele>2397.2</ele>
      </trkpt>
      <trkpt lat="38.141999" lon="-105.472483">
        <ele>2391.6</ele>
      </trkpt>
      <trkpt lat="38.144344" lon="-105.474635">
        <ele>2383.4</ele>
      </trkpt>
      <trkpt lat="38.163353" lon="-105.484149">
        <ele>2378.0</ele>
      </trkpt>
      <trkpt lat="38.167981" lon="-105.490216">
        <ele>2366.5</ele>
      </trkpt>
      <trkpt lat="38.170023" lon="-105.500169">
        <ele>2360.1</ele>
      </trkpt>
      <trkpt lat="38.170886" lon="-105.501996">
        <ele>2366.5</ele>
      </trkpt>
      <trkpt lat="38.184155" lon="-105.511068">
        <ele>2380.7</ele>
      </trkpt>
      <trkpt lat="38.18865" lon="-105.516831">
        <ele>2389.6</ele>
      </trkpt>
      <trkpt lat="38.1928" lon="-105.523521">
        <ele>2395.5</ele>
      </trkpt>
      <trkpt lat="38.204641" lon="-105.539046">
        <ele>2409.9</ele>
      </trkpt>
      <trkpt lat="38.214881" lon="-105.548793">
        <ele>2374.5</ele>
      </trkpt>
      <trkpt lat="38.21748" lon="-105.550853">
        <ele>2369.4</ele>
      </trkpt>
      <trkpt lat="38.22298" lon="-105.551921">
        <ele>2356.2</ele>
      </trkpt>
      <trkpt lat="38.228213" lon="-105.554974">
        <ele>2350.7</ele>
      </trkpt>
      <trkpt lat="38.230983" lon="-105.554394">
        <ele>2349.4</ele>
      </trkpt>
      <trkpt lat="38.233996" lon="-105.555873">
        <ele>2345.2</ele>
      </trkpt>
      <trkpt lat="38.238457" lon="-105.564199">
        <ele>2327.8</ele>
      </trkpt>
      <trkpt lat="38.244532" lon="-105.567722">
        <ele>2323.2</ele>
      </trkpt>
      <trkpt lat="38.249032" lon="-105.575133">
        <ele>2304.8</ele>
      </trkpt>
      <trkpt lat="38.251175" lon="-105.581064">
        <ele>2298.3</ele>
      </trkpt>
      <trkpt lat="38.262564" lon="-105.599051">
        <ele>2266.1</ele>
      </trkpt>
      <trkpt lat="38.263612" lon="-105.602423">
        <ele>2264.4</ele>
      </trkpt>
      <trkpt lat="38.261986" lon="-105.608435">
        <ele>2284.9</ele>
      </trkpt>
      <trkpt lat="38.262083" lon="-105.609667">
        <ele>2282.0</ele>
      </trkpt>
      <trkpt lat="38.263238" lon="-105.611765">
        <ele>2289.4</ele>
      </trkpt>
      <trkpt lat="38.26457" lon="-105.612501">
        <ele>2289.5</ele>
      </trkpt>
      <trkpt lat="38.27112" lon="-105.613857">
        <ele>2278.7</ele>
      </trkpt>
      <trkpt lat="38.27654" lon="-105.616111">
        <ele>2285.7</ele>
      </trkpt>
      <trkpt lat="38.28558" lon="-105.615571">
        <ele>2259.2</ele>
      </trkpt>
      <trkpt lat="38.289467" lon="-105.620106">
        <ele>2236.8</ele>
      </trkpt>
      <trkpt lat="38.290861" lon="-105.620717">
        <ele>2235.7</ele>
      </trkpt>
      <trkpt lat="38.30909" lon="-105.62014">
        <ele>2223.1</ele>
      </trkpt>
      <trkpt lat="38.310987" lon="-105.62541">
        <ele>2229.3</ele>
      </trkpt>
      <trkpt lat="38.30937" lon="-105.63179">
        <ele>2248.1</ele>
      </trkpt>
      <trkpt lat="38.30907" lon="-105.63847">
        <ele>2272.7</ele>
      </trkpt>
      <trkpt lat="38.31134" lon="-105.6498">
        <ele>2271.2</ele>
      </trkpt>
      <trkpt lat="38.31242" lon="-105.65796">
        <ele>2255.8</ele>
      </trkpt>
      <trkpt lat="38.315946" lon="-105.660857">
        <ele>2238.1</ele>
      </trkpt>
      <trkpt lat="38.322393" lon="-105.66908">
        <ele>2232.6</ele>
      </trkpt>
      <trkpt lat="38.325716" lon="-105.674055">
        <ele>2198.3</ele>
      </trkpt>
      <trkpt lat="38.326232" lon="-105.677095">
        <ele>2177.0</ele>
      </trkpt>
      <trkpt lat="38.327563" lon="-105.68027">
        <ele>2154.3</ele>
      </trkpt>
      <trkpt lat="38.328352" lon="-105.680827">
        <ele>2144.9</ele>
      </trkpt>
      <trkpt lat="38.334692" lon="-105.681733">
        <ele>2107.9</ele>
      </trkpt>
      <trkpt lat="38.339704" lon="-105.683612">
        <ele>2082.0</ele>
      </trkpt>
      <trkpt lat="38.34291" lon="-105.68344">
        <ele>2067.7</ele>
      </trkpt>
      <trkpt lat="38.34571" lon="-105.68425">
        <ele>2057.3</ele>
      </trkpt>
      <trkpt lat="38.35118" lon="-105.68951">
        <ele>2026.0</ele>
      </trkpt>
      <trkpt lat="38.35238" lon="-105.690073">
        <ele>2020.0</ele>
      </trkpt>
      <trkpt lat="38.357748" lon="-105.690509">
        <ele>1997.3</ele>
      </trkpt>
      <trkpt lat="38.359349" lon="-105.691254">
        <ele>1996.2</ele>
      </trkpt>
      <trkpt lat="38.363482" lon="-105.690994">
        <ele>1979.6</ele>
      </trkpt>
      <trkpt lat="38.365739" lon="-105.69149">
        <ele>1968.4</ele>
      </trkpt>
      <trkpt lat="38.369336" lon="-105.688542">
        <ele>1945.5</ele>
      </trkpt>
      <trkpt lat="38.370271" lon="-105.688431">
        <ele>1942.4</ele>
      </trkpt>
      <trkpt lat="38.370945" lon="-105.688917">
        <ele>1935.7</ele>
      </trkpt>
      <trkpt lat="38.371972" lon="-105.693427">
        <ele>1946.0</ele>
      </trkpt>
      <trkpt lat="38.371236" lon="-105.698591">
        <ele>1944.5</ele>
      </trkpt>
      <trkpt lat="38.366505" lon="-105.706545">
        <ele>1944.9</ele>
      </trkpt>
      <trkpt lat="38.367821" lon="-105.711823">
        <ele>1952.1</ele>
      </trkpt>
      <trkpt lat="38.367142" lon="-105.715343">
        <ele>1954.0</ele>
      </trkpt>
      <trkpt lat="38.362552" lon="-105.723746">
        <ele>1955.1</ele>
      </trkpt>
      <trkpt lat="38.359329" lon="-105.726788">
        <ele>1959.9</ele>
      </trkpt>
      <trkpt lat="38.358432" lon="-105.728715">
        <ele>1959.1</ele>
      </trkpt>
      <trkpt lat="38.35891" lon="-105.731163">
        <ele>1960.3</ele>
      </trkpt>
      <trkpt lat="38.360604" lon="-105.732757">
        <ele>1959.4</ele>
      </trkpt>
      <trkpt lat="38.361115" lon="-105.733999">
        <ele>1959.6</ele>
      </trkpt>
      <trkpt lat="38.360209" lon="-105.739388">
        <ele>1965.9</ele>
      </trkpt>
      <trkpt lat="38.360723" lon="-105.741613">
        <ele>1966.1</ele>
      </trkpt>
      <trkpt lat="38.373121" lon="-105.760641">
        <ele>1985.1</ele>
      </trkpt>
      <trkpt lat="38.382164" lon="-105.767082">
        <ele>1991.7</ele>
      </trkpt>
      <trkpt lat="38.39287" lon="-105.776842">
        <ele>1994.8</ele>
      </trkpt>
      <trkpt lat="38.400787" lon="-105.77887">
        <ele>2006.0</ele>
      </trkpt>
      <trkpt lat="38.40526" lon="-105.782401">
        <ele>2004.2</ele>
      </trkpt>
      <trkpt lat="38.410306" lon="-105.788145">
        <ele>2006.9</ele>
      </trkpt>
      <trkpt lat="38.412051" lon="-105.790896">
        <ele>2010.1</ele>
      </trkpt>
      <trkpt lat="38.42607" lon="-105.808171">
        <ele>2036.2</ele>
      </trkpt>
      <trkpt lat="38.427545" lon="-105.810149">
        <ele>2032.7</ele>
      </trkpt>
      <trkpt lat="38.429475" lon="-105.815316">
        <ele>2024.9</ele>
      </trkpt>
      <trkpt lat="38.430222" lon="-105.826457">
        <ele>2027.8</ele>
      </trkpt>
      <trkpt lat="38.43124" lon="-105.831441">
        <ele>2044.7</ele>
      </trkpt>
      <trkpt lat="38.432504" lon="-105.833437">
        <ele>2046.5</ele>
      </trkpt>
      <trkpt lat="38.436616" lon="-105.837201">
        <ele>2051.1</ele>
      </trkpt>
      <trkpt lat="38.449922" lon="-105.840067">
        <ele>2051.2</ele>
      </trkpt>
      <trkpt lat="38.457937" lon="-105.843038">
        <ele>2052.7</ele>
      </trkpt>
      <trkpt lat="38.459924" lon="-105.844483">
        <ele>2053.7</ele>
      </trkpt>
      <trkpt lat="38.461841" lon="-105.846906">
        <ele>2051.3</ele>
      </trkpt>
      <trkpt lat="38.463063" lon="-105.850625">
        <ele>2055.0</ele>
      </trkpt>
      <trkpt lat="38.464232" lon="-105.859683">
        <ele>2058.3</ele>
      </trkpt>
      <trkpt lat="38.464957" lon="-105.862129">
        <ele>2059.7</ele>
      </trkpt>
      <trkpt lat="38.466972" lon="-105.864698">
        <ele>2064.8</ele>
      </trkpt>
      <trkpt lat="38.471356" lon="-105.865646">
        <ele>2065.4</ele>
      </trkpt>
      <trkpt lat="38.472395" lon="-105.866608">
        <ele>2067.2</ele>
      </trkpt>
      <trkpt lat="38.472045" lon="-105.8683">
        <ele>2064.4</ele>
      </trkpt>
      <trkpt lat="38.469718" lon="-105.86982">
        <ele>2070.8</ele>
      </trkpt>
      <trkpt lat="38.469408" lon="-105.872046">
        <ele>2071.1</ele>
      </trkpt>
      <trkpt lat="38.470521" lon="-105.872955">
        <ele>2077.3</ele>
      </trkpt>
      <trkpt lat="38.472055" lon="-105.873177">
        <ele>2073.1</ele>
      </trkpt>
      <trkpt lat="38.472382" lon="-105.873889">
        <ele>2069.4</ele>
      </trkpt>
      <trkpt lat="38.471856" lon="-105.876156">
        <ele>2070.2</ele>
      </trkpt>
      <trkpt lat="38.472241" lon="-105.877692">
        <ele>2077.5</ele>
      </trkpt>
      <trkpt lat="38.475274" lon="-105.881766">
        <ele>2081.9</ele>
      </trkpt>
      <trkpt lat="38.47539" lon="-105.88627">
        <ele>2085.4</ele>
      </trkpt>
      <trkpt lat="38.47679" lon="-105.888543">
        <ele>2082.5</ele>
      </trkpt>
      <trkpt lat="38.479151" lon="-105.894508">
        <ele>2084.7</ele>
      </trkpt>
      <trkpt lat="38.481952" lon="-105.907834">
        <ele>2085.5</ele>
      </trkpt>
      <trkpt lat="38.483889" lon="-105.911589">
        <ele>2092.8</ele>
      </trkpt>
      <trkpt lat="38.485435" lon="-105.912813">
        <ele>2091.2</ele>
      </trkpt>
      <trkpt lat="38.488956" lon="-105.919269">
        <ele>2096.8</ele>
      </trkpt>
      <trkpt lat="38.490343" lon="-105.919569">
        <ele>2106.2</ele>
      </trkpt>
      <trkpt lat="38.495889" lon="-105.917179">
        <ele>2103.3</ele>
      </trkpt>
      <trkpt lat="38.496863" lon="-105.917606">
        <ele>2104.3</ele>
      </trkpt>
      <trkpt lat="38.497917" lon="-105.919297">
        <ele>2101.7</ele>
      </trkpt>
      <trkpt lat="38.49747" lon="-105.922829">
        <ele>2097.0</ele>
      </trkpt>
      <trkpt lat="38.498065" lon="-105.92584">
        <ele>2106.0</ele>
      </trkpt>
      <trkpt lat="38.499652" lon="-105.929976">
        <ele>2107.2</ele>
      </trkpt>
      <trkpt lat="38.502137" lon="-105.933214">
        <ele>2105.2</ele>
      </trkpt>
      <trkpt lat="38.502641" lon="-105.934944">
        <ele>2105.5</ele>
      </trkpt>
      <trkpt lat="38.502352" lon="-105.944447">
        <ele>2106.8</ele>
      </trkpt>
      <trkpt lat="38.502837" lon="-105.945642">
        <ele>2118.8</ele>
      </trkpt>
      <trkpt lat="38.505243" lon="-105.947813">
        <ele>2119.0</ele>
      </trkpt>
      <trkpt lat="38.50566" lon="-105.948807">
        <ele>2121.0</ele>
      </trkpt>
      <trkpt lat="38.504751" lon="-105.954476">
        <ele>2122.3</ele>
      </trkpt>
      <trkpt lat="38.504882" lon="-105.956261">
        <ele>2122.6</ele>
      </trkpt>
      <trkpt lat="38.509903" lon="-105.966456">
        <ele>2131.1</ele>
      </trkpt>
      <trkpt lat="38.510971" lon="-105.975073">
        <ele>2137.2</ele>
      </trkpt>
      <trkpt lat="38.523484" lon="-105.97859">
        <ele>2135.3</ele>
      </trkpt>
      <trkpt lat="38.523861" lon="-105.979247">
        <ele>2138.4</ele>
      </trkpt>
      <trkpt lat="38.523998" lon="-105.98471">
        <ele>2145.1</ele>
      </trkpt>
      <trkpt lat="38.532385" lon="-105.98497">
        <ele>2145.7</ele>
      </trkpt>
      <trkpt lat="38.536934" lon="-105.992882">
        <ele>2151.2</ele>
      </trkpt>
      <trkpt lat="38.535252" lon="-105.994522">
        <ele>2154.4</ele>
      </trkpt>
      <trkpt lat="38.539325" lon="-105.998971">
        <ele>2158.9</ele>
      </trkpt>
      <trkpt lat="38.541457" lon="-106.00981">
        <ele>2179.1</ele>
      </trkpt>
      <trkpt lat="38.541214" lon="-106.012805">
        <ele>2182.5</ele>
      </trkpt>
      <trkpt lat="38.542055" lon="-106.019783">
        <ele>2188.3</ele>
      </trkpt>
      <trkpt lat="38.540797" lon="-106.022314">
        <ele>2192.1</ele>
      </trkpt>
      <trkpt lat="38.540589" lon="-106.024021">
        <ele>2194.5</ele>
      </trkpt>
      <trkpt lat="38.535089" lon="-106.024188">
        <ele>2201.0</ele>
      </trkpt>
      <trkpt lat="38.535193" lon="-106.033417">
        <ele>2211.2</ele>
      </trkpt>
      <trkpt lat="38.525325" lon="-106.033628">
        <ele>2220.6</ele>
      </trkpt>
      <trkpt lat="38.521607" lon="-106.044089">
        <ele>2236.2</ele>
      </trkpt>
      <trkpt lat="38.519311" lon="-106.052658">
        <ele>2249.8</ele>
      </trkpt>
      <trkpt lat="38.518525" lon="-106.056533">
        <ele>2255.9</ele>
      </trkpt>
      <trkpt lat="38.517892" lon="-106.06509">
        <ele>2266.3</ele>
      </trkpt>
      <trkpt lat="38.516839" lon="-106.069291">
        <ele>2274.0</ele>
      </trkpt>
      <trkpt lat="38.517918" lon="-106.077762">
        <ele>2282.7</ele>
      </trkpt>
      <trkpt lat="38.520519" lon="-106.080192">
        <ele>2291.5</ele>
      </trkpt>
      <trkpt lat="38.52143" lon="-106.082911">
        <ele>2296.5</ele>
      </trkpt>
      <trkpt lat="38.521976" lon="-106.109053">
        <ele>2344.3</ele>
      </trkpt>
      <trkpt lat="38.52805" lon="-106.130381">
        <ele>2401.0</ele>
      </trkpt>
      <trkpt lat="38.5352" lon="-106.148411">
        <ele>2444.0</ele>
      </trkpt>
      <trkpt lat="38.536134" lon="-106.151839">
        <ele>2452.0</ele>
      </trkpt>
      <trkpt lat="38.535948" lon="-106.16787">
        <ele>2479.9</ele>
      </trkpt>
      <trkpt lat="38.537234" lon="-106.184703">
        <ele>2510.5</ele>
      </trkpt>
      <trkpt lat="38.539874" lon="-106.188822">
        <ele>2516.7</ele>
      </trkpt>
      <trkpt lat="38.54217" lon="-106.195428">
        <ele>2540.0</ele>
      </trkpt>
      <trkpt lat="38.541843" lon="-106.201651">
        <ele>2543.2</ele>
      </trkpt>
      <trkpt lat="38.542457" lon="-106.209277">
        <ele>2569.8</ele>
      </trkpt>
      <trkpt lat="38.5423" lon="-106.21509">
        <ele>2584.3</ele>
      </trkpt>
      <trkpt lat="38.540523" lon="-106.222564">
        <ele>2607.4</ele>
      </trkpt>
      <trkpt lat="38.542197" lon="-106.233781">
        <ele>2656.3</ele>
      </trkpt>
      <trkpt lat="38.541975" lon="-106.237911">
        <ele>2677.0</ele>
      </trkpt>
      <trkpt lat="38.542764" lon="-106.241458">
        <ele>2694.5</ele>
      </trkpt>
      <trkpt lat="38.548377" lon="-106.249492">
        <ele>2747.4</ele>
      </trkpt>
      <trkpt lat="38.549967" lon="-106.25392">
        <ele>2760.2</ele>
      </trkpt>
      <trkpt lat="38.55028" lon="-106.259286">
        <ele>2777.3</ele>
      </trkpt>
      <trkpt lat="38.54967" lon="-106.26939">
        <ele>2811.8</ele>
      </trkpt>
      <trkpt lat="38.550478" lon="-106.284475">
        <ele>2885.6</ele>
      </trkpt>
      <trkpt lat="38.551594" lon="-106.289754">
        <ele>2911.7</ele>
      </trkpt>
      <trkpt lat="38.552869" lon="-106.292502">
        <ele>2928.8</ele>
      </trkpt>
      <trkpt lat="38.552393" lon="-106.296454">
        <ele>2949.6</ele>
      </trkpt>
      <trkpt lat="38.55075" lon="-106.2981">
        <ele>2963.4</ele>
      </trkpt>
      <trkpt lat="38.54956" lon="-106.30098">
        <ele>2980.9</ele>
      </trkpt>
      <trkpt lat="38.548586" lon="-106.301911">
        <ele>2989.0</ele>
      </trkpt>
      <trkpt lat="38.546668" lon="-106.308173">
        <ele>3020.0</ele>
      </trkpt>
      <trkpt lat="38.54388" lon="-106.31075">
        <ele>3042.7</ele>
      </trkpt>
      <trkpt lat="38.54301" lon="-106.3132">
        <ele>3055.8</ele>
      </trkpt>
      <trkpt lat="38.538759" lon="-106.318925">
        <ele>3098.9</ele>
      </trkpt>
      <trkpt lat="38.53402" lon="-106.32118">
        <ele>3132.2</ele>
      </trkpt>
      <trkpt lat="38.530589" lon="-106.325001">
        <ele>3167.5</ele>
      </trkpt>
      <trkpt lat="38.525615" lon="-106.326579">
        <ele>3196.1</ele>
      </trkpt>
      <trkpt lat="38.521561" lon="-106.325977">
        <ele>3225.2</ele>
      </trkpt>
      <trkpt lat="38.519253" lon="-106.326187">
        <ele>3234.3</ele>
      </trkpt>
      <trkpt lat="38.518034" lon="-106.328448">
        <ele>3254.4</ele>
      </trkpt>
      <trkpt lat="38.516705" lon="-106.328991">
        <ele>3261.4</ele>
      </trkpt>
      <trkpt lat="38.514781" lon="-106.328668">
        <ele>3274.3</ele>
      </trkpt>
      <trkpt lat="38.512984" lon="-106.32912">
        <ele>3281.6</ele>
      </trkpt>
      <trkpt lat="38.509127" lon="-106.326255">
        <ele>3314.1</ele>
      </trkpt>
      <trkpt lat="38.506704" lon="-106.326033">
        <ele>3337.5</ele>
      </trkpt>
      <trkpt lat="38.50577" lon="-106.326387">
        <ele>3336.2</ele>
      </trkpt>
      <trkpt lat="38.503491" lon="-106.328977">
        <ele>3359.1</ele>
      </trkpt>
      <trkpt lat="38.502397" lon="-106.33124">
        <ele>3368.4</ele>
      </trkpt>
      <trkpt lat="38.498884" lon="-106.332602">
        <ele>3400.4</ele>
      </trkpt>
      <trkpt lat="38.497921" lon="-106.332165">
        <ele>3408.6</ele>
      </trkpt>
      <trkpt lat="38.497751" lon="-106.331542">
        <ele>3407.0</ele>
      </trkpt>
      <trkpt lat="38.499324" lon="-106.32894">
        <ele>3426.9</ele>
      </trkpt>
      <trkpt lat="38.499191" lon="-106.327715">
        <ele>3432.9</ele>
      </trkpt>
      <trkpt lat="38.498541" lon="-106.327089">
        <ele>3439.2</ele>
      </trkpt>
      <trkpt lat="38.496493" lon="-106.326107">
        <ele>3448.9</ele>
      </trkpt>
      <trkpt lat="38.493453" lon="-106.326912">
        <ele>3424.3</ele>
      </trkpt>
      <trkpt lat="38.491619" lon="-106.325805">
        <ele>3416.9</ele>
      </trkpt>
      <trkpt lat="38.491079" lon="-106.325919">
        <ele>3410.9</ele>
      </trkpt>
      <trkpt lat="38.489997" lon="-106.32828">
        <ele>3399.3</ele>
      </trkpt>
      <trkpt lat="38.48666" lon="-106.328667">
        <ele>3374.3</ele>
      </trkpt>
      <trkpt lat="38.486184" lon="-106.32915">
        <ele>3372.9</ele>
      </trkpt>
      <trkpt lat="38.485772" lon="-106.331581">
        <ele>3363.4</ele>
      </trkpt>
      <trkpt lat="38.48454" lon="-106.333006">
        <ele>3348.2</ele>
      </trkpt>
      <trkpt lat="38.484567" lon="-106.334389">
        <ele>3337.4</ele>
      </trkpt>
      <trkpt lat="38.48569" lon="-106.3374">
        <ele>3322.7</ele>
      </trkpt>
      <trkpt lat="38.485228" lon="-106.339907">
        <ele>3311.5</ele>
      </trkpt>
      <trkpt lat="38.484048" lon="-106.339908">
        <ele>3302.5</ele>
      </trkpt>
      <trkpt lat="38.478304" lon="-106.335568">
        <ele>3260.3</ele>
      </trkpt>
      <trkpt lat="38.477262" lon="-106.335486">
        <ele>3249.0</ele>
      </trkpt>
      <trkpt lat="38.476033" lon="-106.336257">
        <ele>3239.0</ele>
      </trkpt>
      <trkpt lat="38.47431" lon="-106.334894">
        <ele>3236.4</ele>
      </trkpt>
      <trkpt lat="38.470943" lon="-106.334842">
        <ele>3215.6</ele>
      </trkpt>
      <trkpt lat="38.469784" lon="-106.335111">
        <ele>3210.4</ele>
      </trkpt>
      <trkpt lat="38.468224" lon="-106.337237">
        <ele>3188.7</ele>
      </trkpt>
      <trkpt lat="38.468038" lon="-106.33901">
        <ele>3184.0</ele>
      </trkpt>
      <trkpt lat="38.468447" lon="-106.340134">
        <ele>3181.7</ele>
      </trkpt>
      <trkpt lat="38.468093" lon="-106.341406">
        <ele>3167.2</ele>
      </trkpt>
      <trkpt lat="38.467597" lon="-106.341718">
        <ele>3163.3</ele>
      </trkpt>
      <trkpt lat="38.466326" lon="-106.341347">
        <ele>3157.3</ele>
      </trkpt>
      <trkpt lat="38.463817" lon="-106.343391">
        <ele>3140.5</ele>
      </trkpt>
      <trkpt lat="38.462547" lon="-106.345102">
        <ele>3124.5</ele>
      </trkpt>
      <trkpt lat="38.458316" lon="-106.344259">
        <ele>3093.8</ele>
      </trkpt>
      <trkpt lat="38.456019" lon="-106.34325">
        <ele>3076.7</ele>
      </trkpt>
      <trkpt lat="38.454775" lon="-106.343656">
        <ele>3066.5</ele>
      </trkpt>
      <trkpt lat="38.453275" lon="-106.345997">
        <ele>3059.9</ele>
      </trkpt>
      <trkpt lat="38.452922" lon="-106.349182">
        <ele>3045.7</ele>
      </trkpt>
      <trkpt lat="38.454244" lon="-106.350866">
        <ele>3033.4</ele>
      </trkpt>
      <trkpt lat="38.4543" lon="-106.352083">
        <ele>3013.8</ele>
      </trkpt>
      <trkpt lat="38.453211" lon="-106.352746">
        <ele>3008.0</ele>
      </trkpt>
      <trkpt lat="38.451304" lon="-106.351898">
        <ele>2993.7</ele>
      </trkpt>
      <trkpt lat="38.449597" lon="-106.351796">
        <ele>2978.5</ele>
      </trkpt>
      <trkpt lat="38.447368" lon="-106.356949">
        <ele>2950.8</ele>
      </trkpt>
      <trkpt lat="38.446863" lon="-106.357401">
        <ele>2944.8</ele>
      </trkpt>
      <trkpt lat="38.445509" lon="-106.357432">
        <ele>2941.3</ele>
      </trkpt>
      <trkpt lat="38.443469" lon="-106.358677">
        <ele>2917.9</ele>
      </trkpt>
      <trkpt lat="38.440651" lon="-106.365603">
        <ele>2888.5</ele>
      </trkpt>
      <trkpt lat="38.439347" lon="-106.366656">
        <ele>2871.4</ele>
      </trkpt>
      <trkpt lat="38.439304" lon="-106.371857">
        <ele>2844.9</ele>
      </trkpt>
      <trkpt lat="38.439867" lon="-106.373197">
        <ele>2839.0</ele>
      </trkpt>
      <trkpt lat="38.440162" lon="-106.378457">
        <ele>2806.2</ele>
      </trkpt>
      <trkpt lat="38.438798" lon="-106.383159">
        <ele>2783.5</ele>
      </trkpt>
      <trkpt lat="38.433044" lon="-106.389226">
        <ele>2734.6</ele>
      </trkpt>
      <trkpt lat="38.431307" lon="-106.393792">
        <ele>2705.5</ele>
      </trkpt>
      <trkpt lat="38.427792" lon="-106.396855">
        <ele>2681.0</ele>
      </trkpt>
      <trkpt lat="38.425183" lon="-106.404782">
        <ele>2632.1</ele>
      </trkpt>
      <trkpt lat="38.420445" lon="-106.409233">
        <ele>2602.7</ele>
      </trkpt>
      <trkpt lat="38.40925" lon="-106.41356">
        <ele>2585.4</ele>
      </trkpt>
      <trkpt lat="38.40719" lon="-106.41537">
        <ele>2584.2</ele>
      </trkpt>
      <trkpt lat="38.40508" lon="-106.4204">
        <ele>2574.4</ele>
      </trkpt>
      <trkpt lat="38.40304" lon="-106.42229">
        <ele>2572.8</ele>
      </trkpt>
      <trkpt lat="38.40153" lon="-106.4227">
        <ele>2569.7</ele>
      </trkpt>
      <trkpt lat="38.39636" lon="-106.4227">
        <ele>2566.5</ele>
      </trkpt>
      <trkpt lat="38.39471" lon="-106.42441">
        <ele>2570.4</ele>
      </trkpt>
      <trkpt lat="38.38995" lon="-106.43526">
        <ele>2558.0</ele>
      </trkpt>
      <trkpt lat="38.38979" lon="-106.44329">
        <ele>2553.6</ele>
      </trkpt>
      <trkpt lat="38.388889" lon="-106.45128">
        <ele>2551.1</ele>
      </trkpt>
      <trkpt lat="38.389169" lon="-106.45259">
        <ele>2546.8</ele>
      </trkpt>
      <trkpt lat="38.394507" lon="-106.462141">
        <ele>2546.8</ele>
      </trkpt>
      <trkpt lat="38.396482" lon="-106.468466">
        <ele>2537.5</ele>
      </trkpt>
      <trkpt lat="38.39768" lon="-106.48063">
        <ele>2535.9</ele>
      </trkpt>
      <trkpt lat="38.39701" lon="-106.48819">
        <ele>2519.8</ele>
      </trkpt>
      <trkpt lat="38.39749" lon="-106.49104">
        <ele>2522.8</ele>
      </trkpt>
      <trkpt lat="38.39981" lon="-106.494044">
        <ele>2523.9</ele>
      </trkpt>
      <trkpt lat="38.404543" lon="-106.49701">
        <ele>2524.1</ele>
      </trkpt>
      <trkpt lat="38.40743" lon="-106.50059">
        <ele>2512.1</ele>
      </trkpt>
      <trkpt lat="38.411761" lon="-106.50475">
        <ele>2515.4</ele>
      </trkpt>
      <trkpt lat="38.41278" lon="-106.50674">
        <ele>2519.0</ele>
      </trkpt>
      <trkpt lat="38.4143" lon="-106.51337">
        <ele>2504.6</ele>
      </trkpt>
      <trkpt lat="38.417582" lon="-106.521977">
        <ele>2499.7</ele>
      </trkpt>
      <trkpt lat="38.419977" lon="-106.5238">
        <ele>2498.9</ele>
      </trkpt>
      <trkpt lat="38.425516" lon="-106.525588">
        <ele>2499.0</ele>
      </trkpt>
      <trkpt lat="38.43383" lon="-106.53946">
        <ele>2495.2</ele>
      </trkpt>
      <trkpt lat="38.435062" lon="-106.542851">
        <ele>2495.1</ele>
      </trkpt>
      <trkpt lat="38.43904" lon="-106.57045">
        <ele>2490.6</ele>
      </trkpt>
      <trkpt lat="38.441797" lon="-106.583086">
        <ele>2473.2</ele>
      </trkpt>
      <trkpt lat="38.448305" lon="-106.597449">
        <ele>2464.5</ele>
      </trkpt>
      <trkpt lat="38.455314" lon="-106.615475">
        <ele>2457.1</ele>
      </trkpt>
      <trkpt lat="38.47602" lon="-106.66227">
        <ele>2442.9</ele>
      </trkpt>
      <trkpt lat="38.47918" lon="-106.66602">
        <ele>2442.8</ele>
      </trkpt>
      <trkpt lat="38.481183" lon="-106.669933">
        <ele>2435.5</ele>
      </trkpt>
      <trkpt lat="38.485081" lon="-106.675327">
        <ele>2439.4</ele>
      </trkpt>
      <trkpt lat="38.486326" lon="-106.6781">
        <ele>2440.1</ele>
      </trkpt>
      <trkpt lat="38.489285" lon="-106.691544">
        <ele>2437.6</ele>
      </trkpt>
      <trkpt lat="38.490116" lon="-106.699059">
        <ele>2426.6</ele>
      </trkpt>
      <trkpt lat="38.49232" lon="-106.70507">
        <ele>2424.7</ele>
      </trkpt>
      <trkpt lat="38.49417" lon="-106.71293">
        <ele>2430.4</ele>
      </trkpt>
      <trkpt lat="38.49847" lon="-106.72417">
        <ele>2425.1</ele>
      </trkpt>
      <trkpt lat="38.50069" lon="-106.72705">
        <ele>2418.4</ele>
      </trkpt>
      <trkpt lat="38.50922" lon="-106.73381">
        <ele>2432.4</ele>
      </trkpt>
      <trkpt lat="38.512211" lon="-106.738846">
        <ele>2426.2</ele>
      </trkpt>
      <trkpt lat="38.51285" lon="-106.742694">
        <ele>2426.3</ele>
      </trkpt>
      <trkpt lat="38.513148" lon="-106.752515">
        <ele>2419.6</ele>
      </trkpt>
      <trkpt lat="38.519135" lon="-106.768645">
        <ele>2400.7</ele>
      </trkpt>
      <trkpt lat="38.523237" lon="-106.785324">
        <ele>2389.7</ele>
      </trkpt>
      <trkpt lat="38.524795" lon="-106.810356">
        <ele>2379.7</ele>
      </trkpt>
      <trkpt lat="38.531082" lon="-106.824175">
        <ele>2380.8</ele>
      </trkpt>
      <trkpt lat="38.533228" lon="-106.835557">
        <ele>2378.1</ele>
      </trkpt>
      <trkpt lat="38.536443" lon="-106.842936">
        <ele>2371.7</ele>
      </trkpt>
      <trkpt lat="38.5372" lon="-106.852035">
        <ele>2362.7</ele>
      </trkpt>
      <trkpt lat="38.53847" lon="-106.854379">
        <ele>2365.5</ele>
      </trkpt>
      <trkpt lat="38.543599" lon="-106.859328">
        <ele>2369.3</ele>
      </trkpt>
      <trkpt lat="38.544789" lon="-106.86256">
        <ele>2366.9</ele>
      </trkpt>
      <trkpt lat="38.544687" lon="-106.876729">
        <ele>2354.4</ele>
      </trkpt>
      <trkpt lat="38.543974" lon="-106.881353">
        <ele>2359.3</ele>
      </trkpt>
      <trkpt lat="38.544562" lon="-106.88532">
        <ele>2350.5</ele>
      </trkpt>
      <trkpt lat="38.544407" lon="-106.937414">
        <ele>2341.7</ele>
      </trkpt>
      <trkpt lat="38.543476" lon="-106.93879">
        <ele>2340.6</ele>
      </trkpt>
      <trkpt lat="38.538101" lon="-106.94057">
        <ele>2334.2</ele>
      </trkpt>
      <trkpt lat="38.536091" lon="-106.942965">
        <ele>2336.1</ele>
      </trkpt>
      <trkpt lat="38.523173" lon="-106.975143">
        <ele>2317.8</ele>
      </trkpt>
      <trkpt lat="38.522511" lon="-106.977856">
        <ele>2315.7</ele>
      </trkpt>
      <trkpt lat="38.522703" lon="-106.990307">
        <ele>2312.1</ele>
      </trkpt>
      <trkpt lat="38.519855" lon="-107.00489">
        <ele>2305.9</ele>
      </trkpt>
      <trkpt lat="38.515847" lon="-107.019682">
        <ele>2304.4</ele>
      </trkpt>
      <trkpt lat="38.511333" lon="-107.024144">
        <ele>2305.8</ele>
      </trkpt>
      <trkpt lat="38.506542" lon="-107.027097">
        <ele>2306.7</ele>
      </trkpt>
      <trkpt lat="38.500144" lon="-107.026023">
        <ele>2294.3</ele>
      </trkpt>
      <trkpt lat="38.497449" lon="-107.027026">
        <ele>2293.3</ele>
      </trkpt>
      <trkpt lat="38.492788" lon="-107.033892">
        <ele>2302.7</ele>
      </trkpt>
      <trkpt lat="38.490663" lon="-107.034623">
        <ele>2294.8</ele>
      </trkpt>
      <trkpt lat="38.489424" lon="-107.035744">
        <ele>2296.8</ele>
      </trkpt>
      <trkpt lat="38.489361" lon="-107.039684">
        <ele>2297.3</ele>
      </trkpt>
      <trkpt lat="38.488593" lon="-107.040882">
        <ele>2293.3</ele>
      </trkpt>
      <trkpt lat="38.486836" lon="-107.041799">
        <ele>2293.1</ele>
      </trkpt>
      <trkpt lat="38.486129" lon="-107.043488">
        <ele>2301.7</ele>
      </trkpt>
      <trkpt lat="38.487233" lon="-107.047341">
        <ele>2300.8</ele>
      </trkpt>
      <trkpt lat="38.486074" lon="-107.050069">
        <ele>2320.4</ele>
      </trkpt>
      <trkpt lat="38.486001" lon="-107.051392">
        <ele>2297.7</ele>
      </trkpt>
      <trkpt lat="38.486305" lon="-107.052226">
        <ele>2296.4</ele>
      </trkpt>
      <trkpt lat="38.489091" lon="-107.054596">
        <ele>2298.2</ele>
      </trkpt>
      <trkpt lat="38.489681" lon="-107.055704">
        <ele>2302.2</ele>
      </trkpt>
      <trkpt lat="38.48906" lon="-107.06153">
        <ele>2301.2</ele>
      </trkpt>
      <trkpt lat="38.486983" lon="-107.0647">
        <ele>2293.3</ele>
      </trkpt>
      <trkpt lat="38.486683" lon="-107.066555">
        <ele>2312.0</ele>
      </trkpt>
      <trkpt lat="38.488119" lon="-107.071396">
        <ele>2308.9</ele>
      </trkpt>
      <trkpt lat="38.488789" lon="-107.076957">
        <ele>2299.7</ele>
      </trkpt>
      <trkpt lat="38.488744" lon="-107.08805">
        <ele>2302.7</ele>
      </trkpt>
      <trkpt lat="38.48815" lon="-107.092146">
        <ele>2301.0</ele>
      </trkpt>
      <trkpt lat="38.48226" lon="-107.11552">
        <ele>2298.9</ele>
      </trkpt>
      <trkpt lat="38.47996" lon="-107.12124">
        <ele>2320.1</ele>
      </trkpt>
      <trkpt lat="38.475377" lon="-107.128093">
        <ele>2327.7</ele>
      </trkpt>
      <trkpt lat="38.474172" lon="-107.131176">
        <ele>2325.0</ele>
      </trkpt>
      <trkpt lat="38.47284" lon="-107.14802">
        <ele>2307.6</ele>
      </trkpt>
      <trkpt lat="38.469673" lon="-107.165362">
        <ele>2323.7</ele>
      </trkpt>
      <trkpt lat="38.469876" lon="-107.16823">
        <ele>2316.0</ele>
      </trkpt>
      <trkpt lat="38.471268" lon="-107.171097">
        <ele>2316.1</ele>
      </trkpt>
      <trkpt lat="38.47693" lon="-107.17454">
        <ele>2293.2</ele>
      </trkpt>
      <trkpt lat="38.47759" lon="-107.175598">
        <ele>2293.2</ele>
      </trkpt>
      <trkpt lat="38.478187" lon="-107.180977">
        <ele>2305.7</ele>
      </trkpt>
      <trkpt lat="38.481368" lon="-107.188845">
        <ele>2293.2</ele>
      </trkpt>
      <trkpt lat="38.481499" lon="-107.190873">
        <ele>2298.5</ele>
      </trkpt>
      <trkpt lat="38.480917" lon="-107.193909">
        <ele>2306.4</ele>
      </trkpt>
      <trkpt lat="38.483132" lon="-107.198429">
        <ele>2323.1</ele>
      </trkpt>
      <trkpt lat="38.483553" lon="-107.203259">
        <ele>2301.3</ele>
      </trkpt>
      <trkpt lat="38.481759" lon="-107.20829">
        <ele>2309.7</ele>
      </trkpt>
      <trkpt lat="38.481617" lon="-107.211514">
        <ele>2293.2</ele>
      </trkpt>
      <trkpt lat="38.479095" lon="-107.215189">
        <ele>2311.3</ele>
      </trkpt>
      <trkpt lat="38.477673" lon="-107.21999">
        <ele>2300.1</ele>
      </trkpt>
      <trkpt lat="38.47641" lon="-107.229787">
        <ele>2293.2</ele>
      </trkpt>
      <trkpt lat="38.474712" lon="-107.232603">
        <ele>2305.6</ele>
      </trkpt>
      <trkpt lat="38.473605" lon="-107.236971">
        <ele>2297.7</ele>
      </trkpt>
      <trkpt lat="38.471825" lon="-107.239611">
        <ele>2300.7</ele>
      </trkpt>
      <trkpt lat="38.471097" lon="-107.242993">
        <ele>2305.3</ele>
      </trkpt>
      <trkpt lat="38.471676" lon="-107.249262">
        <ele>2305.8</ele>
      </trkpt>
      <trkpt lat="38.471145" lon="-107.25188">
        <ele>2299.8</ele>
      </trkpt>
      <trkpt lat="38.470199" lon="-107.252981">
        <ele>2295.9</ele>
      </trkpt>
      <trkpt lat="38.465715" lon="-107.254313">
        <ele>2293.5</ele>
      </trkpt>
      <trkpt lat="38.464365" lon="-107.256745">
        <ele>2314.0</ele>
      </trkpt>
      <trkpt lat="38.465617" lon="-107.268931">
        <ele>2300.1</ele>
      </trkpt>
      <trkpt lat="38.468319" lon="-107.278773">
        <ele>2315.1</ele>
      </trkpt>
      <trkpt lat="38.468249" lon="-107.280581">
        <ele>2317.2</ele>
      </trkpt>
      <trkpt lat="38.466546" lon="-107.285801">
        <ele>2312.1</ele>
      </trkpt>
      <trkpt lat="38.466785" lon="-107.295798">
        <ele>2309.9</ele>
      </trkpt>
      <trkpt lat="38.466235" lon="-107.298836">
        <ele>2306.3</ele>
      </trkpt>
      <trkpt lat="38.464534" lon="-107.301666">
        <ele>2323.7</ele>
      </trkpt>
      <trkpt lat="38.462517" lon="-107.303097">
        <ele>2301.5</ele>
      </trkpt>
      <trkpt lat="38.461236" lon="-107.303387">
        <ele>2308.1</ele>
      </trkpt>
      <trkpt lat="38.458178" lon="-107.302732">
        <ele>2316.6</ele>
      </trkpt>
      <trkpt lat="38.455229" lon="-107.300213">
        <ele>2318.6</ele>
      </trkpt>
      <trkpt lat="38.454215" lon="-107.29993">
        <ele>2305.2</ele>
      </trkpt>
      <trkpt lat="38.452513" lon="-107.300278">
        <ele>2299.7</ele>
      </trkpt>
      <trkpt lat="38.451415" lon="-107.301331">
        <ele>2295.0</ele>
      </trkpt>
      <trkpt lat="38.450541" lon="-107.30474">
        <ele>2295.0</ele>
      </trkpt>
      <trkpt lat="38.45263" lon="-107.3132">
        <ele>2311.4</ele>
      </trkpt>
      <trkpt lat="38.452684" lon="-107.315045">
        <ele>2319.8</ele>
      </trkpt>
      <trkpt lat="38.451375" lon="-107.319704">
        <ele>2320.2</ele>
      </trkpt>
      <trkpt lat="38.45163" lon="-107.324619">
        <ele>2347.1</ele>
      </trkpt>
      <trkpt lat="38.450557" lon="-107.336943">
        <ele>2357.6</ele>
      </trkpt>
      <trkpt lat="38.44849" lon="-107.339895">
        <ele>2371.2</ele>
      </trkpt>
      <trkpt lat="38.445355" lon="-107.341815">
        <ele>2374.2</ele>
      </trkpt>
      <trkpt lat="38.443416" lon="-107.341817">
        <ele>2391.7</ele>
      </trkpt>
      <trkpt lat="38.44101" lon="-107.340207">
        <ele>2392.6</ele>
      </trkpt>
      <trkpt lat="38.439752" lon="-107.340666">
        <ele>2394.9</ele>
      </trkpt>
      <trkpt lat="38.439021" lon="-107.341825">
        <ele>2412.4</ele>
      </trkpt>
      <trkpt lat="38.43906" lon="-107.34392">
        <ele>2421.9</ele>
      </trkpt>
      <trkpt lat="38.44113" lon="-107.349477">
        <ele>2444.2</ele>
      </trkpt>
      <trkpt lat="38.440584" lon="-107.354267">
        <ele>2454.3</ele>
      </trkpt>
      <trkpt lat="38.441219" lon="-107.360164">
        <ele>2472.0</ele>
      </trkpt>
      <trkpt lat="38.437974" lon="-107.395323">
        <ele>2538.5</ele>
      </trkpt>
      <trkpt lat="38.43737" lon="-107.39724">
        <ele>2561.5</ele>
      </trkpt>
      <trkpt lat="38.435881" lon="-107.399136">
        <ele>2590.0</ele>
      </trkpt>
      <trkpt lat="38.43469" lon="-107.39983">
        <ele>2569.8</ele>
      </trkpt>
      <trkpt lat="38.433786" lon="-107.399794">
        <ele>2576.1</ele>
      </trkpt>
      <trkpt lat="38.431206" lon="-107.398299">
        <ele>2571.9</ele>
      </trkpt>
      <trkpt lat="38.42998" lon="-107.398307">
        <ele>2572.5</ele>
      </trkpt>
      <trkpt lat="38.426939" lon="-107.401551">
        <ele>2593.6</ele>
      </trkpt>
      <trkpt lat="38.423603" lon="-107.402447">
        <ele>2592.5</ele>
      </trkpt>
      <trkpt lat="38.42204" lon="-107.40141">
        <ele>2584.7</ele>
      </trkpt>
      <trkpt lat="38.420109" lon="-107.397726">
        <ele>2568.4</ele>
      </trkpt>
      <trkpt lat="38.419334" lon="-107.397338">
        <ele>2562.3</ele>
      </trkpt>
      <trkpt lat="38.41881" lon="-107.39836">
        <ele>2559.3</ele>
      </trkpt>
      <trkpt lat="38.419658" lon="-107.400263">
        <ele>2542.9</ele>
      </trkpt>
      <trkpt lat="38.419554" lon="-107.401702">
        <ele>2544.8</ele>
      </trkpt>
      <trkpt lat="38.416625" lon="-107.405366">
        <ele>2514.1</ele>
      </trkpt>
      <trkpt lat="38.414011" lon="-107.407314">
        <ele>2498.3</ele>
      </trkpt>
      <trkpt lat="38.41325" lon="-107.407301">
        <ele>2501.9</ele>
      </trkpt>
      <trkpt lat="38.411969" lon="-107.405609">
        <ele>2495.2</ele>
      </trkpt>
      <trkpt lat="38.410936" lon="-107.405579">
        <ele>2494.1</ele>
      </trkpt>
      <trkpt lat="38.40472" lon="-107.40806">
        <ele>2496.2</ele>
      </trkpt>
      <trkpt lat="38.402104" lon="-107.412106">
        <ele>2511.7</ele>
      </trkpt>
      <trkpt lat="38.393435" lon="-107.414555">
        <ele>2546.8</ele>
      </trkpt>
      <trkpt lat="38.389703" lon="-107.419453">
        <ele>2572.5</ele>
      </trkpt>
      <trkpt lat="38.388162" lon="-107.422991">
        <ele>2596.7</ele>
      </trkpt>
      <trkpt lat="38.385552" lon="-107.425693">
        <ele>2617.7</ele>
      </trkpt>
      <trkpt lat="38.384314" lon="-107.428344">
        <ele>2633.6</ele>
      </trkpt>
      <trkpt lat="38.384442" lon="-107.429688">
        <ele>2637.3</ele>
      </trkpt>
      <trkpt lat="38.386139" lon="-107.433513">
        <ele>2655.0</ele>
      </trkpt>
      <trkpt lat="38.39018" lon="-107.43896">
        <ele>2617.0</ele>
      </trkpt>
      <trkpt lat="38.39161" lon="-107.44399">
        <ele>2587.9</ele>
      </trkpt>
      <trkpt lat="38.39341" lon="-107.445">
        <ele>2575.4</ele>
      </trkpt>
      <trkpt lat="38.3941" lon="-107.44665">
        <ele>2565.1</ele>
      </trkpt>
      <trkpt lat="38.3952" lon="-107.44768">
        <ele>2556.9</ele>
      </trkpt>
      <trkpt lat="38.39679" lon="-107.45235">
        <ele>2527.3</ele>
      </trkpt>
      <trkpt lat="38.39642" lon="-107.45405">
        <ele>2513.9</ele>
      </trkpt>
      <trkpt lat="38.39386" lon="-107.45448">
        <ele>2501.6</ele>
      </trkpt>
      <trkpt lat="38.39294" lon="-107.45614">
        <ele>2491.3</ele>
      </trkpt>
      <trkpt lat="38.39323" lon="-107.45752">
        <ele>2487.1</ele>
      </trkpt>
      <trkpt lat="38.3954" lon="-107.46056">
        <ele>2465.1</ele>
      </trkpt>
      <trkpt lat="38.39592" lon="-107.46207">
        <ele>2456.9</ele>
      </trkpt>
      <trkpt lat="38.39569" lon="-107.4679">
        <ele>2429.8</ele>
      </trkpt>
      <trkpt lat="38.39431" lon="-107.47096">
        <ele>2413.2</ele>
      </trkpt>
      <trkpt lat="38.39398" lon="-107.47346">
        <ele>2403.0</ele>
      </trkpt>
      <trkpt lat="38.39436" lon="-107.47501">
        <ele>2397.3</ele>
      </trkpt>
      <trkpt lat="38.39603" lon="-107.47744">
        <ele>2377.4</ele>
      </trkpt>
      <trkpt lat="38.39627" lon="-107.47925">
        <ele>2369.8</ele>
      </trkpt>
      <trkpt lat="38.39536" lon="-107.48098">
        <ele>2357.2</ele>
      </trkpt>
      <trkpt lat="38.39281" lon="-107.48228">
        <ele>2339.9</ele>
      </trkpt>
      <trkpt lat="38.39208" lon="-107.48428">
        <ele>2336.8</ele>
      </trkpt>
      <trkpt lat="38.39237" lon="-107.48566">
        <ele>2323.3</ele>
      </trkpt>
      <trkpt lat="38.39617" lon="-107.49277">
        <ele>2277.0</ele>
      </trkpt>
      <trkpt lat="38.39751" lon="-107.49777">
        <ele>2256.8</ele>
      </trkpt>
      <trkpt lat="38.40451" lon="-107.51228">
        <ele>2209.4</ele>
      </trkpt>
      <trkpt lat="38.4071" lon="-107.5162">
        <ele>2188.0</ele>
      </trkpt>
      <trkpt lat="38.40994" lon="-107.51889">
        <ele>2168.2</ele>
      </trkpt>
      <trkpt lat="38.41156" lon="-107.52116">
        <ele>2163.8</ele>
      </trkpt>
      <trkpt lat="38.41336" lon="-107.52572">
        <ele>2156.2</ele>
      </trkpt>
      <trkpt lat="38.41978" lon="-107.53045">
        <ele>2144.4</ele>
      </trkpt>
      <trkpt lat="38.4224" lon="-107.53303">
        <ele>2142.2</ele>
      </trkpt>
      <trkpt lat="38.42535" lon="-107.5342">
        <ele>2144.5</ele>
      </trkpt>
      <trkpt lat="38.43013" lon="-107.53834">
        <ele>2131.8</ele>
      </trkpt>
      <trkpt lat="38.43637" lon="-107.54593">
        <ele>2120.4</ele>
      </trkpt>
      <trkpt lat="38.43914" lon="-107.55283">
        <ele>2107.1</ele>
      </trkpt>
      <trkpt lat="38.44263" lon="-107.55729">
        <ele>2101.3</ele>
      </trkpt>
      <trkpt lat="38.44257" lon="-107.56098">
        <ele>2118.8</ele>
      </trkpt>
      <trkpt lat="38.44081" lon="-107.56924">
        <ele>2141.5</ele>
      </trkpt>
      <trkpt lat="38.44228" lon="-107.58111">
        <ele>2178.3</ele>
      </trkpt>
      <trkpt lat="38.44161" lon="-107.58273">
        <ele>2178.5</ele>
      </trkpt>
      <trkpt lat="38.43834" lon="-107.58637">
        <ele>2213.2</ele>
      </trkpt>
      <trkpt lat="38.43792" lon="-107.5919">
        <ele>2235.4</ele>
      </trkpt>
      <trkpt lat="38.44346" lon="-107.61168">
        <ele>2322.7</ele>
      </trkpt>
      <trkpt lat="38.44344" lon="-107.61367">
        <ele>2322.8</ele>
      </trkpt>
      <trkpt lat="38.44247" lon="-107.61642">
        <ele>2349.1</ele>
      </trkpt>
      <trkpt lat="38.44262" lon="-107.61772">
        <ele>2353.0</ele>
      </trkpt>
      <trkpt lat="38.4436" lon="-107.61907">
        <ele>2369.1</ele>
      </trkpt>
      <trkpt lat="38.44609" lon="-107.62005">
        <ele>2365.6</ele>
      </trkpt>
      <trkpt lat="38.44689" lon="-107.62181">
        <ele>2353.0</ele>
      </trkpt>
      <trkpt lat="38.44653" lon="-107.62366">
        <ele>2364.8</ele>
      </trkpt>
      <trkpt lat="38.4437" lon="-107.62878">
        <ele>2380.6</ele>
      </trkpt>
      <trkpt lat="38.44235" lon="-107.63372">
        <ele>2411.3</ele>
      </trkpt>
      <trkpt lat="38.44237" lon="-107.63596">
        <ele>2416.2</ele>
      </trkpt>
      <trkpt lat="38.44316" lon="-107.63769">
        <ele>2410.6</ele>
      </trkpt>
      <trkpt lat="38.44637" lon="-107.64166">
        <ele>2415.9</ele>
      </trkpt>
      <trkpt lat="38.44744" lon="-107.644">
        <ele>2402.3</ele>
      </trkpt>
      <trkpt lat="38.45006" lon="-107.64638">
        <ele>2379.3</ele>
      </trkpt>
      <trkpt lat="38.45091" lon="-107.65218">
        <ele>2349.0</ele>
      </trkpt>
      <trkpt lat="38.45221" lon="-107.65519">
        <ele>2330.5</ele>
      </trkpt>
      <trkpt lat="38.4516" lon="-107.65887">
        <ele>2313.4</ele>
      </trkpt>
      <trkpt lat="38.45183" lon="-107.66035">
        <ele>2303.0</ele>
      </trkpt>
      <trkpt lat="38.45636" lon="-107.66452">
        <ele>2265.2</ele>
      </trkpt>
      <trkpt lat="38.45864" lon="-107.66889">
        <ele>2236.6</ele>
      </trkpt>
      <trkpt lat="38.45893" lon="-107.67059">
        <ele>2232.3</ele>
      </trkpt>
      <trkpt lat="38.45839" lon="-107.67528">
        <ele>2212.6</ele>
      </trkpt>
      <trkpt lat="38.46174" lon="-107.68194">
        <ele>2176.8</ele>
      </trkpt>
      <trkpt lat="38.46247" lon="-107.68519">
        <ele>2161.6</ele>
      </trkpt>
      <trkpt lat="38.46437" lon="-107.68887">
        <ele>2140.3</ele>
      </trkpt>
      <trkpt lat="38.46728" lon="-107.69233">
        <ele>2112.6</ele>
      </trkpt>
      <trkpt lat="38.4868" lon="-107.72729">
        <ele>2026.5</ele>
      </trkpt>
      <trkpt lat="38.4883" lon="-107.73125">
        <ele>2019.6</ele>
      </trkpt>
      <trkpt lat="38.48871" lon="-107.73551">
        <ele>2014.3</ele>
      </trkpt>
      <trkpt lat="38.48768" lon="-107.7553">
        <ele>1964.9</ele>
      </trkpt>
      <trkpt lat="38.48862" lon="-107.76685">
        <ele>1944.1</ele>
      </trkpt>
      <trkpt lat="38.48912" lon="-107.79779">
        <ele>1878.8</ele>
      </trkpt>
      <trkpt lat="38.4886" lon="-107.80469">
        <ele>1866.7</ele>
      </trkpt>
      <trkpt lat="38.48881" lon="-107.846852">
        <ele>1798.1</ele>
      </trkpt>
      <trkpt lat="38.4878" lon="-107.8631">
        <ele>1776.9</ele>
      </trkpt>
      <trkpt lat="38.487072" lon="-107.865517">
        <ele>1775.3</ele>
      </trkpt>
      <trkpt lat="38.47875" lon="-107.87772">
        <ele>1768.6</ele>
      </trkpt>
      <trkpt lat="38.46932" lon="-107.86723">
        <ele>1780.9</ele>
      </trkpt>
      <trkpt lat="38.46783" lon="-107.86633">
        <ele>1781.8</ele>
      </trkpt>
      <trkpt lat="38.44932" lon="-107.86627">
        <ele>1793.5</ele>
      </trkpt>
      <trkpt lat="38.44137" lon="-107.86681">
        <ele>1794.6</ele>
      </trkpt>
      <trkpt lat="38.43342" lon="-107.866228">
        <ele>1808.3</ele>
      </trkpt>
      <trkpt lat="38.43012" lon="-107.8639">
        <ele>1813.3</ele>
      </trkpt>
      <trkpt lat="38.34512" lon="-107.79025">
        <ele>1919.8</ele>
      </trkpt>
      <trkpt lat="38.33351" lon="-107.78398">
        <ele>1933.6</ele>
      </trkpt>
      <trkpt lat="38.323103" lon="-107.77684">
        <ele>1946.3</ele>
      </trkpt>
      <trkpt lat="38.31983" lon="-107.775332">
        <ele>1952.4</ele>
      </trkpt>
      <trkpt lat="38.311781" lon="-107.774595">
        <ele>1962.6</ele>
      </trkpt>
      <trkpt lat="38.307025" lon="-107.773075">
        <ele>1966.7</ele>
      </trkpt>
      <trkpt lat="38.301554" lon="-107.773474">
        <ele>1971.7</ele>
      </trkpt>
      <trkpt lat="38.297241" lon="-107.772636">
        <ele>1976.9</ele>
      </trkpt>
      <trkpt lat="38.291621" lon="-107.770458">
        <ele>1983.2</ele>
      </trkpt>
      <trkpt lat="38.287599" lon="-107.766277">
        <ele>1989.1</ele>
      </trkpt>
      <trkpt lat="38.284874" lon="-107.764812">
        <ele>1989.7</ele>
      </trkpt>
      <trkpt lat="38.28374" lon="-107.76459">
        <ele>1984.6</ele>
      </trkpt>
      <trkpt lat="38.278137" lon="-107.765347">
        <ele>1993.9</ele>
      </trkpt>
      <trkpt lat="38.27558" lon="-107.76642">
        <ele>1994.7</ele>
      </trkpt>
      <trkpt lat="38.273955" lon="-107.766312">
        <ele>1995.1</ele>
      </trkpt>
      <trkpt lat="38.268739" lon="-107.763074">
        <ele>2004.9</ele>
      </trkpt>
      <trkpt lat="38.265934" lon="-107.760152">
        <ele>2009.0</ele>
      </trkpt>
      <trkpt lat="38.261226" lon="-107.756977">
        <ele>2017.3</ele>
      </trkpt>
      <trkpt lat="38.259309" lon="-107.75691">
        <ele>2020.3</ele>
      </trkpt>
      <trkpt lat="38.248252" lon="-107.759243">
        <ele>2038.5</ele>
      </trkpt>
      <trkpt lat="38.246074" lon="-107.758859">
        <ele>2037.9</ele>
      </trkpt>
      <trkpt lat="38.245152" lon="-107.75784">
        <ele>2045.0</ele>
      </trkpt>
      <trkpt lat="38.24455" lon="-107.75611">
        <ele>2042.4</ele>
      </trkpt>
      <trkpt lat="38.243391" lon="-107.748741">
        <ele>2055.7</ele>
      </trkpt>
      <trkpt lat="38.238918" lon="-107.739396">
        <ele>2071.6</ele>
      </trkpt>
      <trkpt lat="38.234652" lon="-107.735384">
        <ele>2071.7</ele>
      </trkpt>
      <trkpt lat="38.231086" lon="-107.730178">
        <ele>2084.6</ele>
      </trkpt>
      <trkpt lat="38.224676" lon="-107.726849">
        <ele>2111.3</ele>
      </trkpt>
      <trkpt lat="38.220273" lon="-107.728225">
        <ele>2105.5</ele>
      </trkpt>
      <trkpt lat="38.213284" lon="-107.727046">
        <ele>2110.5</ele>
      </trkpt>
      <trkpt lat="38.211306" lon="-107.72729">
        <ele>2126.0</ele>
      </trkpt>
      <trkpt lat="38.205981" lon="-107.732339">
        <ele>2107.2</ele>
      </trkpt>
      <trkpt lat="38.199968" lon="-107.7354">
        <ele>2105.8</ele>
      </trkpt>
      <trkpt lat="38.196667" lon="-107.741367">
        <ele>2108.0</ele>
      </trkpt>
      <trkpt lat="38.195533" lon="-107.742533">
        <ele>2107.7</ele>
      </trkpt>
      <trkpt lat="38.19199" lon="-107.744878">
        <ele>2113.3</ele>
      </trkpt>
      <trkpt lat="38.18789" lon="-107.746264">
        <ele>2112.7</ele>
      </trkpt>
      <trkpt lat="38.185825" lon="-107.746401">
        <ele>2112.3</ele>
      </trkpt>
      <trkpt lat="38.182794" lon="-107.744204">
        <ele>2112.3</ele>
      </trkpt>
      <trkpt lat="38.180366" lon="-107.743863">
        <ele>2121.7</ele>
      </trkpt>
      <trkpt lat="38.175187" lon="-107.74189">
        <ele>2137.9</ele>
      </trkpt>
      <trkpt lat="38.1725" lon="-107.742458">
        <ele>2139.2</ele>
      </trkpt>
      <trkpt lat="38.16393" lon="-107.746872">
        <ele>2139.9</ele>
      </trkpt>
      <trkpt lat="38.162133" lon="-107.748245">
        <ele>2140.3</ele>
      </trkpt>
      <trkpt lat="38.15935" lon="-107.752128">
        <ele>2144.4</ele>
      </trkpt>
      <trkpt lat="38.157947" lon="-107.752826">
        <ele>2138.5</ele>
      </trkpt>
      <trkpt lat="38.155783" lon="-107.752517">
        <ele>2130.9</ele>
      </trkpt>
      <trkpt lat="38.151754" lon="-107.748659">
        <ele>2129.2</ele>
      </trkpt>
      <trkpt lat="38.151251" lon="-107.76421">
        <ele>2164.1</ele>
      </trkpt>
      <trkpt lat="38.154144" lon="-107.767739">
        <ele>2187.5</ele>
      </trkpt>
      <trkpt lat="38.156986" lon="-107.769407">
        <ele>2200.9</ele>
      </trkpt>
      <trkpt lat="38.15909" lon="-107.77281">
        <ele>2197.9</ele>
      </trkpt>
      <trkpt lat="38.159385" lon="-107.796129">
        <ele>2225.1</ele>
      </trkpt>
      <trkpt lat="38.15923" lon="-107.80231">
        <ele>2233.7</ele>
      </trkpt>
      <trkpt lat="38.15864" lon="-107.80466">
        <ele>2233.9</ele>
      </trkpt>
      <trkpt lat="38.15756" lon="-107.806437">
        <ele>2230.0</ele>
      </trkpt>
      <trkpt lat="38.155841" lon="-107.807794">
        <ele>2226.1</ele>
      </trkpt>
      <trkpt lat="38.148323" lon="-107.810352">
        <ele>2254.2</ele>
      </trkpt>
      <trkpt lat="38.1405" lon="-107.81508">
        <ele>2267.5</ele>
      </trkpt>
      <trkpt lat="38.13597" lon="-107.82206">
        <ele>2281.8</ele>
      </trkpt>
      <trkpt lat="38.13206" lon="-107.8262">
        <ele>2295.1</ele>
      </trkpt>
      <trkpt lat="38.128812" lon="-107.828603">
        <ele>2306.3</ele>
      </trkpt>
      <trkpt lat="38.12692" lon="-107.83148">
        <ele>2319.1</ele>
      </trkpt>
      <trkpt lat="38.122796" lon="-107.835194">
        <ele>2351.3</ele>
      </trkpt>
      <trkpt lat="38.121953" lon="-107.837523">
        <ele>2358.7</ele>
      </trkpt>
      <trkpt lat="38.121894" lon="-107.841321">
        <ele>2368.7</ele>
      </trkpt>
      <trkpt lat="38.121212" lon="-107.843791">
        <ele>2368.5</ele>
      </trkpt>
      <trkpt lat="38.119027" lon="-107.849762">
        <ele>2403.7</ele>
      </trkpt>
      <trkpt lat="38.116376" lon="-107.854857">
        <ele>2436.1</ele>
      </trkpt>
      <trkpt lat="38.116556" lon="-107.857503">
        <ele>2450.4</ele>
      </trkpt>
      <trkpt lat="38.118574" lon="-107.86348">
        <ele>2478.2</ele>
      </trkpt>
      <trkpt lat="38.11806" lon="-107.86582">
        <ele>2493.5</ele>
      </trkpt>
      <trkpt lat="38.116662" lon="-107.866859">
        <ele>2508.9</ele>
      </trkpt>
      <trkpt lat="38.115822" lon="-107.866901">
        <ele>2514.6</ele>
      </trkpt>
      <trkpt lat="38.11248" lon="-107.86428">
        <ele>2539.3</ele>
      </trkpt>
      <trkpt lat="38.110433" lon="-107.864222">
        <ele>2552.1</ele>
      </trkpt>
      <trkpt lat="38.103403" lon="-107.86936">
        <ele>2612.5</ele>
      </trkpt>
      <trkpt lat="38.100271" lon="-107.871025">
        <ele>2647.0</ele>
      </trkpt>
      <trkpt lat="38.09935" lon="-107.872622">
        <ele>2648.4</ele>
      </trkpt>
      <trkpt lat="38.098237" lon="-107.876747">
        <ele>2682.8</ele>
      </trkpt>
      <trkpt lat="38.094052" lon="-107.881243">
        <ele>2717.7</ele>
      </trkpt>
      <trkpt lat="38.09565" lon="-107.89234">
        <ele>2727.7</ele>
      </trkpt>
      <trkpt lat="38.09979" lon="-107.90745">
        <ele>2693.4</ele>
      </trkpt>
      <trkpt lat="38.09995" lon="-107.91348">
        <ele>2679.5</ele>
      </trkpt>
      <trkpt lat="38.10229" lon="-107.92367">
        <ele>2654.5</ele>
      </trkpt>
      <trkpt lat="38.10256" lon="-107.92896">
        <ele>2643.7</ele>
      </trkpt>
      <trkpt lat="38.10395" lon="-107.93511">
        <ele>2630.9</ele>
      </trkpt>
      <trkpt lat="38.10609" lon="-107.93904">
        <ele>2619.9</ele>
      </trkpt>
      <trkpt lat="38.10635" lon="-107.94883">
        <ele>2602.2</ele>
      </trkpt>
      <trkpt lat="38.10538" lon="-107.95177">
        <ele>2590.1</ele>
      </trkpt>
      <trkpt lat="38.10508" lon="-107.95487">
        <ele>2582.7</ele>
      </trkpt>
      <trkpt lat="38.1038" lon="-107.95786">
        <ele>2577.8</ele>
      </trkpt>
      <trkpt lat="38.10261" lon="-107.96286">
        <ele>2567.8</ele>
      </trkpt>
      <trkpt lat="38.09787" lon="-107.9732">
        <ele>2516.3</ele>
      </trkpt>
      <trkpt lat="38.09808" lon="-107.98246">
        <ele>2494.6</ele>
      </trkpt>
      <trkpt lat="38.09631" lon="-107.98607">
        <ele>2478.6</ele>
      </trkpt>
      <trkpt lat="38.09543" lon="-107.99105">
        <ele>2467.6</ele>
      </trkpt>
      <trkpt lat="38.09085" lon="-107.99702">
        <ele>2449.8</ele>
      </trkpt>
      <trkpt lat="38.08925" lon="-108.00087">
        <ele>2449.5</ele>
      </trkpt>
      <trkpt lat="38.08743" lon="-108.00279">
        <ele>2446.5</ele>
      </trkpt>
      <trkpt lat="38.08431" lon="-108.00754">
        <ele>2426.0</ele>
      </trkpt>
      <trkpt lat="38.08159" lon="-108.01097">
        <ele>2409.6</ele>
      </trkpt>
      <trkpt lat="38.07977" lon="-108.01234">
        <ele>2399.7</ele>
      </trkpt>
      <trkpt lat="38.07808" lon="-108.01513">
        <ele>2380.6</ele>
      </trkpt>
      <trkpt lat="38.07437" lon="-108.01813">
        <ele>2372.9</ele>
      </trkpt>
      <trkpt lat="38.07135" lon="-108.02315">
        <ele>2366.1</ele>
      </trkpt>
      <trkpt lat="38.06659" lon="-108.02628">
        <ele>2367.3</ele>
      </trkpt>
      <trkpt lat="38.05959" lon="-108.02809">
        <ele>2353.5</ele>
      </trkpt>
      <trkpt lat="38.05304" lon="-108.03268">
        <ele>2327.4</ele>
      </trkpt>
      <trkpt lat="38.04339" lon="-108.03747">
        <ele>2302.7</ele>
      </trkpt>
      <trkpt lat="38.03924" lon="-108.0403">
        <ele>2291.4</ele>
      </trkpt>
      <trkpt lat="38.03576" lon="-108.04173">
        <ele>2277.3</ele>
      </trkpt>
      <trkpt lat="38.03199" lon="-108.04594">
        <ele>2263.3</ele>
      </trkpt>
      <trkpt lat="38.02551" lon="-108.05069">
        <ele>2252.2</ele>
      </trkpt>
      <trkpt lat="38.02191" lon="-108.0562">
        <ele>2224.3</ele>
      </trkpt>
      <trkpt lat="38.02079" lon="-108.06116">
        <ele>2215.0</ele>
      </trkpt>
      <trkpt lat="38.01981" lon="-108.06074">
        <ele>2222.1</ele>
      </trkpt>
      <trkpt lat="38.01921" lon="-108.05962">
        <ele>2224.1</ele>
      </trkpt>
      <trkpt lat="38.01848" lon="-108.0559">
        <ele>2225.1</ele>
      </trkpt>
      <trkpt lat="38.01733" lon="-108.05412">
        <ele>2225.9</ele>
      </trkpt>
      <trkpt lat="38.01319" lon="-108.05139">
        <ele>2229.7</ele>
      </trkpt>
      <trkpt lat="38.00663" lon="-108.04346">
        <ele>2259.5</ele>
      </trkpt>
      <trkpt lat="38.00484" lon="-108.03886">
        <ele>2260.5</ele>
      </trkpt>
      <trkpt lat="38.00101" lon="-108.03653">
        <ele>2259.2</ele>
      </trkpt>
      <trkpt lat="37.99867" lon="-108.0341">
        <ele>2261.9</ele>
      </trkpt>
      <trkpt lat="37.99657" lon="-108.03282">
        <ele>2261.0</ele>
      </trkpt>
      <trkpt lat="37.99408" lon="-108.02822">
        <ele>2268.8</ele>
      </trkpt>
      <trkpt lat="37.99399" lon="-108.02086">
        <ele>2276.2</ele>
      </trkpt>
      <trkpt lat="37.99277" lon="-108.01539">
        <ele>2286.9</ele>
      </trkpt>
      <trkpt lat="37.993551" lon="-108.00735">
        <ele>2297.5</ele>
      </trkpt>
      <trkpt lat="37.994552" lon="-108.002969">
        <ele>2300.6</ele>
      </trkpt>
      <trkpt lat="37.994438" lon="-107.999584">
        <ele>2302.7</ele>
      </trkpt>
      <trkpt lat="37.992386" lon="-107.99502">
        <ele>2312.9</ele>
      </trkpt>
      <trkpt lat="37.990278" lon="-107.992952">
        <ele>2322.2</ele>
      </trkpt>
      <trkpt lat="37.98104" lon="-107.988175">
        <ele>2341.5</ele>
      </trkpt>
      <trkpt lat="37.979123" lon="-107.987726">
        <ele>2346.6</ele>
      </trkpt>
      <trkpt lat="37.977381" lon="-107.986392">
        <ele>2345.0</ele>
      </trkpt>
      <trkpt lat="37.969128" lon="-107.974441">
        <ele>2360.9</ele>
      </trkpt>
      <trkpt lat="37.96693" lon="-107.9697">
        <ele>2362.9</ele>
      </trkpt>
      <trkpt lat="37.96471" lon="-107.95434">
        <ele>2395.2</ele>
      </trkpt>
      <trkpt lat="37.96337" lon="-107.9521">
        <ele>2395.4</ele>
      </trkpt>
      <trkpt lat="37.96234" lon="-107.94896">
        <ele>2397.6</ele>
      </trkpt>
      <trkpt lat="37.9602" lon="-107.94612">
        <ele>2396.3</ele>
      </trkpt>
      <trkpt lat="37.9585" lon="-107.94484">
        <ele>2397.2</ele>
      </trkpt>
      <trkpt lat="37.95608" lon="-107.93334">
        <ele>2420.1</ele>
      </trkpt>
      <trkpt lat="37.9534" lon="-107.92865">
        <ele>2419.6</ele>
      </trkpt>
      <trkpt lat="37.94883" lon="-107.92288">
        <ele>2440.4</ele>
      </trkpt>
      <trkpt lat="37.94821" lon="-107.92029">
        <ele>2446.1</ele>
      </trkpt>
      <trkpt lat="37.94784" lon="-107.90882">
        <ele>2493.6</ele>
      </trkpt>
      <trkpt lat="37.94686" lon="-107.90079">
        <ele>2543.4</ele>
      </trkpt>
      <trkpt lat="37.94785" lon="-107.89378">
        <ele>2587.4</ele>
      </trkpt>
      <trkpt lat="37.9475" lon="-107.88769">
        <ele>2623.6</ele>
      </trkpt>
      <trkpt lat="37.95028" lon="-107.87595">
        <ele>2653.3</ele>
      </trkpt>
      <trkpt lat="37.95056" lon="-107.87114">
        <ele>2644.2</ele>
      </trkpt>
      <trkpt lat="37.94677" lon="-107.87202">
        <ele>2644.8</ele>
      </trkpt>
      <trkpt lat="37.94602" lon="-107.87266">
        <ele>2656.8</ele>
      </trkpt>
      <trkpt lat="37.94557" lon="-107.87852">
        <ele>2701.0</ele>
      </trkpt>
      <trkpt lat="37.94335" lon="-107.88185">
        <ele>2734.2</ele>
      </trkpt>
      <trkpt lat="37.94277" lon="-107.88171">
        <ele>2727.2</ele>
      </trkpt>
      <trkpt lat="37.94124" lon="-107.8794">
        <ele>2752.4</ele>
      </trkpt>
      <trkpt lat="37.94041" lon="-107.87907">
        <ele>2765.8</ele>
      </trkpt>
      <trkpt lat="37.93728" lon="-107.88007">
        <ele>2790.8</ele>
      </trkpt>
      <trkpt lat="37.93334" lon="-107.87964">
        <ele>2816.1</ele>
      </trkpt>
      <trkpt lat="37.92692" lon="-107.88237">
        <ele>2865.9</ele>
      </trkpt>
      <trkpt lat="37.92162" lon="-107.88386">
        <ele>2887.0</ele>
      </trkpt>
      <trkpt lat="37.91472" lon="-107.88322">
        <ele>2888.3</ele>
      </trkpt>
      <trkpt lat="37.91338" lon="-107.88409">
        <ele>2883.4</ele>
      </trkpt>
      <trkpt lat="37.90822" lon="-107.89035">
        <ele>2874.8</ele>
      </trkpt>
      <trkpt lat="37.90609" lon="-107.8912">
        <ele>2891.4</ele>
      </trkpt>
      <trkpt lat="37.89739" lon="-107.89075">
        <ele>2911.3</ele>
      </trkpt>
      <trkpt lat="37.89217" lon="-107.88879">
        <ele>2926.9</ele>
      </trkpt>
      <trkpt lat="37.88874" lon="-107.88818">
        <ele>2923.8</ele>
      </trkpt>
      <trkpt lat="37.88538" lon="-107.88903">
        <ele>2940.8</ele>
      </trkpt>
      <trkpt lat="37.88262" lon="-107.88762">
        <ele>2940.6</ele>
      </trkpt>
      <trkpt lat="37.88091" lon="-107.88755">
        <ele>2924.6</ele>
      </trkpt>
      <trkpt lat="37.87989" lon="-107.88593">
        <ele>2920.3</ele>
      </trkpt>
      <trkpt lat="37.87359" lon="-107.88405">
        <ele>2885.0</ele>
      </trkpt>
      <trkpt lat="37.86844" lon="-107.87996">
        <ele>2836.7</ele>
      </trkpt>
      <trkpt lat="37.86374" lon="-107.87142">
        <ele>2811.2</ele>
      </trkpt>
      <trkpt lat="37.86154" lon="-107.86987">
        <ele>2809.9</ele>
      </trkpt>
      <trkpt lat="37.86022" lon="-107.87015">
        <ele>2824.6</ele>
      </trkpt>
      <trkpt lat="37.85964" lon="-107.87148">
        <ele>2834.0</ele>
      </trkpt>
      <trkpt lat="37.8608" lon="-107.87655">
        <ele>2860.2</ele>
      </trkpt>
      <trkpt lat="37.86081" lon="-107.87976">
        <ele>2860.2</ele>
      </trkpt>
      <trkpt lat="37.8595" lon="-107.881">
        <ele>2866.5</ele>
      </trkpt>
      <trkpt lat="37.85854" lon="-107.88299">
        <ele>2872.6</ele>
      </trkpt>
      <trkpt lat="37.85492" lon="-107.88538">
        <ele>2898.0</ele>
      </trkpt>
      <trkpt lat="37.85347" lon="-107.88387">
        <ele>2902.2</ele>
      </trkpt>
      <trkpt lat="37.851" lon="-107.88264">
        <ele>2901.6</ele>
      </trkpt>
      <trkpt lat="37.84873" lon="-107.88304">
        <ele>2896.5</ele>
      </trkpt>
      <trkpt lat="37.84495" lon="-107.8825">
        <ele>2881.4</ele>
      </trkpt>
      <trkpt lat="37.84012" lon="-107.88624">
        <ele>2919.4</ele>
      </trkpt>
      <trkpt lat="37.83544" lon="-107.88673">
        <ele>2946.8</ele>
      </trkpt>
      <trkpt lat="37.83251" lon="-107.88799">
        <ele>2975.4</ele>
      </trkpt>
      <trkpt lat="37.82969" lon="-107.89098">
        <ele>2998.7</ele>
      </trkpt>
      <trkpt lat="37.82844" lon="-107.89324">
        <ele>3012.7</ele>
      </trkpt>
      <trkpt lat="37.82697" lon="-107.8944">
        <ele>3026.6</ele>
      </trkpt>
      <trkpt lat="37.82238" lon="-107.89601">
        <ele>3063.4</ele>
      </trkpt>
      <trkpt lat="37.82008" lon="-107.89838">
        <ele>3076.7</ele>
      </trkpt>
      <trkpt lat="37.81561" lon="-107.90057">
        <ele>3097.0</ele>
      </trkpt>
      <trkpt lat="37.808405" lon="-107.913342">
        <ele>3114.8</ele>
      </trkpt>
      <trkpt lat="37.80696" lon="-107.91729">
        <ele>3108.0</ele>
      </trkpt>
      <trkpt lat="37.807073" lon="-107.920325">
        <ele>3104.3</ele>
      </trkpt>
      <trkpt lat="37.805768" lon="-107.923954">
        <ele>3096.3</ele>
      </trkpt>
      <trkpt lat="37.805183" lon="-107.92465">
        <ele>3096.5</ele>
      </trkpt>
      <trkpt lat="37.801956" lon="-107.925554">
        <ele>3089.7</ele>
      </trkpt>
      <trkpt lat="37.79961" lon="-107.92772">
        <ele>3080.5</ele>
      </trkpt>
      <trkpt lat="37.79652" lon="-107.932972">
        <ele>3063.9</ele>
      </trkpt>
      <trkpt lat="37.796009" lon="-107.936913">
        <ele>3059.4</ele>
      </trkpt>
      <trkpt lat="37.793434" lon="-107.940244">
        <ele>3047.2</ele>
      </trkpt>
      <trkpt lat="37.791878" lon="-107.942188">
        <ele>3035.9</ele>
      </trkpt>
      <trkpt lat="37.787805" lon="-107.944449">
        <ele>3008.1</ele>
      </trkpt>
      <trkpt lat="37.78435" lon="-107.94345">
        <ele>2974.5</ele>
      </trkpt>
      <trkpt lat="37.782858" lon="-107.943489">
        <ele>2966.7</ele>
      </trkpt>
      <trkpt lat="37.780656" lon="-107.944419">
        <ele>2945.9</ele>
      </trkpt>
      <trkpt lat="37.779942" lon="-107.94728">
        <ele>2932.9</ele>
      </trkpt>
      <trkpt lat="37.780276" lon="-107.952857">
        <ele>2919.0</ele>
      </trkpt>
      <trkpt lat="37.779825" lon="-107.956013">
        <ele>2910.1</ele>
      </trkpt>
      <trkpt lat="37.776" lon="-107.96412">
        <ele>2884.3</ele>
      </trkpt>
      <trkpt lat="37.772449" lon="-107.973567">
        <ele>2871.9</ele>
      </trkpt>
      <trkpt lat="37.77245" lon="-107.9812">
        <ele>2849.0</ele>
      </trkpt>
      <trkpt lat="37.77167" lon="-107.98443">
        <ele>2839.1</ele>
      </trkpt>
      <trkpt lat="37.756066" lon="-108.005804">
        <ele>2789.1</ele>
      </trkpt>
      <trkpt lat="37.748404" lon="-108.013658">
        <ele>2796.4</ele>
      </trkpt>
      <trkpt lat="37.747315" lon="-108.01422">
        <ele>2784.9</ele>
      </trkpt>
      <trkpt lat="37.74307" lon="-108.02038">
        <ele>2793.2</ele>
      </trkpt>
      <trkpt lat="37.74222" lon="-108.02087">
        <ele>2778.3</ele>
      </trkpt>
      <trkpt lat="37.739773" lon="-108.02101">
        <ele>2765.3</ele>
      </trkpt>
      <trkpt lat="37.73168" lon="-108.02897">
        <ele>2755.4</ele>
      </trkpt>
      <trkpt lat="37.730338" lon="-108.029649">
        <ele>2755.6</ele>
      </trkpt>
      <trkpt lat="37.722922" lon="-108.03037">
        <ele>2760.6</ele>
      </trkpt>
      <trkpt lat="37.721045" lon="-108.031026">
        <ele>2763.6</ele>
      </trkpt>
      <trkpt lat="37.71807" lon="-108.03306">
        <ele>2763.4</ele>
      </trkpt>
      <trkpt lat="37.71402" lon="-108.03459">
        <ele>2739.8</ele>
      </trkpt>
      <trkpt lat="37.710899" lon="-108.034074">
        <ele>2717.0</ele>
      </trkpt>
      <trkpt lat="37.705727" lon="-108.034117">
        <ele>2703.1</ele>
      </trkpt>
      <trkpt lat="37.702951" lon="-108.031892">
        <ele>2699.7</ele>
      </trkpt>
      <trkpt lat="37.70059" lon="-108.0323">
        <ele>2688.6</ele>
      </trkpt>
      <trkpt lat="37.697374" lon="-108.030851">
        <ele>2670.1</ele>
      </trkpt>
      <trkpt lat="37.695174" lon="-108.031629">
        <ele>2675.2</ele>
      </trkpt>
      <trkpt lat="37.688409" lon="-108.031301">
        <ele>2673.0</ele>
      </trkpt>
      <trkpt lat="37.684908" lon="-108.0337">
        <ele>2659.3</ele>
      </trkpt>
      <trkpt lat="37.68172" lon="-108.03354">
        <ele>2649.8</ele>
      </trkpt>
      <trkpt lat="37.67857" lon="-108.03438">
        <ele>2654.9</ele>
      </trkpt>
      <trkpt lat="37.675571" lon="-108.035923">
        <ele>2650.0</ele>
      </trkpt>
      <trkpt lat="37.669903" lon="-108.036352">
        <ele>2633.2</ele>
      </trkpt>
      <trkpt lat="37.666738" lon="-108.035785">
        <ele>2622.3</ele>
      </trkpt>
      <trkpt lat="37.659987" lon="-108.038235">
        <ele>2627.8</ele>
      </trkpt>
      <trkpt lat="37.651237" lon="-108.047167">
        <ele>2608.8</ele>
      </trkpt>
      <trkpt lat="37.64672" lon="-108.04754">
        <ele>2613.1</ele>
      </trkpt>
      <trkpt lat="37.64306" lon="-108.05033">
        <ele>2608.5</ele>
      </trkpt>
      <trkpt lat="37.63746" lon="-108.06155">
        <ele>2566.6</ele>
      </trkpt>
      <trkpt lat="37.637159" lon="-108.063651">
        <ele>2567.1</ele>
      </trkpt>
      <trkpt lat="37.636339" lon="-108.06503">
        <ele>2564.9</ele>
      </trkpt>
      <trkpt lat="37.634434" lon="-108.065694">
        <ele>2557.2</ele>
      </trkpt>
      <trkpt lat="37.631209" lon="-108.065433">
        <ele>2557.7</ele>
      </trkpt>
      <trkpt lat="37.625134" lon="-108.066975">
        <ele>2544.5</ele>
      </trkpt>
      <trkpt lat="37.621941" lon="-108.068153">
        <ele>2546.5</ele>
      </trkpt>
      <trkpt lat="37.621166" lon="-108.068899">
        <ele>2547.2</ele>
      </trkpt>
      <trkpt lat="37.61927" lon="-108.07316">
        <ele>2536.2</ele>
      </trkpt>
      <trkpt lat="37.6178" lon="-108.08058">
        <ele>2531.7</ele>
      </trkpt>
      <trkpt lat="37.61593" lon="-108.08331">
        <ele>2532.9</ele>
      </trkpt>
      <trkpt lat="37.61201" lon="-108.08642">
        <ele>2530.3</ele>
      </trkpt>
      <trkpt lat="37.61" lon="-108.09036">
        <ele>2508.2</ele>
      </trkpt>
      <trkpt lat="37.60451" lon="-108.10729">
        <ele>2496.3</ele>
      </trkpt>
      <trkpt lat="37.60062" lon="-108.11238">
        <ele>2487.5</ele>
      </trkpt>
      <trkpt lat="37.60057" lon="-108.11534">
        <ele>2498.2</ele>
      </trkpt>
      <trkpt lat="37.59672" lon="-108.12031">
        <ele>2499.9</ele>
      </trkpt>
      <trkpt lat="37.594462" lon="-108.121466">
        <ele>2484.4</ele>
      </trkpt>
      <trkpt lat="37.59246" lon="-108.123617">
        <ele>2474.3</ele>
      </trkpt>
      <trkpt lat="37.59206" lon="-108.12563">
        <ele>2474.4</ele>
      </trkpt>
      <trkpt lat="37.59375" lon="-108.1327">
        <ele>2460.4</ele>
      </trkpt>
      <trkpt lat="37.59373" lon="-108.13457">
        <ele>2459.1</ele>
      </trkpt>
      <trkpt lat="37.59247" lon="-108.13897">
        <ele>2462.8</ele>
      </trkpt>
      <trkpt lat="37.59208" lon="-108.14288">
        <ele>2460.1</ele>
      </trkpt>
      <trkpt lat="37.588258" lon="-108.148946">
        <ele>2456.3</ele>
      </trkpt>
      <trkpt lat="37.58779" lon="-108.15657">
        <ele>2446.0</ele>
      </trkpt>
      <trkpt lat="37.58648" lon="-108.16051">
        <ele>2437.7</ele>
      </trkpt>
      <trkpt lat="37.5825" lon="-108.16841">
        <ele>2437.5</ele>
      </trkpt>
      <trkpt lat="37.58207" lon="-108.17322">
        <ele>2437.4</ele>
      </trkpt>
      <trkpt lat="37.580337" lon="-108.177136">
        <ele>2433.4</ele>
      </trkpt>
      <trkpt lat="37.576949" lon="-108.181344">
        <ele>2422.9</ele>
      </trkpt>
      <trkpt lat="37.57553" lon="-108.18535">
        <ele>2412.9</ele>
      </trkpt>
      <trkpt lat="37.57555" lon="-108.18681">
        <ele>2410.8</ele>
      </trkpt>
      <trkpt lat="37.57656" lon="-108.18914">
        <ele>2413.3</ele>
      </trkpt>
      <trkpt lat="37.576838" lon="-108.196333">
        <ele>2408.6</ele>
      </trkpt>
      <trkpt lat="37.57638" lon="-108.20138">
        <ele>2393.8</ele>
      </trkpt>
      <trkpt lat="37.579005" lon="-108.211246">
        <ele>2402.7</ele>
      </trkpt>
      <trkpt lat="37.577283" lon="-108.233723">
        <ele>2362.6</ele>
      </trkpt>
      <trkpt lat="37.576618" lon="-108.238494">
        <ele>2364.6</ele>
      </trkpt>
      <trkpt lat="37.57229" lon="-108.247892">
        <ele>2352.0</ele>
      </trkpt>
      <trkpt lat="37.570318" lon="-108.253871">
        <ele>2349.6</ele>
      </trkpt>
      <trkpt lat="37.570071" lon="-108.261544">
        <ele>2343.6</ele>
      </trkpt>
      <trkpt lat="37.568175" lon="-108.268301">
        <ele>2350.9</ele>
      </trkpt>
      <trkpt lat="37.56728" lon="-108.276535">
        <ele>2344.6</ele>
      </trkpt>
      <trkpt lat="37.56873" lon="-108.27986">
        <ele>2340.9</ele>
      </trkpt>
      <trkpt lat="37.568981" lon="-108.28385">
        <ele>2323.9</ele>
      </trkpt>
      <trkpt lat="37.5696" lon="-108.28589">
        <ele>2331.7</ele>
      </trkpt>
      <trkpt lat="37.57635" lon="-108.29238">
        <ele>2318.2</ele>
      </trkpt>
      <trkpt lat="37.578043" lon="-108.294828">
        <ele>2311.3</ele>
      </trkpt>
      <trkpt lat="37.584771" lon="-108.299857">
        <ele>2313.1</ele>
      </trkpt>
      <trkpt lat="37.587266" lon="-108.302874">
        <ele>2310.9</ele>
      </trkpt>
      <trkpt lat="37.58953" lon="-108.306928">
        <ele>2309.9</ele>
      </trkpt>
      <trkpt lat="37.590011" lon="-108.310177">
        <ele>2303.6</ele>
      </trkpt>
      <trkpt lat="37.58912" lon="-108.32303">
        <ele>2278.8</ele>
      </trkpt>
      <trkpt lat="37.587243" lon="-108.330734">
        <ele>2278.2</ele>
      </trkpt>
      <trkpt lat="37.587151" lon="-108.3345">
        <ele>2268.6</ele>
      </trkpt>
      <trkpt lat="37.58838" lon="-108.33944">
        <ele>2266.1</ele>
      </trkpt>
      <trkpt lat="37.590537" lon="-108.344964">
        <ele>2263.8</ele>
      </trkpt>
      <trkpt lat="37.58857" lon="-108.357995">
        <ele>2250.8</ele>
      </trkpt>
      <trkpt lat="37.587833" lon="-108.35929">
        <ele>2253.0</ele>
      </trkpt>
      <trkpt lat="37.586049" lon="-108.360609">
        <ele>2247.9</ele>
      </trkpt>
      <trkpt lat="37.576992" lon="-108.364519">
        <ele>2245.9</ele>
      </trkpt>
      <trkpt lat="37.568496" lon="-108.369477">
        <ele>2237.2</ele>
      </trkpt>
      <trkpt lat="37.56309" lon="-108.37117">
        <ele>2235.9</ele>
      </trkpt>
      <trkpt lat="37.557269" lon="-108.375564">
        <ele>2235.3</ele>
      </trkpt>
      <trkpt lat="37.553653" lon="-108.377448">
        <ele>2223.6</ele>
      </trkpt>
      <trkpt lat="37.54996" lon="-108.37866">
        <ele>2218.0</ele>
      </trkpt>
      <trkpt lat="37.53785" lon="-108.38019">
        <ele>2209.6</ele>
      </trkpt>
      <trkpt lat="37.52715" lon="-108.38365">
        <ele>2200.3</ele>
      </trkpt>
      <trkpt lat="37.51919" lon="-108.38724">
        <ele>2190.3</ele>
      </trkpt>
      <trkpt lat="37.51344" lon="-108.38874">
        <ele>2191.0</ele>
      </trkpt>
      <trkpt lat="37.510547" lon="-108.390144">
        <ele>2186.7</ele>
      </trkpt>
      <trkpt lat="37.50608" lon="-108.39368">
        <ele>2181.9</ele>
      </trkpt>
      <trkpt lat="37.503742" lon="-108.398924">
        <ele>2182.2</ele>
      </trkpt>
      <trkpt lat="37.493532" lon="-108.411542">
        <ele>2170.5</ele>
      </trkpt>
      <trkpt lat="37.488487" lon="-108.419076">
        <ele>2163.8</ele>
      </trkpt>
      <trkpt lat="37.48636" lon="-108.42135">
        <ele>2162.4</ele>
      </trkpt>
      <trkpt lat="37.477723" lon="-108.426804">
        <ele>2158.6</ele>
      </trkpt>
      <trkpt lat="37.4759" lon="-108.429539">
        <ele>2157.5</ele>
      </trkpt>
      <trkpt lat="37.475126" lon="-108.432142">
        <ele>2158.5</ele>
      </trkpt>
      <trkpt lat="37.477593" lon="-108.475552">
        <ele>2128.7</ele>
      </trkpt>
      <trkpt lat="37.477294" lon="-108.480375">
        <ele>2126.4</ele>
      </trkpt>
      <trkpt lat="37.472282" lon="-108.508699">
        <ele>2113.9</ele>
      </trkpt>
      <trkpt lat="37.46558" lon="-108.519724">
        <ele>2168.6</ele>
      </trkpt>
      <trkpt lat="37.463679" lon="-108.534158">
        <ele>2149.7</ele>
      </trkpt>
      <trkpt lat="37.462559" lon="-108.536271">
        <ele>2145.9</ele>
      </trkpt>
      <trkpt lat="37.463672" lon="-108.537538">
        <ele>2146.7</ele>
      </trkpt>
      <trkpt lat="37.466947" lon="-108.538406">
        <ele>2140.5</ele>
      </trkpt>
      <trkpt lat="37.470567" lon="-108.538011">
        <ele>2123.8</ele>
      </trkpt>
      <trkpt lat="37.473637" lon="-108.545853">
        <ele>2157.3</ele>
      </trkpt>
      <trkpt lat="37.47822" lon="-108.55117">
        <ele>2154.7</ele>
      </trkpt>
      <trkpt lat="37.48574" lon="-108.556975">
        <ele>2158.8</ele>
      </trkpt>
      <trkpt lat="37.486556" lon="-108.558713">
        <ele>2162.9</ele>
      </trkpt>
      <trkpt lat="37.487257" lon="-108.578763">
        <ele>2142.6</ele>
      </trkpt>
      <trkpt lat="37.489694" lon="-108.586805">
        <ele>2133.5</ele>
      </trkpt>
      <trkpt lat="37.490686" lon="-108.593216">
        <ele>2117.6</ele>
      </trkpt>
      <trkpt lat="37.489304" lon="-108.59803">
        <ele>2106.0</ele>
      </trkpt>
      <trkpt lat="37.489434" lon="-108.601984">
        <ele>2098.7</ele>
      </trkpt>
      <trkpt lat="37.484097" lon="-108.618122">
        <ele>2064.4</ele>
      </trkpt>
      <trkpt lat="37.483075" lon="-108.627574">
        <ele>2038.0</ele>
      </trkpt>
      <trkpt lat="37.482112" lon="-108.631229">
        <ele>2037.3</ele>
      </trkpt>
      <trkpt lat="37.482946" lon="-108.662293">
        <ele>2000.5</ele>
      </trkpt>
      <trkpt lat="37.494897" lon="-108.666834">
        <ele>2026.0</ele>
      </trkpt>
      <trkpt lat="37.496952" lon="-108.667961">
        <ele>2036.1</ele>
      </trkpt>
      <trkpt lat="37.498536" lon="-108.669649">
        <ele>2044.6</ele>
      </trkpt>
      <trkpt lat="37.540444" lon="-108.73051">
        <ele>2106.1</ele>
      </trkpt>
      <trkpt lat="37.546419" lon="-108.738415">
        <ele>2120.3</ele>
      </trkpt>
      <trkpt lat="37.624913" lon="-108.788202">
        <ele>2074.5</ele>
      </trkpt>
      <trkpt lat="37.647462" lon="-108.807914">
        <ele>2013.6</ele>
      </trkpt>
      <trkpt lat="37.6497" lon="-108.808459">
        <ele>2008.6</ele>
      </trkpt>
      <trkpt lat="37.669623" lon="-108.808302">
        <ele>2048.5</ele>
      </trkpt>
      <trkpt lat="37.672479" lon="-108.809117">
        <ele>2042.5</ele>
      </trkpt>
      <trkpt lat="37.67434" lon="-108.811349">
        <ele>2034.2</ele>
      </trkpt>
      <trkpt lat="37.676129" lon="-108.817192">
        <ele>2016.2</ele>
      </trkpt>
      <trkpt lat="37.677687" lon="-108.819459">
        <ele>2022.9</ele>
      </trkpt>
      <trkpt lat="37.687814" lon="-108.825632">
        <ele>2010.2</ele>
      </trkpt>
      <trkpt lat="37.691174" lon="-108.830583">
        <ele>2040.3</ele>
      </trkpt>
      <trkpt lat="37.69313" lon="-108.832378">
        <ele>2048.3</ele>
      </trkpt>
      <trkpt lat="37.710157" lon="-108.842814">
        <ele>2066.6</ele>
      </trkpt>
      <trkpt lat="37.718654" lon="-108.853714">
        <ele>2027.4</ele>
      </trkpt>
      <trkpt lat="37.754274" lon="-108.883864">
        <ele>2109.1</ele>
      </trkpt>
      <trkpt lat="37.757348" lon="-108.887111">
        <ele>2103.8</ele>
      </trkpt>
      <trkpt lat="37.782066" lon="-108.963785">
        <ele>2034.5</ele>
      </trkpt>
      <trkpt lat="37.783795" lon="-108.966484">
        <ele>2043.2</ele>
      </trkpt>
      <trkpt lat="37.79266" lon="-108.976071">
        <ele>2065.0</ele>
      </trkpt>
      <trkpt lat="37.805656" lon="-109.004952">
        <ele>2031.0</ele>
      </trkpt>
      <trkpt lat="37.843817" lon="-109.137387">
        <ele>2073.6</ele>
      </trkpt>
      <trkpt lat="37.871828" lon="-109.25908">
        <ele>2074.4</ele>
      </trkpt>
      <trkpt lat="37.872737" lon="-109.264936">
        <ele>2065.1</ele>
      </trkpt>
      <trkpt lat="37.872634" lon="-109.342943">
        <ele>2155.2</ele>
      </trkpt>
      <trkpt lat="37.864441" lon="-109.342577">
        <ele>2132.3</ele>
      </trkpt>
      <trkpt lat="37.860302" lon="-109.33834">
        <ele>2119.2</ele>
      </trkpt>
      <trkpt lat="37.85797" lon="-109.337137">
        <ele>2134.2</ele>
      </trkpt>
      <trkpt lat="37.856074" lon="-109.336874">
        <ele>2143.1</ele>
      </trkpt>
      <trkpt lat="37.805656" lon="-109.336953">
        <ele>2122.6</ele>
      </trkpt>
      <trkpt lat="37.801647" lon="-109.337707">
        <ele>2105.3</ele>
      </trkpt>
      <trkpt lat="37.791957" lon="-109.3414">
        <ele>2098.9</ele>
      </trkpt>
      <trkpt lat="37.790155" lon="-109.34288">
        <ele>2092.6</ele>
      </trkpt>
      <trkpt lat="37.787371" lon="-109.347604">
        <ele>2061.7</ele>
      </trkpt>
      <trkpt lat="37.777753" lon="-109.353277">
        <ele>2111.2</ele>
      </trkpt>
      <trkpt lat="37.773646" lon="-109.357714">
        <ele>2139.1</ele>
      </trkpt>
      <trkpt lat="37.771093" lon="-109.363433">
        <ele>2170.2</ele>
      </trkpt>
      <trkpt lat="37.769482" lon="-109.372868">
        <ele>2180.9</ele>
      </trkpt>
      <trkpt lat="37.768373" lon="-109.376614">
        <ele>2181.9</ele>
      </trkpt>
      <trkpt lat="37.761288" lon="-109.392659">
        <ele>2220.3</ele>
      </trkpt>
      <trkpt lat="37.75963" lon="-109.395103">
        <ele>2209.5</ele>
      </trkpt>
      <trkpt lat="37.757028" lon="-109.397414">
        <ele>2210.8</ele>
      </trkpt>
      <trkpt lat="37.75416" lon="-109.398792">
        <ele>2206.7</ele>
      </trkpt>
      <trkpt lat="37.744424" lon="-109.401042">
        <ele>2193.6</ele>
      </trkpt>
      <trkpt lat="37.735636" lon="-109.406337">
        <ele>2135.1</ele>
      </trkpt>
      <trkpt lat="37.731409" lon="-109.410411">
        <ele>2141.7</ele>
      </trkpt>
      <trkpt lat="37.71928" lon="-109.419063">
        <ele>2104.4</ele>
      </trkpt>
      <trkpt lat="37.715144" lon="-109.420831">
        <ele>2087.6</ele>
      </trkpt>
      <trkpt lat="37.710862" lon="-109.420878">
        <ele>2066.8</ele>
      </trkpt>
      <trkpt lat="37.70861" lon="-109.421433">
        <ele>2062.5</ele>
      </trkpt>
      <trkpt lat="37.700912" lon="-109.426938">
        <ele>2029.8</ele>
      </trkpt>
      <trkpt lat="37.689463" lon="-109.43179">
        <ele>1989.5</ele>
      </trkpt>
      <trkpt lat="37.681246" lon="-109.43234">
        <ele>1948.7</ele>
      </trkpt>
      <trkpt lat="37.675624" lon="-109.430496">
        <ele>1898.4</ele>
      </trkpt>
      <trkpt lat="37.672689" lon="-109.430252">
        <ele>1882.1</ele>
      </trkpt>
      <trkpt lat="37.670306" lon="-109.430688">
        <ele>1855.9</ele>
      </trkpt>
      <trkpt lat="37.665222" lon="-109.433025">
        <ele>1873.7</ele>
      </trkpt>
      <trkpt lat="37.661559" lon="-109.436307">
        <ele>1832.4</ele>
      </trkpt>
      <trkpt lat="37.656112" lon="-109.444263">
        <ele>1911.5</ele>
      </trkpt>
      <trkpt lat="37.654739" lon="-109.449158">
        <ele>1920.9</ele>
      </trkpt>
      <trkpt lat="37.654529" lon="-109.455784">
        <ele>1921.8</ele>
      </trkpt>
      <trkpt lat="37.65313" lon="-109.458606">
        <ele>1887.3</ele>
      </trkpt>
      <trkpt lat="37.651722" lon="-109.459669">
        <ele>1878.7</ele>
      </trkpt>
      <trkpt lat="37.634862" lon="-109.466911">
        <ele>1865.1</ele>
      </trkpt>
      <trkpt lat="37.626389" lon="-109.473363">
        <ele>1849.3</ele>
      </trkpt>
      <trkpt lat="37.625488" lon="-109.475098">
        <ele>1851.4</ele>
      </trkpt>
      <trkpt lat="37.625406" lon="-109.477998">
        <ele>1857.0</ele>
      </trkpt>
      <trkpt lat="37.617981" lon="-109.477993">
        <ele>1845.5</ele>
      </trkpt>
      <trkpt lat="37.615617" lon="-109.47884">
        <ele>1842.1</ele>
      </trkpt>
      <trkpt lat="37.612682" lon="-109.478911">
        <ele>1832.1</ele>
      </trkpt>
      <trkpt lat="37.580841" lon="-109.478138">
        <ele>1770.0</ele>
      </trkpt>
      <trkpt lat="37.57692" lon="-109.478247">
        <ele>1759.3</ele>
      </trkpt>
      <trkpt lat="37.575226" lon="-109.479129">
        <ele>1757.0</ele>
      </trkpt>
      <trkpt lat="37.573881" lon="-109.481317">
        <ele>1756.9</ele>
      </trkpt>
      <trkpt lat="37.573503" lon="-109.485676">
        <ele>1756.3</ele>
      </trkpt>
      <trkpt lat="37.572764" lon="-109.487458">
        <ele>1755.6</ele>
      </trkpt>
      <trkpt lat="37.573583" lon="-109.489117">
        <ele>1759.0</ele>
      </trkpt>
      <trkpt lat="37.573577" lon="-109.497819">
        <ele>1751.7</ele>
      </trkpt>
      <trkpt lat="37.574498" lon="-109.50186">
        <ele>1742.9</ele>
      </trkpt>
      <trkpt lat="37.57669" lon="-109.505151">
        <ele>1719.4</ele>
      </trkpt>
      <trkpt lat="37.576171" lon="-109.507228">
        <ele>1697.2</ele>
      </trkpt>
      <trkpt lat="37.57834" lon="-109.513481">
        <ele>1723.0</ele>
      </trkpt>
      <trkpt lat="37.577116" lon="-109.519688">
        <ele>1751.2</ele>
      </trkpt>
      <trkpt lat="37.573967" lon="-109.552856">
        <ele>1761.8</ele>
      </trkpt>
      <trkpt lat="37.572408" lon="-109.554652">
        <ele>1739.0</ele>
      </trkpt>
      <trkpt lat="37.571741" lon="-109.557274">
        <ele>1719.6</ele>
      </trkpt>
      <trkpt lat="37.56906" lon="-109.557282">
        <ele>1690.0</ele>
      </trkpt>
      <trkpt lat="37.566509" lon="-109.558707">
        <ele>1666.6</ele>
      </trkpt>
      <trkpt lat="37.562409" lon="-109.559171">
        <ele>1623.2</ele>
      </trkpt>
      <trkpt lat="37.560348" lon="-109.56126">
        <ele>1604.7</ele>
      </trkpt>
      <trkpt lat="37.558614" lon="-109.562113">
        <ele>1583.9</ele>
      </trkpt>
      <trkpt lat="37.558089" lon="-109.563358">
        <ele>1582.0</ele>
      </trkpt>
      <trkpt lat="37.557698" lon="-109.570492">
        <ele>1577.7</ele>
      </trkpt>
      <trkpt lat="37.558699" lon="-109.575432">
        <ele>1583.6</ele>
      </trkpt>
      <trkpt lat="37.559536" lon="-109.578274">
        <ele>1574.1</ele>
      </trkpt>
      <trkpt lat="37.561779" lon="-109.580796">
        <ele>1582.0</ele>
      </trkpt>
      <trkpt lat="37.562626" lon="-109.582964">
        <ele>1587.9</ele>
      </trkpt>
      <trkpt lat="37.561664" lon="-109.588537">
        <ele>1614.1</ele>
      </trkpt>
      <trkpt lat="37.562931" lon="-109.593863">
        <ele>1640.4</ele>
      </trkpt>
      <trkpt lat="37.562196" lon="-109.597494">
        <ele>1658.2</ele>
      </trkpt>
      <trkpt lat="37.54718" lon="-109.61364">
        <ele>1673.3</ele>
      </trkpt>
      <trkpt lat="37.543346" lon="-109.616382">
        <ele>1657.8</ele>
      </trkpt>
      <trkpt lat="37.533603" lon="-109.621406">
        <ele>1615.4</ele>
      </trkpt>
      <trkpt lat="37.525453" lon="-109.629693">
        <ele>1588.7</ele>
      </trkpt>
      <trkpt lat="37.522733" lon="-109.631842">
        <ele>1585.9</ele>
      </trkpt>
      <trkpt lat="37.517826" lon="-109.633697">
        <ele>1577.4</ele>
      </trkpt>
      <trkpt lat="37.507743" lon="-109.634808">
        <ele>1562.8</ele>
      </trkpt>
      <trkpt lat="37.497819" lon="-109.636737">
        <ele>1559.8</ele>
      </trkpt>
      <trkpt lat="37.496185" lon="-109.637705">
        <ele>1565.1</ele>
      </trkpt>
      <trkpt lat="37.495002" lon="-109.639434">
        <ele>1561.1</ele>
      </trkpt>
      <trkpt lat="37.494428" lon="-109.641301">
        <ele>1594.4</ele>
      </trkpt>
      <trkpt lat="37.494484" lon="-109.643404">
        <ele>1597.5</ele>
      </trkpt>
      <trkpt lat="37.495134" lon="-109.645485">
        <ele>1613.1</ele>
      </trkpt>
      <trkpt lat="37.496294" lon="-109.647177">
        <ele>1662.7</ele>
      </trkpt>
      <trkpt lat="37.497776" lon="-109.647829">
        <ele>1595.8</ele>
      </trkpt>
      <trkpt lat="37.507288" lon="-109.648557">
        <ele>1529.4</ele>
      </trkpt>
      <trkpt lat="37.510064" lon="-109.650493">
        <ele>1501.0</ele>
      </trkpt>
      <trkpt lat="37.51137" lon="-109.653586">
        <ele>1482.4</ele>
      </trkpt>
      <trkpt lat="37.511474" lon="-109.661154">
        <ele>1513.1</ele>
      </trkpt>
      <trkpt lat="37.512236" lon="-109.663584">
        <ele>1536.0</ele>
      </trkpt>
      <trkpt lat="37.513488" lon="-109.665118">
        <ele>1553.3</ele>
      </trkpt>
      <trkpt lat="37.518376" lon="-109.667701">
        <ele>1603.9</ele>
      </trkpt>
      <trkpt lat="37.521447" lon="-109.67034">
        <ele>1626.9</ele>
      </trkpt>
      <trkpt lat="37.524132" lon="-109.674247">
        <ele>1657.4</ele>
      </trkpt>
      <trkpt lat="37.525826" lon="-109.678166">
        <ele>1678.5</ele>
      </trkpt>
      <trkpt lat="37.529111" lon="-109.693166">
        <ele>1739.4</ele>
      </trkpt>
      <trkpt lat="37.532883" lon="-109.702177">
        <ele>1779.1</ele>
      </trkpt>
      <trkpt lat="37.533973" lon="-109.7066">
        <ele>1794.0</ele>
      </trkpt>
      <trkpt lat="37.534009" lon="-109.711183">
        <ele>1805.4</ele>
      </trkpt>
      <trkpt lat="37.532257" lon="-109.722865">
        <ele>1817.6</ele>
      </trkpt>
      <trkpt lat="37.532683" lon="-109.727272">
        <ele>1828.4</ele>
      </trkpt>
      <trkpt lat="37.541914" lon="-109.749737">
        <ele>1891.9</ele>
      </trkpt>
      <trkpt lat="37.545371" lon="-109.765215">
        <ele>1938.5</ele>
      </trkpt>
      <trkpt lat="37.555468" lon="-109.782404">
        <ele>2039.7</ele>
      </trkpt>
      <trkpt lat="37.564679" lon="-109.81021">
        <ele>2130.9</ele>
      </trkpt>
      <trkpt lat="37.56517" lon="-109.814166">
        <ele>2157.6</ele>
      </trkpt>
      <trkpt lat="37.563768" lon="-109.838543">
        <ele>2099.6</ele>
      </trkpt>
      <trkpt lat="37.566593" lon="-109.867259">
        <ele>2085.9</ele>
      </trkpt>
      <trkpt lat="37.567863" lon="-109.869963">
        <ele>2086.6</ele>
      </trkpt>
      <trkpt lat="37.585963" lon="-109.895316">
        <ele>2083.9</ele>
      </trkpt>
      <trkpt lat="37.586732" lon="-109.897586">
        <ele>2095.1</ele>
      </trkpt>
      <trkpt lat="37.586429" lon="-109.90036">
        <ele>2103.5</ele>
      </trkpt>
      <trkpt lat="37.580223" lon="-109.916901">
        <ele>2085.7</ele>
      </trkpt>
      <trkpt lat="37.555526" lon="-109.9347">
        <ele>2042.2</ele>
      </trkpt>
      <trkpt lat="37.54853" lon="-109.941944">
        <ele>2031.1</ele>
      </trkpt>
      <trkpt lat="37.544802" lon="-109.947379">
        <ele>2024.9</ele>
      </trkpt>
      <trkpt lat="37.541778" lon="-109.95509">
        <ele>2007.4</ele>
      </trkpt>
      <trkpt lat="37.540572" lon="-109.962957">
        <ele>1998.1</ele>
      </trkpt>
      <trkpt lat="37.540974" lon="-109.970762">
        <ele>1988.7</ele>
      </trkpt>
      <trkpt lat="37.543324" lon="-109.979316">
        <ele>1964.9</ele>
      </trkpt>
      <trkpt lat="37.545872" lon="-109.984222">
        <ele>1959.0</ele>
      </trkpt>
      <trkpt lat="37.556962" lon="-110.000982">
        <ele>1929.2</ele>
      </trkpt>
      <trkpt lat="37.561757" lon="-110.010564">
        <ele>1906.0</ele>
      </trkpt>
      <trkpt lat="37.562748" lon="-110.014814">
        <ele>1891.9</ele>
      </trkpt>
      <trkpt lat="37.562631" lon="-110.024644">
        <ele>1878.3</ele>
      </trkpt>
      <trkpt lat="37.568563" lon="-110.034632">
        <ele>1854.2</ele>
      </trkpt>
      <trkpt lat="37.570244" lon="-110.03627">
        <ele>1864.7</ele>
      </trkpt>
      <trkpt lat="37.572217" lon="-110.037303">
        <ele>1866.5</ele>
      </trkpt>
      <trkpt lat="37.583053" lon="-110.039723">
        <ele>1838.9</ele>
      </trkpt>
      <trkpt lat="37.586267" lon="-110.039874">
        <ele>1842.8</ele>
      </trkpt>
      <trkpt lat="37.592106" lon="-110.042257">
        <ele>1841.0</ele>
      </trkpt>
      <trkpt lat="37.593338" lon="-110.043182">
        <ele>1838.8</ele>
      </trkpt>
      <trkpt lat="37.59713" lon="-110.049057">
        <ele>1827.3</ele>
      </trkpt>
      <trkpt lat="37.598702" lon="-110.053359">
        <ele>1818.3</ele>
      </trkpt>
      <trkpt lat="37.604839" lon="-110.065172">
        <ele>1799.0</ele>
      </trkpt>
      <trkpt lat="37.605019" lon="-110.069152">
        <ele>1792.6</ele>
      </trkpt>
      <trkpt lat="37.603008" lon="-110.074661">
        <ele>1775.1</ele>
      </trkpt>
      <trkpt lat="37.603821" lon="-110.077749">
        <ele>1770.3</ele>
      </trkpt>
      <trkpt lat="37.605253" lon="-110.078887">
        <ele>1771.2</ele>
      </trkpt>
      <trkpt lat="37.627417" lon="-110.086914">
        <ele>1788.4</ele>
      </trkpt>
      <trkpt lat="37.629686" lon="-110.08841">
        <ele>1792.0</ele>
      </trkpt>
      <trkpt lat="37.632196" lon="-110.092391">
        <ele>1778.5</ele>
      </trkpt>
      <trkpt lat="37.636208" lon="-110.105592">
        <ele>1739.4</ele>
      </trkpt>
      <trkpt lat="37.637459" lon="-110.107141">
        <ele>1734.0</ele>
      </trkpt>
      <trkpt lat="37.6461" lon="-110.113969">
        <ele>1735.2</ele>
      </trkpt>
      <trkpt lat="37.650363" lon="-110.120539">
        <ele>1720.1</ele>
      </trkpt>
      <trkpt lat="37.651332" lon="-110.12297">
        <ele>1720.2</ele>
      </trkpt>
      <trkpt lat="37.652739" lon="-110.129893">
        <ele>1698.5</ele>
      </trkpt>
      <trkpt lat="37.655083" lon="-110.135369">
        <ele>1692.5</ele>
      </trkpt>
      <trkpt lat="37.654864" lon="-110.138728">
        <ele>1682.7</ele>
      </trkpt>
      <trkpt lat="37.652957" lon="-110.141158">
        <ele>1679.5</ele>
      </trkpt>
      <trkpt lat="37.646312" lon="-110.143927">
        <ele>1663.7</ele>
      </trkpt>
      <trkpt lat="37.637206" lon="-110.148996">
        <ele>1612.2</ele>
      </trkpt>
      <trkpt lat="37.636231" lon="-110.150259">
        <ele>1609.5</ele>
      </trkpt>
      <trkpt lat="37.63562" lon="-110.15238">
        <ele>1613.2</ele>
      </trkpt>
      <trkpt lat="37.636069" lon="-110.157198">
        <ele>1617.9</ele>
      </trkpt>
      <trkpt lat="37.637894" lon="-110.160232">
        <ele>1622.4</ele>
      </trkpt>
      <trkpt lat="37.655634" lon="-110.174668">
        <ele>1631.7</ele>
      </trkpt>
      <trkpt lat="37.658568" lon="-110.182413">
        <ele>1611.2</ele>
      </trkpt>
      <trkpt lat="37.67283" lon="-110.204681">
        <ele>1557.0</ele>
      </trkpt>
      <trkpt lat="37.679852" lon="-110.217461">
        <ele>1517.0</ele>
      </trkpt>
      <trkpt lat="37.683284" lon="-110.220549">
        <ele>1509.5</ele>
      </trkpt>
      <trkpt lat="37.689348" lon="-110.22446">
        <ele>1506.5</ele>
      </trkpt>
      <trkpt lat="37.693863" lon="-110.229784">
        <ele>1488.5</ele>
      </trkpt>
      <trkpt lat="37.699557" lon="-110.2323">
        <ele>1488.4</ele>
      </trkpt>
      <trkpt lat="37.706864" lon="-110.24155">
        <ele>1481.6</ele>
      </trkpt>
      <trkpt lat="37.711256" lon="-110.242662">
        <ele>1487.1</ele>
      </trkpt>
      <trkpt lat="37.716126" lon="-110.245926">
        <ele>1484.1</ele>
      </trkpt>
      <trkpt lat="37.720553" lon="-110.246789">
        <ele>1499.2</ele>
      </trkpt>
      <trkpt lat="37.723543" lon="-110.249306">
        <ele>1489.4</ele>
      </trkpt>
      <trkpt lat="37.728326" lon="-110.249564">
        <ele>1494.5</ele>
      </trkpt>
      <trkpt lat="37.729484" lon="-110.250193">
        <ele>1493.2</ele>
      </trkpt>
      <trkpt lat="37.730239" lon="-110.251298">
        <ele>1490.0</ele>
      </trkpt>
      <trkpt lat="37.731683" lon="-110.256651">
        <ele>1470.5</ele>
      </trkpt>
      <trkpt lat="37.733453" lon="-110.260032">
        <ele>1472.8</ele>
      </trkpt>
      <trkpt lat="37.733657" lon="-110.264496">
        <ele>1455.7</ele>
      </trkpt>
      <trkpt lat="37.735496" lon="-110.267939">
        <ele>1451.7</ele>
      </trkpt>
      <trkpt lat="37.73659" lon="-110.271628">
        <ele>1431.9</ele>
      </trkpt>
      <trkpt lat="37.740989" lon="-110.27688">
        <ele>1429.6</ele>
      </trkpt>
      <trkpt lat="37.741874" lon="-110.279351">
        <ele>1421.4</ele>
      </trkpt>
      <trkpt lat="37.742791" lon="-110.280387">
        <ele>1417.3</ele>
      </trkpt>
      <trkpt lat="37.74411" lon="-110.280851">
        <ele>1421.4</ele>
      </trkpt>
      <trkpt lat="37.750594" lon="-110.280078">
        <ele>1430.8</ele>
      </trkpt>
      <trkpt lat="37.753133" lon="-110.280412">
        <ele>1434.1</ele>
      </trkpt>
      <trkpt lat="37.775529" lon="-110.289103">
        <ele>1448.8</ele>
      </trkpt>
      <trkpt lat="37.784429" lon="-110.294236">
        <ele>1449.8</ele>
      </trkpt>
      <trkpt lat="37.79957" lon="-110.306132">
        <ele>1411.8</ele>
      </trkpt>
      <trkpt lat="37.801823" lon="-110.309223">
        <ele>1409.5</ele>
      </trkpt>
      <trkpt lat="37.806229" lon="-110.319855">
        <ele>1376.6</ele>
      </trkpt>
      <trkpt lat="37.807559" lon="-110.325392">
        <ele>1349.7</ele>
      </trkpt>
      <trkpt lat="37.809922" lon="-110.331153">
        <ele>1329.8</ele>
      </trkpt>
      <trkpt lat="37.811462" lon="-110.340517">
        <ele>1291.7</ele>
      </trkpt>
      <trkpt lat="37.812652" lon="-110.342216">
        <ele>1286.9</ele>
      </trkpt>
      <trkpt lat="37.818519" lon="-110.347107">
        <ele>1272.0</ele>
      </trkpt>
      <trkpt lat="37.821212" lon="-110.354923">
        <ele>1242.2</ele>
      </trkpt>
      <trkpt lat="37.823349" lon="-110.357688">
        <ele>1245.1</ele>
      </trkpt>
      <trkpt lat="37.82578" lon="-110.358752">
        <ele>1255.1</ele>
      </trkpt>
      <trkpt lat="37.827618" lon="-110.358714">
        <ele>1253.7</ele>
      </trkpt>
      <trkpt lat="37.854082" lon="-110.353176">
        <ele>1305.8</ele>
      </trkpt>
      <trkpt lat="37.855489" lon="-110.353317">
        <ele>1315.5</ele>
      </trkpt>
      <trkpt lat="37.857929" lon="-110.354609">
        <ele>1310.7</ele>
      </trkpt>
      <trkpt lat="37.85902" lon="-110.354564">
        <ele>1311.5</ele>
      </trkpt>
      <trkpt lat="37.860639" lon="-110.353107">
        <ele>1316.3</ele>
      </trkpt>
      <trkpt lat="37.862066" lon="-110.347916">
        <ele>1318.9</ele>
      </trkpt>
      <trkpt lat="37.865427" lon="-110.343782">
        <ele>1351.7</ele>
      </trkpt>
      <trkpt lat="37.868821" lon="-110.341573">
        <ele>1377.6</ele>
      </trkpt>
      <trkpt lat="37.870534" lon="-110.341469">
        <ele>1367.5</ele>
      </trkpt>
      <trkpt lat="37.871952" lon="-110.342951">
        <ele>1351.2</ele>
      </trkpt>
      <trkpt lat="37.873187" lon="-110.346949">
        <ele>1328.4</ele>
      </trkpt>
      <trkpt lat="37.876873" lon="-110.350305">
        <ele>1294.2</ele>
      </trkpt>
      <trkpt lat="37.879614" lon="-110.353726">
        <ele>1270.4</ele>
      </trkpt>
      <trkpt lat="37.886198" lon="-110.36542">
        <ele>1187.8</ele>
      </trkpt>
      <trkpt lat="37.888086" lon="-110.367111">
        <ele>1168.4</ele>
      </trkpt>
      <trkpt lat="37.889377" lon="-110.369204">
        <ele>1155.8</ele>
      </trkpt>
      <trkpt lat="37.893452" lon="-110.372168">
        <ele>1162.2</ele>
      </trkpt>
      <trkpt lat="37.894809" lon="-110.376665">
        <ele>1190.2</ele>
      </trkpt>
      <trkpt lat="37.896271" lon="-110.37898">
        <ele>1188.3</ele>
      </trkpt>
      <trkpt lat="37.898232" lon="-110.379883">
        <ele>1205.5</ele>
      </trkpt>
      <trkpt lat="37.901643" lon="-110.378843">
        <ele>1213.6</ele>
      </trkpt>
      <trkpt lat="37.903565" lon="-110.379176">
        <ele>1204.1</ele>
      </trkpt>
      <trkpt lat="37.912646" lon="-110.387546">
        <ele>1183.7</ele>
      </trkpt>
      <trkpt lat="37.918548" lon="-110.388277">
        <ele>1182.1</ele>
      </trkpt>
      <trkpt lat="37.919959" lon="-110.389062">
        <ele>1184.7</ele>
      </trkpt>
      <trkpt lat="37.921239" lon="-110.391045">
        <ele>1187.2</ele>
      </trkpt>
      <trkpt lat="37.921628" lon="-110.393556">
        <ele>1181.1</ele>
      </trkpt>
      <trkpt lat="37.920898" lon="-110.396076">
        <ele>1164.3</ele>
      </trkpt>
      <trkpt lat="37.919098" lon="-110.397786">
        <ele>1169.8</ele>
      </trkpt>
      <trkpt lat="37.913437" lon="-110.398046">
        <ele>1161.7</ele>
      </trkpt>
      <trkpt lat="37.907462" lon="-110.400621">
        <ele>1138.4</ele>
      </trkpt>
      <trkpt lat="37.901023" lon="-110.399849">
        <ele>1137.8</ele>
      </trkpt>
      <trkpt lat="37.898897" lon="-110.398696">
        <ele>1136.3</ele>
      </trkpt>
      <trkpt lat="37.892877" lon="-110.396994">
        <ele>1144.3</ele>
      </trkpt>
      <trkpt lat="37.891923" lon="-110.397447">
        <ele>1137.0</ele>
      </trkpt>
      <trkpt lat="37.889991" lon="-110.40063">
        <ele>1149.4</ele>
      </trkpt>
      <trkpt lat="37.889416" lon="-110.409494">
        <ele>1178.8</ele>
      </trkpt>
      <trkpt lat="37.88987" lon="-110.412393">
        <ele>1209.5</ele>
      </trkpt>
      <trkpt lat="37.889604" lon="-110.413882">
        <ele>1222.4</ele>
      </trkpt>
      <trkpt lat="37.888079" lon="-110.414998">
        <ele>1233.7</ele>
      </trkpt>
      <trkpt lat="37.885982" lon="-110.414402">
        <ele>1254.4</ele>
      </trkpt>
      <trkpt lat="37.884746" lon="-110.414778">
        <ele>1266.0</ele>
      </trkpt>
      <trkpt lat="37.882393" lon="-110.418412">
        <ele>1252.2</ele>
      </trkpt>
      <trkpt lat="37.881885" lon="-110.421378">
        <ele>1236.4</ele>
      </trkpt>
      <trkpt lat="37.88415" lon="-110.426563">
        <ele>1207.1</ele>
      </trkpt>
      <trkpt lat="37.886674" lon="-110.428499">
        <ele>1193.6</ele>
      </trkpt>
      <trkpt lat="37.889201" lon="-110.432938">
        <ele>1202.8</ele>
      </trkpt>
      <trkpt lat="37.892755" lon="-110.436226">
        <ele>1176.6</ele>
      </trkpt>
      <trkpt lat="37.894483" lon="-110.4453">
        <ele>1152.1</ele>
      </trkpt>
      <trkpt lat="37.897226" lon="-110.446934">
        <ele>1145.5</ele>
      </trkpt>
      <trkpt lat="37.899726" lon="-110.44927">
        <ele>1140.8</ele>
      </trkpt>
      <trkpt lat="37.903571" lon="-110.450663">
        <ele>1148.5</ele>
      </trkpt>
      <trkpt lat="37.905858" lon="-110.455003">
        <ele>1153.6</ele>
      </trkpt>
      <trkpt lat="37.907153" lon="-110.45638">
        <ele>1156.7</ele>
      </trkpt>
      <trkpt lat="37.911418" lon="-110.458722">
        <ele>1158.0</ele>
      </trkpt>
      <trkpt lat="37.915232" lon="-110.46015">
        <ele>1161.9</ele>
      </trkpt>
      <trkpt lat="37.918246" lon="-110.462819">
        <ele>1169.2</ele>
      </trkpt>
      <trkpt lat="37.919492" lon="-110.463253">
        <ele>1167.2</ele>
      </trkpt>
      <trkpt lat="37.922092" lon="-110.463194">
        <ele>1169.3</ele>
      </trkpt>
      <trkpt lat="37.925065" lon="-110.464897">
        <ele>1179.7</ele>
      </trkpt>
      <trkpt lat="37.927924" lon="-110.464324">
        <ele>1185.5</ele>
      </trkpt>
      <trkpt lat="37.930057" lon="-110.464678">
        <ele>1192.9</ele>
      </trkpt>
      <trkpt lat="37.934699" lon="-110.467672">
        <ele>1195.7</ele>
      </trkpt>
      <trkpt lat="37.943868" lon="-110.47057">
        <ele>1204.9</ele>
      </trkpt>
      <trkpt lat="37.945006" lon="-110.471807">
        <ele>1207.3</ele>
      </trkpt>
      <trkpt lat="37.94614" lon="-110.474417">
        <ele>1210.8</ele>
      </trkpt>
      <trkpt lat="37.947695" lon="-110.475842">
        <ele>1214.8</ele>
      </trkpt>
      <trkpt lat="37.951937" lon="-110.475812">
        <ele>1216.8</ele>
      </trkpt>
      <trkpt lat="37.953029" lon="-110.47674">
        <ele>1218.2</ele>
      </trkpt>
      <trkpt lat="37.953972" lon="-110.47955">
        <ele>1221.3</ele>
      </trkpt>
      <trkpt lat="37.954733" lon="-110.480402">
        <ele>1226.6</ele>
      </trkpt>
      <trkpt lat="37.955606" lon="-110.480809">
        <ele>1232.4</ele>
      </trkpt>
      <trkpt lat="37.958211" lon="-110.480567">
        <ele>1231.1</ele>
      </trkpt>
      <trkpt lat="37.959695" lon="-110.481788">
        <ele>1232.5</ele>
      </trkpt>
      <trkpt lat="37.962692" lon="-110.490547">
        <ele>1250.1</ele>
      </trkpt>
      <trkpt lat="37.964096" lon="-110.492368">
        <ele>1247.6</ele>
      </trkpt>
      <trkpt lat="37.965571" lon="-110.492549">
        <ele>1252.2</ele>
      </trkpt>
      <trkpt lat="37.967524" lon="-110.491543">
        <ele>1251.0</ele>
      </trkpt>
      <trkpt lat="37.969536" lon="-110.491813">
        <ele>1253.9</ele>
      </trkpt>
      <trkpt lat="37.974019" lon="-110.491237">
        <ele>1263.5</ele>
      </trkpt>
      <trkpt lat="37.97912" lon="-110.492475">
        <ele>1263.4</ele>
      </trkpt>
      <trkpt lat="37.982003" lon="-110.49209">
        <ele>1269.3</ele>
      </trkpt>
      <trkpt lat="37.985008" lon="-110.493152">
        <ele>1277.4</ele>
      </trkpt>
      <trkpt lat="37.987131" lon="-110.493247">
        <ele>1275.6</ele>
      </trkpt>
      <trkpt lat="37.99062" lon="-110.495634">
        <ele>1281.1</ele>
      </trkpt>
      <trkpt lat="37.991476" lon="-110.497241">
        <ele>1285.6</ele>
      </trkpt>
      <trkpt lat="37.991498" lon="-110.500577">
        <ele>1301.2</ele>
      </trkpt>
      <trkpt lat="37.993815" lon="-110.503456">
        <ele>1296.7</ele>
      </trkpt>
      <trkpt lat="37.993503" lon="-110.507123">
        <ele>1301.5</ele>
      </trkpt>
      <trkpt lat="37.994088" lon="-110.508884">
        <ele>1305.5</ele>
      </trkpt>
      <trkpt lat="37.996312" lon="-110.510812">
        <ele>1309.9</ele>
      </trkpt>
      <trkpt lat="37.998911" lon="-110.51151">
        <ele>1311.3</ele>
      </trkpt>
      <trkpt lat="38.005357" lon="-110.517428">
        <ele>1324.7</ele>
      </trkpt>
      <trkpt lat="38.007209" lon="-110.518524">
        <ele>1330.1</ele>
      </trkpt>
      <trkpt lat="38.008214" lon="-110.519909">
        <ele>1331.5</ele>
      </trkpt>
      <trkpt lat="38.009507" lon="-110.524833">
        <ele>1336.2</ele>
      </trkpt>
      <trkpt lat="38.01335" lon="-110.528342">
        <ele>1351.5</ele>
      </trkpt>
      <trkpt lat="38.015091" lon="-110.53108">
        <ele>1354.3</ele>
      </trkpt>
      <trkpt lat="38.020552" lon="-110.545592">
        <ele>1375.5</ele>
      </trkpt>
      <trkpt lat="38.021134" lon="-110.551523">
        <ele>1382.9</ele>
      </trkpt>
      <trkpt lat="38.020234" lon="-110.555548">
        <ele>1388.1</ele>
      </trkpt>
      <trkpt lat="38.020383" lon="-110.557719">
        <ele>1388.7</ele>
      </trkpt>
      <trkpt lat="38.023374" lon="-110.564123">
        <ele>1398.5</ele>
      </trkpt>
      <trkpt lat="38.024422" lon="-110.56931">
        <ele>1406.5</ele>
      </trkpt>
      <trkpt lat="38.026526" lon="-110.571744">
        <ele>1410.6</ele>
      </trkpt>
      <trkpt lat="38.040425" lon="-110.578053">
        <ele>1434.9</ele>
      </trkpt>
      <trkpt lat="38.046152" lon="-110.58165">
        <ele>1445.1</ele>
      </trkpt>
      <trkpt lat="38.054204" lon="-110.588956">
        <ele>1454.7</ele>
      </trkpt>
      <trkpt lat="38.059653" lon="-110.595684">
        <ele>1466.5</ele>
      </trkpt>
      <trkpt lat="38.069832" lon="-110.606227">
        <ele>1496.0</ele>
      </trkpt>
      <trkpt lat="38.100536" lon="-110.623187">
        <ele>1557.2</ele>
      </trkpt>
      <trkpt lat="38.110256" lon="-110.624586">
        <ele>1562.5</ele>
      </trkpt>
      <trkpt lat="38.115701" lon="-110.623731">
        <ele>1573.5</ele>
      </trkpt>
      <trkpt lat="38.121361" lon="-110.620684">
        <ele>1574.3</ele>
      </trkpt>
      <trkpt lat="38.129568" lon="-110.612998">
        <ele>1530.7</ele>
      </trkpt>
      <trkpt lat="38.132315" lon="-110.611089">
        <ele>1517.1</ele>
      </trkpt>
      <trkpt lat="38.135938" lon="-110.60974">
        <ele>1507.7</ele>
      </trkpt>
      <trkpt lat="38.140201" lon="-110.609638">
        <ele>1492.1</ele>
      </trkpt>
      <trkpt lat="38.143826" lon="-110.61182">
        <ele>1498.0</ele>
      </trkpt>
      <trkpt lat="38.148582" lon="-110.618497">
        <ele>1510.0</ele>
      </trkpt>
      <trkpt lat="38.152215" lon="-110.62045">
        <ele>1510.1</ele>
      </trkpt>
      <trkpt lat="38.184103" lon="-110.626618">
        <ele>1472.4</ele>
      </trkpt>
      <trkpt lat="38.239808" lon="-110.649221">
        <ele>1464.5</ele>
      </trkpt>
      <trkpt lat="38.312979" lon="-110.673072">
        <ele>1376.6</ele>
      </trkpt>
      <trkpt lat="38.31897" lon="-110.674089">
        <ele>1370.5</ele>
      </trkpt>
      <trkpt lat="38.322132" lon="-110.675288">
        <ele>1366.2</ele>
      </trkpt>
      <trkpt lat="38.332426" lon="-110.681747">
        <ele>1378.1</ele>
      </trkpt>
      <trkpt lat="38.340063" lon="-110.690409">
        <ele>1400.4</ele>
      </trkpt>
      <trkpt lat="38.371801" lon="-110.703613">
        <ele>1316.3</ele>
      </trkpt>
      <trkpt lat="38.373039" lon="-110.704581">
        <ele>1316.1</ele>
      </trkpt>
      <trkpt lat="38.374314" lon="-110.70775">
        <ele>1316.0</ele>
      </trkpt>
      <trkpt lat="38.374538" lon="-110.727789">
        <ele>1307.6</ele>
      </trkpt>
      <trkpt lat="38.375389" lon="-110.730096">
        <ele>1306.1</ele>
      </trkpt>
      <trkpt lat="38.377881" lon="-110.732884">
        <ele>1316.5</ele>
      </trkpt>
      <trkpt lat="38.37832" lon="-110.734748">
        <ele>1321.6</ele>
      </trkpt>
      <trkpt lat="38.376772" lon="-110.741154">
        <ele>1319.2</ele>
      </trkpt>
      <trkpt lat="38.371712" lon="-110.747239">
        <ele>1322.6</ele>
      </trkpt>
      <trkpt lat="38.370883" lon="-110.748849">
        <ele>1325.8</ele>
      </trkpt>
      <trkpt lat="38.370876" lon="-110.750761">
        <ele>1328.3</ele>
      </trkpt>
      <trkpt lat="38.372258" lon="-110.755626">
        <ele>1324.3</ele>
      </trkpt>
      <trkpt lat="38.371268" lon="-110.760869">
        <ele>1325.8</ele>
      </trkpt>
      <trkpt lat="38.371876" lon="-110.769469">
        <ele>1350.7</ele>
      </trkpt>
      <trkpt lat="38.367348" lon="-110.785723">
        <ele>1328.6</ele>
      </trkpt>
      <trkpt lat="38.366452" lon="-110.791364">
        <ele>1324.7</ele>
      </trkpt>
      <trkpt lat="38.364885" lon="-110.812746">
        <ele>1339.5</ele>
      </trkpt>
      <trkpt lat="38.365373" lon="-110.814463">
        <ele>1349.2</ele>
      </trkpt>
      <trkpt lat="38.367499" lon="-110.816791">
        <ele>1340.5</ele>
      </trkpt>
      <trkpt lat="38.368979" lon="-110.82609">
        <ele>1342.2</ele>
      </trkpt>
      <trkpt lat="38.36936" lon="-110.848654">
        <ele>1352.1</ele>
      </trkpt>
      <trkpt lat="38.368604" lon="-110.851574">
        <ele>1349.0</ele>
      </trkpt>
      <trkpt lat="38.361933" lon="-110.865397">
        <ele>1353.9</ele>
      </trkpt>
      <trkpt lat="38.361181" lon="-110.869105">
        <ele>1350.8</ele>
      </trkpt>
      <trkpt lat="38.359264" lon="-110.872259">
        <ele>1352.5</ele>
      </trkpt>
      <trkpt lat="38.359122" lon="-110.873301">
        <ele>1350.1</ele>
      </trkpt>
      <trkpt lat="38.359939" lon="-110.875954">
        <ele>1356.8</ele>
      </trkpt>
      <trkpt lat="38.363724" lon="-110.877725">
        <ele>1358.2</ele>
      </trkpt>
      <trkpt lat="38.365024" lon="-110.880193">
        <ele>1363.5</ele>
      </trkpt>
      <trkpt lat="38.364874" lon="-110.88394">
        <ele>1371.5</ele>
      </trkpt>
      <trkpt lat="38.366977" lon="-110.891321">
        <ele>1408.3</ele>
      </trkpt>
      <trkpt lat="38.366618" lon="-110.894877">
        <ele>1403.6</ele>
      </trkpt>
      <trkpt lat="38.365163" lon="-110.900653">
        <ele>1388.7</ele>
      </trkpt>
      <trkpt lat="38.36616" lon="-110.908922">
        <ele>1375.8</ele>
      </trkpt>
      <trkpt lat="38.348583" lon="-110.962568">
        <ele>1383.1</ele>
      </trkpt>
      <trkpt lat="38.347821" lon="-110.967215">
        <ele>1387.4</ele>
      </trkpt>
      <trkpt lat="38.347647" lon="-110.975796">
        <ele>1390.9</ele>
      </trkpt>
      <trkpt lat="38.346164" lon="-110.982954">
        <ele>1397.5</ele>
      </trkpt>
      <trkpt lat="38.340321" lon="-110.997954">
        <ele>1402.1</ele>
      </trkpt>
      <trkpt lat="38.33864" lon="-111.006865">
        <ele>1401.1</ele>
      </trkpt>
      <trkpt lat="38.337763" lon="-111.008737">
        <ele>1400.6</ele>
      </trkpt>
      <trkpt lat="38.33476" lon="-111.012575">
        <ele>1401.1</ele>
      </trkpt>
      <trkpt lat="38.333858" lon="-111.015002">
        <ele>1402.5</ele>
      </trkpt>
      <trkpt lat="38.334192" lon="-111.022487">
        <ele>1409.1</ele>
      </trkpt>
      <trkpt lat="38.333241" lon="-111.02865">
        <ele>1411.5</ele>
      </trkpt>
      <trkpt lat="38.332326" lon="-111.030464">
        <ele>1413.0</ele>
      </trkpt>
      <trkpt lat="38.330713" lon="-111.031704">
        <ele>1419.2</ele>
      </trkpt>
      <trkpt lat="38.319221" lon="-111.035606">
        <ele>1448.0</ele>
      </trkpt>
      <trkpt lat="38.313682" lon="-111.036564">
        <ele>1458.5</ele>
      </trkpt>
      <trkpt lat="38.306394" lon="-111.040506">
        <ele>1445.7</ele>
      </trkpt>
      <trkpt lat="38.295371" lon="-111.042638">
        <ele>1423.4</ele>
      </trkpt>
      <trkpt lat="38.293717" lon="-111.043754">
        <ele>1422.3</ele>
      </trkpt>
      <trkpt lat="38.291644" lon="-111.047331">
        <ele>1429.4</ele>
      </trkpt>
      <trkpt lat="38.28814" lon="-111.047208">
        <ele>1436.5</ele>
      </trkpt>
      <trkpt lat="38.28348" lon="-111.048681">
        <ele>1459.3</ele>
      </trkpt>
      <trkpt lat="38.276649" lon="-111.054003">
        <ele>1479.0</ele>
      </trkpt>
      <trkpt lat="38.274998" lon="-111.056151">
        <ele>1472.0</ele>
      </trkpt>
      <trkpt lat="38.267898" lon="-111.076711">
        <ele>1471.4</ele>
      </trkpt>
      <trkpt lat="38.267996" lon="-111.078626">
        <ele>1475.6</ele>
      </trkpt>
      <trkpt lat="38.268738" lon="-111.080233">
        <ele>1478.1</ele>
      </trkpt>
      <trkpt lat="38.272179" lon="-111.082574">
        <ele>1500.1</ele>
      </trkpt>
      <trkpt lat="38.273476" lon="-111.084937">
        <ele>1493.0</ele>
      </trkpt>
      <trkpt lat="38.275842" lon="-111.095818">
        <ele>1477.7</ele>
      </trkpt>
      <trkpt lat="38.274296" lon="-111.101566">
        <ele>1484.4</ele>
      </trkpt>
      <trkpt lat="38.274432" lon="-111.105156">
        <ele>1486.4</ele>
      </trkpt>
      <trkpt lat="38.275179" lon="-111.106798">
        <ele>1488.5</ele>
      </trkpt>
      <trkpt lat="38.277453" lon="-111.108288">
        <ele>1497.1</ele>
      </trkpt>
      <trkpt lat="38.278029" lon="-111.109174">
        <ele>1499.3</ele>
      </trkpt>
      <trkpt lat="38.277624" lon="-111.113982">
        <ele>1499.4</ele>
      </trkpt>
      <trkpt lat="38.27919" lon="-111.116208">
        <ele>1496.4</ele>
      </trkpt>
      <trkpt lat="38.281336" lon="-111.115451">
        <ele>1499.3</ele>
      </trkpt>
      <trkpt lat="38.282169" lon="-111.11563">
        <ele>1506.9</ele>
      </trkpt>
      <trkpt lat="38.28305" lon="-111.117552">
        <ele>1506.6</ele>
      </trkpt>
      <trkpt lat="38.284573" lon="-111.118343">
        <ele>1509.2</ele>
      </trkpt>
      <trkpt lat="38.284977" lon="-111.119247">
        <ele>1512.9</ele>
      </trkpt>
      <trkpt lat="38.284682" lon="-111.121122">
        <ele>1512.6</ele>
      </trkpt>
      <trkpt lat="38.285391" lon="-111.124033">
        <ele>1515.9</ele>
      </trkpt>
      <trkpt lat="38.283657" lon="-111.12758">
        <ele>1520.2</ele>
      </trkpt>
      <trkpt lat="38.281781" lon="-111.136833">
        <ele>1527.2</ele>
      </trkpt>
      <trkpt lat="38.282646" lon="-111.138881">
        <ele>1529.9</ele>
      </trkpt>
      <trkpt lat="38.284066" lon="-111.139558">
        <ele>1531.6</ele>
      </trkpt>
      <trkpt lat="38.286112" lon="-111.139685">
        <ele>1535.2</ele>
      </trkpt>
      <trkpt lat="38.28716" lon="-111.140804">
        <ele>1528.6</ele>
      </trkpt>
      <trkpt lat="38.287093" lon="-111.143163">
        <ele>1531.5</ele>
      </trkpt>
      <trkpt lat="38.284313" lon="-111.147223">
        <ele>1534.4</ele>
      </trkpt>
      <trkpt lat="38.284202" lon="-111.148325">
        <ele>1534.8</ele>
      </trkpt>
      <trkpt lat="38.285178" lon="-111.152859">
        <ele>1542.0</ele>
      </trkpt>
      <trkpt lat="38.287287" lon="-111.154882">
        <ele>1549.1</ele>
      </trkpt>
      <trkpt lat="38.287614" lon="-111.15807">
        <ele>1549.5</ele>
      </trkpt>
      <trkpt lat="38.289418" lon="-111.161336">
        <ele>1556.5</ele>
      </trkpt>
      <trkpt lat="38.289011" lon="-111.162187">
        <ele>1552.4</ele>
      </trkpt>
      <trkpt lat="38.287472" lon="-111.163201">
        <ele>1563.6</ele>
      </trkpt>
      <trkpt lat="38.285749" lon="-111.164099">
        <ele>1563.9</ele>
      </trkpt>
      <trkpt lat="38.283852" lon="-111.164249">
        <ele>1568.1</ele>
      </trkpt>
      <trkpt lat="38.283129" lon="-111.165099">
        <ele>1571.2</ele>
      </trkpt>
      <trkpt lat="38.283463" lon="-111.168498">
        <ele>1569.6</ele>
      </trkpt>
      <trkpt lat="38.281172" lon="-111.173118">
        <ele>1572.9</ele>
      </trkpt>
      <trkpt lat="38.282809" lon="-111.177298">
        <ele>1577.8</ele>
      </trkpt>
      <trkpt lat="38.279946" lon="-111.180382">
        <ele>1585.2</ele>
      </trkpt>
      <trkpt lat="38.279063" lon="-111.185123">
        <ele>1584.0</ele>
      </trkpt>
      <trkpt lat="38.27735" lon="-111.18984">
        <ele>1593.3</ele>
      </trkpt>
      <trkpt lat="38.277868" lon="-111.191836">
        <ele>1595.7</ele>
      </trkpt>
      <trkpt lat="38.279474" lon="-111.193512">
        <ele>1595.5</ele>
      </trkpt>
      <trkpt lat="38.280903" lon="-111.194263">
        <ele>1596.9</ele>
      </trkpt>
      <trkpt lat="38.284681" lon="-111.194908">
        <ele>1597.7</ele>
      </trkpt>
      <trkpt lat="38.285128" lon="-111.195893">
        <ele>1595.3</ele>
      </trkpt>
      <trkpt lat="38.285054" lon="-111.1968">
        <ele>1593.8</ele>
      </trkpt>
      <trkpt lat="38.283523" lon="-111.199186">
        <ele>1594.0</ele>
      </trkpt>
      <trkpt lat="38.28393" lon="-111.206817">
        <ele>1604.4</ele>
      </trkpt>
      <trkpt lat="38.283371" lon="-111.209221">
        <ele>1607.9</ele>
      </trkpt>
      <trkpt lat="38.28341" lon="-111.212106">
        <ele>1605.9</ele>
      </trkpt>
      <trkpt lat="38.282094" lon="-111.214516">
        <ele>1610.2</ele>
      </trkpt>
      <trkpt lat="38.281976" lon="-111.215696">
        <ele>1609.5</ele>
      </trkpt>
      <trkpt lat="38.283664" lon="-111.218676">
        <ele>1618.0</ele>
      </trkpt>
      <trkpt lat="38.288412" lon="-111.223189">
        <ele>1621.8</ele>
      </trkpt>
      <trkpt lat="38.287874" lon="-111.226342">
        <ele>1632.3</ele>
      </trkpt>
      <trkpt lat="38.28874" lon="-111.229156">
        <ele>1627.4</ele>
      </trkpt>
      <trkpt lat="38.288932" lon="-111.235834">
        <ele>1635.8</ele>
      </trkpt>
      <trkpt lat="38.287758" lon="-111.238996">
        <ele>1641.6</ele>
      </trkpt>
      <trkpt lat="38.287524" lon="-111.2476">
        <ele>1649.6</ele>
      </trkpt>
      <trkpt lat="38.289547" lon="-111.252322">
        <ele>1658.7</ele>
      </trkpt>
      <trkpt lat="38.289882" lon="-111.256139">
        <ele>1667.6</ele>
      </trkpt>
      <trkpt lat="38.291126" lon="-111.258392">
        <ele>1669.4</ele>
      </trkpt>
      <trkpt lat="38.291568" lon="-111.261354">
        <ele>1674.8</ele>
      </trkpt>
      <trkpt lat="38.294652" lon="-111.267743">
        <ele>1706.7</ele>
      </trkpt>
      <trkpt lat="38.301241" lon="-111.275498">
        <ele>1748.3</ele>
      </trkpt>
      <trkpt lat="38.306448" lon="-111.280167">
        <ele>1771.1</ele>
      </trkpt>
      <trkpt lat="38.307391" lon="-111.281711">
        <ele>1785.4</ele>
      </trkpt>
      <trkpt lat="38.308448" lon="-111.288104">
        <ele>1831.1</ele>
      </trkpt>
      <trkpt lat="38.308119" lon="-111.292357">
        <ele>1866.7</ele>
      </trkpt>
      <trkpt lat="38.308927" lon="-111.297187">
        <ele>1870.0</ele>
      </trkpt>
      <trkpt lat="38.309649" lon="-111.298528">
        <ele>1869.6</ele>
      </trkpt>
      <trkpt lat="38.312146" lon="-111.300529">
        <ele>1866.6</ele>
      </trkpt>
      <trkpt lat="38.316182" lon="-111.306044">
        <ele>1842.1</ele>
      </trkpt>
      <trkpt lat="38.321696" lon="-111.322304">
        <ele>1885.7</ele>
      </trkpt>
      <trkpt lat="38.322947" lon="-111.332742">
        <ele>1894.2</ele>
      </trkpt>
      <trkpt lat="38.322323" lon="-111.336604">
        <ele>1896.7</ele>
      </trkpt>
      <trkpt lat="38.322951" lon="-111.344005">
        <ele>1906.9</ele>
      </trkpt>
      <trkpt lat="38.326131" lon="-111.357323">
        <ele>1946.7</ele>
      </trkpt>
      <trkpt lat="38.325333" lon="-111.362279">
        <ele>1974.3</ele>
      </trkpt>
      <trkpt lat="38.326536" lon="-111.366577">
        <ele>1973.8</ele>
      </trkpt>
      <trkpt lat="38.31889" lon="-111.38364">
        <ele>1990.3</ele>
      </trkpt>
      <trkpt lat="38.309542" lon="-111.388558">
        <ele>2023.0</ele>
      </trkpt>
      <trkpt lat="38.30512" lon="-111.392892">
        <ele>2028.1</ele>
      </trkpt>
      <trkpt lat="38.303872" lon="-111.39304">
        <ele>2027.6</ele>
      </trkpt>
      <trkpt lat="38.300492" lon="-111.391529">
        <ele>2050.1</ele>
      </trkpt>
      <trkpt lat="38.29936" lon="-111.391918">
        <ele>2059.4</ele>
      </trkpt>
      <trkpt lat="38.297214" lon="-111.396361">
        <ele>2084.0</ele>
      </trkpt>
      <trkpt lat="38.297311" lon="-111.398157">
        <ele>2088.5</ele>
      </trkpt>
      <trkpt lat="38.298858" lon="-111.401722">
        <ele>2078.5</ele>
      </trkpt>
      <trkpt lat="38.298082" lon="-111.402026">
        <ele>2072.9</ele>
      </trkpt>
      <trkpt lat="38.296049" lon="-111.401078">
        <ele>2073.4</ele>
      </trkpt>
      <trkpt lat="38.293333" lon="-111.397628">
        <ele>2080.9</ele>
      </trkpt>
      <trkpt lat="38.289736" lon="-111.394809">
        <ele>2071.9</ele>
      </trkpt>
      <trkpt lat="38.283355" lon="-111.395744">
        <ele>2063.2</ele>
      </trkpt>
      <trkpt lat="38.280326" lon="-111.388742">
        <ele>2044.0</ele>
      </trkpt>
      <trkpt lat="38.275103" lon="-111.382371">
        <ele>2030.6</ele>
      </trkpt>
      <trkpt lat="38.271571" lon="-111.376793">
        <ele>2019.4</ele>
      </trkpt>
      <trkpt lat="38.270452" lon="-111.375843">
        <ele>2013.1</ele>
      </trkpt>
      <trkpt lat="38.265775" lon="-111.374651">
        <ele>2043.5</ele>
      </trkpt>
      <trkpt lat="38.258199" lon="-111.376427">
        <ele>2073.2</ele>
      </trkpt>
      <trkpt lat="38.252606" lon="-111.378939">
        <ele>2097.5</ele>
      </trkpt>
      <trkpt lat="38.245813" lon="-111.377">
        <ele>2123.5</ele>
      </trkpt>
      <trkpt lat="38.240491" lon="-111.376823">
        <ele>2168.1</ele>
      </trkpt>
      <trkpt lat="38.236308" lon="-111.370866">
        <ele>2189.1</ele>
      </trkpt>
      <trkpt lat="38.230936" lon="-111.360072">
        <ele>2205.9</ele>
      </trkpt>
      <trkpt lat="38.228092" lon="-111.356629">
        <ele>2194.7</ele>
      </trkpt>
      <trkpt lat="38.228123" lon="-111.349657">
        <ele>2168.7</ele>
      </trkpt>
      <trkpt lat="38.22751" lon="-111.347856">
        <ele>2166.6</ele>
      </trkpt>
      <trkpt lat="38.221999" lon="-111.342669">
        <ele>2191.9</ele>
      </trkpt>
      <trkpt lat="38.220672" lon="-111.342836">
        <ele>2203.6</ele>
      </trkpt>
      <trkpt lat="38.218256" lon="-111.345121">
        <ele>2209.1</ele>
      </trkpt>
      <trkpt lat="38.212842" lon="-111.348089">
        <ele>2229.7</ele>
      </trkpt>
      <trkpt lat="38.206973" lon="-111.347584">
        <ele>2236.7</ele>
      </trkpt>
      <trkpt lat="38.20212" lon="-111.349491">
        <ele>2293.4</ele>
      </trkpt>
      <trkpt lat="38.200639" lon="-111.350781">
        <ele>2306.6</ele>
      </trkpt>
      <trkpt lat="38.197513" lon="-111.351716">
        <ele>2332.5</ele>
      </trkpt>
      <trkpt lat="38.193402" lon="-111.350471">
        <ele>2339.0</ele>
      </trkpt>
      <trkpt lat="38.189218" lon="-111.352807">
        <ele>2356.4</ele>
      </trkpt>
      <trkpt lat="38.187713" lon="-111.352996">
        <ele>2365.1</ele>
      </trkpt>
      <trkpt lat="38.186602" lon="-111.352492">
        <ele>2376.3</ele>
      </trkpt>
      <trkpt lat="38.183708" lon="-111.349579">
        <ele>2392.8</ele>
      </trkpt>
      <trkpt lat="38.181273" lon="-111.349238">
        <ele>2413.2</ele>
      </trkpt>
      <trkpt lat="38.179027" lon="-111.346737">
        <ele>2444.4</ele>
      </trkpt>
      <trkpt lat="38.17729" lon="-111.347085">
        <ele>2454.9</ele>
      </trkpt>
      <trkpt lat="38.175283" lon="-111.345586">
        <ele>2465.6</ele>
      </trkpt>
      <trkpt lat="38.173183" lon="-111.345016">
        <ele>2491.1</ele>
      </trkpt>
      <trkpt lat="38.170971" lon="-111.343096">
        <ele>2524.4</ele>
      </trkpt>
      <trkpt lat="38.168984" lon="-111.342488">
        <ele>2534.1</ele>
      </trkpt>
      <trkpt lat="38.166552" lon="-111.337617">
        <ele>2548.2</ele>
      </trkpt>
      <trkpt lat="38.1632" lon="-111.335096">
        <ele>2534.8</ele>
      </trkpt>
      <trkpt lat="38.161434" lon="-111.335123">
        <ele>2535.6</ele>
      </trkpt>
      <trkpt lat="38.159378" lon="-111.333748">
        <ele>2561.1</ele>
      </trkpt>
      <trkpt lat="38.156764" lon="-111.332949">
        <ele>2596.5</ele>
      </trkpt>
      <trkpt lat="38.154355" lon="-111.333311">
        <ele>2597.4</ele>
      </trkpt>
      <trkpt lat="38.152797" lon="-111.332932">
        <ele>2617.8</ele>
      </trkpt>
      <trkpt lat="38.151752" lon="-111.332019">
        <ele>2627.0</ele>
      </trkpt>
      <trkpt lat="38.149739" lon="-111.332482">
        <ele>2633.4</ele>
      </trkpt>
      <trkpt lat="38.146805" lon="-111.326727">
        <ele>2685.1</ele>
      </trkpt>
      <trkpt lat="38.144458" lon="-111.32806">
        <ele>2704.1</ele>
      </trkpt>
      <trkpt lat="38.142532" lon="-111.32809">
        <ele>2702.5</ele>
      </trkpt>
      <trkpt lat="38.139683" lon="-111.329292">
        <ele>2675.1</ele>
      </trkpt>
      <trkpt lat="38.1368" lon="-111.328994">
        <ele>2669.4</ele>
      </trkpt>
      <trkpt lat="38.132086" lon="-111.327064">
        <ele>2673.2</ele>
      </trkpt>
      <trkpt lat="38.130567" lon="-111.328534">
        <ele>2675.3</ele>
      </trkpt>
      <trkpt lat="38.128323" lon="-111.328559">
        <ele>2691.3</ele>
      </trkpt>
      <trkpt lat="38.125739" lon="-111.32934">
        <ele>2689.3</ele>
      </trkpt>
      <trkpt lat="38.124003" lon="-111.33061">
        <ele>2687.1</ele>
      </trkpt>
      <trkpt lat="38.122153" lon="-111.329826">
        <ele>2681.2</ele>
      </trkpt>
      <trkpt lat="38.120292" lon="-111.326612">
        <ele>2674.8</ele>
      </trkpt>
      <trkpt lat="38.119154" lon="-111.325723">
        <ele>2681.1</ele>
      </trkpt>
      <trkpt lat="38.118071" lon="-111.326264">
        <ele>2676.4</ele>
      </trkpt>
      <trkpt lat="38.116201" lon="-111.329389">
        <ele>2664.1</ele>
      </trkpt>
      <trkpt lat="38.112621" lon="-111.330228">
        <ele>2645.5</ele>
      </trkpt>
      <trkpt lat="38.110911" lon="-111.32924">
        <ele>2643.5</ele>
      </trkpt>
      <trkpt lat="38.109927" lon="-111.329748">
        <ele>2644.1</ele>
      </trkpt>
      <trkpt lat="38.109947" lon="-111.333734">
        <ele>2627.9</ele>
      </trkpt>
      <trkpt lat="38.108573" lon="-111.335172">
        <ele>2623.8</ele>
      </trkpt>
      <trkpt lat="38.106742" lon="-111.339104">
        <ele>2641.3</ele>
      </trkpt>
      <trkpt lat="38.105669" lon="-111.339008">
        <ele>2640.5</ele>
      </trkpt>
      <trkpt lat="38.10386" lon="-111.336673">
        <ele>2643.4</ele>
      </trkpt>
      <trkpt lat="38.100262" lon="-111.337438">
        <ele>2620.1</ele>
      </trkpt>
      <trkpt lat="38.097722" lon="-111.340038">
        <ele>2642.9</ele>
      </trkpt>
      <trkpt lat="38.094561" lon="-111.345195">
        <ele>2669.8</ele>
      </trkpt>
      <trkpt lat="38.092279" lon="-111.345823">
        <ele>2680.9</ele>
      </trkpt>
      <trkpt lat="38.089656" lon="-111.343302">
        <ele>2705.3</ele>
      </trkpt>
      <trkpt lat="38.087868" lon="-111.344109">
        <ele>2720.5</ele>
      </trkpt>
      <trkpt lat="38.087152" lon="-111.343934">
        <ele>2718.3</ele>
      </trkpt>
      <trkpt lat="38.086382" lon="-111.338931">
        <ele>2728.8</ele>
      </trkpt>
      <trkpt lat="38.084982" lon="-111.336934">
        <ele>2724.2</ele>
      </trkpt>
      <trkpt lat="38.083761" lon="-111.336952">
        <ele>2729.4</ele>
      </trkpt>
      <trkpt lat="38.080354" lon="-111.339872">
        <ele>2743.3</ele>
      </trkpt>
      <trkpt lat="38.07596" lon="-111.338586">
        <ele>2747.9</ele>
      </trkpt>
      <trkpt lat="38.072743" lon="-111.338258">
        <ele>2772.1</ele>
      </trkpt>
      <trkpt lat="38.070931" lon="-111.336904">
        <ele>2772.1</ele>
      </trkpt>
      <trkpt lat="38.069706" lon="-111.334921">
        <ele>2790.8</ele>
      </trkpt>
      <trkpt lat="38.069644" lon="-111.3315">
        <ele>2809.3</ele>
      </trkpt>
      <trkpt lat="38.068396" lon="-111.330166">
        <ele>2818.1</ele>
      </trkpt>
      <trkpt lat="38.066914" lon="-111.329533">
        <ele>2825.4</ele>
      </trkpt>
      <trkpt lat="38.064778" lon="-111.329626">
        <ele>2832.3</ele>
      </trkpt>
      <trkpt lat="38.06195" lon="-111.328415">
        <ele>2834.7</ele>
      </trkpt>
      <trkpt lat="38.059309" lon="-111.32854">
        <ele>2850.7</ele>
      </trkpt>
      <trkpt lat="38.057291" lon="-111.327933">
        <ele>2866.9</ele>
      </trkpt>
      <trkpt lat="38.053729" lon="-111.325324">
        <ele>2888.5</ele>
      </trkpt>
      <trkpt lat="38.052746" lon="-111.325884">
        <ele>2893.9</ele>
      </trkpt>
      <trkpt lat="38.051456" lon="-111.32789">
        <ele>2896.1</ele>
      </trkpt>
      <trkpt lat="38.048776" lon="-111.329006">
        <ele>2898.4</ele>
      </trkpt>
      <trkpt lat="38.047478" lon="-111.328944">
        <ele>2907.3</ele>
      </trkpt>
      <trkpt lat="38.044803" lon="-111.326829">
        <ele>2921.0</ele>
      </trkpt>
      <trkpt lat="38.04396" lon="-111.326677">
        <ele>2920.6</ele>
      </trkpt>
      <trkpt lat="38.034736" lon="-111.331633">
        <ele>2919.6</ele>
      </trkpt>
      <trkpt lat="38.032558" lon="-111.338266">
        <ele>2880.7</ele>
      </trkpt>
      <trkpt lat="38.030416" lon="-111.341977">
        <ele>2863.3</ele>
      </trkpt>
      <trkpt lat="38.027866" lon="-111.343099">
        <ele>2860.5</ele>
      </trkpt>
      <trkpt lat="38.027043" lon="-111.344063">
        <ele>2857.8</ele>
      </trkpt>
      <trkpt lat="38.025756" lon="-111.349623">
        <ele>2819.2</ele>
      </trkpt>
      <trkpt lat="38.023824" lon="-111.350708">
        <ele>2834.1</ele>
      </trkpt>
      <trkpt lat="38.022674" lon="-111.352309">
        <ele>2838.8</ele>
      </trkpt>
      <trkpt lat="38.019326" lon="-111.352805">
        <ele>2845.2</ele>
      </trkpt>
      <trkpt lat="38.018001" lon="-111.355448">
        <ele>2848.0</ele>
      </trkpt>
      <trkpt lat="38.01404" lon="-111.358397">
        <ele>2877.3</ele>
      </trkpt>
      <trkpt lat="38.012997" lon="-111.360482">
        <ele>2874.1</ele>
      </trkpt>
      <trkpt lat="38.012841" lon="-111.364297">
        <ele>2851.9</ele>
      </trkpt>
      <trkpt lat="38.011386" lon="-111.368254">
        <ele>2839.2</ele>
      </trkpt>
      <trkpt lat="38.011741" lon="-111.37029">
        <ele>2826.8</ele>
      </trkpt>
      <trkpt lat="38.013006" lon="-111.372181">
        <ele>2817.4</ele>
      </trkpt>
      <trkpt lat="38.013078" lon="-111.373247">
        <ele>2808.9</ele>
      </trkpt>
      <trkpt lat="38.009996" lon="-111.377434">
        <ele>2783.9</ele>
      </trkpt>
      <trkpt lat="38.010399" lon="-111.380826">
        <ele>2756.7</ele>
      </trkpt>
      <trkpt lat="38.009562" lon="-111.383339">
        <ele>2753.9</ele>
      </trkpt>
      <trkpt lat="38.00956" lon="-111.387974">
        <ele>2739.4</ele>
      </trkpt>
      <trkpt lat="38.009143" lon="-111.388918">
        <ele>2728.5</ele>
      </trkpt>
      <trkpt lat="38.007484" lon="-111.390316">
        <ele>2714.4</ele>
      </trkpt>
      <trkpt lat="38.006372" lon="-111.392873">
        <ele>2687.4</ele>
      </trkpt>
      <trkpt lat="38.009094" lon="-111.399284">
        <ele>2671.0</ele>
      </trkpt>
      <trkpt lat="38.008246" lon="-111.403734">
        <ele>2659.4</ele>
      </trkpt>
      <trkpt lat="38.007254" lon="-111.405032">
        <ele>2645.8</ele>
      </trkpt>
      <trkpt lat="38.005068" lon="-111.405134">
        <ele>2636.2</ele>
      </trkpt>
      <trkpt lat="38.004197" lon="-111.405653">
        <ele>2624.4</ele>
      </trkpt>
      <trkpt lat="38.002958" lon="-111.407959">
        <ele>2604.6</ele>
      </trkpt>
      <trkpt lat="37.998616" lon="-111.412514">
        <ele>2552.5</ele>
      </trkpt>
      <trkpt lat="37.997528" lon="-111.416711">
        <ele>2521.7</ele>
      </trkpt>
      <trkpt lat="37.993226" lon="-111.418788">
        <ele>2477.5</ele>
      </trkpt>
      <trkpt lat="37.991786" lon="-111.420676">
        <ele>2470.8</ele>
      </trkpt>
      <trkpt lat="37.991399" lon="-111.423128">
        <ele>2465.8</ele>
      </trkpt>
      <trkpt lat="37.992317" lon="-111.42479">
        <ele>2453.0</ele>
      </trkpt>
      <trkpt lat="37.992749" lon="-111.427338">
        <ele>2429.1</ele>
      </trkpt>
      <trkpt lat="37.994763" lon="-111.428637">
        <ele>2414.2</ele>
      </trkpt>
      <trkpt lat="37.994724" lon="-111.429593">
        <ele>2408.4</ele>
      </trkpt>
      <trkpt lat="37.994159" lon="-111.430091">
        <ele>2404.3</ele>
      </trkpt>
      <trkpt lat="37.98926" lon="-111.429337">
        <ele>2377.0</ele>
      </trkpt>
      <trkpt lat="37.986706" lon="-111.430355">
        <ele>2359.4</ele>
      </trkpt>
      <trkpt lat="37.967887" lon="-111.431581">
        <ele>2265.8</ele>
      </trkpt>
      <trkpt lat="37.960302" lon="-111.434932">
        <ele>2235.5</ele>
      </trkpt>
      <trkpt lat="37.95602" lon="-111.435617">
        <ele>2221.9</ele>
      </trkpt>
      <trkpt lat="37.947026" lon="-111.432599">
        <ele>2183.4</ele>
      </trkpt>
      <trkpt lat="37.942017" lon="-111.43308">
        <ele>2165.5</ele>
      </trkpt>
      <trkpt lat="37.936369" lon="-111.431218">
        <ele>2141.3</ele>
      </trkpt>
      <trkpt lat="37.933877" lon="-111.430917">
        <ele>2131.1</ele>
      </trkpt>
      <trkpt lat="37.92142" lon="-111.425134">
        <ele>2076.3</ele>
      </trkpt>
      <trkpt lat="37.914654" lon="-111.424286">
        <ele>2062.5</ele>
      </trkpt>
      <trkpt lat="37.906202" lon="-111.424246">
        <ele>2035.3</ele>
      </trkpt>
      <trkpt lat="37.901702" lon="-111.424718">
        <ele>2023.6</ele>
      </trkpt>
      <trkpt lat="37.901076" lon="-111.425667">
        <ele>2019.5</ele>
      </trkpt>
      <trkpt lat="37.901007" lon="-111.436692">
        <ele>1963.9</ele>
      </trkpt>
      <trkpt lat="37.898412" lon="-111.439138">
        <ele>1972.6</ele>
      </trkpt>
      <trkpt lat="37.896888" lon="-111.446962">
        <ele>1972.1</ele>
      </trkpt>
      <trkpt lat="37.895323" lon="-111.447883">
        <ele>1989.9</ele>
      </trkpt>
      <trkpt lat="37.891633" lon="-111.445844">
        <ele>1996.0</ele>
      </trkpt>
      <trkpt lat="37.88862" lon="-111.448394">
        <ele>2042.8</ele>
      </trkpt>
      <trkpt lat="37.888787" lon="-111.449513">
        <ele>2042.5</ele>
      </trkpt>
      <trkpt lat="37.892053" lon="-111.452401">
        <ele>2033.0</ele>
      </trkpt>
      <trkpt lat="37.894083" lon="-111.455488">
        <ele>2036.5</ele>
      </trkpt>
      <trkpt lat="37.894276" lon="-111.456905">
        <ele>2021.8</ele>
      </trkpt>
      <trkpt lat="37.892082" lon="-111.458676">
        <ele>2040.0</ele>
      </trkpt>
      <trkpt lat="37.890234" lon="-111.457366">
        <ele>2062.6</ele>
      </trkpt>
      <trkpt lat="37.887849" lon="-111.458112">
        <ele>2065.0</ele>
      </trkpt>
      <trkpt lat="37.881386" lon="-111.457532">
        <ele>2054.1</ele>
      </trkpt>
      <trkpt lat="37.879026" lon="-111.456011">
        <ele>2052.6</ele>
      </trkpt>
      <trkpt lat="37.871645" lon="-111.444144">
        <ele>2014.0</ele>
      </trkpt>
      <trkpt lat="37.870091" lon="-111.442594">
        <ele>2017.2</ele>
      </trkpt>
      <trkpt lat="37.863946" lon="-111.439783">
        <ele>1999.0</ele>
      </trkpt>
      <trkpt lat="37.849538" lon="-111.428928">
        <ele>1964.7</ele>
      </trkpt>
      <trkpt lat="37.845556" lon="-111.427143">
        <ele>1955.3</ele>
      </trkpt>
      <trkpt lat="37.842216" lon="-111.422419">
        <ele>1941.0</ele>
      </trkpt>
      <trkpt lat="37.837977" lon="-111.420724">
        <ele>1931.8</ele>
      </trkpt>
      <trkpt lat="37.834174" lon="-111.416509">
        <ele>1925.1</ele>
      </trkpt>
      <trkpt lat="37.830621" lon="-111.414665">
        <ele>1920.7</ele>
      </trkpt>
      <trkpt lat="37.827952" lon="-111.412201">
        <ele>1893.3</ele>
      </trkpt>
      <trkpt lat="37.82325" lon="-111.410192">
        <ele>1878.5</ele>
      </trkpt>
      <trkpt lat="37.822059" lon="-111.410634">
        <ele>1866.6</ele>
      </trkpt>
      <trkpt lat="37.820656" lon="-111.412246">
        <ele>1860.0</ele>
      </trkpt>
      <trkpt lat="37.819291" lon="-111.41221">
        <ele>1851.7</ele>
      </trkpt>
      <trkpt lat="37.813009" lon="-111.408494">
        <ele>1812.9</ele>
      </trkpt>
      <trkpt lat="37.809559" lon="-111.403954">
        <ele>1800.8</ele>
      </trkpt>
      <trkpt lat="37.805053" lon="-111.401124">
        <ele>1792.4</ele>
      </trkpt>
      <trkpt lat="37.803361" lon="-111.402898">
        <ele>1771.7</ele>
      </trkpt>
      <trkpt lat="37.803454" lon="-111.404761">
        <ele>1766.5</ele>
      </trkpt>
      <trkpt lat="37.802936" lon="-111.405923">
        <ele>1756.0</ele>
      </trkpt>
      <trkpt lat="37.799652" lon="-111.406848">
        <ele>1742.8</ele>
      </trkpt>
      <trkpt lat="37.797191" lon="-111.408288">
        <ele>1732.2</ele>
      </trkpt>
      <trkpt lat="37.796535" lon="-111.411749">
        <ele>1689.4</ele>
      </trkpt>
      <trkpt lat="37.795264" lon="-111.41181">
        <ele>1675.0</ele>
      </trkpt>
      <trkpt lat="37.790068" lon="-111.415456">
        <ele>1631.5</ele>
      </trkpt>
      <trkpt lat="37.7879" lon="-111.415642">
        <ele>1626.4</ele>
      </trkpt>
      <trkpt lat="37.78535" lon="-111.417979">
        <ele>1606.2</ele>
      </trkpt>
      <trkpt lat="37.782007" lon="-111.418959">
        <ele>1611.4</ele>
      </trkpt>
      <trkpt lat="37.780771" lon="-111.418044">
        <ele>1600.4</ele>
      </trkpt>
      <trkpt lat="37.780007" lon="-111.418653">
        <ele>1593.5</ele>
      </trkpt>
      <trkpt lat="37.776421" lon="-111.419598">
        <ele>1590.5</ele>
      </trkpt>
      <trkpt lat="37.774511" lon="-111.415573">
        <ele>1617.7</ele>
      </trkpt>
      <trkpt lat="37.773676" lon="-111.414949">
        <ele>1620.4</ele>
      </trkpt>
      <trkpt lat="37.772872" lon="-111.414996">
        <ele>1626.2</ele>
      </trkpt>
      <trkpt lat="37.771484" lon="-111.417554">
        <ele>1650.3</ele>
      </trkpt>
      <trkpt lat="37.772628" lon="-111.420502">
        <ele>1682.8</ele>
      </trkpt>
      <trkpt lat="37.77273" lon="-111.422034">
        <ele>1692.4</ele>
      </trkpt>
      <trkpt lat="37.771446" lon="-111.423294">
        <ele>1708.2</ele>
      </trkpt>
      <trkpt lat="37.770691" lon="-111.425033">
        <ele>1716.7</ele>
      </trkpt>
      <trkpt lat="37.756986" lon="-111.434008">
        <ele>1756.6</ele>
      </trkpt>
      <trkpt lat="37.753956" lon="-111.436669">
        <ele>1763.0</ele>
      </trkpt>
      <trkpt lat="37.752098" lon="-111.439286">
        <ele>1746.2</ele>
      </trkpt>
      <trkpt lat="37.75062" lon="-111.443023">
        <ele>1724.8</ele>
      </trkpt>
      <trkpt lat="37.749601" lon="-111.443301">
        <ele>1730.8</ele>
      </trkpt>
      <trkpt lat="37.75024" lon="-111.446058">
        <ele>1745.9</ele>
      </trkpt>
      <trkpt lat="37.746548" lon="-111.449742">
        <ele>1769.3</ele>
      </trkpt>
      <trkpt lat="37.74594" lon="-111.451935">
        <ele>1785.7</ele>
      </trkpt>
      <trkpt lat="37.745458" lon="-111.451949">
        <ele>1800.5</ele>
      </trkpt>
      <trkpt lat="37.744856" lon="-111.450304">
        <ele>1805.1</ele>
      </trkpt>
      <trkpt lat="37.744766" lon="-111.447983">
        <ele>1812.2</ele>
      </trkpt>
      <trkpt lat="37.74379" lon="-111.447279">
        <ele>1814.6</ele>
      </trkpt>
      <trkpt lat="37.743186" lon="-111.447604">
        <ele>1825.9</ele>
      </trkpt>
      <trkpt lat="37.741756" lon="-111.4528">
        <ele>1859.8</ele>
      </trkpt>
      <trkpt lat="37.74194" lon="-111.453783">
        <ele>1864.5</ele>
      </trkpt>
      <trkpt lat="37.744357" lon="-111.454734">
        <ele>1876.9</ele>
      </trkpt>
      <trkpt lat="37.746761" lon="-111.454272">
        <ele>1893.5</ele>
      </trkpt>
      <trkpt lat="37.748137" lon="-111.456034">
        <ele>1884.8</ele>
      </trkpt>
      <trkpt lat="37.750085" lon="-111.456909">
        <ele>1905.8</ele>
      </trkpt>
      <trkpt lat="37.750599" lon="-111.458121">
        <ele>1916.4</ele>
      </trkpt>
      <trkpt lat="37.750677" lon="-111.466942">
        <ele>1895.1</ele>
      </trkpt>
      <trkpt lat="37.748767" lon="-111.490001">
        <ele>1826.9</ele>
      </trkpt>
      <trkpt lat="37.747519" lon="-111.494124">
        <ele>1818.6</ele>
      </trkpt>
      <trkpt lat="37.746002" lon="-111.497134">
        <ele>1818.6</ele>
      </trkpt>
      <trkpt lat="37.727567" lon="-111.522486">
        <ele>1764.4</ele>
      </trkpt>
      <trkpt lat="37.72671" lon="-111.524789">
        <ele>1760.4</ele>
      </trkpt>
      <trkpt lat="37.726631" lon="-111.527234">
        <ele>1752.6</ele>
      </trkpt>
      <trkpt lat="37.72823" lon="-111.532642">
        <ele>1759.5</ele>
      </trkpt>
      <trkpt lat="37.737324" lon="-111.546377">
        <ele>1760.1</ele>
      </trkpt>
      <trkpt lat="37.743098" lon="-111.559541">
        <ele>1759.4</ele>
      </trkpt>
      <trkpt lat="37.747287" lon="-111.56376">
        <ele>1764.0</ele>
      </trkpt>
      <trkpt lat="37.756609" lon="-111.571217">
        <ele>1769.1</ele>
      </trkpt>
      <trkpt lat="37.763007" lon="-111.581626">
        <ele>1774.2</ele>
      </trkpt>
      <trkpt lat="37.766857" lon="-111.591302">
        <ele>1769.4</ele>
      </trkpt>
      <trkpt lat="37.770197" lon="-111.595734">
        <ele>1767.6</ele>
      </trkpt>
      <trkpt lat="37.770594" lon="-111.609657">
        <ele>1793.7</ele>
      </trkpt>
      <trkpt lat="37.77748" lon="-111.621819">
        <ele>1791.1</ele>
      </trkpt>
      <trkpt lat="37.77745" lon="-111.627674">
        <ele>1791.7</ele>
      </trkpt>
      <trkpt lat="37.775873" lon="-111.632583">
        <ele>1799.1</ele>
      </trkpt>
      <trkpt lat="37.775766" lon="-111.638476">
        <ele>1803.0</ele>
      </trkpt>
      <trkpt lat="37.774419" lon="-111.644794">
        <ele>1809.0</ele>
      </trkpt>
      <trkpt lat="37.772423" lon="-111.650352">
        <ele>1814.9</ele>
      </trkpt>
      <trkpt lat="37.772231" lon="-111.658299">
        <ele>1824.1</ele>
      </trkpt>
      <trkpt lat="37.76605" lon="-111.674944">
        <ele>1851.7</ele>
      </trkpt>
      <trkpt lat="37.765316" lon="-111.677762">
        <ele>1857.2</ele>
      </trkpt>
      <trkpt lat="37.764739" lon="-111.683867">
        <ele>1856.6</ele>
      </trkpt>
      <trkpt lat="37.760862" lon="-111.695995">
        <ele>1881.9</ele>
      </trkpt>
      <trkpt lat="37.759935" lon="-111.697336">
        <ele>1884.7</ele>
      </trkpt>
      <trkpt lat="37.754274" lon="-111.701273">
        <ele>1898.9</ele>
      </trkpt>
      <trkpt lat="37.743414" lon="-111.706716">
        <ele>1915.8</ele>
      </trkpt>
      <trkpt lat="37.741349" lon="-111.70916">
        <ele>1918.7</ele>
      </trkpt>
      <trkpt lat="37.740281" lon="-111.7121">
        <ele>1933.1</ele>
      </trkpt>
      <trkpt lat="37.74006" lon="-111.714317">
        <ele>1934.3</ele>
      </trkpt>
      <trkpt lat="37.740345" lon="-111.717197">
        <ele>1935.3</ele>
      </trkpt>
      <trkpt lat="37.741881" lon="-111.720024">
        <ele>1942.5</ele>
      </trkpt>
      <trkpt lat="37.742108" lon="-111.722203">
        <ele>1941.5</ele>
      </trkpt>
      <trkpt lat="37.738825" lon="-111.730564">
        <ele>1958.4</ele>
      </trkpt>
      <trkpt lat="37.737634" lon="-111.744455">
        <ele>1995.5</ele>
      </trkpt>
      <trkpt lat="37.730082" lon="-111.760611">
        <ele>2017.9</ele>
      </trkpt>
      <trkpt lat="37.726809" lon="-111.772498">
        <ele>2054.4</ele>
      </trkpt>
      <trkpt lat="37.723469" lon="-111.778772">
        <ele>2066.6</ele>
      </trkpt>
      <trkpt lat="37.713931" lon="-111.785923">
        <ele>2099.7</ele>
      </trkpt>
      <trkpt lat="37.698612" lon="-111.792034">
        <ele>2130.0</ele>
      </trkpt>
      <trkpt lat="37.696286" lon="-111.793631">
        <ele>2133.0</ele>
      </trkpt>
      <trkpt lat="37.676999" lon="-111.82172">
        <ele>2198.3</ele>
      </trkpt>
      <trkpt lat="37.674178" lon="-111.826814">
        <ele>2209.3</ele>
      </trkpt>
      <trkpt lat="37.67278" lon="-111.828284">
        <ele>2207.9</ele>
      </trkpt>
      <trkpt lat="37.66011" lon="-111.834282">
        <ele>2239.3</ele>
      </trkpt>
      <trkpt lat="37.647326" lon="-111.844884">
        <ele>2273.5</ele>
      </trkpt>
      <trkpt lat="37.645624" lon="-111.845212">
        <ele>2275.1</ele>
      </trkpt>
      <trkpt lat="37.641366" lon="-111.84462">
        <ele>2291.5</ele>
      </trkpt>
      <trkpt lat="37.638127" lon="-111.843625">
        <ele>2316.4</ele>
      </trkpt>
      <trkpt lat="37.637291" lon="-111.842063">
        <ele>2299.4</ele>
      </trkpt>
      <trkpt lat="37.636448" lon="-111.842133">
        <ele>2289.6</ele>
      </trkpt>
      <trkpt lat="37.635876" lon="-111.843934">
        <ele>2273.2</ele>
      </trkpt>
      <trkpt lat="37.631843" lon="-111.84577">
        <ele>2231.6</ele>
      </trkpt>
      <trkpt lat="37.6306" lon="-111.847637">
        <ele>2201.1</ele>
      </trkpt>
      <trkpt lat="37.623823" lon="-111.852887">
        <ele>2167.8</ele>
      </trkpt>
      <trkpt lat="37.621574" lon="-111.861655">
        <ele>2136.6</ele>
      </trkpt>
      <trkpt lat="37.62148" lon="-111.868872">
        <ele>2150.7</ele>
      </trkpt>
      <trkpt lat="37.615775" lon="-111.885509">
        <ele>2089.1</ele>
      </trkpt>
      <trkpt lat="37.616582" lon="-111.89204">
        <ele>2057.5</ele>
      </trkpt>
      <trkpt lat="37.616325" lon="-111.89394">
        <ele>2048.4</ele>
      </trkpt>
      <trkpt lat="37.615468" lon="-111.895182">
        <ele>2038.9</ele>
      </trkpt>
      <trkpt lat="37.612083" lon="-111.897084">
        <ele>2034.0</ele>
      </trkpt>
      <trkpt lat="37.611033" lon="-111.898233">
        <ele>2031.2</ele>
      </trkpt>
      <trkpt lat="37.607166" lon="-111.905948">
        <ele>2006.7</ele>
      </trkpt>
      <trkpt lat="37.604097" lon="-111.910578">
        <ele>1998.0</ele>
      </trkpt>
      <trkpt lat="37.603155" lon="-111.915829">
        <ele>1995.7</ele>
      </trkpt>
      <trkpt lat="37.597478" lon="-111.919684">
        <ele>1981.5</ele>
      </trkpt>
      <trkpt lat="37.595716" lon="-111.92152">
        <ele>1972.9</ele>
      </trkpt>
      <trkpt lat="37.592022" lon="-111.929296">
        <ele>1962.3</ele>
      </trkpt>
      <trkpt lat="37.59467" lon="-111.942151">
        <ele>1953.8</ele>
      </trkpt>
      <trkpt lat="37.602648" lon="-111.962059">
        <ele>1926.2</ele>
      </trkpt>
      <trkpt lat="37.60288" lon="-111.9646">
        <ele>1920.4</ele>
      </trkpt>
      <trkpt lat="37.602507" lon="-111.966617">
        <ele>1915.5</ele>
      </trkpt>
      <trkpt lat="37.596294" lon="-111.978454">
        <ele>1887.9</ele>
      </trkpt>
      <trkpt lat="37.594427" lon="-111.980213">
        <ele>1884.0</ele>
      </trkpt>
      <trkpt lat="37.563004" lon="-111.991939">
        <ele>1842.4</ele>
      </trkpt>
      <trkpt lat="37.562516" lon="-111.993122">
        <ele>1834.4</ele>
      </trkpt>
      <trkpt lat="37.562644" lon="-112.010486">
        <ele>1816.6</ele>
      </trkpt>
      <trkpt lat="37.561513" lon="-112.014202">
        <ele>1816.0</ele>
      </trkpt>
      <trkpt lat="37.559131" lon="-112.017685">
        <ele>1818.3</ele>
      </trkpt>
      <trkpt lat="37.558726" lon="-112.019853">
        <ele>1821.9</ele>
      </trkpt>
      <trkpt lat="37.563346" lon="-112.03519">
        <ele>1813.4</ele>
      </trkpt>
      <trkpt lat="37.565441" lon="-112.046332">
        <ele>1794.1</ele>
      </trkpt>
      <trkpt lat="37.569001" lon="-112.054473">
        <ele>1796.3</ele>
      </trkpt>
      <trkpt lat="37.5704" lon="-112.056287">
        <ele>1799.8</ele>
      </trkpt>
      <trkpt lat="37.571983" lon="-112.056983">
        <ele>1804.5</ele>
      </trkpt>
      <trkpt lat="37.580126" lon="-112.056669">
        <ele>1817.0</ele>
      </trkpt>
      <trkpt lat="37.585814" lon="-112.05761">
        <ele>1827.9</ele>
      </trkpt>
      <trkpt lat="37.590041" lon="-112.061163">
        <ele>1827.8</ele>
      </trkpt>
      <trkpt lat="37.592524" lon="-112.062179">
        <ele>1834.8</ele>
      </trkpt>
      <trkpt lat="37.60288" lon="-112.060654">
        <ele>1857.5</ele>
      </trkpt>
      <trkpt lat="37.608674" lon="-112.060873">
        <ele>1871.2</ele>
      </trkpt>
      <trkpt lat="37.611337" lon="-112.06286">
        <ele>1874.3</ele>
      </trkpt>
      <trkpt lat="37.612205" lon="-112.064067">
        <ele>1878.6</ele>
      </trkpt>
      <trkpt lat="37.614113" lon="-112.073401">
        <ele>1903.9</ele>
      </trkpt>
      <trkpt lat="37.614921" lon="-112.075198">
        <ele>1905.5</ele>
      </trkpt>
      <trkpt lat="37.616217" lon="-112.076412">
        <ele>1904.0</ele>
      </trkpt>
      <trkpt lat="37.620126" lon="-112.07785">
        <ele>1914.9</ele>
      </trkpt>
      <trkpt lat="37.621951" lon="-112.08114">
        <ele>1923.1</ele>
      </trkpt>
      <trkpt lat="37.622708" lon="-112.081667">
        <ele>1921.9</ele>
      </trkpt>
      <trkpt lat="37.638156" lon="-112.081954">
        <ele>1941.6</ele>
      </trkpt>
      <trkpt lat="37.646997" lon="-112.080557">
        <ele>1955.0</ele>
      </trkpt>
      <trkpt lat="37.650911" lon="-112.081747">
        <ele>1968.1</ele>
      </trkpt>
      <trkpt lat="37.653762" lon="-112.084384">
        <ele>1976.7</ele>
      </trkpt>
      <trkpt lat="37.659329" lon="-112.0965">
        <ele>2023.8</ele>
      </trkpt>
      <trkpt lat="37.662692" lon="-112.100195">
        <ele>2040.0</ele>
      </trkpt>
      <trkpt lat="37.663022" lon="-112.101985">
        <ele>2047.3</ele>
      </trkpt>
      <trkpt lat="37.662174" lon="-112.105493">
        <ele>2063.7</ele>
      </trkpt>
      <trkpt lat="37.663681" lon="-112.108605">
        <ele>2074.9</ele>
      </trkpt>
      <trkpt lat="37.665974" lon="-112.110174">
        <ele>2081.4</ele>
      </trkpt>
      <trkpt lat="37.669709" lon="-112.109851">
        <ele>2097.6</ele>
      </trkpt>
      <trkpt lat="37.67299" lon="-112.11261">
        <ele>2115.4</ele>
      </trkpt>
      <trkpt lat="37.676051" lon="-112.112055">
        <ele>2131.7</ele>
      </trkpt>
      <trkpt lat="37.678787" lon="-112.113456">
        <ele>2142.1</ele>
      </trkpt>
      <trkpt lat="37.68129" lon="-112.113171">
        <ele>2155.8</ele>
      </trkpt>
      <trkpt lat="37.683886" lon="-112.114168">
        <ele>2174.9</ele>
      </trkpt>
      <trkpt lat="37.6848" lon="-112.115224">
        <ele>2183.4</ele>
      </trkpt>
      <trkpt lat="37.685074" lon="-112.117225">
        <ele>2196.6</ele>
      </trkpt>
      <trkpt lat="37.682984" lon="-112.124684">
        <ele>2238.2</ele>
      </trkpt>
      <trkpt lat="37.682537" lon="-112.129028">
        <ele>2270.5</ele>
      </trkpt>
      <trkpt lat="37.692663" lon="-112.152826">
        <ele>2318.0</ele>
      </trkpt>
      <trkpt lat="37.699353" lon="-112.192653">
        <ele>2327.0</ele>
      </trkpt>
      <trkpt lat="37.702001" lon="-112.198165">
        <ele>2334.3</ele>
      </trkpt>
      <trkpt lat="37.706823" lon="-112.204629">
        <ele>2344.8</ele>
      </trkpt>
      <trkpt lat="37.708647" lon="-112.208173">
        <ele>2351.9</ele>
      </trkpt>
      <trkpt lat="37.716649" lon="-112.234486">
        <ele>2377.8</ele>
      </trkpt>
      <trkpt lat="37.720416" lon="-112.26254">
        <ele>2386.3</ele>
      </trkpt>
      <trkpt lat="37.719771" lon="-112.266056">
        <ele>2381.2</ele>
      </trkpt>
      <trkpt lat="37.720954" lon="-112.267798">
        <ele>2366.2</ele>
      </trkpt>
      <trkpt lat="37.722848" lon="-112.267275">
        <ele>2366.9</ele>
      </trkpt>
      <trkpt lat="37.72401" lon="-112.267614">
        <ele>2356.9</ele>
      </trkpt>
      <trkpt lat="37.725717" lon="-112.269361">
        <ele>2342.9</ele>
      </trkpt>
      <trkpt lat="37.726502" lon="-112.270988">
        <ele>2339.9</ele>
      </trkpt>
      <trkpt lat="37.727798" lon="-112.271519">
        <ele>2332.3</ele>
      </trkpt>
      <trkpt lat="37.727416" lon="-112.27283">
        <ele>2329.2</ele>
      </trkpt>
      <trkpt lat="37.729151" lon="-112.272773">
        <ele>2317.8</ele>
      </trkpt>
      <trkpt lat="37.72808" lon="-112.276177">
        <ele>2314.9</ele>
      </trkpt>
      <trkpt lat="37.728244" lon="-112.277489">
        <ele>2313.2</ele>
      </trkpt>
      <trkpt lat="37.733937" lon="-112.285294">
        <ele>2294.2</ele>
      </trkpt>
      <trkpt lat="37.734439" lon="-112.285354">
        <ele>2290.7</ele>
      </trkpt>
      <trkpt lat="37.734426" lon="-112.286251">
        <ele>2294.2</ele>
      </trkpt>
      <trkpt lat="37.735845" lon="-112.286894">
        <ele>2282.1</ele>
      </trkpt>
      <trkpt lat="37.73626" lon="-112.287607">
        <ele>2277.6</ele>
      </trkpt>
      <trkpt lat="37.737253" lon="-112.291933">
        <ele>2266.6</ele>
      </trkpt>
      <trkpt lat="37.740111" lon="-112.296644">
        <ele>2253.3</ele>
      </trkpt>
      <trkpt lat="37.740411" lon="-112.298704">
        <ele>2247.5</ele>
      </trkpt>
      <trkpt lat="37.741284" lon="-112.300357">
        <ele>2243.4</ele>
      </trkpt>
      <trkpt lat="37.744156" lon="-112.301391">
        <ele>2234.4</ele>
      </trkpt>
      <trkpt lat="37.744578" lon="-112.302247">
        <ele>2231.8</ele>
      </trkpt>
      <trkpt lat="37.744343" lon="-112.30701">
        <ele>2219.3</ele>
      </trkpt>
      <trkpt lat="37.743741" lon="-112.3094">
        <ele>2213.1</ele>
      </trkpt>
      <trkpt lat="37.744696" lon="-112.312875">
        <ele>2204.1</ele>
      </trkpt>
      <trkpt lat="37.743931" lon="-112.315704">
        <ele>2196.9</ele>
      </trkpt>
      <trkpt lat="37.745074" lon="-112.319071">
        <ele>2188.0</ele>
      </trkpt>
      <trkpt lat="37.746811" lon="-112.321807">
        <ele>2180.1</ele>
      </trkpt>
      <trkpt lat="37.747032" lon="-112.323514">
        <ele>2175.1</ele>
      </trkpt>
      <trkpt lat="37.746767" lon="-112.324955">
        <ele>2172.2</ele>
      </trkpt>
      <trkpt lat="37.743841" lon="-112.328274">
        <ele>2162.0</ele>
      </trkpt>
      <trkpt lat="37.743263" lon="-112.334744">
        <ele>2147.0</ele>
      </trkpt>
      <trkpt lat="37.748482" lon="-112.360059">
        <ele>2087.7</ele>
      </trkpt>
      <trkpt lat="37.749633" lon="-112.376864">
        <ele>2054.8</ele>
      </trkpt>
      <trkpt lat="37.752342" lon="-112.377374">
        <ele>2050.3</ele>
      </trkpt>
      <trkpt lat="37.768776" lon="-112.390035">
        <ele>2057.3</ele>
      </trkpt>
      <trkpt lat="37.771631" lon="-112.39173">
        <ele>2044.8</ele>
      </trkpt>
      <trkpt lat="37.786942" lon="-112.393447">
        <ele>2043.4</ele>
      </trkpt>
      <trkpt lat="37.793805" lon="-112.39722">
        <ele>2035.4</ele>
      </trkpt>
      <trkpt lat="37.803471" lon="-112.400837">
        <ele>2021.5</ele>
      </trkpt>
      <trkpt lat="37.815502" lon="-112.403598">
        <ele>2020.6</ele>
      </trkpt>
      <trkpt lat="37.818897" lon="-112.404808">
        <ele>2041.4</ele>
      </trkpt>
      <trkpt lat="37.821481" lon="-112.407583">
        <ele>2025.7</ele>
      </trkpt>
      <trkpt lat="37.822968" lon="-112.411628">
        <ele>2013.3</ele>
      </trkpt>
      <trkpt lat="37.822722" lon="-112.43563">
        <ele>2018.9</ele>
      </trkpt>
      <trkpt lat="37.802846" lon="-112.435284">
        <ele>2046.3</ele>
      </trkpt>
      <trkpt lat="37.799068" lon="-112.437404">
        <ele>2080.0</ele>
      </trkpt>
      <trkpt lat="37.792256" lon="-112.436892">
        <ele>2127.9</ele>
      </trkpt>
      <trkpt lat="37.78946" lon="-112.439286">
        <ele>2143.9</ele>
      </trkpt>
      <trkpt lat="37.783213" lon="-112.439761">
        <ele>2165.0</ele>
      </trkpt>
      <trkpt lat="37.773699" lon="-112.444254">
        <ele>2225.0</ele>
      </trkpt>
      <trkpt lat="37.77198" lon="-112.445828">
        <ele>2233.7</ele>
      </trkpt>
      <trkpt lat="37.768964" lon="-112.451547">
        <ele>2233.4</ele>
      </trkpt>
      <trkpt lat="37.768382" lon="-112.455981">
        <ele>2240.7</ele>
      </trkpt>
      <trkpt lat="37.766452" lon="-112.459724">
        <ele>2252.0</ele>
      </trkpt>
      <trkpt lat="37.76657" lon="-112.461094">
        <ele>2252.8</ele>
      </trkpt>
      <trkpt lat="37.767796" lon="-112.46357">
        <ele>2263.0</ele>
      </trkpt>
      <trkpt lat="37.767336" lon="-112.466864">
        <ele>2272.4</ele>
      </trkpt>
      <trkpt lat="37.768298" lon="-112.475383">
        <ele>2284.0</ele>
      </trkpt>
      <trkpt lat="37.76423" lon="-112.499786">
        <ele>2319.6</ele>
      </trkpt>
      <trkpt lat="37.76061" lon="-112.506564">
        <ele>2343.7</ele>
      </trkpt>
      <trkpt lat="37.761632" lon="-112.510552">
        <ele>2353.5</ele>
      </trkpt>
      <trkpt lat="37.76102" lon="-112.514013">
        <ele>2365.3</ele>
      </trkpt>
      <trkpt lat="37.762552" lon="-112.518874">
        <ele>2376.5</ele>
      </trkpt>
      <trkpt lat="37.76251" lon="-112.526662">
        <ele>2388.7</ele>
      </trkpt>
      <trkpt lat="37.76333" lon="-112.528774">
        <ele>2386.9</ele>
      </trkpt>
      <trkpt lat="37.766892" lon="-112.53349">
        <ele>2375.0</ele>
      </trkpt>
      <trkpt lat="37.767368" lon="-112.534965">
        <ele>2374.5</ele>
      </trkpt>
      <trkpt lat="37.767123" lon="-112.542038">
        <ele>2364.6</ele>
      </trkpt>
      <trkpt lat="37.767746" lon="-112.547177">
        <ele>2353.8</ele>
      </trkpt>
      <trkpt lat="37.76706" lon="-112.550244">
        <ele>2352.2</ele>
      </trkpt>
      <trkpt lat="37.761" lon="-112.559036">
        <ele>2365.7</ele>
      </trkpt>
      <trkpt lat="37.757937" lon="-112.560686">
        <ele>2366.0</ele>
      </trkpt>
      <trkpt lat="37.75368" lon="-112.56429">
        <ele>2387.0</ele>
      </trkpt>
      <trkpt lat="37.750744" lon="-112.569212">
        <ele>2399.9</ele>
      </trkpt>
      <trkpt lat="37.748786" lon="-112.570638">
        <ele>2410.8</ele>
      </trkpt>
      <trkpt lat="37.748177" lon="-112.576034">
        <ele>2403.1</ele>
      </trkpt>
      <trkpt lat="37.746678" lon="-112.57994">
        <ele>2409.0</ele>
      </trkpt>
      <trkpt lat="37.746067" lon="-112.586147">
        <ele>2396.0</ele>
      </trkpt>
      <trkpt lat="37.743148" lon="-112.590114">
        <ele>2413.4</ele>
      </trkpt>
      <trkpt lat="37.738227" lon="-112.591087">
        <ele>2457.0</ele>
      </trkpt>
      <trkpt lat="37.737089" lon="-112.591947">
        <ele>2457.6</ele>
      </trkpt>
      <trkpt lat="37.735694" lon="-112.594124">
        <ele>2443.0</ele>
      </trkpt>
      <trkpt lat="37.736617" lon="-112.601493">
        <ele>2446.9</ele>
      </trkpt>
      <trkpt lat="37.735958" lon="-112.604928">
        <ele>2449.4</ele>
      </trkpt>
      <trkpt lat="37.733134" lon="-112.606808">
        <ele>2457.2</ele>
      </trkpt>
      <trkpt lat="37.731263" lon="-112.605865">
        <ele>2455.4</ele>
      </trkpt>
      <trkpt lat="37.729777" lon="-112.606418">
        <ele>2461.0</ele>
      </trkpt>
      <trkpt lat="37.727703" lon="-112.6098">
        <ele>2458.5</ele>
      </trkpt>
      <trkpt lat="37.723769" lon="-112.613754">
        <ele>2472.7</ele>
      </trkpt>
      <trkpt lat="37.722549" lon="-112.615673">
        <ele>2481.6</ele>
      </trkpt>
      <trkpt lat="37.722043" lon="-112.619054">
        <ele>2491.9</ele>
      </trkpt>
      <trkpt lat="37.723526" lon="-112.623983">
        <ele>2506.3</ele>
      </trkpt>
      <trkpt lat="37.723039" lon="-112.625578">
        <ele>2501.1</ele>
      </trkpt>
      <trkpt lat="37.721276" lon="-112.626305">
        <ele>2493.8</ele>
      </trkpt>
      <trkpt lat="37.720074" lon="-112.626262">
        <ele>2490.0</ele>
      </trkpt>
      <trkpt lat="37.717448" lon="-112.623243">
        <ele>2506.0</ele>
      </trkpt>
      <trkpt lat="37.715968" lon="-112.622717">
        <ele>2506.6</ele>
      </trkpt>
      <trkpt lat="37.711459" lon="-112.623873">
        <ele>2504.9</ele>
      </trkpt>
      <trkpt lat="37.708708" lon="-112.62619">
        <ele>2515.0</ele>
      </trkpt>
      <trkpt lat="37.707667" lon="-112.628326">
        <ele>2517.9</ele>
      </trkpt>
      <trkpt lat="37.706546" lon="-112.632932">
        <ele>2513.9</ele>
      </trkpt>
      <trkpt lat="37.702537" lon="-112.652587">
        <ele>2543.8</ele>
      </trkpt>
      <trkpt lat="37.700081" lon="-112.658646">
        <ele>2553.5</ele>
      </trkpt>
      <trkpt lat="37.697943" lon="-112.662347">
        <ele>2556.3</ele>
      </trkpt>
      <trkpt lat="37.695397" lon="-112.663901">
        <ele>2569.3</ele>
      </trkpt>
      <trkpt lat="37.690698" lon="-112.665111">
        <ele>2595.4</ele>
      </trkpt>
      <trkpt lat="37.68807" lon="-112.664604">
        <ele>2580.2</ele>
      </trkpt>
      <trkpt lat="37.681518" lon="-112.665224">
        <ele>2579.2</ele>
      </trkpt>
      <trkpt lat="37.67701" lon="-112.667283">
        <ele>2580.2</ele>
      </trkpt>
      <trkpt lat="37.672456" lon="-112.667113">
        <ele>2585.8</ele>
      </trkpt>
      <trkpt lat="37.668384" lon="-112.668927">
        <ele>2596.3</ele>
      </trkpt>
      <trkpt lat="37.666547" lon="-112.668528">
        <ele>2607.3</ele>
      </trkpt>
      <trkpt lat="37.664182" lon="-112.665919">
        <ele>2616.0</ele>
      </trkpt>
      <trkpt lat="37.659986" lon="-112.665649">
        <ele>2610.5</ele>
      </trkpt>
      <trkpt lat="37.658792" lon="-112.66628">
        <ele>2612.6</ele>
      </trkpt>
      <trkpt lat="37.656399" lon="-112.669123">
        <ele>2633.4</ele>
      </trkpt>
      <trkpt lat="37.654625" lon="-112.674143">
        <ele>2637.5</ele>
      </trkpt>
      <trkpt lat="37.654887" lon="-112.6842">
        <ele>2677.7</ele>
      </trkpt>
      <trkpt lat="37.654319" lon="-112.685462">
        <ele>2684.5</ele>
      </trkpt>
      <trkpt lat="37.650907" lon="-112.689252">
        <ele>2701.2</ele>
      </trkpt>
      <trkpt lat="37.650767" lon="-112.694455">
        <ele>2731.7</ele>
      </trkpt>
      <trkpt lat="37.652766" lon="-112.699879">
        <ele>2763.1</ele>
      </trkpt>
      <trkpt lat="37.654458" lon="-112.702253">
        <ele>2777.6</ele>
      </trkpt>
      <trkpt lat="37.654327" lon="-112.707889">
        <ele>2798.0</ele>
      </trkpt>
      <trkpt lat="37.655068" lon="-112.714231">
        <ele>2826.4</ele>
      </trkpt>
      <trkpt lat="37.656133" lon="-112.715106">
        <ele>2827.4</ele>
      </trkpt>
      <trkpt lat="37.658953" lon="-112.715437">
        <ele>2817.5</ele>
      </trkpt>
      <trkpt lat="37.662699" lon="-112.717564">
        <ele>2849.0</ele>
      </trkpt>
      <trkpt lat="37.66422" lon="-112.719821">
        <ele>2850.5</ele>
      </trkpt>
      <trkpt lat="37.664617" lon="-112.722268">
        <ele>2852.9</ele>
      </trkpt>
      <trkpt lat="37.664258" lon="-112.72527">
        <ele>2860.8</ele>
      </trkpt>
      <trkpt lat="37.660539" lon="-112.736078">
        <ele>2908.0</ele>
      </trkpt>
      <trkpt lat="37.658227" lon="-112.749237">
        <ele>2941.4</ele>
      </trkpt>
      <trkpt lat="37.656282" lon="-112.751714">
        <ele>2943.5</ele>
      </trkpt>
      <trkpt lat="37.655522" lon="-112.754184">
        <ele>2958.9</ele>
      </trkpt>
      <trkpt lat="37.654039" lon="-112.756184">
        <ele>2971.5</ele>
      </trkpt>
      <trkpt lat="37.65507" lon="-112.759874">
        <ele>2989.6</ele>
      </trkpt>
      <trkpt lat="37.653504" lon="-112.778071">
        <ele>3027.7</ele>
      </trkpt>
      <trkpt lat="37.650276" lon="-112.788371">
        <ele>3068.3</ele>
      </trkpt>
      <trkpt lat="37.653463" lon="-112.805077">
        <ele>3160.7</ele>
      </trkpt>
      <trkpt lat="37.655708" lon="-112.812652">
        <ele>3189.9</ele>
      </trkpt>
      <trkpt lat="37.655397" lon="-112.815892">
        <ele>3204.9</ele>
      </trkpt>
      <trkpt lat="37.656043" lon="-112.820754">
        <ele>3222.6</ele>
      </trkpt>
      <trkpt lat="37.654364" lon="-112.826177">
        <ele>3221.1</ele>
      </trkpt>
      <trkpt lat="37.65267" lon="-112.824373">
        <ele>3226.4</ele>
      </trkpt>
      <trkpt lat="37.650264" lon="-112.824365">
        <ele>3215.6</ele>
      </trkpt>
      <trkpt lat="37.648833" lon="-112.821949">
        <ele>3199.2</ele>
      </trkpt>
      <trkpt lat="37.644569" lon="-112.822021">
        <ele>3205.5</ele>
      </trkpt>
      <trkpt lat="37.643066" lon="-112.821282">
        <ele>3216.4</ele>
      </trkpt>
      <trkpt lat="37.641754" lon="-112.821879">
        <ele>3214.2</ele>
      </trkpt>
      <trkpt lat="37.635982" lon="-112.821844">
        <ele>3223.0</ele>
      </trkpt>
      <trkpt lat="37.634839" lon="-112.822662">
        <ele>3218.8</ele>
      </trkpt>
      <trkpt lat="37.633246" lon="-112.825994">
        <ele>3209.6</ele>
      </trkpt>
      <trkpt lat="37.632846" lon="-112.82976">
        <ele>3196.3</ele>
      </trkpt>
      <trkpt lat="37.631261" lon="-112.830633">
        <ele>3191.9</ele>
      </trkpt>
      <trkpt lat="37.627277" lon="-112.827922">
        <ele>3179.8</ele>
      </trkpt>
      <trkpt lat="37.625536" lon="-112.824281">
        <ele>3209.1</ele>
      </trkpt>
      <trkpt lat="37.624244" lon="-112.823009">
        <ele>3212.6</ele>
      </trkpt>
      <trkpt lat="37.623497" lon="-112.823002">
        <ele>3205.6</ele>
      </trkpt>
      <trkpt lat="37.622265" lon="-112.827856">
        <ele>3168.8</ele>
      </trkpt>
      <trkpt lat="37.618398" lon="-112.829076">
        <ele>3161.3</ele>
      </trkpt>
      <trkpt lat="37.616673" lon="-112.828481">
        <ele>3161.1</ele>
      </trkpt>
      <trkpt lat="37.613833" lon="-112.83013">
        <ele>3151.2</ele>
      </trkpt>
      <trkpt lat="37.61293" lon="-112.831462">
        <ele>3145.7</ele>
      </trkpt>
      <trkpt lat="37.611684" lon="-112.83735">
        <ele>3159.2</ele>
      </trkpt>
      <trkpt lat="37.608257" lon="-112.838943">
        <ele>3163.4</ele>
      </trkpt>
      <trkpt lat="37.606211" lon="-112.841271">
        <ele>3167.5</ele>
      </trkpt>
      <trkpt lat="37.605698" lon="-112.84268">
        <ele>3168.6</ele>
      </trkpt>
      <trkpt lat="37.605916" lon="-112.850128">
        <ele>3144.3</ele>
      </trkpt>
      <trkpt lat="37.605308" lon="-112.850912">
        <ele>3146.1</ele>
      </trkpt>
      <trkpt lat="37.589726" lon="-112.848836">
        <ele>3107.8</ele>
      </trkpt>
      <trkpt lat="37.585483" lon="-112.847329">
        <ele>3085.7</ele>
      </trkpt>
      <trkpt lat="37.5796" lon="-112.842869">
        <ele>3043.3</ele>
      </trkpt>
      <trkpt lat="37.577273" lon="-112.842081">
        <ele>3027.6</ele>
      </trkpt>
      <trkpt lat="37.574418" lon="-112.83764">
        <ele>2991.8</ele>
      </trkpt>
      <trkpt lat="37.572059" lon="-112.836071">
        <ele>2977.8</ele>
      </trkpt>
      <trkpt lat="37.57105" lon="-112.840954">
        <ele>2988.0</ele>
      </trkpt>
      <trkpt lat="37.567861" lon="-112.844312">
        <ele>3014.5</ele>
      </trkpt>
      <trkpt lat="37.567089" lon="-112.847593">
        <ele>3019.2</ele>
      </trkpt>
      <trkpt lat="37.570016" lon="-112.855161">
        <ele>3000.9</ele>
      </trkpt>
      <trkpt lat="37.570277" lon="-112.857754">
        <ele>2980.1</ele>
      </trkpt>
      <trkpt lat="37.575315" lon="-112.862087">
        <ele>2951.5</ele>
      </trkpt>
      <trkpt lat="37.577434" lon="-112.865418">
        <ele>2939.0</ele>
      </trkpt>
      <trkpt lat="37.57734" lon="-112.868813">
        <ele>2922.0</ele>
      </trkpt>
      <trkpt lat="37.579598" lon="-112.87191">
        <ele>2905.6</ele>
      </trkpt>
      <trkpt lat="37.581212" lon="-112.873275">
        <ele>2892.5</ele>
      </trkpt>
      <trkpt lat="37.581374" lon="-112.874966">
        <ele>2884.0</ele>
      </trkpt>
      <trkpt lat="37.58239" lon="-112.87686">
        <ele>2873.4</ele>
      </trkpt>
      <trkpt lat="37.581006" lon="-112.878864">
        <ele>2864.1</ele>
      </trkpt>
      <trkpt lat="37.580734" lon="-112.880097">
        <ele>2859.9</ele>
      </trkpt>
      <trkpt lat="37.582606" lon="-112.883077">
        <ele>2852.8</ele>
      </trkpt>
      <trkpt lat="37.583676" lon="-112.883868">
        <ele>2845.9</ele>
      </trkpt>
      <trkpt lat="37.586723" lon="-112.883453">
        <ele>2818.4</ele>
      </trkpt>
      <trkpt lat="37.589887" lon="-112.881454">
        <ele>2783.0</ele>
      </trkpt>
      <trkpt lat="37.591578" lon="-112.882239">
        <ele>2769.4</ele>
      </trkpt>
      <trkpt lat="37.592748" lon="-112.884029">
        <ele>2754.6</ele>
      </trkpt>
      <trkpt lat="37.593632" lon="-112.888094">
        <ele>2729.9</ele>
      </trkpt>
      <trkpt lat="37.593273" lon="-112.891497">
        <ele>2702.7</ele>
      </trkpt>
      <trkpt lat="37.593654" lon="-112.893561">
        <ele>2688.0</ele>
      </trkpt>
      <trkpt lat="37.592353" lon="-112.89748">
        <ele>2667.1</ele>
      </trkpt>
      <trkpt lat="37.593188" lon="-112.900138">
        <ele>2648.9</ele>
      </trkpt>
      <trkpt lat="37.592696" lon="-112.900558">
        <ele>2649.6</ele>
      </trkpt>
      <trkpt lat="37.592223" lon="-112.900315">
        <ele>2650.4</ele>
      </trkpt>
      <trkpt lat="37.591588" lon="-112.897488">
        <ele>2633.2</ele>
      </trkpt>
      <trkpt lat="37.590612" lon="-112.897551">
        <ele>2624.0</ele>
      </trkpt>
      <trkpt lat="37.590492" lon="-112.903196">
        <ele>2586.7</ele>
      </trkpt>
      <trkpt lat="37.592529" lon="-112.906926">
        <ele>2557.1</ele>
      </trkpt>
      <trkpt lat="37.593864" lon="-112.911154">
        <ele>2531.7</ele>
      </trkpt>
      <trkpt lat="37.59442" lon="-112.918744">
        <ele>2488.7</ele>
      </trkpt>
      <trkpt lat="37.596623" lon="-112.926564">
        <ele>2448.0</ele>
      </trkpt>
      <trkpt lat="37.600399" lon="-112.933773">
        <ele>2411.8</ele>
      </trkpt>
      <trkpt lat="37.604341" lon="-112.936607">
        <ele>2389.2</ele>
      </trkpt>
      <trkpt lat="37.60884" lon="-112.93506">
        <ele>2362.0</ele>
      </trkpt>
      <trkpt lat="37.611086" lon="-112.933029">
        <ele>2341.0</ele>
      </trkpt>
      <trkpt lat="37.617923" lon="-112.931681">
        <ele>2298.1</ele>
      </trkpt>
      <trkpt lat="37.619953" lon="-112.931725">
        <ele>2290.5</ele>
      </trkpt>
      <trkpt lat="37.623936" lon="-112.933278">
        <ele>2254.9</ele>
      </trkpt>
      <trkpt lat="37.627016" lon="-112.933579">
        <ele>2243.2</ele>
      </trkpt>
      <trkpt lat="37.627804" lon="-112.934126">
        <ele>2236.4</ele>
      </trkpt>
      <trkpt lat="37.629117" lon="-112.935684">
        <ele>2218.9</ele>
      </trkpt>
      <trkpt lat="37.629827" lon="-112.938938">
        <ele>2209.0</ele>
      </trkpt>
      <trkpt lat="37.631064" lon="-112.939843">
        <ele>2191.9</ele>
      </trkpt>
      <trkpt lat="37.634041" lon="-112.943733">
        <ele>2161.2</ele>
      </trkpt>
      <trkpt lat="37.635621" lon="-112.948492">
        <ele>2128.6</ele>
      </trkpt>
      <trkpt lat="37.640327" lon="-112.95298">
        <ele>2092.8</ele>
      </trkpt>
      <trkpt lat="37.643124" lon="-112.957938">
        <ele>2076.3</ele>
      </trkpt>
      <trkpt lat="37.643618" lon="-112.960224">
        <ele>2067.7</ele>
      </trkpt>
      <trkpt lat="37.643302" lon="-112.963536">
        <ele>2052.2</ele>
      </trkpt>
      <trkpt lat="37.646991" lon="-112.970609">
        <ele>2028.0</ele>
      </trkpt>
      <trkpt lat="37.649831" lon="-112.97434">
        <ele>2020.3</ele>
      </trkpt>
      <trkpt lat="37.653957" lon="-112.988124">
        <ele>1980.0</ele>
      </trkpt>
      <trkpt lat="37.658846" lon="-112.99398">
        <ele>1960.5</ele>
      </trkpt>
      <trkpt lat="37.662488" lon="-112.996549">
        <ele>1940.9</ele>
      </trkpt>
      <trkpt lat="37.664627" lon="-112.999565">
        <ele>1926.8</ele>
      </trkpt>
      <trkpt lat="37.666808" lon="-113.009102">
        <ele>1903.5</ele>
      </trkpt>
      <trkpt lat="37.669919" lon="-113.012428">
        <ele>1897.1</ele>
      </trkpt>
      <trkpt lat="37.673147" lon="-113.017056">
        <ele>1877.2</ele>
      </trkpt>
      <trkpt lat="37.672622" lon="-113.023771">
        <ele>1859.5</ele>
      </trkpt>
      <trkpt lat="37.673967" lon="-113.027855">
        <ele>1852.6</ele>
      </trkpt>
      <trkpt lat="37.674094" lon="-113.030404">
        <ele>1847.7</ele>
      </trkpt>
      <trkpt lat="37.671402" lon="-113.040177">
        <ele>1823.4</ele>
      </trkpt>
      <trkpt lat="37.673522" lon="-113.044487">
        <ele>1818.4</ele>
      </trkpt>
      <trkpt lat="37.675185" lon="-113.049686">
        <ele>1801.6</ele>
      </trkpt>
      <trkpt lat="37.677286" lon="-113.052698">
        <ele>1791.7</ele>
      </trkpt>
      <trkpt lat="37.67737" lon="-113.06177">
        <ele>1781.8</ele>
      </trkpt>
      <trkpt lat="37.692594" lon="-113.062005">
        <ele>1758.8</ele>
      </trkpt>
      <trkpt lat="37.700089" lon="-113.064075">
        <ele>1739.7</ele>
      </trkpt>
      <trkpt lat="37.703682" lon="-113.063528">
        <ele>1738.6</ele>
      </trkpt>
      <trkpt lat="37.718178" lon="-113.059202">
        <ele>1740.9</ele>
      </trkpt>
      <trkpt lat="37.722613" lon="-113.051017">
        <ele>1765.0</ele>
      </trkpt>
      <trkpt lat="37.724327" lon="-113.049912">
        <ele>1762.9</ele>
      </trkpt>
      <trkpt lat="37.726725" lon="-113.050484">
        <ele>1756.4</ele>
      </trkpt>
      <trkpt lat="37.729561" lon="-113.054709">
        <ele>1742.3</ele>
      </trkpt>
      <trkpt lat="37.730475" lon="-113.055185">
        <ele>1735.8</ele>
      </trkpt>
      <trkpt lat="37.7605" lon="-113.05538">
        <ele>1676.0</ele>
      </trkpt>
      <trkpt lat="37.780173" lon="-113.055181">
        <ele>1667.9</ele>
      </trkpt>
      <trkpt lat="37.781958" lon="-113.05436">
        <ele>1666.8</ele>
      </trkpt>
      <trkpt lat="37.785057" lon="-113.051308">
        <ele>1665.8</ele>
      </trkpt>
      <trkpt lat="37.78717" lon="-113.050718">
        <ele>1665.2</ele>
      </trkpt>
      <trkpt lat="37.83398" lon="-113.05045">
        <ele>1653.0</ele>
      </trkpt>
      <trkpt lat="37.83744" lon="-113.048911">
        <ele>1650.7</ele>
      </trkpt>
      <trkpt lat="37.85137" lon="-113.03468">
        <ele>1649.5</ele>
      </trkpt>
      <trkpt lat="37.85595" lon="-113.03188">
        <ele>1649.6</ele>
      </trkpt>
      <trkpt lat="37.926331" lon="-113.031463">
        <ele>1711.9</ele>
      </trkpt>
      <trkpt lat="37.96121" lon="-113.008431">
        <ele>1779.8</ele>
      </trkpt>
      <trkpt lat="38.00272" lon="-112.9978">
        <ele>1860.8</ele>
      </trkpt>
      <trkpt lat="38.03165" lon="-112.998321">
        <ele>1911.5</ele>
      </trkpt>
      <trkpt lat="38.03416" lon="-112.99829">
        <ele>1915.1</ele>
      </trkpt>
      <trkpt lat="38.03654" lon="-112.99739">
        <ele>1923.1</ele>
      </trkpt>
      <trkpt lat="38.04025" lon="-112.99404">
        <ele>1927.2</ele>
      </trkpt>
      <trkpt lat="38.04893" lon="-112.98464">
        <ele>1953.2</ele>
      </trkpt>
      <trkpt lat="38.05411" lon="-112.97269">
        <ele>1978.5</ele>
      </trkpt>
      <trkpt lat="38.05738" lon="-112.96838">
        <ele>1983.0</ele>
      </trkpt>
      <trkpt lat="38.066144" lon="-112.962521">
        <ele>1998.9</ele>
      </trkpt>
      <trkpt lat="38.07214" lon="-112.96109">
        <ele>1998.8</ele>
      </trkpt>
      <trkpt lat="38.076344" lon="-112.957817">
        <ele>1978.2</ele>
      </trkpt>
      <trkpt lat="38.08382" lon="-112.95644">
        <ele>1954.7</ele>
      </trkpt>
      <trkpt lat="38.09272" lon="-112.95088">
        <ele>1915.0</ele>
      </trkpt>
      <trkpt lat="38.100084" lon="-112.949253">
        <ele>1888.4</ele>
      </trkpt>
      <trkpt lat="38.10865" lon="-112.94655">
        <ele>1868.9</ele>
      </trkpt>
      <trkpt lat="38.11162" lon="-112.94851">
        <ele>1857.1</ele>
      </trkpt>
      <trkpt lat="38.11265" lon="-112.95071">
        <ele>1845.1</ele>
      </trkpt>
      <trkpt lat="38.11405" lon="-112.95196">
        <ele>1839.7</ele>
      </trkpt>
      <trkpt lat="38.116969" lon="-112.951956">
        <ele>1828.1</ele>
      </trkpt>
      <trkpt lat="38.120681" lon="-112.951099">
        <ele>1811.6</ele>
      </trkpt>
      <trkpt lat="38.122353" lon="-112.951328">
        <ele>1806.9</ele>
      </trkpt>
      <trkpt lat="38.127039" lon="-112.956943">
        <ele>1773.9</ele>
      </trkpt>
      <trkpt lat="38.131855" lon="-112.959589">
        <ele>1757.9</ele>
      </trkpt>
      <trkpt lat="38.136347" lon="-112.960141">
        <ele>1743.6</ele>
      </trkpt>
      <trkpt lat="38.151709" lon="-112.95938">
        <ele>1691.1</ele>
      </trkpt>
      <trkpt lat="38.170573" lon="-112.952641">
        <ele>1681.9</ele>
      </trkpt>
      <trkpt lat="38.177541" lon="-112.948092">
        <ele>1675.4</ele>
      </trkpt>
      <trkpt lat="38.188562" lon="-112.938593">
        <ele>1661.6</ele>
      </trkpt>
      <trkpt lat="38.199165" lon="-112.932749">
        <ele>1638.7</ele>
      </trkpt>
      <trkpt lat="38.207881" lon="-112.924756">
        <ele>1629.4</ele>
      </trkpt>
      <trkpt lat="38.210225" lon="-112.92384">
        <ele>1621.1</ele>
      </trkpt>
      <trkpt lat="38.215596" lon="-112.924041">
        <ele>1608.0</ele>
      </trkpt>
      <trkpt lat="38.2154" lon="-112.93158">
        <ele>1601.7</ele>
      </trkpt>
      <trkpt lat="38.220325" lon="-112.931696">
        <ele>1600.8</ele>
      </trkpt>
      <trkpt lat="38.221468" lon="-112.93224">
        <ele>1599.5</ele>
      </trkpt>
      <trkpt lat="38.221674" lon="-112.961546">
        <ele>1587.8</ele>
      </trkpt>
      <trkpt lat="38.224177" lon="-112.962385">
        <ele>1587.3</ele>
      </trkpt>
      <trkpt lat="38.269899" lon="-113.009742">
        <ele>1551.8</ele>
      </trkpt>
      <trkpt lat="38.2803" lon="-113.01008">
        <ele>1546.9</ele>
      </trkpt>
      <trkpt lat="38.38684" lon="-113.009767">
        <ele>1513.1</ele>
      </trkpt>
      <trkpt lat="38.386941" lon="-113.013312">
        <ele>1520.6</ele>
      </trkpt>
      <trkpt lat="38.38844" lon="-113.014412">
        <ele>1518.6</ele>
      </trkpt>
      <trkpt lat="38.392195" lon="-113.011856">
        <ele>1512.8</ele>
      </trkpt>
      <trkpt lat="38.397057" lon="-113.010787">
        <ele>1513.6</ele>
      </trkpt>
      <trkpt lat="38.397077" lon="-113.022722">
        <ele>1536.1</ele>
      </trkpt>
      <trkpt lat="38.398733" lon="-113.02967">
        <ele>1540.6</ele>
      </trkpt>
      <trkpt lat="38.40675" lon="-113.05148">
        <ele>1561.6</ele>
      </trkpt>
      <trkpt lat="38.421955" lon="-113.10303">
        <ele>1645.8</ele>
      </trkpt>
      <trkpt lat="38.424489" lon="-113.114166">
        <ele>1670.7</ele>
      </trkpt>
      <trkpt lat="38.43395" lon="-113.13439">
        <ele>1683.9</ele>
      </trkpt>
      <trkpt lat="38.43857" lon="-113.14998">
        <ele>1694.7</ele>
      </trkpt>
      <trkpt lat="38.44206" lon="-113.169791">
        <ele>1737.8</ele>
      </trkpt>
      <trkpt lat="38.45633" lon="-113.21806">
        <ele>1883.4</ele>
      </trkpt>
      <trkpt lat="38.4571" lon="-113.22444">
        <ele>1899.4</ele>
      </trkpt>
      <trkpt lat="38.45857" lon="-113.23011">
        <ele>1909.0</ele>
      </trkpt>
      <trkpt lat="38.46115" lon="-113.23619">
        <ele>1931.2</ele>
      </trkpt>
      <trkpt lat="38.46165" lon="-113.24641">
        <ele>1964.3</ele>
      </trkpt>
      <trkpt lat="38.46135" lon="-113.24978">
        <ele>1970.1</ele>
      </trkpt>
      <trkpt lat="38.45977" lon="-113.25344">
        <ele>1976.1</ele>
      </trkpt>
      <trkpt lat="38.45666" lon="-113.25862">
        <ele>1958.3</ele>
      </trkpt>
      <trkpt lat="38.45531" lon="-113.25935">
        <ele>1952.6</ele>
      </trkpt>
      <trkpt lat="38.45053" lon="-113.25994">
        <ele>1930.9</ele>
      </trkpt>
      <trkpt lat="38.44747" lon="-113.26203">
        <ele>1917.4</ele>
      </trkpt>
      <trkpt lat="38.44182" lon="-113.267481">
        <ele>1886.7</ele>
      </trkpt>
      <trkpt lat="38.4375" lon="-113.27327">
        <ele>1858.0</ele>
      </trkpt>
      <trkpt lat="38.43596" lon="-113.27627">
        <ele>1847.5</ele>
      </trkpt>
      <trkpt lat="38.43427" lon="-113.28249">
        <ele>1822.0</ele>
      </trkpt>
      <trkpt lat="38.43391" lon="-113.287091">
        <ele>1807.5</ele>
      </trkpt>
      <trkpt lat="38.43681" lon="-113.30765">
        <ele>1722.7</ele>
      </trkpt>
      <trkpt lat="38.44516" lon="-113.32907">
        <ele>1635.1</ele>
      </trkpt>
      <trkpt lat="38.50099" lon="-113.5008">
        <ele>1724.4</ele>
      </trkpt>
      <trkpt lat="38.50717" lon="-113.516541">
        <ele>1794.2</ele>
      </trkpt>
      <trkpt lat="38.50996" lon="-113.522541">
        <ele>1823.2</ele>
      </trkpt>
      <trkpt lat="38.5123" lon="-113.526301">
        <ele>1854.9</ele>
      </trkpt>
      <trkpt lat="38.51379" lon="-113.53264">
        <ele>1897.2</ele>
      </trkpt>
      <trkpt lat="38.51651" lon="-113.5359">
        <ele>1928.5</ele>
      </trkpt>
      <trkpt lat="38.51761" lon="-113.5382">
        <ele>1954.3</ele>
      </trkpt>
      <trkpt lat="38.51722" lon="-113.54493">
        <ele>1972.1</ele>
      </trkpt>
      <trkpt lat="38.51759" lon="-113.54866">
        <ele>1963.7</ele>
      </trkpt>
      <trkpt lat="38.51375" lon="-113.56706">
        <ele>1894.2</ele>
      </trkpt>
      <trkpt lat="38.51295" lon="-113.58019">
        <ele>1852.0</ele>
      </trkpt>
      <trkpt lat="38.51139" lon="-113.5847">
        <ele>1831.0</ele>
      </trkpt>
      <trkpt lat="38.50681" lon="-113.59172">
        <ele>1804.4</ele>
      </trkpt>
      <trkpt lat="38.50562" lon="-113.59559">
        <ele>1787.7</ele>
      </trkpt>
      <trkpt lat="38.50594" lon="-113.609531">
        <ele>1733.3</ele>
      </trkpt>
      <trkpt lat="38.50786" lon="-113.61577">
        <ele>1705.3</ele>
      </trkpt>
      <trkpt lat="38.56627" lon="-113.77439">
        <ele>1647.2</ele>
      </trkpt>
      <trkpt lat="38.57501" lon="-113.79784">
        <ele>1702.5</ele>
      </trkpt>
      <trkpt lat="38.57865" lon="-113.80547">
        <ele>1722.4</ele>
      </trkpt>
      <trkpt lat="38.58363" lon="-113.811931">
        <ele>1736.2</ele>
      </trkpt>
      <trkpt lat="38.60193" lon="-113.83281">
        <ele>1805.3</ele>
      </trkpt>
      <trkpt lat="38.6049" lon="-113.83451">
        <ele>1818.0</ele>
      </trkpt>
      <trkpt lat="38.61062" lon="-113.83594">
        <ele>1848.5</ele>
      </trkpt>
      <trkpt lat="38.61821" lon="-113.84545">
        <ele>1898.7</ele>
      </trkpt>
      <trkpt lat="38.6282" lon="-113.85189">
        <ele>1884.1</ele>
      </trkpt>
      <trkpt lat="38.72153" lon="-113.92416">
        <ele>1751.1</ele>
      </trkpt>
      <trkpt lat="38.72393" lon="-113.92801">
        <ele>1744.1</ele>
      </trkpt>
      <trkpt lat="38.72688" lon="-113.934381">
        <ele>1734.1</ele>
      </trkpt>
      <trkpt lat="38.729962" lon="-113.937132">
        <ele>1733.9</ele>
      </trkpt>
      <trkpt lat="38.81644" lon="-113.98456">
        <ele>1656.1</ele>
      </trkpt>
      <trkpt lat="38.82181" lon="-113.98667">
        <ele>1654.1</ele>
      </trkpt>
      <trkpt lat="38.8477" lon="-113.993621">
        <ele>1646.1</ele>
      </trkpt>
      <trkpt lat="38.86917" lon="-113.99786">
        <ele>1644.3</ele>
      </trkpt>
      <trkpt lat="38.874799" lon="-114.003769">
        <ele>1639.1</ele>
      </trkpt>
      <trkpt lat="38.88208" lon="-114.005463">
        <ele>1640.8</ele>
      </trkpt>
      <trkpt lat="38.88833" lon="-114.01059">
        <ele>1640.9</ele>
      </trkpt>
      <trkpt lat="38.89242" lon="-114.01249">
        <ele>1638.9</ele>
      </trkpt>
      <trkpt lat="38.89882" lon="-114.013085">
        <ele>1646.2</ele>
      </trkpt>
      <trkpt lat="38.915738" lon="-114.027897">
        <ele>1615.8</ele>
      </trkpt>
      <trkpt lat="38.93357" lon="-114.03322">
        <ele>1608.5</ele>
      </trkpt>
      <trkpt lat="38.938902" lon="-114.033643">
        <ele>1606.6</ele>
      </trkpt>
      <trkpt lat="38.942007" lon="-114.035749">
        <ele>1605.5</ele>
      </trkpt>
      <trkpt lat="38.979519" lon="-114.104777">
        <ele>1635.4</ele>
      </trkpt>
      <trkpt lat="38.98345" lon="-114.11">
        <ele>1637.0</ele>
      </trkpt>
      <trkpt lat="38.98967" lon="-114.11478">
        <ele>1634.7</ele>
      </trkpt>
      <trkpt lat="39.00324" lon="-114.121571">
        <ele>1629.1</ele>
      </trkpt>
      <trkpt lat="39.00726" lon="-114.12289">
        <ele>1623.4</ele>
      </trkpt>
      <trkpt lat="39.01268" lon="-114.12316">
        <ele>1621.3</ele>
      </trkpt>
      <trkpt lat="39.01483" lon="-114.12454">
        <ele>1620.3</ele>
      </trkpt>
      <trkpt lat="39.06823" lon="-114.173331">
        <ele>1717.9</ele>
      </trkpt>
      <trkpt lat="39.070058" lon="-114.172392">
        <ele>1710.6</ele>
      </trkpt>
      <trkpt lat="39.08307" lon="-114.19754">
        <ele>1765.1</ele>
      </trkpt>
      <trkpt lat="39.0846" lon="-114.201711">
        <ele>1779.5</ele>
      </trkpt>
      <trkpt lat="39.08805" lon="-114.22278">
        <ele>1834.7</ele>
      </trkpt>
      <trkpt lat="39.08986" lon="-114.228621">
        <ele>1846.5</ele>
      </trkpt>
      <trkpt lat="39.098" lon="-114.240841">
        <ele>1863.8</ele>
      </trkpt>
      <trkpt lat="39.10092" lon="-114.25198">
        <ele>1885.6</ele>
      </trkpt>
      <trkpt lat="39.10357" lon="-114.257491">
        <ele>1901.1</ele>
      </trkpt>
      <trkpt lat="39.10749" lon="-114.261571">
        <ele>1915.8</ele>
      </trkpt>
      <trkpt lat="39.11261" lon="-114.27102">
        <ele>1943.5</ele>
      </trkpt>
      <trkpt lat="39.11548" lon="-114.2768">
        <ele>1960.6</ele>
      </trkpt>
      <trkpt lat="39.11706" lon="-114.28332">
        <ele>1979.5</ele>
      </trkpt>
      <trkpt lat="39.12108" lon="-114.28954">
        <ele>2011.8</ele>
      </trkpt>
      <trkpt lat="39.12159" lon="-114.2916">
        <ele>2018.9</ele>
      </trkpt>
      <trkpt lat="39.12193" lon="-114.30393">
        <ele>2049.1</ele>
      </trkpt>
      <trkpt lat="39.12285" lon="-114.30951">
        <ele>2069.0</ele>
      </trkpt>
      <trkpt lat="39.12376" lon="-114.31186">
        <ele>2085.2</ele>
      </trkpt>
      <trkpt lat="39.12694" lon="-114.316591">
        <ele>2096.2</ele>
      </trkpt>
      <trkpt lat="39.13282" lon="-114.32267">
        <ele>2127.3</ele>
      </trkpt>
      <trkpt lat="39.13549" lon="-114.3274">
        <ele>2142.0</ele>
      </trkpt>
      <trkpt lat="39.137093" lon="-114.328844">
        <ele>2150.4</ele>
      </trkpt>
      <trkpt lat="39.1418" lon="-114.33572">
        <ele>2179.1</ele>
      </trkpt>
      <trkpt lat="39.14645" lon="-114.339421">
        <ele>2164.6</ele>
      </trkpt>
      <trkpt lat="39.14976" lon="-114.344801">
        <ele>2132.8</ele>
      </trkpt>
      <trkpt lat="39.15697" lon="-114.349681">
        <ele>2083.9</ele>
      </trkpt>
      <trkpt lat="39.15982" lon="-114.35453">
        <ele>2051.9</ele>
      </trkpt>
      <trkpt lat="39.16273" lon="-114.357821">
        <ele>2030.2</ele>
      </trkpt>
      <trkpt lat="39.16616" lon="-114.36449">
        <ele>1980.5</ele>
      </trkpt>
      <trkpt lat="39.171524" lon="-114.370085">
        <ele>1930.5</ele>
      </trkpt>
      <trkpt lat="39.17285" lon="-114.37249">
        <ele>1927.5</ele>
      </trkpt>
      <trkpt lat="39.176362" lon="-114.387208">
        <ele>1867.8</ele>
      </trkpt>
      <trkpt lat="39.17556" lon="-114.39331">
        <ele>1836.3</ele>
      </trkpt>
      <trkpt lat="39.17476" lon="-114.39531">
        <ele>1836.2</ele>
      </trkpt>
      <trkpt lat="39.17238" lon="-114.398521">
        <ele>1820.8</ele>
      </trkpt>
      <trkpt lat="39.15827" lon="-114.41051">
        <ele>1783.0</ele>
      </trkpt>
      <trkpt lat="39.1539" lon="-114.41269">
        <ele>1775.4</ele>
      </trkpt>
      <trkpt lat="39.12911" lon="-114.42066">
        <ele>1750.3</ele>
      </trkpt>
      <trkpt lat="39.07648" lon="-114.44585">
        <ele>1768.3</ele>
      </trkpt>
      <trkpt lat="39.07193" lon="-114.44869">
        <ele>1760.7</ele>
      </trkpt>
      <trkpt lat="39.07033" lon="-114.450371">
        <ele>1756.7</ele>
      </trkpt>
      <trkpt lat="39.06839" lon="-114.453771">
        <ele>1748.2</ele>
      </trkpt>
      <trkpt lat="39.02485" lon="-114.58246">
        <ele>1978.3</ele>
      </trkpt>
      <trkpt lat="39.0267" lon="-114.596101">
        <ele>2042.8</ele>
      </trkpt>
      <trkpt lat="39.02773" lon="-114.599091">
        <ele>2059.5</ele>
      </trkpt>
      <trkpt lat="39.032087" lon="-114.599657">
        <ele>2095.0</ele>
      </trkpt>
      <trkpt lat="39.03379" lon="-114.6027">
        <ele>2102.3</ele>
      </trkpt>
      <trkpt lat="39.03427" lon="-114.60461">
        <ele>2109.8</ele>
      </trkpt>
      <trkpt lat="39.036717" lon="-114.607694">
        <ele>2131.6</ele>
      </trkpt>
      <trkpt lat="39.042067" lon="-114.612268">
        <ele>2172.1</ele>
      </trkpt>
      <trkpt lat="39.046086" lon="-114.612513">
        <ele>2190.7</ele>
      </trkpt>
      <trkpt lat="39.04754" lon="-114.61406">
        <ele>2200.9</ele>
      </trkpt>
      <trkpt lat="39.04719" lon="-114.61867">
        <ele>2220.6</ele>
      </trkpt>
      <trkpt lat="39.04573" lon="-114.62137">
        <ele>2232.6</ele>
      </trkpt>
      <trkpt lat="39.04522" lon="-114.62445">
        <ele>2245.3</ele>
      </trkpt>
      <trkpt lat="39.04277" lon="-114.62812">
        <ele>2267.2</ele>
      </trkpt>
      <trkpt lat="39.04305" lon="-114.63407">
        <ele>2293.1</ele>
      </trkpt>
      <trkpt lat="39.04145" lon="-114.63718">
        <ele>2306.6</ele>
      </trkpt>
      <trkpt lat="39.04097" lon="-114.639906">
        <ele>2320.9</ele>
      </trkpt>
      <trkpt lat="39.039751" lon="-114.641423">
        <ele>2329.2</ele>
      </trkpt>
      <trkpt lat="39.03878" lon="-114.6478">
        <ele>2356.0</ele>
      </trkpt>
      <trkpt lat="39.03649" lon="-114.65306">
        <ele>2332.5</ele>
      </trkpt>
      <trkpt lat="39.03349" lon="-114.65628">
        <ele>2304.7</ele>
      </trkpt>
      <trkpt lat="39.03315" lon="-114.659801">
        <ele>2292.8</ele>
      </trkpt>
      <trkpt lat="39.03013" lon="-114.66687">
        <ele>2257.6</ele>
      </trkpt>
      <trkpt lat="39.02963" lon="-114.66752">
        <ele>2257.1</ele>
      </trkpt>
      <trkpt lat="39.02672" lon="-114.66884">
        <ele>2238.6</ele>
      </trkpt>
      <trkpt lat="39.02386" lon="-114.67348">
        <ele>2220.3</ele>
      </trkpt>
      <trkpt lat="39.02062" lon="-114.68397">
        <ele>2197.0</ele>
      </trkpt>
      <trkpt lat="39.02073" lon="-114.68603">
        <ele>2189.8</ele>
      </trkpt>
      <trkpt lat="39.02185" lon="-114.6882">
        <ele>2180.8</ele>
      </trkpt>
      <trkpt lat="39.02949" lon="-114.69336">
        <ele>2153.3</ele>
      </trkpt>
      <trkpt lat="39.0313" lon="-114.695621">
        <ele>2147.2</ele>
      </trkpt>
      <trkpt lat="39.03487" lon="-114.70615">
        <ele>2127.5</ele>
      </trkpt>
      <trkpt lat="39.04084" lon="-114.71636">
        <ele>2113.8</ele>
      </trkpt>
      <trkpt lat="39.04283" lon="-114.719">
        <ele>2111.5</ele>
      </trkpt>
      <trkpt lat="39.04573" lon="-114.72161">
        <ele>2098.9</ele>
      </trkpt>
      <trkpt lat="39.08196" lon="-114.74723">
        <ele>2060.8</ele>
      </trkpt>
      <trkpt lat="39.082789" lon="-114.747636">
        <ele>2060.6</ele>
      </trkpt>
      <trkpt lat="39.083236" lon="-114.747369">
        <ele>2060.8</ele>
      </trkpt>
      <trkpt lat="39.085674" lon="-114.74957">
        <ele>2058.0</ele>
      </trkpt>
      <trkpt lat="39.11281" lon="-114.76924">
        <ele>2019.4</ele>
      </trkpt>
      <trkpt lat="39.15753" lon="-114.801011">
        <ele>2019.2</ele>
      </trkpt>
      <trkpt lat="39.16099" lon="-114.80471">
        <ele>2016.4</ele>
      </trkpt>
      <trkpt lat="39.16861" lon="-114.818111">
        <ele>2000.8</ele>
      </trkpt>
      <trkpt lat="39.16987" lon="-114.81957">
        <ele>2003.0</ele>
      </trkpt>
      <trkpt lat="39.2133" lon="-114.85255">
        <ele>2018.2</ele>
      </trkpt>
      <trkpt lat="39.2166" lon="-114.85488">
        <ele>2012.9</ele>
      </trkpt>
      <trkpt lat="39.25328" lon="-114.87433">
        <ele>1961.1</ele>
      </trkpt>
      <trkpt lat="39.252683" lon="-114.878459">
        <ele>1948.7</ele>
      </trkpt>
      <trkpt lat="39.24929" lon="-114.8849">
        <ele>1951.9</ele>
      </trkpt>
      <trkpt lat="39.24729" lon="-114.89867">
        <ele>1973.8</ele>
      </trkpt>
      <trkpt lat="39.247519" lon="-114.90066">
        <ele>1974.3</ele>
      </trkpt>
      <trkpt lat="39.246315" lon="-114.904348">
        <ele>1981.5</ele>
      </trkpt>
      <trkpt lat="39.246886" lon="-114.906025">
        <ele>1983.7</ele>
      </trkpt>
      <trkpt lat="39.249813" lon="-114.908738">
        <ele>1987.5</ele>
      </trkpt>
      <trkpt lat="39.25285" lon="-114.91393">
        <ele>1999.2</ele>
      </trkpt>
      <trkpt lat="39.254667" lon="-114.915948">
        <ele>1999.2</ele>
      </trkpt>
      <trkpt lat="39.255059" lon="-114.920338">
        <ele>1999.2</ele>
      </trkpt>
      <trkpt lat="39.26299" lon="-114.94053">
        <ele>2011.3</ele>
      </trkpt>
      <trkpt lat="39.265232" lon="-114.948998">
        <ele>2027.1</ele>
      </trkpt>
      <trkpt lat="39.271728" lon="-114.958492">
        <ele>2036.1</ele>
      </trkpt>
      <trkpt lat="39.277724" lon="-114.962954">
        <ele>2047.7</ele>
      </trkpt>
      <trkpt lat="39.27958" lon="-114.963632">
        <ele>2046.2</ele>
      </trkpt>
      <trkpt lat="39.285179" lon="-114.963864">
        <ele>2051.9</ele>
      </trkpt>
      <trkpt lat="39.287279" lon="-114.964755">
        <ele>2050.8</ele>
      </trkpt>
      <trkpt lat="39.290529" lon="-114.967254">
        <ele>2053.8</ele>
      </trkpt>
      <trkpt lat="39.29831" lon="-114.9769">
        <ele>2066.9</ele>
      </trkpt>
      <trkpt lat="39.3051" lon="-114.98706">
        <ele>2073.4</ele>
      </trkpt>
      <trkpt lat="39.309255" lon="-114.990817">
        <ele>2067.4</ele>
      </trkpt>
      <trkpt lat="39.32738" lon="-115.01395">
        <ele>2086.9</ele>
      </trkpt>
      <trkpt lat="39.34789" lon="-115.036421">
        <ele>2112.2</ele>
      </trkpt>
      <trkpt lat="39.380615" lon="-115.066222">
        <ele>2179.7</ele>
      </trkpt>
      <trkpt lat="39.39311" lon="-115.08256">
        <ele>2222.6</ele>
      </trkpt>
      <trkpt lat="39.39528" lon="-115.083381">
        <ele>2227.0</ele>
      </trkpt>
      <trkpt lat="39.40228" lon="-115.08254">
        <ele>2247.3</ele>
      </trkpt>
      <trkpt lat="39.410212" lon="-115.077842">
        <ele>2287.8</ele>
      </trkpt>
      <trkpt lat="39.41161" lon="-115.077783">
        <ele>2290.5</ele>
      </trkpt>
      <trkpt lat="39.413127" lon="-115.078675">
        <ele>2294.2</ele>
      </trkpt>
      <trkpt lat="39.414525" lon="-115.08037">
        <ele>2297.9</ele>
      </trkpt>
      <trkpt lat="39.415149" lon="-115.082631">
        <ele>2305.7</ele>
      </trkpt>
      <trkpt lat="39.414762" lon="-115.08846">
        <ele>2313.9</ele>
      </trkpt>
      <trkpt lat="39.41549" lon="-115.09074">
        <ele>2296.0</ele>
      </trkpt>
      <trkpt lat="39.42141" lon="-115.09613">
        <ele>2279.0</ele>
      </trkpt>
      <trkpt lat="39.42319" lon="-115.09991">
        <ele>2261.1</ele>
      </trkpt>
      <trkpt lat="39.42578" lon="-115.1031">
        <ele>2243.4</ele>
      </trkpt>
      <trkpt lat="39.42966" lon="-115.11106">
        <ele>2211.2</ele>
      </trkpt>
      <trkpt lat="39.43014" lon="-115.113871">
        <ele>2200.9</ele>
      </trkpt>
      <trkpt lat="39.43014" lon="-115.12821">
        <ele>2160.6</ele>
      </trkpt>
      <trkpt lat="39.42941" lon="-115.133841">
        <ele>2153.7</ele>
      </trkpt>
      <trkpt lat="39.429485" lon="-115.137923">
        <ele>2134.5</ele>
      </trkpt>
      <trkpt lat="39.42788" lon="-115.1424">
        <ele>2124.7</ele>
      </trkpt>
      <trkpt lat="39.42713" lon="-115.149771">
        <ele>2105.2</ele>
      </trkpt>
      <trkpt lat="39.429247" lon="-115.184858">
        <ele>2041.0</ele>
      </trkpt>
      <trkpt lat="39.42896" lon="-115.187741">
        <ele>2045.4</ele>
      </trkpt>
      <trkpt lat="39.42532" lon="-115.194231">
        <ele>2031.4</ele>
      </trkpt>
      <trkpt lat="39.4224" lon="-115.19807">
        <ele>2023.0</ele>
      </trkpt>
      <trkpt lat="39.42024" lon="-115.20544">
        <ele>1998.7</ele>
      </trkpt>
      <trkpt lat="39.414049" lon="-115.222721">
        <ele>1964.4</ele>
      </trkpt>
      <trkpt lat="39.369582" lon="-115.306627">
        <ele>1976.8</ele>
      </trkpt>
      <trkpt lat="39.361819" lon="-115.321529">
        <ele>1999.8</ele>
      </trkpt>
      <trkpt lat="39.35952" lon="-115.32831">
        <ele>2016.3</ele>
      </trkpt>
      <trkpt lat="39.35673" lon="-115.33258">
        <ele>2017.4</ele>
      </trkpt>
      <trkpt lat="39.35528" lon="-115.34039">
        <ele>2018.8</ele>
      </trkpt>
      <trkpt lat="39.35558" lon="-115.345111">
        <ele>2023.1</ele>
      </trkpt>
      <trkpt lat="39.35679" lon="-115.34873">
        <ele>2027.5</ele>
      </trkpt>
      <trkpt lat="39.35931" lon="-115.35091">
        <ele>2030.3</ele>
      </trkpt>
      <trkpt lat="39.35942" lon="-115.35224">
        <ele>2027.9</ele>
      </trkpt>
      <trkpt lat="39.35514" lon="-115.358051">
        <ele>2035.2</ele>
      </trkpt>
      <trkpt lat="39.35288" lon="-115.359931">
        <ele>2036.4</ele>
      </trkpt>
      <trkpt lat="39.35157" lon="-115.36367">
        <ele>2040.7</ele>
      </trkpt>
      <trkpt lat="39.35141" lon="-115.36532">
        <ele>2045.4</ele>
      </trkpt>
      <trkpt lat="39.35214" lon="-115.368211">
        <ele>2048.5</ele>
      </trkpt>
      <trkpt lat="39.35141" lon="-115.375871">
        <ele>2047.9</ele>
      </trkpt>
      <trkpt lat="39.35092" lon="-115.377571">
        <ele>2048.7</ele>
      </trkpt>
      <trkpt lat="39.34944" lon="-115.37892">
        <ele>2059.5</ele>
      </trkpt>
      <trkpt lat="39.34944" lon="-115.38426">
        <ele>2059.0</ele>
      </trkpt>
      <trkpt lat="39.34804" lon="-115.38682">
        <ele>2068.1</ele>
      </trkpt>
      <trkpt lat="39.349387" lon="-115.39199">
        <ele>2066.9</ele>
      </trkpt>
      <trkpt lat="39.3645" lon="-115.401521">
        <ele>2086.4</ele>
      </trkpt>
      <trkpt lat="39.36638" lon="-115.403311">
        <ele>2089.0</ele>
      </trkpt>
      <trkpt lat="39.36739" lon="-115.40473">
        <ele>2089.8</ele>
      </trkpt>
      <trkpt lat="39.37128" lon="-115.41478">
        <ele>2111.3</ele>
      </trkpt>
      <trkpt lat="39.37711" lon="-115.41929">
        <ele>2122.6</ele>
      </trkpt>
      <trkpt lat="39.38203" lon="-115.42492">
        <ele>2135.9</ele>
      </trkpt>
      <trkpt lat="39.38306" lon="-115.42761">
        <ele>2145.6</ele>
      </trkpt>
      <trkpt lat="39.3829" lon="-115.43728">
        <ele>2173.8</ele>
      </trkpt>
      <trkpt lat="39.38683" lon="-115.4461">
        <ele>2205.9</ele>
      </trkpt>
      <trkpt lat="39.388886" lon="-115.448889">
        <ele>2214.2</ele>
      </trkpt>
      <trkpt lat="39.39694" lon="-115.465861">
        <ele>2259.0</ele>
      </trkpt>
      <trkpt lat="39.39832" lon="-115.47358">
        <ele>2245.8</ele>
      </trkpt>
      <trkpt lat="39.39538" lon="-115.47877">
        <ele>2225.4</ele>
      </trkpt>
      <trkpt lat="39.39458" lon="-115.48346">
        <ele>2205.4</ele>
      </trkpt>
      <trkpt lat="39.39481" lon="-115.48709">
        <ele>2191.6</ele>
      </trkpt>
      <trkpt lat="39.3935" lon="-115.48821">
        <ele>2181.9</ele>
      </trkpt>
      <trkpt lat="39.39238" lon="-115.48845">
        <ele>2178.7</ele>
      </trkpt>
      <trkpt lat="39.39176" lon="-115.4898">
        <ele>2167.5</ele>
      </trkpt>
      <trkpt lat="39.39032" lon="-115.490301">
        <ele>2159.2</ele>
      </trkpt>
      <trkpt lat="39.38977" lon="-115.49172">
        <ele>2148.4</ele>
      </trkpt>
      <trkpt lat="39.391801" lon="-115.494843">
        <ele>2131.5</ele>
      </trkpt>
      <trkpt lat="39.391087" lon="-115.502189">
        <ele>2095.9</ele>
      </trkpt>
      <trkpt lat="39.396024" lon="-115.537822">
        <ele>2006.4</ele>
      </trkpt>
      <trkpt lat="39.40875" lon="-115.57364">
        <ele>1943.8</ele>
      </trkpt>
      <trkpt lat="39.409855" lon="-115.578481">
        <ele>1940.1</ele>
      </trkpt>
      <trkpt lat="39.420235" lon="-115.658312">
        <ele>1904.1</ele>
      </trkpt>
      <trkpt lat="39.41573" lon="-115.68808">
        <ele>1957.0</ele>
      </trkpt>
      <trkpt lat="39.41504" lon="-115.69036">
        <ele>1957.4</ele>
      </trkpt>
      <trkpt lat="39.40955" lon="-115.696341">
        <ele>1989.3</ele>
      </trkpt>
      <trkpt lat="39.4004" lon="-115.7051">
        <ele>1951.5</ele>
      </trkpt>
      <trkpt lat="39.399052" lon="-115.711033">
        <ele>1928.4</ele>
      </trkpt>
      <trkpt lat="39.39804" lon="-115.71253">
        <ele>1923.9</ele>
      </trkpt>
      <trkpt lat="39.39364" lon="-115.723151">
        <ele>1902.8</ele>
      </trkpt>
      <trkpt lat="39.368809" lon="-115.869251">
        <ele>1847.7</ele>
      </trkpt>
      <trkpt lat="39.368898" lon="-115.875854">
        <ele>1871.0</ele>
      </trkpt>
      <trkpt lat="39.38145" lon="-115.91339">
        <ele>1929.1</ele>
      </trkpt>
      <trkpt lat="39.38374" lon="-115.917881">
        <ele>1947.5</ele>
      </trkpt>
      <trkpt lat="39.387637" lon="-115.921331">
        <ele>1966.8</ele>
      </trkpt>
      <trkpt lat="39.38918" lon="-115.92196">
        <ele>1977.8</ele>
      </trkpt>
      <trkpt lat="39.395132" lon="-115.922432">
        <ele>2002.9</ele>
      </trkpt>
      <trkpt lat="39.397898" lon="-115.921688">
        <ele>2011.3</ele>
      </trkpt>
      <trkpt lat="39.403073" lon="-115.917673">
        <ele>2038.2</ele>
      </trkpt>
      <trkpt lat="39.404501" lon="-115.917316">
        <ele>2048.1</ele>
      </trkpt>
      <trkpt lat="39.408278" lon="-115.918416">
        <ele>2053.0</ele>
      </trkpt>
      <trkpt lat="39.41252" lon="-115.92069">
        <ele>2066.4</ele>
      </trkpt>
      <trkpt lat="39.4271" lon="-115.92057">
        <ele>2107.7</ele>
      </trkpt>
      <trkpt lat="39.42987" lon="-115.920151">
        <ele>2119.2</ele>
      </trkpt>
      <trkpt lat="39.433114" lon="-115.920915">
        <ele>2132.2</ele>
      </trkpt>
      <trkpt lat="39.435821" lon="-115.923265">
        <ele>2144.7</ele>
      </trkpt>
      <trkpt lat="39.438973" lon="-115.927458">
        <ele>2160.3</ele>
      </trkpt>
      <trkpt lat="39.441859" lon="-115.929957">
        <ele>2182.6</ele>
      </trkpt>
      <trkpt lat="39.445755" lon="-115.932217">
        <ele>2208.5</ele>
      </trkpt>
      <trkpt lat="39.449978" lon="-115.933883">
        <ele>2234.0</ele>
      </trkpt>
      <trkpt lat="39.46173" lon="-115.94122">
        <ele>2191.1</ele>
      </trkpt>
      <trkpt lat="39.466308" lon="-115.944799">
        <ele>2169.1</ele>
      </trkpt>
      <trkpt lat="39.46836" lon="-115.945513">
        <ele>2161.8</ele>
      </trkpt>
      <trkpt lat="39.47303" lon="-115.945513">
        <ele>2140.1</ele>
      </trkpt>
      <trkpt lat="39.478354" lon="-115.943549">
        <ele>2108.9</ele>
      </trkpt>
      <trkpt lat="39.481" lon="-115.94381">
        <ele>2089.1</ele>
      </trkpt>
      <trkpt lat="39.4864" lon="-115.94819">
        <ele>2063.3</ele>
      </trkpt>
      <trkpt lat="39.489953" lon="-115.949468">
        <ele>2052.2</ele>
      </trkpt>
      <trkpt lat="39.495694" lon="-115.95738">
        <ele>2028.1</ele>
      </trkpt>
      <trkpt lat="39.497062" lon="-115.958064">
        <ele>2020.5</ele>
      </trkpt>
      <trkpt lat="39.512808" lon="-115.961118">
        <ele>1976.1</ele>
      </trkpt>
      <trkpt lat="39.521987" lon="-115.964489">
        <ele>1960.8</ele>
      </trkpt>
      <trkpt lat="39.53699" lon="-115.97211">
        <ele>1954.2</ele>
      </trkpt>
      <trkpt lat="39.54251" lon="-115.97578">
        <ele>1938.6</ele>
      </trkpt>
      <trkpt lat="39.54502" lon="-115.97815">
        <ele>1925.0</ele>
      </trkpt>
      <trkpt lat="39.55356" lon="-115.98939">
        <ele>1874.7</ele>
      </trkpt>
      <trkpt lat="39.55502" lon="-115.99323">
        <ele>1867.0</ele>
      </trkpt>
      <trkpt lat="39.57384" lon="-116.05999">
        <ele>1820.4</ele>
      </trkpt>
      <trkpt lat="39.57398" lon="-116.06357">
        <ele>1822.8</ele>
      </trkpt>
      <trkpt lat="39.57251" lon="-116.07271">
        <ele>1823.8</ele>
      </trkpt>
      <trkpt lat="39.57267" lon="-116.07599">
        <ele>1831.1</ele>
      </trkpt>
      <trkpt lat="39.58319" lon="-116.10243">
        <ele>1830.3</ele>
      </trkpt>
      <trkpt lat="39.58393" lon="-116.10752">
        <ele>1832.4</ele>
      </trkpt>
      <trkpt lat="39.58404" lon="-116.11406">
        <ele>1831.5</ele>
      </trkpt>
      <trkpt lat="39.58371" lon="-116.12907">
        <ele>1835.0</ele>
      </trkpt>
      <trkpt lat="39.57341" lon="-116.18068">
        <ele>1877.2</ele>
      </trkpt>
      <trkpt lat="39.56771" lon="-116.19721">
        <ele>1873.3</ele>
      </trkpt>
      <trkpt lat="39.55239" lon="-116.236051">
        <ele>1847.7</ele>
      </trkpt>
      <trkpt lat="39.531071" lon="-116.316002">
        <ele>1853.8</ele>
      </trkpt>
      <trkpt lat="39.45927" lon="-116.72077">
        <ele>1938.8</ele>
      </trkpt>
      <trkpt lat="39.45227" lon="-116.73541">
        <ele>1964.4</ele>
      </trkpt>
      <trkpt lat="39.44654" lon="-116.73925">
        <ele>1980.9</ele>
      </trkpt>
      <trkpt lat="39.442807" lon="-116.746361">
        <ele>2006.0</ele>
      </trkpt>
      <trkpt lat="39.436811" lon="-116.749359">
        <ele>1959.8</ele>
      </trkpt>
      <trkpt lat="39.431828" lon="-116.749573">
        <ele>1932.1</ele>
      </trkpt>
      <trkpt lat="39.42222" lon="-116.755227">
        <ele>1884.9</ele>
      </trkpt>
      <trkpt lat="39.41788" lon="-116.759253">
        <ele>1868.6</ele>
      </trkpt>
      <trkpt lat="39.413354" lon="-116.76542">
        <ele>1867.3</ele>
      </trkpt>
      <trkpt lat="39.409656" lon="-116.775971">
        <ele>1845.3</ele>
      </trkpt>
      <trkpt lat="39.4087" lon="-116.78605">
        <ele>1817.5</ele>
      </trkpt>
      <trkpt lat="39.403531" lon="-116.797943">
        <ele>1803.4</ele>
      </trkpt>
      <trkpt lat="39.394123" lon="-116.827496">
        <ele>1759.0</ele>
      </trkpt>
      <trkpt lat="39.388555" lon="-116.845385">
        <ele>1746.0</ele>
      </trkpt>
      <trkpt lat="39.387712" lon="-116.852386">
        <ele>1744.8</ele>
      </trkpt>
      <trkpt lat="39.40646" lon="-116.94919">
        <ele>1866.3</ele>
      </trkpt>
      <trkpt lat="39.40847" lon="-116.95181">
        <ele>1875.1</ele>
      </trkpt>
      <trkpt lat="39.41564" lon="-116.955826">
        <ele>1916.1</ele>
      </trkpt>
      <trkpt lat="39.42012" lon="-116.965172">
        <ele>1978.6</ele>
      </trkpt>
      <trkpt lat="39.4224" lon="-116.967161">
        <ele>1991.3</ele>
      </trkpt>
      <trkpt lat="39.423903" lon="-116.968027">
        <ele>1998.2</ele>
      </trkpt>
      <trkpt lat="39.428691" lon="-116.968636">
        <ele>2021.6</ele>
      </trkpt>
      <trkpt lat="39.433688" lon="-116.970935">
        <ele>2045.6</ele>
      </trkpt>
      <trkpt lat="39.438513" lon="-116.976417">
        <ele>2067.4</ele>
      </trkpt>
      <trkpt lat="39.442311" lon="-116.983784">
        <ele>2104.9</ele>
      </trkpt>
      <trkpt lat="39.444595" lon="-116.985754">
        <ele>2121.6</ele>
      </trkpt>
      <trkpt lat="39.448978" lon="-116.987696">
        <ele>2149.8</ele>
      </trkpt>
      <trkpt lat="39.452961" lon="-116.991451">
        <ele>2173.1</ele>
      </trkpt>
      <trkpt lat="39.454989" lon="-116.992293">
        <ele>2180.7</ele>
      </trkpt>
      <trkpt lat="39.458429" lon="-116.998404">
        <ele>2187.2</ele>
      </trkpt>
      <trkpt lat="39.464197" lon="-116.999389">
        <ele>2152.7</ele>
      </trkpt>
      <trkpt lat="39.468109" lon="-117.002672">
        <ele>2119.1</ele>
      </trkpt>
      <trkpt lat="39.474162" lon="-117.002016">
        <ele>2089.5</ele>
      </trkpt>
      <trkpt lat="39.477269" lon="-117.004149">
        <ele>2077.0</ele>
      </trkpt>
      <trkpt lat="39.47868" lon="-117.013361">
        <ele>2124.0</ele>
      </trkpt>
      <trkpt lat="39.480487" lon="-117.014422">
        <ele>2140.0</ele>
      </trkpt>
      <trkpt lat="39.481087" lon="-117.015572">
        <ele>2148.1</ele>
      </trkpt>
      <trkpt lat="39.481015" lon="-117.016321">
        <ele>2153.7</ele>
      </trkpt>
      <trkpt lat="39.477874" lon="-117.018477">
        <ele>2177.1</ele>
      </trkpt>
      <trkpt lat="39.477703" lon="-117.020561">
        <ele>2189.1</ele>
      </trkpt>
      <trkpt lat="39.476775" lon="-117.021817">
        <ele>2190.4</ele>
      </trkpt>
      <trkpt lat="39.476851" lon="-117.024675">
        <ele>2207.6</ele>
      </trkpt>
      <trkpt lat="39.4799" lon="-117.03401">
        <ele>2263.7</ele>
      </trkpt>
      <trkpt lat="39.481472" lon="-117.036009">
        <ele>2276.9</ele>
      </trkpt>
      <trkpt lat="39.48251" lon="-117.03971">
        <ele>2273.1</ele>
      </trkpt>
      <trkpt lat="39.482429" lon="-117.042319">
        <ele>2259.5</ele>
      </trkpt>
      <trkpt lat="39.483585" lon="-117.043332">
        <ele>2250.6</ele>
      </trkpt>
      <trkpt lat="39.483497" lon="-117.048637">
        <ele>2224.3</ele>
      </trkpt>
      <trkpt lat="39.485498" lon="-117.051128">
        <ele>2201.4</ele>
      </trkpt>
      <trkpt lat="39.486669" lon="-117.050956">
        <ele>2198.4</ele>
      </trkpt>
      <trkpt lat="39.488" lon="-117.04975">
        <ele>2183.3</ele>
      </trkpt>
      <trkpt lat="39.48894" lon="-117.05028">
        <ele>2180.7</ele>
      </trkpt>
      <trkpt lat="39.488625" lon="-117.054554">
        <ele>2163.9</ele>
      </trkpt>
      <trkpt lat="39.491259" lon="-117.057495">
        <ele>2139.0</ele>
      </trkpt>
      <trkpt lat="39.4915" lon="-117.05905">
        <ele>2128.1</ele>
      </trkpt>
      <trkpt lat="39.493077" lon="-117.059408">
        <ele>2121.3</ele>
      </trkpt>
      <trkpt lat="39.493276" lon="-117.06016">
        <ele>2120.1</ele>
      </trkpt>
      <trkpt lat="39.491392" lon="-117.061026">
        <ele>2105.5</ele>
      </trkpt>
      <trkpt lat="39.489098" lon="-117.059417">
        <ele>2089.4</ele>
      </trkpt>
      <trkpt lat="39.488422" lon="-117.059179">
        <ele>2081.8</ele>
      </trkpt>
      <trkpt lat="39.487959" lon="-117.059542">
        <ele>2081.2</ele>
      </trkpt>
      <trkpt lat="39.489336" lon="-117.06115">
        <ele>2070.3</ele>
      </trkpt>
      <trkpt lat="39.489212" lon="-117.066594">
        <ele>2035.5</ele>
      </trkpt>
      <trkpt lat="39.492934" lon="-117.071315">
        <ele>1998.2</ele>
      </trkpt>
      <trkpt lat="39.494257" lon="-117.073865">
        <ele>1983.9</ele>
      </trkpt>
      <trkpt lat="39.495522" lon="-117.074583">
        <ele>1972.1</ele>
      </trkpt>
      <trkpt lat="39.497591" lon="-117.078596">
        <ele>1943.8</ele>
      </trkpt>
      <trkpt lat="39.5004" lon="-117.081771">
        <ele>1916.5</ele>
      </trkpt>
      <trkpt lat="39.50158" lon="-117.089921">
        <ele>1883.2</ele>
      </trkpt>
      <trkpt lat="39.50185" lon="-117.11134">
        <ele>1805.7</ele>
      </trkpt>
      <trkpt lat="39.47559" lon="-117.31151">
        <ele>1858.6</ele>
      </trkpt>
      <trkpt lat="39.47367" lon="-117.3271">
        <ele>1892.5</ele>
      </trkpt>
      <trkpt lat="39.47367" lon="-117.33118">
        <ele>1902.4</ele>
      </trkpt>
      <trkpt lat="39.47431" lon="-117.3346">
        <ele>1906.4</ele>
      </trkpt>
      <trkpt lat="39.47605" lon="-117.33886">
        <ele>1916.7</ele>
      </trkpt>
      <trkpt lat="39.51709" lon="-117.401261">
        <ele>1983.2</ele>
      </trkpt>
      <trkpt lat="39.52037" lon="-117.40755">
        <ele>1970.2</ele>
      </trkpt>
      <trkpt lat="39.54007" lon="-117.47822">
        <ele>1929.5</ele>
      </trkpt>
      <trkpt lat="39.54165" lon="-117.482301">
        <ele>1939.7</ele>
      </trkpt>
      <trkpt lat="39.54375" lon="-117.485521">
        <ele>1932.5</ele>
      </trkpt>
      <trkpt lat="39.55066" lon="-117.49364">
        <ele>1891.1</ele>
      </trkpt>
      <trkpt lat="39.55604" lon="-117.49745">
        <ele>1864.2</ele>
      </trkpt>
      <trkpt lat="39.56336" lon="-117.50501">
        <ele>1831.6</ele>
      </trkpt>
      <trkpt lat="39.569718" lon="-117.514967">
        <ele>1796.4</ele>
      </trkpt>
      <trkpt lat="39.57099" lon="-117.51941">
        <ele>1794.5</ele>
      </trkpt>
      <trkpt lat="39.57481" lon="-117.5244">
        <ele>1776.3</ele>
      </trkpt>
      <trkpt lat="39.57992" lon="-117.538881">
        <ele>1734.3</ele>
      </trkpt>
      <trkpt lat="39.580723" lon="-117.541885">
        <ele>1722.0</ele>
      </trkpt>
      <trkpt lat="39.581348" lon="-117.548131">
        <ele>1720.1</ele>
      </trkpt>
      <trkpt lat="39.580604" lon="-117.560236">
        <ele>1683.9</ele>
      </trkpt>
      <trkpt lat="39.575517" lon="-117.602467">
        <ele>1632.6</ele>
      </trkpt>
      <trkpt lat="39.57259" lon="-117.61268">
        <ele>1614.4</ele>
      </trkpt>
      <trkpt lat="39.53458" lon="-117.71821">
        <ele>1576.8</ele>
      </trkpt>
      <trkpt lat="39.49301" lon="-117.798741">
        <ele>1600.9</ele>
      </trkpt>
      <trkpt lat="39.48877" lon="-117.80335">
        <ele>1606.3</ele>
      </trkpt>
      <trkpt lat="39.44888" lon="-117.83228">
        <ele>1655.1</ele>
      </trkpt>
      <trkpt lat="39.44423" lon="-117.83426">
        <ele>1661.6</ele>
      </trkpt>
      <trkpt lat="39.40201" lon="-117.84607">
        <ele>1689.7</ele>
      </trkpt>
      <trkpt lat="39.3853" lon="-117.85689">
        <ele>1650.3</ele>
      </trkpt>
      <trkpt lat="39.37616" lon="-117.86718">
        <ele>1609.7</ele>
      </trkpt>
      <trkpt lat="39.30409" lon="-117.95327">
        <ele>1463.0</ele>
      </trkpt>
      <trkpt lat="39.30074" lon="-117.95975">
        <ele>1453.6</ele>
      </trkpt>
      <trkpt lat="39.29605" lon="-117.9718">
        <ele>1443.3</ele>
      </trkpt>
      <trkpt lat="39.29483" lon="-117.97778">
        <ele>1441.4</ele>
      </trkpt>
      <trkpt lat="39.29026" lon="-118.02803">
        <ele>1403.2</ele>
      </trkpt>
      <trkpt lat="39.29125" lon="-118.06885">
        <ele>1364.4</ele>
      </trkpt>
      <trkpt lat="39.2867" lon="-118.1308">
        <ele>1365.6</ele>
      </trkpt>
      <trkpt lat="39.28708" lon="-118.154571">
        <ele>1400.6</ele>
      </trkpt>
      <trkpt lat="39.2831" lon="-118.2223">
        <ele>1291.3</ele>
      </trkpt>
      <trkpt lat="39.27795" lon="-118.28505">
        <ele>1269.1</ele>
      </trkpt>
      <trkpt lat="39.27235" lon="-118.31962">
        <ele>1339.4</ele>
      </trkpt>
      <trkpt lat="39.275066" lon="-118.335076">
        <ele>1394.8</ele>
      </trkpt>
      <trkpt lat="39.27488" lon="-118.345031">
        <ele>1410.5</ele>
      </trkpt>
      <trkpt lat="39.271949" lon="-118.359489">
        <ele>1395.1</ele>
      </trkpt>
      <trkpt lat="39.27092" lon="-118.36254">
        <ele>1384.9</ele>
      </trkpt>
      <trkpt lat="39.2673" lon="-118.36775">
        <ele>1366.8</ele>
      </trkpt>
      <trkpt lat="39.26563" lon="-118.371081">
        <ele>1353.2</ele>
      </trkpt>
      <trkpt lat="39.26407" lon="-118.37836">
        <ele>1324.3</ele>
      </trkpt>
      <trkpt lat="39.26492" lon="-118.38636">
        <ele>1293.9</ele>
      </trkpt>
      <trkpt lat="39.26861" lon="-118.40031">
        <ele>1246.3</ele>
      </trkpt>
      <trkpt lat="39.27065" lon="-118.40517">
        <ele>1229.9</ele>
      </trkpt>
      <trkpt lat="39.286302" lon="-118.436187">
        <ele>1186.7</ele>
      </trkpt>
      <trkpt lat="39.29097" lon="-118.4481">
        <ele>1187.0</ele>
      </trkpt>
      <trkpt lat="39.2969" lon="-118.46565">
        <ele>1189.7</ele>
      </trkpt>
      <trkpt lat="39.30037" lon="-118.482821">
        <ele>1193.8</ele>
      </trkpt>
      <trkpt lat="39.30167" lon="-118.485421">
        <ele>1192.9</ele>
      </trkpt>
      <trkpt lat="39.31215" lon="-118.49809">
        <ele>1193.9</ele>
      </trkpt>
      <trkpt lat="39.33822" lon="-118.52523">
        <ele>1194.8</ele>
      </trkpt>
      <trkpt lat="39.361512" lon="-118.554778">
        <ele>1199.1</ele>
      </trkpt>
      <trkpt lat="39.373141" lon="-118.57765">
        <ele>1205.6</ele>
      </trkpt>
      <trkpt lat="39.389768" lon="-118.63217">
        <ele>1205.0</ele>
      </trkpt>
      <trkpt lat="39.395359" lon="-118.643978">
        <ele>1201.0</ele>
      </trkpt>
      <trkpt lat="39.397025" lon="-118.646446">
        <ele>1199.7</ele>
      </trkpt>
      <trkpt lat="39.401338" lon="-118.650164">
        <ele>1198.4</ele>
      </trkpt>
      <trkpt lat="39.469832" lon="-118.683303">
        <ele>1199.4</ele>
      </trkpt>
      <trkpt lat="39.472642" lon="-118.685633">
        <ele>1199.4</ele>
      </trkpt>
      <trkpt lat="39.474632" lon="-118.689233">
        <ele>1199.0</ele>
      </trkpt>
      <trkpt lat="39.47508" lon="-118.691821">
        <ele>1199.0</ele>
      </trkpt>
      <trkpt lat="39.47521" lon="-118.70646">
        <ele>1200.7</ele>
      </trkpt>
      <trkpt lat="39.475065" lon="-118.792283">
        <ele>1210.9</ele>
      </trkpt>
      <trkpt lat="39.477425" lon="-118.804893">
        <ele>1211.8</ele>
      </trkpt>
      <trkpt lat="39.485575" lon="-118.837033">
        <ele>1214.8</ele>
      </trkpt>
      <trkpt lat="39.485655" lon="-118.866493">
        <ele>1218.7</ele>
      </trkpt>
      <trkpt lat="39.488295" lon="-118.882654">
        <ele>1219.2</ele>
      </trkpt>
      <trkpt lat="39.489255" lon="-118.885864">
        <ele>1220.7</ele>
      </trkpt>
      <trkpt lat="39.502175" lon="-118.907084">
        <ele>1223.0</ele>
      </trkpt>
      <trkpt lat="39.507525" lon="-118.927133">
        <ele>1226.9</ele>
      </trkpt>
      <trkpt lat="39.512785" lon="-118.939093">
        <ele>1227.6</ele>
      </trkpt>
      <trkpt lat="39.501385" lon="-118.987944">
        <ele>1252.0</ele>
      </trkpt>
      <trkpt lat="39.499925" lon="-118.996554">
        <ele>1250.8</ele>
      </trkpt>
      <trkpt lat="39.498445" lon="-119.001003">
        <ele>1241.0</ele>
      </trkpt>
      <trkpt lat="39.463705" lon="-119.078003">
        <ele>1270.9</ele>
      </trkpt>
      <trkpt lat="39.460885" lon="-119.080923">
        <ele>1268.6</ele>
      </trkpt>
      <trkpt lat="39.452875" lon="-119.085253">
        <ele>1271.0</ele>
      </trkpt>
      <trkpt lat="39.446175" lon="-119.090654">
        <ele>1270.7</ele>
      </trkpt>
      <trkpt lat="39.440885" lon="-119.096024">
        <ele>1267.4</ele>
      </trkpt>
      <trkpt lat="39.439395" lon="-119.099003">
        <ele>1268.7</ele>
      </trkpt>
      <trkpt lat="39.433705" lon="-119.152543">
        <ele>1306.7</ele>
      </trkpt>
      <trkpt lat="39.430185" lon="-119.162753">
        <ele>1300.6</ele>
      </trkpt>
      <trkpt lat="39.428015" lon="-119.171784">
        <ele>1291.4</ele>
      </trkpt>
      <trkpt lat="39.424695" lon="-119.199693">
        <ele>1273.2</ele>
      </trkpt>
      <trkpt lat="39.423685" lon="-119.204403">
        <ele>1272.9</ele>
      </trkpt>
      <trkpt lat="39.393305" lon="-119.288274">
        <ele>1327.4</ele>
      </trkpt>
      <trkpt lat="39.332135" lon="-119.453763">
        <ele>1312.8</ele>
      </trkpt>
      <trkpt lat="39.326015" lon="-119.470823">
        <ele>1360.8</ele>
      </trkpt>
      <trkpt lat="39.322495" lon="-119.482343">
        <ele>1338.2</ele>
      </trkpt>
      <trkpt lat="39.266035" lon="-119.577833">
        <ele>1324.1</ele>
      </trkpt>
      <trkpt lat="39.261235" lon="-119.582363">
        <ele>1324.3</ele>
      </trkpt>
      <trkpt lat="39.256625" lon="-119.585573">
        <ele>1324.4</ele>
      </trkpt>
      <trkpt lat="39.253585" lon="-119.587064">
        <ele>1323.9</ele>
      </trkpt>
      <trkpt lat="39.249725" lon="-119.588133">
        <ele>1324.9</ele>
      </trkpt>
      <trkpt lat="39.237075" lon="-119.589203">
        <ele>1330.3</ele>
      </trkpt>
      <trkpt lat="39.234595" lon="-119.590193">
        <ele>1333.2</ele>
      </trkpt>
      <trkpt lat="39.232605" lon="-119.591814">
        <ele>1330.0</ele>
      </trkpt>
      <trkpt lat="39.228745" lon="-119.596384">
        <ele>1340.5</ele>
      </trkpt>
      <trkpt lat="39.223945" lon="-119.604313">
        <ele>1341.2</ele>
      </trkpt>
      <trkpt lat="39.222685" lon="-119.607574">
        <ele>1350.8</ele>
      </trkpt>
      <trkpt lat="39.222255" lon="-119.610743">
        <ele>1354.9</ele>
      </trkpt>
      <trkpt lat="39.222245" lon="-119.618623">
        <ele>1402.4</ele>
      </trkpt>
      <trkpt lat="39.223515" lon="-119.630594">
        <ele>1420.0</ele>
      </trkpt>
      <trkpt lat="39.223245" lon="-119.634923">
        <ele>1430.0</ele>
      </trkpt>
      <trkpt lat="39.217075" lon="-119.659353">
        <ele>1476.2</ele>
      </trkpt>
      <trkpt lat="39.211785" lon="-119.676424">
        <ele>1502.1</ele>
      </trkpt>
      <trkpt lat="39.210085" lon="-119.680603">
        <ele>1522.2</ele>
      </trkpt>
      <trkpt lat="39.207425" lon="-119.684243">
        <ele>1511.0</ele>
      </trkpt>
      <trkpt lat="39.204105" lon="-119.686743">
        <ele>1500.7</ele>
      </trkpt>
      <trkpt lat="39.198945" lon="-119.688543">
        <ele>1479.9</ele>
      </trkpt>
      <trkpt lat="39.197085" lon="-119.689653">
        <ele>1476.2</ele>
      </trkpt>
      <trkpt lat="39.194235" lon="-119.692223">
        <ele>1452.7</ele>
      </trkpt>
      <trkpt lat="39.192125" lon="-119.695594">
        <ele>1436.5</ele>
      </trkpt>
      <trkpt lat="39.176645" lon="-119.732873">
        <ele>1415.4</ele>
      </trkpt>
      <trkpt lat="39.171235" lon="-119.753693">
        <ele>1418.8</ele>
      </trkpt>
      <trkpt lat="39.170335" lon="-119.761044">
        <ele>1426.0</ele>
      </trkpt>
      <trkpt lat="39.154265" lon="-119.761253">
        <ele>1417.8</ele>
      </trkpt>
      <trkpt lat="39.152135" lon="-119.762733">
        <ele>1418.8</ele>
      </trkpt>
      <trkpt lat="39.146165" lon="-119.762713">
        <ele>1424.8</ele>
      </trkpt>
      <trkpt lat="39.144835" lon="-119.763503">
        <ele>1426.7</ele>
      </trkpt>
      <trkpt lat="39.128405" lon="-119.763474">
        <ele>1443.8</ele>
      </trkpt>
      <trkpt lat="39.128435" lon="-119.770573">
        <ele>1458.8</ele>
      </trkpt>
      <trkpt lat="39.1207" lon="-119.77179">
        <ele>1452.4</ele>
      </trkpt>
      <trkpt lat="39.12024" lon="-119.77373">
        <ele>1459.3</ele>
      </trkpt>
      <trkpt lat="39.11399" lon="-119.78521">
        <ele>1506.3</ele>
      </trkpt>
      <trkpt lat="39.11318" lon="-119.7926">
        <ele>1546.4</ele>
      </trkpt>
      <trkpt lat="39.11438" lon="-119.7972">
        <ele>1563.3</ele>
      </trkpt>
      <trkpt lat="39.11662" lon="-119.80122">
        <ele>1580.5</ele>
      </trkpt>
      <trkpt lat="39.1162" lon="-119.80336">
        <ele>1586.3</ele>
      </trkpt>
      <trkpt lat="39.11471" lon="-119.80498">
        <ele>1602.4</ele>
      </trkpt>
      <trkpt lat="39.11427" lon="-119.80631">
        <ele>1606.1</ele>
      </trkpt>
      <trkpt lat="39.11528" lon="-119.81103">
        <ele>1630.7</ele>
      </trkpt>
      <trkpt lat="39.11857" lon="-119.81574">
        <ele>1658.2</ele>
      </trkpt>
      <trkpt lat="39.12071" lon="-119.81755">
        <ele>1673.0</ele>
      </trkpt>
      <trkpt lat="39.1209" lon="-119.81905">
        <ele>1680.8</ele>
      </trkpt>
      <trkpt lat="39.12006" lon="-119.82245">
        <ele>1695.7</ele>
      </trkpt>
      <trkpt lat="39.12058" lon="-119.82368">
        <ele>1702.2</ele>
      </trkpt>
      <trkpt lat="39.12234" lon="-119.82554">
        <ele>1713.5</ele>
      </trkpt>
      <trkpt lat="39.12282" lon="-119.82711">
        <ele>1728.3</ele>
      </trkpt>
      <trkpt lat="39.12258" lon="-119.82924">
        <ele>1730.9</ele>
      </trkpt>
      <trkpt lat="39.12126" lon="-119.83212">
        <ele>1748.4</ele>
      </trkpt>
      <trkpt lat="39.12242" lon="-119.83562">
        <ele>1759.9</ele>
      </trkpt>
      <trkpt lat="39.1224" lon="-119.83705">
        <ele>1769.6</ele>
      </trkpt>
      <trkpt lat="39.1177" lon="-119.84354">
        <ele>1808.7</ele>
      </trkpt>
      <trkpt lat="39.11756" lon="-119.84672">
        <ele>1820.7</ele>
      </trkpt>
      <trkpt lat="39.11623" lon="-119.85037">
        <ele>1843.1</ele>
      </trkpt>
      <trkpt lat="39.11673" lon="-119.85501">
        <ele>1868.5</ele>
      </trkpt>
      <trkpt lat="39.11527" lon="-119.85796">
        <ele>1878.3</ele>
      </trkpt>
      <trkpt lat="39.11413" lon="-119.86532">
        <ele>1918.4</ele>
      </trkpt>
      <trkpt lat="39.11427" lon="-119.86766">
        <ele>1928.9</ele>
      </trkpt>
      <trkpt lat="39.11503" lon="-119.86951">
        <ele>1940.6</ele>
      </trkpt>
      <trkpt lat="39.11688" lon="-119.87144">
        <ele>1955.6</ele>
      </trkpt>
      <trkpt lat="39.11923" lon="-119.87284">
        <ele>1973.7</ele>
      </trkpt>
      <trkpt lat="39.11975" lon="-119.87539">
        <ele>1988.6</ele>
      </trkpt>
      <trkpt lat="39.11923" lon="-119.87675">
        <ele>1969.8</ele>
      </trkpt>
      <trkpt lat="39.11735" lon="-119.87829">
        <ele>2038.7</ele>
      </trkpt>
      <trkpt lat="39.11671" lon="-119.87946">
        <ele>2016.7</ele>
      </trkpt>
      <trkpt lat="39.11688" lon="-119.88493">
        <ele>2060.5</ele>
      </trkpt>
      <trkpt lat="39.11637" lon="-119.88629">
        <ele>2029.7</ele>
      </trkpt>
      <trkpt lat="39.1155" lon="-119.88688">
        <ele>2016.5</ele>
      </trkpt>
      <trkpt lat="39.11464" lon="-119.8869">
        <ele>2002.6</ele>
      </trkpt>
      <trkpt lat="39.11366" lon="-119.88616">
        <ele>2056.9</ele>
      </trkpt>
      <trkpt lat="39.11229" lon="-119.88285">
        <ele>2087.6</ele>
      </trkpt>
      <trkpt lat="39.1099" lon="-119.87935">
        <ele>2092.7</ele>
      </trkpt>
      <trkpt lat="39.10837" lon="-119.87888">
        <ele>2112.5</ele>
      </trkpt>
      <trkpt lat="39.10717" lon="-119.87984">
        <ele>2118.7</ele>
      </trkpt>
      <trkpt lat="39.10562" lon="-119.88786">
        <ele>2152.3</ele>
      </trkpt>
      <trkpt lat="39.10533" lon="-119.89191">
        <ele>2164.9</ele>
      </trkpt>
      <trkpt lat="39.10313" lon="-119.9023">
        <ele>2173.2</ele>
      </trkpt>
      <trkpt lat="39.10164" lon="-119.90804">
        <ele>2153.8</ele>
      </trkpt>
      <trkpt lat="39.10075" lon="-119.90947">
        <ele>2147.6</ele>
      </trkpt>
      <trkpt lat="39.09566" lon="-119.91094">
        <ele>2127.3</ele>
      </trkpt>
      <trkpt lat="39.09252" lon="-119.91023">
        <ele>2105.2</ele>
      </trkpt>
      <trkpt lat="39.08881" lon="-119.91194">
        <ele>2078.7</ele>
      </trkpt>
      <trkpt lat="39.08655" lon="-119.91489">
        <ele>2056.7</ele>
      </trkpt>
      <trkpt lat="39.08495" lon="-119.91845">
        <ele>2035.3</ele>
      </trkpt>
      <trkpt lat="39.08551" lon="-119.92796">
        <ele>1999.2</ele>
      </trkpt>
      <trkpt lat="39.08273" lon="-119.93545">
        <ele>1970.7</ele>
      </trkpt>
      <trkpt lat="39.08251" lon="-119.94036">
        <ele>1962.9</ele>
      </trkpt>
      <trkpt lat="39.08187" lon="-119.94181">
        <ele>1960.1</ele>
      </trkpt>
      <trkpt lat="39.08077" lon="-119.9426">
        <ele>1956.0</ele>
      </trkpt>
      <trkpt lat="39.07759" lon="-119.94253">
        <ele>1945.0</ele>
      </trkpt>
      <trkpt lat="39.07412" lon="-119.94081">
        <ele>1935.6</ele>
      </trkpt>
      <trkpt lat="39.07054" lon="-119.94046">
        <ele>1930.0</ele>
      </trkpt>
      <trkpt lat="39.06712" lon="-119.94141">
        <ele>1931.1</ele>
      </trkpt>
      <trkpt lat="39.06523" lon="-119.94296">
        <ele>1937.4</ele>
      </trkpt>
      <trkpt lat="39.06235" lon="-119.94202">
        <ele>1933.5</ele>
      </trkpt>
      <trkpt lat="39.05566" lon="-119.94303">
        <ele>1946.5</ele>
      </trkpt>
      <trkpt lat="39.05333" lon="-119.944">
        <ele>1943.4</ele>
      </trkpt>
      <trkpt lat="39.04985" lon="-119.94412">
        <ele>1934.8</ele>
      </trkpt>
      <trkpt lat="39.04898" lon="-119.94473">
        <ele>1930.7</ele>
      </trkpt>
      <trkpt lat="39.04686" lon="-119.94806">
        <ele>1929.1</ele>
      </trkpt>
      <trkpt lat="39.0412" lon="-119.94753">
        <ele>1909.3</ele>
      </trkpt>
      <trkpt lat="39.03662" lon="-119.94947">
        <ele>1922.9</ele>
      </trkpt>
      <trkpt lat="39.03396" lon="-119.94704">
        <ele>1929.7</ele>
      </trkpt>
      <trkpt lat="39.03166" lon="-119.94699">
        <ele>1933.1</ele>
      </trkpt>
      <trkpt lat="39.02467" lon="-119.94525">
        <ele>1933.6</ele>
      </trkpt>
      <trkpt lat="39.01966" lon="-119.94597">
        <ele>1932.4</ele>
      </trkpt>
      <trkpt lat="39.01562" lon="-119.94761">
        <ele>1913.0</ele>
      </trkpt>
      <trkpt lat="39.00476" lon="-119.94699">
        <ele>1912.1</ele>
      </trkpt>
      <trkpt lat="39.00264" lon="-119.94873">
        <ele>1924.6</ele>
      </trkpt>
      <trkpt lat="39.00285" lon="-119.95457">
        <ele>1940.0</ele>
      </trkpt>
      <trkpt lat="39.00214" lon="-119.95574">
        <ele>1937.4</ele>
      </trkpt>
      <trkpt lat="39.00113" lon="-119.95599">
        <ele>1933.4</ele>
      </trkpt>
      <trkpt lat="38.99856" lon="-119.95466">
        <ele>1923.1</ele>
      </trkpt>
      <trkpt lat="38.9945" lon="-119.94869">
        <ele>1910.4</ele>
      </trkpt>
      <trkpt lat="38.99306" lon="-119.94833">
        <ele>1914.7</ele>
      </trkpt>
      <trkpt lat="38.99014" lon="-119.94931">
        <ele>1931.4</ele>
      </trkpt>
      <trkpt lat="38.98817" lon="-119.94852">
        <ele>1943.4</ele>
      </trkpt>
      <trkpt lat="38.98102" lon="-119.93864">
        <ele>1928.7</ele>
      </trkpt>
      <trkpt lat="38.97905" lon="-119.93695">
        <ele>1928.3</ele>
      </trkpt>
      <trkpt lat="38.97245" lon="-119.93502">
        <ele>1927.6</ele>
      </trkpt>
      <trkpt lat="38.96979" lon="-119.93518">
        <ele>1923.3</ele>
      </trkpt>
      <trkpt lat="38.95534" lon="-119.94463">
        <ele>1912.1</ele>
      </trkpt>
      <trkpt lat="38.95351" lon="-119.94669">
        <ele>1912.1</ele>
      </trkpt>
      <trkpt lat="38.9473" lon="-119.96049">
        <ele>1903.1</ele>
      </trkpt>
      <trkpt lat="38.94558" lon="-119.96647">
        <ele>1902.1</ele>
      </trkpt>
      <trkpt lat="38.94561" lon="-119.97187">
        <ele>1907.2</ele>
      </trkpt>
      <trkpt lat="38.94405" lon="-119.97638">
        <ele>1907.5</ele>
      </trkpt>
      <trkpt lat="38.94279" lon="-119.97717">
        <ele>1907.9</ele>
      </trkpt>
      <trkpt lat="38.93469" lon="-119.97764">
        <ele>1910.3</ele>
      </trkpt>
      <trkpt lat="38.93203" lon="-119.97875">
        <ele>1904.3</ele>
      </trkpt>
      <trkpt lat="38.92954" lon="-119.9806">
        <ele>1906.4</ele>
      </trkpt>
      <trkpt lat="38.92725" lon="-119.98329">
        <ele>1907.3</ele>
      </trkpt>
      <trkpt lat="38.91376" lon="-120.00405">
        <ele>1912.2</ele>
      </trkpt>
      <trkpt lat="38.913" lon="-120.00432">
        <ele>1912.7</ele>
      </trkpt>
      <trkpt lat="38.91192" lon="-120.0038">
        <ele>1912.1</ele>
      </trkpt>
      <trkpt lat="38.90352" lon="-119.99862">
        <ele>1929.0</ele>
      </trkpt>
      <trkpt lat="38.90149" lon="-119.99806">
        <ele>1934.6</ele>
      </trkpt>
      <trkpt lat="38.89634" lon="-119.99982">
        <ele>1927.9</ele>
      </trkpt>
      <trkpt lat="38.89044" lon="-119.99976">
        <ele>1923.0</ele>
      </trkpt>
      <trkpt lat="38.87876" lon="-120.00485">
        <ele>1913.7</ele>
      </trkpt>
      <trkpt lat="38.87109" lon="-120.0063">
        <ele>1914.1</ele>
      </trkpt>
      <trkpt lat="38.86834" lon="-120.00749">
        <ele>1916.3</ele>
      </trkpt>
      <trkpt lat="38.86335" lon="-120.01248">
        <ele>1921.8</ele>
      </trkpt>
      <trkpt lat="38.85791" lon="-120.01227">
        <ele>1930.7</ele>
      </trkpt>
      <trkpt lat="38.85548" lon="-120.01349">
        <ele>1931.7</ele>
      </trkpt>
      <trkpt lat="38.84948" lon="-120.02557">
        <ele>1930.2</ele>
      </trkpt>
      <trkpt lat="38.84757" lon="-120.02808">
        <ele>1937.8</ele>
      </trkpt>
      <trkpt lat="38.8451" lon="-120.0276">
        <ele>1937.0</ele>
      </trkpt>
      <trkpt lat="38.84343" lon="-120.02638">
        <ele>1938.0</ele>
      </trkpt>
      <trkpt lat="38.84123" lon="-120.02573">
        <ele>1938.6</ele>
      </trkpt>
      <trkpt lat="38.8363" lon="-120.02243">
        <ele>1943.4</ele>
      </trkpt>
      <trkpt lat="38.83352" lon="-120.02207">
        <ele>1942.2</ele>
      </trkpt>
      <trkpt lat="38.82547" lon="-120.02302">
        <ele>1952.1</ele>
      </trkpt>
      <trkpt lat="38.82281" lon="-120.02223">
        <ele>1950.5</ele>
      </trkpt>
      <trkpt lat="38.8203" lon="-120.02057">
        <ele>1952.3</ele>
      </trkpt>
      <trkpt lat="38.81504" lon="-120.01997">
        <ele>1962.3</ele>
      </trkpt>
      <trkpt lat="38.81107" lon="-120.02078">
        <ele>1967.8</ele>
      </trkpt>
      <trkpt lat="38.80515" lon="-120.01843">
        <ele>1969.2</ele>
      </trkpt>
      <trkpt lat="38.80149" lon="-120.01902">
        <ele>1974.7</ele>
      </trkpt>
      <trkpt lat="38.79983" lon="-120.01815">
        <ele>1977.1</ele>
      </trkpt>
      <trkpt lat="38.79724" lon="-120.02006">
        <ele>1985.5</ele>
      </trkpt>
      <trkpt lat="38.79663" lon="-120.01965">
        <ele>1983.6</ele>
      </trkpt>
      <trkpt lat="38.7954" lon="-120.01686">
        <ele>1991.6</ele>
      </trkpt>
      <trkpt lat="38.79436" lon="-120.01709">
        <ele>2005.7</ele>
      </trkpt>
      <trkpt lat="38.79641" lon="-120.01446">
        <ele>2034.8</ele>
      </trkpt>
      <trkpt lat="38.79817" lon="-120.01047">
        <ele>2069.4</ele>
      </trkpt>
      <trkpt lat="38.79517" lon="-120.01143">
        <ele>2101.2</ele>
      </trkpt>
      <trkpt lat="38.79732" lon="-120.00675">
        <ele>2134.0</ele>
      </trkpt>
      <trkpt lat="38.79459" lon="-120.00412">
        <ele>2162.8</ele>
      </trkpt>
      <trkpt lat="38.79471" lon="-120.00361">
        <ele>2168.2</ele>
      </trkpt>
      <trkpt lat="38.79569" lon="-120.00397">
        <ele>2174.5</ele>
      </trkpt>
      <trkpt lat="38.7939" lon="-120.0008">
        <ele>2202.2</ele>
      </trkpt>
      <trkpt lat="38.79091" lon="-119.99975">
        <ele>2221.4</ele>
      </trkpt>
      <trkpt lat="38.79011" lon="-120.00024">
        <ele>2221.7</ele>
      </trkpt>
      <trkpt lat="38.78956" lon="-119.99936">
        <ele>2231.1</ele>
      </trkpt>
      <trkpt lat="38.79179" lon="-119.9981">
        <ele>2246.3</ele>
      </trkpt>
      <trkpt lat="38.79334" lon="-119.99639">
        <ele>2259.1</ele>
      </trkpt>
      <trkpt lat="38.79543" lon="-119.99022">
        <ele>2294.5</ele>
      </trkpt>
      <trkpt lat="38.79574" lon="-119.98686">
        <ele>2311.7</ele>
      </trkpt>
      <trkpt lat="38.79675" lon="-119.98422">
        <ele>2325.1</ele>
      </trkpt>
      <trkpt lat="38.79693" lon="-119.97925">
        <ele>2345.2</ele>
      </trkpt>
      <trkpt lat="38.79634" lon="-119.97564">
        <ele>2356.7</ele>
      </trkpt>
      <trkpt lat="38.79735" lon="-119.96891">
        <ele>2354.0</ele>
      </trkpt>
      <trkpt lat="38.79316" lon="-119.9543">
        <ele>2353.3</ele>
      </trkpt>
      <trkpt lat="38.79056" lon="-119.94964">
        <ele>2357.8</ele>
      </trkpt>
      <trkpt lat="38.78779" lon="-119.946">
        <ele>2358.7</ele>
      </trkpt>
      <trkpt lat="38.78709" lon="-119.94334">
        <ele>2345.9</ele>
      </trkpt>
      <trkpt lat="38.78886" lon="-119.93701">
        <ele>2309.8</ele>
      </trkpt>
      <trkpt lat="38.7928" lon="-119.93004">
        <ele>2257.1</ele>
      </trkpt>
      <trkpt lat="38.79347" lon="-119.92796">
        <ele>2246.9</ele>
      </trkpt>
      <trkpt lat="38.7933" lon="-119.9231">
        <ele>2222.7</ele>
      </trkpt>
      <trkpt lat="38.79262" lon="-119.92153">
        <ele>2217.9</ele>
      </trkpt>
      <trkpt lat="38.79146" lon="-119.92044">
        <ele>2211.4</ele>
      </trkpt>
      <trkpt lat="38.776365" lon="-119.918904">
        <ele>2153.6</ele>
      </trkpt>
      <trkpt lat="38.776515" lon="-119.924284">
        <ele>2157.5</ele>
      </trkpt>
      <trkpt lat="38.773855" lon="-119.931663">
        <ele>2169.3</ele>
      </trkpt>
      <trkpt lat="38.769785" lon="-119.936663">
        <ele>2166.1</ele>
      </trkpt>
      <trkpt lat="38.762865" lon="-119.941623">
        <ele>2175.5</ele>
      </trkpt>
      <trkpt lat="38.759365" lon="-119.942563">
        <ele>2175.9</ele>
      </trkpt>
      <trkpt lat="38.753325" lon="-119.942603">
        <ele>2173.5</ele>
      </trkpt>
      <trkpt lat="38.750595" lon="-119.941844">
        <ele>2180.9</ele>
      </trkpt>
      <trkpt lat="38.748875" lon="-119.942033">
        <ele>2187.8</ele>
      </trkpt>
      <trkpt lat="38.736865" lon="-119.952693">
        <ele>2256.5</ele>
      </trkpt>
      <trkpt lat="38.734355" lon="-119.954083">
        <ele>2257.7</ele>
      </trkpt>
      <trkpt lat="38.730215" lon="-119.954563">
        <ele>2244.7</ele>
      </trkpt>
      <trkpt lat="38.717805" lon="-119.953844">
        <ele>2276.9</ele>
      </trkpt>
      <trkpt lat="38.705625" lon="-119.958413">
        <ele>2305.7</ele>
      </trkpt>
      <trkpt lat="38.699765" lon="-119.962643">
        <ele>2358.5</ele>
      </trkpt>
      <trkpt lat="38.698805" lon="-119.964333">
        <ele>2372.8</ele>
      </trkpt>
      <trkpt lat="38.699625" lon="-119.966483">
        <ele>2388.5</ele>
      </trkpt>
      <trkpt lat="38.703375" lon="-119.966933">
        <ele>2391.3</ele>
      </trkpt>
      <trkpt lat="38.704575" lon="-119.968083">
        <ele>2403.5</ele>
      </trkpt>
      <trkpt lat="38.705135" lon="-119.969783">
        <ele>2423.0</ele>
      </trkpt>
      <trkpt lat="38.704585" lon="-119.974244">
        <ele>2447.8</ele>
      </trkpt>
      <trkpt lat="38.702915" lon="-119.979113">
        <ele>2481.3</ele>
      </trkpt>
      <trkpt lat="38.702715" lon="-119.983313">
        <ele>2509.4</ele>
      </trkpt>
      <trkpt lat="38.701965" lon="-119.985483">
        <ele>2525.5</ele>
      </trkpt>
      <trkpt lat="38.701275" lon="-119.986493">
        <ele>2529.3</ele>
      </trkpt>
      <trkpt lat="38.700415" lon="-119.986784">
        <ele>2537.7</ele>
      </trkpt>
      <trkpt lat="38.698115" lon="-119.985183">
        <ele>2564.9</ele>
      </trkpt>
      <trkpt lat="38.694955" lon="-119.985094">
        <ele>2591.8</ele>
      </trkpt>
      <trkpt lat="38.694175" lon="-119.985583">
        <ele>2596.1</ele>
      </trkpt>
      <trkpt lat="38.693715" lon="-119.987213">
        <ele>2618.7</ele>
      </trkpt>
      <trkpt lat="38.694165" lon="-119.988473">
        <ele>2618.7</ele>
      </trkpt>
      <trkpt lat="38.696255" lon="-119.990513">
        <ele>2610.9</ele>
      </trkpt>
      <trkpt lat="38.694085" lon="-119.997984">
        <ele>2582.1</ele>
      </trkpt>
      <trkpt lat="38.694475" lon="-119.999063">
        <ele>2577.4</ele>
      </trkpt>
      <trkpt lat="38.695885" lon="-120.000423">
        <ele>2565.8</ele>
      </trkpt>
      <trkpt lat="38.697285" lon="-120.003434">
        <ele>2551.4</ele>
      </trkpt>
      <trkpt lat="38.696495" lon="-120.007873">
        <ele>2528.0</ele>
      </trkpt>
      <trkpt lat="38.698335" lon="-120.011563">
        <ele>2504.5</ele>
      </trkpt>
      <trkpt lat="38.700485" lon="-120.021363">
        <ele>2481.3</ele>
      </trkpt>
      <trkpt lat="38.699305" lon="-120.027333">
        <ele>2445.8</ele>
      </trkpt>
      <trkpt lat="38.700295" lon="-120.031924">
        <ele>2425.0</ele>
      </trkpt>
      <trkpt lat="38.701505" lon="-120.034694">
        <ele>2401.8</ele>
      </trkpt>
      <trkpt lat="38.706095" lon="-120.040463">
        <ele>2401.3</ele>
      </trkpt>
      <trkpt lat="38.706605" lon="-120.043443">
        <ele>2396.0</ele>
      </trkpt>
      <trkpt lat="38.708025" lon="-120.045383">
        <ele>2390.6</ele>
      </trkpt>
      <trkpt lat="38.708755" lon="-120.047823">
        <ele>2388.1</ele>
      </trkpt>
      <trkpt lat="38.708355" lon="-120.048963">
        <ele>2380.1</ele>
      </trkpt>
      <trkpt lat="38.704725" lon="-120.051174">
        <ele>2388.7</ele>
      </trkpt>
      <trkpt lat="38.703615" lon="-120.053844">
        <ele>2385.8</ele>
      </trkpt>
      <trkpt lat="38.703355" lon="-120.066733">
        <ele>2358.8</ele>
      </trkpt>
      <trkpt lat="38.703685" lon="-120.069023">
        <ele>2358.7</ele>
      </trkpt>
      <trkpt lat="38.702835" lon="-120.070463">
        <ele>2340.2</ele>
      </trkpt>
      <trkpt lat="38.702595" lon="-120.073143">
        <ele>2346.5</ele>
      </trkpt>
      <trkpt lat="38.701575" lon="-120.074753">
        <ele>2347.1</ele>
      </trkpt>
      <trkpt lat="38.699975" lon="-120.080184">
        <ele>2368.9</ele>
      </trkpt>
      <trkpt lat="38.700185" lon="-120.082443">
        <ele>2380.9</ele>
      </trkpt>
      <trkpt lat="38.702895" lon="-120.088203">
        <ele>2387.9</ele>
      </trkpt>
      <trkpt lat="38.703485" lon="-120.091233">
        <ele>2381.6</ele>
      </trkpt>
      <trkpt lat="38.703195" lon="-120.096883">
        <ele>2406.2</ele>
      </trkpt>
      <trkpt lat="38.705745" lon="-120.103644">
        <ele>2432.7</ele>
      </trkpt>
      <trkpt lat="38.705935" lon="-120.107093">
        <ele>2427.2</ele>
      </trkpt>
      <trkpt lat="38.705245" lon="-120.111244">
        <ele>2400.2</ele>
      </trkpt>
      <trkpt lat="38.702665" lon="-120.113243">
        <ele>2372.7</ele>
      </trkpt>
      <trkpt lat="38.700555" lon="-120.116423">
        <ele>2345.7</ele>
      </trkpt>
      <trkpt lat="38.697945" lon="-120.117884">
        <ele>2326.6</ele>
      </trkpt>
      <trkpt lat="38.696065" lon="-120.121374">
        <ele>2307.0</ele>
      </trkpt>
      <trkpt lat="38.694965" lon="-120.122344">
        <ele>2292.7</ele>
      </trkpt>
      <trkpt lat="38.692155" lon="-120.122663">
        <ele>2279.6</ele>
      </trkpt>
      <trkpt lat="38.690085" lon="-120.123954">
        <ele>2260.1</ele>
      </trkpt>
      <trkpt lat="38.686955" lon="-120.123013">
        <ele>2236.9</ele>
      </trkpt>
      <trkpt lat="38.684845" lon="-120.121033">
        <ele>2218.9</ele>
      </trkpt>
      <trkpt lat="38.682995" lon="-120.120073">
        <ele>2203.7</ele>
      </trkpt>
      <trkpt lat="38.680615" lon="-120.116583">
        <ele>2175.2</ele>
      </trkpt>
      <trkpt lat="38.679585" lon="-120.116413">
        <ele>2169.1</ele>
      </trkpt>
      <trkpt lat="38.673865" lon="-120.119063">
        <ele>2197.9</ele>
      </trkpt>
      <trkpt lat="38.671115" lon="-120.121433">
        <ele>2213.9</ele>
      </trkpt>
      <trkpt lat="38.669065" lon="-120.121213">
        <ele>2213.3</ele>
      </trkpt>
      <trkpt lat="38.666845" lon="-120.122524">
        <ele>2220.3</ele>
      </trkpt>
      <trkpt lat="38.664695" lon="-120.126543">
        <ele>2233.4</ele>
      </trkpt>
      <trkpt lat="38.659575" lon="-120.132173">
        <ele>2247.8</ele>
      </trkpt>
      <trkpt lat="38.654125" lon="-120.134583">
        <ele>2266.4</ele>
      </trkpt>
      <trkpt lat="38.653015" lon="-120.133973">
        <ele>2277.2</ele>
      </trkpt>
      <trkpt lat="38.651315" lon="-120.131273">
        <ele>2300.7</ele>
      </trkpt>
      <trkpt lat="38.650075" lon="-120.130973">
        <ele>2310.2</ele>
      </trkpt>
      <trkpt lat="38.644905" lon="-120.134943">
        <ele>2351.2</ele>
      </trkpt>
      <trkpt lat="38.638335" lon="-120.138593">
        <ele>2406.6</ele>
      </trkpt>
      <trkpt lat="38.637425" lon="-120.141123">
        <ele>2424.5</ele>
      </trkpt>
      <trkpt lat="38.638135" lon="-120.146874">
        <ele>2407.2</ele>
      </trkpt>
      <trkpt lat="38.633145" lon="-120.157133">
        <ele>2394.3</ele>
      </trkpt>
      <trkpt lat="38.632625" lon="-120.159043">
        <ele>2387.9</ele>
      </trkpt>
      <trkpt lat="38.632855" lon="-120.165313">
        <ele>2362.7</ele>
      </trkpt>
      <trkpt lat="38.631995" lon="-120.171483">
        <ele>2359.6</ele>
      </trkpt>
      <trkpt lat="38.633485" lon="-120.178513">
        <ele>2335.7</ele>
      </trkpt>
      <trkpt lat="38.631165" lon="-120.185903">
        <ele>2336.5</ele>
      </trkpt>
      <trkpt lat="38.630915" lon="-120.190754">
        <ele>2330.0</ele>
      </trkpt>
      <trkpt lat="38.629515" lon="-120.193553">
        <ele>2327.6</ele>
      </trkpt>
      <trkpt lat="38.625585" lon="-120.195973">
        <ele>2328.1</ele>
      </trkpt>
      <trkpt lat="38.624425" lon="-120.201493">
        <ele>2305.0</ele>
      </trkpt>
      <trkpt lat="38.624905" lon="-120.203474">
        <ele>2294.3</ele>
      </trkpt>
      <trkpt lat="38.626865" lon="-120.204623">
        <ele>2276.3</ele>
      </trkpt>
      <trkpt lat="38.627855" lon="-120.206113">
        <ele>2267.2</ele>
      </trkpt>
      <trkpt lat="38.628345" lon="-120.211634">
        <ele>2245.8</ele>
      </trkpt>
      <trkpt lat="38.627945" lon="-120.213433">
        <ele>2231.5</ele>
      </trkpt>
      <trkpt lat="38.626445" lon="-120.214674">
        <ele>2218.5</ele>
      </trkpt>
      <trkpt lat="38.623735" lon="-120.213933">
        <ele>2209.2</ele>
      </trkpt>
      <trkpt lat="38.622545" lon="-120.214243">
        <ele>2202.3</ele>
      </trkpt>
      <trkpt lat="38.621565" lon="-120.215503">
        <ele>2188.4</ele>
      </trkpt>
      <trkpt lat="38.620615" lon="-120.218473">
        <ele>2166.8</ele>
      </trkpt>
      <trkpt lat="38.616685" lon="-120.220934">
        <ele>2150.3</ele>
      </trkpt>
      <trkpt lat="38.611565" lon="-120.221523">
        <ele>2159.7</ele>
      </trkpt>
      <trkpt lat="38.608355" lon="-120.223254">
        <ele>2161.6</ele>
      </trkpt>
      <trkpt lat="38.603925" lon="-120.222293">
        <ele>2173.6</ele>
      </trkpt>
      <trkpt lat="38.597615" lon="-120.222983">
        <ele>2156.1</ele>
      </trkpt>
      <trkpt lat="38.596405" lon="-120.224383">
        <ele>2150.2</ele>
      </trkpt>
      <trkpt lat="38.595905" lon="-120.227683">
        <ele>2136.5</ele>
      </trkpt>
      <trkpt lat="38.594905" lon="-120.229293">
        <ele>2131.5</ele>
      </trkpt>
      <trkpt lat="38.593955" lon="-120.229714">
        <ele>2139.0</ele>
      </trkpt>
      <trkpt lat="38.591015" lon="-120.229624">
        <ele>2155.0</ele>
      </trkpt>
      <trkpt lat="38.587335" lon="-120.231983">
        <ele>2160.0</ele>
      </trkpt>
      <trkpt lat="38.586575" lon="-120.233483">
        <ele>2163.5</ele>
      </trkpt>
      <trkpt lat="38.585605" lon="-120.238394">
        <ele>2162.9</ele>
      </trkpt>
      <trkpt lat="38.586275" lon="-120.242403">
        <ele>2141.2</ele>
      </trkpt>
      <trkpt lat="38.584295" lon="-120.249963">
        <ele>2139.0</ele>
      </trkpt>
      <trkpt lat="38.583635" lon="-120.251253">
        <ele>2151.5</ele>
      </trkpt>
      <trkpt lat="38.581835" lon="-120.252733">
        <ele>2163.2</ele>
      </trkpt>
      <trkpt lat="38.577905" lon="-120.259813">
        <ele>2131.4</ele>
      </trkpt>
      <trkpt lat="38.576875" lon="-120.260663">
        <ele>2123.7</ele>
      </trkpt>
      <trkpt lat="38.574675" lon="-120.261393">
        <ele>2124.2</ele>
      </trkpt>
      <trkpt lat="38.571245" lon="-120.264023">
        <ele>2088.4</ele>
      </trkpt>
      <trkpt lat="38.568945" lon="-120.263924">
        <ele>2085.1</ele>
      </trkpt>
      <trkpt lat="38.567795" lon="-120.264354">
        <ele>2084.9</ele>
      </trkpt>
      <trkpt lat="38.565665" lon="-120.266283">
        <ele>2076.6</ele>
      </trkpt>
      <trkpt lat="38.564335" lon="-120.266424">
        <ele>2068.1</ele>
      </trkpt>
      <trkpt lat="38.562425" lon="-120.265423">
        <ele>2054.2</ele>
      </trkpt>
      <trkpt lat="38.561125" lon="-120.266023">
        <ele>2060.8</ele>
      </trkpt>
      <trkpt lat="38.561025" lon="-120.269843">
        <ele>2035.9</ele>
      </trkpt>
      <trkpt lat="38.558885" lon="-120.274073">
        <ele>2012.0</ele>
      </trkpt>
      <trkpt lat="38.559165" lon="-120.280204">
        <ele>1982.1</ele>
      </trkpt>
      <trkpt lat="38.556135" lon="-120.286214">
        <ele>1964.3</ele>
      </trkpt>
      <trkpt lat="38.556245" lon="-120.297574">
        <ele>1968.1</ele>
      </trkpt>
      <trkpt lat="38.555195" lon="-120.298763">
        <ele>1965.8</ele>
      </trkpt>
      <trkpt lat="38.551815" lon="-120.299454">
        <ele>1966.8</ele>
      </trkpt>
      <trkpt lat="38.549765" lon="-120.301254">
        <ele>1969.5</ele>
      </trkpt>
      <trkpt lat="38.548695" lon="-120.305163">
        <ele>1969.3</ele>
      </trkpt>
      <trkpt lat="38.545475" lon="-120.311724">
        <ele>1955.2</ele>
      </trkpt>
      <trkpt lat="38.545065" lon="-120.314673">
        <ele>1936.2</ele>
      </trkpt>
      <trkpt lat="38.543295" lon="-120.317364">
        <ele>1932.0</ele>
      </trkpt>
      <trkpt lat="38.544305" lon="-120.323833">
        <ele>1890.4</ele>
      </trkpt>
      <trkpt lat="38.544155" lon="-120.328214">
        <ele>1867.0</ele>
      </trkpt>
      <trkpt lat="38.545525" lon="-120.337093">
        <ele>1836.5</ele>
      </trkpt>
      <trkpt lat="38.545095" lon="-120.338563">
        <ele>1833.9</ele>
      </trkpt>
      <trkpt lat="38.543495" lon="-120.340423">
        <ele>1826.1</ele>
      </trkpt>
      <trkpt lat="38.542975" lon="-120.343203">
        <ele>1807.7</ele>
      </trkpt>
      <trkpt lat="38.541595" lon="-120.344793">
        <ele>1794.0</ele>
      </trkpt>
      <trkpt lat="38.541455" lon="-120.346083">
        <ele>1787.7</ele>
      </trkpt>
      <trkpt lat="38.543175" lon="-120.348213">
        <ele>1773.1</ele>
      </trkpt>
      <trkpt lat="38.544115" lon="-120.350433">
        <ele>1765.2</ele>
      </trkpt>
      <trkpt lat="38.545975" lon="-120.351973">
        <ele>1748.5</ele>
      </trkpt>
      <trkpt lat="38.547245" lon="-120.356203">
        <ele>1723.8</ele>
      </trkpt>
      <trkpt lat="38.544335" lon="-120.363863">
        <ele>1686.6</ele>
      </trkpt>
      <trkpt lat="38.544125" lon="-120.368774">
        <ele>1651.5</ele>
      </trkpt>
      <trkpt lat="38.544995" lon="-120.372933">
        <ele>1654.5</ele>
      </trkpt>
      <trkpt lat="38.544835" lon="-120.375953">
        <ele>1658.4</ele>
      </trkpt>
      <trkpt lat="38.544325" lon="-120.378233">
        <ele>1658.4</ele>
      </trkpt>
      <trkpt lat="38.542935" lon="-120.380774">
        <ele>1663.9</ele>
      </trkpt>
      <trkpt lat="38.540625" lon="-120.381793">
        <ele>1673.5</ele>
      </trkpt>
      <trkpt lat="38.538595" lon="-120.383843">
        <ele>1676.2</ele>
      </trkpt>
      <trkpt lat="38.538625" lon="-120.385213">
        <ele>1671.2</ele>
      </trkpt>
      <trkpt lat="38.540035" lon="-120.386833">
        <ele>1665.2</ele>
      </trkpt>
      <trkpt lat="38.540565" lon="-120.388713">
        <ele>1654.2</ele>
      </trkpt>
      <trkpt lat="38.539495" lon="-120.391344">
        <ele>1636.8</ele>
      </trkpt>
      <trkpt lat="38.539115" lon="-120.396023">
        <ele>1599.6</ele>
      </trkpt>
      <trkpt lat="38.537115" lon="-120.399034">
        <ele>1587.8</ele>
      </trkpt>
      <trkpt lat="38.537475" lon="-120.402784">
        <ele>1558.6</ele>
      </trkpt>
      <trkpt lat="38.533355" lon="-120.408874">
        <ele>1517.9</ele>
      </trkpt>
      <trkpt lat="38.531185" lon="-120.413004">
        <ele>1516.6</ele>
      </trkpt>
      <trkpt lat="38.530305" lon="-120.424713">
        <ele>1519.0</ele>
      </trkpt>
      <trkpt lat="38.528885" lon="-120.426784">
        <ele>1517.2</ele>
      </trkpt>
      <trkpt lat="38.528915" lon="-120.429803">
        <ele>1503.3</ele>
      </trkpt>
      <trkpt lat="38.527045" lon="-120.432483">
        <ele>1516.1</ele>
      </trkpt>
      <trkpt lat="38.526675" lon="-120.434643">
        <ele>1519.7</ele>
      </trkpt>
      <trkpt lat="38.528805" lon="-120.438953">
        <ele>1502.8</ele>
      </trkpt>
      <trkpt lat="38.52805" lon="-120.44215">
        <ele>1477.9</ele>
      </trkpt>
      <trkpt lat="38.52947" lon="-120.4434">
        <ele>1468.7</ele>
      </trkpt>
      <trkpt lat="38.53015" lon="-120.44257">
        <ele>1475.3</ele>
      </trkpt>
      <trkpt lat="38.53127" lon="-120.44268">
        <ele>1465.2</ele>
      </trkpt>
      <trkpt lat="38.53268" lon="-120.44423">
        <ele>1456.4</ele>
      </trkpt>
      <trkpt lat="38.53325" lon="-120.44704">
        <ele>1455.8</ele>
      </trkpt>
      <trkpt lat="38.53303" lon="-120.44943">
        <ele>1444.1</ele>
      </trkpt>
      <trkpt lat="38.53363" lon="-120.45138">
        <ele>1443.8</ele>
      </trkpt>
      <trkpt lat="38.53274" lon="-120.45324">
        <ele>1443.2</ele>
      </trkpt>
      <trkpt lat="38.53299" lon="-120.4544">
        <ele>1457.9</ele>
      </trkpt>
      <trkpt lat="38.53421" lon="-120.45509">
        <ele>1444.7</ele>
      </trkpt>
      <trkpt lat="38.53516" lon="-120.45728">
        <ele>1445.8</ele>
      </trkpt>
      <trkpt lat="38.53872" lon="-120.46147">
        <ele>1412.9</ele>
      </trkpt>
      <trkpt lat="38.53881" lon="-120.46588">
        <ele>1395.5</ele>
      </trkpt>
      <trkpt lat="38.54055" lon="-120.4662">
        <ele>1386.5</ele>
      </trkpt>
      <trkpt lat="38.54217" lon="-120.46942">
        <ele>1370.4</ele>
      </trkpt>
      <trkpt lat="38.54242" lon="-120.47113">
        <ele>1359.7</ele>
      </trkpt>
      <trkpt lat="38.54356" lon="-120.4724">
        <ele>1359.9</ele>
      </trkpt>
      <trkpt lat="38.54392" lon="-120.47572">
        <ele>1360.0</ele>
      </trkpt>
      <trkpt lat="38.54286" lon="-120.4783">
        <ele>1347.9</ele>
      </trkpt>
      <trkpt lat="38.54098" lon="-120.48087">
        <ele>1334.2</ele>
      </trkpt>
      <trkpt lat="38.54172" lon="-120.48143">
        <ele>1332.0</ele>
      </trkpt>
      <trkpt lat="38.54313" lon="-120.4813">
        <ele>1317.6</ele>
      </trkpt>
      <trkpt lat="38.54381" lon="-120.48271">
        <ele>1308.6</ele>
      </trkpt>
      <trkpt lat="38.54425" lon="-120.48908">
        <ele>1308.4</ele>
      </trkpt>
      <trkpt lat="38.54392" lon="-120.49045">
        <ele>1310.3</ele>
      </trkpt>
      <trkpt lat="38.54489" lon="-120.49234">
        <ele>1294.9</ele>
      </trkpt>
      <trkpt lat="38.54678" lon="-120.50493">
        <ele>1247.8</ele>
      </trkpt>
      <trkpt lat="38.54812" lon="-120.508">
        <ele>1260.7</ele>
      </trkpt>
      <trkpt lat="38.54849" lon="-120.51035">
        <ele>1257.2</ele>
      </trkpt>
      <trkpt lat="38.5501" lon="-120.5132">
        <ele>1258.4</ele>
      </trkpt>
      <trkpt lat="38.55048" lon="-120.51653">
        <ele>1257.2</ele>
      </trkpt>
      <trkpt lat="38.54957" lon="-120.52412">
        <ele>1248.7</ele>
      </trkpt>
      <trkpt lat="38.54824" lon="-120.52684">
        <ele>1238.9</ele>
      </trkpt>
      <trkpt lat="38.54925" lon="-120.52962">
        <ele>1236.3</ele>
      </trkpt>
      <trkpt lat="38.54937" lon="-120.5323">
        <ele>1218.6</ele>
      </trkpt>
      <trkpt lat="38.55607" lon="-120.54279">
        <ele>1174.5</ele>
      </trkpt>
      <trkpt lat="38.56281" lon="-120.54751">
        <ele>1153.6</ele>
      </trkpt>
      <trkpt lat="38.56711" lon="-120.55176">
        <ele>1138.2</ele>
      </trkpt>
      <trkpt lat="38.57131" lon="-120.55356">
        <ele>1136.7</ele>
      </trkpt>
      <trkpt lat="38.57324" lon="-120.55537">
        <ele>1117.9</ele>
      </trkpt>
      <trkpt lat="38.57604" lon="-120.56069">
        <ele>1099.9</ele>
      </trkpt>
      <trkpt lat="38.5758" lon="-120.56393">
        <ele>1104.6</ele>
      </trkpt>
      <trkpt lat="38.57725" lon="-120.56705">
        <ele>1102.3</ele>
      </trkpt>
      <trkpt lat="38.57798" lon="-120.57">
        <ele>1093.2</ele>
      </trkpt>
      <trkpt lat="38.58115" lon="-120.57418">
        <ele>1098.7</ele>
      </trkpt>
      <trkpt lat="38.58173" lon="-120.5769">
        <ele>1100.1</ele>
      </trkpt>
      <trkpt lat="38.58153" lon="-120.5786">
        <ele>1100.6</ele>
      </trkpt>
      <trkpt lat="38.57819" lon="-120.58583">
        <ele>1076.3</ele>
      </trkpt>
      <trkpt lat="38.57799" lon="-120.5936">
        <ele>1060.5</ele>
      </trkpt>
      <trkpt lat="38.57908" lon="-120.59875">
        <ele>1037.4</ele>
      </trkpt>
      <trkpt lat="38.57892" lon="-120.603">
        <ele>1014.8</ele>
      </trkpt>
      <trkpt lat="38.58093" lon="-120.60513">
        <ele>1000.0</ele>
      </trkpt>
      <trkpt lat="38.58132" lon="-120.60653">
        <ele>989.7</ele>
      </trkpt>
      <trkpt lat="38.58121" lon="-120.61211">
        <ele>998.0</ele>
      </trkpt>
      <trkpt lat="38.58063" lon="-120.61364">
        <ele>996.8</ele>
      </trkpt>
      <trkpt lat="38.57907" lon="-120.61471">
        <ele>993.4</ele>
      </trkpt>
      <trkpt lat="38.58054" lon="-120.61686">
        <ele>979.4</ele>
      </trkpt>
      <trkpt lat="38.57972" lon="-120.62118">
        <ele>961.2</ele>
      </trkpt>
      <trkpt lat="38.581" lon="-120.62641">
        <ele>955.6</ele>
      </trkpt>
      <trkpt lat="38.58077" lon="-120.63004">
        <ele>951.9</ele>
      </trkpt>
      <trkpt lat="38.57926" lon="-120.63586">
        <ele>918.6</ele>
      </trkpt>
      <trkpt lat="38.57626" lon="-120.64024">
        <ele>894.6</ele>
      </trkpt>
      <trkpt lat="38.57614" lon="-120.64202">
        <ele>887.8</ele>
      </trkpt>
      <trkpt lat="38.57724" lon="-120.64413">
        <ele>875.1</ele>
      </trkpt>
      <trkpt lat="38.57704" lon="-120.64565">
        <ele>868.7</ele>
      </trkpt>
      <trkpt lat="38.57291" lon="-120.65205">
        <ele>833.6</ele>
      </trkpt>
      <trkpt lat="38.57186" lon="-120.65476">
        <ele>821.1</ele>
      </trkpt>
      <trkpt lat="38.57212" lon="-120.65644">
        <ele>810.2</ele>
      </trkpt>
      <trkpt lat="38.5743" lon="-120.65916">
        <ele>785.2</ele>
      </trkpt>
      <trkpt lat="38.57475" lon="-120.66128">
        <ele>765.8</ele>
      </trkpt>
      <trkpt lat="38.57357" lon="-120.6664">
        <ele>751.1</ele>
      </trkpt>
      <trkpt lat="38.57376" lon="-120.67313">
        <ele>726.5</ele>
      </trkpt>
      <trkpt lat="38.57323" lon="-120.68194">
        <ele>716.3</ele>
      </trkpt>
      <trkpt lat="38.57159" lon="-120.69099">
        <ele>726.3</ele>
      </trkpt>
      <trkpt lat="38.57059" lon="-120.69294">
        <ele>727.5</ele>
      </trkpt>
      <trkpt lat="38.5705" lon="-120.69526">
        <ele>729.7</ele>
      </trkpt>
      <trkpt lat="38.56952" lon="-120.6975">
        <ele>707.9</ele>
      </trkpt>
      <trkpt lat="38.56917" lon="-120.70037">
        <ele>692.5</ele>
      </trkpt>
      <trkpt lat="38.56667" lon="-120.70497">
        <ele>667.7</ele>
      </trkpt>
      <trkpt lat="38.56519" lon="-120.72116">
        <ele>644.2</ele>
      </trkpt>
      <trkpt lat="38.56251" lon="-120.72438">
        <ele>640.9</ele>
      </trkpt>
      <trkpt lat="38.56123" lon="-120.72444">
        <ele>644.8</ele>
      </trkpt>
      <trkpt lat="38.55658" lon="-120.72657">
        <ele>655.7</ele>
      </trkpt>
      <trkpt lat="38.55502" lon="-120.7281">
        <ele>644.3</ele>
      </trkpt>
      <trkpt lat="38.55346" lon="-120.73135">
        <ele>638.9</ele>
      </trkpt>
      <trkpt lat="38.54944" lon="-120.73383">
        <ele>609.3</ele>
      </trkpt>
      <trkpt lat="38.54568" lon="-120.73765">
        <ele>603.5</ele>
      </trkpt>
      <trkpt lat="38.5467" lon="-120.74237">
        <ele>608.3</ele>
      </trkpt>
      <trkpt lat="38.54578" lon="-120.74413">
        <ele>607.7</ele>
      </trkpt>
      <trkpt lat="38.54514" lon="-120.74433">
        <ele>604.3</ele>
      </trkpt>
      <trkpt lat="38.54342" lon="-120.74362">
        <ele>602.0</ele>
      </trkpt>
      <trkpt lat="38.53904" lon="-120.74747">
        <ele>599.2</ele>
      </trkpt>
      <trkpt lat="38.53472" lon="-120.74823">
        <ele>612.8</ele>
      </trkpt>
      <trkpt lat="38.53304" lon="-120.75065">
        <ele>612.7</ele>
      </trkpt>
      <trkpt lat="38.53293" lon="-120.7549">
        <ele>591.0</ele>
      </trkpt>
      <trkpt lat="38.53373" lon="-120.75865">
        <ele>586.6</ele>
      </trkpt>
      <trkpt lat="38.53292" lon="-120.76684">
        <ele>559.3</ele>
      </trkpt>
      <trkpt lat="38.53121" lon="-120.77226">
        <ele>550.1</ele>
      </trkpt>
      <trkpt lat="38.53098" lon="-120.77679">
        <ele>543.7</ele>
      </trkpt>
      <trkpt lat="38.53193" lon="-120.78019">
        <ele>542.8</ele>
      </trkpt>
      <trkpt lat="38.53148" lon="-120.78296">
        <ele>540.9</ele>
      </trkpt>
      <trkpt lat="38.5288" lon="-120.78928">
        <ele>519.6</ele>
      </trkpt>
      <trkpt lat="38.52979" lon="-120.79931">
        <ele>490.2</ele>
      </trkpt>
      <trkpt lat="38.53093" lon="-120.80352">
        <ele>492.9</ele>
      </trkpt>
      <trkpt lat="38.53033" lon="-120.80688">
        <ele>486.6</ele>
      </trkpt>
      <trkpt lat="38.5275" lon="-120.81173">
        <ele>479.5</ele>
      </trkpt>
      <trkpt lat="38.52649" lon="-120.81476">
        <ele>467.7</ele>
      </trkpt>
      <trkpt lat="38.52369" lon="-120.81828">
        <ele>457.6</ele>
      </trkpt>
      <trkpt lat="38.51407" lon="-120.82507">
        <ele>436.9</ele>
      </trkpt>
      <trkpt lat="38.50511" lon="-120.82566">
        <ele>413.7</ele>
      </trkpt>
      <trkpt lat="38.50327" lon="-120.82741">
        <ele>397.1</ele>
      </trkpt>
      <trkpt lat="38.49812" lon="-120.82977">
        <ele>374.2</ele>
      </trkpt>
      <trkpt lat="38.49627" lon="-120.82883">
        <ele>371.8</ele>
      </trkpt>
      <trkpt lat="38.49536" lon="-120.82891">
        <ele>371.0</ele>
      </trkpt>
      <trkpt lat="38.49194" lon="-120.83059">
        <ele>379.9</ele>
      </trkpt>
      <trkpt lat="38.48942" lon="-120.83478">
        <ele>369.6</ele>
      </trkpt>
      <trkpt lat="38.48468" lon="-120.83521">
        <ele>361.9</ele>
      </trkpt>
      <trkpt lat="38.48326" lon="-120.83644">
        <ele>348.5</ele>
      </trkpt>
      <trkpt lat="38.48268" lon="-120.83766">
        <ele>348.1</ele>
      </trkpt>
      <trkpt lat="38.480445" lon="-120.852853">
        <ele>316.9</ele>
      </trkpt>
      <trkpt lat="38.480195" lon="-120.861343">
        <ele>307.5</ele>
      </trkpt>
      <trkpt lat="38.480805" lon="-120.865053">
        <ele>294.7</ele>
      </trkpt>
      <trkpt lat="38.479985" lon="-120.866923">
        <ele>289.1</ele>
      </trkpt>
      <trkpt lat="38.482185" lon="-120.872313">
        <ele>257.3</ele>
      </trkpt>
      <trkpt lat="38.482395" lon="-120.875683">
        <ele>243.2</ele>
      </trkpt>
      <trkpt lat="38.483825" lon="-120.881343">
        <ele>231.6</ele>
      </trkpt>
      <trkpt lat="38.484915" lon="-120.882693">
        <ele>227.3</ele>
      </trkpt>
      <trkpt lat="38.483735" lon="-120.883633">
        <ele>222.8</ele>
      </trkpt>
      <trkpt lat="38.481725" lon="-120.887113">
        <ele>218.7</ele>
      </trkpt>
      <trkpt lat="38.481035" lon="-120.892033">
        <ele>213.5</ele>
      </trkpt>
      <trkpt lat="38.482495" lon="-120.898153">
        <ele>211.3</ele>
      </trkpt>
      <trkpt lat="38.484885" lon="-120.902033">
        <ele>207.8</ele>
      </trkpt>
      <trkpt lat="38.485765" lon="-120.908183">
        <ele>198.9</ele>
      </trkpt>
      <trkpt lat="38.483955" lon="-120.923253">
        <ele>186.1</ele>
      </trkpt>
      <trkpt lat="38.482835" lon="-120.927813">
        <ele>183.2</ele>
      </trkpt>
      <trkpt lat="38.481065" lon="-120.931353">
        <ele>181.9</ele>
      </trkpt>
      <trkpt lat="38.48004" lon="-120.93529">
        <ele>175.7</ele>
      </trkpt>
      <trkpt lat="38.47517" lon="-120.94179">
        <ele>186.1</ele>
      </trkpt>
      <trkpt lat="38.46506" lon="-120.94334">
        <ele>182.2</ele>
      </trkpt>
      <trkpt lat="38.46281" lon="-120.9443">
        <ele>175.1</ele>
      </trkpt>
      <trkpt lat="38.46328" lon="-120.95277">
        <ele>169.2</ele>
      </trkpt>
      <trkpt lat="38.46549" lon="-120.9697">
        <ele>180.7</ele>
      </trkpt>
      <trkpt lat="38.46627" lon="-120.97252">
        <ele>170.8</ele>
      </trkpt>
      <trkpt lat="38.4716" lon="-120.98094">
        <ele>145.9</ele>
      </trkpt>
      <trkpt lat="38.47536" lon="-120.98807">
        <ele>128.5</ele>
      </trkpt>
      <trkpt lat="38.47952" lon="-120.99314">
        <ele>125.6</ele>
      </trkpt>
      <trkpt lat="38.48403" lon="-121.00241">
        <ele>110.4</ele>
      </trkpt>
      <trkpt lat="38.48425" lon="-121.00609">
        <ele>112.1</ele>
      </trkpt>
      <trkpt lat="38.48095" lon="-121.02288">
        <ele>82.1</ele>
      </trkpt>
      <trkpt lat="38.48083" lon="-121.02585">
        <ele>76.7</ele>
      </trkpt>
      <trkpt lat="38.48115" lon="-121.03804">
        <ele>86.0</ele>
      </trkpt>
      <trkpt lat="38.48324" lon="-121.04728">
        <ele>92.9</ele>
      </trkpt>
      <trkpt lat="38.48529" lon="-121.05185">
        <ele>92.0</ele>
      </trkpt>
      <trkpt lat="38.48587" lon="-121.05475">
        <ele>83.4</ele>
      </trkpt>
      <trkpt lat="38.48572" lon="-121.06412">
        <ele>66.4</ele>
      </trkpt>
      <trkpt lat="38.48371" lon="-121.07701">
        <ele>54.3</ele>
      </trkpt>
      <trkpt lat="38.48476" lon="-121.07977">
        <ele>55.1</ele>
      </trkpt>
      <trkpt lat="38.48812" lon="-121.08362">
        <ele>52.4</ele>
      </trkpt>
      <trkpt lat="38.48999" lon="-121.08662">
        <ele>55.6</ele>
      </trkpt>
      <trkpt lat="38.49099" lon="-121.09034">
        <ele>51.8</ele>
      </trkpt>
      <trkpt lat="38.49422" lon="-121.09465">
        <ele>48.5</ele>
      </trkpt>
      <trkpt lat="38.49764" lon="-121.10189">
        <ele>54.9</ele>
      </trkpt>
      <trkpt lat="38.51625" lon="-121.10205">
        <ele>71.7</ele>
      </trkpt>
      <trkpt lat="38.51794" lon="-121.10143">
        <ele>60.7</ele>
      </trkpt>
      <trkpt lat="38.51878" lon="-121.10174">
        <ele>57.0</ele>
      </trkpt>
      <trkpt lat="38.51821" lon="-121.10406">
        <ele>54.9</ele>
      </trkpt>
      <trkpt lat="38.53924" lon="-121.10401">
        <ele>60.7</ele>
      </trkpt>
      <trkpt lat="38.54289" lon="-121.10802">
        <ele>54.5</ele>
      </trkpt>
      <trkpt lat="38.54394" lon="-121.11005">
        <ele>50.7</ele>
      </trkpt>
      <trkpt lat="38.55035" lon="-121.11386">
        <ele>51.7</ele>
      </trkpt>
      <trkpt lat="38.55558" lon="-121.11631">
        <ele>55.2</ele>
      </trkpt>
      <trkpt lat="38.56274" lon="-121.1275">
        <ele>52.2</ele>
      </trkpt>
      <trkpt lat="38.56656" lon="-121.12926">
        <ele>65.3</ele>
      </trkpt>
      <trkpt lat="38.5679" lon="-121.13043">
        <ele>66.9</ele>
      </trkpt>
      <trkpt lat="38.57016" lon="-121.13052">
        <ele>69.7</ele>
      </trkpt>
      <trkpt lat="38.57694" lon="-121.12916">
        <ele>67.4</ele>
      </trkpt>
      <trkpt lat="38.58003" lon="-121.13025">
        <ele>64.8</ele>
      </trkpt>
      <trkpt lat="38.58659" lon="-121.13066">
        <ele>72.9</ele>
      </trkpt>
      <trkpt lat="38.59191" lon="-121.12925">
        <ele>82.9</ele>
      </trkpt>
      <trkpt lat="38.5935" lon="-121.1293">
        <ele>85.6</ele>
      </trkpt>
      <trkpt lat="38.59706" lon="-121.13109">
        <ele>91.5</ele>
      </trkpt>
      <trkpt lat="38.59796" lon="-121.13225">
        <ele>92.0</ele>
      </trkpt>
      <trkpt lat="38.59818" lon="-121.137">
        <ele>96.3</ele>
      </trkpt>
      <trkpt lat="38.60512" lon="-121.13697">
        <ele>96.8</ele>
      </trkpt>
      <trkpt lat="38.60521" lon="-121.14051">
        <ele>98.4</ele>
      </trkpt>
      <trkpt lat="38.60604" lon="-121.14159">
        <ele>99.1</ele>
      </trkpt>
      <trkpt lat="38.61731" lon="-121.14162">
        <ele>103.9</ele>
      </trkpt>
      <trkpt lat="38.61495" lon="-121.15037">
        <ele>93.7</ele>
      </trkpt>
      <trkpt lat="38.63292" lon="-121.15038">
        <ele>96.4</ele>
      </trkpt>
      <trkpt lat="38.63495" lon="-121.1517">
        <ele>94.6</ele>
      </trkpt>
      <trkpt lat="38.63644" lon="-121.15419">
        <ele>88.4</ele>
      </trkpt>
      <trkpt lat="38.63823" lon="-121.15555">
        <ele>82.8</ele>
      </trkpt>
      <trkpt lat="38.64363" lon="-121.15718">
        <ele>89.3</ele>
      </trkpt>
      <trkpt lat="38.64941" lon="-121.16288">
        <ele>85.4</ele>
      </trkpt>
      <trkpt lat="38.64786" lon="-121.16565">
        <ele>80.8</ele>
      </trkpt>
      <trkpt lat="38.64694" lon="-121.17049">
        <ele>71.1</ele>
      </trkpt>
      <trkpt lat="38.64345" lon="-121.1757">
        <ele>69.7</ele>
      </trkpt>
      <trkpt lat="38.64266" lon="-121.17867">
        <ele>69.5</ele>
      </trkpt>
      <trkpt lat="38.64177" lon="-121.18745">
        <ele>65.7</ele>
      </trkpt>
      <trkpt lat="38.64242" lon="-121.18898">
        <ele>62.0</ele>
      </trkpt>
      <trkpt lat="38.64428" lon="-121.19118">
        <ele>52.7</ele>
      </trkpt>
      <trkpt lat="38.645756" lon="-121.190127">
        <ele>50.7</ele>
      </trkpt>
      <trkpt lat="38.645193" lon="-121.193101">
        <ele>52.3</ele>
      </trkpt>
      <trkpt lat="38.643958" lon="-121.194372">
        <ele>53.0</ele>
      </trkpt>
      <trkpt lat="38.642716" lon="-121.196885">
        <ele>52.7</ele>
      </trkpt>
      <trkpt lat="38.641598" lon="-121.197587">
        <ele>50.3</ele>
      </trkpt>
      <trkpt lat="38.641393" lon="-121.199404">
        <ele>44.7</ele>
      </trkpt>
      <trkpt lat="38.640813" lon="-121.199757">
        <ele>43.6</ele>
      </trkpt>
      <trkpt lat="38.640684" lon="-121.201099">
        <ele>43.8</ele>
      </trkpt>
      <trkpt lat="38.639568" lon="-121.203293">
        <ele>40.7</ele>
      </trkpt>
      <trkpt lat="38.638943" lon="-121.203182">
        <ele>41.2</ele>
      </trkpt>
      <trkpt lat="38.638198" lon="-121.204205">
        <ele>40.5</ele>
      </trkpt>
      <trkpt lat="38.637643" lon="-121.207973">
        <ele>40.3</ele>
      </trkpt>
      <trkpt lat="38.637217" lon="-121.208418">
        <ele>41.1</ele>
      </trkpt>
      <trkpt lat="38.636001" lon="-121.208166">
        <ele>40.2</ele>
      </trkpt>
      <trkpt lat="38.635584" lon="-121.20873">
        <ele>42.2</ele>
      </trkpt>
      <trkpt lat="38.634522" lon="-121.211342">
        <ele>41.8</ele>
      </trkpt>
      <trkpt lat="38.634505" lon="-121.213789">
        <ele>39.7</ele>
      </trkpt>
      <trkpt lat="38.633696" lon="-121.216133">
        <ele>42.1</ele>
      </trkpt>
      <trkpt lat="38.633624" lon="-121.218646">
        <ele>40.7</ele>
      </trkpt>
      <trkpt lat="38.634551" lon="-121.220962">
        <ele>39.7</ele>
      </trkpt>
      <trkpt lat="38.634207" lon="-121.222353">
        <ele>38.2</ele>
      </trkpt>
      <trkpt lat="38.635613" lon="-121.224439">
        <ele>33.5</ele>
      </trkpt>
      <trkpt lat="38.635138" lon="-121.224674">
        <ele>35.3</ele>
      </trkpt>
      <trkpt lat="38.633639" lon="-121.223328">
        <ele>34.6</ele>
      </trkpt>
      <trkpt lat="38.632939" lon="-121.224264">
        <ele>37.5</ele>
      </trkpt>
      <trkpt lat="38.632116" lon="-121.229737">
        <ele>37.0</ele>
      </trkpt>
      <trkpt lat="38.631704" lon="-121.240668">
        <ele>31.4</ele>
      </trkpt>
      <trkpt lat="38.634067" lon="-121.250176">
        <ele>31.5</ele>
      </trkpt>
      <trkpt lat="38.63614" lon="-121.2522">
        <ele>28.5</ele>
      </trkpt>
      <trkpt lat="38.637152" lon="-121.254778">
        <ele>23.6</ele>
      </trkpt>
      <trkpt lat="38.637068" lon="-121.261285">
        <ele>23.7</ele>
      </trkpt>
      <trkpt lat="38.63573" lon="-121.264446">
        <ele>25.8</ele>
      </trkpt>
      <trkpt lat="38.633191" lon="-121.268528">
        <ele>27.3</ele>
      </trkpt>
      <trkpt lat="38.6321" lon="-121.269533">
        <ele>27.7</ele>
      </trkpt>
      <trkpt lat="38.631189" lon="-121.268055">
        <ele>28.8</ele>
      </trkpt>
      <trkpt lat="38.62833" lon="-121.271143">
        <ele>27.9</ele>
      </trkpt>
      <trkpt lat="38.627228" lon="-121.275332">
        <ele>27.9</ele>
      </trkpt>
      <trkpt lat="38.625294" lon="-121.275874">
        <ele>27.3</ele>
      </trkpt>
      <trkpt lat="38.624137" lon="-121.276973">
        <ele>26.9</ele>
      </trkpt>
      <trkpt lat="38.62399" lon="-121.27986">
        <ele>26.5</ele>
      </trkpt>
      <trkpt lat="38.622453" lon="-121.281942">
        <ele>25.7</ele>
      </trkpt>
      <trkpt lat="38.619957" lon="-121.283851">
        <ele>27.3</ele>
      </trkpt>
      <trkpt lat="38.620521" lon="-121.289276">
        <ele>28.5</ele>
      </trkpt>
      <trkpt lat="38.621552" lon="-121.289552">
        <ele>28.8</ele>
      </trkpt>
      <trkpt lat="38.623474" lon="-121.2921">
        <ele>26.5</ele>
      </trkpt>
      <trkpt lat="38.624223" lon="-121.295983">
        <ele>23.8</ele>
      </trkpt>
      <trkpt lat="38.623962" lon="-121.297779">
        <ele>23.0</ele>
      </trkpt>
      <trkpt lat="38.622649" lon="-121.299132">
        <ele>24.1</ele>
      </trkpt>
      <trkpt lat="38.620668" lon="-121.30295">
        <ele>23.2</ele>
      </trkpt>
      <trkpt lat="38.619667" lon="-121.303427">
        <ele>23.4</ele>
      </trkpt>
      <trkpt lat="38.619105" lon="-121.304474">
        <ele>22.8</ele>
      </trkpt>
      <trkpt lat="38.617553" lon="-121.304702">
        <ele>23.0</ele>
      </trkpt>
      <trkpt lat="38.61624" lon="-121.302903">
        <ele>22.7</ele>
      </trkpt>
      <trkpt lat="38.615098" lon="-121.302304">
        <ele>23.2</ele>
      </trkpt>
      <trkpt lat="38.61269" lon="-121.302808">
        <ele>23.0</ele>
      </trkpt>
      <trkpt lat="38.61032" lon="-121.304512">
        <ele>21.8</ele>
      </trkpt>
      <trkpt lat="38.607201" lon="-121.308285">
        <ele>22.8</ele>
      </trkpt>
      <trkpt lat="38.605105" lon="-121.311983">
        <ele>21.2</ele>
      </trkpt>
      <trkpt lat="38.603124" lon="-121.31442">
        <ele>21.7</ele>
      </trkpt>
      <trkpt lat="38.602364" lon="-121.31445">
        <ele>21.7</ele>
      </trkpt>
      <trkpt lat="38.601655" lon="-121.315394">
        <ele>21.7</ele>
      </trkpt>
      <trkpt lat="38.601075" lon="-121.319353">
        <ele>20.2</ele>
      </trkpt>
      <trkpt lat="38.599031" lon="-121.322502">
        <ele>16.8</ele>
      </trkpt>
      <trkpt lat="38.595127" lon="-121.322762">
        <ele>18.3</ele>
      </trkpt>
      <trkpt lat="38.591885" lon="-121.322038">
        <ele>18.4</ele>
      </trkpt>
      <trkpt lat="38.590775" lon="-121.322603">
        <ele>17.9</ele>
      </trkpt>
      <trkpt lat="38.590265" lon="-121.323323">
        <ele>17.8</ele>
      </trkpt>
      <trkpt lat="38.590385" lon="-121.324583">
        <ele>18.3</ele>
      </trkpt>
      <trkpt lat="38.592305" lon="-121.326343">
        <ele>14.2</ele>
      </trkpt>
      <trkpt lat="38.593775" lon="-121.329284">
        <ele>21.8</ele>
      </trkpt>
      <trkpt lat="38.591208" lon="-121.333056">
        <ele>19.3</ele>
      </trkpt>
      <trkpt lat="38.588755" lon="-121.333713">
        <ele>18.4</ele>
      </trkpt>
      <trkpt lat="38.586725" lon="-121.335017">
        <ele>17.5</ele>
      </trkpt>
      <trkpt lat="38.584228" lon="-121.334527">
        <ele>13.5</ele>
      </trkpt>
      <trkpt lat="38.581635" lon="-121.337933">
        <ele>12.5</ele>
      </trkpt>
      <trkpt lat="38.581515" lon="-121.338633">
        <ele>13.0</ele>
      </trkpt>
      <trkpt lat="38.582585" lon="-121.340773">
        <ele>15.7</ele>
      </trkpt>
      <trkpt lat="38.581424" lon="-121.343954">
        <ele>18.8</ele>
      </trkpt>
      <trkpt lat="38.578075" lon="-121.347873">
        <ele>15.7</ele>
      </trkpt>
      <trkpt lat="38.576865" lon="-121.353478">
        <ele>17.1</ele>
      </trkpt>
      <trkpt lat="38.573785" lon="-121.358613">
        <ele>13.7</ele>
      </trkpt>
      <trkpt lat="38.571745" lon="-121.364333">
        <ele>14.1</ele>
      </trkpt>
      <trkpt lat="38.570045" lon="-121.368044">
        <ele>13.6</ele>
      </trkpt>
      <trkpt lat="38.569235" lon="-121.368693">
        <ele>14.0</ele>
      </trkpt>
      <trkpt lat="38.56943" lon="-121.374339">
        <ele>13.8</ele>
      </trkpt>
      <trkpt lat="38.567381" lon="-121.383426">
        <ele>13.2</ele>
      </trkpt>
      <trkpt lat="38.567881" lon="-121.386988">
        <ele>13.6</ele>
      </trkpt>
      <trkpt lat="38.564515" lon="-121.394343">
        <ele>12.0</ele>
      </trkpt>
      <trkpt lat="38.561085" lon="-121.407184">
        <ele>9.9</ele>
      </trkpt>
      <trkpt lat="38.560565" lon="-121.411353">
        <ele>11.6</ele>
      </trkpt>
      <trkpt lat="38.560695" lon="-121.415043">
        <ele>11.2</ele>
      </trkpt>
      <trkpt lat="38.561395" lon="-121.418223">
        <ele>11.1</ele>
      </trkpt>
      <trkpt lat="38.562715" lon="-121.419373">
        <ele>11.9</ele>
      </trkpt>
      <trkpt lat="38.569287" lon="-121.421666">
        <ele>11.4</ele>
      </trkpt>
      <trkpt lat="38.581062" lon="-121.417851">
        <ele>11.3</ele>
      </trkpt>
      <trkpt lat="38.582632" lon="-121.418721">
        <ele>11.2</ele>
      </trkpt>
      <trkpt lat="38.584845" lon="-121.421753">
        <ele>13.8</ele>
      </trkpt>
      <trkpt lat="38.585035" lon="-121.422754">
        <ele>10.9</ele>
      </trkpt>
      <trkpt lat="38.584028" lon="-121.426919">
        <ele>12.1</ele>
      </trkpt>
      <trkpt lat="38.584147" lon="-121.429239">
        <ele>11.3</ele>
      </trkpt>
      <trkpt lat="38.583528" lon="-121.431024">
        <ele>11.4</ele>
      </trkpt>
      <trkpt lat="38.584123" lon="-121.436288">
        <ele>10.9</ele>
      </trkpt>
      <trkpt lat="38.587568" lon="-121.444372">
        <ele>9.7</ele>
      </trkpt>
      <trkpt lat="38.589745" lon="-121.446508">
        <ele>9.1</ele>
      </trkpt>
      <trkpt lat="38.591232" lon="-121.44602">
        <ele>9.3</ele>
      </trkpt>
      <trkpt lat="38.593725" lon="-121.449503">
        <ele>9.7</ele>
      </trkpt>
      <trkpt lat="38.595965" lon="-121.449553">
        <ele>14.2</ele>
      </trkpt>
      <trkpt lat="38.596163" lon="-121.455058">
        <ele>10.2</ele>
      </trkpt>
      <trkpt lat="38.594481" lon="-121.461368">
        <ele>8.9</ele>
      </trkpt>
      <trkpt lat="38.594705" lon="-121.464895">
        <ele>8.3</ele>
      </trkpt>
      <trkpt lat="38.596085" lon="-121.467541">
        <ele>8.1</ele>
      </trkpt>
      <trkpt lat="38.599565" lon="-121.471543">
        <ele>7.9</ele>
      </trkpt>
      <trkpt lat="38.602205" lon="-121.473434">
        <ele>7.6</ele>
      </trkpt>
      <trkpt lat="38.604185" lon="-121.472983">
        <ele>7.1</ele>
      </trkpt>
      <trkpt lat="38.604485" lon="-121.477333">
        <ele>7.5</ele>
      </trkpt>
      <trkpt lat="38.605125" lon="-121.477853">
        <ele>7.5</ele>
      </trkpt>
      <trkpt lat="38.607045" lon="-121.482953">
        <ele>5.9</ele>
      </trkpt>
      <trkpt lat="38.607795" lon="-121.490973">
        <ele>6.5</ele>
      </trkpt>
      <trkpt lat="38.606861" lon="-121.492399">
        <ele>7.4</ele>
      </trkpt>
      <trkpt lat="38.604276" lon="-121.492542">
        <ele>7.7</ele>
      </trkpt>
      <trkpt lat="38.603491" lon="-121.496047">
        <ele>8.1</ele>
      </trkpt>
      <trkpt lat="38.604805" lon="-121.497893">
        <ele>6.4</ele>
      </trkpt>
      <trkpt lat="38.604805" lon="-121.500615">
        <ele>6.9</ele>
      </trkpt>
      <trkpt lat="38.603458" lon="-121.502804">
        <ele>7.4</ele>
      </trkpt>
      <trkpt lat="38.603035" lon="-121.504923">
        <ele>8.0</ele>
      </trkpt>
      <trkpt lat="38.601274" lon="-121.505241">
        <ele>7.9</ele>
      </trkpt>
      <trkpt lat="38.601145" lon="-121.506502">
        <ele>7.9</ele>
      </trkpt>
      <trkpt lat="38.600403" lon="-121.507325">
        <ele>7.4</ele>
      </trkpt>
      <trkpt lat="38.601079" lon="-121.508053">
        <ele>7.6</ele>
      </trkpt>
      <trkpt lat="38.598775" lon="-121.50515">
        <ele>12.5</ele>
      </trkpt>
      <trkpt lat="38.596424" lon="-121.506926">
        <ele>12.7</ele>
      </trkpt>
      <trkpt lat="38.591215" lon="-121.505363">
        <ele>12.5</ele>
      </trkpt>
      <trkpt lat="38.586802" lon="-121.504937">
        <ele>10.8</ele>
      </trkpt>
      <trkpt lat="38.580301" lon="-121.507188">
        <ele>9.3</ele>
      </trkpt>
      <trkpt lat="38.58203" lon="-121.514624">
        <ele>5.7</ele>
      </trkpt>
      <trkpt lat="38.580974" lon="-121.518145">
        <ele>5.2</ele>
      </trkpt>
      <trkpt lat="38.581944" lon="-121.518697">
        <ele>7.1</ele>
      </trkpt>
      <trkpt lat="38.582192" lon="-121.519497">
        <ele>7.3</ele>
      </trkpt>
      <trkpt lat="38.580485" lon="-121.527553">
        <ele>7.2</ele>
      </trkpt>
      <trkpt lat="38.578195" lon="-121.566824">
        <ele>4.0</ele>
      </trkpt>
      <trkpt lat="38.573622" lon="-121.582832">
        <ele>8.8</ele>
      </trkpt>
      <trkpt lat="38.563692" lon="-121.638133">
        <ele>6.3</ele>
      </trkpt>
      <trkpt lat="38.565594" lon="-121.638609">
        <ele>8.0</ele>
      </trkpt>
      <trkpt lat="38.559435" lon="-121.666163">
        <ele>8.3</ele>
      </trkpt>
      <trkpt lat="38.557665" lon="-121.675103">
        <ele>9.8</ele>
      </trkpt>
      <trkpt lat="38.557995" lon="-121.675643">
        <ele>9.6</ele>
      </trkpt>
      <trkpt lat="38.555121" lon="-121.688478">
        <ele>10.4</ele>
      </trkpt>
      <trkpt lat="38.555211" lon="-121.690258">
        <ele>10.4</ele>
      </trkpt>
      <trkpt lat="38.556461" lon="-121.692738">
        <ele>8.9</ele>
      </trkpt>
      <trkpt lat="38.556545" lon="-121.695163">
        <ele>9.5</ele>
      </trkpt>
      <trkpt lat="38.556065" lon="-121.696273">
        <ele>10.0</ele>
      </trkpt>
      <trkpt lat="38.553625" lon="-121.697744">
        <ele>9.9</ele>
      </trkpt>
      <trkpt lat="38.552675" lon="-121.699253">
        <ele>11.2</ele>
      </trkpt>
      <trkpt lat="38.544805" lon="-121.733403">
        <ele>14.5</ele>
      </trkpt>
      <trkpt lat="38.545905" lon="-121.733723">
        <ele>13.9</ele>
      </trkpt>
      <trkpt lat="38.543535" lon="-121.747267">
        <ele>16.2</ele>
      </trkpt>
      <trkpt lat="38.546038" lon="-121.747873">
        <ele>15.3</ele>
      </trkpt>
      <trkpt lat="38.547096" lon="-121.821861">
        <ele>22.3</ele>
      </trkpt>
      <trkpt lat="38.546713" lon="-121.854379">
        <ele>26.9</ele>
      </trkpt>
      <trkpt lat="38.547479" lon="-121.855907">
        <ele>27.0</ele>
      </trkpt>
      <trkpt lat="38.546221" lon="-121.856065">
        <ele>26.7</ele>
      </trkpt>
      <trkpt lat="38.544695" lon="-121.854614">
        <ele>27.9</ele>
      </trkpt>
      <trkpt lat="38.536565" lon="-121.851093">
        <ele>26.7</ele>
      </trkpt>
      <trkpt lat="38.536055" lon="-121.849373">
        <ele>26.7</ele>
      </trkpt>
      <trkpt lat="38.530335" lon="-121.850483">
        <ele>26.1</ele>
      </trkpt>
      <trkpt lat="38.530465" lon="-121.886153">
        <ele>30.4</ele>
      </trkpt>
      <trkpt lat="38.528235" lon="-121.899773">
        <ele>32.4</ele>
      </trkpt>
      <trkpt lat="38.521185" lon="-121.920174">
        <ele>35.3</ele>
      </trkpt>
      <trkpt lat="38.529275" lon="-121.924734">
        <ele>34.3</ele>
      </trkpt>
      <trkpt lat="38.530865" lon="-121.932643">
        <ele>35.8</ele>
      </trkpt>
      <trkpt lat="38.529265" lon="-121.943123">
        <ele>37.5</ele>
      </trkpt>
      <trkpt lat="38.526445" lon="-121.948223">
        <ele>37.1</ele>
      </trkpt>
      <trkpt lat="38.521125" lon="-121.965243">
        <ele>38.9</ele>
      </trkpt>
      <trkpt lat="38.519885" lon="-121.967073">
        <ele>40.4</ele>
      </trkpt>
      <trkpt lat="38.516045" lon="-121.968913">
        <ele>40.9</ele>
      </trkpt>
      <trkpt lat="38.513525" lon="-121.972943">
        <ele>42.2</ele>
      </trkpt>
      <trkpt lat="38.510225" lon="-121.970764">
        <ele>41.9</ele>
      </trkpt>
      <trkpt lat="38.509455" lon="-121.970934">
        <ele>42.2</ele>
      </trkpt>
      <trkpt lat="38.506685" lon="-121.976413">
        <ele>42.2</ele>
      </trkpt>
      <trkpt lat="38.505905" lon="-121.977104">
        <ele>42.0</ele>
      </trkpt>
      <trkpt lat="38.505245" lon="-121.979453">
        <ele>42.1</ele>
      </trkpt>
      <trkpt lat="38.503565" lon="-121.982383">
        <ele>42.2</ele>
      </trkpt>
      <trkpt lat="38.500085" lon="-121.980784">
        <ele>42.6</ele>
      </trkpt>
      <trkpt lat="38.499355" lon="-121.981003">
        <ele>42.7</ele>
      </trkpt>
      <trkpt lat="38.492245" lon="-122.006433">
        <ele>48.9</ele>
      </trkpt>
      <trkpt lat="38.490915" lon="-122.009513">
        <ele>46.1</ele>
      </trkpt>
      <trkpt lat="38.489085" lon="-122.011684">
        <ele>34.9</ele>
      </trkpt>
      <trkpt lat="38.487775" lon="-122.016823">
        <ele>53.7</ele>
      </trkpt>
      <trkpt lat="38.486565" lon="-122.017963">
        <ele>50.7</ele>
      </trkpt>
      <trkpt lat="38.483785" lon="-122.019303">
        <ele>54.3</ele>
      </trkpt>
      <trkpt lat="38.482605" lon="-122.020873">
        <ele>53.9</ele>
      </trkpt>
      <trkpt lat="38.480995" lon="-122.030083">
        <ele>58.6</ele>
      </trkpt>
      <trkpt lat="38.478335" lon="-122.030533">
        <ele>58.8</ele>
      </trkpt>
      <trkpt lat="38.477023" lon="-122.029323">
        <ele>49.5</ele>
      </trkpt>
      <trkpt lat="38.475967" lon="-122.02908">
        <ele>49.4</ele>
      </trkpt>
      <trkpt lat="38.472285" lon="-122.030263">
        <ele>64.2</ele>
      </trkpt>
      <trkpt lat="38.471535" lon="-122.031413">
        <ele>63.8</ele>
      </trkpt>
      <trkpt lat="38.469695" lon="-122.031654">
        <ele>66.6</ele>
      </trkpt>
      <trkpt lat="38.469975" lon="-122.043703">
        <ele>68.5</ele>
      </trkpt>
      <trkpt lat="38.467395" lon="-122.047003">
        <ele>73.2</ele>
      </trkpt>
      <trkpt lat="38.467385" lon="-122.049683">
        <ele>76.0</ele>
      </trkpt>
      <trkpt lat="38.465915" lon="-122.049933">
        <ele>75.8</ele>
      </trkpt>
      <trkpt lat="38.460225" lon="-122.055393">
        <ele>91.7</ele>
      </trkpt>
      <trkpt lat="38.457475" lon="-122.056663">
        <ele>91.2</ele>
      </trkpt>
      <trkpt lat="38.451535" lon="-122.056433">
        <ele>93.2</ele>
      </trkpt>
      <trkpt lat="38.449475" lon="-122.054733">
        <ele>93.1</ele>
      </trkpt>
      <trkpt lat="38.446835" lon="-122.055024">
        <ele>95.0</ele>
      </trkpt>
      <trkpt lat="38.441395" lon="-122.053373">
        <ele>105.7</ele>
      </trkpt>
      <trkpt lat="38.436655" lon="-122.052633">
        <ele>108.0</ele>
      </trkpt>
      <trkpt lat="38.433495" lon="-122.050203">
        <ele>121.0</ele>
      </trkpt>
      <trkpt lat="38.431195" lon="-122.049963">
        <ele>127.0</ele>
      </trkpt>
      <trkpt lat="38.416785" lon="-122.042633">
        <ele>119.1</ele>
      </trkpt>
      <trkpt lat="38.415085" lon="-122.042623">
        <ele>118.9</ele>
      </trkpt>
      <trkpt lat="38.413885" lon="-122.043323">
        <ele>118.1</ele>
      </trkpt>
      <trkpt lat="38.410715" lon="-122.042304">
        <ele>123.3</ele>
      </trkpt>
      <trkpt lat="38.405165" lon="-122.042683">
        <ele>112.2</ele>
      </trkpt>
      <trkpt lat="38.401665" lon="-122.042063">
        <ele>112.9</ele>
      </trkpt>
      <trkpt lat="38.400065" lon="-122.040874">
        <ele>107.0</ele>
      </trkpt>
      <trkpt lat="38.395365" lon="-122.039113">
        <ele>105.9</ele>
      </trkpt>
      <trkpt lat="38.394035" lon="-122.037783">
        <ele>106.7</ele>
      </trkpt>
      <trkpt lat="38.389905" lon="-122.036024">
        <ele>100.7</ele>
      </trkpt>
      <trkpt lat="38.388825" lon="-122.034393">
        <ele>96.7</ele>
      </trkpt>
      <trkpt lat="38.386285" lon="-122.033174">
        <ele>94.1</ele>
      </trkpt>
      <trkpt lat="38.380965" lon="-122.028803">
        <ele>85.3</ele>
      </trkpt>
      <trkpt lat="38.375015" lon="-122.024844">
        <ele>81.8</ele>
      </trkpt>
      <trkpt lat="38.372315" lon="-122.024754">
        <ele>79.7</ele>
      </trkpt>
      <trkpt lat="38.370725" lon="-122.024073">
        <ele>89.2</ele>
      </trkpt>
      <trkpt lat="38.361895" lon="-122.023044">
        <ele>75.8</ele>
      </trkpt>
      <trkpt lat="38.359364" lon="-122.024567">
        <ele>75.2</ele>
      </trkpt>
      <trkpt lat="38.336195" lon="-122.024733">
        <ele>74.2</ele>
      </trkpt>
      <trkpt lat="38.335205" lon="-122.027693">
        <ele>75.7</ele>
      </trkpt>
      <trkpt lat="38.334615" lon="-122.028023">
        <ele>76.0</ele>
      </trkpt>
      <trkpt lat="38.330095" lon="-122.025893">
        <ele>75.6</ele>
      </trkpt>
      <trkpt lat="38.326085" lon="-122.025904">
        <ele>82.7</ele>
      </trkpt>
      <trkpt lat="38.324365" lon="-122.025123">
        <ele>79.5</ele>
      </trkpt>
      <trkpt lat="38.316145" lon="-122.031924">
        <ele>88.6</ele>
      </trkpt>
      <trkpt lat="38.312555" lon="-122.033524">
        <ele>90.0</ele>
      </trkpt>
      <trkpt lat="38.303965" lon="-122.034253">
        <ele>54.7</ele>
      </trkpt>
      <trkpt lat="38.302615" lon="-122.035083">
        <ele>61.4</ele>
      </trkpt>
      <trkpt lat="38.301085" lon="-122.034643">
        <ele>63.5</ele>
      </trkpt>
      <trkpt lat="38.299415" lon="-122.036263">
        <ele>56.2</ele>
      </trkpt>
      <trkpt lat="38.297755" lon="-122.036973">
        <ele>56.2</ele>
      </trkpt>
      <trkpt lat="38.296195" lon="-122.036173">
        <ele>54.1</ele>
      </trkpt>
      <trkpt lat="38.294823" lon="-122.036393">
        <ele>54.7</ele>
      </trkpt>
      <trkpt lat="38.292915" lon="-122.034893">
        <ele>45.8</ele>
      </trkpt>
      <trkpt lat="38.291755" lon="-122.035144">
        <ele>42.9</ele>
      </trkpt>
      <trkpt lat="38.290945" lon="-122.036453">
        <ele>48.2</ele>
      </trkpt>
      <trkpt lat="38.290665" lon="-122.039524">
        <ele>53.5</ele>
      </trkpt>
      <trkpt lat="38.289565" lon="-122.042623">
        <ele>43.8</ele>
      </trkpt>
      <trkpt lat="38.288865" lon="-122.048523">
        <ele>66.3</ele>
      </trkpt>
      <trkpt lat="38.288285" lon="-122.049673">
        <ele>71.5</ele>
      </trkpt>
      <trkpt lat="38.28578" lon="-122.050414">
        <ele>63.8</ele>
      </trkpt>
      <trkpt lat="38.281384" lon="-122.054321">
        <ele>48.2</ele>
      </trkpt>
      <trkpt lat="38.275985" lon="-122.052334">
        <ele>50.4</ele>
      </trkpt>
      <trkpt lat="38.273275" lon="-122.052523">
        <ele>33.8</ele>
      </trkpt>
      <trkpt lat="38.270535" lon="-122.056783">
        <ele>24.7</ele>
      </trkpt>
      <trkpt lat="38.269445" lon="-122.062073">
        <ele>20.9</ele>
      </trkpt>
      <trkpt lat="38.269275" lon="-122.076253">
        <ele>22.7</ele>
      </trkpt>
      <trkpt lat="38.270765" lon="-122.085284">
        <ele>21.1</ele>
      </trkpt>
      <trkpt lat="38.272175" lon="-122.092583">
        <ele>22.4</ele>
      </trkpt>
      <trkpt lat="38.275547" lon="-122.092639">
        <ele>24.5</ele>
      </trkpt>
      <trkpt lat="38.276544" lon="-122.093387">
        <ele>26.3</ele>
      </trkpt>
      <trkpt lat="38.27883" lon="-122.101977">
        <ele>28.0</ele>
      </trkpt>
      <trkpt lat="38.274165" lon="-122.104313">
        <ele>25.2</ele>
      </trkpt>
      <trkpt lat="38.27137" lon="-122.111934">
        <ele>29.0</ele>
      </trkpt>
      <trkpt lat="38.262875" lon="-122.113834">
        <ele>22.2</ele>
      </trkpt>
      <trkpt lat="38.254115" lon="-122.119953">
        <ele>22.0</ele>
      </trkpt>
      <trkpt lat="38.248365" lon="-122.120573">
        <ele>20.7</ele>
      </trkpt>
      <trkpt lat="38.237875" lon="-122.124793">
        <ele>15.2</ele>
      </trkpt>
      <trkpt lat="38.228372" lon="-122.129403">
        <ele>10.6</ele>
      </trkpt>
      <trkpt lat="38.223835" lon="-122.129813">
        <ele>7.4</ele>
      </trkpt>
      <trkpt lat="38.220775" lon="-122.127073">
        <ele>5.3</ele>
      </trkpt>
      <trkpt lat="38.219945" lon="-122.127343">
        <ele>5.2</ele>
      </trkpt>
      <trkpt lat="38.217165" lon="-122.130393">
        <ele>4.1</ele>
      </trkpt>
      <trkpt lat="38.212325" lon="-122.128375">
        <ele>2.3</ele>
      </trkpt>
      <trkpt lat="38.211405" lon="-122.130783">
        <ele>3.2</ele>
      </trkpt>
      <trkpt lat="38.210015" lon="-122.138453">
        <ele>9.4</ele>
      </trkpt>
      <trkpt lat="38.200775" lon="-122.138493">
        <ele>11.2</ele>
      </trkpt>
      <trkpt lat="38.199525" lon="-122.139203">
        <ele>11.9</ele>
      </trkpt>
      <trkpt lat="38.198115" lon="-122.140923">
        <ele>13.6</ele>
      </trkpt>
      <trkpt lat="38.1971" lon="-122.1412">
        <ele>14.0</ele>
      </trkpt>
      <trkpt lat="38.19858" lon="-122.14727">
        <ele>19.7</ele>
      </trkpt>
      <trkpt lat="38.19886" lon="-122.15187">
        <ele>26.1</ele>
      </trkpt>
      <trkpt lat="38.20149" lon="-122.15623">
        <ele>48.3</ele>
      </trkpt>
      <trkpt lat="38.19801" lon="-122.16097">
        <ele>60.6</ele>
      </trkpt>
      <trkpt lat="38.1886" lon="-122.17054">
        <ele>87.4</ele>
      </trkpt>
      <trkpt lat="38.18669" lon="-122.17395">
        <ele>82.5</ele>
      </trkpt>
      <trkpt lat="38.18528" lon="-122.17904">
        <ele>81.7</ele>
      </trkpt>
      <trkpt lat="38.18417" lon="-122.18133">
        <ele>89.2</ele>
      </trkpt>
      <trkpt lat="38.17797" lon="-122.18954">
        <ele>110.8</ele>
      </trkpt>
      <trkpt lat="38.17411" lon="-122.19301">
        <ele>121.3</ele>
      </trkpt>
      <trkpt lat="38.168871" lon="-122.199121">
        <ele>143.4</ele>
      </trkpt>
      <trkpt lat="38.16789" lon="-122.20145">
        <ele>135.5</ele>
      </trkpt>
      <trkpt lat="38.16383" lon="-122.2077">
        <ele>130.4</ele>
      </trkpt>
      <trkpt lat="38.162013" lon="-122.209468">
        <ele>114.0</ele>
      </trkpt>
      <trkpt lat="38.153566" lon="-122.215035">
        <ele>138.3</ele>
      </trkpt>
      <trkpt lat="38.150152" lon="-122.21613">
        <ele>125.3</ele>
      </trkpt>
      <trkpt lat="38.145452" lon="-122.21612">
        <ele>92.8</ele>
      </trkpt>
      <trkpt lat="38.142345" lon="-122.216815">
        <ele>64.5</ele>
      </trkpt>
      <trkpt lat="38.139856" lon="-122.218501">
        <ele>80.2</ele>
      </trkpt>
      <trkpt lat="38.138565" lon="-122.218421">
        <ele>51.6</ele>
      </trkpt>
      <trkpt lat="38.137909" lon="-122.216753">
        <ele>42.2</ele>
      </trkpt>
      <trkpt lat="38.137854" lon="-122.213338">
        <ele>45.0</ele>
      </trkpt>
      <trkpt lat="38.13608" lon="-122.20327">
        <ele>71.2</ele>
      </trkpt>
      <trkpt lat="38.13177" lon="-122.19541">
        <ele>116.5</ele>
      </trkpt>
      <trkpt lat="38.12815" lon="-122.19225">
        <ele>118.9</ele>
      </trkpt>
      <trkpt lat="38.126087" lon="-122.191479">
        <ele>108.0</ele>
      </trkpt>
      <trkpt lat="38.12504" lon="-122.191336">
        <ele>102.4</ele>
      </trkpt>
      <trkpt lat="38.122946" lon="-122.192431">
        <ele>90.0</ele>
      </trkpt>
      <trkpt lat="38.120542" lon="-122.19274">
        <ele>110.2</ele>
      </trkpt>
      <trkpt lat="38.119043" lon="-122.193763">
        <ele>80.0</ele>
      </trkpt>
      <trkpt lat="38.11614" lon="-122.193787">
        <ele>93.5</ele>
      </trkpt>
      <trkpt lat="38.112135" lon="-122.198383">
        <ele>86.2</ele>
      </trkpt>
      <trkpt lat="38.111425" lon="-122.201864">
        <ele>103.7</ele>
      </trkpt>
      <trkpt lat="38.110315" lon="-122.203013">
        <ele>89.0</ele>
      </trkpt>
      <trkpt lat="38.105488" lon="-122.20348">
        <ele>42.3</ele>
      </trkpt>
      <trkpt lat="38.100465" lon="-122.200434">
        <ele>40.0</ele>
      </trkpt>
      <trkpt lat="38.099605" lon="-122.202783">
        <ele>45.2</ele>
      </trkpt>
      <trkpt lat="38.100085" lon="-122.205343">
        <ele>55.1</ele>
      </trkpt>
      <trkpt lat="38.099945" lon="-122.224213">
        <ele>13.7</ele>
      </trkpt>
      <trkpt lat="38.100775" lon="-122.227924">
        <ele>15.0</ele>
      </trkpt>
      <trkpt lat="38.1012" lon="-122.262388">
        <ele>2.8</ele>
      </trkpt>
      <trkpt lat="38.099873" lon="-122.265185">
        <ele>0.0</ele>
      </trkpt>
      <trkpt lat="38.096645" lon="-122.262754">
        <ele>0.0</ele>
      </trkpt>
      <trkpt lat="38.094205" lon="-122.260033">
        <ele>0.0</ele>
      </trkpt>
      <trkpt lat="38.083715" lon="-122.250934">
        <ele>0.0</ele>
      </trkpt>
      <trkpt lat="38.076015" lon="-122.244973">
        <ele>0.0</ele>
      </trkpt>
      <trkpt lat="38.074835" lon="-122.244654">
        <ele>0.0</ele>
      </trkpt>
      <trkpt lat="38.063925" lon="-122.245493">
        <ele>0.0</ele>
      </trkpt>
      <trkpt lat="38.059925" lon="-122.265363">
        <ele>0.0</ele>
      </trkpt>
      <trkpt lat="38.056275" lon="-122.276123">
        <ele>0.0</ele>
      </trkpt>
      <trkpt lat="38.038925" lon="-122.339563">
        <ele>0.0</ele>
      </trkpt>
      <trkpt lat="38.037505" lon="-122.348354">
        <ele>0.0</ele>
      </trkpt>
      <trkpt lat="38.030235" lon="-122.380833">
        <ele>0.0</ele>
      </trkpt>
      <trkpt lat="38.027045" lon="-122.392843">
        <ele>0.0</ele>
      </trkpt>
      <trkpt lat="37.986205" lon="-122.430483">
        <ele>0.0</ele>
      </trkpt>
      <trkpt lat="37.973925" lon="-122.441593">
        <ele>0.0</ele>
      </trkpt>
      <trkpt lat="37.960625" lon="-122.441484">
        <ele>0.0</ele>
      </trkpt>
      <trkpt lat="37.957425" lon="-122.440993">
        <ele>0.0</ele>
      </trkpt>
      <trkpt lat="37.936825" lon="-122.434983">
        <ele>0.0</ele>
      </trkpt>
      <trkpt lat="37.929745" lon="-122.432264">
        <ele>0.0</ele>
      </trkpt>
      <trkpt lat="37.894335" lon="-122.425833">
        <ele>0.0</ele>
      </trkpt>
      <trkpt lat="37.881585" lon="-122.422193">
        <ele>0.0</ele>
      </trkpt>
      <trkpt lat="37.870115" lon="-122.419613">
        <ele>0.0</ele>
      </trkpt>
      <trkpt lat="37.823765" lon="-122.411233">
        <ele>0.0</ele>
      </trkpt>
      <trkpt lat="37.803385" lon="-122.391694">
        <ele>0.0</ele>
      </trkpt>
      <trkpt lat="37.801815" lon="-122.390853">
        <ele>0.0</ele>
      </trkpt>
      <trkpt lat="37.799835" lon="-122.390863">
        <ele>0.0</ele>
      </trkpt>
      <trkpt lat="37.797735" lon="-122.392293">
        <ele>0.0</ele>
      </trkpt>
      <trkpt lat="37.796425" lon="-122.394953">
        <ele>2.7</ele>
      </trkpt>
      <trkpt lat="37.804135" lon="-122.401883">
        <ele>3.3</ele>
      </trkpt>
      <trkpt lat="37.807454" lon="-122.407329">
        <ele>4.0</ele>
      </trkpt>
      <trkpt lat="37.805085" lon="-122.425383">
        <ele>20.8</ele>
      </trkpt>
      <trkpt lat="37.808025" lon="-122.426653">
        <ele>3.2</ele>
      </trkpt>
      <trkpt lat="37.808185" lon="-122.428273">
        <ele>6.5</ele>
      </trkpt>
      <trkpt lat="37.807562" lon="-122.429307">
        <ele>17.5</ele>
      </trkpt>
      <trkpt lat="37.805579" lon="-122.430115">
        <ele>19.1</ele>
      </trkpt>
      <trkpt lat="37.805084" lon="-122.431381">
        <ele>12.8</ele>
      </trkpt>
      <trkpt lat="37.8052" lon="-122.433845">
        <ele>4.8</ele>
      </trkpt>
      <trkpt lat="37.806587" lon="-122.436597">
        <ele>3.5</ele>
      </trkpt>
      <trkpt lat="37.803568" lon="-122.459802">
        <ele>3.3</ele>
      </trkpt>
      <trkpt lat="37.802942" lon="-122.461237">
        <ele>3.6</ele>
      </trkpt>
      <trkpt lat="37.803727" lon="-122.467383">
        <ele>3.7</ele>
      </trkpt>
      <trkpt lat="37.806272" lon="-122.468769">
        <ele>3.5</ele>
      </trkpt>
      <trkpt lat="37.808368" lon="-122.471084">
        <ele>4.0</ele>
      </trkpt>
      <trkpt lat="37.80591" lon="-122.469998">
        <ele>26.6</ele>
      </trkpt>
      <trkpt lat="37.80776" lon="-122.472649">
        <ele>38.5</ele>
      </trkpt>
      <trkpt lat="37.808243" lon="-122.475176">
        <ele>43.3</ele>
      </trkpt>
    </trkseg>
  </trk>
</gpx>
